datetime,low,open,close,high,volume
2007-01-03 00:00:00+00:00,98.31002937372226,99.48496087189567,98.86951446533203,99.91157519071928,94807600
2007-01-04 00:00:00+00:00,98.33795005949938,98.77155398956457,99.07927703857422,99.34503979389868,69620600
2007-01-05 00:00:00+00:00,98.17708040879211,98.84147650176517,98.28897094726562,98.89042661144357,76645300
2007-01-08 00:00:00+00:00,98.0862000255484,98.48484424957226,98.74360656738281,98.89746812702454,71655000
2007-01-09 00:00:00+00:00,98.19105250443855,98.82747858171668,98.65963745117188,99.03030084310619,75680100
2007-01-10 00:00:00+00:00,98.12121017033631,98.31703211241205,98.98841857910156,99.00940941071262,72428000
2007-01-11 00:00:00+00:00,98.96046553151699,99.01641619190247,99.42205047607422,99.74375343391911,54476800
2007-01-12 00:00:00+00:00,99.3870116382981,99.41498161350931,100.17729949951172,100.17729949951172,55370600
2007-01-16 00:00:00+00:00,99.82064426169102,100.05843714092435,99.98150634765625,100.31719950396568,44871300
2007-01-17 00:00:00+00:00,99.82063800433045,99.90456929176625,100.0234603881836,100.33118354196606,50241400
2007-01-18 00:00:00+00:00,99.52690037339391,100.12835632544167,99.68775177001953,100.19129678436146,68177300
2007-01-19 00:00:00+00:00,99.63180295465925,99.68774290995486,99.88357543945312,100.0793972974605,56973000
2007-01-22 00:00:00+00:00,99.26115064946629,100.05843925371254,99.57587432861328,100.07941940945656,60253600
2007-01-23 00:00:00+00:00,99.35206302572851,99.4919342755398,99.86959838867188,100.06542027270616,54064400
2007-01-24 00:00:00+00:00,99.9465293686622,99.98848967653691,100.67386627197266,100.69484642591001,55834700
2007-01-25 00:00:00+00:00,99.31708638130026,100.61091937261094,99.49192810058594,100.65287967780084,73583800
2007-01-26 00:00:00+00:00,99.01633952453723,99.70871640527257,99.40099334716797,99.764656350847,67255600
2007-01-29 00:00:00+00:00,99.12826024180775,99.44297318709208,99.34506225585938,99.86958738849697,66114600
2007-01-30 00:00:00+00:00,99.35209011886553,99.55491255716971,99.86262512207031,99.91158594217657,70407600
2007-01-31 00:00:00+00:00,99.58984695422907,99.75070903223494,100.53399658203125,100.79975943135179,91868600
2007-02-01 00:00:00+00:00,100.64592033073133,100.81376160232057,101.1354751586914,101.17044564743746,69312400
2007-02-02 00:00:00+00:00,100.9746145206972,101.2193865766389,101.27533721923828,101.37324817591374,49607000
2007-02-05 00:00:00+00:00,100.94660740166694,101.19837989161802,101.30329132080078,101.36623177541577,45705300
2007-02-06 00:00:00+00:00,100.93957136006117,101.3871655071009,101.33121490478516,101.42912579096615,57081300
2007-02-07 00:00:00+00:00,101.1074669992506,101.49211021575726,101.55506134033203,101.65996209547187,55669700
2007-02-08 00:00:00+00:00,100.89760951623553,101.25428259506195,101.42213439941406,101.49206464761288,70641000
2007-02-09 00:00:00+00:00,100.28221620002573,101.45015760559569,100.6668701171875,101.6389896506554,79084400
2007-02-12 00:00:00+00:00,100.14231858680783,100.66684360712718,100.32415008544922,100.73677387360978,65657000
2007-02-13 00:00:00+00:00,100.54095843026006,100.54795892739455,101.17039489746094,101.3382360848562,64081800
2007-02-14 00:00:00+00:00,101.25437809386715,101.26836842529642,101.83485412597656,102.03766590996847,66039400
2007-02-15 00:00:00+00:00,101.7089545715604,101.87680652116181,101.96772766113281,102.07262845994913,38715200
2007-02-16 00:00:00+00:00,101.5690634584451,101.7159352196169,101.91874694824219,101.93972710391056,39841800
2007-02-20 00:00:00+00:00,101.40822962200852,101.79987349104051,102.13556671142578,102.24746800871922,56911800
2007-02-21 00:00:00+00:00,101.65299583748374,101.83482741238123,102.09358978271484,102.156540921885,63971600
2007-02-22 00:00:00+00:00,101.5270850453405,102.14253129253025,102.01663970947266,102.40129361396625,79067400
2007-02-23 00:00:00+00:00,101.42923273239694,101.92578818181117,101.6180648803711,101.96074800756779,71966200
2007-02-26 00:00:00+00:00,101.23338959072451,101.98870735322438,101.5271224975586,102.07262799189262,69192800
2007-02-27 00:00:00+00:00,97.2120382110705,100.62495347105741,97.56172180175781,100.84874541991921,274466500
2007-02-28 00:00:00+00:00,97.77148270573241,98.1841065647259,98.56175994873047,99.2960972375351,177536300
2007-03-01 00:00:00+00:00,96.54759935003347,97.44977792446703,98.26803588867188,98.78557121856275,212828600
2007-03-02 00:00:00+00:00,96.97421897385827,97.94633855863606,96.98120880126953,98.3729528035525,162574000
2007-03-05 00:00:00+00:00,96.04408462122643,96.46369847613462,96.05807495117188,97.61766058799593,143750400
2007-03-06 00:00:00+00:00,96.31684748344414,97.05817497603023,97.70159149169922,97.99532442245052,143333300
2007-03-07 00:00:00+00:00,97.49169071218653,97.62457206127678,97.60359191894531,98.23302820334868,115144900
2007-03-08 00:00:00+00:00,97.96031194224791,98.28900451760424,98.42888641357422,98.72261918642845,117891600
2007-03-09 00:00:00+00:00,97.9673087470238,98.82752697676561,98.45686340332031,98.904457756433,107765100
2007-03-12 00:00:00+00:00,98.02324593737254,98.20507745007272,98.60372161865234,98.84849357749994,80366900
2007-03-13 00:00:00+00:00,96.54059774471382,98.03724241508658,96.68746948242188,98.44987697746085,190605200
2007-03-14 00:00:00+00:00,95.63840925807972,96.81334035187821,97.40780639648438,97.4637570206877,231853800
2007-03-15 00:00:00+00:00,97.07214346085827,97.19103457239368,97.54071807861328,97.9043919130999,132435900
2007-03-16 00:00:00+00:00,96.97966735711611,97.81521648107763,97.26754760742188,98.03990664145769,121531600
2007-03-19 00:00:00+00:00,97.70288220235778,97.78011811430012,98.44013214111328,98.53141386808633,96161200
2007-03-20 00:00:00+00:00,98.27163083532557,98.35588430269215,98.98078918457031,99.03696173408747,82147400
2007-03-21 00:00:00+00:00,98.87547844784416,99.07207702636893,100.60975646972656,100.86252760123256,152368700
2007-03-22 00:00:00+00:00,100.25867438231593,100.74315322081078,100.53250885009766,100.88357923001361,118942200
2007-03-23 00:00:00+00:00,100.5114445204852,100.60272624680962,100.67996215820312,100.97485998884628,74416800
2007-03-26 00:00:00+00:00,99.76719303474873,100.75721422669,100.54656982421875,100.86253107101594,113787500
2007-03-27 00:00:00+00:00,99.97783139590217,100.49039119701511,100.3078384399414,100.51848282968413,99864600
2007-03-28 00:00:00+00:00,99.18440598125339,99.80229331635545,99.5776138305664,100.03400106701872,152907900
2007-03-29 00:00:00+00:00,99.13528378953559,100.08316765660176,99.68295288085938,100.13232266640249,139432700
2007-03-30 00:00:00+00:00,98.69291027309373,99.87251240189653,99.70399475097656,100.29379045846872,128194100
2007-04-02 00:00:00+00:00,99.33892942589242,99.81639099121094,99.81639099121094,100.02703548432721,79416400
2007-04-03 00:00:00+00:00,100.34294079345132,100.38506752576853,100.89060974121094,101.09422585201676,82417800
2007-04-04 00:00:00+00:00,100.51846614444592,100.89059986189882,101.00294494628906,101.07315258867027,63995200
2007-04-05 00:00:00+00:00,100.83444229425065,100.87656902869885,101.27679443359375,101.41722045302726,46822800
2007-04-09 00:00:00+00:00,101.2135713909458,101.56464171934147,101.41719818115234,101.66996924614988,50967400
2007-04-10 00:00:00+00:00,101.29788808855857,101.34001483560253,101.53661346435547,101.70513116635303,56620000
2007-04-11 00:00:00+00:00,100.78530959291373,101.68405988653124,101.12234497070312,101.71214081110324,106365700
2007-04-12 00:00:00+00:00,100.64483971761632,100.92570241014195,101.57167053222656,101.75422324700605,115534400
2007-04-13 00:00:00+00:00,101.36105814230497,101.74020950446032,102.03511810302734,102.03511810302734,84287000
2007-04-16 00:00:00+00:00,102.38615185105483,102.39316940038402,103.0040283203125,103.11637339247417,83064600
2007-04-17 00:00:00+00:00,102.96893417100019,103.19362434810976,103.27787780761719,103.49553972055624,108424100
2007-04-18 00:00:00+00:00,102.91274721905928,102.93381057879448,103.40424346923828,103.70615876798583,88345300
2007-04-19 00:00:00+00:00,102.76531593042776,102.8987243810785,103.37617492675781,103.49553756317763,102947700
2007-04-20 00:00:00+00:00,103.24281163424017,104.07134361518689,104.3521957397461,104.3521957397461,124114100
2007-04-23 00:00:00+00:00,103.89577138834957,104.17662341296969,103.9589614868164,104.42939452065498,77270800
2007-04-24 00:00:00+00:00,103.43935658638553,104.07829637908708,104.00106048583984,104.19765899341186,114471000
2007-04-25 00:00:00+00:00,103.93089684767216,104.42941087652348,104.95601654052734,105.08240747107449,108418800
2007-04-26 00:00:00+00:00,104.68918670091631,104.96302115594513,105.07535552978516,105.18068306714531,88741600
2007-04-27 00:00:00+00:00,104.50666327150621,104.68219852050316,104.99114227294922,105.13859659618804,108191100
2007-04-30 00:00:00+00:00,104.06426817006468,105.0683241349296,104.12042999267578,105.13854248391722,100874100
2007-05-01 00:00:00+00:00,103.68516517955206,104.2117709549222,104.3873062133789,104.94902118320478,134342700
2007-05-02 00:00:00+00:00,104.44347463529768,104.5487915006618,104.99816131591797,105.28604169967528,87129800
2007-05-03 00:00:00+00:00,105.13152187373255,105.30003949528053,105.56685638427734,105.6019548475103,86569700
2007-05-04 00:00:00+00:00,105.4755751935042,105.84770890169172,105.96707153320312,106.10749752828615,96409000
2007-05-07 00:00:00+00:00,105.88987513386363,105.93903014308043,105.98817443847656,106.1637096762726,63461400
2007-05-08 00:00:00+00:00,105.41238585375805,105.72834702339996,105.84770965576172,105.96707228812348,80584000
2007-05-09 00:00:00+00:00,105.58091522162128,105.77049624925885,106.13561248779297,107.30116885946248,102070100
2007-05-10 00:00:00+00:00,104.80857552221634,105.83369524018755,105.02623748779297,106.0373221016637,153617800
2007-05-11 00:00:00+00:00,105.1244869370256,105.14555029700828,105.9249267578125,105.9740710265005,113408900
2007-05-14 00:00:00+00:00,105.17373284741379,105.9250291255783,105.69332122802734,106.23397298897959,108027500
2007-05-15 00:00:00+00:00,105.45454228554269,105.81263028349386,105.72135925292969,106.48669025390639,180673300
2007-05-16 00:00:00+00:00,105.58791422349059,105.88281201040833,106.44452667236328,106.4655900347277,114166500
2007-05-17 00:00:00+00:00,106.10049351535324,106.29007452550246,106.23390197753906,106.69731746287357,101132800
2007-05-18 00:00:00+00:00,106.59201128275421,106.73243732390029,107.1607437133789,107.1607437133789,99182000
2007-05-21 00:00:00+00:00,107.0764646772622,107.13263722307887,107.10454559326172,107.58902442634016,174664600
2007-05-22 00:00:00+00:00,106.99218276334295,107.21686217304374,107.020263671875,107.53985154714366,82148800
2007-05-23 00:00:00+00:00,106.97815973255013,107.39242018295468,107.03433227539062,107.77859971884752,133786600
2007-05-24 00:00:00+00:00,105.84070443399227,107.09753170898534,106.06538391113281,107.57499300786323,187593000
2007-05-25 00:00:00+00:00,106.14962234535842,106.37431250450149,106.50772094726562,106.73942865620073,83309200
2007-05-29 00:00:00+00:00,106.33925401735515,106.68330696986382,106.89395141601562,107.07650422197568,82020000
2007-05-30 00:00:00+00:00,106.26202880325114,106.34629301851012,107.76461029052734,107.8067370412455,129013600
2007-05-31 00:00:00+00:00,107.51183829896875,107.89801803414487,107.65227508544922,108.05248992821532,114866700
2007-06-01 00:00:00+00:00,107.78564186817248,108.04544127732913,108.18586730957031,108.41054681839229,107771700
2007-06-04 00:00:00+00:00,107.76458599609809,107.80671273731922,108.19992065429688,108.40353680813902,78008800
2007-06-05 00:00:00+00:00,107.32927706117316,107.94716458901196,107.7716293334961,108.05949901003758,126917900
2007-06-06 00:00:00+00:00,106.54986226992983,107.32923895627248,106.61305236816406,107.3924290545067,164096800
2007-06-07 00:00:00+00:00,104.66107921283611,106.41643076467844,104.68917083740234,107.07644466238165,232414600
2007-06-08 00:00:00+00:00,104.68217335493213,105.02622621723161,106.05134582519531,106.15667337756557,175886000
2007-06-11 00:00:00+00:00,105.81261322472258,105.97410260398108,106.23390197753906,106.69028919824189,102015600
2007-06-12 00:00:00+00:00,105.00514788536229,105.79154207132868,105.07535552978516,106.40240107551205,233898000
2007-06-13 00:00:00+00:00,105.12454871363711,105.67221782265547,106.648193359375,106.77458430735985,193208200
2007-06-14 00:00:00+00:00,106.74644558894745,106.76750895201829,107.3292236328125,107.51177635069865,146396500
2007-06-15 00:00:00+00:00,107.84115431820157,107.9892440816401,107.93988800048828,108.3559338330185,154030800
2007-06-18 00:00:00+00:00,107.65078002114731,108.15850104280025,107.8129653930664,108.16554883810359,88537500
2007-06-19 00:00:00+00:00,107.43922816266816,107.57321159383076,108.0809326171875,108.1585014057557,110851700
2007-06-20 00:00:00+00:00,106.45201644835016,108.29955056934475,106.57894134521484,108.29955056934475,177119700
2007-06-21 00:00:00+00:00,105.9513892395916,106.53667940313004,107.17132568359375,107.26300087788269,205262000
2007-06-22 00:00:00+00:00,105.66928044905313,106.84690806117204,106.16289520263672,107.02319981316579,204964700
2007-06-25 00:00:00+00:00,105.08398311150023,105.94428766120335,105.65516662597656,106.65650241530444,232014400
2007-06-26 00:00:00+00:00,104.5621431838634,105.9231208454623,104.5691909790039,106.09941256390825,198445700
2007-06-27 00:00:00+00:00,104.40708551748622,104.45645240122985,106.05717468261719,106.17706261170862,213638000
2007-06-28 00:00:00+00:00,105.54240957354843,106.04308319091797,106.04308319091797,106.76940479414334,157705000
2007-06-29 00:00:00+00:00,105.17571754691524,106.40976054550124,106.07833099365234,106.9386361163238,199701800
2007-07-02 00:00:00+00:00,106.31807536795202,106.38858564098042,107.03733825683594,107.12901344777168,103357000
2007-07-03 00:00:00+00:00,107.17833838184018,107.3123110761676,107.42514038085938,107.53796968555113,54048400
2007-07-05 00:00:00+00:00,106.92446841997392,107.46743922604699,107.31230163574219,107.58026852081301,89279000
2007-07-06 00:00:00+00:00,107.13600689501304,107.45334062264789,107.87643432617188,108.0104177649522,81109000
2007-07-09 00:00:00+00:00,107.62258691304804,108.00338312860956,107.96107482910156,108.14441438030113,72348100
2007-07-10 00:00:00+00:00,106.31806497519173,107.38991140443973,106.42383575439453,107.61557008006956,180362600
2007-07-11 00:00:00+00:00,106.14173318212073,106.30391856912942,107.17832946777344,107.22063776351537,175607600
2007-07-12 00:00:00+00:00,107.42514816176725,107.44630231292984,108.87074279785156,109.12460337179806,133882500
2007-07-13 00:00:00+00:00,108.8707325816959,108.99766823675557,109.19511413574219,109.62526643567612,111794300
2007-07-16 00:00:00+00:00,109.004715636087,109.29383668711941,109.1810073852539,109.67462213092239,98378700
2007-07-17 00:00:00+00:00,109.07522878621033,109.25152054007476,109.12459564208984,109.6393645505755,126201300
2007-07-18 00:00:00+00:00,108.1021028161469,108.75790295870544,108.9271469116211,109.1598533118822,237887400
2007-07-19 00:00:00+00:00,109.12462209726816,109.44194517915412,109.35028076171875,109.67465164186979,145212700
2007-07-20 00:00:00+00:00,107.77068814247731,109.22333063283655,108.24314880371094,109.2938516461533,245502500
2007-07-23 00:00:00+00:00,108.10211667408106,108.72265639433171,108.57457733154297,109.10345264720873,121183900
2007-07-24 00:00:00+00:00,106.31097624388747,107.97517084434077,106.6917724609375,108.79316717134209,256732400
2007-07-25 00:00:00+00:00,105.95134231751024,107.19949092699419,106.91036987304688,107.46039927519347,265214500
2007-07-26 00:00:00+00:00,103.22938912837056,105.90902568383488,104.37881469726562,106.33917795268569,467592500
2007-07-27 00:00:00+00:00,102.28445867633222,104.51278861217338,102.32676696777344,104.97819057801951,422987600
2007-07-30 00:00:00+00:00,102.45375860280423,102.90506527224463,103.92756652832031,104.2307833212257,283017500
2007-07-31 00:00:00+00:00,102.27743875038546,104.59744470059024,102.7569580078125,105.3942870236693,316976700
2007-08-01 00:00:00+00:00,101.50878772582656,102.37614012497478,103.25759887695312,103.66659702907042,467670000
2007-08-02 00:00:00+00:00,102.43256535798511,103.4903159696289,104.0826644897461,104.19548304405808,294758400
2007-08-03 00:00:00+00:00,100.97992583458242,103.85700887288564,101.40303039550781,104.06856115334836,359398200
2007-08-06 00:00:00+00:00,100.50745027815144,101.69213641718797,103.10247039794922,103.53967048878702,324980000
2007-08-07 00:00:00+00:00,102.41139221533238,102.91206547973009,104.20252227783203,105.0698746057389,232568700
2007-08-08 00:00:00+00:00,103.89929702666565,104.65383083664867,105.65516662597656,106.19108964054823,274930600
2007-08-09 00:00:00+00:00,102.4537175763152,103.96277465672085,102.52423858642578,105.03463160242814,357622100
2007-08-10 00:00:00+00:00,100.92347714220595,101.81904206349643,102.0447006225586,103.3069445623366,411018400
2007-08-13 00:00:00+00:00,102.2633207977093,103.30696493924589,102.4113998413086,103.58197963735333,181917200
2007-08-14 00:00:00+00:00,100.64147637434232,102.74287188333604,100.8459701538086,102.99673253784526,264134500
2007-08-15 00:00:00+00:00,99.1605953269021,100.64145055834481,99.4567642211914,101.86844520039725,323834000
2007-08-16 00:00:00+00:00,96.60785332578232,98.57526399853148,100.20420837402344,100.79654591420687,546743700
2007-08-17 00:00:00+00:00,99.70354149225403,102.6017777052558,102.0447006225586,102.82037770935207,388218100
2007-08-20 00:00:00+00:00,101.04337395174096,102.36909134517953,101.99535369873047,102.58064359562103,187320400
2007-08-21 00:00:00+00:00,101.64278236099537,101.96716395181114,102.19985961914062,102.93323940707381,157066400
2007-08-22 00:00:00+00:00,102.48192015189578,102.96142854125299,103.41273498535156,103.51851649005874,173156700
2007-08-23 00:00:00+00:00,102.67936328276849,103.89929913223646,103.3210678100586,104.11789917208397,203915300
2007-08-24 00:00:00+00:00,103.15184784542306,103.29287912069503,104.59744262695312,104.59744262695312,128901900
2007-08-27 00:00:00+00:00,103.46916809850714,104.25896258660335,103.62430572509766,104.59743979007527,113024300
2007-08-28 00:00:00+00:00,101.16327146040676,103.0672203760239,101.34661102294922,103.13068282921219,219790700
2007-08-29 00:00:00+00:00,101.51586803421863,101.80497838921985,103.33518981933594,103.47623185786942,207654200
2007-08-30 00:00:00+00:00,102.46781246382378,102.56653541093387,103.06015014648438,103.79352983358304,191817300
2007-08-31 00:00:00+00:00,103.53969177990474,104.11792323572293,104.07561492919922,104.71731960479953,185477500
2007-09-04 00:00:00+00:00,103.94160330582709,103.9768638050476,105.12628936767578,105.76093531367047,120062000
2007-09-05 00:00:00+00:00,103.65955940618849,104.50575773913785,104.21663665771484,104.61858705286325,166261800
2007-09-06 00:00:00+00:00,103.74414209760623,104.32943186623096,104.45636749267578,104.79484456320853,127878400
2007-09-07 00:00:00+00:00,102.43256691414233,103.29287161881535,103.0037612915039,103.5819927061226,235447600
2007-09-10 00:00:00+00:00,101.77674435072105,103.32106164981846,102.80628204345703,103.4620928838927,192305900
2007-09-11 00:00:00+00:00,103.0460536588789,103.1236224566483,104.00508117675781,104.15316021613948,162081900
2007-09-12 00:00:00+00:00,103.64543498886272,103.86403502111128,104.27303314208984,104.67498346718718,149554600
2007-09-13 00:00:00+00:00,104.50575822261433,104.75257100253104,105.00643157958984,105.38721706518024,154079000
2007-09-14 00:00:00+00:00,104.18135090089994,104.3364884636487,104.99933624267578,105.1333196614126,121911000
2007-09-17 00:00:00+00:00,104.10380472833637,104.58331311006691,104.43523406982422,104.8230673009322,109870800
2007-09-18 00:00:00+00:00,104.4563763963698,104.94999107463666,107.50975036621094,107.53795230782919,263759500
2007-09-19 00:00:00+00:00,107.6860777349086,108.17969257655972,108.1444320678711,108.87075335487128,193779900
2007-09-20 00:00:00+00:00,107.26299638764247,108.13034913730027,107.38287353515625,108.19381161069012,175186800
2007-09-21 00:00:00+00:00,107.5097059565161,108.19696404429806,107.67266082763672,108.4874459942841,141457500
2007-09-24 00:00:00+00:00,107.24043278457454,107.99145416721062,107.4742431640625,108.27486560191157,139450200
2007-09-25 00:00:00+00:00,106.60985814344866,106.85074975677858,107.26168823242188,107.45298960114431,142289900
2007-09-26 00:00:00+00:00,107.26165642748644,107.87097732296738,107.8284683227539,108.23940667654688,135547000
2007-09-27 00:00:00+00:00,107.82848402891271,108.3386137278545,108.46614074707031,108.4732327888307,102713300
2007-09-28 00:00:00+00:00,107.67969330020908,108.29610633538975,108.10480499267578,108.53699791596914,133372100
2007-10-01 00:00:00+00:00,108.04813898155743,108.11899454465029,109.3234634399414,109.64229185177713,148162300
2007-10-02 00:00:00+00:00,108.97626953069154,109.5430815037593,109.17465209960938,109.57141723744506,112978800
2007-10-03 00:00:00+00:00,108.40943683589609,108.97624870062161,108.95499420166016,109.40136030192504,119055900
2007-10-04 00:00:00+00:00,108.82039514238964,109.18882454374493,109.12506103515625,109.2950970580594,76864400
2007-10-05 00:00:00+00:00,109.55730566657078,109.8407063792275,110.42169189453125,110.59882004270274,134579700
2007-10-08 00:00:00+00:00,109.65639862206184,110.0956725759112,109.83352661132812,110.16652809603151,71280400
2007-10-09 00:00:00+00:00,109.84068582842441,110.24454311999638,110.86802673339844,110.88220000969277,94054300
2007-10-10 00:00:00+00:00,110.10989888235477,110.55625427881284,110.68379211425781,110.83966568477959,101711100
2007-10-11 00:00:00+00:00,109.49348274451917,111.18682665741402,110.15240478515625,111.60485711805019,233529100
2007-10-12 00:00:00+00:00,110.01075055596986,110.14536967499744,110.76177215576172,110.77594543435514,124546700
2007-10-15 00:00:00+00:00,109.068359431783,110.71919399821034,109.82646179199219,110.78295749550102,161151900
2007-10-16 00:00:00+00:00,108.73535717170031,109.40136030192504,108.95499420166016,109.47929706846276,166525700
2007-10-17 00:00:00+00:00,108.02685121884736,109.80521287018361,109.28800201416016,109.88314964117654,216687300
2007-10-18 00:00:00+00:00,108.45905770073414,108.7212037765378,108.89125061035156,109.24550673918422,148367500
2007-10-19 00:00:00+00:00,106.03600195665044,108.46619506891025,106.04308319091797,110.86805243305525,297169900
2007-10-22 00:00:00+00:00,105.32742068457574,105.46912095488527,106.65941619873047,106.81528973938224,261989800
2007-10-23 00:00:00+00:00,106.45398443333997,107.31128916466945,107.52383422851562,107.65845330964545,180085100
2007-10-24 00:00:00+00:00,105.45499741189728,107.13417938054903,107.32546997070312,107.50969013890848,326694200
2007-10-25 00:00:00+00:00,106.19184990570471,107.44590916345261,107.58052825927734,107.8993567008905,237374500
2007-10-29 00:00:00+00:00,108.79201889925571,109.06124610561626,109.20295715332031,109.42259414181251,106841000
2007-10-30 00:00:00+00:00,108.31028905393008,108.7212275505604,108.44490814208984,108.93378343654732,132981600
2007-10-31 00:00:00+00:00,108.28901327705714,109.09671683633073,109.57141876220703,110.01070372324307,220954400
2007-11-01 00:00:00+00:00,106.69489035640149,108.60787186487394,107.00663757324219,108.69290071285744,333040800
2007-11-02 00:00:00+00:00,105.7171122898447,107.36085500586044,107.12704467773438,107.69385661158196,331228200
2007-11-05 00:00:00+00:00,105.54706897429935,106.02177087650016,106.31226348876953,107.09871250549955,226841000
2007-11-06 00:00:00+00:00,106.20596549214248,106.88614190359459,107.74344635009766,107.7717820788494,177800500
2007-11-07 00:00:00+00:00,104.54096334674162,106.5885628995479,104.79602813720703,107.07743798219299,306639700
2007-11-08 00:00:00+00:00,102.78386819024036,104.85272247961704,104.26465606689453,105.14320425999101,374509900
2007-11-09 00:00:00+00:00,102.65637559830715,103.22318775999531,102.83350372314453,104.53392939716622,277745100
2007-11-12 00:00:00+00:00,101.813232421875,102.88309309335611,101.813232421875,103.87500615528407,243087800
2007-11-13 00:00:00+00:00,102.89013582602658,102.99640832466743,104.9164810180664,105.07943578632822,191117400
2007-11-14 00:00:00+00:00,103.995469500444,105.72424182355743,104.62604522705078,105.85176889114284,230558800
2007-11-15 00:00:00+00:00,102.39423024131234,103.84668303865206,103.11690521240234,104.49851324587357,263111100
2007-11-16 00:00:00+00:00,102.42963126364978,103.66243578104657,103.29400634765625,103.77580034686514,308770600
2007-11-19 00:00:00+00:00,101.45189694340407,102.93268533273688,101.85574340820312,102.98936762466411,267746000
2007-11-20 00:00:00+00:00,100.68664481488298,102.03990538413193,102.47917938232422,103.10975465532488,414767500
2007-11-21 00:00:00+00:00,100.37491492526343,101.37391965073651,100.38199615478516,101.96198603216313,259012400
2007-11-23 00:00:00+00:00,101.10470355903844,101.36686046287107,102.11788177490234,102.26666330447242,77688400
2007-11-26 00:00:00+00:00,99.65935093121436,102.33043473854089,99.86481475830078,102.64927394866625,214232000
2007-11-27 00:00:00+00:00,99.86479139731439,100.42452208372008,101.01258850097656,101.4801983317624,293897900
2007-11-28 00:00:00+00:00,102.12496021081493,102.16038798723237,104.24341583251953,104.48430741449491,258596900
2007-11-29 00:00:00+00:00,103.51367045861193,103.88208913865765,104.27885437011719,104.66145713691155,199409900
2007-11-30 00:00:00+00:00,104.38513840625569,105.5966886166231,105.32746124267578,106.18475523533827,222908000
2007-12-03 00:00:00+00:00,104.35676019526922,104.99442768030984,104.6330795288086,105.17863696565658,146430400
2007-12-04 00:00:00+00:00,103.66245582090988,103.91043950519781,103.69788360595703,104.53392311565072,136533900
2007-12-05 00:00:00+00:00,104.73937677900051,104.81022152384625,105.4337158203125,105.71003519060278,171130000
2007-12-06 00:00:00+00:00,105.26369253465471,105.30620154891935,106.94286346435547,107.13416483958761,154457400
2007-12-07 00:00:00+00:00,106.66651263213706,107.28291477943874,106.92157745361328,107.33959705210435,148980100
2007-12-10 00:00:00+00:00,106.88617103428987,107.18374491695162,107.75055694580078,107.87100274513719,123914300
2007-12-11 00:00:00+00:00,104.73934587143286,107.79303131689804,104.79602813720703,108.32441539611457,250346400
2007-12-12 00:00:00+00:00,104.29301955416406,107.0278777571573,105.83049011230469,107.5309263008266,322435600
2007-12-13 00:00:00+00:00,104.36381687386641,105.08650212095544,105.61079406738281,105.84460431823616,237551300
2007-12-14 00:00:00+00:00,104.2221764172656,104.81023218456282,104.27176666259766,105.63920119079175,159152900
2007-12-17 00:00:00+00:00,102.63508980474339,103.87498630068104,102.78388214111328,104.059195602389,177269400
2007-12-18 00:00:00+00:00,101.99742304472628,103.51363874965651,103.3577651977539,103.78286603936594,245569300
2007-12-19 00:00:00+00:00,102.69176198708614,103.40027420081127,103.3577651977539,104.07335864164246,198917200
2007-12-20 00:00:00+00:00,102.86181570183264,104.03794877367805,104.00961303710938,104.05212204748254,214813800
2007-12-21 00:00:00+00:00,104.76819480206618,104.9676302999523,105.50896453857422,105.71551885123503,146084400
2007-12-24 00:00:00+00:00,105.7582682095097,106.00044923503974,106.29247283935547,106.47054104930406,45601400
2007-12-26 00:00:00+00:00,105.77248964866422,105.87932619993194,106.52037811279297,106.61296616775225,67093100
2007-12-27 00:00:00+00:00,104.9320236269988,106.1428850923135,105.18131256103516,106.15000390697077,122981700
2007-12-28 00:00:00+00:00,104.63283196001483,105.8009584929031,104.9177474975586,105.85082278762944,116398100
2007-12-31 00:00:00+00:00,104.03454814349425,104.77531783297009,104.14139556884766,105.13857299496648,108126800
2008-01-02 00:00:00+00:00,102.48177494411415,104.36929279848162,103.22965240478516,104.69694294390465,204935600
2008-01-03 00:00:00+00:00,102.61715693572073,103.21546353423967,103.17984771728516,103.62858310038507,125133300
2008-01-04 00:00:00+00:00,100.36637083947271,102.09718866429863,100.65127563476562,102.16842029733249,232330900
2008-01-07 00:00:00+00:00,99.78939089196597,101.0073708940984,100.56576538085938,101.30652406775226,234991000
2008-01-08 00:00:00+00:00,98.60705675209276,101.19972953497978,98.94182586669922,101.78378763022803,326365700
2008-01-09 00:00:00+00:00,98.07995307937485,99.07001174269001,99.98171997070312,100.28087321410563,301824900
2008-01-10 00:00:00+00:00,99.26941623451071,99.49021897365014,100.63697814941406,101.71251659523207,335701200
2008-01-11 00:00:00+00:00,99.00588026831083,100.27372448428785,99.82498931884766,101.0714662287005,267076600
2008-01-14 00:00:00+00:00,100.00312487085743,100.54445930674711,100.62992858886719,101.0430482331533,170365500
2008-01-15 00:00:00+00:00,98.22237911041398,99.56857377890579,98.4146957397461,100.7794457940032,239940100
2008-01-16 00:00:00+00:00,97.06854981620822,97.8378058514178,97.567138671875,99.09140224115457,378802600
2008-01-17 00:00:00+00:00,94.68240734159002,98.15830168900304,95.03854370117188,98.2081659961857,397892600
2008-01-18 00:00:00+00:00,93.37894561778207,95.97161754173575,94.0627212524414,96.1710530075462,348561500
2008-01-22 00:00:00+00:00,89.74632671971291,90.60817571309097,93.1082534790039,94.32623325531628,435923700
2008-01-23 00:00:00+00:00,90.34467548824078,90.52274368064197,95.34483337402344,95.5798846922034,511913000
2008-01-24 00:00:00+00:00,94.95304241647636,95.78639991252038,96.14966583251953,96.48443476705202,259949300
2008-01-25 00:00:00+00:00,94.44734376792942,97.23232115751358,94.76073455810547,97.41038929367603,269603900
2008-01-28 00:00:00+00:00,94.06269627074302,94.91742102127348,96.32772827148438,96.52716368432765,217934600
2008-01-29 00:00:00+00:00,96.07136017966997,96.94033387814841,96.80500030517578,97.18962284082694,168968300
2008-01-30 00:00:00+00:00,95.87190960466549,96.5699338063236,96.09271240234375,98.67825490843104,334939200
2008-01-31 00:00:00+00:00,94.8747260405812,95.01717841376558,97.84490203857422,98.67825983354324,343680800
2008-02-01 00:00:00+00:00,97.95169652931023,98.25084961183842,99.41897583007812,99.44034313108632,206843600
2008-02-04 00:00:00+00:00,98.03719818592732,99.15547136146009,98.16541290283203,99.21957328570389,124694300
2008-02-05 00:00:00+00:00,95.20948206811293,96.8263439969973,95.5371322631836,97.04714677548456,286882500
2008-02-06 00:00:00+00:00,94.31199884447041,95.85762877530499,94.76785278320312,96.33485001832086,250792900
2008-02-07 00:00:00+00:00,93.82765595108724,93.87752024429224,95.3946533203125,96.00720812182247,297368100
2008-02-08 00:00:00+00:00,94.09122203581967,94.79636500820439,94.7821273803711,95.6012365859313,221643500
2008-02-11 00:00:00+00:00,94.04848078621865,94.80349896372444,95.26647186279297,95.60835970931156,188576300
2008-02-12 00:00:00+00:00,95.43026367309565,96.09268273000171,96.14966583251953,97.08985985302478,256654400
2008-02-13 00:00:00+00:00,96.25650673131105,96.87618033817789,97.13259887695312,97.62406864864036,181967800
2008-02-14 00:00:00+00:00,96.00721837280715,97.54572978762693,96.27788543701172,97.58134559108817,215207200
2008-02-15 00:00:00+00:00,95.38041571749696,95.80065389568269,96.25650787353516,96.31349097931873,154110300
2008-02-19 00:00:00+00:00,95.87899771715898,97.38189306509604,96.52716827392578,97.50297808090708,145190000
2008-02-20 00:00:00+00:00,95.27359915205948,95.43742970986408,96.8121109008789,97.26084621138949,220085700
2008-02-21 00:00:00+00:00,95.49438355388645,97.33916680280188,96.00720977783203,97.5884556678785,201051200
2008-02-22 00:00:00+00:00,94.63256541679351,96.13546147182342,96.59843444824219,96.76226501884496,205491000
2008-02-25 00:00:00+00:00,96.00013873405553,96.54146221494413,97.81643676757812,98.04435843958638,190107000
2008-02-26 00:00:00+00:00,97.2252663643509,97.40333461776547,98.55009460449219,98.97033307412887,212420700
2008-02-27 00:00:00+00:00,97.87337074431078,97.98020727621349,98.45030975341797,99.10559917539257,168395800
2008-02-28 00:00:00+00:00,97.2608326756997,97.75230254387685,97.48875427246094,98.26513972211231,170831100
2008-02-29 00:00:00+00:00,94.57553761341417,96.58415119387564,95.3163070678711,96.64112342721968,252715200
2008-03-03 00:00:00+00:00,94.19091946740498,94.83196037109201,95.08837890625,95.30918164266629,189483500
2008-03-04 00:00:00+00:00,93.3005906210196,94.18380167819846,94.72513580322266,95.0171593055772,282513100
2008-03-05 00:00:00+00:00,94.2621806742265,95.03143661003179,95.32347106933594,95.99300924689354,270681400
2008-03-06 00:00:00+00:00,92.98720868124437,94.7180262281975,93.3504638671875,94.88897559898108,247911700
2008-03-07 00:00:00+00:00,91.5840215296629,92.43162774884232,92.3888931274414,93.83480578307035,326434600
2008-03-10 00:00:00+00:00,90.87887925493487,92.48149297225245,91.17091369628906,92.5455949125244,235683600
2008-03-11 00:00:00+00:00,91.84759259650966,93.10831873189937,94.44739532470703,94.53286459882754,341440600
2008-03-12 00:00:00+00:00,93.42169557431178,94.54708781238999,93.56414794921875,95.28072786815939,229161100
2008-03-13 00:00:00+00:00,91.59826800951856,92.31765948023771,93.77069091796875,94.47584476081339,351504200
2008-03-14 00:00:00+00:00,91.01417466793671,94.56841817934283,92.31763458251953,94.5969042958275,484687800
2008-03-17 00:00:00+00:00,89.79620463347551,90.15234092621306,91.38457489013672,92.06835048587921,405311100
2008-03-18 00:00:00+00:00,92.581212848089,93.03706699229048,95.18101501464844,95.22374964247669,334416600
2008-03-19 00:00:00+00:00,92.62393317017401,95.54425546282236,92.82337951660156,95.9075106116779,345971600
2008-03-20 00:00:00+00:00,92.52415143777516,93.08963862138805,94.54270935058594,95.13682368118862,245320700
2008-03-24 00:00:00+00:00,95.37306225450861,95.42316250472129,96.43244171142578,97.21265999651256,208977300
2008-03-25 00:00:00+00:00,95.75239538107691,96.53261334456782,96.52545928955078,97.02651619627791,192947200
2008-03-26 00:00:00+00:00,95.27997160327556,96.24630428013992,95.34439086914062,96.69725006341748,196934300
2008-03-27 00:00:00+00:00,94.74315084249149,96.06021830839153,95.04378509521484,96.23201399090145,225153200
2008-03-28 00:00:00+00:00,93.81258968248333,95.19408705637757,94.13469696044922,95.45892911924817,180896100
2008-03-31 00:00:00+00:00,93.83409025886878,93.97724787742943,94.46399688720703,95.00800020662794,166692100
2008-04-01 00:00:00+00:00,95.56629758484229,95.63788183652456,97.7852783203125,97.9499089925137,254547300
2008-04-02 00:00:00+00:00,97.33433246949627,98.10024254386474,97.8497085571289,98.5440343717944,210910800
2008-04-03 00:00:00+00:00,97.14107566684604,97.32002539579207,98.09307861328125,98.3794047329297,175884800
2008-04-04 00:00:00+00:00,97.4345267645869,98.15032554698257,97.9856948852539,98.75160482508413,204446800
2008-04-07 00:00:00+00:00,97.87837384754494,98.6872194115415,98.03585052490234,99.1882875243483,154245500
2008-04-08 00:00:00+00:00,97.31286303892307,97.48465871534191,97.93561553955078,98.00718887972324,148937300
2008-04-09 00:00:00+00:00,96.55412929090059,97.78530447805846,97.22698211669922,97.92130803930196,195610600
2008-04-10 00:00:00+00:00,96.56125112472918,96.93346954882757,97.36295318603516,97.8282180244912,192967800
2008-04-11 00:00:00+00:00,95.20841356529225,96.26780386592309,95.4732666015625,96.71874977332092,222973300
2008-04-14 00:00:00+00:00,94.87911173252311,95.33722242434625,95.15110778808594,95.58774539452834,160522000
2008-04-15 00:00:00+00:00,94.7216521171184,95.6164005755788,95.37303161621094,95.69513887681221,172389200
2008-04-16 00:00:00+00:00,96.28927189410163,96.3035800082201,97.95708465576172,98.00003084256613,189268900
2008-04-17 00:00:00+00:00,97.10525236055308,97.36294032439254,98.10021209716797,98.24336964991852,179665700
2008-04-18 00:00:00+00:00,98.96639415073196,99.4531432896883,99.12387084960938,99.89693530167246,218530600
2008-04-21 00:00:00+00:00,98.67290827883023,98.94490450413338,99.17396545410156,99.48175381811564,118587400
2008-04-22 00:00:00+00:00,97.99284497927744,98.91623148768048,98.7372817993164,99.00212384298413,162166000
2008-04-23 00:00:00+00:00,98.15037302647262,98.84469905504912,98.5798568725586,99.3386022013796,193309000
2008-04-24 00:00:00+00:00,98.09307523225796,98.8375121954604,99.00930786132812,100.02574097604075,229381300
2008-04-25 00:00:00+00:00,98.71581253344675,99.78234572717793,99.9255142211914,100.13309106195477,190788100
2008-04-28 00:00:00+00:00,99.76807934362942,100.12597888390965,99.94702911376953,100.39082104860432,105610200
2008-04-29 00:00:00+00:00,99.21691065666809,99.77523306383233,99.55333709716797,100.01860212906246,125514100
2008-04-30 00:00:00+00:00,98.96631622314453,99.70358794997298,98.96631622314453,100.63412836819177,208395900
2008-05-01 00:00:00+00:00,98.97350681399108,99.05224512180743,101.0135269165039,101.0135269165039,187279500
2008-05-02 00:00:00+00:00,100.61270250656341,101.88682381244054,101.29270935058594,101.90829690798253,181585500
2008-05-05 00:00:00+00:00,100.5053045580174,100.96341531861786,100.80593872070312,101.3642608688655,118504500
2008-05-06 00:00:00+00:00,99.98994399833079,100.22615893161026,101.67922973632812,101.7865951958989,179339800
2008-05-07 00:00:00+00:00,99.58911733319958,101.56471862072765,99.86827850341797,101.67208410072479,199267300
2008-05-08 00:00:00+00:00,99.48173095902928,100.02574512908555,99.61058044433594,100.44090981383516,178321200
2008-05-09 00:00:00+00:00,99.10233883961911,99.20971520988014,99.42444610595703,99.77519143992026,152588200
2008-05-12 00:00:00+00:00,99.30275981829506,99.67497823509723,100.54109954833984,100.61267287165639,147865900
2008-05-13 00:00:00+00:00,100.01855560420937,100.78446550420654,100.55540466308594,100.84888476993842,159132200
2008-05-14 00:00:00+00:00,100.54114267002429,100.97778054175025,100.7630386352539,101.78662606769433,181910800
2008-05-15 00:00:00+00:00,100.80594092041937,100.9562525439312,102.02279663085938,102.09438087591798,166927000
2008-05-16 00:00:00+00:00,101.36425391033293,102.2590022815059,102.1158447265625,102.26615633647562,204236800
2008-05-19 00:00:00+00:00,101.85814766827461,102.2232010391337,102.3949966430664,103.28974493438606,165664400
2008-05-20 00:00:00+00:00,100.92761398844573,101.83668137124442,101.5646743774414,101.8867815993433,178552100
2008-05-21 00:00:00+00:00,99.49605633226595,101.50744968034778,99.8468017578125,101.72934561238165,252724800
2008-05-22 00:00:00+00:00,99.49605334265493,99.8038416462987,99.8611068725586,100.33353679753401,170820400
2008-05-23 00:00:00+00:00,98.43665250128875,99.53182377445604,98.52254486083984,99.96846147254529,181376400
2008-05-27 00:00:00+00:00,98.44380653237997,98.63707526354396,99.2526626586914,99.49603162550667,168322900
2008-05-28 00:00:00+00:00,98.78023663719517,99.61771994149592,99.71077728271484,100.2118342696183,181288100
2008-05-29 00:00:00+00:00,99.55328898679664,99.58908110785164,100.21182250976562,100.87751008805685,173927200
2008-05-30 00:00:00+00:00,100.16890689388275,100.54827946392032,100.46238708496094,100.74154823880416,117362000
2008-06-02 00:00:00+00:00,98.78023157328118,100.09014465046315,99.42444610595703,100.11161774007084,181069900
2008-06-03 00:00:00+00:00,98.22908563049349,99.7107946812621,98.84467315673828,99.93984466286072,271965700
2008-06-04 00:00:00+00:00,98.39372527144947,98.56551002363618,98.79457092285156,99.61058126241291,246637700
2008-06-05 00:00:00+00:00,99.00929038606012,99.19539413290103,100.77014923095703,100.84888753197096,237867100
2008-06-06 00:00:00+00:00,97.50612839355232,99.88974007450885,97.55622863769531,100.06868980200807,384276300
2008-06-09 00:00:00+00:00,96.92636201564271,97.96426856114137,97.79247283935547,98.4223795636759,228263900
2008-06-10 00:00:00+00:00,96.88336829594044,97.11241822374829,97.3056869506836,98.13601614870986,260234900
2008-06-11 00:00:00+00:00,95.86691949507234,97.32715503334136,95.87408447265625,97.53473186105839,283890100
2008-06-12 00:00:00+00:00,95.57346332834115,96.34652737935943,96.23915100097656,97.2555840341052,252791800
2008-06-13 00:00:00+00:00,96.21768749318068,96.75453667189579,97.45601654052734,97.7208695624728,244726900
2008-06-16 00:00:00+00:00,96.96214823616148,97.02656753206256,97.5133056640625,98.01436283589395,185832500
2008-06-17 00:00:00+00:00,96.89771737238607,98.11458453873205,97.04088592529297,98.15036575473167,191707700
2008-06-18 00:00:00+00:00,95.7094588804031,96.41093862072341,96.09598541259766,97.00505291382926,265893000
2008-06-19 00:00:00+00:00,95.55914066408313,96.02440551940107,96.2176742553711,96.80463451934561,304204900
2008-06-20 00:00:00+00:00,94.3969525784807,95.56234353132265,94.65592956542969,95.74218835623564,289275700
2008-06-23 00:00:00+00:00,94.46885086978978,95.02276476902034,94.56236267089844,95.1234773849579,165096400
2008-06-24 00:00:00+00:00,93.65595667104775,94.27462306930987,94.37533569335938,95.27455947124892,267300600
2008-06-25 00:00:00+00:00,94.41135532867608,94.75665436320939,94.82139587402344,95.9652064725052,287853900
2008-06-26 00:00:00+00:00,92.13809207530835,93.92935028984053,92.2459945678711,94.54081604245576,297775000
2008-06-27 00:00:00+00:00,91.38991455706731,92.28194303631926,91.7424087524414,92.6991841997405,303423400
2008-06-30 00:00:00+00:00,91.57696880469894,92.00139987252797,92.06614685058594,92.73516968557217,258842600
2008-07-01 00:00:00+00:00,90.5914373679004,91.01586852935345,92.35391998291016,92.41866148682186,388622000
2008-07-02 00:00:00+00:00,90.6057882689746,92.64882211661593,90.77124786376953,92.91499982678161,288064600
2008-07-03 00:00:00+00:00,89.9152114738134,91.44029746902841,90.86479187011719,91.44029746902841,239352500
2008-07-07 00:00:00+00:00,89.14547439738615,91.2100947988249,89.9367904663086,91.60575008907209,372427300
2008-07-08 00:00:00+00:00,89.34687757468737,89.91518769399379,91.5337905883789,91.64169854568992,375973700
2008-07-09 00:00:00+00:00,89.48356379710755,91.72083318685719,89.77131652832031,91.89348263021411,336729400
2008-07-10 00:00:00+00:00,88.90088855915832,89.5123598207189,90.13822174072266,90.49071603458707,436475700
2008-07-11 00:00:00+00:00,88.11675273425976,89.18143631759882,89.0879135131836,90.56983833110333,481124600
2008-07-14 00:00:00+00:00,88.0520178017822,90.10944281417112,88.28221893310547,90.28209229055659,322720800
2008-07-15 00:00:00+00:00,86.33988292788284,87.6203824215993,87.03768157958984,88.83612944958632,502502500
2008-07-16 00:00:00+00:00,87.11683763349347,87.36861930670707,89.17426300048828,89.6130848402729,371642900
2008-07-17 00:00:00+00:00,89.26775004995027,90.02310030172056,90.0662612915039,90.82880687104709,375490600
2008-07-18 00:00:00+00:00,90.03028682873757,90.76405102546137,90.62737274169922,90.94389578321416,267030100
2008-07-21 00:00:00+00:00,90.05905277827195,91.00863277559735,90.67771911621094,91.21725333033731,222863000
2008-07-22 00:00:00+00:00,89.81448831491397,90.03030426137651,91.70645904541016,91.9366601603707,296904200
2008-07-23 00:00:00+00:00,91.75684624809284,92.00143261386569,92.2028579711914,92.90784672183143,311698400
2008-07-24 00:00:00+00:00,90.03752495776462,92.32514609497814,90.289306640625,92.37550791997926,248634500
2008-07-25 00:00:00+00:00,90.04469653219161,90.56265045381357,90.26770782470703,90.99427689235591,219131000
2008-07-28 00:00:00+00:00,88.78576648285728,90.28927164361426,88.94403076171875,90.684926852341,205201300
2008-07-29 00:00:00+00:00,88.94405505419859,89.18864686699497,90.84321594238281,90.91515277375994,261505600
2008-07-30 00:00:00+00:00,90.84321905047358,91.44030519934641,92.46182250976562,92.51218433072397,354710000
2008-07-31 00:00:00+00:00,91.09498957486578,91.64891465339244,91.2388687133789,92.49059252051744,277402100
2008-08-01 00:00:00+00:00,90.2533129852082,91.44748508122483,90.75688171386719,91.56258289823725,248690900
2008-08-04 00:00:00+00:00,89.74974514722557,90.67054958986427,89.91519927978516,90.74248640786529,188239600
2008-08-05 00:00:00+00:00,89.90082060713495,90.65616548336239,92.33951568603516,92.48338933243244,251577600
2008-08-06 00:00:00+00:00,91.70641250556727,92.09487771900218,92.74950408935547,93.01568171154803,209555400
2008-08-07 00:00:00+00:00,91.03024569126048,92.05176284998502,91.36835479736328,92.39706728493175,246312500
2008-08-08 00:00:00+00:00,90.91514349278785,91.05902262928281,93.06608581542969,93.46893642075983,260811700
2008-08-11 00:00:00+00:00,92.96537069791805,93.13802565713182,94.03005981445312,94.6055543914548,249425800
2008-08-12 00:00:00+00:00,92.60568183609912,93.72072179741374,93.05170440673828,94.02285974580158,213200800
2008-08-13 00:00:00+00:00,91.84315263881116,92.64885393103219,92.4906005859375,93.26752055951815,256393200
2008-08-14 00:00:00+00:00,91.9007009572847,91.96544245658598,93.18838500976562,93.72072961668555,239555300
2008-08-15 00:00:00+00:00,93.0157450881129,93.46894657994011,93.6416015625,93.87899804719851,181000800
2008-08-18 00:00:00+00:00,91.83595547683613,93.82862804799005,92.36109924316406,93.86459920499465,172275100
2008-08-19 00:00:00+00:00,91.0230215691182,91.66326842300283,91.35393524169922,91.8575038213516,194673700
2008-08-20 00:00:00+00:00,90.8863624763903,91.64171280668594,91.77839660644531,92.04456338901561,225498200
2008-08-21 00:00:00+00:00,91.07340246348653,91.18131043742935,91.93666076660156,92.39706299955856,180609800
2008-08-22 00:00:00+00:00,91.9366569978823,92.56251334192562,93.26750183105469,93.26750183105469,167715300
2008-08-25 00:00:00+00:00,91.18131172192052,92.65604124691632,91.37554168701172,93.26750696820855,171936900
2008-08-26 00:00:00+00:00,91.05900544496507,91.37552850866518,91.6417007446289,91.98700511862438,159117200
2008-08-27 00:00:00+00:00,91.57695411150338,91.75679887174716,92.53372955322266,92.67760316604706,171032800
2008-08-28 00:00:00+00:00,92.8790747900103,93.00136797080958,93.656005859375,93.76390837865127,167537100
2008-08-29 00:00:00+00:00,92.44739372267972,93.32503700346355,92.64881896972656,93.61998503551524,189195800
2008-09-02 00:00:00+00:00,91.73520946665708,93.54085232887698,92.07331848144531,94.03003576644718,252364900
2008-09-03 00:00:00+00:00,91.31080125109236,91.99420928955078,91.99420928955078,92.44022636535767,251947000
2008-09-04 00:00:00+00:00,89.17427592124457,91.33960960148154,89.2246322631836,91.52664979515345,340042500
2008-09-05 00:00:00+00:00,87.7642910727498,88.69229120254042,89.50518798828125,89.88645821069447,289503400
2008-09-08 00:00:00+00:00,89.50513148044534,92.1092798785387,91.35393524169922,92.2531644561909,364075300
2008-09-09 00:00:00+00:00,88.3397763920435,91.43310395440747,88.64191436767578,91.62014410103005,377326800
2008-09-10 00:00:00+00:00,88.15991464850116,89.12388004903933,89.0015869140625,89.85045450768929,298916600
2008-09-11 00:00:00+00:00,87.47653065779157,87.85061100526619,90.289306640625,90.45476082289223,375369400
2008-09-12 00:00:00+00:00,89.08073454386921,89.411648342855,90.70652770996094,90.7928551964726,297851200
2008-09-15 00:00:00+00:00,86.24636988891416,87.49808813170819,86.39024353027344,90.38999552350701,483607000
2008-09-16 00:00:00+00:00,84.16737879556915,84.31125246138674,87.83621215820312,87.9944764836596,581744300
2008-09-17 00:00:00+00:00,83.44801131304229,86.06655191861857,83.88683319091797,87.65637975140208,624095600
2008-09-18 00:00:00+00:00,81.86537132062811,84.92273352433938,86.3758773803711,87.61321072684521,776114700
2008-09-19 00:00:00+00:00,89.23458307796912,91.67292009890717,89.80618286132812,92.61352845536051,501087800
2008-09-22 00:00:00+00:00,87.08563895861877,90.04492728212666,87.77300262451172,90.26199239777455,249966500
2008-09-23 00:00:00+00:00,85.58066416569926,87.4401694333574,85.7760238647461,88.28671340870717,327470400
2008-09-24 00:00:00+00:00,85.22614093615151,86.35486638615053,86.05097961425781,86.82517049704867,311818400
2008-09-25 00:00:00+00:00,85.69645654178859,86.39105733651051,87.39678192138672,88.20715227532718,328253000
2008-09-26 00:00:00+00:00,85.74710476584033,85.9786383652203,87.44019317626953,87.91049735256533,285917400
2008-09-29 00:00:00+00:00,80.2915841271681,86.20293032960733,80.5882339477539,86.34763675132781,459562300
2008-09-30 00:00:00+00:00,79.97323675652753,82.12939813019376,83.92378234863281,84.50985615111563,328154400
2008-10-01 00:00:00+00:00,82.44776458013898,83.40284160514456,83.97444152832031,84.43027738311245,332783000
2008-10-02 00:00:00+00:00,80.35672193478835,83.17130509841176,80.9283218383789,83.28707468302649,365337800
2008-10-03 00:00:00+00:00,79.3582111671432,81.65907855433822,79.83574676513672,83.53305262192174,461798000
2008-10-06 00:00:00+00:00,72.81736765043838,77.52763416309688,75.76942443847656,77.86770025899965,610637500
2008-10-07 00:00:00+00:00,72.1010627209917,77.30333325753388,72.37600708007812,77.65787331027113,540012100
2008-10-08 00:00:00+00:00,70.04620512102379,70.55992005502749,70.55268859863281,73.93163352070827,725414800
2008-10-09 00:00:00+00:00,65.29973602041683,72.10827624298634,65.62532806396484,72.80287665069721,534485200
2008-10-10 00:00:00+00:00,60.47373112634819,62.77459831017078,64.03356170654297,67.96963777451508,871026300
2008-10-13 00:00:00+00:00,65.08272061936334,67.91901468112341,73.33111572265625,73.33111572265625,455584000
2008-10-14 00:00:00+00:00,70.26329656016034,75.75498804639119,72.24580383300781,76.35553036370484,546268300
2008-10-15 00:00:00+00:00,64.90904996609474,70.5165089157215,65.13334655761719,70.76251643691657,484627500
2008-10-16 00:00:00+00:00,62.615406318492305,66.05223526309975,67.84661865234375,68.57016158805058,708811200
2008-10-17 00:00:00+00:00,66.31274155458868,66.55874361578539,67.44146728515625,71.33412807610632,476649000
2008-10-20 00:00:00+00:00,68.07818389004866,68.98984995945852,71.4933090209961,71.70313723253788,321294200
2008-10-21 00:00:00+00:00,68.89578138556806,70.16198193040202,69.35884857177734,71.37029769691074,356502000
2008-10-22 00:00:00+00:00,63.33171306817407,67.4342002398939,65.5819320678711,69.35882712254443,516168000
2008-10-23 00:00:00+00:00,62.08723030608329,65.32870575309087,66.34166717529297,66.89155594489772,634666400
2008-10-24 00:00:00+00:00,60.777638651578165,60.82104948415183,62.977210998535156,65.06101376503248,545812600
2008-10-27 00:00:00+00:00,60.56053122793844,62.20297650442912,60.741416931152344,64.76431872436126,397288600
2008-10-28 00:00:00+00:00,61.161103015107564,63.19425754764313,67.83940887451172,68.1867065033154,639939500
2008-10-29 00:00:00+00:00,66.63831459485786,67.84663017790626,67.3473892211914,70.30667768125316,531270100
2008-10-30 00:00:00+00:00,67.21715275880958,69.30095482714454,69.67720031738281,69.85084910969516,414582100
2008-10-31 00:00:00+00:00,68.36033658107408,68.79446122313294,70.06066131591797,71.31962443394697,411394000
2008-11-03 00:00:00+00:00,69.42395491159795,70.02449698067969,70.26326751708984,70.6829238198358,205419400
2008-11-04 00:00:00+00:00,69.97384279100774,71.67416773510816,72.65095520019531,72.97654734176103,346793400
2008-11-05 00:00:00+00:00,68.73660751394215,71.77548690121665,69.59762573242188,72.86803873472495,387844100
2008-11-06 00:00:00+00:00,65.16229032162182,68.345881090191,65.74112701416016,69.05495576254064,477721900
2008-11-07 00:00:00+00:00,65.48066042789313,66.31273622245263,67.9117660522461,68.01306165991109,380391000
2008-11-10 00:00:00+00:00,65.78454659665547,68.8885475954544,67.02180480957031,69.12008119927128,301773000
2008-11-11 00:00:00+00:00,64.14213417982475,65.66881144930198,64.95249938964844,66.66729952006288,418498200
2008-11-12 00:00:00+00:00,61.587992996639805,63.83821256465514,62.0944709777832,64.3591589794615,454330600
2008-11-13 00:00:00+00:00,59.395643993598604,62.31875846329332,65.96541595458984,66.37060380041957,753141900
2008-11-14 00:00:00+00:00,62.600939164498435,64.69198355427629,62.67329788208008,66.60936812589722,540352300
2008-11-17 00:00:00+00:00,61.61696990337421,62.499688376429155,61.84126663208008,64.07701349875215,415254900
2008-11-18 00:00:00+00:00,59.988957020080385,61.60969190898925,63.00613021850586,63.10742580405045,523811800
2008-11-19 00:00:00+00:00,58.54912028002533,62.159605183982876,58.96877670288086,62.854206063090096,558327600
2008-11-20 00:00:00+00:00,54.301922416540705,57.97751788353603,54.59133529663086,59.69955432913542,814180400
2008-11-21 00:00:00+00:00,53.78819795100542,56.04565468503674,57.53615188598633,58.53464501844078,718536500
2008-11-24 00:00:00+00:00,58.14395298845012,59.27267902155181,61.52289962768555,62.94104414933085,523305300
2008-11-25 00:00:00+00:00,60.64741400951746,63.165347737874356,61.978736877441406,63.31729120559092,454112400
2008-11-26 00:00:00+00:00,60.95128006569497,60.99469641316904,64.37364196777344,64.53282236138594,370134200
2008-11-28 00:00:00+00:00,64.01908375794676,64.12761078617795,65.1839828491211,65.21292523004766,118308100
2008-12-01 00:00:00+00:00,59.22923234714678,63.317251534086516,59.410118103027344,63.346193917450826,369927100
2008-12-02 00:00:00+00:00,59.35948048389552,60.394147405638336,61.6965217590332,61.85570213471612,469508400
2008-12-03 00:00:00+00:00,60.15537250795179,60.343495258404374,63.17978286743164,63.548791391728244,519863500
2008-12-04 00:00:00+00:00,60.58951139936078,62.26813155152205,61.71824264526367,63.70798662184349,444173800
2008-12-05 00:00:00+00:00,59.504217121658364,60.52441612739608,63.62118148803711,63.97571626469396,471905300
2008-12-08 00:00:00+00:00,63.7297074841668,65.36491168310333,65.84245300292969,66.84094096229612,412859300
2008-12-09 00:00:00+00:00,64.38087059431268,65.38659511055205,64.75711059570312,66.66002705387054,370790000
2008-12-10 00:00:00+00:00,64.39535283430608,65.35042975665868,65.198486328125,66.10291544096638,396187400
2008-12-11 00:00:00+00:00,63.2159604895771,64.78604763846262,63.628379821777344,65.84241986620017,365061000
2008-12-12 00:00:00+00:00,61.64587062716986,61.89911513126476,64.38809967041016,64.44598444392875,415060400
2008-12-15 00:00:00+00:00,62.43455227529942,64.40982240108418,63.49092483520508,64.50388656339597,256694200
2008-12-16 00:00:00+00:00,63.80205581126187,66.47916412353516,66.47916412353516,66.58045975566239,377699500
2008-12-17 00:00:00+00:00,65.16227936470042,65.72664200892102,65.83517456054688,66.87707822384328,281819800
2008-12-18 00:00:00+00:00,63.823765855719316,66.13187118405645,64.60519409179688,66.32722548297667,374673300
2008-12-19 00:00:00+00:00,64.25433961600442,64.99105232995792,64.32728576660156,66.09976926491905,301451300
2008-12-22 00:00:00+00:00,62.35786711875859,64.61176888040625,63.5030517578125,64.67741374904107,243759500
2008-12-23 00:00:00+00:00,62.583940518229646,63.84582799909352,62.84653091430664,64.1375957241798,221625200
2008-12-24 00:00:00+00:00,62.72982885365403,63.05806410421099,63.211246490478516,63.3644233117389,62061600
2008-12-26 00:00:00+00:00,63.09454816059473,63.63431499128078,63.575965881347656,63.67808377999075,74767700
2008-12-29 00:00:00+00:00,62.4381022464595,63.63434583758477,63.39364242553711,63.69999626996926,127795900
2008-12-30 00:00:00+00:00,63.37172580189373,63.831261920098164,64.89620971679688,64.95456439291938,168256300
2008-12-31 00:00:00+00:00,64.82327334142256,64.97645020238247,65.82257080078125,66.35504751603017,193987200
2009-01-02 00:00:00+00:00,65.53807833135285,65.96843700559234,67.80656433105469,68.15668673662253,227566300
2009-01-05 00:00:00+00:00,67.02610186510496,67.56586867897398,67.7263412475586,68.31717257416628,240349700
2009-01-06 00:00:00+00:00,67.60233380026143,68.30257310046396,68.17857360839844,68.8933987926645,328260900
2009-01-07 00:00:00+00:00,65.7934339870555,67.10638726830983,66.13626098632812,67.29603731227147,280899200
2009-01-08 00:00:00+00:00,65.4068020386284,65.76422027152319,66.4061050415039,66.44257254189564,263834400
2009-01-09 00:00:00+00:00,62.263027450638006,66.49364772527736,64.98374938964844,66.61035153626246,330953600
2009-01-12 00:00:00+00:00,63.02889138513925,64.80136838939217,63.42277145385742,64.85243289404839,277858500
2009-01-13 00:00:00+00:00,62.875725421692515,63.26232099714976,63.53949737548828,64.10114585830827,356432300
2009-01-14 00:00:00+00:00,60.65827738998375,62.39428661590693,61.540870666503906,62.547463409517256,435491600
2009-01-15 00:00:00+00:00,59.60793016338409,61.35853125503412,61.562767028808594,62.182770074911794,532647300
2009-01-16 00:00:00+00:00,60.578058284743506,62.62771740129276,62.04418182373047,62.72253956751836,399237200
2009-01-20 00:00:00+00:00,58.38980597386614,61.43876784126429,58.769100189208984,62.04417944084956,419855200
2009-01-21 00:00:00+00:00,58.69613734881154,59.768380324385305,61.30744934082031,61.44603466966622,364360700
2009-01-22 00:00:00+00:00,59.206739130282905,60.118509803959824,60.35921859741211,61.300166600447476,427940300
2009-01-23 00:00:00+00:00,58.76911436647996,59.00982325842311,60.62183380126953,61.263718614775755,386800600
2009-01-26 00:00:00+00:00,60.402995490831934,60.97193962967685,61.03759002685547,62.26301031244752,317978800
2009-01-27 00:00:00+00:00,60.760398311896566,61.36580979379172,61.65757751464844,62.10981776022666,273789700
2009-01-28 00:00:00+00:00,62.78089500378554,63.0216038498406,63.74372482299805,64.15219639326766,330007000
2009-01-29 00:00:00+00:00,61.61382550799754,62.81006837252653,61.67218017578125,63.81666134926217,294392500
2009-01-30 00:00:00+00:00,59.96533934546653,61.98582648859174,60.417579650878906,62.292180131770856,383383600
2009-02-02 00:00:00+00:00,59.30888223595779,59.498532174978855,60.23524475097656,60.67289374755609,288233300
2009-02-03 00:00:00+00:00,59.972652546943074,60.614537352804774,61.081363677978516,61.533604115181916,278385800
2009-02-04 00:00:00+00:00,60.57076371527385,61.48983031971659,60.78229522705078,62.270305969717384,322989300
2009-02-05 00:00:00+00:00,56.69752866951483,60.32272282828221,61.68673324584961,62.21191384651736,417679400
2009-02-06 00:00:00+00:00,61.76698116218407,61.89827633718303,63.44464111328125,63.707225898273656,366101700
2009-02-09 00:00:00+00:00,62.963244325076026,63.43007053083133,63.532188415527344,63.999014621282655,240075200
2009-02-10 00:00:00+00:00,60.14041601738324,62.92678811363962,60.62183380126953,63.481146468263844,536212800
2009-02-11 00:00:00+00:00,60.10391620623447,60.86980013480251,60.97921371459961,61.307454453990914,324442500
2009-02-12 00:00:00+00:00,59.119195063272066,59.93613778146835,61.022972106933594,61.13967582453096,469302200
2009-02-13 00:00:00+00:00,60.351936106991126,60.94276741728786,60.36652755737305,61.44606115530863,293998400
2009-02-17 00:00:00+00:00,57.747931685499346,58.47005838639313,57.78440475463867,60.51242226298812,478910100
2009-02-18 00:00:00+00:00,57.09876168414983,58.20018290877539,57.64582443237305,58.30959657142205,362964800
2009-02-19 00:00:00+00:00,56.90911229376101,58.23665102054673,57.025821685791016,58.46277407635234,316867500
2009-02-20 00:00:00+00:00,55.26791189838317,55.96815696680793,56.47145080566406,57.14251296747817,477176600
2009-02-23 00:00:00+00:00,54.40719708862069,57.09145116718236,54.450965881347656,57.09145116718236,379641400
2009-02-24 00:00:00+00:00,54.487429745313804,54.91778852751269,56.51521301269531,56.85803421528409,426260900
2009-02-25 00:00:00+00:00,55.16576719476699,56.267187654056066,56.070247650146484,57.20083987186156,461985800
2009-02-26 00:00:00+00:00,55.092846455125404,56.76321148703675,55.15849685668945,58.11263136687537,363353900
2009-02-27 00:00:00+00:00,53.8382606609768,53.984147382835125,53.9257926940918,55.20956802139797,470510900
2009-03-02 00:00:00+00:00,51.32906722262464,52.89730904347975,51.496829986572266,53.918493776019865,426452600
2009-03-03 00:00:00+00:00,50.79658007910111,52.23353191196181,51.1102294921875,52.29917674574345,443761000
2009-03-04 00:00:00+00:00,51.11023701667151,51.95636321003293,52.32107162475586,53.15260636512345,462753100
2009-03-05 00:00:00+00:00,49.724347470098195,51.13212227381932,50.18388366699219,52.321075352123025,485549400
2009-03-06 00:00:00+00:00,48.94386591966632,50.62152677719188,50.27140426635742,51.38741107431645,490470000
2009-03-09 00:00:00+00:00,49.403384783423874,49.56385174788022,49.68056106567383,51.059157883323024,379905300
2009-03-10 00:00:00+00:00,50.599649676961135,50.701767592352866,52.64201354980469,52.78790026108502,406227900
2009-03-11 00:00:00+00:00,52.39399188288251,53.24740790688441,52.98481750488281,53.79447031688665,356648300
2009-03-12 00:00:00+00:00,52.49612456733293,52.97024656945511,55.07096481323242,55.253319001355706,409702700
2009-03-13 00:00:00+00:00,54.50932942798547,55.442982204566526,55.5013313293457,56.15051751447829,337474700
2009-03-16 00:00:00+00:00,55.29709931279701,56.13592995036884,55.33357238769531,56.8726426562373,360644900
2009-03-17 00:00:00+00:00,55.03451081310739,55.4867513597085,57.025821685791016,57.15711696931972,356814300
2009-03-18 00:00:00+00:00,56.21613338534545,56.75590007509843,58.30226516723633,59.00980011238901,473273200
2009-03-19 00:00:00+00:00,57.39779644658576,59.031688141037876,57.58015060424805,59.082747082583026,428520400
2009-03-20 00:00:00+00:00,56.22184133050712,57.860086422625635,56.35407638549805,57.970283235925194,371078200
2009-03-23 00:00:00+00:00,57.52945842076491,57.845352756721404,60.401893615722656,60.453318014374226,419933300
2009-03-24 00:00:00+00:00,59.14570015828705,59.681982697999295,59.211814880371094,60.504779181269896,330271000
2009-03-25 00:00:00+00:00,58.08044778809429,59.674615665179424,59.83623123168945,60.75452824632459,441775100
2009-03-26 00:00:00+00:00,59.74071952394003,60.42393260309873,61.055721282958984,61.19530419741437,422025200
2009-03-27 00:00:00+00:00,59.733379982061194,60.27701582807297,59.953773498535156,60.62963872862336,322332300
2009-03-30 00:00:00+00:00,57.272356126667816,58.62409244947937,57.88210678100586,58.675516865818665,324108500
2009-03-31 00:00:00+00:00,58.073101973822965,58.44776309789884,58.41837692260742,59.56441533961318,364238300
2009-04-01 00:00:00+00:00,57.54415592614896,57.69108118218591,59.549713134765625,59.814183079503536,377018300
2009-04-02 00:00:00+00:00,59.601129934112926,61.03367621956155,61.29079818725586,62.157670538938476,476230700
2009-04-03 00:00:00+00:00,60.73250062398426,61.3349033466238,61.900577545166016,61.915267833836715,284646300
2009-04-06 00:00:00+00:00,60.45332559335052,61.22469166982941,61.41569900512695,61.91525277101606,264866600
2009-04-07 00:00:00+00:00,59.88030168487509,60.42393184273748,59.983150482177734,60.71778795139034,258947800
2009-04-08 00:00:00+00:00,59.90233019124741,60.284339147116484,60.62961959838867,60.93082360220932,230402800
2009-04-09 00:00:00+00:00,61.95200017901405,62.2017743131124,63.03926086425781,63.04660881080217,269653500
2009-04-13 00:00:00+00:00,62.13562412169884,62.38539811314571,63.05392074584961,63.575512555786716,224847500
2009-04-14 00:00:00+00:00,61.76835175425954,62.466255469609166,61.96670150756836,63.00254356607552,276598800
2009-04-15 00:00:00+00:00,61.42305195785286,61.59201547202089,62.62785720825195,62.75274425869619,250726100
2009-04-16 00:00:00+00:00,62.275206045223726,63.12738806636085,63.5461311340332,64.02364653519878,335202900
2009-04-17 00:00:00+00:00,63.28169066452479,63.78859246814942,63.972251892089844,64.39099515448038,262649000
2009-04-20 00:00:00+00:00,61.22467790708387,62.840883541576794,61.29079818725586,63.95018757915913,293690100
2009-04-21 00:00:00+00:00,60.79124768230002,60.84267207850237,62.488258361816406,62.539682758018756,114090900
2009-04-22 00:00:00+00:00,61.76097785126955,61.922599007073295,62.106258392333984,63.42860260330713,340395200
2009-04-23 00:00:00+00:00,61.437745120519615,62.231155133734944,62.71601867675781,62.75274719663377,324903700
2009-04-24 00:00:00+00:00,62.95109315743717,63.2008672329412,63.663692474365234,64.14120239575114,287703000
2009-04-27 00:00:00+00:00,62.840910420146066,62.94375925121471,63.06129837036133,63.92082875120774,289581600
2009-04-28 00:00:00+00:00,62.267883276916585,62.42215649719313,62.862937927246094,63.612265797852146,247926300
2009-04-29 00:00:00+00:00,63.39921429894573,63.56082983019204,64.19996643066406,64.91256565530966,311505700
2009-04-30 00:00:00+00:00,63.85468142230349,65.05214397064002,64.22200012207031,65.39741884035644,301419800
2009-05-01 00:00:00+00:00,63.70775917769253,64.23669902698359,64.5672836303711,64.80236738507392,236110300
2009-05-04 00:00:00+00:00,64.92726862252817,65.0521612733454,66.76386260986328,66.80794467685055,287120000
2009-05-05 00:00:00+00:00,65.99982214949345,66.5361099243164,66.5361099243164,66.80057984000463,243036300
2009-05-06 00:00:00+00:00,66.56549691877778,67.3515587321443,67.68949127197266,67.7335677235211,291941000
2009-05-07 00:00:00+00:00,66.32307727084762,68.32864025312251,66.7491683959961,68.43148906197356,317728000
2009-05-08 00:00:00+00:00,67.17525996829532,67.60869343636136,68.30660247802734,68.48291392225423,299081700
2009-05-11 00:00:00+00:00,66.88140267503765,67.36626053953708,67.02832794189453,67.66746462288525,247923600
2009-05-12 00:00:00+00:00,66.00716779669322,67.31482144275087,66.82996368408203,67.4617522823766,282431300
2009-05-13 00:00:00+00:00,65.01543193015164,65.92638104546737,65.14766693115234,66.12473634938866,269619100
2009-05-14 00:00:00+00:00,65.0154400123517,65.17706121198185,65.70600128173828,66.20555516930366,260098700
2009-05-15 00:00:00+00:00,64.75830536137539,65.65456412738743,65.1697006225586,66.11738379621853,271502700
2009-05-18 00:00:00+00:00,65.06684982362914,65.78679711359145,67.02098846435547,67.10179344119011,241447400
2009-05-19 00:00:00+00:00,66.71242125083953,66.98423910963885,66.9401626586914,67.56460333474746,206102200
2009-05-20 00:00:00+00:00,66.41858753250114,67.54992449446769,66.49205017089844,68.17437093294487,285722200
2009-05-21 00:00:00+00:00,64.83911436338214,65.72067721721811,65.53701782226562,65.97045690887026,258988400
2009-05-22 00:00:00+00:00,65.1476639504322,65.72068039360438,65.3974380493164,66.11738537845595,166811900
2009-05-26 00:00:00+00:00,64.8831808371262,64.91256700837597,67.07240295410156,67.26340465996643,236318500
2009-05-27 00:00:00+00:00,65.77211302241666,67.17527373335523,65.87496185302734,67.4030096290159,246015800
2009-05-28 00:00:00+00:00,65.45618836392735,66.45529563273482,66.79322814941406,67.10177449879446,289095000
2009-05-29 00:00:00+00:00,66.61692732863835,67.16055749789486,67.97600555419922,68.83553006603164,258641500
2009-06-01 00:00:00+00:00,68.6371555894082,68.81346695259849,69.62156677246094,69.91542278100287,276246800
2009-06-02 00:00:00+00:00,69.22489484822904,69.34978187943346,69.68036651611328,70.06238115900133,230874500
2009-06-03 00:00:00+00:00,68.14499340268544,69.08532874509443,68.79882049560547,69.15144344658846,235310500
2009-06-04 00:00:00+00:00,68.54167346595415,69.05591741755363,69.44527435302734,69.54812314334724,210102300
2009-06-05 00:00:00+00:00,68.90902836004437,70.15056243936614,69.46000671386719,70.28279746847728,284257900
2009-06-08 00:00:00+00:00,68.35065845017108,68.93836495637908,69.17345428466797,69.86400956958332,238565100
2009-06-09 00:00:00+00:00,69.07060768228784,69.56281901279529,69.52608489990234,69.89340360947699,225125500
2009-06-10 00:00:00+00:00,68.4608816324458,70.1432024555908,69.34979248046875,70.15054479630916,296100400
2009-06-11 00:00:00+00:00,69.46731788234784,69.4820137705662,69.6583251953125,70.60600821118747,275414200
2009-06-12 00:00:00+00:00,69.0559475012931,69.34980371801151,69.84935760498047,69.89343407579383,184361800
2009-06-15 00:00:00+00:00,67.88050686851344,69.02653958758573,68.2478256225586,69.07061604452255,224190500
2009-06-16 00:00:00+00:00,67.27811286852794,68.49026603157452,67.32218933105469,68.53434249410127,227319000
2009-06-17 00:00:00+00:00,66.72714061064983,67.29280914787157,67.2560806274414,67.82909711068541,223445200
2009-06-18 00:00:00+00:00,67.03568398571743,67.35892633766322,67.74828338623047,68.07886807901842,211725100
2009-06-19 00:00:00+00:00,67.61382086199085,68.39693934453344,67.99799346923828,68.48559022582084,215655600
2009-06-22 00:00:00+00:00,65.93675299783594,67.33306025745846,65.95891571044922,67.37000186947967,251913600
2009-06-23 00:00:00+00:00,65.64124177495096,66.09929186936236,66.01063537597656,66.40219169122386,188309800
2009-06-24 00:00:00+00:00,66.195348582479,66.60907335098543,66.57952117919922,67.2887563925668,211577700
2009-06-25 00:00:00+00:00,66.17316940179508,66.24704699463288,68.02752685546875,68.09401499807306,279411000
2009-06-26 00:00:00+00:00,67.42910362883947,67.79849721988198,67.85021209716797,68.14572809730176,167579000
2009-06-29 00:00:00+00:00,67.6729306194921,68.04971380459956,68.485595703125,68.57425222800353,168481300
2009-06-30 00:00:00+00:00,67.42908974310267,68.50033431842284,67.93146514892578,68.75151920308554,228888200
2009-07-01 00:00:00+00:00,68.12359322863195,68.2196335724191,68.21224975585938,68.87715961881204,173041100
2009-07-02 00:00:00+00:00,66.31354314648559,67.32567804122638,66.35047912597656,68.23438881149289,212309900
2009-07-06 00:00:00+00:00,65.50088443410614,65.70774397535217,66.34310150146484,66.43914182090057,174499600
2009-07-07 00:00:00+00:00,65.01329174680737,66.27661753505275,65.0576171875,66.35788460065632,197088900
2009-07-08 00:00:00+00:00,64.27448792891069,65.44915689933325,65.01327514648438,65.60430717514298,248050500
2009-07-09 00:00:00+00:00,64.94678200634944,65.46393076426935,65.13886260986328,65.67817971726438,163777600
2009-07-10 00:00:00+00:00,64.53308855286795,64.79166305679902,64.98374938964844,65.37530587224425,173520300
2009-07-13 00:00:00+00:00,64.71036285510529,65.24229049748222,66.5647201538086,66.61643502812309,217413500
2009-07-14 00:00:00+00:00,66.29139742234685,66.77160473430406,66.9415283203125,67.00063266644592,181487400
2009-07-15 00:00:00+00:00,66.99326428014042,67.82809229490987,68.89933776855469,69.08403468092423,220877900
2009-07-16 00:00:00+00:00,68.57422607724419,68.70720799559886,68.7884750366211,69.8227782197686,231174500
2009-07-17 00:00:00+00:00,69.10617137916377,69.49033833213171,69.54205322265625,69.68242462686585,138561700
2009-07-20 00:00:00+00:00,69.5863817420851,69.94838596246171,70.28083801269531,70.39904669326734,164179400
2009-07-21 00:00:00+00:00,69.75628954646693,70.82753442173528,70.60589599609375,70.84969713699957,217718300
2009-07-22 00:00:00+00:00,70.10354591751216,70.1552608174161,70.59114837646484,71.01964084573984,196068100
2009-07-23 00:00:00+00:00,70.5763653651752,70.635469714914,72.14998626708984,72.460275648467,258795500
2009-07-24 00:00:00+00:00,71.43334535985237,71.81012282203639,72.44548034667969,72.5045846830418,154003100
2009-07-27 00:00:00+00:00,71.91356736323566,72.31251326087248,72.65974426269531,72.69668588963427,159259400
2009-07-28 00:00:00+00:00,71.70669803307008,72.1499749500803,72.31989288330078,72.67451328960894,186685200
2009-07-29 00:00:00+00:00,71.64759958334348,71.98744108749048,72.14258575439453,72.46764835512201,194399300
2009-07-30 00:00:00+00:00,72.84443379103286,73.01435736674429,72.89614868164062,73.75314473914118,225575400
2009-07-31 00:00:00+00:00,72.68190917554575,72.88138494862861,72.99958801269531,73.48719044778579,207358000
2009-08-03 00:00:00+00:00,73.36897823805505,73.76792412863851,74.20381164550781,74.27029980902131,175776900
2009-08-04 00:00:00+00:00,73.71622134311103,73.87136605329566,74.39590454101562,74.49933434780539,176714600
2009-08-05 00:00:00+00:00,73.5684533371929,74.44760654254748,74.18164825439453,74.51410034196128,184726400
2009-08-06 00:00:00+00:00,73.45023912630693,74.52148419694831,73.79747009277344,74.63229779347988,193203800
2009-08-07 00:00:00+00:00,74.16687326284462,74.57320862375614,74.76528930664062,75.37848425619761,220640900
2009-08-10 00:00:00+00:00,74.07819495966982,74.4254258684577,74.61012268066406,74.78004622795365,130898700
2009-08-11 00:00:00+00:00,73.47978452553275,74.27767616602713,73.67926025390625,74.32939105180918,157301000
2009-08-12 00:00:00+00:00,73.51674344614128,73.55367943810649,74.46977996826172,75.03125439274262,219052400
2009-08-13 00:00:00+00:00,74.07083310410748,74.80962057194995,75.03864288330078,75.06819505839461,176449500
2009-08-14 00:00:00+00:00,73.65709074702977,75.00168339281316,74.46237182617188,75.06078772892445,199616100
2009-08-17 00:00:00+00:00,72.4824175341211,73.02911852079342,72.63017272949219,73.10299611847896,237667500
2009-08-18 00:00:00+00:00,72.65973509382353,72.79271704292158,73.20643615722656,73.46501624016737,173461500
2009-08-19 00:00:00+00:00,72.55631927032704,72.63019689259069,73.84919738769531,74.10038806719324,192812800
2009-08-20 00:00:00+00:00,73.78268456933915,73.94521302942125,74.61012268066406,74.78004622795365,174131300
2009-08-21 00:00:00+00:00,75.075582710746,75.22333794617045,76.07294464111328,76.19114770215265,224605000
2009-08-24 00:00:00+00:00,75.79218318050034,76.38321524998287,76.06553649902344,76.79693431672091,191279000
2009-08-25 00:00:00+00:00,76.05075327386892,76.36843198322417,76.21328735351562,77.02595211525033,215310600
2009-08-26 00:00:00+00:00,75.71831983293609,75.97689429831726,76.22069549560547,76.56792647904615,194620700
2009-08-27 00:00:00+00:00,75.31198845592918,76.17636835079641,76.39061737060547,76.62702911030848,196230100
2009-08-28 00:00:00+00:00,75.85127054881724,77.00378226287168,76.37580871582031,77.09243310791551,147024400
2009-08-31 00:00:00+00:00,75.20115797869573,75.62965595426085,75.6961441040039,75.78480060682762,176051600
2009-09-01 00:00:00+00:00,73.87134459269943,75.31936710358816,74.0264892578125,76.27240344913996,321276800
2009-09-02 00:00:00+00:00,73.56103837574535,73.71618300524331,73.74573516845703,74.20378524352155,171805000
2009-09-03 00:00:00+00:00,73.5758293316753,74.17425091678105,74.35894775390625,74.44759862836625,143572300
2009-09-04 00:00:00+00:00,74.28506241438802,74.50669521396951,75.40062713623047,75.42278985253866,142687900
2009-09-08 00:00:00+00:00,75.64441554688393,76.09507615757197,76.05075073242188,76.13201776952945,132909100
2009-09-09 00:00:00+00:00,75.94731952553131,76.1837311826268,76.63439178466797,76.89296615391328,154612500
2009-09-10 00:00:00+00:00,76.2576228285405,76.6861207974357,77.41751861572266,77.46923349910658,162902400
2009-09-11 00:00:00+00:00,77.04074388496474,77.56528222659998,77.40274810791016,77.79431013770844,152360100
2009-09-14 00:00:00+00:00,76.20593326786435,76.7452449971493,77.77954864501953,77.9125306231243,149593800
2009-09-15 00:00:00+00:00,77.3953713844659,77.90513086938417,78.10460662841797,78.39273327013285,196795900
2009-09-16 00:00:00+00:00,78.111967494892,78.38531513179173,79.28663635253906,79.30140961541258,206406300
2009-09-17 00:00:00+00:00,78.73259231547566,79.17586373696537,79.1684799194336,79.8333842334172,229170900
2009-09-18 00:00:00+00:00,78.95170237136868,79.53812505656894,79.21893310546875,79.54554970566836,153799100
2009-09-21 00:00:00+00:00,78.43209187675401,78.60281916625225,79.01850891113281,79.4267796701034,151892000
2009-09-22 00:00:00+00:00,79.12985200344485,79.48616152632475,79.4787368774414,79.70143103715981,143126700
2009-09-23 00:00:00+00:00,78.67705232048301,79.66432117374522,78.8180923461914,80.1913580285657,225947400
2009-09-24 00:00:00+00:00,77.60813234371616,78.9888226288814,77.94959259033203,79.15954992051527,228636800
2009-09-25 00:00:00+00:00,77.26665144978489,77.77884455205547,77.53388214111328,78.20938351734532,204059000
2009-09-28 00:00:00+00:00,77.81595486596552,77.83079849705535,78.92198944091797,79.09272234685658,118285800
2009-09-29 00:00:00+00:00,78.52113237708393,79.06301828072338,78.68444061279297,79.44159028530812,133733900
2009-09-30 00:00:00+00:00,77.66010209016432,78.9517137149922,78.38013458251953,79.02594322660782,254383000
2009-10-01 00:00:00+00:00,76.42043817677886,76.45755576044841,76.43528747558594,78.48405463315679,281840600
2009-10-02 00:00:00+00:00,75.70782630125217,75.73009458657256,76.0789794921875,76.53178683819647,224748800
2009-10-05 00:00:00+00:00,76.16059510431275,76.38328917151341,77.21466827392578,77.43736234112646,149875000
2009-10-06 00:00:00+00:00,77.72689243736272,77.77142900334587,78.32073974609375,78.76612239596818,202491100
2009-10-07 00:00:00+00:00,77.99410948444478,78.14256845392286,78.53599548339844,78.61764961561539,159200300
2009-10-08 00:00:00+00:00,78.57312131778806,79.09273912973451,79.13727569580078,79.5529654146798,183305800
2009-10-09 00:00:00+00:00,78.95171220507373,79.15955709896204,79.61978912353516,79.61978912353516,135008300
2009-10-12 00:00:00+00:00,79.63461019348568,79.99091967014414,79.93153381347656,80.23587641804063,118031000
2009-10-13 00:00:00+00:00,79.24862968839167,79.71628066293096,79.76824188232422,79.95381847492129,157692700
2009-10-14 00:00:00+00:00,79.73857387244875,80.70357472093106,81.14153289794922,81.2231870772831,191421600
2009-10-15 00:00:00+00:00,80.71095859597601,80.74807050933727,81.43841552734375,81.43841552734375,173873600
2009-10-16 00:00:00+00:00,80.33982315871135,80.76293757488367,80.82974243164062,81.11181682130606,192069400
2009-10-19 00:00:00+00:00,80.71093726537896,80.96331859758462,81.4977798461914,81.75016117839706,159530400
2009-10-20 00:00:00+00:00,80.6738773177625,81.61660415884653,81.06729888916016,81.64629710090385,180921100
2009-10-21 00:00:00+00:00,80.2804197455436,80.94107183584576,80.33980560302734,81.88379825417509,225379300
2009-10-22 00:00:00+00:00,79.79791979149904,80.31011290289693,81.15634155273438,81.41614760078146,238444000
2009-10-23 00:00:00+00:00,79.89440580781007,81.42356026897589,80.22844696044922,81.47552147094027,240033200
2009-10-26 00:00:00+00:00,79.13724550313148,80.31750936037146,79.35993957519531,81.14146949832391,242028200
2009-10-27 00:00:00+00:00,78.80321269623754,79.4490153328183,78.99620819091797,79.71624596290197,253266300
2009-10-28 00:00:00+00:00,77.45966919215067,78.79582293410401,77.50421142578125,79.04078539735349,248821400
2009-10-29 00:00:00+00:00,77.89764119966236,78.08321781341164,79.16698455810547,79.32286823405299,198110600
2009-10-30 00:00:00+00:00,76.78415685901692,78.90715309160608,76.87322998046875,79.14469085438928,325608100
2009-11-02 00:00:00+00:00,76.51691988243263,77.29633794784527,77.4373779296875,78.24649458427379,254222900
2009-11-03 00:00:00+00:00,76.85838222003939,77.00684119005022,77.68234252929688,77.79368958847834,228362600
2009-11-04 00:00:00+00:00,77.68234653744253,78.32073033545156,77.88276672363281,78.92942120525704,247996700
2009-11-05 00:00:00+00:00,78.26874307068712,78.43205128976669,79.31539154052734,79.33765981343,180015300
2009-11-06 00:00:00+00:00,78.72159072839538,78.87747438238384,79.52327728271484,79.72370316880571,170954100
2009-11-09 00:00:00+00:00,80.07259971848646,80.13197993102229,81.33451843261719,81.37905500785627,159495700
2009-11-10 00:00:00+00:00,80.88912366427432,81.14150510423902,81.34934997558594,81.60173707889862,171899800
2009-11-11 00:00:00+00:00,81.37163130135298,81.88381887694227,81.76505279541016,82.26239673456362,169466200
2009-11-12 00:00:00+00:00,80.72584036700586,81.65372358961513,80.93368530273438,82.07683811259095,157144500
2009-11-13 00:00:00+00:00,80.72582678393466,81.141516585447,81.37163543701172,81.72051471279596,150963000
2009-11-16 00:00:00+00:00,81.89125045838617,81.93578703481188,82.5519027709961,82.9082123724487,210922200
2009-11-17 00:00:00+00:00,82.02484192338042,82.33660919411209,82.64837646484375,82.68549404327018,147134100
2009-11-18 00:00:00+00:00,82.07681571992276,82.5890089313355,82.59642791748047,82.71519965597834,156486800
2009-11-19 00:00:00+00:00,81.00788738874496,82.03227374406755,81.52008056640625,82.62611540738058,208734600
2009-11-20 00:00:00+00:00,80.91879308630007,81.0969449723559,81.23056030273438,81.47552268565262,134196000
2009-11-23 00:00:00+00:00,82.09905137528601,82.18813014375561,82.26235961914062,82.94527985403633,148010200
2009-11-24 00:00:00+00:00,81.66113839372795,82.39602023167815,82.38859558105469,82.54447926405327,138420100
2009-11-25 00:00:00+00:00,82.26242591687682,82.5222321217829,82.67811584472656,82.76719468498744,109564800
2009-11-27 00:00:00+00:00,80.38436707185774,80.46602123536195,81.33451843261719,81.89124827650112,126001800
2009-11-30 00:00:00+00:00,80.2581640556635,81.2677011378742,81.60916137695312,81.80215694903166,160874800
2009-12-01 00:00:00+00:00,82.19559891240577,82.33663329233994,82.61871337890625,82.88594416441698,159613700
2009-12-02 00:00:00+00:00,82.33662626873702,82.60385703145202,82.58158874511719,83.14574320677647,132315100
2009-12-03 00:00:00+00:00,81.8689404086965,82.80424767997752,81.93574523925781,83.27189848394498,167324900
2009-12-04 00:00:00+00:00,81.68338907914229,83.01953707262007,82.40342712402344,83.42038316966776,274907800
2009-12-07 00:00:00+00:00,82.01743083657468,82.3292038222052,82.27723693847656,82.78943015604618,127973800
2009-12-08 00:00:00+00:00,81.1117716531327,81.68335042716528,81.3641586303711,82.22523061915729,169863700
2009-12-09 00:00:00+00:00,80.92622705527104,81.34192241750486,81.66853332519531,81.78730504678995,155063400
2009-12-10 00:00:00+00:00,81.98772891103994,82.17330548681264,82.12876892089844,82.48507843825499,138014600
2009-12-11 00:00:00+00:00,82.10651554328372,82.47766876220703,82.47766876220703,82.6632453716687,124854000
2009-12-14 00:00:00+00:00,82.4925362287069,83.0418472290039,83.0418472290039,83.13834505499378,107141500
2009-12-15 00:00:00+00:00,82.3959785998735,82.73743873248765,82.6557846069336,83.07889886510179,120408800
2009-12-16 00:00:00+00:00,82.59637542833703,82.98980231458137,82.78195190429688,83.23475895870646,155358200
2009-12-17 00:00:00+00:00,81.71306299755089,82.18813848424101,81.78729248046875,82.34402209737247,183390100
2009-12-18 00:00:00+00:00,81.55595355906291,82.24255063793424,82.25001525878906,82.31718545880769,174591200
2009-12-21 00:00:00+00:00,82.66049176693208,82.66049176693208,83.08588409423828,83.36201245960672,118039600
2009-12-22 00:00:00+00:00,83.1604987277202,83.2649806359393,83.38439178466797,83.56350281392402,91707500
2009-12-23 00:00:00+00:00,83.21275005094213,83.58590139646206,83.548583984375,83.66799514798346,111783100
2009-12-24 00:00:00+00:00,83.58591733733053,83.72771669769905,83.94414520263672,84.0336978985842,39677500
2009-12-28 00:00:00+00:00,83.8246925970691,84.25754939306265,84.12321472167969,84.32471388183615,87508500
2009-12-29 00:00:00+00:00,83.99634814247847,84.33964660713349,84.0038070678711,84.35457015175493,80572500
2009-12-30 00:00:00+00:00,83.71277133264044,83.75755336582965,83.9739761352539,84.07099912896581,73138400
2009-12-31 00:00:00+00:00,83.13067421805285,84.16057010389804,83.1679916381836,84.18296397227982,90637900
2010-01-04 00:00:00+00:00,83.22022795362042,83.8620488258528,84.57849884033203,84.62327518691242,118944600
2010-01-05 00:00:00+00:00,84.22025300742887,84.52623982731122,84.8023681640625,84.83968557413895,111579900
2010-01-06 00:00:00+00:00,84.65311196936561,84.72027647653118,84.86207580566406,85.07103964196251,116074400
2010-01-07 00:00:00+00:00,84.46654664365528,84.7053632992123,85.2203140258789,85.32479595682022,131091100
2010-01-08 00:00:00+00:00,84.82476613624083,84.99641256569927,85.50389862060547,85.54121603248998,126402800
2010-01-11 00:00:00+00:00,85.2576062764038,85.88450341271869,85.62329864501953,85.92181512591176,106375700
2010-01-12 00:00:00+00:00,84.49640065449034,85.05612773281226,84.82477569580078,85.23523880360055,163333500
2010-01-13 00:00:00+00:00,84.60832810661252,85.04117928880476,85.54120635986328,85.780022964942,161822000
2010-01-14 00:00:00+00:00,85.39195938122988,85.4442003460331,85.77257537841797,85.92929827282762,115718800
2010-01-15 00:00:00+00:00,84.48145473541886,85.62330253263977,84.80982971191406,85.70539058292641,212283100
2010-01-19 00:00:00+00:00,84.77252482919043,84.79491869403624,85.86959075927734,85.92183172290824,139172700
2010-01-20 00:00:00+00:00,84.31726655040133,85.28745647149218,84.99639892578125,85.41432654139966,216490200
2010-01-21 00:00:00+00:00,83.2575404610062,85.01881556502495,83.36202239990234,85.28002041226532,344859600
2010-01-22 00:00:00+00:00,81.41418762723326,82.98888733711924,81.50374603271484,83.39189162102672,345942400
2010-01-25 00:00:00+00:00,81.6529747760398,82.25001347320418,81.92163848876953,82.39927741787325,186937500
2010-01-26 00:00:00+00:00,81.37688508163377,81.60077257985184,81.57838439941406,82.44409866861037,211168800
2010-01-27 00:00:00+00:00,80.84695398716873,81.47384537580496,81.9664077758789,82.1529834073306,271863600
2010-01-28 00:00:00+00:00,80.5335053236414,82.23507410873147,81.02606201171875,82.27985043660136,316104000
2010-01-29 00:00:00+00:00,80.01859191905623,81.37686286864493,80.14546203613281,81.9440546248869,310677600
2010-02-01 00:00:00+00:00,80.22753903681306,80.71263692324504,81.39176940917969,81.39923403034138,187865000
2010-02-02 00:00:00+00:00,81.25740790825883,81.54100648052878,82.37686157226562,82.53358440196628,216327900
2010-02-03 00:00:00+00:00,81.72759119537419,82.00371948586739,81.9664077758789,82.45150555642059,172730700
2010-02-04 00:00:00+00:00,79.42153315957053,81.33207197205677,79.43646240234375,81.36938369131416,356715700
2010-02-05 00:00:00+00:00,78.04834350472578,79.52601977146084,79.60065460205078,79.76483642536944,493585800
2010-02-08 00:00:00+00:00,78.96630301122796,79.66036489189645,79.02600860595703,80.10068653572472,224166900
2010-02-09 00:00:00+00:00,79.30958658400843,79.95140737090527,80.0185775756836,80.71263932459121,337820500
2010-02-10 00:00:00+00:00,79.19017341054803,79.8916997126225,79.86184692382812,80.30216274741119,240511500
2010-02-11 00:00:00+00:00,79.2946686138216,79.75737837692637,80.69771575927734,80.78727414067001,223591600
2010-02-12 00:00:00+00:00,79.48868175493209,79.84690377037509,80.63052368164062,80.67530001011193,304622100
2010-02-16 00:00:00+00:00,80.46635407774806,81.24250954191862,81.89925384521484,81.98134759485656,159317500
2010-02-17 00:00:00+00:00,81.89925006634358,82.29478955427375,82.2873306274414,82.39927716213644,168845100
2010-02-18 00:00:00+00:00,82.12312991946244,82.15298270349933,82.77241516113281,82.94406155204943,193708600
2010-02-19 00:00:00+00:00,82.36199168218393,82.55603203795712,82.94410705566406,83.26501754281843,222684900
2010-02-22 00:00:00+00:00,82.71272601635542,83.25006484803964,82.9590072631836,83.27245301705356,132346900
2010-02-23 00:00:00+00:00,81.73507146669886,82.73512007324386,81.95149993896484,82.98886026524254,207497000
2010-02-24 00:00:00+00:00,81.98878110105055,82.19774485944114,82.70523071289062,82.83956537097535,176350700
2010-02-25 00:00:00+00:00,81.30220718379572,81.52609454781783,82.59330749511719,82.65301306972455,259634700
2010-02-26 00:00:00+00:00,82.17539255672045,82.66794938873923,82.64556121826172,82.92915989454447,173589300
2010-03-01 00:00:00+00:00,82.96645306242152,82.98884122789293,83.50379180908203,83.58588554503497,147709700
2010-03-02 00:00:00+00:00,83.58593302805781,83.86206717802213,83.73519134521484,84.13819563414661,160992400
2010-03-03 00:00:00+00:00,83.60083725664134,83.95160048409996,83.80980682373047,84.3098283338428,150785000
2010-03-04 00:00:00+00:00,83.60830007280117,83.92174587590597,84.06354522705078,84.18295640566502,135770400
2010-03-05 00:00:00+00:00,84.40685672865044,84.60836169990777,85.26510620117188,85.33227072903149,176118800
2010-03-08 00:00:00+00:00,85.13074053126147,85.27253985258113,85.27999877929688,85.46657443625973,114631200
2010-03-09 00:00:00+00:00,84.98149806567939,85.02627440963828,85.42181396484375,85.81735352004924,154556700
2010-03-10 00:00:00+00:00,85.38447869908872,85.4591078163882,85.80240631103516,86.03375828281456,186088800
2010-03-11 00:00:00+00:00,85.33972025582622,85.60092508547228,86.16065216064453,86.18304602647555,160791100
2010-03-12 00:00:00+00:00,85.92926662636467,86.53376980986359,86.16808319091797,86.54869904793094,162074800
2010-03-15 00:00:00+00:00,85.52627425470072,86.01883668896131,86.19048309326172,86.2501886659909,146816800
2010-03-16 00:00:00+00:00,86.19051799493712,86.42933468872263,86.87712097167969,86.95920905012676,168673000
2010-03-17 00:00:00+00:00,86.8845428390452,87.13828867073781,87.39202880859375,87.6756274260053,177468100
2010-03-18 00:00:00+00:00,86.99650397705062,87.39950811120411,87.3472671508789,87.51891358030277,196509100
2010-03-19 00:00:00+00:00,86.56789827660991,86.90512084960938,86.90512084960938,87.8942967726296,226641100
2010-03-22 00:00:00+00:00,86.35805674665701,86.41051281859329,87.36971282958984,87.52708676268173,184477800
2010-03-23 00:00:00+00:00,87.21236803673527,87.49713454711278,87.9842300415039,88.0591664904984,182941600
2010-03-24 00:00:00+00:00,86.6128961920221,87.65452857595798,87.5571060180664,87.99924091650712,196072600
2010-03-25 00:00:00+00:00,87.30979881657197,88.14909627227749,87.41471099853516,88.55375999582914,223396300
2010-03-26 00:00:00+00:00,87.0175314249774,87.57956334906513,87.36224365234375,87.99171666302549,205808500
2010-03-29 00:00:00+00:00,87.4446738153137,87.8043710382911,87.91677856445312,88.07414681416626,134513500
2010-03-30 00:00:00+00:00,87.6095453601509,88.02169870369774,87.97673797607422,88.298969864374,145772500
2010-03-31 00:00:00+00:00,87.38473052940427,87.63951560968938,87.67698669433594,88.0666596751499,161078700
2010-04-01 00:00:00+00:00,87.75192266207975,88.2764892578125,88.2764892578125,88.61370614863122,161215200
2010-04-05 00:00:00+00:00,88.36640899714686,88.61370442816448,88.99588775634766,89.0558334860887,105847600
2010-04-06 00:00:00+00:00,88.6436869987521,88.74110381973014,89.20571899414062,89.3630872667752,110384200
2010-04-07 00:00:00+00:00,88.28396982787443,89.02585605908716,88.69612884521484,89.44550471871798,184576300
2010-04-08 00:00:00+00:00,88.12659621650414,88.38887661280916,89.00336456298828,89.15324315893675,158704000
2010-04-09 00:00:00+00:00,89.02586628471147,89.19072419329923,89.58789825439453,89.6253636220025,133006500
2010-04-12 00:00:00+00:00,89.5953901103899,89.7003022899391,89.73027801513672,89.96258845609707,110279000
2010-04-13 00:00:00+00:00,89.17574602590875,89.6403612146866,89.7977294921875,89.9550977696884,125043600
2010-04-14 00:00:00+00:00,89.9850714550513,90.12744900730198,90.81687927246094,90.81687927246094,161609000
2010-04-15 00:00:00+00:00,90.63702437407382,90.66700009996977,90.89181518554688,91.10163954953345,144615300
2010-04-16 00:00:00+00:00,88.98839868303457,90.569582477017,89.44551849365234,90.89181438093959,366786700
2010-04-19 00:00:00+00:00,88.77853890470598,89.18320246336005,89.78269958496094,89.87262672597834,217947800
2010-04-20 00:00:00+00:00,89.82769860397119,90.34476412988701,90.58456420898438,90.65950637899627,157708000
2010-04-21 00:00:00+00:00,89.91758406639586,90.63698401571278,90.41967010498047,90.84681400355248,192910100
2010-04-22 00:00:00+00:00,89.2656737749872,89.78273934227488,90.68948364257812,90.80189118930512,115360300
2010-04-23 00:00:00+00:00,90.39723773501113,90.62954821595055,91.28150177001953,91.31897286228634,177335500
2010-04-26 00:00:00+00:00,90.84683850411648,91.31144788071312,90.93675994873047,91.51378256566285,143457300
2010-04-27 00:00:00+00:00,88.61368232188588,90.41218526299602,88.78604125976562,90.9292506420688,355853300
2010-04-28 00:00:00+00:00,88.6286570352788,89.21317485419668,89.46046447753906,89.68527946306767,300674100
2010-04-29 00:00:00+00:00,89.97754963791736,90.00002999654251,90.5695571899414,90.7569011348623,193775000
2010-04-30 00:00:00+00:00,89.01089060385947,90.58457924141858,89.03337097167969,90.68200179168727,270000900
2010-05-03 00:00:00+00:00,89.32559460148529,89.46048247648463,90.1873779296875,90.4346733200669,182747900
2010-05-04 00:00:00+00:00,87.61704118957795,89.18324001403741,88.06666564941406,89.19822501854169,360353400
2010-05-05 00:00:00+00:00,86.90516087506064,87.34729009917353,87.54212951660156,88.27652072549989,328973200
2010-05-06 00:00:00+00:00,78.6844817145831,87.12245725929161,84.63452911376953,87.67699391053546,647356600
2010-05-07 00:00:00+00:00,81.98921279545765,84.40969353916987,83.37555694580078,85.25648617391734,637558800
2010-05-10 00:00:00+00:00,86.11079590180199,86.78522970445783,87.04751586914062,87.41470849549758,396159600
2010-05-11 00:00:00+00:00,86.11081488717382,86.23071209643945,86.80023956298828,87.94678414103079,317849800
2010-05-12 00:00:00+00:00,86.9950466086957,87.14492522099935,88.01419830322266,88.14159655300188,235607100
2010-05-13 00:00:00+00:00,86.84517616024262,87.7744007135651,86.92011260986328,88.18655976240574,234452500
2010-05-14 00:00:00+00:00,84.58205939021859,86.26815515523137,85.34642028808594,86.4255234072251,345601400
2010-05-17 00:00:00+00:00,83.75774064247824,85.57872428240825,85.3913803100586,85.81852433832444,325739800
2010-05-18 00:00:00+00:00,83.952602445711,86.08832315869726,84.22987365722656,86.34311400227917,360556800
2010-05-19 00:00:00+00:00,82.70111683793684,83.75773378246085,83.750244140625,84.50710961048327,394742700
2010-05-20 00:00:00+00:00,80.53542691258336,81.96673187349181,80.58788299560547,82.34891517395816,530418300
2010-05-21 00:00:00+00:00,78.95420785692325,79.36636669347286,81.76436614990234,81.9666950313929,500909400
2010-05-24 00:00:00+00:00,80.6403574225257,81.3222866569369,80.71529388427734,81.97424588047588,269823000
2010-05-25 00:00:00+00:00,78.21985915076411,78.76690610670815,80.79771423339844,80.83518531759582,396505200
2010-05-26 00:00:00+00:00,80.07080786852627,81.29229415453732,80.31060791015625,82.03417464000444,349719300
2010-05-27 00:00:00+00:00,81.5171330422042,81.82437999428195,83.00090026855469,83.03087599929052,300870500
2010-05-28 00:00:00+00:00,81.56958788631502,82.91097180034792,81.95926666259766,82.97092326089694,297933500
2010-06-01 00:00:00+00:00,80.46048613916007,81.19487126196015,80.58038330078125,82.39387146459165,277909400
2010-06-02 00:00:00+00:00,80.56541738727603,80.99256148932845,82.67865753173828,82.68614717548135,240243700
2010-06-03 00:00:00+00:00,82.11659401740053,82.91842582129198,82.96338653564453,83.22566689817293,226618300
2010-06-04 00:00:00+00:00,79.77852602227094,81.38968471243919,80.04830169677734,81.92923606145202,398475600
2010-06-07 00:00:00+00:00,78.99170528252175,80.33308292414611,79.05165100097656,80.64032974434275,264609100
2010-06-08 00:00:00+00:00,78.42218146435644,79.11160585327119,79.89845275878906,80.05582099643587,357774300
2010-06-09 00:00:00+00:00,79.13407570990347,80.3630514460768,79.47129821777344,81.14240288903993,268023300
2010-06-10 00:00:00+00:00,79.46382810616667,80.8276921353456,81.79438781738281,81.8918046347224,317890600
2010-06-11 00:00:00+00:00,81.02254164353239,81.0749977390268,82.19156646728516,82.24402256277956,214128200
2010-06-14 00:00:00+00:00,81.98173139479644,82.82102881326155,82.06416320800781,83.27065896433628,207196100
2010-06-15 00:00:00+00:00,82.49878129710851,82.6411645324697,83.93009185791016,84.00502829646939,238268700
2010-06-16 00:00:00+00:00,83.33059632141003,83.49545993126392,83.9001235961914,84.24483581802942,216374000
2010-06-17 00:00:00+00:00,83.21824720776173,84.13997693046268,84.03506469726562,84.17744803544217,263185800
2010-06-18 00:00:00+00:00,83.8550622335698,84.2014144909511,84.1261215209961,84.42729340081608,174006600
2010-06-21 00:00:00+00:00,83.4183444369328,85.1726985634374,83.88516998291016,85.23292948510813,213140700
2010-06-22 00:00:00+00:00,82.37931112561623,83.88519373905673,82.4997787475586,84.25413337089348,239355400
2010-06-23 00:00:00+00:00,81.67905332838728,82.55246202017248,82.24375915527344,82.84610859059451,254639900
2010-06-24 00:00:00+00:00,80.67012828842918,81.83718957035076,80.88095092773438,81.94260089000336,268523600
2010-06-25 00:00:00+00:00,80.39155504719339,81.12190916334728,81.21979522705078,81.63390957249216,238726500
2010-06-28 00:00:00+00:00,80.6701365942531,81.3402539429627,80.96378326416016,81.55860762600659,169218600
2010-06-29 00:00:00+00:00,77.96708145644256,79.82684182201388,78.46401977539062,80.9487286035913,373649500
2010-06-30 00:00:00+00:00,77.46259439777639,78.2456539938451,77.71859741210938,78.96847691071946,284101700
2010-07-01 00:00:00+00:00,76.1449478535046,77.66589242156347,77.37224578857422,77.92188969361115,382924800
2010-07-02 00:00:00+00:00,76.51391324812458,77.63579441528671,76.95061492919922,77.8692044296962,233385200
2010-07-06 00:00:00+00:00,76.70965450244212,78.03483274580206,77.45507049560547,78.58448240035307,256935300
2010-07-07 00:00:00+00:00,77.56800836539817,77.65083236599983,79.89459991455078,79.9924802132227,253769400
2010-07-08 00:00:00+00:00,79.74401171712137,80.56471493433281,80.68518829345703,80.77553756831425,210842100
2010-07-09 00:00:00+00:00,80.51203827951235,80.66262428817882,81.28756713867188,81.29509816245161,144999900
2010-07-12 00:00:00+00:00,80.67765426151783,81.01647551855956,81.34024047851562,81.49835744810082,131283600
2010-07-13 00:00:00+00:00,82.01790094969485,82.183548964731,82.56755065917969,82.89130992285835,213025900
2010-07-14 00:00:00+00:00,81.9651582168577,82.30397937111981,82.55998229980469,82.88374716154838,184426800
2010-07-15 00:00:00+00:00,81.44561531714932,82.52985204529784,82.58255767822266,82.86867315060267,232337900
2010-07-16 00:00:00+00:00,80.15059310396848,82.13835752802308,80.3087158203125,82.22871254529312,282693400
2010-07-19 00:00:00+00:00,79.97743401080751,80.60237673260336,80.7830810546875,81.03907836559944,186709000
2010-07-20 00:00:00+00:00,79.67625791662795,79.71390728404397,81.67908477783203,81.73931572341596,258162400
2010-07-21 00:00:00+00:00,80.28611280799363,82.10070373801064,80.6174087524414,82.12329105340751,264527000
2010-07-22 00:00:00+00:00,81.56612488858003,81.57365016485623,82.41694641113281,82.77836072939012,274781300
2010-07-23 00:00:00+00:00,82.01789232370646,82.25130227789836,83.13224792480469,83.25271554021515,222020800
2010-07-26 00:00:00+00:00,83.04193557386373,83.27534564798742,83.9981689453125,84.08099298667683,184445700
2010-07-27 00:00:00+00:00,83.65928179249978,84.45739747935627,83.9905776977539,84.54775247473951,204855600
2010-07-28 00:00:00+00:00,83.16991878864374,83.81744894900908,83.4485092163086,84.07345205041503,163056200
2010-07-29 00:00:00+00:00,82.37932946415694,83.96803069007157,83.04191589355469,84.19391543016658,220149100
2010-07-30 00:00:00+00:00,82.05554338261268,82.1985983198422,83.0268325805664,83.47107092376885,220070600
2010-08-02 00:00:00+00:00,83.98305276509707,84.3218739694915,84.90164184570312,85.03717147635787,188263200
2010-08-03 00:00:00+00:00,84.21647346511209,84.69083010543467,84.49506378173828,84.90917800190171,146657300
2010-08-04 00:00:00+00:00,84.44991086424554,84.72849550802658,85.0597915649414,85.16520290223484,158171700
2010-08-05 00:00:00+00:00,84.38965913491799,84.5176577724669,84.96942138671875,85.01460176928414,140473800
2010-08-06 00:00:00+00:00,83.51625269516468,84.13366436892426,84.62307739257812,84.75860706459787,239728300
2010-08-09 00:00:00+00:00,84.57036743357916,85.0221310692084,85.07483673095703,85.21789741762603,120800400
2010-08-10 00:00:00+00:00,83.85506542804018,84.3520036442624,84.61553192138672,85.06730124729769,242916300
2010-08-11 00:00:00+00:00,82.16094100424115,83.31294005371248,82.29647064208984,83.34305838928832,273406900
2010-08-12 00:00:00+00:00,81.01648642048487,81.05413578499386,81.7920150756836,82.08566173649697,239542600
2010-08-13 00:00:00+00:00,81.4531832448069,81.53600724043206,81.55106353759766,82.04047649052298,158698500
2010-08-16 00:00:00+00:00,80.70024218855913,80.99388881207477,81.51342010498047,81.7769483896117,147895300
2010-08-17 00:00:00+00:00,81.98023634726545,82.21365202710795,82.51482391357422,83.11717917547774,172270300
2010-08-18 00:00:00+00:00,82.00281159546982,82.4771623836488,82.66539764404297,83.10963010122077,182922100
2010-08-19 00:00:00+00:00,80.88845088556572,82.23621594867143,81.2272720336914,82.43950748865007,265847600
2010-08-20 00:00:00+00:00,80.37648992434603,80.98637058577044,80.96378326416016,81.27249197813185,209714200
2010-08-23 00:00:00+00:00,80.61739520667193,81.34774891904013,80.65504455566406,81.74680674262669,163490300
2010-08-24 00:00:00+00:00,79.03624049873683,79.7741196747755,79.4578857421875,80.10541564862139,280677800
2010-08-25 00:00:00+00:00,78.5242172512164,79.02115532200823,79.76657104492188,80.06774284807624,272234800
2010-08-26 00:00:00+00:00,78.96848345988019,80.14307582363966,79.23201751708984,80.24848714872897,224439500
2010-08-27 00:00:00+00:00,78.53928737293283,79.72893573611354,80.45928955078125,80.54211353457768,272649000
2010-08-30 00:00:00+00:00,79.28474156679896,80.2485057594029,79.29226684570312,80.49697783094578,167238600
2010-08-31 00:00:00+00:00,78.67485505078574,78.99862012278436,79.29226684570312,79.79674201218077,273933100
2010-09-01 00:00:00+00:00,80.30874076924749,80.36144644290725,81.66403198242188,81.77697435297497,256828100
2010-09-02 00:00:00+00:00,81.68659925831332,81.85977828325434,82.42448425292969,82.43954055121377,156112200
2010-09-03 00:00:00+00:00,82.78589331565797,83.23013166806535,83.49365997314453,83.56895295395485,212197300
2010-09-07 00:00:00+00:00,82.48472826934213,83.10213995463951,82.552490234375,83.20755128545956,141973700
2010-09-08 00:00:00+00:00,82.680478569679,82.71812793076812,83.13224792480469,83.46353817554797,149924400
2010-09-09 00:00:00+00:00,83.29035644142836,84.06588494741118,83.5162353515625,84.08847226397606,147017900
2010-09-10 00:00:00+00:00,83.47859449883168,83.66682980240978,83.9378890991211,84.0357693889669,127819000
2010-09-13 00:00:00+00:00,84.42730553208557,84.76613256229683,84.87154388427734,85.04471716560838,178503500
2010-09-14 00:00:00+00:00,84.38965611759384,84.70589006181469,84.81883239746094,85.30071433469817,209823600
2010-09-15 00:00:00+00:00,84.31436675707587,84.57036403399681,85.1426010131836,85.24048131121465,168608400
2010-09-16 00:00:00+00:00,84.59292530927577,84.87904658302304,85.11998748779297,85.17269313119627,199962900
2010-09-17 00:00:00+00:00,84.91713491820947,85.56813142079726,85.15179443359375,85.65139881823796,195836900
2010-09-20 00:00:00+00:00,85.17449645630529,85.44700686890266,86.45378112792969,86.6430241491646,214555200
2010-09-21 00:00:00+00:00,85.92390814875351,86.52191682486767,86.2796859741211,86.93067669312082,268389100
2010-09-22 00:00:00+00:00,85.61353547768384,86.1434193640727,85.85576629638672,86.62788100147847,191322400
2010-09-23 00:00:00+00:00,84.91716237836206,85.15182196962957,85.15939331054688,86.04504961491872,202354300
2010-09-24 00:00:00+00:00,86.02990167058701,86.10559774432518,86.91555786132812,86.97611703041476,209671800
2010-09-27 00:00:00+00:00,86.4159601623429,86.94583845993037,86.49922180175781,87.04424277941366,128761800
2010-09-28 00:00:00+00:00,85.67411497705194,86.6127589005847,86.802001953125,87.0820837499709,209207500
2010-09-29 00:00:00+00:00,86.30997090964155,86.58248137378553,86.6506118774414,86.98368150589289,179665800
2010-09-30 00:00:00+00:00,85.98446098264513,87.08964536833243,86.39322662353516,87.64980312426069,287106700
2010-10-01 00:00:00+00:00,86.24188834604934,87.04427745208336,86.75662994384766,87.14268758600704,174638700
2010-10-04 00:00:00+00:00,85.67410929077305,86.5749080091546,86.10558319091797,86.93825141178229,166153200
2010-10-05 00:00:00+00:00,86.80201897082877,86.90042907359658,87.83907318115234,88.0510245175126,229634100
2010-10-06 00:00:00+00:00,87.47570408166536,87.82391059465671,87.83148193359375,88.0585758997896,148626600
2010-10-07 00:00:00+00:00,87.19563898580242,88.18727082685152,87.72551727294922,88.20997907126636,164860000
2010-10-08 00:00:00+00:00,87.51355258081931,87.84662218196458,88.21753692626953,88.45976778840082,177760100
2010-10-11 00:00:00+00:00,87.99802172058835,88.35379959265835,88.30081176757812,88.54304265012198,103098300
2010-10-12 00:00:00+00:00,87.54386599329452,88.01318522147814,88.57334899902344,88.8307168628349,182210000
2010-10-13 00:00:00+00:00,88.85338038119977,89.06533741410817,89.26214599609375,89.73904210108938,194347200
2010-10-14 00:00:00+00:00,88.35378270373705,89.17887950444523,88.9139404296875,89.33027738662015,217764300
2010-10-15 00:00:00+00:00,88.38409201755162,89.53468743301251,89.09564208984375,89.58767526579214,243705000
2010-10-18 00:00:00+00:00,88.8003964678579,89.12589470650407,89.53466033935547,89.82987900054165,141204800
2010-10-19 00:00:00+00:00,87.82391851789852,88.70958044577281,88.36137390136719,89.20917913114089,280604700
2010-10-20 00:00:00+00:00,88.46735478734028,88.52034261733502,89.22432708740234,89.65580106742811,200051800
2010-10-21 00:00:00+00:00,88.72470668484074,89.62550540843702,89.4211196899414,90.14781227464287,221585500
2010-10-22 00:00:00+00:00,89.32271501242461,89.55737453429593,89.58765411376953,89.72390933378111,108212400
2010-10-25 00:00:00+00:00,89.78449824088202,90.18569269516564,89.85262298583984,90.65501766964826,151145700
2010-10-26 00:00:00+00:00,89.22428890357382,89.39838922394671,89.86771392822266,89.95854686920403,158982900
2010-10-27 00:00:00+00:00,88.76253898308742,89.23942926747257,89.61034393310547,89.70875398997406,190024000
2010-10-28 00:00:00+00:00,89.19403723905636,90.12510982686213,89.6255111694336,90.16296074760596,168576000
2010-10-29 00:00:00+00:00,89.37571469877376,89.5346781806857,89.69364166259766,89.86774782387647,144305500
2010-11-01 00:00:00+00:00,89.20918135206901,90.1326884505553,89.72392272949219,90.64742982797848,174074800
2010-11-02 00:00:00+00:00,90.15539639087586,90.39762728677387,90.43547821044922,90.64742952245496,158345900
2010-11-03 00:00:00+00:00,89.66336963685791,90.59444813824025,90.798828125,90.85181595677035,226702800
2010-11-04 00:00:00+00:00,90.81397222975262,91.80560414353681,92.54743957519531,92.59285606735624,215039400
2010-11-05 00:00:00+00:00,92.48684900760828,92.60796153733945,92.89561462402344,93.04700672999705,180654100
2010-11-08 00:00:00+00:00,92.30520343220556,92.6079877297897,92.7215347290039,92.87293265303626,156107100
2010-11-09 00:00:00+00:00,91.6844898418791,92.9713404808974,92.05540466308594,93.06974480380192,186621600
2010-11-10 00:00:00+00:00,91.33627913890638,92.0326922585461,92.42631530761719,92.47173757210865,221387400
2010-11-11 00:00:00+00:00,91.35140945996783,91.63149126572564,92.0781021118164,92.2143573449905,158017600
2010-11-12 00:00:00+00:00,90.57172873500522,91.45738486059456,90.9880599975586,91.85857921960991,239068800
2010-11-15 00:00:00+00:00,90.82152985399496,91.27571203273375,90.859375,91.63148990157173,163940800
2010-11-16 00:00:00+00:00,89.0123527258917,90.29920885152175,89.44383239746094,90.45060097207154,299566200
2010-11-17 00:00:00+00:00,89.21674734811366,89.48168647314489,89.4892578125,89.86017258754373,172308900
2010-11-18 00:00:00+00:00,90.34463532840405,90.352206667841,90.80638885498047,91.13188714789106,197723700
2010-11-19 00:00:00+00:00,90.2689462397563,90.7609793868869,91.05619812011719,91.0940432697486,156852900
2010-11-22 00:00:00+00:00,89.90559425159066,90.6020131313792,90.98049926757812,91.01834441605395,181361000
2010-11-23 00:00:00+00:00,89.31515405414629,89.90559148440526,89.66336059570312,90.09483454668006,222309000
2010-11-24 00:00:00+00:00,90.21595086184375,90.23108776538177,90.9880599975586,91.01077401572535,140046100
2010-11-26 00:00:00+00:00,89.92828369140625,90.20079409700506,89.92828369140625,90.69282131938874,76007800
2010-11-29 00:00:00+00:00,89.12591588098313,89.7012164389245,90.20082092285156,90.44305182484158,223642300
2010-11-30 00:00:00+00:00,89.17890029368466,89.30758996734293,89.69364166259766,90.20838303151064,233930700
2010-12-01 00:00:00+00:00,90.98049454769644,90.98806011185505,91.60121154785156,91.77531192733665,221037200
2010-12-02 00:00:00+00:00,91.69205782199518,91.74504565499178,92.77452850341797,92.84265901740827,191213600
2010-12-03 00:00:00+00:00,92.4338698967486,92.45657813725904,93.02430725097656,93.1302828901847,151288900
2010-12-06 00:00:00+00:00,92.72913462245405,92.82753897194584,92.92594909667969,93.13790048034943,103050500
2010-12-07 00:00:00+00:00,92.92590164647146,93.81912900386337,92.97888946533203,93.87211682272394,206581000
2010-12-08 00:00:00+00:00,92.6609948935652,93.09246893352383,93.3195571899414,93.39525327541392,138019200
2010-12-09 00:00:00+00:00,93.22110792150553,93.84182476356538,93.682861328125,93.8796699004388,123705100
2010-12-10 00:00:00+00:00,93.66020643740515,93.97056214758655,94.22793579101562,94.31876879143866,117571700
2010-12-13 00:00:00+00:00,94.25819544928113,94.65939565010515,94.2884750366211,94.77293688357909,133812700
2010-12-14 00:00:00+00:00,94.08408722616508,94.4322937887903,94.37173461914062,94.79564303144808,147249600
2010-12-15 00:00:00+00:00,93.78127550043885,94.19761247660395,93.94023895263672,94.56852719839897,160823100
2010-12-16 00:00:00+00:00,93.67530007046891,94.00079831384454,94.48526000976562,94.55339050385022,185035200
2010-12-17 00:00:00+00:00,94.22120391944277,94.41905333276567,94.58646392822266,94.70821339407537,141075300
2010-12-20 00:00:00+00:00,94.34300144416646,94.84522764985788,94.81478881835938,95.04307715179132,119085500
2010-12-21 00:00:00+00:00,95.02023095117009,95.11154162224703,95.41592407226562,95.47680172339182,94965500
2010-12-22 00:00:00+00:00,95.43115090018703,95.48441739603801,95.71269989013672,95.74313871713908,78878100
2010-12-23 00:00:00+00:00,95.33985093578774,95.60618346118181,95.57574462890625,95.71271647133943,70053700
2010-12-27 00:00:00+00:00,95.14957243596336,95.2180554254739,95.61375427246094,95.70506492514166,58126000
2010-12-28 00:00:00+00:00,95.49962410847407,95.80400654165535,95.75074005126953,95.84205071729549,55309100
2010-12-29 00:00:00+00:00,95.8039744749634,95.86485210234561,95.8191909790039,96.03225686923159,58033100
2010-12-30 00:00:00+00:00,95.52245499696657,95.72791561367927,95.66703796386719,95.97902575933269,76616900
2010-12-31 00:00:00+00:00,95.37023574529145,95.52242401484807,95.68983459472656,95.78115103982674,91218900
2011-01-03 00:00:00+00:00,95.65183128453724,96.4203957736161,96.67912292480469,97.09764377304958,138725200
2011-01-04 00:00:00+00:00,96.02470067667005,96.89218699131219,96.6258544921875,96.92262582058544,137409700
2011-01-05 00:00:00+00:00,96.23017223427742,96.32148873796062,97.12809753417969,97.18897520330182,133975300
2011-01-06 00:00:00+00:00,96.64865272357753,97.16610105238213,96.93781280517578,97.27263401958207,122519000
2011-01-07 00:00:00+00:00,95.99426978097999,97.06721102487505,96.74761199951172,97.22701053755672,156034600
2011-01-10 00:00:00+00:00,96.03230602977857,96.32147200506799,96.6258544921875,96.76282632111064,122401700
2011-01-11 00:00:00+00:00,96.60301684763388,96.97588813593222,96.96827697753906,97.20417063721175,110287000
2011-01-12 00:00:00+00:00,96.99108368960302,97.56180433351449,97.84335327148438,97.94988624351811,107929200
2011-01-13 00:00:00+00:00,97.44005662425592,97.88141086020465,97.68355560302734,97.9270661930228,129048400
2011-01-14 00:00:00+00:00,97.4780939797994,97.54657697015656,98.3912353515625,98.41406301501488,117677900
2011-01-18 00:00:00+00:00,98.18579876439468,98.2999371095503,98.55867004394531,98.64998072006982,114401300
2011-01-19 00:00:00+00:00,97.33351810116386,98.47494780151338,97.59223937988281,98.57386381324511,151958400
2011-01-20 00:00:00+00:00,96.73998914939976,97.37158177006312,97.46289825439453,97.70639726805261,175745700
2011-01-21 00:00:00+00:00,97.57702262271034,98.07164915442958,97.68355560302734,98.29232046679194,151462900
2011-01-24 00:00:00+00:00,97.59984995728942,97.62267762362087,98.23905944824219,98.35319777989949,113715500
2011-01-25 00:00:00+00:00,97.48571931030003,97.98033426810343,98.29232788085938,98.3760332010811,167552200
2011-01-26 00:00:00+00:00,98.33799970788722,98.53585501316779,98.67282104492188,98.9619870380385,141281500
2011-01-27 00:00:00+00:00,98.52061424614965,98.69563023547147,98.91631317138672,99.08372380855529,123302700
2011-01-28 00:00:00+00:00,97.02911963244726,99.03042395257629,97.18891906738281,99.19022919312256,295637300
2011-01-31 00:00:00+00:00,97.21177554839389,97.4552861564236,97.9194564819336,97.99555644974909,149249200
2011-02-01 00:00:00+00:00,98.45211806617029,98.51299570892228,99.48701477050781,99.66203073640533,167194300
2011-02-02 00:00:00+00:00,99.17501291315308,99.22827358909326,99.29676818847656,99.56309479062176,118323600
2011-02-03 00:00:00+00:00,98.59669409060528,99.12174195141705,99.51744079589844,99.66962908647673,145886700
2011-02-04 00:00:00+00:00,99.09891292626976,99.55548940295125,99.79898834228516,99.8370383172123,134634800
2011-02-07 00:00:00+00:00,100.01206008704216,100.01967704920402,100.42298126220703,100.75018552092831,112439100
2011-02-08 00:00:00+00:00,100.24037566507187,100.51431931945362,100.87958526611328,100.93284595965159,99072800
2011-02-09 00:00:00+00:00,100.14902859024811,100.60560505204157,100.65126037597656,100.9252039308083,146436700
2011-02-10 00:00:00+00:00,99.91314798393776,100.14143624448026,100.68932342529297,100.80346174995259,162708500
2011-02-11 00:00:00+00:00,100.27082216470517,100.29364983539277,101.29049682617188,101.41985749714365,137710300
2011-02-14 00:00:00+00:00,101.11550433609983,101.22964271608959,101.53401947021484,101.61772481928362,101690700
2011-02-15 00:00:00+00:00,100.68934559545805,101.22201057985927,101.21439361572266,101.37419891665593,119575400
2011-02-16 00:00:00+00:00,101.35134482953046,101.55680541682698,101.85357666015625,101.97532033112567,130183500
2011-02-17 00:00:00+00:00,101.46551157373005,101.55683386656828,102.1579818725586,102.29494789497687,109810500
2011-02-18 00:00:00+00:00,102.01339138591655,102.24928503688936,102.37104034423828,102.49279565158722,130002400
2011-02-22 00:00:00+00:00,100.04253887071056,101.29810726648752,100.31648254394531,102.3938819594265,233116400
2011-02-23 00:00:00+00:00,99.08372586763453,100.25558874094264,99.7000961303711,100.49909934960272,227584000
2011-02-24 00:00:00+00:00,98.69563021770436,99.59356105428552,99.63159942626953,100.01969299928349,260431400
2011-02-25 00:00:00+00:00,99.98926020428983,100.05013786238509,100.69695281982422,100.75783047791947,141686900
2011-02-28 00:00:00+00:00,100.73497444025946,101.06979565988358,101.3208999633789,101.45027220741594,141585500
2011-03-01 00:00:00+00:00,99.60116640643739,101.64052707193083,99.63159942626953,101.73183774265192,258565500
2011-03-02 00:00:00+00:00,99.19026052835719,99.49463718308884,99.84468078613281,100.30886273189489,200277400
2011-03-03 00:00:00+00:00,100.74257663833615,100.75018198900858,101.56440734863281,101.67854566483136,176480100
2011-03-04 00:00:00+00:00,100.1414336789685,101.48831232033955,100.80345916748047,101.68616755964507,277202300
2011-03-07 00:00:00+00:00,99.48703694621153,101.10025419944508,100.0120849609375,101.3285425078448,216790400
2011-03-08 00:00:00+00:00,99.73812627825588,100.17186349823486,100.88716125488281,101.206760156768,174615000
2011-03-09 00:00:00+00:00,100.14142119813681,100.68930829662897,100.74256896972656,101.05456249188322,153806000
2011-03-10 00:00:00+00:00,98.77932250102751,99.684858570263,98.87825012207031,99.82182455827015,301291800
2011-03-11 00:00:00+00:00,98.53580033222138,98.55862799151254,99.56307983398438,99.92072864450627,225621800
2011-03-14 00:00:00+00:00,98.20861203759287,98.91630450749729,98.96195983886719,99.28916412116725,234974100
2011-03-15 00:00:00+00:00,96.26060106645359,96.32908408288941,97.82816314697266,98.41410049156417,359585400
2011-03-16 00:00:00+00:00,95.3322003969045,97.51613200862056,96.01705932617188,97.8357425182974,468670300
2011-03-17 00:00:00+00:00,96.7171649588752,97.40202410196476,97.28787994384766,97.69879542970139,254303700
2011-03-18 00:00:00+00:00,97.45063605475728,98.46709577344232,97.6417007446289,98.49767265435318,230435400
2011-03-21 00:00:00+00:00,98.74225426770434,98.85690010750592,99.15496063232422,99.36130215296802,153992600
2011-03-22 00:00:00+00:00,98.71934305801466,99.13968788048976,98.81105041503906,99.26961052349698,129538600
2011-03-23 00:00:00+00:00,98.06971446612634,98.53590123234984,99.09381866455078,99.35366390982276,148603100
2011-03-24 00:00:00+00:00,99.10144587699367,99.65935158459531,100.0414810180664,100.1866920686518,159129800
2011-03-25 00:00:00+00:00,100.0338419248889,100.30133719110553,100.3471908569336,100.7828123439648,155642800
2011-03-28 00:00:00+00:00,100.07205013527275,100.56117530568125,100.10261535644531,100.82102050147178,109762400
2011-03-29 00:00:00+00:00,99.6899307850903,100.01855650790861,100.77517700195312,100.80574222620815,129798800
2011-03-30 00:00:00+00:00,101.15728558354498,101.30249660755732,101.47063446044922,101.76869489754617,135835000
2011-03-31 00:00:00+00:00,101.22611119161013,101.3407570487739,101.3331069946289,101.61589077963185,132537100
2011-04-01 00:00:00+00:00,101.51649823968994,101.95976974499465,101.76105499267578,102.23490338064366,153850100
2011-04-04 00:00:00+00:00,101.55472809279263,101.97506116561689,101.84513854980469,102.15848750293942,100768900
2011-04-05 00:00:00+00:00,101.60055404069568,101.64640769709908,101.829833984375,102.28074382122482,120791500
2011-04-06 00:00:00+00:00,101.738142048035,102.3189862812772,102.15084838867188,102.41069361845632,120411600
2011-04-07 00:00:00+00:00,101.3865927755202,101.96742536597048,101.89100646972656,102.39540850226709,170731500
2011-04-08 00:00:00+00:00,101.11912201078421,102.34194126393812,101.53946685791016,102.40308339276268,147945400
2011-04-11 00:00:00+00:00,100.98918091900966,101.6464441067682,101.23374938964844,101.99035831464576,121385400
2011-04-12 00:00:00+00:00,100.11028603721182,100.66819181647138,100.47712707519531,100.86689494919862,161187400
2011-04-13 00:00:00+00:00,100.08733776238628,100.94330388822108,100.46946716308594,101.01972277136271,162059000
2011-04-14 00:00:00+00:00,99.56001714791164,99.88864290035055,100.54590606689453,100.69875552527695,161220400
2011-04-15 00:00:00+00:00,100.43123705334914,100.72929747539398,100.91271209716797,101.16491886376933,170006700
2011-04-18 00:00:00+00:00,98.97914222587335,99.80454303951112,99.7816162109375,100.9050774576948,210759300
2011-04-19 00:00:00+00:00,99.68993399092278,99.93449077782283,100.3548355102539,100.38541239715735,124258800
2011-04-20 00:00:00+00:00,101.4859398051618,101.55473197282701,101.72286987304688,101.94449983515524,156133800
2011-04-21 00:00:00+00:00,101.72286326161027,102.25019210166342,102.2425537109375,102.2884073786234,135935400
2011-04-25 00:00:00+00:00,101.79926809111237,102.1661090435887,102.13554382324219,102.30368168930708,65757100
2011-04-26 00:00:00+00:00,102.34192534292335,102.44892113630416,103.01446533203125,103.22081852700384,146600000
2011-04-27 00:00:00+00:00,102.79279988042202,103.21314451709833,103.68698120117188,103.8398306158734,143031000
2011-04-28 00:00:00+00:00,103.48832116612887,103.50359795078823,104.02330017089844,104.16086120283875,124791100
2011-04-29 00:00:00+00:00,103.92390813868597,104.06148078645987,104.267822265625,104.3748296925957,115094100
2011-05-02 00:00:00+00:00,103.90099241815969,104.7569702938113,104.10734558105469,104.8410275754246,126278700
2011-05-03 00:00:00+00:00,103.2055162460683,103.90864469307179,103.73285675048828,104.08442097399002,138375000
2011-05-04 00:00:00+00:00,102.58645349186075,103.68698800862659,103.04501342773438,103.73284166988124,182678500
2011-05-05 00:00:00+00:00,101.66170000925403,102.47181240100811,102.11260986328125,103.13671376751138,226900000
2011-05-06 00:00:00+00:00,102.16609692213764,103.12907034292394,102.56351470947266,103.65641070922838,222787200
2011-05-09 00:00:00+00:00,102.39542736398812,102.55592690049704,102.96098327636719,103.25904384845406,114104500
2011-05-10 00:00:00+00:00,103.17494987857656,103.30487249013494,103.83985137939453,104.02327771071145,114806900
2011-05-11 00:00:00+00:00,102.27313433142876,103.68700633725095,102.7469711303711,103.70229478092621,193564200
2011-05-12 00:00:00+00:00,101.94448469795343,102.47182515564405,103.236083984375,103.45007552348652,171550700
2011-05-13 00:00:00+00:00,102.07441267028247,103.28958147310372,102.44125366210938,103.43479252406944,157444900
2011-05-16 00:00:00+00:00,101.6234881166503,102.07439798565886,101.7916259765625,102.87687201493745,141675400
2011-05-17 00:00:00+00:00,100.9738853551905,101.40951853967732,101.77635955810547,101.9139322285571,192686200
2011-05-18 00:00:00+00:00,101.60820618578737,101.82984777062723,102.6858139038086,102.79280967045626,135217900
2011-05-19 00:00:00+00:00,102.36484524687361,103.02210840788757,102.93038940429688,103.19788470046511,119489500
2011-05-20 00:00:00+00:00,101.92154517988028,102.66287708440908,102.11260986328125,102.93036064417275,182594900
2011-05-23 00:00:00+00:00,100.56880648643876,100.86686693357694,100.92800903320312,101.43242260887176,168700000
2011-05-24 00:00:00+00:00,100.65290650521752,101.21846235520027,100.8439712524414,101.44009233084664,147199600
2011-05-25 00:00:00+00:00,100.40832437169102,100.4388895924055,101.18022155761719,101.60056622783986,151050100
2011-05-26 00:00:00+00:00,100.71404932217526,100.90511407072418,101.64644622802734,101.82987258483435,164850000
2011-05-27 00:00:00+00:00,101.61586841164566,101.92920569758424,102.03620147705078,102.31133514734549,120921900
2011-05-31 00:00:00+00:00,102.28839825422676,102.9991650249517,103.0985107421875,103.11379918394078,164731200
2011-06-01 00:00:00+00:00,100.69874508323625,102.8004569876378,100.7828140258789,103.1138059249118,233094300
2011-06-02 00:00:00+00:00,100.08732569903691,100.85158440832146,100.67579650878906,101.06557591398814,200466800
2011-06-03 00:00:00+00:00,99.41480685217662,99.46829891527572,99.67465209960938,100.43891105911719,234690200
2011-06-06 00:00:00+00:00,98.49001912629932,99.42241571288949,98.61994171142578,99.62876883593167,179951200
2011-06-07 00:00:00+00:00,98.47474607221989,99.12435902241963,98.5588150024414,99.40714269407196,161660500
2011-06-08 00:00:00+00:00,97.96270707578599,98.40597866827818,98.14613342285156,98.73461608239573,198696400
2011-06-09 00:00:00+00:00,98.17670226349432,98.41362065382462,98.89509582519531,99.3001521044694,160964400
2011-06-10 00:00:00+00:00,97.25961728334416,98.47479231667167,97.51946258544922,98.53592278402805,238629400
2011-06-13 00:00:00+00:00,97.09908451973344,97.74105912382598,97.5958480834961,98.00855437302988,207599800
2011-06-14 00:00:00+00:00,98.45183965627199,98.49004327293336,98.83396911621094,99.17788329782287,160570400
2011-06-15 00:00:00+00:00,96.81632662380945,98.00857458285006,97.076171875,98.81868722577734,300958000
2011-06-16 00:00:00+00:00,96.54116212687104,97.10671195201594,97.2901382446289,97.80219019213621,308032800
2011-06-17 00:00:00+00:00,97.25024448104337,98.25638553363666,97.58050537109375,98.26406765472848,233284900
2011-06-20 00:00:00+00:00,97.21949447637374,97.25021709234707,98.07970428466797,98.28708047755308,159479000
2011-06-21 00:00:00+00:00,98.11813358896275,98.58664334532926,99.42381286621094,99.61582486932045,193157300
2011-06-22 00:00:00+00:00,98.76326180214879,99.11656893961097,98.82470703125,99.70028103685375,176703000
2011-06-23 00:00:00+00:00,96.9199686560323,97.66497607411608,98.5405502319336,98.801683711401,334286500
2011-06-24 00:00:00+00:00,97.2502083347938,98.51748829580914,97.39613342285156,98.59428603921697,226129300
2011-06-27 00:00:00+00:00,97.26556604327212,97.45757797969041,98.26403045654297,98.64036635145655,168904700
2011-06-28 00:00:00+00:00,98.51747273650363,98.65571568449157,99.5466537475586,99.56201798160507,165556300
2011-06-29 00:00:00+00:00,99.56206905334534,99.9998503326832,100.39923858642578,100.56052210847766,244295500
2011-06-30 00:00:00+00:00,100.3915246316737,100.72177953248347,101.35926055908203,101.52054402057756,223322700
2011-07-01 00:00:00+00:00,101.21336474436241,101.45145774981432,102.85698699951172,102.99524173397303,202385700
2011-07-05 00:00:00+00:00,102.44991273139061,102.74945095477769,102.77249145507812,102.97986767726343,165936000
2011-07-06 00:00:00+00:00,102.23484128909767,102.52670319808482,102.8953628540039,103.02592957131942,143331600
2011-07-07 00:00:00+00:00,103.59433000582426,103.80938253320896,103.9629898071289,104.22412334474122,170464200
2011-07-08 00:00:00+00:00,102.44989241996632,102.78783531668164,103.22561645507812,103.9629474769551,194100500
2011-07-11 00:00:00+00:00,101.1211676362697,101.9583368550222,101.35926055908203,102.28859175583197,195918600
2011-07-12 00:00:00+00:00,100.89074626128976,101.14420340842742,100.92146301269531,101.98137258809315,214675700
2011-07-13 00:00:00+00:00,101.01369114708378,101.45147247755213,101.25946044921875,102.31937059585397,204062600
2011-07-14 00:00:00+00:00,100.3684967476688,101.51289236961898,100.56050872802734,101.98140207047308,226111800
2011-07-15 00:00:00+00:00,100.43760071048287,101.1211626926622,101.14420318603516,101.28244614627292,220012800
2011-07-18 00:00:00+00:00,99.56205933376977,100.67572651541634,100.31474304199219,100.82933376125007,196872100
2011-07-19 00:00:00+00:00,100.85238166208244,100.87542216467398,101.94300842285156,102.06589891632815,166554900
2011-07-20 00:00:00+00:00,101.70491352288964,102.20415174853761,101.88156127929688,102.26558527464965,137145400
2011-07-21 00:00:00+00:00,101.89688633860571,102.45755787477316,103.29473876953125,103.5481959153412,245246300
2011-07-22 00:00:00+00:00,102.73408667497736,103.31781060097946,103.3638916015625,103.47141784275004,126019400
2011-07-25 00:00:00+00:00,102.27325116060882,102.38077738729908,102.787841796875,103.29475617390608,136653800
2011-07-26 00:00:00+00:00,102.1733995355522,102.71871863887138,102.40381622314453,102.88769009514046,131278200
2011-07-27 00:00:00+00:00,100.17649702472364,101.83548355068756,100.30707550048828,101.86621203421429,249020100
2011-07-28 00:00:00+00:00,99.85389492240792,100.30705205237578,100.01519012451172,101.20566661400575,207939900
2011-07-29 00:00:00+00:00,98.28709647671361,99.00906342025925,99.3316421508789,100.26866158150432,307038400
2011-08-01 00:00:00+00:00,97.94911252832927,100.49134828806038,98.90917205810547,100.58352197216304,325790900
2011-08-02 00:00:00+00:00,96.38233947753906,98.1642105587473,96.38233947753906,98.69416554065864,346653800
2011-08-03 00:00:00+00:00,94.87693365608956,96.51287904547475,96.90457916259766,97.0121053743262,370830800
2011-08-04 00:00:00+00:00,92.21183489238479,95.56052441918762,92.36544799804688,95.7141375248497,520721800
2011-08-05 00:00:00+00:00,89.75409534672872,93.51753195340193,92.22721099853516,93.75562497313457,655619200
2011-08-08 00:00:00+00:00,86.03671837243502,89.79247778454416,86.22105407714844,92.25791070261988,702263900
2011-08-09 00:00:00+00:00,84.69263267737412,87.61121681116317,90.23026275634766,90.35314736359415,717828700
2011-08-10 00:00:00+00:00,85.98294031674442,88.52518226659005,86.24407958984375,89.30858836640982,662607400
2011-08-11 00:00:00+00:00,86.26714469445275,86.98911163574779,90.11506652832031,91.33625994460539,487979700
2011-08-12 00:00:00+00:00,90.07666133030027,90.93687713131446,90.7218246459961,91.55899408666268,313731600
2011-08-15 00:00:00+00:00,91.3976900556961,91.54362101577571,92.64192962646484,92.73409161410267,258810600
2011-08-16 00:00:00+00:00,90.86772986926452,91.75866809588149,91.850830078125,92.69568731362023,294095200
2011-08-17 00:00:00+00:00,91.1826265994323,92.35773867790056,91.91226959228516,93.0873816707534,238201100
2011-08-18 00:00:00+00:00,87.08894959969611,89.47757900147612,87.94916534423828,91.94301202015052,512956300
2011-08-19 00:00:00+00:00,86.40539794567172,86.75869931410287,86.51292419433594,89.0013980144438,428281300
2011-08-22 00:00:00+00:00,86.33625618788513,88.45606390122357,86.58203125,88.50215075394117,275090600
2011-08-23 00:00:00+00:00,86.4668230493909,86.9046100626167,89.43148803710938,89.5313321419715,331136600
2011-08-24 00:00:00+00:00,89.0320997513688,89.23947593924626,90.69108581542969,90.81397041661586,246869700
2011-08-25 00:00:00+00:00,88.99369721139287,91.19031430217423,89.30859375,91.70490490169043,312365400
2011-08-26 00:00:00+00:00,87.44223892484328,88.85544989266407,90.60659790039062,91.02134440639,314495900
2011-08-29 00:00:00+00:00,90.67575097877035,91.827823054671,93.21031188964844,93.2640750188008,190977200
2011-08-30 00:00:00+00:00,91.59739540996739,92.8032303945758,93.45606994628906,94.03210587893145,241315700
2011-08-31 00:00:00+00:00,93.16420882944318,94.0551413101873,93.87081146240234,94.86159391632431,301828400
2011-09-01 00:00:00+00:00,92.76483533894368,93.92458944512508,92.88772583007812,94.77712318321151,254585900
2011-09-02 00:00:00+00:00,90.19185613496728,90.95222183939529,90.51443481445312,92.83394252254242,255517200
2011-09-06 00:00:00+00:00,87.84930708496745,87.85698920385462,89.85391235351562,89.98448493563846,285130500
2011-09-07 00:00:00+00:00,90.90615598906065,91.21337634154374,92.38848876953125,92.42688765125361,209803200
2011-09-08 00:00:00+00:00,91.22103719781636,91.83547779902375,91.42841339111328,92.88770542417596,250568200
2011-09-09 00:00:00+00:00,88.54058469087843,90.3839013165764,89.03213500976562,91.44380559297527,380195100
2011-09-12 00:00:00+00:00,87.59587984525837,87.91845861034149,89.60816192626953,89.67728929578243,305793500
2011-09-13 00:00:00+00:00,89.26247915986106,89.89995997528861,90.4299087524414,90.76785151912344,272514700
2011-09-14 00:00:00+00:00,89.64654909135942,90.89078290117669,91.68187713623047,92.78018583412192,319389500
2011-09-15 00:00:00+00:00,91.70491710190137,92.66497694203908,93.26405334472656,93.29477596277981,326777200
2011-09-16 00:00:00+00:00,92.88960914026595,93.6384707965594,93.81603240966797,94.16344555323535,284528300
2011-09-19 00:00:00+00:00,91.65437818950059,92.27971361575207,92.88188934326172,93.36054471412984,241517000
2011-09-20 00:00:00+00:00,92.65028335843864,93.27561876371732,92.7738037109375,94.17888232468772,218932200
2011-09-21 00:00:00+00:00,89.8941753442712,92.8201372105706,90.04085540771484,93.10578136415702,316251300
2011-09-22 00:00:00+00:00,85.92599653318445,87.4314361236619,87.1303482055664,88.17257606743978,513911300
2011-09-23 00:00:00+00:00,86.4818357430252,86.5513207327434,87.65531158447266,88.1339669790178,307242500
2011-09-26 00:00:00+00:00,87.22297595654389,88.48136865454148,89.73976135253906,89.8632875975245,260673700
2011-09-27 00:00:00+00:00,90.20295169700039,91.50766937389186,90.74337005615234,92.30285024558755,311753900
2011-09-28 00:00:00+00:00,88.75929123775798,90.92866924099746,88.89053344726562,91.47680366604871,286696800
2011-09-29 00:00:00+00:00,87.95641372668558,90.36512303653974,89.59310150146484,90.81289105043996,298108900
2011-09-30 00:00:00+00:00,87.29244678325998,88.35783404009346,87.35420989990234,89.12985532795817,288392300
2011-10-03 00:00:00+00:00,84.7756948208974,86.84471306188463,84.86833953857422,87.97186395502622,365136800
2011-10-04 00:00:00+00:00,82.9382597991036,83.64851807829874,86.7288818359375,86.91417121403214,459177500
2011-10-05 00:00:00+00:00,86.1421409127137,86.94504379803857,88.33467864990234,88.56628740357394,284108000
2011-10-06 00:00:00+00:00,87.63215677342936,88.28837383042456,89.93277740478516,90.0640255282292,257800800
2011-10-07 00:00:00+00:00,88.82876665467391,90.45773202782797,89.33058166503906,90.51949514388474,312657900
2011-10-10 00:00:00+00:00,90.84379505165018,90.85151691812369,92.318359375,92.3569569272509,230666300
2011-10-11 00:00:00+00:00,91.67751667089672,91.77016133447843,92.41093444824219,92.67342471669656,209088000
2011-10-12 00:00:00+00:00,92.89731773759834,93.10576088192938,93.22156524658203,94.29467430492423,281544900
2011-10-13 00:00:00+00:00,91.96319892467203,92.6734572580356,93.03630828857422,93.31423648685671,212538800
2011-10-14 00:00:00+00:00,93.59217244633537,94.1171473210633,94.62667846679688,94.64983817023156,211397600
2011-10-17 00:00:00+00:00,92.5885510752069,94.17891369242793,92.82015991210938,94.61124979530874,202311600
2011-10-18 00:00:00+00:00,92.02494806660678,92.75065006381786,94.63438415527344,95.34464242613,318857900
2011-10-19 00:00:00+00:00,93.19070602657972,94.479980399933,93.51495361328125,95.02039893449162,226601300
2011-10-20 00:00:00+00:00,92.50361075684611,93.74656577401825,93.92413330078125,94.26381873667698,262075600
2011-10-21 00:00:00+00:00,94.74249252281206,95.02813674767295,95.70751953125,95.82332395027403,278999400
2011-10-24 00:00:00+00:00,95.77699794951027,95.86192079683751,96.88098907470703,97.12031977629171,203215600
2011-10-25 00:00:00+00:00,94.78880430249724,96.41777023278921,94.99725341796875,96.46408964064645,268596800
2011-10-26 00:00:00+00:00,94.34871467811573,96.00083965428664,95.96224212646484,96.32508716025187,289053800
2011-10-27 00:00:00+00:00,97.7456507751941,98.5331101795414,99.30513763427734,99.91502948712339,393220200
2011-10-28 00:00:00+00:00,98.66431729456549,98.81871918727374,99.28193664550781,99.47494195642045,225906500
2011-10-31 00:00:00+00:00,96.74972304413039,98.17024550398077,96.88868713378906,99.29739016779806,228146700
2011-11-01 00:00:00+00:00,93.81604211012352,94.20977469085578,94.18661499023438,95.35236900531282,416565800
2011-11-02 00:00:00+00:00,94.79652270335644,95.59942578720057,95.72294616699219,96.03947781593605,244717600
2011-11-03 00:00:00+00:00,95.4218542907387,96.71112875603139,97.46771240234375,97.6607177734375,291174800
2011-11-04 00:00:00+00:00,95.7383653295774,96.68023228029236,96.87323760986328,97.04307735223931,249401600
2011-11-07 00:00:00+00:00,95.88506510151649,96.80377254410001,97.47543334960938,97.57579402121385,196617200
2011-11-08 00:00:00+00:00,97.05082703836875,97.98497239449776,98.72611236572266,98.83420080012131,224426300
2011-11-09 00:00:00+00:00,94.85055216759869,96.41775470837123,95.08216094970703,97.1202970280588,337982000
2011-11-10 00:00:00+00:00,94.97407666312971,96.34055793490631,95.97770690917969,96.45636233099766,231866500
2011-11-11 00:00:00+00:00,97.11257235661353,97.14345391933875,97.78423309326172,98.03899567814719,189924400
2011-11-14 00:00:00+00:00,96.44088069910542,97.42135085859194,96.85777282714844,98.39409326730501,159258300
2011-11-15 00:00:00+00:00,96.286544493919,96.63395189253164,97.33649444580078,97.85374755575576,184709400
2011-11-16 00:00:00+00:00,95.6534553420631,96.35599177309425,95.79241943359375,97.53718360607672,235782500
2011-11-17 00:00:00+00:00,93.59215346482182,95.61484568865134,94.27153015136719,95.85417631907016,331219600
2011-11-18 00:00:00+00:00,93.77746332442265,94.57264461839675,94.17119598388672,94.76565001557715,215580400
2011-11-21 00:00:00+00:00,91.60033793358411,92.79696753879334,92.38008117675781,92.91277192382795,229611600
2011-11-22 00:00:00+00:00,91.49997597514765,92.17935859340615,92.0172348022461,92.71977123060634,216494900
2011-11-23 00:00:00+00:00,89.98680877685547,91.15256269184941,89.98680877685547,92.01722874450239,224329100
2011-11-25 00:00:00+00:00,89.70891115625547,89.8478752854224,89.8169937133789,90.8669436026274,99557000
2011-11-28 00:00:00+00:00,91.7315948750845,92.28745130040633,92.41869354248047,92.78154459179092,210686000
2011-11-29 00:00:00+00:00,92.34151432289278,92.68120574951172,92.68120574951172,93.41462399510296,199241500
2011-11-30 00:00:00+00:00,92.64256435558289,95.33691728637552,96.49494934082031,96.67251684745965,324439500
2011-12-01 00:00:00+00:00,96.06261521742036,96.3868627654109,96.47950744628906,96.99676032856759,176954800
2011-12-02 00:00:00+00:00,96.33280628614622,97.3673177772985,96.39456939697266,97.6606837186424,221109700
2011-12-05 00:00:00+00:00,96.84234343555622,97.92316842832001,97.44451904296875,98.18565870517297,225263900
2011-12-06 00:00:00+00:00,97.08942261105246,97.43682991973111,97.47543334960938,98.13165042714485,178842100
2011-12-07 00:00:00+00:00,96.4795128164929,97.15116764756505,97.83827209472656,98.24744248378332,237802500
2011-12-08 00:00:00+00:00,95.4604518514969,97.19750008453646,95.69205474853516,97.41366514446129,240862800
2011-12-09 00:00:00+00:00,96.03947964096653,96.12440248058688,97.31331634521484,97.56036299954944,209111400
2011-12-12 00:00:00+00:00,95.0821802555828,96.46409369523565,95.8927993774414,96.4795374252085,215826100
2011-12-13 00:00:00+00:00,94.53403577916848,96.39461052886058,94.99725341796875,96.94274511871349,245159800
2011-12-14 00:00:00+00:00,93.7774272042843,94.61892758464366,93.98587036132812,94.98177853399312,238618800
2011-12-15 00:00:00+00:00,94.17887559340228,94.9817784424527,94.3255615234375,95.11302064824473,199109200
2011-12-16 00:00:00+00:00,94.24012265926915,94.96265638250019,94.46542358398438,95.52203216693324,220481400
2011-12-19 00:00:00+00:00,93.25342881929278,94.83057077208487,93.45542907714844,95.03257102994053,183903000
2011-12-20 00:00:00+00:00,93.51755441073355,94.92377308072435,96.28337860107422,96.44653055222705,225418100
2011-12-21 00:00:00+00:00,95.36665732730945,96.28342054319393,96.46987915039062,96.61749542510299,194230900
2011-12-22 00:00:00+00:00,96.51648138750882,96.82724370274623,97.32447052001953,97.42547360714178,119465400
2011-12-23 00:00:00+00:00,97.43325741183845,97.63525175814644,98.19463348388672,98.22571090502919,92187200
2011-12-27 00:00:00+00:00,97.93824874196153,98.02371016784622,98.27232360839844,98.52870788605253,86075700
2011-12-28 00:00:00+00:00,96.90493729218143,98.28784970656112,96.98262786865234,98.30338545089089,119107100
2011-12-29 00:00:00+00:00,97.00595286452179,97.30117948212165,97.98487091064453,98.08586808648897,123507200
2011-12-30 00:00:00+00:00,97.50318145751953,97.90717609533789,97.50318145751953,98.14802463794501,95599000
2012-01-03 00:00:00+00:00,99.00263045919266,99.25901474274066,99.05701446533203,99.74070588812671,193697900
2012-01-04 00:00:00+00:00,98.44323265785496,98.82392063870451,99.2123794555664,99.29784086946893,127186500
2012-01-05 00:00:00+00:00,98.22572260327195,98.6763363723857,99.47655487060547,99.6241711567596,173895000
2012-01-06 00:00:00+00:00,98.8938574177459,99.60084946160438,99.22016143798828,99.61639113537505,148050000
2012-01-09 00:00:00+00:00,98.98710867776519,99.44548737598063,99.46102905273438,99.58532690228668,99530200
2012-01-10 00:00:00+00:00,100.1835586507178,100.5254044160401,100.32341003417969,100.72739879790052,115282000
2012-01-11 00:00:00+00:00,99.84947109820831,100.01261718463579,100.37776947021484,100.50984406321648,111540700
2012-01-12 00:00:00+00:00,99.86499545368103,100.66523158720646,100.61860656738281,100.76622282643291,118983700
2012-01-13 00:00:00+00:00,99.22794694288272,99.94270992928377,100.09809112548828,100.2612490871395,179836200
2012-01-17 00:00:00+00:00,100.14467322140162,101.0614421477144,100.48651885986328,101.24790663819032,132209200
2012-01-18 00:00:00+00:00,100.2845112049706,100.46319890862958,101.59750366210938,101.65188172199683,163395200
2012-01-19 00:00:00+00:00,101.62082983929055,101.94713382601383,102.13359832763672,102.21905974236108,126328900
2012-01-20 00:00:00+00:00,101.71405799014003,101.96267733010406,102.5142822265625,102.5142822265625,138230200
2012-01-23 00:00:00+00:00,101.7606905781653,102.17245606561443,102.25015258789062,102.74737950791362,129295800
2012-01-24 00:00:00+00:00,101.46544868201599,101.62082983929055,102.13359832763672,102.16466981716268,103083300
2012-01-25 00:00:00+00:00,101.58200091350145,101.9782247181614,102.98822021484375,103.22906283266595,198613200
2012-01-26 00:00:00+00:00,102.05592221701784,103.44659985655615,102.45992279052734,103.64082930567083,184880500
2012-01-27 00:00:00+00:00,101.89276184641723,101.96269345610635,102.4133071899414,102.59199495953695,135259100
2012-01-30 00:00:00+00:00,101.045891971883,101.39550248913118,102.06365203857422,102.1180419559434,147311800
2012-01-31 00:00:00+00:00,101.52761017631413,102.56868901503867,102.02484893798828,102.69298685063265,157212000
2012-02-01 00:00:00+00:00,102.65416283983949,102.77846069044121,102.9183120727539,103.43884562755326,166234500
2012-02-02 00:00:00+00:00,102.71628053492537,103.12026914918356,103.0814208984375,103.34558189061765,113090400
2012-02-03 00:00:00+00:00,103.92827123802238,104.10695896764658,104.5264892578125,104.58864408873002,160598500
2012-02-06 00:00:00+00:00,103.97486556430977,104.09139844190861,104.45655059814453,104.50316374918407,107694500
2012-02-07 00:00:00+00:00,103.82729814040306,104.239063641177,104.72074890136719,104.89944853742023,135528100
2012-02-08 00:00:00+00:00,104.34782558591054,104.77513273772182,105.0315170288086,105.05482361392333,139361400
2012-02-09 00:00:00+00:00,104.5420604769098,105.2024453690898,105.1635971069336,105.34228488706192,148602900
2012-02-10 00:00:00+00:00,103.98263441097765,104.23125369903462,104.38663482666016,104.47209622507722,167907500
2012-02-13 00:00:00+00:00,104.68191184970712,105.13252561010374,105.1635971069336,105.28790680390338,115841900
2012-02-14 00:00:00+00:00,104.30121241568105,104.88390075319883,105.0315170288086,105.0936718740561,165329500
2012-02-15 00:00:00+00:00,104.33228210542904,105.37336092677833,104.54205322265625,105.52874210979596,195195100
2012-02-16 00:00:00+00:00,104.36337685506564,104.54984140794988,105.69967651367188,105.79290286270115,186567800
2012-02-17 00:00:00+00:00,105.6297442361373,106.06481628649111,105.97935485839844,106.15027771458377,129869400
2012-02-21 00:00:00+00:00,105.69965120190676,106.22794952632933,106.02595520019531,106.47656887063842,134042300
2012-02-22 00:00:00+00:00,105.4976251874679,105.86277737150925,105.68408966064453,106.08809009178357,124455300
2012-02-23 00:00:00+00:00,105.27230236725087,105.62968956926706,106.15022277832031,106.22790740149382,137704300
2012-02-24 00:00:00+00:00,106.15029593145098,106.38336181640625,106.38336181640625,106.5931329676923,105539100
2012-02-27 00:00:00+00:00,105.5054487216828,105.67637160082849,106.56205749511719,106.84951331239593,145728900
2012-02-28 00:00:00+00:00,106.3833407631807,106.5931118729531,106.872802734375,106.99711241830117,129355900
2012-02-29 00:00:00+00:00,106.08034851783151,107.02818915828884,106.45327758789062,107.36226996836373,185934700
2012-03-01 00:00:00+00:00,106.38333863075712,106.67857116045792,107.00487518310547,107.20688137914232,145023500
2012-03-02 00:00:00+00:00,106.43770816784735,106.9349349434897,106.67855072021484,107.074786272013,120638300
2012-03-05 00:00:00+00:00,105.87834747376047,106.51542570374538,106.24349975585938,106.59311036398154,140765000
2012-03-06 00:00:00+00:00,104.38669212186599,105.15584512978813,104.68968963623047,105.21798813109095,202129900
2012-03-07 00:00:00+00:00,104.8294798352589,104.93048291078729,105.4199447631836,105.59086757339115,143692200
2012-03-08 00:00:00+00:00,105.84728627353296,106.0648223110661,106.46881103515625,106.68635892751432,116968900
2012-03-09 00:00:00+00:00,106.53873899672298,106.67081359678345,106.88058471679688,107.16026373704877,122836800
2012-03-12 00:00:00+00:00,106.50763464725514,106.86502197182034,106.8883285522461,107.0281680348006,104003500
2012-03-13 00:00:00+00:00,107.28459522530083,107.46329488653629,108.81512451171875,108.86951445770178,184090500
2012-03-14 00:00:00+00:00,108.36449704502321,108.84619416728754,108.69857788085938,109.11810829849559,145163600
2012-03-15 00:00:00+00:00,108.58200419746532,108.86169501973687,109.32785034179688,109.37446350303841,165118500
2012-03-16 00:00:00+00:00,109.24514130475802,109.52605785866986,109.47924041748047,109.61969274104864,152893500
2012-03-19 00:00:00+00:00,109.33100423263059,109.40904125838982,109.908447265625,110.24398028147716,125291100
2012-03-20 00:00:00+00:00,108.96423296842117,109.28416804971066,109.58849334716797,109.72114674280051,121729700
2012-03-21 00:00:00+00:00,109.1827268982605,109.65092517866881,109.40902709960938,109.752359010895,122388400
2012-03-22 00:00:00+00:00,108.26194608029648,108.60527797271789,108.62088775634766,108.89400538937565,135216700
2012-03-23 00:00:00+00:00,108.11370575518178,108.71455753078207,108.97205352783203,109.09690800970874,120521000
2012-03-27 00:00:00+00:00,110.08788541402352,110.60290105468209,110.15811157226562,110.6731272129242,119868500
2012-03-28 00:00:00+00:00,108.96420090150637,110.10347665045174,109.61186981201172,110.27514850175547,148562100
2012-03-29 00:00:00+00:00,108.53505440227893,108.96423416154025,109.42462158203125,109.62751305374196,164963700
2012-03-30 00:00:00+00:00,109.28417928177427,109.96305611354308,109.8772201538086,110.06450185871408,135486800
2012-04-02 00:00:00+00:00,109.52608742297059,109.74457681201476,110.68096160888672,110.96968908544977,151741100
2012-04-03 00:00:00+00:00,109.58070903795183,110.52490472663476,110.22837829589844,110.7121864576439,155806700
2012-04-04 00:00:00+00:00,108.73013138174994,109.41681897353628,109.13590240478516,109.51045386086129,146896000
2012-04-05 00:00:00+00:00,108.66772877304467,108.76137558836128,109.081298828125,109.40123397466752,137439400
2012-04-09 00:00:00+00:00,107.55965191972578,107.7079151017086,107.8561782836914,109.12029693971058,127555900
2012-04-10 00:00:00+00:00,105.93656222762493,107.64547014822006,106.04580688476562,107.94979540073874,235360300
2012-04-11 00:00:00+00:00,106.70910180920231,107.13047071996087,106.90418243408203,107.32555134484058,154133000
2012-04-12 00:00:00+00:00,106.92757831944914,107.00561532274294,108.30094146728516,108.38677740819834,154321500
2012-04-13 00:00:00+00:00,106.91194388786467,108.05121957669836,107.01338958740234,108.32433711848182,169246700
2012-04-16 00:00:00+00:00,106.57645423974266,107.55965635644958,106.94320678710938,107.71571848353014,147825300
2012-04-17 00:00:00+00:00,107.45041846960169,107.559663156142,108.52726745605469,108.74575682913532,147877600
2012-04-18 00:00:00+00:00,107.98102111927774,108.04344834217032,108.16049194335938,108.52724443611878,123884200
2012-04-19 00:00:00+00:00,106.95882139358132,108.17612270917387,107.46602630615234,108.58188187651965,198666700
2012-04-20 00:00:00+00:00,107.58302719653338,107.94198067851833,107.64545440673828,108.33214181221928,143199600
2012-04-23 00:00:00+00:00,106.07699060706437,106.54517673371842,106.7402572631836,106.83390401393088,171844900
2012-04-24 00:00:00+00:00,106.74809702740998,106.83393295990217,107.14605712890625,107.41917470686519,137484200
2012-04-25 00:00:00+00:00,108.09803684220311,108.19167169900611,108.61305236816406,108.65986979656556,150252200
2012-04-26 00:00:00+00:00,108.31656262535206,108.37898985318859,109.37000274658203,109.49485720225509,136291600
2012-04-27 00:00:00+00:00,109.08908920059393,109.69773980541237,109.54947662353516,109.86160086459917,130725000
2012-04-30 00:00:00+00:00,108.84723846582466,109.33103482191171,109.14375305175781,109.4090718695046,115092200
2012-05-01 00:00:00+00:00,108.95647307787047,109.08131567294001,109.8226318359375,110.54052736140503,138832200
2012-05-02 00:00:00+00:00,108.82379513399331,109.18273686252424,109.494873046875,109.60411773470328,121081000
2012-05-03 00:00:00+00:00,108.45700207777669,109.51043005147865,108.65988159179688,109.59626598178978,143759700
2012-05-04 00:00:00+00:00,106.84175520530735,108.09027596724808,106.90418243408203,108.69892656433066,193927300
2012-05-07 00:00:00+00:00,106.48277959945197,106.52178618657985,106.98218536376953,107.34112693139983,127765900
2012-05-08 00:00:00+00:00,105.2811251447108,106.34236437090775,106.55305480957031,106.72472673636527,213377700
2012-05-09 00:00:00+00:00,104.94557921811847,105.42157642803757,105.92098236083984,106.5998591380054,220752500
2012-05-10 00:00:00+00:00,105.89757488426824,106.65447677769352,106.13947296142578,106.78714208462841,150600000
2012-05-11 00:00:00+00:00,105.42937305323083,105.47619049796985,105.81953430175781,106.80273636160629,153032400
2012-05-14 00:00:00+00:00,104.49298573754035,104.80510996558465,104.6490478515625,105.81953156689273,163910000
2012-05-15 00:00:00+00:00,103.884303365472,104.57878968109038,104.04816436767578,105.19523901019203,207629300
2012-05-16 00:00:00+00:00,103.62682168722093,104.51638878631653,103.65023040771484,104.99238594765214,207265500
2012-05-17 00:00:00+00:00,102.05834779827785,103.67362066535352,102.11297607421875,103.7984750902699,247992900
2012-05-18 00:00:00+00:00,101.09075053830954,102.51093085119267,101.239013671875,102.69041354275754,319615900
2012-05-21 00:00:00+00:00,101.40288675823078,101.56675969031885,102.97914123535156,103.01815973411293,177861100
2012-05-22 00:00:00+00:00,102.48756013595407,103.2444739566535,103.15863800048828,103.96236926877289,197531200
2012-05-23 00:00:00+00:00,101.43409255853575,102.41729429735223,103.21322631835938,103.36148944947344,204958400
2012-05-24 00:00:00+00:00,102.55002465608234,103.49422051721443,103.41618347167969,103.6580816433434,167357600
2012-05-25 00:00:00+00:00,102.83088042210278,103.37710369685847,103.0805892944336,103.66583106883779,135465600
2012-05-29 00:00:00+00:00,102.35490931582818,103.9077555050037,104.3291244506836,104.50859530654932,152883500
2012-05-30 00:00:00+00:00,102.6046138479892,103.43955276431264,102.81529235839844,104.32132103417058,162370400
2012-05-31 00:00:00+00:00,101.70725137048638,102.77630149788088,102.58901977539062,103.35373263869644,196186000
2012-06-01 00:00:00+00:00,100.006103515625,100.98150633883427,100.006103515625,102.61237700161469,253240900
2012-06-04 00:00:00+00:00,99.21019763425977,100.18560071462915,99.95931243896484,100.45871833984293,202545800
2012-06-05 00:00:00+00:00,99.70959448563953,99.76421681504726,100.71621704101562,100.86446829408496,164149400
2012-06-06 00:00:00+00:00,101.38727697737141,101.41849653909014,102.97914123535156,103.02595867115555,184202800
2012-06-07 00:00:00+00:00,102.83090503587084,104.14965205493623,103.04159545898438,104.19646950301095,184772700
2012-06-08 00:00:00+00:00,102.44855269546134,102.77629867752006,103.86094665527344,103.884355381595,143915400
2012-06-11 00:00:00+00:00,102.44072194316529,104.69585316379096,102.54216766357422,104.75828038352148,169756100
2012-06-12 00:00:00+00:00,102.34709575405823,102.83869080265319,103.720458984375,103.79068514749204,181931800
2012-06-13 00:00:00+00:00,102.7060581296277,103.41615456243463,103.05721282958984,104.06382375762114,172223900
2012-06-14 00:00:00+00:00,102.98697324459857,103.26788985640734,104.149658203125,104.56322822790209,230615500
2012-06-15 00:00:00+00:00,104.39908575076943,104.61870720253098,105.2148208618164,105.3089409215795,169444500
2012-06-18 00:00:00+00:00,104.54025361453947,104.77556570489918,105.41873931884766,105.67758142139635,131360900
2012-06-19 00:00:00+00:00,105.39523800278496,105.95214303598337,106.43844604492188,106.86984966662862,137382600
2012-06-20 00:00:00+00:00,105.31679327937982,106.44628188158201,106.265869140625,106.7521840473058,206451800
2012-06-21 00:00:00+00:00,103.79511272836535,106.39136123566513,103.88139343261719,106.50117195303378,205272200
2012-06-22 00:00:00+00:00,104.02259636090919,104.42263060870759,104.68147277832031,104.87756424301422,130029200
2012-06-25 00:00:00+00:00,102.63426917657026,103.57550573791607,103.00292205810547,103.61472642140386,146375700
2012-06-26 00:00:00+00:00,102.6969977088831,103.30096266289152,103.52058410644531,103.83433757471573,141634000
2012-06-27 00:00:00+00:00,103.51275060058569,103.86571279990035,104.45398712158203,104.65791791111519,108088000
2012-06-28 00:00:00+00:00,102.97152642796509,103.76373146315555,104.15591430664062,104.31279701881111,169242100
2012-06-29 00:00:00+00:00,105.77173239110884,106.04625323865956,106.75218963623047,106.88553038535034,212250900
2012-07-02 00:00:00+00:00,106.29724657712887,107.0502309720173,107.07376098632812,107.18357170926897,129524500
2012-07-03 00:00:00+00:00,106.94041656047443,107.05022727962769,107.77969360351562,107.85812299235609,80450000
2012-07-05 00:00:00+00:00,106.90115987282176,107.37962326692296,107.29334259033203,108.08555933952147,126177500
2012-07-06 00:00:00+00:00,105.77170340621328,106.25800623661965,106.27369689941406,106.49331830466011,151192100
2012-07-09 00:00:00+00:00,105.65404316414049,106.18741799189685,106.1403579711914,106.33644936977684,103780500
2012-07-10 00:00:00+00:00,104.85400735193872,106.68158097932493,105.2148208618164,106.85414240120492,167884800
2012-07-11 00:00:00+00:00,104.61873293864434,105.2697581052575,105.23053741455078,105.57566034321071,141733400
2012-07-12 00:00:00+00:00,104.00689367777552,104.61869794906488,104.72065734863281,105.28540159420305,143583200
2012-07-13 00:00:00+00:00,104.97948944095941,104.99518010419199,106.47763061523438,106.58744132092384,129642600
2012-07-16 00:00:00+00:00,105.81091074000574,106.23447485068624,106.22662353515625,106.54037694463602,97525200
2012-07-17 00:00:00+00:00,105.53640808109556,106.65020594681968,106.95610809326172,107.17572953334981,138860300
2012-07-18 00:00:00+00:00,106.64235979611124,106.70509851630239,107.74830627441406,107.96008835258698,113349700
2012-07-19 00:00:00+00:00,107.62282387464921,107.96793473205673,108.03068542480469,108.38364759909999,129847300
2012-07-20 00:00:00+00:00,106.92473884743724,107.41888110393735,107.04238891601562,107.58360316841795,142904500
2012-07-23 00:00:00+00:00,104.97949624077499,105.47365043261998,105.95995330810547,106.97179170393375,145210900
2012-07-24 00:00:00+00:00,104.34418540369556,106.03841846886851,105.05010986328125,106.0854785037112,173301200
2012-07-25 00:00:00+00:00,104.51674915707041,105.26974563663784,105.07365417480469,105.54426650212045,129122300
2012-07-26 00:00:00+00:00,106.09327710871896,106.58743122173496,106.80705261230469,107.03452531798145,156526500
2012-07-27 00:00:00+00:00,106.78352698312199,107.37180115380214,108.77581024169922,109.0817243001828,236768900
2012-07-30 00:00:00+00:00,108.45422945776357,108.65032084799029,108.77581024169922,109.29349438433023,106782000
2012-07-31 00:00:00+00:00,108.01496887207031,108.62677295135602,108.01496887207031,108.92482367686272,120575900
2012-08-01 00:00:00+00:00,107.77186700550894,108.79154504207676,107.9208984375,108.81507506097289,138293800
2012-08-02 00:00:00+00:00,106.34431726478712,107.10515305301955,107.17574310302734,107.90520952519154,199556600
2012-08-03 00:00:00+00:00,107.20707175970651,108.68168274288365,109.30133819580078,109.52879892672152,157825000
2012-08-06 00:00:00+00:00,109.4660625369831,109.59156390692442,109.51312255859375,109.94452603747368,86326200
2012-08-07 00:00:00+00:00,109.8347449220404,109.95239500776374,110.06221771240234,110.53283002376833,109545100
2012-08-08 00:00:00+00:00,109.66218166774365,109.69356300239853,110.195556640625,110.32104607382732,89754700
2012-08-09 00:00:00+00:00,109.92885932648099,110.03867005698892,110.2896728515625,110.50929431257838,90291700
2012-08-10 00:00:00+00:00,109.66218926357017,109.8425900606779,110.47008514404297,110.50930583084201,99792700
2012-08-13 00:00:00+00:00,109.84253520456744,110.28178992148746,110.41513061523438,110.47002997455735,79426900
2012-08-14 00:00:00+00:00,110.10139978041539,110.82301472463287,110.43083190917969,110.89361672745143,102379400
2012-08-15 00:00:00+00:00,110.24263962455652,110.3132296895169,110.55638122558594,110.74463336728853,71085900
2012-08-16 00:00:00+00:00,110.43871877269684,110.71323965079347,111.37211608886719,111.50545685282388,112014200
2012-08-17 00:00:00+00:00,111.27012734412538,111.56033884581034,111.5211181640625,111.61525019395164,90813700
2012-08-20 00:00:00+00:00,111.05834456983366,111.36424673607314,111.52896881103516,111.55249882624807,78255700
2012-08-21 00:00:00+00:00,110.9485522864514,111.80350823057029,111.19170379638672,112.23491186197502,105581100
2012-08-22 00:00:00+00:00,110.6504572041225,110.90928731113806,111.23873138427734,111.41913211502022,133243500
2012-08-23 00:00:00+00:00,110.15631890159078,110.96421460102167,110.3288803100586,110.97205394923546,111466400
2012-08-24 00:00:00+00:00,109.98373344440137,110.05432346830213,110.99555969238281,111.24656240198723,99481200
2012-08-27 00:00:00+00:00,110.86224851165473,111.29365205336967,111.01911926269531,111.44268345582311,68785900
2012-08-28 00:00:00+00:00,110.57203026212358,110.73674035167898,110.9093017578125,111.25442457007956,75689600
2012-08-29 00:00:00+00:00,110.68965762034489,111.00341100735042,110.99555969238281,111.29362241792107,65421300
2012-08-30 00:00:00+00:00,109.96024450460301,110.51713752576691,110.195556640625,110.5485188604218,96589900
2012-08-31 00:00:00+00:00,110.09355159968032,110.82300583303189,110.7210464477539,111.23873059504977,151970400
2012-09-04 00:00:00+00:00,109.91317049877732,110.62693419706378,110.61909484863281,110.95637832669861,120226200
2012-09-05 00:00:00+00:00,110.30532673234339,110.66612816862833,110.52494812011719,110.96419089566477,100660300
2012-09-06 00:00:00+00:00,111.18385768327289,111.19169703301301,112.76828002929688,112.776119379037,158272500
2012-09-07 00:00:00+00:00,112.85454970253701,112.95650911306883,113.20751190185547,113.25457193263503,107272100
2012-09-10 00:00:00+00:00,112.52508420598727,113.09766769174702,112.56429290771484,113.2937590742576,86458500
2012-09-11 00:00:00+00:00,112.60350379996049,112.63488512077936,112.87803649902344,113.23883790917043,88760000
2012-09-12 00:00:00+00:00,112.87024168871181,113.25458526611328,113.25458526611328,113.38008667528189,87640900
2012-09-13 00:00:00+00:00,112.94080497404406,113.23885575799954,114.98014831542969,115.33311043523979,225470200
2012-09-14 00:00:00+00:00,115.11348614543702,115.20761815190588,115.489990234375,116.17238444681344,169777000
2012-09-17 00:00:00+00:00,114.80762348722995,115.25471775823456,115.09784698486328,115.45080921706688,119427800
2012-09-18 00:00:00+00:00,114.71351159468192,114.9017637172314,115.00372314453125,115.15275457882372,98326600
2012-09-19 00:00:00+00:00,114.83893792698848,115.13698863223152,115.06639862060547,115.4350513059404,128318300
2012-09-20 00:00:00+00:00,114.22716352049915,114.54090496586743,115.07427978515625,115.13701849945473,154009800
2012-09-21 00:00:00+00:00,114.97888046916874,115.63338072923273,115.02619171142578,115.65703635036124,108737500
2012-09-24 00:00:00+00:00,114.37171202727859,114.45845333114183,114.85272979736328,115.11295370895297,95682000
2012-09-25 00:00:00+00:00,113.59886803288416,115.0971249601994,113.63041687011719,115.31791869140696,133165200
2012-09-26 00:00:00+00:00,112.72360943926445,113.60679667175678,112.99171447753906,113.63833348646452,146502200
2012-09-27 00:00:00+00:00,113.1651983462975,113.46485223510027,114.05626678466797,114.31649063036093,111830300
2012-09-28 00:00:00+00:00,113.12575847026353,113.62253841387663,113.52791595458984,113.9931590892265,150696100
2012-10-01 00:00:00+00:00,113.55944342494507,113.96161290855625,113.82756042480469,114.8842179078039,135911200
2012-10-02 00:00:00+00:00,113.41750259066781,114.2770218905545,113.94583129882812,114.45838558861414,113422200
2012-10-03 00:00:00+00:00,113.65412121788466,114.25341702638123,114.41112518310547,114.6792302527728,121283100
2012-10-04 00:00:00+00:00,114.68711311165623,114.84482125412053,115.23121643066406,115.39680576892559,124311600
2012-10-05 00:00:00+00:00,114.89214006889519,115.84629424710918,115.23910522460938,116.04343244627763,124842100
2012-10-08 00:00:00+00:00,114.58456382428945,114.81325079134957,114.84478759765625,115.22328943511866,78415400
2012-10-09 00:00:00+00:00,113.6698518851205,114.75805831780815,113.70928192138672,114.8526807789609,148872900
2012-10-10 00:00:00+00:00,112.83402160883062,113.69354130615925,112.98384857177734,113.80395025347687,124247500
2012-10-11 00:00:00+00:00,113.02329566805516,113.77241856342418,113.04695129394531,113.93801997701841,123601500
2012-10-12 00:00:00+00:00,112.43185823850814,113.1257885440415,112.67630767822266,113.51217171041837,124181900
2012-10-15 00:00:00+00:00,112.58167529037922,112.94440280373789,113.61467742919922,113.73295552434669,107689100
2012-10-16 00:00:00+00:00,114.07202729637781,114.15087534062145,114.76594543457031,114.84480551117231,108815500
2012-10-17 00:00:00+00:00,114.67137524333714,114.84485786505971,115.28644561767578,115.38108015921053,128834100
2012-10-18 00:00:00+00:00,114.60032981861558,114.98672485351562,114.98672485351562,115.538709165976,148108500
2012-10-19 00:00:00+00:00,112.80248970136755,114.77387186310986,113.07059478759766,114.78175306010657,185645200
2012-10-22 00:00:00+00:00,112.19525834744307,112.88129523085122,113.0863265991211,113.29134593503368,125578600
2012-10-23 00:00:00+00:00,111.05189235551666,111.86410077756872,111.51713562011719,112.021808931221,192056300
2012-10-24 00:00:00+00:00,111.02822337476547,111.9192797502481,111.20170593261719,112.0533442987003,120179400
2012-10-25 00:00:00+00:00,110.84687292739264,111.99027208149667,111.52501678466797,112.19529147795008,134457400
2012-10-26 00:00:00+00:00,110.7049285877392,111.42251453307989,111.46194458007812,111.84832775652235,146023500
2012-10-31 00:00:00+00:00,110.93360360855142,111.8562209853386,111.46194458007812,111.99815471569909,103438500
2012-11-01 00:00:00+00:00,111.59600311992946,111.69850680880832,112.6290054321289,112.77093917012807,100995600
2012-11-02 00:00:00+00:00,111.50923198745002,113.29923782140308,111.62751007080078,113.33078666520224,137702200
2012-11-05 00:00:00+00:00,111.13074486595957,111.4619476439602,111.8562240600586,112.10855470953366,98378500
2012-11-06 00:00:00+00:00,112.07702129197482,112.19529940744948,112.73152160644531,113.17310928069969,107068100
2012-11-07 00:00:00+00:00,109.65615745555908,111.70639967962062,110.17660522460938,111.72216207332885,264304500
2012-11-08 00:00:00+00:00,108.7650958577999,110.16083786161089,108.85183715820312,110.72071571555212,181517300
2012-11-09 00:00:00+00:00,108.46543162782535,108.5206240627139,108.94644927978516,109.9557958228549,201055300
2012-11-12 00:00:00+00:00,108.78876128527543,109.28554142071157,109.03321075439453,109.45902401796296,97677500
2012-11-13 00:00:00+00:00,108.31558362032604,108.45751731017752,108.65465545654297,109.80594752555452,123018300
2012-11-14 00:00:00+00:00,106.9435464231638,108.98590769287706,107.18799591064453,109.15937827079644,191505000
2012-11-15 00:00:00+00:00,106.59660185262243,107.22744673655168,107.00665283203125,107.62961651664384,178128400
2012-11-16 00:00:00+00:00,106.21805334489552,107.16431424133101,107.5349349975586,107.74784760977361,239483900
2012-11-19 00:00:00+00:00,107.56648501481504,108.74142092798398,109.71134948730469,109.72711187922518,151495800
2012-11-20 00:00:00+00:00,108.88334262202497,109.53784271290858,109.75863647460938,109.94000020050126,119807400
2012-11-21 00:00:00+00:00,109.63246292868173,109.85325668586266,109.96365356445312,110.05828805492877,81710800
2012-11-23 00:00:00+00:00,110.42893029111247,110.49990918865372,111.46194458007812,111.50136259471537,65409200
2012-11-26 00:00:00+00:00,110.54720127484255,110.9099287667012,111.22535705566406,111.46980645938596,100124400
2012-11-27 00:00:00+00:00,110.58665642202162,111.11498538957967,110.65762329101562,111.4934873899093,128646200
2012-11-28 00:00:00+00:00,109.60884550212535,110.20814133293285,111.54869079589844,111.6117644350474,177086500
2012-11-29 00:00:00+00:00,111.47771529182364,111.96662625283625,112.06912994384766,112.37666508160567,151085900
2012-11-30 00:00:00+00:00,111.70642068641828,112.08492275674192,112.09280395507812,112.30571663379436,136568300
2012-12-03 00:00:00+00:00,111.45403783383799,112.60533009180578,111.54077911376953,112.69995256723674,124656300
2012-12-04 00:00:00+00:00,111.08340279718416,111.53288356234542,111.383056640625,111.87195541056911,127512200
2012-12-05 00:00:00+00:00,110.68911671176447,111.4776692554855,111.58018493652344,112.10063250314496,147300500
2012-12-06 00:00:00+00:00,111.31214826734083,111.47773766501811,111.95875549316406,112.00606674964328,103220600
2012-12-07 00:00:00+00:00,111.71425720999623,112.39241299899398,112.29779052734375,112.5185843161003,108726400
2012-12-10 00:00:00+00:00,112.0927882207063,112.14011150117241,112.34513092041016,112.61323601457389,98840700
2012-12-11 00:00:00+00:00,112.75516951463412,112.8103619539587,113.11001586914062,113.63834480271449,152570400
2012-12-12 00:00:00+00:00,113.00748351964269,113.55158679822833,113.16519165039062,113.98529318205449,145880100
2012-12-13 00:00:00+00:00,112.1874034867406,113.09423433932922,112.47128295898438,113.41754385567685,135715000
2012-12-14 00:00:00+00:00,111.87986978563096,112.22683492628309,112.05335235595703,112.43185431286832,137701700
2012-12-17 00:00:00+00:00,112.3135693627771,112.34511821285264,113.3702392578125,113.43332492560273,143238200
2012-12-18 00:00:00+00:00,113.38602759786168,113.55162901775255,114.63194274902344,114.73445848668747,177762800
2012-12-19 00:00:00+00:00,113.74087830529896,114.75810628495013,113.7802963256836,114.79753633769752,150895400
2012-12-20 00:00:00+00:00,113.53585689041326,113.85128530794094,114.43480682373047,114.4505812526978,168487000
2012-12-21 00:00:00+00:00,112.72101023076948,112.9036602963679,113.39602661132812,114.4284181484335,245883800
2012-12-24 00:00:00+00:00,112.91957227611195,113.14986918356546,113.04663848876953,113.21340228989425,53874600
2012-12-26 00:00:00+00:00,112.25249124388334,113.2769337893633,112.57014465332031,113.33252980075022,106947700
2012-12-27 00:00:00+00:00,111.11681446899871,112.601862376472,112.4192123413086,112.83217131087892,167920600
2012-12-28 00:00:00+00:00,111.07711930663014,111.68861469109125,111.20418548583984,112.3080471676163,148806700
2012-12-31 00:00:00+00:00,110.81507781955597,110.91038353686187,113.09428405761719,113.21340105712349,243935200
2013-01-02 00:00:00+00:00,114.93668955854051,115.23846876489641,115.99290466308594,116.06437485900175,192059000
2013-01-03 00:00:00+00:00,115.42111105249225,115.93731292937638,115.73082733154297,116.23907999761849,144761800
2013-01-04 00:00:00+00:00,115.68319045801901,115.9214365664197,116.23908996582031,116.42968927608095,116817700
2013-01-07 00:00:00+00:00,115.49260989502739,115.82616177155221,115.92145538330078,116.03263530290826,110002500
2013-01-08 00:00:00+00:00,115.1352142321771,115.7149491872028,115.58788299560547,115.87377586784997,121265100
2013-01-09 00:00:00+00:00,115.65938454802166,115.84203467441085,115.88174438476562,116.1994099499015,90745600
2013-01-10 00:00:00+00:00,115.92141552180622,116.52496171817855,116.80291748046875,116.81085457281769,130735400
2013-01-11 00:00:00+00:00,116.42965544228373,116.77113214152318,116.79496765136719,116.85848861862813,113917300
2013-01-14 00:00:00+00:00,116.28677638347095,116.65208882317592,116.71562194824219,116.79504138400118,89567200
2013-01-15 00:00:00+00:00,116.10405292601106,116.1755231024523,116.79496765136719,116.90614752061921,93172600
2013-01-16 00:00:00+00:00,116.42965733784446,116.5567235098289,116.77908325195312,116.96173330062007,104849500
2013-01-17 00:00:00+00:00,116.85853302533695,117.29531557684076,117.53356170654297,117.86710144104546,133833500
2013-01-18 00:00:00+00:00,117.08087026923877,117.50971564354003,117.79560852050781,117.92267471420443,169906000
2013-01-22 00:00:00+00:00,117.51770185120388,117.79565775137017,118.43097686767578,118.43097686767578,111797300
2013-01-23 00:00:00+00:00,118.21651111406844,118.43093381288176,118.62152099609375,118.72476379880013,104596100
2013-01-24 00:00:00+00:00,118.33563952154033,118.44681942837478,118.65330505371094,119.23302798808339,146426400
2013-01-25 00:00:00+00:00,118.62157463923891,119.02659682212352,119.32042694091797,119.32042694091798,147211600
2013-01-28 00:00:00+00:00,118.73265950514013,119.35209187006105,119.1773910522461,119.38386446798785,113357700
2013-01-29 00:00:00+00:00,118.85971926173318,118.93913863457841,119.64592742919922,119.79681696698822,105694400
2013-01-30 00:00:00+00:00,119.06619907719788,119.63004757229031,119.1773910522461,119.86829358595888,137447700
2013-01-31 00:00:00+00:00,118.8041605381029,119.03445737978122,118.8835678100586,119.42359300076598,108975800
2013-02-01 00:00:00+00:00,119.43157680679641,119.63805033587776,120.10660552978516,120.24954594583326,131173000
2013-02-04 00:00:00+00:00,118.66912851605844,119.37592947887293,118.75648498535156,120.13036510402495,159073600
2013-02-05 00:00:00+00:00,119.35213009958439,119.39978901174015,119.9556884765625,120.29716524863211,113912400
2013-02-06 00:00:00+00:00,119.44746624364863,119.53482276164505,120.04307556152344,120.12248286661853,138762800
2013-02-07 00:00:00+00:00,119.01062107042658,120.08272212590438,119.88418579101562,120.19390198873424,162490000
2013-02-08 00:00:00+00:00,120.09072456470047,120.09072456470047,120.55133056640625,120.62280077760987,103133700
2013-02-11 00:00:00+00:00,120.22570187350225,120.50365768052269,120.52748107910156,120.6307117670433,73775000
2013-02-12 00:00:00+00:00,120.40044863508942,120.53545197079129,120.7260513305664,120.94841119145227,65392700
2013-02-13 00:00:00+00:00,120.4877545185512,120.9721837513805,120.82923126220703,121.19454351880721,82322600
2013-02-14 00:00:00+00:00,120.32890074725962,120.46390399581718,120.94038391113281,121.08333636811454,80834300
2013-02-15 00:00:00+00:00,120.35276576304298,121.05160563741653,120.7974853515625,121.17867183919353,215226500
2013-02-19 00:00:00+00:00,120.83715095544053,121.00391468142583,121.70276641845703,121.7265898078835,95105400
2013-02-20 00:00:00+00:00,120.12243340316294,121.61543068952118,120.18596649169922,121.65514038456854,160574800
2013-02-21 00:00:00+00:00,119.07415876899604,119.88419043970734,119.4553451538086,120.24949052415784,183257000
2013-02-22 00:00:00+00:00,119.51093545139246,120.03506216139823,120.62273406982422,120.62273406982422,106356600
2013-02-25 00:00:00+00:00,118.32766723632812,121.21041898021862,118.32766723632812,121.39306903333285,245824800
2013-02-26 00:00:00+00:00,118.11325609666935,118.89946449921248,119.13771057128906,119.28065094391586,186596200
2013-02-27 00:00:00+00:00,118.93119876062369,119.03444152988621,120.63861846923828,120.97215804951419,150781900
2013-02-28 00:00:00+00:00,120.24162491520491,120.6307486226801,120.40045166015625,121.40107105928317,126866000
2013-03-01 00:00:00+00:00,119.44744028135683,119.98745346235911,120.7974853515625,120.98013544305446,170634800
2013-03-04 00:00:00+00:00,120.32894351078956,120.51953069757002,121.44074249267578,121.44074249267578,99010200
2013-03-05 00:00:00+00:00,122.01251206307282,122.02839836575865,122.52870178222656,122.85430433994432,121431900
2013-03-06 00:00:00+00:00,122.42545855840409,122.96547161737716,122.69546508789062,123.0290047039088,94469900
2013-03-07 00:00:00+00:00,122.71135796687555,122.85429833096111,122.91783142089844,123.0766580868928,86101400
2013-03-08 00:00:00+00:00,122.82256870735759,123.4578876486741,123.44200134277344,123.60876514277722,123477800
2013-03-11 00:00:00+00:00,123.19581910803458,123.34670872103533,123.9105453491211,123.91848244328392,83746800
2013-03-12 00:00:00+00:00,123.25933111439839,123.8231676459643,123.632568359375,123.96612014033101,105755800
2013-03-13 00:00:00+00:00,123.27520545083911,123.69610160625223,123.80728149414062,123.98199447763652,92550900
2013-03-14 00:00:00+00:00,123.81524519325205,124.13289859076174,124.46643829345703,124.52203430275642,126329900
2013-03-15 00:00:00+00:00,123.88734339733098,124.31809624707581,124.30213928222656,124.46964481255118,138601100
2013-03-18 00:00:00+00:00,123.00194967058925,123.11362410781528,123.61616516113281,124.15060798011457,126704300
2013-03-19 00:00:00+00:00,122.51529915911902,123.87933320501251,123.32893371582031,124.04683868423108,167567300
2013-03-20 00:00:00+00:00,123.84742959252816,124.05483357475742,124.19043731689453,124.3978291275286,113759300
2013-03-21 00:00:00+00:00,122.9221248043405,123.44858277753396,123.1295166015625,124.15054297058445,128605000
2013-03-22 00:00:00+00:00,123.4246872430616,123.52041685935987,124.1186752319336,124.1186752319336,111163600
2013-03-25 00:00:00+00:00,123.12156696836625,124.44570279787212,123.60016632080078,124.65310680503075,151322300
2013-03-26 00:00:00+00:00,123.97507154302664,124.11067529676153,124.58928680419922,124.62118855795015,86856600
2013-03-27 00:00:00+00:00,123.64004835645875,123.84744018483042,124.58928680419922,124.62917312508506,99950600
2013-03-28 00:00:00+00:00,124.23829075166606,124.50949822441956,124.97215270996094,125.11574101245053,102932800
2013-04-01 00:00:00+00:00,124.17447108400263,124.90833301867711,124.47759246826172,125.1635956941783,99194100
2013-04-02 00:00:00+00:00,124.73285506949624,124.92430209468979,125.0918197631836,125.40291357187594,101504300
2013-04-03 00:00:00+00:00,123.49641733642055,125.16356013299215,123.82345581054688,125.25927752331293,154167400
2013-04-04 00:00:00+00:00,123.71181177773248,123.98301923115588,124.3260269165039,124.5733050164837,131885000
2013-04-05 00:00:00+00:00,122.65889820796241,122.80247434559269,123.76766967773438,123.91923038185206,159666000
2013-04-08 00:00:00+00:00,123.44060994518226,123.85540570974885,124.605224609375,124.61319700368796,86571200
2013-04-09 00:00:00+00:00,124.42170424854748,124.83649986060233,125.03591918945312,125.49060110159611,101922200
2013-04-10 00:00:00+00:00,125.33911694064221,125.37101869722385,126.56753540039062,126.7270685264934,135711100
2013-04-11 00:00:00+00:00,126.46383245178654,126.5914638203596,126.98233032226562,127.39712618432944,110142500
2013-04-12 00:00:00+00:00,125.96924343979755,126.5754740258827,126.67120361328125,126.86263844489021,116359900
2013-04-15 00:00:00+00:00,123.71981113060454,126.03307149832814,123.73575592041016,126.13677349004105,217259000
2013-04-16 00:00:00+00:00,124.36587717678137,124.66898628972942,125.56239318847656,125.62620883635782,147507800
2013-04-17 00:00:00+00:00,123.0656333943662,124.66896013185743,123.72770690917969,124.69290164493103,226834800
2013-04-18 00:00:00+00:00,122.48333760232222,123.93510379022932,122.95396423339844,123.96701769460736,167583200
2013-04-19 00:00:00+00:00,122.93808416345743,123.2412055866719,124.0229263305664,124.0787696123568,149687600
2013-04-22 00:00:00+00:00,123.44060254679226,124.26220946077525,124.57330322265625,124.86844002527334,106553500
2013-04-23 00:00:00+00:00,124.57330545064026,125.19549298553004,125.8575668334961,125.97721360113111,166141300
2013-04-24 00:00:00+00:00,125.66612015605664,125.89745346953625,125.93733978271484,126.27236290454617,96781200
2013-04-25 00:00:00+00:00,126.11280713862695,126.30424193289933,126.44783020019531,127.0460882754799,131060600
2013-04-26 00:00:00+00:00,125.81768681935714,126.29629825704609,126.2245101928711,126.51167462116557,95918800
2013-04-29 00:00:00+00:00,126.36809286803386,126.5675122821366,127.07005310058594,127.34923297737272,88572800
2013-04-30 00:00:00+00:00,126.51965255960526,127.04612272981403,127.37316131591797,127.40507523801274,116010700
2013-05-01 00:00:00+00:00,126.11284018747126,127.09398028000764,126.25641632080078,127.15779595201906,138874200
2013-05-02 00:00:00+00:00,126.45581046288544,126.57545721675203,127.4289779663086,127.5406523271149,96407600
2013-05-03 00:00:00+00:00,127.45287221936819,128.53771378485618,128.72117614746094,129.12799934176212,144202300
2013-05-06 00:00:00+00:00,128.76114484061864,128.81698812717477,129.04830932617188,129.23177180617628,66882100
2013-05-07 00:00:00+00:00,128.96057636701846,129.32751353300407,129.70242309570312,129.74229725086843,90359200
2013-05-08 00:00:00+00:00,129.4870590280976,129.55884712016504,130.29270935058594,130.33259568115648,97419200
2013-05-09 00:00:00+00:00,129.59865428539408,130.23679866991452,129.9257049560547,130.5797941257841,106738600
2013-05-10 00:00:00+00:00,129.6305783627688,130.0134723624088,130.34849548339844,130.46016985706163,103203000
2013-05-13 00:00:00+00:00,129.8778471350898,130.18095628680211,130.45216369628906,130.6675400139837,81843200
2013-05-14 00:00:00+00:00,130.5559024950117,130.5559024950117,131.80027770996094,131.89600730683068,119000900
2013-05-15 00:00:00+00:00,131.54500983595298,131.58489614842185,132.51019287109375,132.77342792747586,120718500
2013-05-16 00:00:00+00:00,131.68864204774405,132.2390417481138,131.8880615234375,132.70169639231446,109913600
2013-05-17 00:00:00+00:00,132.19914164093547,132.37463173498412,133.16433715820312,133.2440976372086,129801000
2013-05-20 00:00:00+00:00,132.9010910008382,133.03669475834502,133.15634155273438,133.67483939548035,85071200
2013-05-21 00:00:00+00:00,132.81330533195967,133.27595974806155,133.34774780273438,133.85028852862987,95804200
2013-05-22 00:00:00+00:00,131.7524271533222,133.48338633989536,132.35865783691406,134.86337755487074,244031800
2013-05-23 00:00:00+00:00,130.7712650146091,130.94675505674442,131.9757537841797,132.34269082817005,211064400
2013-05-24 00:00:00+00:00,130.80317723401328,131.19404366307742,131.8640899658203,131.91993324351304,151573900
2013-05-28 00:00:00+00:00,132.2628964837895,133.24403634255773,132.6537628173828,133.83432203932463,143679800
2013-05-29 00:00:00+00:00,131.09032198518418,131.95181517571862,131.7922821044922,132.25493653116402,160363400
2013-05-30 00:00:00+00:00,131.7922858363519,131.89598781280245,132.27886962890625,132.88510018537005,107793800
2013-05-31 00:00:00+00:00,130.12510542117047,131.91189483247362,130.38035583496094,132.6617134625412,176850100
2013-06-03 00:00:00+00:00,129.75025045057745,130.68353184753795,131.09832763671875,131.18607266574557,168390700
2013-06-04 00:00:00+00:00,129.80606581364358,131.17009979551418,130.4681396484375,131.69656990582166,157631500
2013-06-05 00:00:00+00:00,128.52978986123355,130.09323107154208,128.64146423339844,130.35646612841512,211737800
2013-06-06 00:00:00+00:00,127.82788403357515,128.58567560756674,129.80612182617188,129.81410639503002,200225500
2013-06-07 00:00:00+00:00,130.13306718799424,130.6994233958236,131.45721435546875,131.5768610753536,188337800
2013-06-10 00:00:00+00:00,131.11420680581713,131.86402537466628,131.45721435546875,131.93581340659722,105667100
2013-06-11 00:00:00+00:00,129.81404714679704,130.26074462141668,130.10121154785156,131.24985698047632,159505400
2013-06-12 00:00:00+00:00,128.90467576556472,130.99458670821704,129.02432250976562,131.13019040884188,177361500
2013-06-13 00:00:00+00:00,128.6654187308837,128.9525831970827,130.98666381835938,131.21798500176598,163587800
2013-06-14 00:00:00+00:00,129.94972055128576,130.84311597959348,130.1650848388672,131.35362939171213,141197500
2013-06-17 00:00:00+00:00,130.19692220036924,131.05043079402125,131.1700897216797,131.792277196407,136295600
2013-06-18 00:00:00+00:00,131.233909474708,131.24188186816346,132.2070770263672,132.40649640709088,114695600
2013-06-19 00:00:00+00:00,130.32452475165272,132.09536938006207,130.38035583496094,132.32669044792186,206149500
2013-06-20 00:00:00+00:00,126.81474198746652,129.11205665567445,127.14976501464844,130.39631767900036,321255900
2013-06-21 00:00:00+00:00,126.27496373168557,128.01508209046645,127.5580062866211,128.1113059994864,271956800
2013-06-24 00:00:00+00:00,124.87966329334016,126.22685927969553,125.9461898803711,127.04478702698131,222329000
2013-06-25 00:00:00+00:00,126.23483017307832,127.0848404217721,127.15702056884766,128.3839240011694,162262200
2013-06-26 00:00:00+00:00,127.70234167719953,128.19951485329543,128.41603088378906,128.70471484578036,134848000
2013-06-27 00:00:00+00:00,129.06556434036165,129.18585645995586,129.16981506347656,129.7632243732071,129483700
2013-06-28 00:00:00+00:00,128.1914571178866,128.808922207946,128.64051818847656,129.42637506200893,160402900
2013-07-01 00:00:00+00:00,129.16980230121752,129.31413814726946,129.3943328857422,130.29245522384082,131954800
2013-07-02 00:00:00+00:00,128.7046490227835,129.20182194461188,129.2740020751953,130.14806809453694,154863700
2013-07-03 00:00:00+00:00,128.48015935315277,128.68864852688088,129.33016967773438,129.72310428868172,75216400
2013-07-05 00:00:00+00:00,129.34621291458643,130.28443256373,130.72547912597656,130.7735910716765,122416900
2013-07-08 00:00:00+00:00,130.77365021759766,131.39913026658365,131.47129821777344,131.82413562715095,108092500
2013-07-09 00:00:00+00:00,131.72783220848075,132.29717312789086,132.41746520996094,132.57784241672448,119298000
2013-07-10 00:00:00+00:00,132.0165455159717,132.28918805187124,132.46560668945312,132.91466786293452,121410100
2013-07-11 00:00:00+00:00,132.45756877030271,134.00523900916974,134.26986694335938,134.40618819988163,135592200
2013-07-12 00:00:00+00:00,134.02132138825115,134.22981062622057,134.32603454589844,134.662830500773,104212700
2013-07-15 00:00:00+00:00,134.4622792445794,134.69483656598865,134.83917236328125,135.03163232899976,69450600
2013-07-16 00:00:00+00:00,133.97320873601623,134.92745781856144,134.3340606689453,135.0076525752132,88702100
2013-07-17 00:00:00+00:00,134.50241438201328,134.84723705462028,134.6788330078125,135.10383817832923,92873900
2013-07-18 00:00:00+00:00,134.87930973532673,134.96751904961852,135.4165802001953,135.73734690489206,103620100
2013-07-19 00:00:00+00:00,134.96751715811982,135.13592120522534,135.6571502685547,135.70526221458528,103831700
2013-07-22 00:00:00+00:00,135.52887924222665,135.84964602681256,135.92181396484375,136.1142740355953,79428600
2013-07-23 00:00:00+00:00,135.56088874161463,136.16231237202464,135.633056640625,136.18636833836143,80829700
2013-07-24 00:00:00+00:00,134.86325530254797,136.15431210363658,135.1359100341797,136.21045086003053,112914000
2013-07-25 00:00:00+00:00,134.67077406715197,134.89530456493452,135.4646453857422,135.58493744697924,111088600
2013-07-26 00:00:00+00:00,134.33402378358335,134.8953502180112,135.60903930664062,135.6491366739566,107814600
2013-07-29 00:00:00+00:00,134.80716974732835,135.26424557172925,135.19207763671875,135.56897094533062,79695000
2013-07-30 00:00:00+00:00,134.87132310156028,135.60105374044718,135.19207763671875,135.74538961046815,85209600
2013-07-31 00:00:00+00:00,135.11186567506843,135.47271750747908,135.2882843017578,136.20244798733077,142388700
2013-08-01 00:00:00+00:00,136.2425239140975,136.31470406450202,136.8519744873047,136.97225434464943,110438400
2013-08-02 00:00:00+00:00,136.36281482282297,136.5472480144819,137.0845184326172,137.10055982545634,91116700
2013-08-05 00:00:00+00:00,136.6033456932448,136.7797642534319,136.88400268554688,137.09250402176465,54072700
2013-08-06 00:00:00+00:00,135.801503349237,136.61943093390846,136.10621643066406,136.91614167203338,87495000
2013-08-07 00:00:00+00:00,135.1599430733885,135.67315742821305,135.66513061523438,135.86560516377514,84854700
2013-08-08 00:00:00+00:00,135.46463285063555,136.3066282574039,136.16229248046875,136.46700542155185,102181300
2013-08-09 00:00:00+00:00,135.29629208460355,135.98592516265728,135.7694091796875,136.4029157353404,91757700
2013-08-12 00:00:00+00:00,135.02365689902288,135.08781023952872,135.60903930664062,135.76941653990593,68593300
2013-08-13 00:00:00+00:00,135.0477339796347,135.84963250729336,136.010009765625,136.2425549548058,80806000
2013-08-14 00:00:00+00:00,135.28027987746376,135.94585712722704,135.31236267089844,136.1623731569092,79829200
2013-08-15 00:00:00+00:00,133.18728821751864,134.24579986672296,133.4198455810547,134.26182902310683,152931800
2013-08-16 00:00:00+00:00,132.71420807364115,133.16326929727828,132.9788360595703,133.62035733733788,130868200
2013-08-19 00:00:00+00:00,132.12072685005506,132.8264010951702,132.12875366210938,133.2834888864818,96437600
2013-08-20 00:00:00+00:00,132.20096775731957,132.34530359281283,132.77833557128906,133.27550865265232,89294400
2013-08-21 00:00:00+00:00,131.66372016382493,132.40947991531874,131.96041870117188,133.13921050630756,159530500
2013-08-22 00:00:00+00:00,132.2250189208133,132.23303349938314,133.16323852539062,133.35569853504668,101471400
2013-08-23 00:00:00+00:00,132.93071358435665,133.55619341577685,133.61231994628906,133.78072400982512,90888900
2013-08-26 00:00:00+00:00,133.02691825456688,133.74862188310223,133.11512756347656,134.1575978771371,89702100
2013-08-27 00:00:00+00:00,130.87777518100108,131.79995296699596,130.9739990234375,133.11506516959324,158619400
2013-08-28 00:00:00+00:00,130.74954530725785,130.91793713035497,131.43917846679688,131.90428103820685,108113000
2013-08-29 00:00:00+00:00,131.03017891838377,131.15047100644423,131.64764404296875,132.34529165693021,119200500
2013-08-30 00:00:00+00:00,130.84569845557806,131.9202388657439,131.23060607910156,131.93628025222193,134928900
2013-09-03 00:00:00+00:00,131.27078474536745,132.49768849712046,131.8240966796875,132.77835787238436,142375100
2013-09-04 00:00:00+00:00,131.61555590255813,131.8561155745313,132.9146270751953,133.13915759303396,97389400
2013-09-05 00:00:00+00:00,132.89860816116658,132.99484428222704,133.0830535888672,133.4358785794302,63090500
2013-09-06 00:00:00+00:00,131.89622690849401,133.52407945332038,133.14718627929688,133.90097262734392,159756500
2013-09-09 00:00:00+00:00,133.4760098277366,133.4760098277366,134.42225646972656,134.50243898230153,87559300
2013-09-10 00:00:00+00:00,134.9274216820316,135.23214699249382,135.4165802001953,135.44063617354774,105847200
2013-09-11 00:00:00+00:00,134.9995542331625,135.2320993055664,135.84153747558594,135.84153747558594,94545900
2013-09-12 00:00:00+00:00,135.29627971103557,135.7934527325361,135.480712890625,135.96987133422925,83209000
2013-09-13 00:00:00+00:00,135.31234429288278,135.6250841883918,135.78546142578125,135.8897121362839,72727800
2013-09-16 00:00:00+00:00,136.35477310882155,137.25290746971172,136.5712890625,137.31706079806074,106299200
2013-09-17 00:00:00+00:00,136.6916427489717,136.6916427489717,137.18080139160156,137.21287195223226,82523300
2013-09-18 00:00:00+00:00,136.7878040096287,137.13261438147168,138.76849365234375,139.14538680612327,203460600
2013-09-19 00:00:00+00:00,138.39967419193033,139.1454462405516,138.53599548339844,139.20959959583092,146616900
2013-09-20 00:00:00+00:00,137.45460080803025,138.86476348145015,137.56741333007812,138.86476348145015,132867100
2013-09-23 00:00:00+00:00,136.49562531520314,137.3820177910926,136.93075561523438,137.51093754570076,104616500
2013-09-24 00:00:00+00:00,136.35066854681827,136.90666529586207,136.6085205078125,137.41432786634175,106333100
2013-09-25 00:00:00+00:00,136.09278739393736,136.69714283780215,136.21365356445312,136.9711143547332,117306500
2013-09-26 00:00:00+00:00,136.22172583902102,136.439297251707,136.73744201660156,137.12422607587607,77146900
2013-09-27 00:00:00+00:00,135.75432961049762,136.05247431714568,136.10888671875,136.2942189178306,99141800
2013-09-30 00:00:00+00:00,134.69068746986702,134.9566053586741,135.38368225097656,135.81075914327903,143937000
2013-10-01 00:00:00+00:00,135.3514162764652,135.48840200465435,136.4553680419922,136.58430012580797,127160000
2013-10-02 00:00:00+00:00,135.23862940470838,135.65765260869426,136.3264617919922,136.45539390024055,113350000
2013-10-03 00:00:00+00:00,134.44085316162887,136.01217454222467,135.0693817138672,136.13305298420312,176698000
2013-10-04 00:00:00+00:00,134.99684491468537,135.1741234372706,136.09274291992188,136.22972863362156,96878000
2013-10-07 00:00:00+00:00,134.7712204078999,134.90820612207548,134.916259765625,135.73818634631758,96295000
2013-10-08 00:00:00+00:00,133.24827777468045,134.89211903644744,133.344970703125,135.06939760235707,178015000
2013-10-09 00:00:00+00:00,132.57943095819,133.6028093390724,133.441650390625,133.9251272359672,168973000
2013-10-10 00:00:00+00:00,134.75509193480124,134.80343838418665,136.318359375,136.3908790490781,195955000
2013-10-11 00:00:00+00:00,135.9960866900252,136.1088992079442,137.1967315673828,137.24509032847007,105040000
2013-10-14 00:00:00+00:00,136.24581253714308,136.35057135368416,137.74461364746094,137.8574261054145,112106000
2013-10-15 00:00:00+00:00,136.56010546544613,137.39813928744803,136.7454376220703,137.91385524613497,155485000
2013-10-16 00:00:00+00:00,137.50291716374628,137.56738320446246,138.6552276611328,138.7277473460735,161676000
2013-10-17 00:00:00+00:00,138.0669727785694,138.0911460056798,139.58189392089844,139.66247954169273,129389000
2013-10-18 00:00:00+00:00,139.81555941159624,140.09759676223763,140.52467346191406,140.62136636127076,138316000
2013-10-21 00:00:00+00:00,140.21852677595558,140.5730839626658,140.5327911376953,140.81482861684495,104104000
2013-10-22 00:00:00+00:00,140.55691888455593,140.9437151243197,141.34661865234375,141.76562946862802,126663000
2013-10-23 00:00:00+00:00,140.17819599066178,140.86312458702778,140.66973876953125,140.9275906247398,105484000
2013-10-24 00:00:00+00:00,140.62141460441123,140.95179851807615,141.1371307373047,141.3144093107033,70350000
2013-10-25 00:00:00+00:00,141.1532857646624,141.42725733937766,141.7818145751953,141.82210740574652,93625000
2013-10-28 00:00:00+00:00,141.58030846414073,141.73341378417757,142.00738525390625,142.200783389054,84979000
2013-10-29 00:00:00+00:00,142.12829496485455,142.32974678908383,142.76487731933594,142.82128973202904,87401000
2013-10-30 00:00:00+00:00,141.54804458843262,142.9340334555885,142.05569458007812,143.03877999272677,140002000
2013-10-31 00:00:00+00:00,141.44335707327846,141.94295367416663,141.65286254882812,142.53925551393021,133795000
2013-11-01 00:00:00+00:00,141.19351853143115,141.8381666590801,141.99127197265625,142.31358988866052,142805000
2013-11-04 00:00:00+00:00,141.80593427033165,142.37806273858112,142.49087524414062,142.5472753490999,85677000
2013-11-05 00:00:00+00:00,141.4755493418442,141.93485296554482,142.03961181640625,142.42639575672885,85825000
2013-11-06 00:00:00+00:00,142.25721478767218,142.65206478959328,142.76487731933594,143.03079520279582,87348000
2013-11-07 00:00:00+00:00,140.8228683711059,143.03078462784882,140.95985412597656,143.14359714925072,157000000
2013-11-08 00:00:00+00:00,140.89542781067698,140.91153510569842,142.86158752441406,142.87770711508057,136713000
2013-11-11 00:00:00+00:00,142.5553887232791,142.7246013901015,142.88577270507812,143.05498537190056,62614000
2013-11-12 00:00:00+00:00,142.1202673469234,142.57958353193465,142.595703125,142.91802121242594,83990000
2013-11-13 00:00:00+00:00,141.8945480370785,141.8945480370785,143.73985290527344,143.78013341772834,103844000
2013-11-14 00:00:00+00:00,143.6351046278637,143.86878325897206,144.45703125,144.57789738753198,103435000
2013-11-15 00:00:00+00:00,144.50535879597052,144.69069094781472,145.08554077148438,145.1419408630726,102818000
2013-11-18 00:00:00+00:00,144.25559344858715,145.32731838908316,144.57791137695312,145.44818453831022,104796000
2013-11-19 00:00:00+00:00,144.01382789615622,144.50537065754662,144.2636260986328,144.94050102708022,93891000
2013-11-20 00:00:00+00:00,143.41758893628938,144.553780252535,143.81243896484375,144.98891081213736,124909000
2013-11-21 00:00:00+00:00,144.12673896834895,144.2153782907262,144.97283935546875,145.08565192070822,92841000
2013-11-22 00:00:00+00:00,144.85994879688698,145.02916140581752,145.69798278808594,145.71410237319768,81296000
2013-11-25 00:00:00+00:00,145.34341503508614,145.95583626803113,145.5529327392578,145.98806314025146,79486000
2013-11-26 00:00:00+00:00,145.3756416497032,145.6254398486701,145.59320068359375,146.02834334265256,86994000
2013-11-27 00:00:00+00:00,145.56900842897355,145.74628692680326,145.94773864746094,146.04444383440995,58800000
2013-11-29 00:00:00+00:00,145.68997623761652,146.10899951648562,145.85113525390625,146.4554907867263,55870900
2013-12-02 00:00:00+00:00,145.24674131073954,145.92361637754436,145.4723663330078,146.1975878623499,99726000
2013-12-03 00:00:00+00:00,144.37644149069266,144.99691633540252,144.84381103515625,145.35952703324722,116563000
2013-12-04 00:00:00+00:00,143.71575295169268,144.32010849430594,144.8277587890625,145.43211433167576,123033000
2013-12-05 00:00:00+00:00,144.05413060918778,144.56984663236193,144.1911163330078,144.83576443588544,106934000
2013-12-06 00:00:00+00:00,145.1661247069014,145.58514778556753,145.80271911621094,145.9397048293897,127728000
2013-12-09 00:00:00+00:00,145.9799998083493,146.2297980123089,146.1733856201172,146.39095695399516,70124000
2013-12-10 00:00:00+00:00,145.56094266764464,145.83491403397616,145.6495819091797,146.14112455848564,80976000
2013-12-11 00:00:00+00:00,143.83660690364576,145.70608579164144,144.01388549804688,145.7302590276376,130591000
2013-12-12 00:00:00+00:00,143.2402189636757,143.9493329150621,143.5383758544922,144.12661140290868,115565000
2013-12-13 00:00:00+00:00,143.24835210615157,143.83658793053863,143.52232360839844,143.96552003594033,107808000
2013-12-16 00:00:00+00:00,144.15892957009603,144.19922239660568,144.4167938232422,144.8922172073805,96195000
2013-12-17 00:00:00+00:00,143.63511006912705,144.5456759918279,143.95742797851562,144.56984922025003,89886000
2013-12-18 00:00:00+00:00,142.88573406989343,144.1750181715789,146.4151611328125,146.43933436439374,234906000
2013-12-19 00:00:00+00:00,145.61742777451133,145.99614585497946,146.24595642089844,146.4151690511183,136531200
2013-12-20 00:00:00+00:00,146.29456168685633,146.39177956558183,147.0966339111328,147.44501858055847,197087000
2013-12-23 00:00:00+00:00,147.509815337436,147.81767603395383,147.8824920654297,147.97161256340974,85598000
2013-12-24 00:00:00+00:00,147.88253611239702,147.89063348284557,148.20660400390625,148.27142005468764,45368800
2013-12-26 00:00:00+00:00,148.52255968059828,148.53875441852878,148.96005249023438,149.04107562946845,63365000
2013-12-27 00:00:00+00:00,148.79796780229267,149.15444971345363,148.951904296875,149.21925336785458,61814000
2013-12-30 00:00:00+00:00,148.73316423803126,148.96811150148108,148.9276123046875,149.08964617903828,56857000
2013-12-31 00:00:00+00:00,149.01676112616758,149.1301984678259,149.63250732421875,149.63250732421875,86119900
2014-01-02 00:00:00+00:00,147.8420347230395,149.0573079435391,148.19851684570312,149.1302337321919,119636900
2014-01-03 00:00:00+00:00,147.96349050542915,148.44959211679364,148.17413330078125,148.74936775764658,81390600
2014-01-06 00:00:00+00:00,147.51794677157508,148.6603064106516,147.7447967529297,148.71701272479186,108028200
2014-01-07 00:00:00+00:00,148.2227652580258,148.33619022120848,148.65216064453125,148.90331503712193,86144200
2014-01-08 00:00:00+00:00,148.17421263815615,148.62791266331246,148.68463134765625,148.93578583569644,96582300
2014-01-09 00:00:00+00:00,148.10124950707313,149.16258578737953,148.78179931640625,149.17879288638107,90683400
2014-01-10 00:00:00+00:00,148.27138017568237,149.03295311453414,149.1868896484375,149.25170568178598,102026400
2014-01-13 00:00:00+00:00,146.91836623642428,148.80609133435902,147.20193481445312,149.21927960637308,149892000
2014-01-14 00:00:00+00:00,147.4126229564378,147.68808188913727,148.80613708496094,148.8871602357065,105016100
2014-01-15 00:00:00+00:00,148.83851452209328,149.15448495211024,149.60818481445312,149.83503474562457,98525800
2014-01-16 00:00:00+00:00,148.93578334915898,149.30036283740148,149.41378784179688,149.6082360046454,72290600
2014-01-17 00:00:00+00:00,148.5225475443531,149.15448841907593,148.78179931640625,149.4380446584342,107848700
2014-01-21 00:00:00+00:00,148.3037718276459,149.6405667703482,149.21926879882812,149.69728542680332,88621200
2014-01-22 00:00:00+00:00,149.00052741725827,149.47043431198546,149.31649780273438,149.53525033495393,61270900
2014-01-23 00:00:00+00:00,147.30727460225907,148.56304661992186,148.0931396484375,148.58735108720603,132496900
2014-01-24 00:00:00+00:00,144.88480171822454,147.12900859439114,144.93341064453125,147.17761752069785,208677100
2014-01-27 00:00:00+00:00,143.49938248828744,145.07113700523726,144.22044372558594,145.44382603640358,180843100
2014-01-28 00:00:00+00:00,144.30960194174656,144.32580904187628,145.07928466796875,145.26562305107743,110463200
2014-01-29 00:00:00+00:00,143.30497402774745,143.8720988678548,143.68576049804688,144.65797627571578,216597300
2014-01-30 00:00:00+00:00,144.42303059707754,144.88484024457557,145.2089080810547,145.67881509762626,118938100
2014-01-31 00:00:00+00:00,143.3374056663746,143.41031908332138,144.3582305908203,145.25753315368803,194677900
2014-02-03 00:00:00+00:00,140.8338856728074,144.18803739912397,141.10934448242188,144.5121051325067,254837100
2014-02-04 00:00:00+00:00,141.0607769518868,141.7413268091277,142.09780883789062,142.4623882355272,165012400
2014-02-05 00:00:00+00:00,140.73668193369616,141.60357000671317,141.91954040527344,142.2355108038337,164230500
2014-02-06 00:00:00+00:00,141.96007006106404,142.25173603247998,143.79107666015625,143.79107666015625,132877600
2014-02-07 00:00:00+00:00,143.9936490968729,144.46355615895635,145.57350158691406,145.7274381509893,170787200
2014-02-10 00:00:00+00:00,145.1927151490573,145.5896963993232,145.84085083007812,145.8894721323108,92218800
2014-02-11 00:00:00+00:00,145.86511978483205,145.96235000322815,147.43687438964844,147.80956344164937,117814100
2014-02-12 00:00:00+00:00,147.21819113456073,147.65568401812249,147.50985717773438,148.12559110781325,94717700
2014-02-13 00:00:00+00:00,146.50521719888187,146.51331456867652,148.2714080810547,148.4253446439296,100542200
2014-02-14 00:00:00+00:00,147.99592539920312,148.1336548379803,149.0896759033203,149.3651347808746,96498400
2014-02-18 00:00:00+00:00,148.78989711439067,149.2192925212143,149.26791381835938,149.4704592880835,80460900
2014-02-19 00:00:00+00:00,148.15794529017805,148.87900661461964,148.27947998046875,149.84312495724913,126524300
2014-02-20 00:00:00+00:00,147.93923750331774,148.4820579574759,149.15451049804688,149.4947854530835,104998100
2014-02-21 00:00:00+00:00,148.91147683461884,149.43809027015683,148.98439025878906,149.79457238263095,118116400
2014-02-24 00:00:00+00:00,149.23551062337577,149.3003266619537,149.8107452392578,150.8153629312274,114063900
2014-02-25 00:00:00+00:00,149.2598624627722,149.93231516873809,149.7540740966797,150.36171074349716,117085000
2014-02-26 00:00:00+00:00,149.3408326833969,149.97277358306116,149.7621307373047,150.36976716870453,98677200
2014-02-27 00:00:00+00:00,149.3732305245271,149.54337416022142,150.54800415039062,150.58850335481804,93880800
2014-02-28 00:00:00+00:00,149.92416954397996,150.523696263946,150.9287872314453,151.62554419003996,150842000
2014-03-03 00:00:00+00:00,148.8709569219249,149.60011584760392,149.8674774169922,150.24826398287271,167748500
2014-03-04 00:00:00+00:00,151.3014398844959,151.33384171463032,151.97389221191406,152.29795996282755,167545900
2014-03-05 00:00:00+00:00,151.86857628774212,152.10353593322412,152.11163330078125,152.37089741132786,88376900
2014-03-06 00:00:00+00:00,152.13593893558544,152.48432354151197,152.4600067138672,152.80839131979369,82516500
2014-03-07 00:00:00+00:00,151.852388842529,153.09197853321342,152.52484130859375,153.09197853321342,114513500
2014-03-10 00:00:00+00:00,151.56881927282157,152.28988061193982,152.44381713867188,152.50052343871363,74939200
2014-03-11 00:00:00+00:00,151.34196588740602,152.67066357278438,151.69033813476562,152.88941612484356,99009100
2014-03-12 00:00:00+00:00,150.61284079151804,150.95312813739542,151.73089599609375,151.78761467453904,104824400
2014-03-13 00:00:00+00:00,149.60819428869675,152.18456682546682,150.02947998046875,152.30610152925843,155014300
2014-03-14 00:00:00+00:00,149.42994381676212,149.7621213454039,149.60818481445312,150.53179163776375,153919600
2014-03-17 00:00:00+00:00,150.29688737362468,150.36170342962035,150.96124267578125,151.31772480255808,98359500
2014-03-18 00:00:00+00:00,151.10697994420366,151.26902616932088,152.0386962890625,152.24124170806772,101804600
2014-03-19 00:00:00+00:00,150.26442776912222,152.05492272348843,151.22854614257812,152.26557791510368,176267300
2014-03-20 00:00:00+00:00,150.628999119875,150.89636059797874,152.11163330078125,152.22505825854708,117241000
2014-03-21 00:00:00+00:00,151.38333017408104,152.75044944260213,151.52166748046875,153.8164699459679,163128000
2014-03-24 00:00:00+00:00,150.23596921692155,152.0425126243319,150.89511108398438,152.2296858687013,121411000
2014-03-25 00:00:00+00:00,150.7648882753869,151.66001426979915,151.61119079589844,152.12386210576946,103852000
2014-03-26 00:00:00+00:00,150.4800768423198,152.2052392438912,150.52076721191406,152.44936904449938,119843000
2014-03-27 00:00:00+00:00,149.65000755322882,150.34170643323534,150.203369140625,150.8218204046986,142383000
2014-03-28 00:00:00+00:00,150.54516297881761,150.63467681564543,150.94390869140625,151.70069733435002,101642000
2014-03-31 00:00:00+00:00,150.96829540045695,151.9041115619217,152.1807861328125,152.41678276212545,99745000
2014-04-01 00:00:00+00:00,152.17263781786914,152.6771634457655,153.18983459472656,153.2793484077681,89193000
2014-04-02 00:00:00+00:00,153.10036004956183,153.38518018691502,153.70254516601562,153.90598457356617,78774000
2014-04-03 00:00:00+00:00,153.02710362255414,153.93850806856966,153.49908447265625,153.9791984278284,77435000
2014-04-04 00:00:00+00:00,151.44030036843486,154.33727555329568,151.68441772460938,154.3698203951336,169381000
2014-04-07 00:00:00+00:00,149.6988372298853,151.3182067303883,150.008056640625,151.57046957215786,140803000
2014-04-08 00:00:00+00:00,149.39778944748207,149.94300567587646,150.62657165527344,150.87068905831688,112660000
2014-04-09 00:00:00+00:00,150.59398366387555,151.03341973361054,152.24591064453125,152.29473411517827,100254000
2014-04-10 00:00:00+00:00,148.8606783660459,152.23778000500036,149.0478515625,152.31101521215746,172959000
2014-04-11 00:00:00+00:00,147.54240536370077,148.21782573907478,147.7051544189453,149.25943459298824,167251000
2014-04-14 00:00:00+00:00,147.6481837669817,148.86067466742165,148.8688201904297,149.21873000501265,132382000
2014-04-15 00:00:00+00:00,147.70509470747174,149.17800596692967,149.89410400390625,149.99989643467805,157093000
2014-04-16 00:00:00+00:00,150.26039677966787,150.92768424228439,151.4647674560547,151.47290056524736,105197000
2014-04-17 00:00:00+00:00,151.00081889177113,151.26122721600134,151.67623901367188,152.0993963320698,105255000
2014-04-21 00:00:00+00:00,151.5297620023894,151.7169227166313,152.20516967773438,152.2540055491013,68329000
2014-04-22 00:00:00+00:00,152.27842993459504,152.35979822640013,152.89688110351562,153.31189291749425,85790000
2014-04-23 00:00:00+00:00,152.4168511986621,152.84000876687873,152.53890991210938,152.92137710352367,73869000
2014-04-24 00:00:00+00:00,152.11569424426264,153.2875071136285,152.84808349609375,153.30378574152382,88170000
2014-04-25 00:00:00+00:00,151.25310249056298,152.35168008190143,151.59487915039062,152.4411939035435,100380000
2014-04-28 00:00:00+00:00,150.51261433093316,152.21336477070057,152.0750274658203,152.7341691489963,135121000
2014-04-29 00:00:00+00:00,152.23771258227566,152.56321052567768,152.78292846679688,153.01891261322075,84098000
2014-04-30 00:00:00+00:00,152.31918866814334,152.53077365636585,153.23873901367188,153.39335499215466,101508000
2014-05-01 00:00:00+00:00,152.76666919496742,153.16541478055063,153.2549285888672,153.66994038181545,93019000
2014-05-02 00:00:00+00:00,152.80738143867043,153.23867191772317,153.0352325439453,153.91409212870016,98122000
2014-05-05 00:00:00+00:00,151.86346539679337,152.28662289815043,153.32823181152344,153.43402429110213,75883000
2014-05-06 00:00:00+00:00,151.9611532678898,152.98648374201258,151.9936981201172,153.09227624143162,85454000
2014-05-07 00:00:00+00:00,151.3670586695092,152.50632684972697,152.8887939453125,152.96202915503147,106500000
2014-05-08 00:00:00+00:00,152.23779651687926,152.7504678564961,152.72604370117188,153.84090022673618,93618000
2014-05-09 00:00:00+00:00,152.03430751999167,152.75041805717186,152.953857421875,153.018947091661,83679000
2014-05-12 00:00:00+00:00,152.98644862867468,153.63745727644346,154.4430694580078,154.51631708838772,86940000
2014-05-13 00:00:00+00:00,154.42675921540018,154.64646479302797,154.5813751220703,154.95569660636824,66454000
2014-05-14 00:00:00+00:00,153.62923529918726,154.44299259969387,153.8489532470703,154.51624019362222,72367000
2014-05-15 00:00:00+00:00,151.74954381271587,153.5398084037388,152.49819946289062,153.57236566767918,154956000
2014-05-16 00:00:00+00:00,151.9448309513776,152.5876940379748,153.02713012695312,153.092232229652,97458000
2014-05-19 00:00:00+00:00,152.59585288251313,152.73419020646597,153.58863830566406,153.710696998282,63839000
2014-05-20 00:00:00+00:00,152.22969996833885,153.5154265542856,152.62030029296875,153.5317051894253,111644000
2014-05-21 00:00:00+00:00,153.03526394203269,153.05967567853824,153.90599060058594,153.9792258101026,89093000
2014-05-22 00:00:00+00:00,153.68626437015237,153.94666035132914,154.28030395507812,154.59766892970487,61549000
2014-05-23 00:00:00+00:00,154.28035502790377,154.41869237884836,154.89881896972656,155.0045990516489,61092800
2014-05-27 00:00:00+00:00,155.3870736524025,155.4765875210366,155.85092163085938,155.89974511975788,72010000
2014-05-28 00:00:00+00:00,155.47657577586233,155.85090985740675,155.7369842529297,156.09503970041752,66723000
2014-05-29 00:00:00+00:00,155.69626943777257,156.09501519933391,156.54257202148438,156.56698376025776,64377000
2014-05-30 00:00:00+00:00,156.26592318974997,156.3961274293594,156.79486083984375,156.8925202280307,76316000
2014-06-02 00:00:00+00:00,156.2170577777276,157.0145368016241,156.97384643554688,157.0470940612684,64656000
2014-06-03 00:00:00+00:00,156.44494778573844,156.59141823964956,156.89251708984375,156.97388542525232,65047000
2014-06-04 00:00:00+00:00,156.46119852212394,156.62394758088195,157.20985412597656,157.29936797083704,55529000
2014-06-05 00:00:00+00:00,156.81109260644888,157.3888659864315,158.23516845703125,158.39791749942088,92103000
2014-06-06 00:00:00+00:00,158.50374474327307,158.5769799658742,158.99200439453125,159.03268235133714,78696000
2014-06-09 00:00:00+00:00,158.82111095509967,158.9675938183338,159.15475463867188,159.53722180433587,65119000
2014-06-10 00:00:00+00:00,158.61759795927625,158.95937459241404,159.17095947265625,159.20350430664186,57129000
2014-06-11 00:00:00+00:00,158.2595746739376,158.6013513761247,158.6176300048828,158.7803790415973,68772000
2014-06-12 00:00:00+00:00,157.14473434890292,158.43047287734328,157.49464416503906,158.51998671213835,106350000
2014-06-13 00:00:00+00:00,157.29932649224943,157.80385216644697,157.97474670410156,158.1293626150857,82017000
2014-06-16 00:00:00+00:00,157.5923063441892,157.77946712321838,158.10496520996094,158.4386088198935,87424000
2014-06-17 00:00:00+00:00,157.71435162465792,157.88524617670174,158.5443878173828,158.65831337976036,84834000
2014-06-18 00:00:00+00:00,158.19449426526288,158.54441653828323,159.7080841064453,159.7975979514545,105267000
2014-06-19 00:00:00+00:00,159.33375097570436,159.84640985367636,159.88710021972656,159.9847595816383,85929000
2014-06-20 00:00:00+00:00,160.01544304514644,160.28527130281316,160.21168518066406,160.34251327100915,100587000
2014-06-23 00:00:00+00:00,159.86831690026517,160.25261672868666,160.1626739501953,160.30167415759885,70611000
2014-06-24 00:00:00+00:00,159.01789892071852,159.876441098932,159.19778442382812,160.66956923270078,96237000
2014-06-25 00:00:00+00:00,158.8298579305172,158.86255871792852,159.91734313964844,160.08087202961417,82782000
2014-06-26 00:00:00+00:00,158.73174312666816,159.94187188442567,159.80287170410156,159.95822851636223,84312000
2014-06-27 00:00:00+00:00,159.35318936384482,159.4267755074071,160.11361694335938,160.1626743724009,71445100
2014-06-30 00:00:00+00:00,159.8764577630028,160.01545794326594,160.0318145751953,160.3997576966512,70201200
2014-07-01 00:00:00+00:00,160.36707995990795,160.42430946520486,161.10296630859375,161.5935655253552,90470000
2014-07-02 00:00:00+00:00,161.0457515707907,161.11933771711568,161.26651000976562,161.47092428941778,52475000
2014-07-03 00:00:00+00:00,161.6017605931076,161.7244041765166,162.0596466064453,162.13323275649068,52938800
2014-07-07 00:00:00+00:00,161.25832256990083,161.74892178491837,161.4954376220703,161.87973742932755,61696000
2014-07-08 00:00:00+00:00,160.0645012007809,161.20104372845094,160.4569854736328,161.25828569691188,108143000
2014-07-09 00:00:00+00:00,160.5142592103693,160.8576736864346,161.1765594482422,161.32374421024554,72992000
2014-07-10 00:00:00+00:00,159.49214230121268,159.62297039085314,160.5387420654297,160.9639271185345,99040000
2014-07-11 00:00:00+00:00,160.08089515791195,160.44066625368862,160.75955200195312,160.8740234891133,64243000
2014-07-14 00:00:00+00:00,161.43818739885396,161.5771875807639,161.5690155029297,161.7816018147117,58658000
2014-07-15 00:00:00+00:00,160.55515230904254,161.66716648940854,161.26651000976562,161.9778801869462,111307000
2014-07-16 00:00:00+00:00,161.42183106976358,161.98601635275142,161.86337280273438,162.10865990276847,79986400
2014-07-17 00:00:00+00:00,159.794680456101,161.3645926684257,160.0236358642578,161.97783533758397,145398000
2014-07-18 00:00:00+00:00,160.45697902205734,160.54692177141285,161.658935546875,161.82246441576146,124330000
2014-07-21 00:00:00+00:00,160.61234399785548,161.15200056340612,161.35641479492188,161.48724289744106,67592000
2014-07-22 00:00:00+00:00,161.7898182464874,161.90428974982186,162.0596466064453,162.35400368308498,67678000
2014-07-23 00:00:00+00:00,161.97790417395737,162.3049620792512,162.41943359375,162.59114710372785,65612000
2014-07-24 00:00:00+00:00,162.26405285851195,162.57476655636734,162.42758178710938,162.7628242004315,56888000
2014-07-25 00:00:00+00:00,161.34825904102212,161.9696738761758,161.66714477539062,162.1086740704948,76837000
2014-07-28 00:00:00+00:00,160.76770227600386,161.69983068115712,161.7325439453125,161.9696589663929,69259000
2014-07-29 00:00:00+00:00,161.01302316674642,162.03509446894986,161.0375518798828,162.26403744252693,80466000
2014-07-30 00:00:00+00:00,160.39160050005088,161.60990144804896,161.06207275390625,161.82250025349185,104222000
2014-07-31 00:00:00+00:00,157.7832938304763,159.94190810613654,157.88140869140625,160.08090831793973,183479000
2014-08-01 00:00:00+00:00,156.63857172594055,157.4480442446354,157.39898681640625,158.42923023858918,189261000
2014-08-04 00:00:00+00:00,157.03103650667495,157.70150878949482,158.5355224609375,158.87076484057556,91340000
2014-08-05 00:00:00+00:00,156.42597931176957,157.88959252168598,156.9983367919922,158.29842107562465,152690000
2014-08-06 00:00:00+00:00,156.23792401713519,156.26245273262336,157.0474090576172,157.71788140838956,94818000
2014-08-07 00:00:00+00:00,155.80451916238076,157.75871858373375,156.19699096679688,157.9140753853547,135733000
2014-08-08 00:00:00+00:00,156.13166236930982,156.54867558640456,158.0041046142578,158.11039158159954,117014000
2014-08-11 00:00:00+00:00,158.38832793383025,158.6009142421388,158.4619140625,159.1650995148492,74544000
2014-08-12 00:00:00+00:00,157.75872007975454,158.30654869098663,158.2411346435547,158.74807791558507,73632000
2014-08-13 00:00:00+00:00,158.59271113362107,158.86252688595036,159.31224060058594,159.49212608644018,69047000
2014-08-14 00:00:00+00:00,159.4268035526664,159.5739883421397,160.0645751953125,160.0645751953125,57371000
2014-08-15 00:00:00+00:00,158.87891531503954,160.64505726977333,160.0318145751953,160.79222952777386,139951000
2014-08-18 00:00:00+00:00,160.82498919179298,160.9149319786723,161.37281799316406,161.44640414339491,75424000
2014-08-19 00:00:00+00:00,161.43817900818502,161.76523677492096,162.21495056152344,162.3375941049359,59135000
2014-08-20 00:00:00+00:00,161.96147140674546,161.9941721913203,162.64830017089844,162.84454230770794,72763000
2014-08-21 00:00:00+00:00,162.65651858231067,162.78734671078473,163.12258911132812,163.3351754627557,67791000
2014-08-22 00:00:00+00:00,162.5011060322168,162.99169259346465,162.86904907226562,163.27787744486474,76107000
2014-08-25 00:00:00+00:00,162.8363886738342,163.64587360586935,163.69493103027344,164.01381676535593,63855000
2014-08-26 00:00:00+00:00,163.7602926457867,163.80117797851562,163.80117797851562,164.2018342769362,47298000
2014-08-27 00:00:00+00:00,163.48233766002713,163.88298159304742,163.73580932617188,163.99746554700212,47874000
2014-08-28 00:00:00+00:00,163.03263126390982,163.19616017115933,163.6458740234375,163.75217342755485,58330000
2014-08-29 00:00:00+00:00,163.38423945219327,163.89935491516508,164.11195373535156,164.12829789347623,65907000
2014-09-02 00:00:00+00:00,163.41693909507777,164.32453892287404,164.03018188476562,164.34906763634504,72426000
2014-09-03 00:00:00+00:00,163.7112426449756,164.65972751081733,163.940185546875,164.68425621627424,57462000
2014-09-04 00:00:00+00:00,163.2533959061348,164.2182251555205,163.70310974121094,164.8232958133007,85236000
2014-09-05 00:00:00+00:00,163.04898099387813,163.67039580569727,164.43899536132812,164.5044094167494,102177000
2014-09-08 00:00:00+00:00,163.53134894270184,164.28359165066405,164.01376342773438,164.52071909344397,64146000
2014-09-09 00:00:00+00:00,162.6401300054667,163.8666153029212,162.97537231445312,163.9810867649588,88591000
2014-09-10 00:00:00+00:00,162.52569689388076,163.06534106999337,163.58865356445312,163.69494049799076,67251000
2014-09-11 00:00:00+00:00,162.8118004381607,162.93445643078417,163.77664184570312,163.80117054893756,66774400
2014-09-12 00:00:00+00:00,162.35395216104206,163.6131507745798,162.8200225830078,163.6294949295422,117409300
2014-09-15 00:00:00+00:00,162.20680097717937,162.84457244427148,162.6973876953125,162.9754005596893,76401000
2014-09-16 00:00:00+00:00,162.30490140658972,162.39484416839213,163.92385864257812,164.21821563789007,116201000
2014-09-17 00:00:00+00:00,163.32695071931792,164.1609641738447,164.1446075439453,164.90502240215133,151266000
2014-09-18 00:00:00+00:00,164.43083245361942,164.64341878825334,165.01954650878906,165.0440752213831,94990000
2014-09-19 00:00:00+00:00,164.5339944938234,165.54442251137664,164.8708038330078,165.8565759528991,121649000
2014-09-22 00:00:00+00:00,163.25249928496268,164.58330363474155,163.59751892089844,164.6079469991103,125553000
2014-09-23 00:00:00+00:00,162.61180029116483,163.00610678568628,162.6610870361328,163.68793600555767,111393000
2014-09-24 00:00:00+00:00,162.25857515371405,162.6857353128319,163.93438720703125,164.04118351419962,107276000
2014-09-25 00:00:00+00:00,161.23173331818785,163.5072217791076,161.2892303466797,163.51544459373386,150300000
2014-09-26 00:00:00+00:00,161.3549085229412,161.58492164706885,162.57069396972656,162.9732232043375,103547000
2014-09-29 00:00:00+00:00,161.051013067685,161.1742299440265,162.27500915527344,162.56253191310876,95112000
2014-09-30 00:00:00+00:00,161.5110298670857,162.39822892842787,161.84783935546875,162.8993317537754,131302000
2014-10-01 00:00:00+00:00,159.29298147127417,161.58490215839535,159.65443420410156,161.64241169987864,177798000
2014-10-02 00:00:00+00:00,158.01152123494995,159.51481706519604,159.6791229248047,160.23772273618704,157285000
2014-10-03 00:00:00+00:00,160.25412572291904,160.74700560481836,161.4370574951172,161.78207717287916,121569000
2014-10-06 00:00:00+00:00,160.6648496341685,162.11064802945648,161.2480926513672,162.32424057218302,104778000
2014-10-07 00:00:00+00:00,158.72621006841072,160.41845519396728,158.75906372070312,160.7799080430721,147913000
2014-10-08 00:00:00+00:00,158.01967031901097,158.84935943570792,161.5355987548828,161.76561182752698,186461000
2014-10-09 00:00:00+00:00,158.20042375793733,161.28096993849408,158.3318634033203,161.50277277323102,210705000
2014-10-10 00:00:00+00:00,156.48356375692845,158.29081533332499,156.52462768554688,159.07942827749446,221909000
2014-10-13 00:00:00+00:00,153.8630669563472,156.4589444102898,153.95343017578125,157.0257545669811,230939000
2014-10-14 00:00:00+00:00,153.64941026492173,154.78305517519757,154.19158935546875,155.93313317345851,215847000
2014-10-15 00:00:00+00:00,149.4434647480626,152.10506133763343,153.14833068847656,154.18340229625286,380715000
2014-10-16 00:00:00+00:00,150.24027356372258,150.37992347073177,153.01687622070312,154.09301156012987,270391000
2014-10-17 00:00:00+00:00,154.12592588766123,154.78311176482805,154.82418823242188,155.8756806219776,214625000
2014-10-20 00:00:00+00:00,154.49555898341168,154.54484571703,156.32745361328125,156.450670447327,130011000
2014-10-21 00:00:00+00:00,157.29684346647912,157.4611368097179,159.4244842529297,159.53126803190665,154949000
2014-10-22 00:00:00+00:00,158.22505166810348,159.70371619727962,158.290771484375,160.1144556478967,151822000
2014-10-23 00:00:00+00:00,159.58054610489222,159.87627912055427,160.1309356689453,161.1742177706944,154944000
2014-10-24 00:00:00+00:00,159.76946978605272,160.39378937044268,161.36312866210938,161.41242793581398,117927000
2014-10-27 00:00:00+00:00,160.21311228796802,160.78814531043588,161.14138793945312,161.37961142919704,82954000
2014-10-28 00:00:00+00:00,161.6095784059101,161.68352105068703,162.9896697998047,162.9978800782127,106736000
2014-10-29 00:00:00+00:00,161.66708948159052,163.10467790743206,162.74322509765625,163.57291447662246,142557000
2014-10-30 00:00:00+00:00,162.1600218883318,162.3078946923467,163.78656005859375,164.25479677928342,113330000
2014-10-31 00:00:00+00:00,164.92832336243012,165.75801254444386,165.65943908691406,165.79087872013602,146903000
2014-11-03 00:00:00+00:00,165.37190060136237,165.8730031870522,165.74978637695312,166.30838596243183,93600000
2014-11-04 00:00:00+00:00,164.34502688345853,165.3061554592629,165.1747283935547,165.61011110221554,93343000
2014-11-05 00:00:00+00:00,165.486993096697,166.3824024745898,166.21810913085938,166.4234789442171,91709000
2014-11-06 00:00:00+00:00,165.6430851766181,166.25919465022704,166.88351440429688,166.97387762848402,107089000
2014-11-07 00:00:00+00:00,166.43987457097933,166.89990084377743,167.03955078125,167.25314336131757,89540000
2014-11-10 00:00:00+00:00,166.86702749468742,167.07239723756584,167.56527709960938,167.6145638323363,66319000
2014-11-11 00:00:00+00:00,167.29421607263362,167.63102551675448,167.72959899902344,167.83639529466578,54499400
2014-11-12 00:00:00+00:00,167.0148897835455,167.0477559622911,167.54885864257812,167.77887175469928,90120300
2014-11-13 00:00:00+00:00,166.93276227306376,167.71316485896764,167.73780822753906,168.26355431502145,85357900
2014-11-14 00:00:00+00:00,167.3517274939264,167.66389357096222,167.77890014648438,167.98426992668655,80417500
2014-11-17 00:00:00+00:00,167.29429121744914,167.4585971414019,167.88575744628906,168.0582736525266,80441000
2014-11-18 00:00:00+00:00,167.94319914755718,167.94319914755718,168.85504150390625,169.1589847777636,76068100
2014-11-19 00:00:00+00:00,167.82813377447496,168.65782291139487,168.58389282226562,168.85498235051216,82373000
2014-11-20 00:00:00+00:00,167.72957581247903,167.79529563649885,168.87965393066406,168.98645021154314,72840300
2014-11-21 00:00:00+00:00,169.2082618136518,170.57192013045926,169.78329467773438,170.73621344380052,142327300
2014-11-24 00:00:00+00:00,169.97224020779666,170.18582025702807,170.25975036621094,170.36654665821467,65880800
2014-11-25 00:00:00+00:00,169.8819096028783,170.4897962191645,170.13656616210938,170.69516602948354,79108300
2014-11-26 00:00:00+00:00,170.07078150766517,170.28436151648518,170.57188415527344,170.67045761553288,62167800
2014-11-28 00:00:00+00:00,169.97224105738928,170.44870043246496,170.21046447753906,170.76085396216712,57890100
2014-12-01 00:00:00+00:00,168.71537333634876,169.55327295242296,169.02752685546875,169.66827951941994,103968400
2014-12-02 00:00:00+00:00,169.0439966497117,169.0686400240777,170.12013244628906,170.32550225585814,74507200
2014-12-03 00:00:00+00:00,170.1283197673002,170.2926130737235,170.77728271484375,170.99086275971644,68952000
2014-12-04 00:00:00+00:00,169.79967739354814,170.48971662572725,170.5883026123047,171.08940521693367,91316600
2014-12-05 00:00:00+00:00,170.4979669661541,170.76083372500187,170.8676300048828,171.2537261331566,91025500
2014-12-08 00:00:00+00:00,169.16715683005884,170.4733179076276,169.72576904296875,170.96619776455188,108588200
2014-12-09 00:00:00+00:00,167.507749257796,167.88562249566635,169.61073303222656,169.71752928999393,125180100
2014-12-10 00:00:00+00:00,166.70275914306686,169.1507760534663,166.89170837402344,169.20827307631345,159856400
2014-12-11 00:00:00+00:00,167.3435017956211,167.48315172911757,167.73780822753906,169.3807663177685,159012800
2014-12-12 00:00:00+00:00,164.9941238820741,166.464566326811,165.0269775390625,167.43391842749244,202330200
2014-12-15 00:00:00+00:00,163.29361903813998,165.9223497243175,163.89329528808594,166.37416574884256,189965800
2014-12-16 00:00:00+00:00,162.53782674348534,163.12929259461615,162.5789031982422,166.2673356886068,259543800
2014-12-17 00:00:00+00:00,162.89108895330958,163.01431834199687,165.76626586914062,166.21808189144082,253910100
2014-12-18 00:00:00+00:00,167.51601726093492,168.18963614241468,169.86544799804688,174.95040565365042,257633900
2014-12-19 00:00:00+00:00,169.83647542619994,170.5137993008005,170.58815002441406,171.2572183092593,245084600
2014-12-22 00:00:00+00:00,170.53864099505515,170.7781792073314,171.37290954589844,171.37290954589844,148318900
2014-12-23 00:00:00+00:00,171.3150926763629,171.95112622110676,171.6042022705078,172.0006849849126,122167900
2014-12-24 00:00:00+00:00,171.5793786021985,171.82718496122445,171.6206817626953,172.09150250128513,42963400
2014-12-26 00:00:00+00:00,172.01720407583304,172.06676283828526,172.1741485595703,172.51281690827093,57326700
2014-12-29 00:00:00+00:00,171.92630656332508,171.99238910090492,172.4053955078125,172.6118987112663,79643900
2014-12-30 00:00:00+00:00,171.4059959121055,171.984215239719,171.4803466796875,172.1163677737243,73540800
2014-12-31 00:00:00+00:00,169.65482012488775,171.80245910013662,169.77871704101562,171.96765918962677,130333800
2015-01-02 00:00:00+00:00,168.6552891653052,170.47252742690722,169.68780517578125,170.88553383109766,121465900
2015-01-05 00:00:00+00:00,166.3177160273211,168.6470660413276,166.6233367919922,168.8122661140158,169632600
2015-01-06 00:00:00+00:00,164.26100727264006,166.92902673388645,165.05398559570312,167.44941915227045,209151400
2015-01-07 00:00:00+00:00,165.9294795701786,166.3755210016873,167.1106719970703,167.44934031956146,125346700
2015-01-08 00:00:00+00:00,168.4984352253936,168.51494641434752,170.07611083984375,170.29088233585512,147217800
2015-01-09 00:00:00+00:00,168.1019414964393,170.48911913604712,168.71319580078125,170.50564292912694,158567300
2015-01-12 00:00:00+00:00,166.7885393225758,168.8453161791333,167.3915252685547,169.00226066188512,144396100
2015-01-13 00:00:00+00:00,165.62385367921945,168.60576096190292,166.9207000732422,169.72913908899594,214553300
2015-01-14 00:00:00+00:00,164.0214148168744,164.91349780540452,165.91297912597656,166.11122679229365,192991100
2015-01-15 00:00:00+00:00,164.277501361906,166.54903755284403,164.3931427001953,166.86291398308043,176613900
2015-01-16 00:00:00+00:00,164.00485953482422,164.18658337639727,166.54898071289062,166.70592517642703,211879600
2015-01-20 00:00:00+00:00,165.3430259480595,167.18503146744484,166.90419006347656,167.44936168573867,130991100
2015-01-21 00:00:00+00:00,165.97906716560615,166.44163246500446,167.74673461914062,168.22582370893434,122942700
2015-01-22 00:00:00+00:00,167.12722961914895,168.49841437027467,170.24130249023438,170.37345500531438,174356000
2015-01-23 00:00:00+00:00,169.17566574838096,169.9851546972276,169.30783081054688,170.24122923165683,117516800
2015-01-26 00:00:00+00:00,168.3827629216211,169.09313463881273,169.70437622070312,169.79523815908667,92009700
2015-01-27 00:00:00+00:00,166.63985315825929,167.655845533799,167.4658660888672,168.60575536241527,134044600
2015-01-28 00:00:00+00:00,165.1282578484053,168.64706860560267,165.3182373046875,168.74618612993115,168514300
2015-01-29 00:00:00+00:00,164.11221580090753,165.5164476333486,166.84632873535156,167.1023906847634,173585400
2015-01-30 00:00:00+00:00,164.48397340858196,165.67343415017112,164.748291015625,166.99504739330268,197729700
2015-02-02 00:00:00+00:00,163.43496283666747,165.24393365704213,166.78857421875,166.87943616967166,163107000
2015-02-03 00:00:00+00:00,167.3089060809817,167.6806093444516,169.20046997070312,169.20873816577404,124212900
2015-02-04 00:00:00+00:00,168.10193413638905,168.44060255791106,168.55624389648438,169.6465873207132,134306700
2015-02-05 00:00:00+00:00,169.1427024012078,169.21704055366874,170.2578125,170.40650140888124,97953200
2015-02-06 00:00:00+00:00,169.26662546674098,170.6212866268706,169.78701782226562,171.1829821636841,125672000
2015-02-09 00:00:00+00:00,168.62231812482196,169.14271042465256,169.02706909179688,169.8613378071158,87219000
2015-02-10 00:00:00+00:00,169.0683318377307,170.05955750358785,170.82774353027344,171.08380553916865,96164200
2015-02-11 00:00:00+00:00,170.0182882386482,170.6625774875651,170.92689514160156,171.3564255088663,91087800
2015-02-12 00:00:00+00:00,170.95989500311532,171.71982537678446,172.57061767578125,172.62844463006107,97545900
2015-02-13 00:00:00+00:00,172.43848425618765,172.6945588956595,173.28102111816406,173.33057988581692,93670400
2015-02-17 00:00:00+00:00,172.7193202893553,172.9671141018099,173.5535888671875,173.72705713986363,76968200
2015-02-18 00:00:00+00:00,172.91752641065045,173.18185657165742,173.57008361816406,173.64442174946387,80652900
2015-02-19 00:00:00+00:00,172.83498639699363,172.97540711218107,173.44622802734375,173.80967580969232,91462500
2015-02-20 00:00:00+00:00,172.41371378745657,173.0332236230692,174.4870147705078,174.56135292583096,140896400
2015-02-23 00:00:00+00:00,173.85919023381086,174.2391617104285,174.46218872070312,174.46218872070312,74411100
2015-02-24 00:00:00+00:00,174.090493287688,174.38785846833633,174.9578094482422,175.1560571033271,72472300
2015-02-25 00:00:00+00:00,174.47050515471588,174.83395297110542,174.80917358398438,175.31304212871333,73061700
2015-02-26 00:00:00+00:00,173.99961684898244,174.7182566612815,174.6026153564453,174.87520113297848,72697900
2015-02-27 00:00:00+00:00,173.9583300342273,174.5034889950828,174.0078887939453,174.7678191855219,108076000
2015-03-02 00:00:00+00:00,174.05749660771215,174.10705538139715,175.10653686523438,175.1643512332133,87491400
2015-03-03 00:00:00+00:00,173.52879998833052,174.67695747104125,174.38784790039062,175.15604648882834,110325800
2015-03-04 00:00:00+00:00,172.6862610867606,173.7931153877391,173.65269470214844,173.86746613042823,114497200
2015-03-05 00:00:00+00:00,173.33882872209776,173.97484964121526,173.8426971435547,174.12353853152536,76873000
2015-03-06 00:00:00+00:00,171.06725921697512,172.9836023958344,171.3976593017578,173.41313258921616,188128000
2015-03-09 00:00:00+00:00,171.43902465475077,171.59596916334027,172.10809326171875,172.46327285150772,89818900
2015-03-10 00:00:00+00:00,169.27481316828494,170.74512768789077,169.3161163330078,170.8277214133803,157121300
2015-03-11 00:00:00+00:00,168.8370866347127,169.57223785067123,168.91969299316406,169.7457061618348,110145700
2015-03-12 00:00:00+00:00,169.497904409586,169.54746318445234,171.0673370361328,171.13340699998056,93993500
2015-03-13 00:00:00+00:00,168.98576364127752,170.794734369721,170.01828002929688,171.75289999879354,162410900
2015-03-16 00:00:00+00:00,170.04306864879194,170.74518487235875,172.28982543945312,172.38068739069163,136099200
2015-03-17 00:00:00+00:00,170.96820795318064,171.55468286868114,171.7777099609375,172.15766897326645,94510400
2015-03-18 00:00:00+00:00,170.67079772450302,171.30683124757832,173.8426971435547,174.51176564005567,228808500
2015-03-19 00:00:00+00:00,172.6614860397028,173.4296846377479,173.04971313476562,173.85094670509045,117917300
2015-03-20 00:00:00+00:00,173.81390205525543,173.9964371148031,174.5772247314453,175.08334236742368,177715100
2015-03-23 00:00:00+00:00,174.2369842529297,174.5854567022096,174.2369842529297,175.1579516761038,71784500
2015-03-24 00:00:00+00:00,173.191602819688,174.11257043384242,173.2579803466797,174.5688953590549,77805300
2015-03-25 00:00:00+00:00,170.67761081709924,173.46540362154204,170.71908569335938,173.69771863356073,159521700
2015-03-26 00:00:00+00:00,169.35836787678124,170.05532553117254,170.31253051757812,171.22519296417158,153067200
2015-03-27 00:00:00+00:00,170.00555689564965,170.1963970468826,170.7025146484375,170.8767445914697,118939000
2015-03-30 00:00:00+00:00,171.71477218612802,171.73135707604655,172.7850799560547,173.0837725574656,96180400
2015-03-31 00:00:00+00:00,171.21696723081993,171.96369249262716,171.27503967285156,172.6606504185664,126768700
2015-04-01 00:00:00+00:00,169.6819511881236,171.24179131979093,170.66929626464844,171.26668130825644,137303600
2015-04-02 00:00:00+00:00,170.4204146457377,170.60294970108774,171.28330993652344,171.73134247042432,86900900
2015-04-06 00:00:00+00:00,170.26274398824668,170.39548636758687,172.43655395507812,172.950963908092,114368200
2015-04-07 00:00:00+00:00,171.94702692216907,172.46143685403993,171.98020935058594,173.20816176547933,81236300
2015-04-08 00:00:00+00:00,171.81431007882907,172.2042701655457,172.56103515625,173.0007752267654,89351900
2015-04-09 00:00:00+00:00,171.9056061816652,172.3951263173616,173.3243865966797,173.5567016665092,85548900
2015-04-10 00:00:00+00:00,173.37413767380824,173.57325759435778,174.27020263671875,174.31169017357283,72722900
2015-04-13 00:00:00+00:00,173.43224515628404,174.1291903395314,173.48202514648438,174.75977064265913,74436600
2015-04-14 00:00:00+00:00,172.66057553548654,173.2828505371855,173.81385803222656,173.9963930455423,75099900
2015-04-15 00:00:00+00:00,174.19552802686758,174.27850309836572,174.59378051757812,175.09989806919253,99529300
2015-04-16 00:00:00+00:00,174.0627635527124,174.26189611739576,174.5439910888672,175.05010861308017,68934900
2015-04-17 00:00:00+00:00,171.7562126949012,173.35754046703426,172.5361328125,173.5981479249098,191113200
2015-04-20 00:00:00+00:00,173.37416192199962,173.4571243470922,174.1125946044922,174.4444696253035,92189500
2015-04-21 00:00:00+00:00,173.60644358302048,174.7929085814658,173.90513610839844,174.95055361711223,72559800
2015-04-22 00:00:00+00:00,173.3243448273341,174.24531243943684,174.75973510742188,174.94227014118775,78264600
2015-04-23 00:00:00+00:00,174.24536095448013,174.36151849374383,175.19952392578125,175.8466891674251,102585900
2015-04-24 00:00:00+00:00,175.15800081050318,175.6143384293135,175.6060333251953,175.87154345258304,61327400
2015-04-27 00:00:00+00:00,174.68504488080637,176.17021507638887,174.87588500976562,176.29466502117256,79358100
2015-04-28 00:00:00+00:00,173.6811707946478,174.8510512929891,175.4318389892578,175.48161898319196,86863500
2015-04-29 00:00:00+00:00,173.90518118255187,174.54404127335286,174.70999145507812,175.3073640004478,125684900
2015-04-30 00:00:00+00:00,172.26228624853775,174.13741609309267,172.95924377441406,174.52737605225857,161304900
2015-05-01 00:00:00+00:00,173.63959595008126,173.7391558878964,174.83436584472656,174.8758533722215,103399700
2015-05-04 00:00:00+00:00,175.14970982400388,175.25756223646033,175.33224487304688,175.91303245626554,70927200
2015-05-05 00:00:00+00:00,173.1833390657276,175.09165227666028,173.3243865966797,175.4484299868982,113326200
2015-05-06 00:00:00+00:00,171.54880933841025,173.87197243782254,172.61082458496094,174.17895746152567,135060200
2015-05-07 00:00:00+00:00,172.17938137022506,172.5112563713364,173.29946899414062,173.7226241798103,88244900
2015-05-08 00:00:00+00:00,174.884185936411,174.96716101043745,175.5811309814453,175.78026356297747,155877300
2015-05-11 00:00:00+00:00,174.6684178197142,175.5396052034986,174.7430877685547,175.80510257500316,75708100
2015-05-12 00:00:00+00:00,173.09206611183717,173.91347393603724,174.220458984375,174.75977175549593,119727600
2015-05-13 00:00:00+00:00,174.0212860823308,174.6269635497374,174.25360107421875,175.24923856234108,94667900
2015-05-14 00:00:00+00:00,174.99205079218353,175.26585334388207,176.07066345214844,176.1619309693813,95934000
2015-05-15 00:00:00+00:00,175.78023186050478,176.26145935058594,176.26145935058594,176.4025068228175,76510100
2015-05-18 00:00:00+00:00,176.02917716636372,176.09555469393385,176.80909729003906,177.05799719315343,74549700
2015-05-19 00:00:00+00:00,176.46891209125,176.92524966742405,176.75100708007812,177.1990522131285,72114600
2015-05-20 00:00:00+00:00,176.31129677913978,176.85059685814068,176.6265869140625,177.37331204809766,76857500
2015-05-21 00:00:00+00:00,176.319583462163,176.48553362894427,177.1409912109375,177.34841625919387,64764600
2015-05-22 00:00:00+00:00,176.65141118414758,176.75926356368856,176.71778869628906,177.17411351941092,57433500
2015-05-26 00:00:00+00:00,174.40297522756453,176.22831309072097,174.8178253173828,176.65146828487644,124308600
2015-05-27 00:00:00+00:00,174.8675680788576,175.27412563801573,176.47718811035156,176.70950309837983,93214000
2015-05-28 00:00:00+00:00,175.5894692165826,176.17025686369877,176.2781219482422,176.38597437256442,74974600
2015-05-29 00:00:00+00:00,174.9173181986355,176.21164786311556,175.1828155517578,176.25312272501193,124919600
2015-06-01 00:00:00+00:00,174.7514171732241,175.84662729540608,175.53964233398438,176.17850224503937,93338800
2015-06-02 00:00:00+00:00,174.46107775032527,175.0833529472345,175.36544799804688,176.05410073518627,91531000
2015-06-03 00:00:00+00:00,175.34057322484352,175.8964709297817,175.83009338378906,176.4523686347199,87820900
2015-06-04 00:00:00+00:00,174.02958907362384,175.12479923909686,174.34487915039062,175.78025672160754,151882800
2015-06-05 00:00:00+00:00,173.3907182052303,174.1955282911533,174.0461883544922,174.7182433899041,121704700
2015-06-08 00:00:00+00:00,172.90119063064117,173.93831567945017,172.97586059570312,174.08766826979198,89063300
2015-06-09 00:00:00+00:00,172.32042123131572,172.95098876953125,172.95098876953125,173.49030144767775,105034700
2015-06-10 00:00:00+00:00,173.65625304064022,173.71432547087372,175.02525329589844,175.40692095542522,134551300
2015-06-11 00:00:00+00:00,175.23263891764168,175.46495390674622,175.58941650390625,175.971071417342,73876400
2015-06-12 00:00:00+00:00,173.9715434658424,174.7680612814801,174.24534606933594,175.46500645752488,135382400
2015-06-15 00:00:00+00:00,172.403355608492,173.10860566512972,173.49856567382812,173.78066063239635,124384200
2015-06-16 00:00:00+00:00,173.17500263268036,173.3492325606859,174.44444274902344,174.52741782155275,85308200
2015-06-17 00:00:00+00:00,173.7060196267391,174.72654724121094,174.72654724121094,175.33223745113244,126708600
2015-06-18 00:00:00+00:00,174.7597139184238,175.32390383786228,176.54356384277344,177.0081938141268,165867900
2015-06-19 00:00:00+00:00,175.38467857961558,176.30179312772805,175.75985717773438,176.37682630299184,130478700
2015-06-22 00:00:00+00:00,176.45184437011525,176.67695659843193,176.6602783203125,177.24389083650507,70696000
2015-06-23 00:00:00+00:00,176.39354089530357,176.8687638249379,176.78538513183594,177.1188871824413,68476800
2015-06-24 00:00:00+00:00,175.47643851962894,176.51860864780568,175.50144958496094,176.89378734958865,92307300
2015-06-25 00:00:00+00:00,174.8927555304371,176.0016256279538,174.96778869628906,176.12668090437373,97107400
2015-06-26 00:00:00+00:00,174.38425562567184,175.32636882131126,174.9345245361328,175.5681594282429,104174800
2015-06-29 00:00:00+00:00,171.19101905728778,173.45878205663925,171.26605224609375,174.9428311592116,202621300
2015-06-30 00:00:00+00:00,171.1492914444219,172.8000848380619,171.62452697753906,172.85011967454733,182925100
2015-07-01 00:00:00+00:00,172.21648458678231,173.19195405817197,173.0001983642578,173.44207737125143,135979900
2015-07-02 00:00:00+00:00,172.4249593461065,173.47547496516904,172.84182739257812,173.64221963939704,104373700
2015-07-06 00:00:00+00:00,171.35776663146783,171.55786786015534,172.34991455078125,173.12528295856598,117975400
2015-07-07 00:00:00+00:00,170.17382092755489,172.5499731339721,173.43373107910156,173.55878636499753,173820200
2015-07-08 00:00:00+00:00,170.29057227957045,172.0997778121791,170.52401733398438,172.3832449894244,164020100
2015-07-09 00:00:00+00:00,170.72412724140756,172.6166988345158,170.83250427246094,172.87516768530955,144113100
2015-07-10 00:00:00+00:00,170.8742299950883,172.82516963101017,172.98358154296875,173.40044963894204,129456900
2015-07-13 00:00:00+00:00,174.20080458943872,174.24249393444856,174.89280700683594,175.0011840376992,106069400
2015-07-14 00:00:00+00:00,174.79272703637704,174.85109465607158,175.65147399902344,175.95996493406554,81709600
2015-07-15 00:00:00+00:00,175.11788880399487,175.69316863008046,175.59312438964844,176.1517259350618,97914100
2015-07-16 00:00:00+00:00,176.40187577162789,176.6436536296121,177.00216674804688,177.00216674804688,106683300
2015-07-17 00:00:00+00:00,176.58531772618835,176.99384029452227,177.15225219726562,177.2106198337727,89030000
2015-07-20 00:00:00+00:00,176.92703982625798,177.37725145916346,177.2438507080078,177.73575166587392,70446800
2015-07-21 00:00:00+00:00,176.24343366482006,177.1105134144091,176.5435791015625,177.3689822330543,77965000
2015-07-22 00:00:00+00:00,175.8265255043429,175.85986933555625,176.22671508789062,176.56021700901164,88667900
2015-07-23 00:00:00+00:00,174.87613400945932,176.36018313968574,175.23463439941406,176.4602273932913,90509100
2015-07-24 00:00:00+00:00,173.08362489603817,175.33470989252405,173.4171142578125,175.3930648060229,117755000
2015-07-27 00:00:00+00:00,171.96638509196006,172.53333219491864,172.40826416015625,173.04191167062774,132361100
2015-07-28 00:00:00+00:00,172.41657402795545,173.24196436651047,174.5259246826172,174.66765824861352,123544800
2015-07-29 00:00:00+00:00,174.50927188232112,174.65100546901073,175.72653198242188,175.95163153209302,105791300
2015-07-30 00:00:00+00:00,174.60095071674886,175.217919792156,175.7681884765625,175.9349330931648,91304400
2015-07-31 00:00:00+00:00,175.21798236332967,176.2684852726826,175.50144958496094,176.29349633801456,103266900
2015-08-03 00:00:00+00:00,173.9589958987843,175.46806861139632,174.90945434570312,175.52642351088926,113965700
2015-08-04 00:00:00+00:00,174.08407382064158,174.8344311081119,174.56764221191406,175.29298843792213,81820800
2015-08-05 00:00:00+00:00,174.85944916623106,175.45974010894733,175.14292907714844,176.1767535837583,85786800
2015-08-06 00:00:00+00:00,173.12522184868564,175.32628370010627,173.70884704589844,175.43467341761115,116030800
2015-08-07 00:00:00+00:00,172.47497551144963,173.55050215836098,173.3754119873047,173.70056854343548,117858000
2015-08-10 00:00:00+00:00,174.48430293888842,174.48430293888842,175.55982971191406,175.64319569501873,80270700
2015-08-11 00:00:00+00:00,173.21697472978343,174.22580081719414,173.97567749023438,174.64266878819345,126081400
2015-08-12 00:00:00+00:00,171.21599961373644,172.6750373934088,174.18409729003906,174.36752020008473,172123700
2015-08-13 00:00:00+00:00,173.4254254026694,174.0257163564138,173.9673614501953,174.7093860011013,89383300
2015-08-14 00:00:00+00:00,173.63384590223302,173.77557948836994,174.60098266601562,174.67601584894675,72786500
2015-08-17 00:00:00+00:00,173.55044416331853,174.0090013897043,175.576416015625,175.576416015625,79072600
2015-08-18 00:00:00+00:00,174.83442604566096,175.30131614183904,175.06787109375,175.6514837139726,71692700
2015-08-19 00:00:00+00:00,172.8752043202157,174.32589715083267,173.68392944335938,175.09293292005876,172946000
2015-08-20 00:00:00+00:00,169.99879178827263,172.1748435960607,170.05715942382812,173.65889288945445,194327900
2015-08-21 00:00:00+00:00,164.67954740121536,168.18956903137342,164.93800354003906,170.03213129099785,346588500
2015-08-24 00:00:00+00:00,152.07342055854252,156.31714588799085,157.99295043945312,164.64615924941685,507244300
2015-08-25 00:00:00+00:00,155.84188490846205,162.93697156316705,156.13369750976562,162.9536498402753,369833100
2015-08-26 00:00:00+00:00,157.05084915471605,160.14401536953736,162.12831115722656,162.4034328471312,339257000
2015-08-27 00:00:00+00:00,162.75364401124043,164.26270444964496,166.13861083984375,166.26366617713524,274143900
2015-08-28 00:00:00+00:00,165.0129846707956,165.49655295162776,166.14686584472656,166.6137558477925,160414400
2015-08-31 00:00:00+00:00,164.2542967104913,165.17141124248494,164.8045654296875,166.02182537926092,163298800
2015-09-01 00:00:00+00:00,159.01840579848775,161.0110336038392,159.885498046875,162.38670513585825,256000400
2015-09-02 00:00:00+00:00,160.42748901365306,162.26170577699753,162.9203643798828,162.96205372669115,160269300
2015-09-03 00:00:00+00:00,162.54516245333764,163.62900898451664,163.0370635986328,165.1214034229012,152087800
2015-09-04 00:00:00+00:00,159.75217132697426,160.78600864944872,160.56922912597656,161.62807751318965,207081000
2015-09-08 00:00:00+00:00,162.72026849359887,163.36224883448918,164.60450744628906,164.75458655536866,116025700
2015-09-09 00:00:00+00:00,162.03656352783142,166.18023161757117,162.4033966064453,166.3052869032578,149347700
2015-09-10 00:00:00+00:00,161.95321823706104,162.21167436195108,163.28720092773438,164.42941517842976,158611100
2015-09-11 00:00:00+00:00,162.1866886503402,162.895369450869,164.0292510986328,164.0959515157723,119691200
2015-09-14 00:00:00+00:00,162.93697920092842,164.20426116280294,163.42054748535156,164.25428327467455,79452000
2015-09-15 00:00:00+00:00,163.3788866438561,163.92080987050704,165.46322631835938,165.90510531161007,113806200
2015-09-16 00:00:00+00:00,165.4215590465416,165.76339385199034,166.8972625732422,167.08903100857285,99581600
2015-09-17 00:00:00+00:00,166.14688560631092,166.76385473905836,166.52206420898438,169.15667265027344,276046600
2015-09-18 00:00:00+00:00,163.39019601063427,164.0187487536993,163.80084228515625,166.50780585133356,223657500
2015-09-21 00:00:00+00:00,163.59978104771184,164.63060439074857,164.64736938476562,165.66980383682204,105726200
2015-09-22 00:00:00+00:00,161.3788081571345,162.48506704497171,162.5102081298828,162.97114933314833,153890900
2015-09-23 00:00:00+00:00,161.67217185447925,162.67785382616628,162.2504425048828,163.1471712270909,92790600
2015-09-24 00:00:00+00:00,159.70269094597663,161.03521979257943,161.6637725830078,162.12471385357648,159378800
2015-09-25 00:00:00+00:00,160.7503323298869,163.1220738481947,161.62193298339844,163.423779799342,155054800
2015-09-28 00:00:00+00:00,157.25553083417196,160.72514181152218,157.56561279296875,160.83409505669493,178515900
2015-09-29 00:00:00+00:00,156.6604853688763,157.78350936374622,157.6577911376953,159.01547380900044,159045600
2015-09-30 00:00:00+00:00,158.7640199766395,159.54341912071166,160.59939575195312,160.7670072335662,163452000
2015-10-01 00:00:00+00:00,159.08250756457684,160.97654180415807,161.01844787597656,161.3201536899569,131079000
2015-10-02 00:00:00+00:00,158.49589306831552,159.04064658051715,163.4237518310547,163.44889292368572,211003300
2015-10-05 00:00:00+00:00,164.53839293436835,164.64734619822048,166.3318634033203,166.55814603288178,126320800
2015-10-06 00:00:00+00:00,165.09987760721134,166.19774784370665,165.76194763183594,166.7592535071073,110274500
2015-10-07 00:00:00+00:00,165.50216142426532,166.6922200188745,167.11964416503906,167.4716322461538,124307300
2015-10-08 00:00:00+00:00,166.4324203846099,166.73412628130978,168.628173828125,168.91311473391343,153055200
2015-10-09 00:00:00+00:00,168.1001915975367,168.77065059171088,168.72874450683594,169.20643806817367,107069200
2015-10-12 00:00:00+00:00,168.3767312439153,168.80414255469205,168.88795471191406,169.08908342854323,56395600
2015-10-13 00:00:00+00:00,167.65602735233972,168.15886204336746,167.82363891601562,169.42435684319722,88038700
2015-10-14 00:00:00+00:00,166.72577169998368,167.76497108768604,167.0190887451172,168.34324186332964,99106200
2015-10-15 00:00:00+00:00,167.3123806301731,167.68113366653773,169.58355712890625,169.59193322957273,134142200
2015-10-16 00:00:00+00:00,169.22319867641423,169.98584592238217,170.35459899902344,170.37135120218616,114580100
2015-10-19 00:00:00+00:00,169.39920099152405,169.7092829967101,170.4384002685547,170.4384002685547,76523900
2015-10-20 00:00:00+00:00,169.75112644616777,170.00255007098087,170.22044372558594,170.83223140854628,78448500
2015-10-21 00:00:00+00:00,168.9968959484565,170.6395196068124,169.16452026367188,170.79036614497844,102038000
2015-10-22 00:00:00+00:00,169.16451329798593,170.11152414267062,172.02232360839844,172.23184120585051,174911700
2015-10-23 00:00:00+00:00,172.89388593825737,173.6900500758307,173.90794372558594,174.27669666204596,144442300
2015-10-26 00:00:00+00:00,173.11179208087373,173.73196868130663,173.4805450439453,173.7906269501931,69033000
2015-10-27 00:00:00+00:00,172.46650743729634,172.81011938125604,173.14535522460938,173.48057828002285,77905800
2015-10-28 00:00:00+00:00,172.81851748104603,173.480587526555,175.1148223876953,175.13996347879436,135906700
2015-10-29 00:00:00+00:00,174.49463691427613,174.6119662542559,175.0142364501953,175.38298945811434,90525500
2015-10-30 00:00:00+00:00,174.10078709710965,175.20703361427752,174.260009765625,175.52550452719265,131076900
2015-11-02 00:00:00+00:00,174.46112260790636,174.5868408471371,176.32164001464844,176.51439263594077,86270800
2015-11-03 00:00:00+00:00,175.74340663627297,175.96968928452853,176.83290100097656,177.38603067984891,95246100
2015-11-04 00:00:00+00:00,175.76014418697665,177.1262031778266,176.2965087890625,177.2519086361511,96224500
2015-11-05 00:00:00+00:00,175.23213085100582,176.35514207934628,176.1204833984375,176.81608334110962,78408700
2015-11-06 00:00:00+00:00,174.70418019003608,175.77690939553904,176.0283203125,176.26299181489833,110471500
2015-11-09 00:00:00+00:00,173.43865755824206,175.41650410925396,174.38568115234375,175.56736342301136,131008700
2015-11-10 00:00:00+00:00,173.6397811726082,173.90795700910348,174.78793334960938,174.8214633216322,75874600
2015-11-11 00:00:00+00:00,174.03369136306415,175.05613820965038,174.10073852539062,175.10642038441057,67846000
2015-11-12 00:00:00+00:00,171.65362743389252,173.06157991191262,171.67037963867188,173.53089740458597,121315200
2015-11-13 00:00:00+00:00,169.65901372340684,171.25973163297792,169.74281311035156,171.5279075743205,153577100
2015-11-16 00:00:00+00:00,169.44108635756888,169.5584285031652,172.3240509033203,172.3827219761185,117645200
2015-11-17 00:00:00+00:00,171.70389046640724,172.6341492455715,172.19834899902344,173.51411305218159,121123700
2015-11-18 00:00:00+00:00,172.6341153557277,172.67600864272038,174.930419921875,175.07289034629054,121342500
2015-11-19 00:00:00+00:00,174.48627226611268,174.8131192434579,174.77960205078125,175.1986372929131,88220500
2015-11-20 00:00:00+00:00,175.03940525616932,175.53386378238736,175.41653442382812,176.0953694832022,94011500
2015-11-23 00:00:00+00:00,174.75439089212955,175.47513173113546,175.21533203125,175.97796614731953,64931200
2015-11-24 00:00:00+00:00,173.82419922577145,174.20970448066703,175.45005798339844,175.85232822831483,98874400
2015-11-25 00:00:00+00:00,175.16509891948007,175.5757580407517,175.42491149902344,175.77689955099623,51980100
2015-11-27 00:00:00+00:00,175.03939085313215,175.51708434940895,175.62603759765625,175.82717910489592,37317800
2015-11-30 00:00:00+00:00,174.78795837832422,175.78526418784404,174.89691162109375,175.9025935308499,112822700
2015-12-01 00:00:00+00:00,175.24893315237756,175.52549796832068,176.564697265625,176.68203941900245,97858400
2015-12-02 00:00:00+00:00,174.51139370825462,176.51438142859806,174.7628173828125,176.83285226890064,108441300
2015-12-03 00:00:00+00:00,171.59493269576072,175.0142618268885,172.315673828125,175.28243773375337,166224200
2015-12-04 00:00:00+00:00,172.31568749989472,172.31568749989472,175.6763458251953,175.96967563491964,192913900
2015-12-07 00:00:00+00:00,173.6481803832403,175.34946223361192,174.61196899414062,175.7684974241062,102027100
2015-12-08 00:00:00+00:00,172.45810370188096,173.0531392360218,173.4386444091797,174.56165553159656,103372400
2015-12-09 00:00:00+00:00,171.11722117910855,172.8017509958119,172.08938598632812,174.88853826661926,162401500
2015-12-10 00:00:00+00:00,171.9217814530039,172.15644016941516,172.5335693359375,173.84095726678345,116128900
2015-12-11 00:00:00+00:00,168.8795872161852,170.42164670400737,169.18968200683594,171.0837167933455,211173300
2015-12-14 00:00:00+00:00,167.57218927991457,169.34890738654443,170.04449462890625,170.17021287319162,182385200
2015-12-15 00:00:00+00:00,170.0193092400215,171.55297934754117,171.8295440673828,172.73466148106345,154069600
2015-12-16 00:00:00+00:00,171.63684680850224,172.9526108886259,174.34381103515625,174.64551693695873,197017000
2015-12-17 00:00:00+00:00,171.6703840546984,174.65391343882058,171.68714904785156,174.7209606234904,173092500
2015-12-18 00:00:00+00:00,168.46837213360288,170.94696604259596,168.62855529785156,171.0818456183386,251393500
2015-12-21 00:00:00+00:00,168.6874827238922,169.8003255285047,170.01951599121094,170.19656384250655,99094300
2015-12-22 00:00:00+00:00,169.9183864593483,170.90476303100496,171.56234741210938,171.85742293411286,111026200
2015-12-23 00:00:00+00:00,172.47280777210335,172.5655446669815,173.6868133544922,173.72896882744485,110987200
2015-12-24 00:00:00+00:00,173.1810474936482,173.4339675755186,173.40023803710938,173.9482336918369,48539600
2015-12-28 00:00:00+00:00,171.9332646766393,172.70887655655358,173.0039520263672,173.0460946385875,65899900
2015-12-29 00:00:00+00:00,174.06625793254906,174.09997460624697,174.8502960205078,175.17908826127268,92640700
2015-12-30 00:00:00+00:00,173.46764356955748,174.60577723904296,173.6109619140625,174.69008820124438,63317700
2015-12-31 00:00:00+00:00,171.87429809570312,172.93655982743095,171.87429809570312,173.57727952894433,114877900
2016-01-04 00:00:00+00:00,167.42296478954532,169.02478347008912,169.4716033935547,169.4800293465077,222353500
2016-01-05 00:00:00+00:00,168.6537898230363,169.7919106364143,169.75819396972656,170.2134397222684,110845800
2016-01-06 00:00:00+00:00,166.58828935540473,167.21214413008352,167.6168212890625,168.6622051229766,152112600
2016-01-07 00:00:00+00:00,163.20767696731886,164.67460325391284,163.59548950195312,166.4534570404176,213436100
2016-01-08 00:00:00+00:00,161.51309169258369,164.55653231278043,161.7997283935547,165.1129538128163,209817200
2016-01-11 00:00:00+00:00,160.02930242058451,162.71864708325168,161.95989990234375,163.0558780579135,187941300
2016-01-12 00:00:00+00:00,161.14210704043757,163.40150918986092,163.26661682128906,164.01693793340905,172330500
2016-01-13 00:00:00+00:00,158.8152828146417,163.93263859321036,159.1946563720703,164.27829548813105,221168900
2016-01-14 00:00:00+00:00,158.20828713856892,159.80166644313084,161.80813598632812,162.92940481013775,240795600
2016-01-15 00:00:00+00:00,156.40416490555924,157.4579876827775,158.3347625732422,159.13566531111854,324846400
2016-01-19 00:00:00+00:00,156.9774282612069,160.14733520491595,158.54551696777344,160.27378878445893,195244400
2016-01-20 00:00:00+00:00,152.61039748829143,155.99105620650136,156.5137481689453,158.07341096946286,286547800
2016-01-21 00:00:00+00:00,155.66226160803873,156.98586912340346,157.39053344726562,159.22839410217688,195772900
2016-01-22 00:00:00+00:00,159.23683091955206,159.99557812528212,160.61944580078125,160.82177152815098,168319600
2016-01-25 00:00:00+00:00,157.9974912673792,160.11356206096383,158.19139099121094,160.30746178479558,130371700
2016-01-26 00:00:00+00:00,158.51177950278483,158.84899758001725,160.34963989257812,160.62785059511515,141036800
2016-01-27 00:00:00+00:00,157.70245954537472,159.82696974006484,158.6045379638672,161.4962213181551,185681700
2016-01-28 00:00:00+00:00,157.78683980751805,160.14740629791993,159.43080139160156,160.34973211500562,143798800
2016-01-29 00:00:00+00:00,160.07988992920824,160.19791755880993,163.31723022460938,163.45212261959614,210529300
2016-02-01 00:00:00+00:00,161.7322608851968,162.31397302549723,163.25819396972656,164.04224468266708,136061600
2016-02-02 00:00:00+00:00,159.79316761582197,161.8333787849061,160.3158721923828,161.84180473173868,182564900
2016-02-03 00:00:00+00:00,157.73622650318634,161.36980602725322,161.27706909179688,161.68173350831097,205054900
2016-02-04 00:00:00+00:00,160.14733809741855,160.77963173464707,161.5299530029297,162.49946476772794,139531800
2016-02-05 00:00:00+00:00,157.82048044601333,161.01567798450176,158.45277404785156,161.58895134209288,180788300
2016-02-08 00:00:00+00:00,154.11100117094557,156.6148843982992,156.31980895996094,156.90994697259362,191526700
2016-02-09 00:00:00+00:00,154.4482463076533,154.58313869535667,156.32826232910156,157.60128833397698,184513100
2016-02-10 00:00:00+00:00,156.06695394221933,157.15450639185042,156.19342041015625,158.78160279410181,148214100
2016-02-11 00:00:00+00:00,152.66941960703548,153.72324244853974,154.16163635253906,155.2070332423687,219058900
2016-02-12 00:00:00+00:00,155.0890018292547,155.93206008196765,157.3399658203125,157.35681772325216,127632400
2016-02-16 00:00:00+00:00,158.18303524304264,159.14412120444007,159.99560546875,160.02089618899345,120250700
2016-02-17 00:00:00+00:00,161.03257246348142,161.15903893571564,162.60910034179688,162.98004807787112,136009500
2016-02-18 00:00:00+00:00,161.63111153758322,162.8788340130157,161.9430389404297,162.93785425898483,102343000
2016-02-19 00:00:00+00:00,160.56047488264693,161.1674779793369,161.86721801757812,162.01896235972526,114793000
2016-02-22 00:00:00+00:00,163.37622902795616,163.4436752219077,164.2108612060547,164.35417954418443,103640300
2016-02-23 00:00:00+00:00,162.01892239045185,163.5532945241324,162.136962890625,163.82307932901813,111455300
2016-02-24 00:00:00+00:00,159.60778807514922,160.7121922829566,162.87884521484375,163.1570559705891,150812200
2016-02-25 00:00:00+00:00,162.5669426183358,163.32568998512167,164.85162353515625,164.8600623516191,110728300
2016-02-26 00:00:00+00:00,164.31201539215382,165.71993371250397,164.47219848632812,165.81265775224122,129833700
2016-02-29 00:00:00+00:00,162.98841226463242,164.48905454530703,163.18231201171875,165.43327543273068,125918100
2016-03-01 00:00:00+00:00,163.93268356943548,164.4047941583446,167.01828002929688,167.10259100476583,141799700
2016-03-02 00:00:00+00:00,166.29323332513397,166.70633648257544,167.76858520507812,167.81916663985717,102415000
2016-03-03 00:00:00+00:00,167.0183024919416,167.59157603727522,168.42620849609375,168.44307326626546,95172200
2016-03-04 00:00:00+00:00,167.7939207142895,168.62011438567356,168.9741973876953,169.74982247484877,129293600
2016-03-07 00:00:00+00:00,167.97931410528602,168.05518624135055,169.1090087890625,169.51368590949613,100219000
2016-03-08 00:00:00+00:00,167.10255559310772,168.03835062068885,167.26272583007812,168.54417777416353,123974900
2016-03-09 00:00:00+00:00,167.2880279218925,168.0720787159687,168.0889434814453,168.43458755741102,94801200
2016-03-10 00:00:00+00:00,166.40282010875242,168.57791165780847,168.22381591796875,169.5137067095646,156838700
2016-03-11 00:00:00+00:00,168.20696120355464,169.67387411243973,170.93846130371094,170.98061678289588,137964500
2016-03-14 00:00:00+00:00,170.1038247711853,170.43261689307099,170.71925354003906,171.17449922263276,73612000
2016-03-15 00:00:00+00:00,169.49681916385336,169.75816509438127,170.4410400390625,170.74454144381465,93169100
2016-03-16 00:00:00+00:00,169.91837600042388,169.96053148155067,171.4274444580078,171.8321216399689,129303200
2016-03-17 00:00:00+00:00,170.94691066119776,171.34314903469127,172.51499938964844,173.02082657892635,134278500
2016-03-18 00:00:00+00:00,172.7014500581585,173.0149863304641,173.1929473876953,173.5319048209772,138372400
2016-03-21 00:00:00+00:00,172.70137468425617,172.93017796358086,173.43861389160156,173.66741717092629,72926700
2016-03-22 00:00:00+00:00,172.5065348857441,172.66753124752051,173.345458984375,173.91321974650177,97471900
2016-03-23 00:00:00+00:00,172.0319701661417,172.96412238673693,172.2014617919922,173.150552830856,81052500
2016-03-24 00:00:00+00:00,170.95574076081914,171.17606172988638,172.12515258789062,172.1590560787583,84360900
2016-03-28 00:00:00+00:00,171.77777379197454,172.54043445422136,172.22689819335938,172.75228607488955,62408200
2016-03-29 00:00:00+00:00,171.515030627081,171.82009741350487,173.81997680664062,173.930143763803,92922900
2016-03-30 00:00:00+00:00,174.21826541228114,174.8199295998602,174.58265686035156,175.3029444872904,86365300
2016-03-31 00:00:00+00:00,173.99791104636003,174.48940817832624,174.15892028808594,174.91311126480826,94584100
2016-04-01 00:00:00+00:00,172.85392985745173,173.16747897459658,175.34530639648438,175.5317368130374,114423500
2016-04-04 00:00:00+00:00,174.47252103818187,175.26908520458323,174.777587890625,175.47246741634427,63497000
2016-04-05 00:00:00+00:00,172.7776816347166,173.43865755883377,173.0319061279297,174.78603056334993,99662200
2016-04-06 00:00:00+00:00,172.85394205681024,173.03190307804113,174.92161560058594,174.98094025112778,91839800
2016-04-07 00:00:00+00:00,172.09972136464393,173.8369066537569,172.8284912109375,174.19281570468272,113859000
2016-04-08 00:00:00+00:00,172.76068565803226,174.00637371850846,173.2945556640625,174.438559125444,95040600
2016-04-11 00:00:00+00:00,172.79470893707912,173.9302308488253,172.88792419433594,174.6251105720852,83757500
2016-04-12 00:00:00+00:00,172.6166815572068,173.0573365069002,174.4979248046875,174.7775704690855,115350600
2016-04-13 00:00:00+00:00,175.2775340518565,175.41312217712402,176.26052856445312,176.34527437534416,96336400
2016-04-14 00:00:00+00:00,175.92155517350372,176.31983717373794,176.26898193359375,176.76896148372217,65212900
2016-04-15 00:00:00+00:00,175.75212381006656,176.2690423537008,176.0741424560547,176.40463051310618,75761600
2016-04-18 00:00:00+00:00,175.41309983487633,176.07407569837335,177.31129455566406,177.34518511746666,82531000
2016-04-19 00:00:00+00:00,177.0570721544678,177.73499977198375,177.87057495117188,178.12479942403957,88316100
2016-04-20 00:00:00+00:00,177.4384206222998,177.91296612418077,178.0400848388672,178.73495134365143,81100300
2016-04-21 00:00:00+00:00,176.8113432719301,178.05703173609004,177.08251953125,178.16719870773824,85695000
2016-04-22 00:00:00+00:00,176.1842708004453,176.7266103886894,177.08251953125,177.3536828601742,99251700
2016-04-25 00:00:00+00:00,175.87067396054059,176.48080744822406,176.77740478515625,176.81977768048833,66166500
2016-04-26 00:00:00+00:00,176.56555469895437,177.1417847029803,177.04010009765625,177.54854898506105,75864200
2016-04-27 00:00:00+00:00,176.30292523630249,176.6588344153114,177.40455627441406,177.79435602411078,77329400
2016-04-28 00:00:00+00:00,175.37922800673414,176.65033756160483,175.79444885253906,177.75195549817673,97216200
2016-04-29 00:00:00+00:00,173.74373650434114,175.1758554167909,174.84536743164062,175.52329515077844,142424100
2016-05-02 00:00:00+00:00,174.91315552639526,175.34532812902663,176.235107421875,176.4130555222075,62188000
2016-05-03 00:00:00+00:00,173.95557222929278,175.0063607445574,174.7012939453125,175.24363348503738,106422100
2016-05-04 00:00:00+00:00,173.22679425067844,173.70982204814575,173.7267608642578,174.4385919831778,92243800
2016-05-05 00:00:00+00:00,173.26918316349162,174.1928530123202,173.69288635253906,174.54876213947264,67619200
2016-05-06 00:00:00+00:00,172.76920564141264,172.9217325732904,174.32843017578125,174.37080307810095,89315000
2016-05-09 00:00:00+00:00,174.02339452280697,174.20135557223787,174.47251892089844,174.90469156894966,74374900
2016-05-10 00:00:00+00:00,175.10802719880667,175.1758212505375,176.64183044433594,176.65878218986694,77472200
2016-05-11 00:00:00+00:00,174.9894256591797,176.1842718141911,174.9894256591797,176.71812906590588,81727000
2016-05-12 00:00:00+00:00,174.03185223626025,175.65887101006464,175.04026794433594,175.82836263828253,89586300
2016-05-13 00:00:00+00:00,173.19288700788638,174.74364193878978,173.514892578125,175.29445080844502,96474600
2016-05-16 00:00:00+00:00,173.62505684234227,173.68438148328653,175.22665405273438,175.70119945871832,77486800
2016-05-17 00:00:00+00:00,173.06583146017744,174.95555732605408,173.5912322998047,175.2436724420577,114924900
2016-05-18 00:00:00+00:00,172.55738010114683,173.2437772589709,173.64205932617188,174.81995377820982,120062100
2016-05-19 00:00:00+00:00,171.83705928583413,172.9217383836145,173.04037475585938,173.32848981268344,115430500
2016-05-20 00:00:00+00:00,173.59967475481287,173.65051706969587,174.133544921875,174.65046334051098,104990400
2016-05-23 00:00:00+00:00,173.7098555543978,174.15049760539685,173.8962860107422,174.43014328991345,58682600
2016-05-24 00:00:00+00:00,174.684350690245,174.70977184721838,176.15036010742188,176.4639092607521,93537800
2016-05-25 00:00:00+00:00,176.15036868622988,176.82829640945806,177.34521484375,177.76044864519628,76621400
2016-05-26 00:00:00+00:00,177.08252089075677,177.48080294319328,177.39605712890625,177.7096062974516,55280700
2016-05-27 00:00:00+00:00,177.5061697822345,177.55701208308997,178.15867614746094,178.16714555413955,64211200
2016-05-31 00:00:00+00:00,177.26044141171204,178.42986622882066,177.81973266601562,178.5400331841697,109879400
2016-06-01 00:00:00+00:00,177.01474844207405,177.20964832225997,178.18417358398438,178.36212171316362,69936200
2016-06-02 00:00:00+00:00,177.3113039374439,177.7858494101513,178.72647094726562,178.74340976386634,63044700
2016-06-03 00:00:00+00:00,176.98922041343434,178.16711425442878,178.19253540039062,178.53997496905544,101757100
2016-06-06 00:00:00+00:00,178.387473169458,178.54848241511348,179.09930419921875,179.45521324890294,64887000
2016-06-07 00:00:00+00:00,179.22642510520694,179.25184625873365,179.3789520263672,179.9382432647417,60974800
2016-06-08 00:00:00+00:00,179.38749959506742,179.51460540892037,179.96372985839844,180.09084860264957,66170900
2016-06-09 00:00:00+00:00,178.96373495084086,179.23489823755855,179.71792602539062,179.83656238777846,73786900
2016-06-10 00:00:00+00:00,177.4723112022157,178.34515166586806,178.01466369628906,178.68410904426875,113829200
2016-06-13 00:00:00+00:00,176.55709757746735,177.41297323608163,176.64183044433594,178.26884889469594,117751200
2016-06-14 00:00:00+00:00,175.34535767644707,176.26055828070614,176.29444885253906,176.88764376799406,125059300
2016-06-15 00:00:00+00:00,175.86221461371932,176.29438713788718,176.04864501953125,177.41296957275873,109124500
2016-06-16 00:00:00+00:00,174.2183075318838,176.0487087623838,176.5740966796875,176.74358833208012,149533100
2016-06-17 00:00:00+00:00,175.2605583547816,176.4701314869912,175.9164581298828,176.49568484208004,117055700
2016-06-20 00:00:00+00:00,176.96422142590865,177.8756679387866,177.04940795898438,178.54859475858052,82789600
2016-06-21 00:00:00+00:00,176.98972589053128,177.43267234440304,177.5519256591797,177.96079231018012,72461700
2016-06-22 00:00:00+00:00,177.1175246684293,177.73083125459377,177.26234436035156,178.4548777236498,95560500
2016-06-23 00:00:00+00:00,178.2589682760942,178.7189417271232,179.5707550048828,179.62186172192614,102731400
2016-06-24 00:00:00+00:00,172.67958155075527,173.4547347208247,173.12252807617188,179.6048273711775,333444400
2016-06-27 00:00:00+00:00,169.21273946713276,171.7170731315458,170.02197265625,171.7255995846788,230775800
2016-06-28 00:00:00+00:00,171.31665182001268,171.623305065418,173.0884246826172,173.1139780365979,159382400
2016-06-29 00:00:00+00:00,174.38326158292858,174.48547504416544,176.03578186035156,176.26576214813448,137328600
2016-06-30 00:00:00+00:00,175.95049742866334,176.50418369684363,178.4377899169922,178.48889661917968,165021900
2016-07-01 00:00:00+00:00,178.27596039201924,178.43780696283076,178.81260681152344,179.298146523958,106055300
2016-07-05 00:00:00+00:00,176.93014625342386,177.98638642688363,177.5264129638672,178.09712631512292,109803700
2016-07-06 00:00:00+00:00,176.37646665849195,177.03236656426765,178.5911865234375,178.71043987015673,96021500
2016-07-07 00:00:00+00:00,177.71382666106882,178.77006691614102,178.48045349121094,179.43448030163498,85593800
2016-07-08 00:00:00+00:00,179.54514483967023,179.77513799123625,181.13803100585938,181.38506405692823,133971000
2016-07-11 00:00:00+00:00,181.39364887527617,181.5980887568401,181.77696228027344,182.34768865826774,73633900
2016-07-12 00:00:00+00:00,181.8024997136228,182.7394995083198,183.09725952148438,183.39539936460767,101275600
2016-07-13 00:00:00+00:00,182.58617425894235,183.51464757652928,183.0717010498047,183.52316102982908,87324100
2016-07-14 00:00:00+00:00,183.7020148085183,184.3323481790319,184.09384155273438,184.56234135354606,91230900
2016-07-15 00:00:00+00:00,183.4039162455943,184.65608281389027,183.84686279296875,184.8519962300285,107155400
2016-07-18 00:00:00+00:00,183.7105501631425,183.96609672111055,184.3408966064453,184.50274319307965,58725900
2016-07-19 00:00:00+00:00,183.67652052953488,183.92354068706234,184.15353393554688,184.18760075127324,54345700
2016-07-20 00:00:00+00:00,184.15347838031607,184.15347838031607,184.92010498046875,185.1586116115223,58159500
2016-07-21 00:00:00+00:00,183.77871787722287,184.8094176802233,184.22166442871094,185.03088445714766,67777300
2016-07-22 00:00:00+00:00,184.0768763831738,184.3409364510158,185.04794311523438,185.09904983834693,62787500
2016-07-25 00:00:00+00:00,183.96612230693654,184.84348897979444,184.54534912109375,184.89459569896835,55873100
2016-07-26 00:00:00+00:00,183.78723906611887,184.4431389683606,184.6305389404297,184.98829897865974,70080500
2016-07-27 00:00:00+00:00,183.6679611384984,185.00531412403691,184.43460083007812,185.07346074090879,84083900
2016-07-28 00:00:00+00:00,183.77871456688854,184.23868801764283,184.64756774902344,184.93718114385538,65035700
2016-07-29 00:00:00+00:00,184.10242233581388,184.3835222992612,184.94570922851562,185.30346927354668,79519400
2016-08-01 00:00:00+00:00,184.34091366202279,185.0053269756298,184.79237365722656,185.3971538028139,73311400
2016-08-02 00:00:00+00:00,182.7735792971761,184.54533945808532,183.6083526611328,184.698672605218,92295500
2016-08-03 00:00:00+00:00,183.25059546592718,183.54872231596235,184.14498901367188,184.20462218226243,53993600
2016-08-04 00:00:00+00:00,182.50097698624077,184.25571008791,184.3408966064453,184.65606332927777,46585500
2016-08-05 00:00:00+00:00,184.3408871172442,184.3408871172442,185.8485870361328,185.89118029320792,71892200
2016-08-08 00:00:00+00:00,185.47379401549162,186.0359807982686,185.73785400390625,186.1382072113854,39906500
2016-08-09 00:00:00+00:00,185.52490687716386,185.80600677669491,185.8485870361328,186.3426402234022,51251700
2016-08-10 00:00:00+00:00,185.0394252539951,185.95938530565516,185.388671875,186.03604539388317,57941100
2016-08-11 00:00:00+00:00,185.65271093524512,185.9167709854497,186.2489776611328,186.49601080319758,72504300
2016-08-12 00:00:00+00:00,185.68677441958778,185.94230799561387,186.08712768554688,186.30008099732774,61313500
2016-08-15 00:00:00+00:00,186.4448905321406,186.4534039855917,186.62376403808594,186.9730105941644,49813500
2016-08-16 00:00:00+00:00,185.6612091064453,186.20636902959353,185.6612091064453,186.27450264705396,53213600
2016-08-17 00:00:00+00:00,184.86049703551163,185.69527029935375,186.01043701171875,186.14673023779346,75134300
2016-08-18 00:00:00+00:00,185.87412215413093,185.98484900675498,186.42779541015625,186.4618622115094,52989300
2016-08-19 00:00:00+00:00,185.47381799057598,185.95934477450407,186.15525817871094,186.33414467656135,75443000
2016-08-22 00:00:00+00:00,185.5504619041114,185.91673532345644,186.146728515625,186.3767217077936,61368800
2016-08-23 00:00:00+00:00,186.4619122447431,186.76005207653185,186.52154541015625,187.0581919083206,53399200
2016-08-24 00:00:00+00:00,185.1501117490151,186.37672479739823,185.5675048828125,186.4704247663063,71728900
2016-08-25 00:00:00+00:00,185.03087631886928,185.18419646592582,185.4397430419922,185.85713621615523,69224800
2016-08-26 00:00:00+00:00,184.2046197953318,185.62714639773398,185.0904998779297,186.64931972308202,122506300
2016-08-29 00:00:00+00:00,185.1842218279096,185.2183016414599,186.00196838378906,186.2660284494212,70502200
2016-08-30 00:00:00+00:00,185.14156294853103,185.91670290953715,185.6952362060547,186.1978027625928,58114500
2016-08-31 00:00:00+00:00,184.3919916975407,185.36305815850932,185.16714477539062,185.4823114783603,85269500
2016-09-01 00:00:00+00:00,184.0171927819061,185.15861927743916,185.1756591796875,185.46527252972356,97844200
2016-09-02 00:00:00+00:00,185.43972374987302,186.02747691438745,186.01043701171875,186.43634359497415,79293900
2016-09-06 00:00:00+00:00,185.57604237202705,186.29156241038206,186.57266235351562,186.64932242955953,56702100
2016-09-07 00:00:00+00:00,185.9507925193483,186.41076585012152,186.55557250976562,186.73445897028816,76554900
2016-09-08 00:00:00+00:00,185.82306166539124,186.22341494644138,186.1297149658203,186.4960014346624,74102900
2016-09-09 00:00:00+00:00,181.649159779297,184.81790583378086,181.67471313476562,184.8690125447181,221589100
2016-09-12 00:00:00+00:00,180.8484590897426,180.91660570571437,184.28126525878906,184.68161850409962,168110900
2016-09-13 00:00:00+00:00,181.010305854894,183.0035456328748,181.6321258544922,183.26760564649985,182828800
2016-09-14 00:00:00+00:00,181.0103371408601,181.68326396938673,181.5640106201172,182.88432391408446,134185500
2016-09-15 00:00:00+00:00,181.22328551258488,181.40217203040726,183.3783721923828,183.76168559041375,134427900
2016-09-16 00:00:00+00:00,181.98465777971415,182.76371372578265,182.66954040527344,182.94350390613613,155236400
2016-09-19 00:00:00+00:00,182.37839183003095,183.32012466255208,182.70372009277344,183.9622116674637,80250500
2016-09-20 00:00:00+00:00,182.6780261243973,183.5598245104074,182.71226501464844,183.71391911147663,69665300
2016-09-21 00:00:00+00:00,182.7294225333122,183.41431802619306,184.76698303222656,184.94676009783961,110284400
2016-09-22 00:00:00+00:00,185.52891189540338,185.77717979797526,185.9312744140625,186.23092025195749,76678700
2016-09-23 00:00:00+00:00,184.81830231560664,185.53743652724677,184.9124755859375,185.67441820469017,73630900
2016-09-26 00:00:00+00:00,183.21739054421255,184.08207611232544,183.414306640625,184.2618531667787,89827300
2016-09-27 00:00:00+00:00,182.88355656850902,183.25169336386733,184.55299377441406,184.64715402497092,78494800
2016-09-28 00:00:00+00:00,183.81669631342595,184.77554217943597,185.468994140625,185.623101833831,87411000
2016-09-29 00:00:00+00:00,183.24305615132027,185.26349035952774,183.7909698486328,185.66586590978932,128070600
2016-09-30 00:00:00+00:00,184.37321182317825,184.62147980896918,185.17796325683594,185.8799718487022,117202900
2016-10-03 00:00:00+00:00,184.09915082820336,184.76693322463706,184.73268127441406,184.95526669769765,83512100
2016-10-04 00:00:00+00:00,183.20026080352932,184.844001895467,183.7909698486328,185.06658734449323,119948100
2016-10-05 00:00:00+00:00,184.3475021280445,184.41599299134825,184.60433959960938,185.0323976977853,72816000
2016-10-06 00:00:00+00:00,183.84232651798825,184.38167063273147,184.73268127441406,184.95526669769765,62927400
2016-10-07 00:00:00+00:00,183.37150655256386,185.0066914120333,184.0991973876953,185.1779120165763,89788300
2016-10-10 00:00:00+00:00,184.91247578231187,185.05801391601562,185.05801391601562,185.5203107487633,51855000
2016-10-11 00:00:00+00:00,181.99314965685426,184.62998863208392,182.72084045410156,184.6984794829944,130367400
2016-10-12 00:00:00+00:00,182.36131000631838,182.85785897793858,182.96060180664062,183.48283321961216,73866100
2016-10-13 00:00:00+00:00,180.82031410777756,181.63362191101672,182.36131286621094,182.85786184561832,101357000
2016-10-14 00:00:00+00:00,182.37844278537924,183.3372888003553,182.4554901123047,183.7995988885025,93346200
2016-10-17 00:00:00+00:00,181.64209408312584,182.42971907912928,181.82188415527344,182.68655644078692,58275700
2016-10-18 00:00:00+00:00,182.58390858242552,183.4143423549097,182.96060180664062,183.4742636969639,76869700
2016-10-19 00:00:00+00:00,182.8664403469101,183.22600761241864,183.44859313964844,183.75679551912685,66519200
2016-10-20 00:00:00+00:00,182.44688138226903,183.09752483983908,183.10609436035156,183.6625645353384,73639800
2016-10-21 00:00:00+00:00,182.1472184407151,183.10607715417646,183.19168090820312,183.27729772552206,89089100
2016-10-24 00:00:00+00:00,183.61975346984508,184.0649374413789,183.97076416015625,184.3389008279515,60146600
2016-10-25 00:00:00+00:00,183.19169073474242,183.79096929824388,183.35435485839844,184.04780670068533,66542300
2016-10-26 00:00:00+00:00,182.29275644560417,182.53248092126256,182.98622131347656,183.56837386828238,75705500
2016-10-27 00:00:00+00:00,182.42122843952794,183.70540264784358,182.49827575683594,183.73964154554864,77220200
2016-10-28 00:00:00+00:00,181.24837362022305,182.47261356427293,181.9589385986328,183.14893964117863,140623200
2016-10-31 00:00:00+00:00,181.80480412278754,182.292783476287,181.96746826171875,182.51538200884306,61272500
2016-11-01 00:00:00+00:00,179.44190380314225,182.2927583487816,180.64901733398438,182.34413627764692,122781800
2016-11-02 00:00:00+00:00,179.12515529623803,180.34083850479635,179.56178283691406,180.72610117322677,103330800
2016-11-03 00:00:00+00:00,178.4658874110333,179.77574340782314,178.73983764648438,179.9897723362305,88939300
2016-11-04 00:00:00+00:00,178.3974611112159,178.85120155849046,178.54299926757812,179.690191603582,109122100
2016-11-07 00:00:00+00:00,178.54299901440498,178.54299901440498,182.4811248779297,182.51537683425684,109794900
2016-11-08 00:00:00+00:00,181.82194705147958,182.08734096045808,183.3030242919922,183.8680640704405,106772100
2016-11-09 00:00:00+00:00,181.78769767041217,181.8133801094974,185.2464141845703,185.8628188492065,258429000
2016-11-10 00:00:00+00:00,184.2532846271845,186.03400745605103,185.70867919921875,186.89867990417122,172113300
2016-11-11 00:00:00+00:00,184.3388742588686,184.98951761326023,185.2805938720703,185.52030526912466,100552700
2016-11-14 00:00:00+00:00,184.68136117179486,185.80287114251522,185.42617797851562,186.00834370377714,94580000
2016-11-15 00:00:00+00:00,185.60596822040515,185.81142771850293,186.87301635742188,186.87301635742188,91652600
2016-11-16 00:00:00+00:00,186.13670787485518,186.25656357218344,186.52195739746094,186.7531123363409,65617700
2016-11-17 00:00:00+00:00,186.5647542635667,186.67605349823432,187.48080444335938,187.54072575667166,69797200
2016-11-18 00:00:00+00:00,186.88155022962977,187.54933270762592,187.06134033203125,187.72055328977922,86265800
2016-11-21 00:00:00+00:00,187.4894249623122,187.63496313098892,188.4739532470703,188.49963568487826,72402600
2016-11-22 00:00:00+00:00,188.11442849749372,188.78219815775492,188.84213256835938,189.021909673577,67429000
2016-11-23 00:00:00+00:00,188.13150132797097,188.32840436105832,188.94480895996094,188.9961738326538,56620200
2016-11-25 00:00:00+00:00,189.2101925476429,189.28725291578274,189.64682006835938,189.68105896052663,37872300
2016-11-28 00:00:00+00:00,188.65375522766547,189.3386507599294,188.75648498535156,189.61260113485753,76572500
2016-11-29 00:00:00+00:00,188.49104226452081,188.79068806458108,189.12457275390625,189.57831315059707,69886700
2016-11-30 00:00:00+00:00,188.61088776147022,189.74096699542022,188.6708221435547,189.90363110303045,113291800
2016-12-01 00:00:00+00:00,187.61789765548292,188.9705630905288,187.97747802734375,188.9705630905288,79040500
2016-12-02 00:00:00+00:00,187.7120270139356,188.06303777935497,188.07159423828125,188.55958672629782,74840300
2016-12-05 00:00:00+00:00,188.70503515154186,188.90193811955976,189.2015838623047,189.5440249426219,67837800
2016-12-06 00:00:00+00:00,188.91057885543555,189.39000177393402,189.80093383789062,189.83518579680896,59877400
2016-12-07 00:00:00+00:00,189.5269662940269,189.6468220127813,192.28366088867188,192.34358221640227,110738100
2016-12-08 00:00:00+00:00,191.99255866812283,192.25796558637467,192.75450134277344,193.2253677289716,99714400
2016-12-09 00:00:00+00:00,192.94288192501824,192.9771338845785,193.91885375976562,193.93597973954576,88005800
2016-12-12 00:00:00+00:00,193.27677219854309,193.82468599748915,193.69627380371094,194.30412200195045,102016100
2016-12-13 00:00:00+00:00,194.33838529501833,194.3555112774371,194.98902893066406,195.485577914432,110477500
2016-12-14 00:00:00+00:00,192.94285856387455,194.68934251772694,193.37948608398438,195.39135084417444,142501800
2016-12-15 00:00:00+00:00,193.3880492594279,193.6192042449696,194.17567443847656,195.0317904674374,124972600
2016-12-16 00:00:00+00:00,193.47727268966827,194.63122666208193,193.7958984375,194.69151431182837,156420200
2016-12-19 00:00:00+00:00,193.83032948958675,193.97672544138717,194.2178497314453,194.63982380919117,90341100
2016-12-20 00:00:00+00:00,194.51932242546528,194.75182675903397,194.9671173095703,195.1135264473923,89838800
2016-12-21 00:00:00+00:00,194.4246063232422,194.83796052706722,194.4246063232422,195.01019035030322,67909000
2016-12-22 00:00:00+00:00,193.69254380414898,194.27814076185035,194.08868408203125,194.39870290898173,56219100
2016-12-23 00:00:00+00:00,193.94231325723612,194.13175682131336,194.37289428710938,194.38150117720235,36697800
2016-12-27 00:00:00+00:00,194.6226308736002,194.6398577945518,194.8551483154297,195.25127551528226,42672500
2016-12-28 00:00:00+00:00,193.1328698497708,195.11354573859612,193.24481201171875,195.13075952333045,64095000
2016-12-29 00:00:00+00:00,192.7625201133474,193.31366332831337,193.20172119140625,193.66674294079067,48696100
2016-12-30 00:00:00+00:00,191.80661219256285,193.52893622499533,192.49554443359375,193.61505768273278,108998300
2017-01-03 00:00:00+00:00,192.79698909968164,193.79592722132304,193.96817016601562,194.47625268810015,91366500
2017-01-04 00:00:00+00:00,194.28678777541126,194.29539466616654,195.1221160888672,195.26851207345445,78744400
2017-01-05 00:00:00+00:00,194.17484966043173,194.85517515869023,194.9671173095703,195.1221333389085,78379000
2017-01-06 00:00:00+00:00,194.53652414010315,195.0790604986911,195.66465759277344,196.12967937135483,71559900
2017-01-09 00:00:00+00:00,194.9843144691566,195.40628861430002,195.01876831054688,195.54407769928036,46939700
2017-01-10 00:00:00+00:00,194.63123486650335,195.03598209095162,195.01876831054688,195.87131035074572,63771900
2017-01-11 00:00:00+00:00,194.2695374492885,194.9326358857143,195.5699005126953,195.5699005126953,74650000
2017-01-12 00:00:00+00:00,193.7270077721798,195.0531914599818,195.0790252685547,195.268481958282,72113200
2017-01-13 00:00:00+00:00,195.21683659025288,195.25127729217894,195.52685546875,195.82825431654757,62717900
2017-01-17 00:00:00+00:00,194.45043129043768,194.88961929074637,194.83795166015625,195.29436658409256,61240800
2017-01-18 00:00:00+00:00,194.53650065817047,195.08764384121375,195.26849365234375,195.31155438264042,54793300
2017-01-19 00:00:00+00:00,194.11449354281353,195.34594866689628,194.54507446289062,195.4837377149898,66608800
2017-01-20 00:00:00+00:00,194.59681965232878,195.2254643669878,195.25991821289062,195.75077382452264,129168600
2017-01-23 00:00:00+00:00,193.99398683665453,195.25989615458587,194.75180053710938,195.3201706676685,75061600
2017-01-24 00:00:00+00:00,194.8551260056911,194.9670681283333,196.00047302246094,196.41382709593856,95555300
2017-01-25 00:00:00+00:00,196.78408734332808,196.9477101953868,197.69692993164062,197.69692993164062,84437700
2017-01-26 00:00:00+00:00,197.21471724555164,197.55056992098218,197.49029541015625,197.8175411955517,59970700
2017-01-27 00:00:00+00:00,196.99944801896262,197.56781818965763,197.1802978515625,197.71421417781394,59711100
2017-01-30 00:00:00+00:00,194.97573412744237,196.49137484772928,195.95745849609375,196.5172086621444,79737300
2017-01-31 00:00:00+00:00,194.89817172513992,195.4665286047977,195.94017028808594,196.00045792972628,75880800
2017-02-01 00:00:00+00:00,195.43216195251097,195.940244523312,196.0177459716797,196.8530744004239,79117700
2017-02-02 00:00:00+00:00,195.32881018564632,196.0177294111019,196.14691162109375,196.43109671472556,69657600
2017-02-03 00:00:00+00:00,196.7411332994059,197.05115223483276,197.4989471435547,197.6797969976758,80563200
2017-02-06 00:00:00+00:00,196.81000602778656,197.094191134407,197.14585876464844,197.49033153341225,57790100
2017-02-07 00:00:00+00:00,196.96500799745806,197.53337817012294,197.1544647216797,197.77450252089744,57931200
2017-02-08 00:00:00+00:00,196.61190846909716,197.1544447735918,197.4127960205078,197.54196507382068,51566200
2017-02-09 00:00:00+00:00,197.41278823132038,197.41278823132038,198.58396911621094,198.88536794214565,65955200
2017-02-10 00:00:00+00:00,198.60118107303498,198.92842684589928,199.36761474609375,199.59152528133336,66015900
2017-02-13 00:00:00+00:00,199.83270565002255,199.85853946667524,200.45274353027344,200.71109483709353,55182100
2017-02-14 00:00:00+00:00,199.92740192577156,200.27186151936579,201.2535858154297,201.26220584645884,71109000
2017-02-15 00:00:00+00:00,200.98660709584573,201.03827471556946,202.30418395996094,202.49364065914128,86785800
2017-02-16 00:00:00+00:00,201.38273602482136,202.33000632685946,202.13194274902344,202.51085612595435,84722400
2017-02-17 00:00:00+00:00,201.4516408656272,201.46886778666237,202.45059204101562,202.45059204101562,77204100
2017-02-21 00:00:00+00:00,202.81225601044366,202.82087604014896,203.6562042236328,203.82843399397925,88946100
2017-02-22 00:00:00+00:00,203.08788247148524,203.2515053913428,203.47540283203125,203.6993002727197,62115200
2017-02-23 00:00:00+00:00,202.85531716144558,203.99205730062485,203.61314392089844,204.00927107949298,74615900
2017-02-24 00:00:00+00:00,202.72618899532657,202.76924973175792,203.8715362548828,203.91458385102231,82381600
2017-02-27 00:00:00+00:00,203.535661325161,203.78539254474492,204.1901397705078,204.36236955714747,56515400
2017-02-28 00:00:00+00:00,203.2514872424162,203.81123736430177,203.63900756835938,204.05236170667933,96961900
2017-03-01 00:00:00+00:00,205.27519924075014,205.29242616150023,206.48944091796875,206.95447579618843,149158200
2017-03-02 00:00:00+00:00,205.13743454805757,206.29999552679604,205.18910217285156,206.30861555778915,70246000
2017-03-03 00:00:00+00:00,204.72409429568683,205.10300778125315,205.31829833984375,205.48192126681946,81974300
2017-03-06 00:00:00+00:00,204.10397852199534,204.52595258625587,204.70680236816406,205.0598687628521,55391500
2017-03-07 00:00:00+00:00,203.88869909137853,204.40540151886213,204.0953826904297,204.7584810729663,65103700
2017-03-08 00:00:00+00:00,203.57874836345906,204.38824297183825,203.71653747558594,204.64659427200291,78168800
2017-03-09 00:00:00+00:00,203.010340991413,203.8370491788356,203.97483825683594,204.30208403201433,90683900
2017-03-10 00:00:00+00:00,203.74233740870923,204.93074530765566,204.6896209716797,204.97380604057082,81991700
2017-03-13 00:00:00+00:00,204.30209793532902,204.62933059248675,204.79295349121094,204.83601422355267,57256800
2017-03-14 00:00:00+00:00,203.39785966792678,204.25040165819996,204.00927734375,204.3020824172589,59880800
2017-03-15 00:00:00+00:00,204.34511097020146,204.5776283732928,205.77464294433594,206.196617025459,96081800
2017-03-16 00:00:00+00:00,205.04268618470874,205.91245511123034,205.3699188232422,205.9899565408601,78344000
2017-03-17 00:00:00+00:00,205.00927734375,205.6320125701059,205.00927734375,205.82229351135118,89002100
2017-03-20 00:00:00+00:00,204.3952023470911,205.00928004947667,204.78440856933594,205.2947014651116,52537000
2017-03-21 00:00:00+00:00,202.02532881856098,205.38982235241298,202.15505981445312,205.51090901439778,131809300
2017-03-22 00:00:00+00:00,201.56693403368797,202.18966922638143,202.63076782226562,202.91618921870486,97569200
2017-03-23 00:00:00+00:00,202.04263120164606,202.63076264780625,202.41453552246094,203.54756354767736,100410300
2017-03-24 00:00:00+00:00,201.48910466205444,202.7172732379335,202.26751708984375,203.2881028594989,112504900
2017-03-27 00:00:00+00:00,200.3214901709673,200.5982540724432,202.05995178222656,202.31942701311294,87454500
2017-03-28 00:00:00+00:00,201.64473582031033,201.75717813101937,203.53024291992188,203.95403957267877,93483900
2017-03-29 00:00:00+00:00,203.01993111637077,203.24481573132235,203.7205047607422,203.9540337080173,61950400
2017-03-30 00:00:00+00:00,203.48701978020478,203.65999883500942,204.3692169189453,204.5681553695538,56737900
2017-03-31 00:00:00+00:00,203.84163383160336,204.03191476196116,203.89353942871094,204.55950948750663,73733100
2017-04-03 00:00:00+00:00,202.31077181340237,203.94544852350572,203.5389404296875,204.14437380427063,85546500
2017-04-04 00:00:00+00:00,202.8729411376724,203.25350299956253,203.6686553955078,203.75515152683073,56466200
2017-04-05 00:00:00+00:00,202.85560388501835,204.34324734155686,203.0631866455078,205.32059802569498,108800600
2017-04-06 00:00:00+00:00,202.76049767058808,203.2016094614245,203.63406372070312,204.15300091336346,69135800
2017-04-07 00:00:00+00:00,202.94213649019045,203.38323508840378,203.42648315429688,204.11841261621606,74412300
2017-04-10 00:00:00+00:00,203.01999737517406,203.56489403083373,203.54759216308594,204.34330651252617,67615300
2017-04-11 00:00:00+00:00,201.8177457321159,203.16700087724368,203.30538940429688,203.4091742008586,88045300
2017-04-12 00:00:00+00:00,202.1896640631861,203.02862636532242,202.41453552246094,203.21890729142282,81864400
2017-04-13 00:00:00+00:00,201.09988403320312,202.07723492675308,201.09988403320312,202.8124124799033,92880400
2017-04-17 00:00:00+00:00,201.41989433024537,201.61881958860167,202.881591796875,202.881591796875,68405400
2017-04-18 00:00:00+00:00,201.59283601131273,202.1463768170068,202.27610778808594,202.81235992927202,83225800
2017-04-19 00:00:00+00:00,201.6793511907246,202.83833857341216,201.90423583984375,203.21024288163855,68699900
2017-04-20 00:00:00+00:00,202.19833682284133,202.5183487901547,203.54759216308594,203.98870400717547,92572200
2017-04-21 00:00:00+00:00,202.50105994680993,203.46975338052528,202.89891052246094,203.521645786266,110389800
2017-04-24 00:00:00+00:00,202.87294402881207,205.13900016923373,205.13035583496094,205.33793863462017,119209900
2017-04-25 00:00:00+00:00,205.68390699246353,205.770403129318,206.32394409179688,206.66990224429958,76698300
2017-04-26 00:00:00+00:00,206.15096373769677,206.28933907936556,206.19419860839844,207.17154951947384,84702500
2017-04-27 00:00:00+00:00,205.83093521903572,206.5142203713662,206.3671875,206.66989757723962,57410300
2017-04-28 00:00:00+00:00,205.78764474040307,206.6266069257036,205.91738891601562,206.65255312133522,63532800
2017-05-01 00:00:00+00:00,206.02126411621617,206.43641662597656,206.43641662597656,206.86022666971675,66882500
2017-05-02 00:00:00+00:00,206.10768265367307,206.57472740158775,206.51419067382812,206.6958140545623,57375700
2017-05-03 00:00:00+00:00,205.58873915342298,206.51419754423213,206.26336669921875,206.60933800312412,73137700
2017-05-04 00:00:00+00:00,205.6579779342895,206.5661346571339,206.50558471679688,206.64397326831687,61462700
2017-05-05 00:00:00+00:00,206.43633221020283,206.87744394406326,207.31854248046875,207.33584434389297,62001300
2017-05-08 00:00:00+00:00,206.86014093756975,207.36178939446052,207.28395080566406,207.50882223911654,48385700
2017-05-09 00:00:00+00:00,206.74771765369846,207.5434450706046,207.09368896484375,207.7423703261031,51363200
2017-05-10 00:00:00+00:00,206.842871486589,207.05045428669604,207.46560668945312,207.46560668945312,54293800
2017-05-11 00:00:00+00:00,205.96064305636312,207.01583236805536,207.04177856445312,207.20611327327558,62358300
2017-05-12 00:00:00+00:00,206.42768129527087,206.79094123086725,206.69580078125,207.08500691242796,53912700
2017-05-15 00:00:00+00:00,207.10233167263556,207.11963353742098,207.83750915527344,207.95859581385963,61918900
2017-05-16 00:00:00+00:00,207.25804110448254,208.1315939933016,207.64724731445312,208.15754019413583,51241800
2017-05-17 00:00:00+00:00,203.90218810458956,207.64724366280345,203.96273803710938,207.64724366280345,172174100
2017-05-18 00:00:00+00:00,203.6254210398754,203.88489625385785,204.78440856933594,205.63201528405148,107047700
2017-05-19 00:00:00+00:00,205.21683401621968,205.268726412231,206.1163330078125,206.7823162173544,115011400
2017-05-22 00:00:00+00:00,206.55745426285634,206.6266353290807,207.1628875732422,207.32722229980186,61010600
2017-05-23 00:00:00+00:00,207.15424934903544,207.5348112360203,207.62130737304688,207.78564211492287,48341700
2017-05-24 00:00:00+00:00,207.5175071643434,207.85483417668863,208.10565185546875,208.20943666083193,46927700
2017-05-25 00:00:00+00:00,208.40834928970304,208.6159188746887,209.1002655029297,209.377042546185,64071700
2017-05-26 00:00:00+00:00,208.83213745690742,208.90997604809624,209.05702209472656,209.22134361030675,46629900
2017-05-30 00:00:00+00:00,208.58134625168944,208.73702345379505,208.8754119873047,209.12622965651605,35201900
2017-05-31 00:00:00+00:00,208.13155696823463,209.16944440934273,208.823486328125,209.20404813593743,91796000
2017-06-01 00:00:00+00:00,208.9964871993291,209.28190858500193,210.484130859375,210.5014327244796,68962000
2017-06-02 00:00:00+00:00,210.24197573118028,210.53604147612447,211.18472290039062,211.34041330489234,88666100
2017-06-05 00:00:00+00:00,210.8301447442688,211.01178138227195,211.02908325195312,211.2972028434428,44698800
2017-06-06 00:00:00+00:00,210.27651833395444,210.4667992308275,210.3543701171875,211.02034005878886,50375400
2017-06-07 00:00:00+00:00,210.02571572770137,210.69169891436508,210.74359130859375,210.9684627494031,54144300
2017-06-08 00:00:00+00:00,210.3198477900611,210.83879829100587,210.84744262695312,211.3231450532426,65950700
2017-06-09 00:00:00+00:00,209.2645414229344,211.1154444879009,210.52731323242188,211.91115846749426,132256400
2017-06-12 00:00:00+00:00,209.63652423363692,210.28520560176892,210.484130859375,210.53602325723256,86108100
2017-06-13 00:00:00+00:00,210.6744500313574,211.0204082115211,211.51341247558594,211.56530488286464,60067000
2017-06-14 00:00:00+00:00,210.42355049360853,211.78146296259584,211.24522399902344,211.79010729516966,78602300
2017-06-15 00:00:00+00:00,209.61922098575457,209.89598483832128,210.8387451171875,210.95983177720848,66464900
2017-06-16 00:00:00+00:00,210.00698339029083,210.99778680066592,210.88479614257812,211.0499322546097,84553100
2017-06-19 00:00:00+00:00,211.61485078809721,211.71045520387923,212.6404266357422,212.70125857570505,65123800
2017-06-20 00:00:00+00:00,211.18900214476346,212.2840964967575,211.2063751220703,212.29278298541092,56906400
2017-06-21 00:00:00+00:00,210.68489823948386,211.59748345778655,211.1542205810547,211.7104608526788,55977600
2017-06-22 00:00:00+00:00,210.8848016626108,211.1629284400103,211.05862426757812,211.65832352725792,44148100
2017-06-23 00:00:00+00:00,210.7370272213611,211.11944486480266,211.31065368652344,211.64091261892133,66986800
2017-06-26 00:00:00+00:00,211.24118620608652,211.97993573108084,211.44976806640625,212.3971259753546,56700500
2017-06-27 00:00:00+00:00,209.72881432644348,211.2323987464735,209.74620056152344,211.527911695586,82247700
2017-06-28 00:00:00+00:00,210.5284884176897,210.7631562637456,211.62359619140625,211.82349155414153,70042600
2017-06-29 00:00:00+00:00,208.55560182319115,211.77136723698678,209.76368713378906,211.82351270535796,106949700
2017-06-30 00:00:00+00:00,209.96353053531456,210.57191628538862,210.1547393798828,210.9456474858864,86820700
2017-07-03 00:00:00+00:00,210.5111083984375,211.09342148732742,210.5111083984375,211.52798468158704,39153800
2017-07-05 00:00:00+00:00,210.06783119610182,210.8761255787128,210.997802734375,211.20638456590143,54427600
2017-07-06 00:00:00+00:00,208.88582174928314,210.23297023107446,209.06834411621094,210.35464738842117,65400800
2017-07-07 00:00:00+00:00,209.07704575652258,209.6419858765696,210.4241943359375,210.57194423329292,57972300
2017-07-10 00:00:00+00:00,210.120024548408,210.42422413780994,210.6501922607422,211.02392356377368,36663300
2017-07-11 00:00:00+00:00,209.32905690096658,210.65011921638546,210.49368286132812,210.80656883325656,50354600
2017-07-12 00:00:00+00:00,211.45842825120994,211.45842825120994,212.07550048828125,212.24063660467954,59610400
2017-07-13 00:00:00+00:00,211.85824290969333,212.08422425743714,212.43186950683594,212.54486018070784,39471600
2017-07-14 00:00:00+00:00,212.33627567991405,212.43188011754648,213.4226837158203,213.7790287344336,60262700
2017-07-17 00:00:00+00:00,213.22272283018782,213.34439996234698,213.39654541015625,213.72681759536513,33531900
2017-07-18 00:00:00+00:00,212.64911226339612,212.98807096128579,213.50955200195312,213.5616974536571,42742500
2017-07-19 00:00:00+00:00,213.81378914912898,213.82248890102755,214.66554260253906,214.6742290926207,51034300
2017-07-20 00:00:00+00:00,214.21356981991232,214.91756003256464,214.76112365722656,215.03923718954388,47135200
2017-07-21 00:00:00+00:00,213.96153193754682,214.18751329032523,214.56993103027344,214.5960037614684,82340800
2017-07-24 00:00:00+00:00,214.04844082397815,214.49169049735036,214.5177764892578,214.65682662914074,46622300
2017-07-25 00:00:00+00:00,214.81324703724425,215.265183138537,215.03921508789062,215.36948730652418,54915600
2017-07-26 00:00:00+00:00,214.7871853188609,215.32603937745765,215.04791259765625,215.36079859402545,47575400
2017-07-27 00:00:00+00:00,213.52694674855073,215.50856694803846,214.8480224609375,215.54332616544713,70766600
2017-07-28 00:00:00+00:00,213.91807554115323,214.37001170050198,214.5959930419922,214.72635669145512,50088400
2017-07-31 00:00:00+00:00,214.2656938656761,214.99575673459248,214.4742889404297,215.09136115279443,65838700
2017-08-01 00:00:00+00:00,214.4308199936887,215.07397816454593,214.95230102539062,215.10873737781307,55050400
2017-08-02 00:00:00+00:00,214.1266690023028,215.08271335630772,215.056640625,215.19570403318554,47211200
2017-08-03 00:00:00+00:00,214.36126231841183,214.94357521819109,214.63938903808594,214.96964794043404,40856000
2017-08-04 00:00:00+00:00,214.6481303893106,215.12615252230128,215.03054809570312,215.36080708246598,60191800
2017-08-07 00:00:00+00:00,214.99573476991617,215.100038927544,215.4302978515625,215.4302978515625,31995000
2017-08-08 00:00:00+00:00,214.52642857179112,215.11742804149972,214.900146484375,216.33421271848638,61719400
2017-08-09 00:00:00+00:00,213.85723224990033,214.21357724405223,214.89149475097656,214.94364021122985,62632600
2017-08-10 00:00:00+00:00,211.8061156426909,214.05714999118095,211.85826110839844,214.18752691726706,120479500
2017-08-11 00:00:00+00:00,211.84953956734344,212.0842073860186,212.17111206054688,212.76212485168887,74869900
2017-08-14 00:00:00+00:00,213.41394183258802,213.4487010455156,214.2743682861328,214.491649836917,73291900
2017-08-15 00:00:00+00:00,213.9441200451935,214.65679667125985,214.24830627441406,214.67418290949976,55242700
2017-08-16 00:00:00+00:00,214.19617838370715,214.76980493632897,214.62205505371094,215.16960887774223,56715500
2017-08-17 00:00:00+00:00,211.27589416503906,214.01364977380297,211.27589416503906,214.32653575018128,128490400
2017-08-18 00:00:00+00:00,210.5024005235471,211.11078631966924,210.94566345214844,212.23196674420893,136748000
2017-08-21 00:00:00+00:00,210.18079015485125,210.88478025367974,211.11074829101562,211.3714888029037,65469700
2017-08-22 00:00:00+00:00,211.6756960711894,211.69308230910568,213.31834411621094,213.47478047201594,63140100
2017-08-23 00:00:00+00:00,212.205897847276,212.35364773887312,212.5535430908203,212.97941978670568,50203800
2017-08-24 00:00:00+00:00,211.84957138244476,212.93597944081628,212.05816650390625,213.09241583554956,50741700
2017-08-25 00:00:00+00:00,212.40579319922318,212.8490428740146,212.5535430908203,213.46612843239413,64445900
2017-08-28 00:00:00+00:00,212.14505039855294,213.08370846040347,212.56224060058594,213.10978119030355,40565600
2017-08-29 00:00:00+00:00,211.13682326186802,211.2498139126445,212.80555725097656,213.06628450382465,51135700
2017-08-30 00:00:00+00:00,212.60566622281107,212.78818857668327,213.81375122070312,214.08319150724105,62030800
2017-08-31 00:00:00+00:00,213.84855351750988,214.43086661448717,215.10009765625,215.34345198746985,103803900
2017-09-01 00:00:00+00:00,215.25651647279935,215.47379805521166,215.40426635742188,215.8301430332035,62007000
2017-09-05 00:00:00+00:00,212.89250793998733,214.90018779183964,213.85723876953125,215.12616914224762,91398800
2017-09-06 00:00:00+00:00,214.00493680337013,214.53510430665335,214.58724975585938,214.91752194991508,57916900
2017-09-07 00:00:00+00:00,214.15272781535776,214.89149051924016,214.56121826171875,214.9088767595875,58034700
2017-09-08 00:00:00+00:00,214.06581927077957,214.27440110391774,214.30917358398438,214.76980948125174,63832800
2017-09-11 00:00:00+00:00,215.56073865778382,215.57811163769642,216.59500122070312,216.67321941576003,71364800
2017-09-12 00:00:00+00:00,216.777458449076,216.95998078899893,217.32501220703125,217.35977142035233,56896000
2017-09-13 00:00:00+00:00,216.92522645196908,217.03821711288396,217.4293212890625,217.4640937671046,59228000
2017-09-14 00:00:00+00:00,216.93392360000743,217.10774620268882,217.3597869873047,217.55969557911206,95446300
2017-09-15 00:00:00+00:00,217.11086130521687,217.21566977959978,217.6523895263672,217.7397254791433,95432400
2017-09-18 00:00:00+00:00,217.7310103925462,218.01924704393736,218.11532592773438,218.46469641738005,46235200
2017-09-19 00:00:00+00:00,218.0105413121157,218.35991184000716,218.33370971679688,218.4210590125854,47108100
2017-09-20 00:00:00+00:00,217.41657192320085,218.42103540568147,218.41229248046875,218.52584388719498,59574100
2017-09-21 00:00:00+00:00,217.6523869124714,218.25506228819327,217.8270721435547,218.3423982399205,48211400
2017-09-22 00:00:00+00:00,217.5039150540953,217.53011717373215,217.87075805664062,218.03671369942697,51214000
2017-09-25 00:00:00+00:00,216.68289258120123,217.61746600132773,217.42530822753906,217.9668498298664,57064400
2017-09-26 00:00:00+00:00,217.32048778509616,217.85328643262474,217.5563201904297,218.09784843533004,54082000
2017-09-27 00:00:00+00:00,217.37294440320042,218.25512707261586,218.4036102294922,218.7879258485287,81001400
2017-09-28 00:00:00+00:00,218.0367412903613,218.12407725765934,218.66561889648438,218.74422526534195,44778800
2017-09-29 00:00:00+00:00,218.47342863829596,218.65684347170293,219.4342041015625,219.51282378636614,85578000
2017-10-02 00:00:00+00:00,219.4866060401173,219.6613046021802,220.38626098632812,220.38626098632812,59023000
2017-10-03 00:00:00+00:00,220.30766945379898,220.38628914782512,220.85794067382812,220.8841427959599,66810200
2017-10-04 00:00:00+00:00,220.59584985901552,220.7094012443777,221.1199188232422,221.36448078584735,55953600
2017-10-05 00:00:00+00:00,221.15493267725822,221.45189898106148,222.43016052246094,222.44761972082654,63522800
2017-10-06 00:00:00+00:00,221.72260941258702,221.9846305851287,222.17678833007812,222.4650249475023,80646000
2017-10-09 00:00:00+00:00,221.54796299676016,222.40394345392528,221.80999755859375,222.46507729936198,35803100
2017-10-10 00:00:00+00:00,221.83618656529862,222.3777281817695,222.3951873779297,222.7707733374642,43057400
2017-10-11 00:00:00+00:00,222.13320847461802,222.29915083553502,222.74461364746094,222.74461364746094,47674300
2017-10-12 00:00:00+00:00,222.1768262682205,222.43013121510202,222.41265869140625,222.77950172323375,47065100
2017-10-13 00:00:00+00:00,222.41266175664202,222.84938156164074,222.6834259033203,222.96293297578225,54800400
2017-10-16 00:00:00+00:00,222.56988810025342,222.91052901548102,222.9803924560547,223.1725502367093,38221700
2017-10-17 00:00:00+00:00,222.70961358067885,222.9279734690156,223.13760375976562,223.18127840295898,31561000
2017-10-18 00:00:00+00:00,223.16378402333427,223.5131544794035,223.35594177246094,223.5568291183193,40888300
2017-10-19 00:00:00+00:00,222.15937240178653,222.5786196871285,223.4171142578125,223.45205930604234,61903800
2017-10-20 00:00:00+00:00,223.39964532969876,224.2119510702714,224.57003784179688,224.59626661827306,89176400
2017-10-23 00:00:00+00:00,223.61804888975684,224.8932901946228,223.6966552734375,224.91949232251636,63915300
2017-10-24 00:00:00+00:00,223.73154721149646,224.1246056918486,224.08966064453125,224.32547973958586,66935900
2017-10-25 00:00:00+00:00,221.85366122188066,223.75775317683716,222.9803924560547,223.87130459112328,103715300
2017-10-26 00:00:00+00:00,223.14638046884363,223.5918432647815,223.26866149902344,223.86259412343028,69798000
2017-10-27 00:00:00+00:00,223.27737353607554,224.01105961565028,225.0941162109375,225.2513555999806,85562500
2017-10-30 00:00:00+00:00,223.95863373315882,224.01103797268954,224.25559997558594,224.99802890928333,54285700
2017-10-31 00:00:00+00:00,224.3080294517007,224.6311978502524,224.60499572753906,224.85830068394264,60304800
2017-11-01 00:00:00+00:00,224.5350868601323,225.38232419680972,224.90191650390625,225.72295172317124,54202700
2017-11-02 00:00:00+00:00,223.7664783028467,224.8320756098468,224.98928833007812,225.1290418553702,56449500
2017-11-03 00:00:00+00:00,224.73598644613577,225.14650410247782,225.74046325683594,225.7841245724056,59589700
2017-11-06 00:00:00+00:00,225.53958776377712,225.60945120754656,226.08985900878906,226.220869625396,49652600
2017-11-07 00:00:00+00:00,225.426053001868,226.1946842164428,225.9326629638672,226.52659557321505,57502200
2017-11-08 00:00:00+00:00,225.47838487809508,225.75789189463578,226.31687927246094,226.41297147107142,50469600
2017-11-09 00:00:00+00:00,223.91496046403017,225.11159509256848,225.49591064453125,225.68806842051265,95085500
2017-11-10 00:00:00+00:00,224.7971478062067,225.1115999260466,225.426025390625,225.600723974454,59984700
2017-11-13 00:00:00+00:00,224.7097763557661,224.7447214001383,225.6356201171875,225.8627229227184,50228600
2017-11-14 00:00:00+00:00,224.0547216515681,224.83209570763378,225.11160278320312,225.2164112727262,61315200
2017-11-15 00:00:00+00:00,223.27733367391352,224.14203021059666,223.9848175048828,224.66609921823314,80811500
2017-11-16 00:00:00+00:00,224.8844811268868,224.9281424421125,225.88893127441406,226.25578761229633,67777000
2017-11-17 00:00:00+00:00,225.14653705992936,225.53959557863226,225.2251434326172,225.8627639958813,75756800
2017-11-20 00:00:00+00:00,225.22513571490924,225.46972440635292,225.6094512939453,225.80160908346332,48075500
2017-11-21 00:00:00+00:00,225.57453771922826,226.37808728873543,227.0855712890625,227.26901281156458,69176800
2017-11-22 00:00:00+00:00,226.71865742895608,227.09422995045946,226.88461303710938,227.22524052130328,45033400
2017-11-24 00:00:00+00:00,227.23404999662972,227.3738035315452,227.40872192382812,227.5135570664607,27856500
2017-11-27 00:00:00+00:00,227.09431107476212,227.45242453316544,227.2952117919922,227.749390818247,52274900
2017-11-28 00:00:00+00:00,227.66197662936466,227.7580688250894,229.60101318359375,229.62721529965407,98971700
2017-11-29 00:00:00+00:00,229.01588288160568,229.73208312406396,229.46131896972656,230.26489516197006,77512100
2017-11-30 00:00:00+00:00,230.29979390840188,230.37840026108975,231.47019958496094,232.37855743063676,127894400
2017-12-01 00:00:00+00:00,227.75815709142037,231.2519160814761,230.9898681640625,231.7322972805025,164390900
2017-12-04 00:00:00+00:00,230.6579572757892,232.60573751269956,230.71038818359375,233.03371446018812,94040600
2017-12-05 00:00:00+00:00,229.74951309935017,229.88052368164065,229.88052368164062,231.59245748583294,77994500
2017-12-06 00:00:00+00:00,229.46130294566018,229.97662909551735,229.92422485351562,230.3522283702102,75898600
2017-12-07 00:00:00+00:00,229.66216385096445,230.64915466308594,230.64915466308594,230.96358006061715,77218600
2017-12-08 00:00:00+00:00,230.61425172727832,231.60124271960038,231.90695190429688,231.91566817453804,76563900
2017-12-11 00:00:00+00:00,231.8807392812659,232.60568237304688,232.60568237304688,232.66682953826898,83077500
2017-12-12 00:00:00+00:00,232.64069315709293,233.39183858118835,233.01626586914062,233.48793081872788,85195800
2017-12-13 00:00:00+00:00,232.90265620503862,233.2607696276706,232.99000549316406,233.69748941303737,102905400
2017-12-14 00:00:00+00:00,231.98557487973446,233.28699142018422,232.03797912597656,233.4005428387963,100666700
2017-12-15 00:00:00+00:00,232.9870121871894,233.03968429670263,233.9702606201172,234.43554878182445,144610300
2017-12-18 00:00:00+00:00,235.2607022289418,235.36604641274744,235.45384216308594,235.80499837293848,83653600
2017-12-19 00:00:00+00:00,234.479374259354,235.6996736694623,234.54962158203125,235.74355815250783,82382900
2017-12-20 00:00:00+00:00,234.12830407774675,235.51538110817063,234.42678833007812,235.56805322378713,76751500
2017-12-21 00:00:00+00:00,234.66374908730396,235.05002902454035,234.90956115722656,235.6206881078484,67032300
2017-12-22 00:00:00+00:00,234.312563403501,234.92710689692217,234.8480987548828,234.96223055721842,78720900
2017-12-26 00:00:00+00:00,234.30386967573068,234.44431077412563,234.56723022460938,234.7867062791785,45244400
2017-12-27 00:00:00+00:00,234.40917207463843,234.73399229080826,234.6813201904297,235.04126407068716,57751000
2017-12-28 00:00:00+00:00,234.795449354247,235.1817292803327,235.16415405273438,235.20806533022463,45116100
2017-12-29 00:00:00+00:00,234.0844136307907,235.74363881357894,234.27752685546875,235.7611872545007,96007400
2018-01-02 00:00:00+00:00,234.75154510890943,235.1378250465664,235.9542694091797,235.98939307392297,86655700
2018-01-03 00:00:00+00:00,236.12110292886277,236.12110292886277,237.44674682617188,237.59600232641256,90070400
2018-01-04 00:00:00+00:00,237.5082487728614,238.08766885499406,238.4475860595703,238.93044952377141,80636400
2018-01-05 00:00:00+00:00,238.7460247334587,239.23764887382802,240.0365447998047,240.15943743914386,83524000
2018-01-08 00:00:00+00:00,239.65032324223404,239.94001987028867,240.47555541992188,240.63357176249713,57319200
2018-01-09 00:00:00+00:00,240.61599642060025,240.89693222383696,241.0198516845703,241.6431562298976,57254000
2018-01-10 00:00:00+00:00,239.59759319110952,240.2647820733768,240.65106201171875,240.9144493105008,69574300
2018-01-11 00:00:00+00:00,241.03734735877387,241.20415128096022,242.40687561035156,242.40687561035156,62361500
2018-01-12 00:00:00+00:00,242.37178476166358,242.67029577236767,243.98715209960938,244.15392925287028,90816100
2018-01-16 00:00:00+00:00,242.4595397134825,245.24250740468787,243.15309143066406,245.89214784344935,106555100
2018-01-17 00:00:00+00:00,243.15303558443304,244.08361154193096,245.47068786621094,245.85696771175722,113258800
2018-01-18 00:00:00+00:00,244.56654600971189,245.35668124153545,245.05819702148438,245.77805812089665,100728000
2018-01-19 00:00:00+00:00,245.05815193414344,245.6375450366647,246.17308044433594,246.17308044433594,140920100
2018-01-22 00:00:00+00:00,245.90970554473782,245.9624044391286,248.17471313476562,248.17471313476562,91322400
2018-01-23 00:00:00+00:00,247.89383906281728,248.21865937524475,248.70152282714844,248.99121946507964,97084700
2018-01-24 00:00:00+00:00,247.4285005787556,249.3423251815439,248.60488891601562,249.93932036064535,134816100
2018-01-25 00:00:00+00:00,247.92014242735834,249.46526240327177,248.7102508544922,249.56181900601126,84587300
2018-01-26 00:00:00+00:00,249.28964767784194,249.54424737555524,251.58975219726562,251.63366347839286,107743100
2018-01-29 00:00:00+00:00,249.76381285460286,251.01920977220314,249.9218292236328,251.45816199163124,90118300
2018-01-30 00:00:00+00:00,246.88418540558078,248.09569731750025,247.35826110839844,249.9743981091749,131796400
2018-01-31 00:00:00+00:00,246.41015692190018,248.20987669807295,247.481201171875,248.7102617559007,108364800
2018-02-01 00:00:00+00:00,246.41008707469774,246.75248249293085,247.2001953125,248.49950287103297,90102500
2018-02-02 00:00:00+00:00,241.78358665930918,245.88338406187754,241.81871032714844,246.01509111839752,173174800
2018-02-05 00:00:00+00:00,231.16098010750332,240.0629426086258,231.7052764892578,242.16990757960036,294681800
2018-02-06 00:00:00+00:00,227.11379176202638,228.20238422661203,236.27032470703125,236.7707364527866,355026800
2018-02-07 00:00:00+00:00,234.90964300751438,235.71732682811594,234.98867797851562,239.1060248864623,167376100
2018-02-08 00:00:00+00:00,226.13929955438024,235.28707148417266,226.17442321777344,235.42753934624014,246449500
2018-02-09 00:00:00+00:00,222.03946661641714,228.95734067037915,229.57188415527344,231.4242486397791,283565300
2018-02-12 00:00:00+00:00,229.71238881690365,231.61742570067418,232.9430694580078,234.409181085586,143736000
2018-02-13 00:00:00+00:00,231.16094237859048,231.7403623395533,233.5225067138672,234.06680300678443,81223600
2018-02-14 00:00:00+00:00,232.0300735324697,232.03886114791155,236.6741943359375,237.03413827941714,120735700
2018-02-15 00:00:00+00:00,235.9542728320571,238.41242036112484,239.69415283203125,239.7029404462211,111200300
2018-02-16 00:00:00+00:00,239.0269527686309,239.07086405094287,239.76438903808594,241.70457649535732,160420100
2018-02-20 00:00:00+00:00,237.47306000010119,238.81625220681488,238.26316833496094,240.25602779649859,86369700
2018-02-21 00:00:00+00:00,236.98141582880206,238.70210022472662,237.07797241210938,241.17779601748344,98883700
2018-02-22 00:00:00+00:00,236.71806503482514,237.99979746858162,237.38525390625,239.71169432106666,110511300
2018-02-23 00:00:00+00:00,238.13149606679718,238.6055718002206,241.16903686523438,241.16903686523438,92766400
2018-02-26 00:00:00+00:00,241.65187545623988,242.24005616182345,243.9695281982422,244.0661115745576,86491400
2018-02-27 00:00:00+00:00,240.86181907554146,244.1539603124492,240.92327880859375,244.8650874678141,99099200
2018-02-28 00:00:00+00:00,238.1666333695874,242.02061880237406,238.482666015625,242.46835850910344,121907800
2018-03-01 00:00:00+00:00,233.52250582934735,238.2719705350681,235.01495361328125,239.8170904251165,176855100
2018-03-02 00:00:00+00:00,232.48655687849873,233.34688570066712,236.22640991210938,236.78828136385687,139083200
2018-03-05 00:00:00+00:00,234.93583516581657,235.04120613210515,238.95664978027344,239.5711931885439,97307400
2018-03-06 00:00:00+00:00,238.0700824856966,239.93123532163432,239.56253051757812,240.01027028544524,79213200
2018-03-07 00:00:00+00:00,237.20968970474965,237.4028296712189,239.47467041015625,239.82582667878052,87063500
2018-03-08 00:00:00+00:00,239.15865714072376,240.15066631212258,240.63352966308594,240.75642231086204,66901200
2018-03-09 00:00:00+00:00,241.72212069884188,242.0381801182192,244.8211212158203,244.8211212158203,113625300
2018-03-12 00:00:00+00:00,244.12762071398598,245.11089605402182,244.51390075683594,245.7342006175469,71924800
2018-03-13 00:00:00+00:00,242.32785307291076,245.6726653493665,242.93360900878906,246.1730770862234,91968900
2018-03-14 00:00:00+00:00,241.13398503411454,243.89059059498044,241.68704223632812,244.0749429957183,105895100
2018-03-15 00:00:00+00:00,240.9232027619332,242.19617435500027,241.42361450195312,242.8370271669328,83433000
2018-03-16 00:00:00+00:00,241.63255700109175,241.9498553754007,241.68544006347656,242.73433229879393,100343700
2018-03-19 00:00:00+00:00,236.7670775944114,240.93620460870457,238.4153289794922,241.86168501139227,109208400
2018-03-20 00:00:00+00:00,238.14213569570916,238.8120237467934,238.8208465576172,239.45547026421977,59757300
2018-03-21 00:00:00+00:00,238.1508640548659,238.77666470244944,238.36239624023438,240.8656257293713,78709600
2018-03-22 00:00:00+00:00,232.13081823448522,236.14129640944108,232.40408325195312,236.98745229628895,148785900
2018-03-23 00:00:00+00:00,227.2565412065732,232.8447685244487,227.45045471191406,233.17088967006566,183534800
2018-03-26 00:00:00+00:00,228.6492001841799,231.0466640245638,233.67327880859375,233.95533970718193,141956100
2018-03-27 00:00:00+00:00,228.1468421973337,234.60766848369053,229.69815063476562,235.1364991793472,129941400
2018-03-28 00:00:00+00:00,227.91763387941825,229.8303276361625,229.0194091796875,231.49622480159888,146452300
2018-03-29 00:00:00+00:00,229.0281955901973,230.15641224241278,231.94569396972656,233.8055043683826,111601600
2018-04-02 00:00:00+00:00,224.47129066036044,231.41687299833714,226.93927001953125,231.9281118003099,186286300
2018-04-03 00:00:00+00:00,226.38394102387377,228.17322279650818,229.84791564941406,230.32389004720667,119956900
2018-04-04 00:00:00+00:00,226.17245123468194,226.30465889809264,232.30712890625,233.01225437698196,123715300
2018-04-05 00:00:00+00:00,232.97699130445676,234.06112092397936,234.14047241210938,235.02189260297175,82652600
2018-04-06 00:00:00+00:00,227.40642617564995,232.18373580132868,228.92247009277344,233.67331128789823,179521200
2018-04-09 00:00:00+00:00,229.11635597247158,230.37678033142026,230.0506591796875,233.4353093282673,105442900
2018-04-10 00:00:00+00:00,231.79589038705828,232.93290306078362,233.70855712890625,234.4930340065151,103529000
2018-04-11 00:00:00+00:00,232.1572467955175,232.22774856614302,232.48336791992188,234.14044196708517,91140200
2018-04-12 00:00:00+00:00,233.62919547435055,233.80549024324878,234.39602661132812,235.33915251720393,68890500
2018-04-13 00:00:00+00:00,232.70375210342695,235.7005753585113,233.70855712890625,235.81516428659432,85079200
2018-04-16 00:00:00+00:00,234.51950987009275,235.33922430803474,235.6300811767578,236.3969394464726,63405300
2018-04-17 00:00:00+00:00,236.8817381595435,237.3929501682783,238.15098571777344,238.75034514837742,64682000
2018-04-18 00:00:00+00:00,237.86882331629653,238.59159420914054,238.32717895507812,239.12924752533578,57303900
2018-04-19 00:00:00+00:00,235.9738381325913,237.6749728150779,237.00511169433594,237.8777091627883,77655900
2018-04-20 00:00:00+00:00,234.11400217921198,236.9345575277574,234.99542236328125,237.1549125737747,99953100
2018-04-23 00:00:00+00:00,233.88487128536516,235.56838720920786,234.960205078125,236.123686276615,65558000
2018-04-24 00:00:00+00:00,230.2974733085117,235.98264446982625,231.7958984375,236.2029995241592,112885500
2018-04-25 00:00:00+00:00,229.91848811799363,231.73421176421306,232.36883544921875,232.8095455943946,103840900
2018-04-26 00:00:00+00:00,232.9505437516809,233.3912538357174,234.7310028076172,235.5595399175105,67731900
2018-04-27 00:00:00+00:00,234.0170669637368,235.3391972855658,234.9513702392578,235.6388769306565,57053600
2018-04-30 00:00:00+00:00,233.07392627997427,235.56836039425437,233.1444549560547,236.1236593984513,82182300
2018-05-01 00:00:00+00:00,231.0289419836486,232.58024951391246,233.5586395263672,233.66440560364902,74203400
2018-05-02 00:00:00+00:00,231.60198008945386,233.36482048739748,231.98980712890625,234.17571200711808,86368900
2018-05-03 00:00:00+00:00,228.33193008387593,231.16130876431046,231.47860717773438,232.13084962675967,136311500
2018-05-04 00:00:00+00:00,230.18293550042833,230.50905674946347,234.47544860839844,235.1541595417253,91222100
2018-05-07 00:00:00+00:00,234.55467126904276,235.2422047152869,235.26864624023438,236.23818675417897,55304900
2018-05-08 00:00:00+00:00,233.70851557191827,234.89843799216482,235.26864624023438,235.63000478158196,67499200
2018-05-09 00:00:00+00:00,235.41854423903627,235.93857898716234,237.5427703857422,237.86889159229474,59666100
2018-05-10 00:00:00+00:00,238.17735523817117,238.2831213529077,239.76390075683594,240.09004880901813,72063900
2018-05-11 00:00:00+00:00,239.3761689531761,239.88740790950186,240.49559020996094,240.7600056019783,59871500
2018-05-14 00:00:00+00:00,240.06357382839562,240.92737523984502,240.61007690429688,241.579617528788,54790600
2018-05-15 00:00:00+00:00,238.00990733079024,239.38492075905984,238.95303344726562,239.40253948036187,87036100
2018-05-16 00:00:00+00:00,238.96189156251344,238.98835999957316,239.95790100097656,240.4162568622548,53942600
2018-05-17 00:00:00+00:00,238.9794272135215,239.69337531631723,239.7550811767578,240.830414735098,56536400
2018-05-18 00:00:00+00:00,238.8031989732715,239.4113811412176,239.15576171875,239.7727666974474,64368000
2018-05-21 00:00:00+00:00,240.24868631563004,240.63651331670496,240.9538116455078,241.49149190105553,58025900
2018-05-22 00:00:00+00:00,239.95786010756726,241.473904138964,240.2839813232422,241.72952356428226,52966400
2018-05-23 00:00:00+00:00,238.85609118238685,239.0147672879168,240.94505310058594,240.97152153385284,64694200
2018-05-24 00:00:00+00:00,238.67100236063115,240.5484320183078,240.4514617919922,240.82167017612028,76043800
2018-05-25 00:00:00+00:00,239.37612398978206,239.8785400390625,239.8785400390625,240.50434094850192,56374800
2018-05-29 00:00:00+00:00,236.00907304336295,238.25668371463993,237.11964416503906,239.0147190473101,115908600
2018-05-30 00:00:00+00:00,238.35369556292812,238.42419735328477,240.2839813232422,240.7246914847085,69678400
2018-05-31 00:00:00+00:00,238.21266760730978,239.87853804791965,238.81202697753906,240.1782177330343,93519900
2018-06-01 00:00:00+00:00,240.0371647610212,240.10769344433027,241.15658569335938,241.45626535039463,71258400
2018-06-04 00:00:00+00:00,241.7382885385191,241.9762622852021,242.30238342285156,242.55800278701213,45385200
2018-06-05 00:00:00+00:00,241.66782594654146,242.4346573498942,242.47874450683594,242.85774880293667,51135000
2018-06-06 00:00:00+00:00,242.46990274081546,243.0869076992501,244.5059814453125,244.61174757560133,62732200
2018-06-07 00:00:00+00:00,243.57169135650165,244.99079207863485,244.47955322265625,245.2816489527639,72969400
2018-06-08 00:00:00+00:00,243.85372912145007,244.02120112053123,245.20230102539062,245.2551840883835,72139700
2018-06-11 00:00:00+00:00,245.30808730263703,245.42267624813843,245.5284423828125,246.24239069067596,58892500
2018-06-12 00:00:00+00:00,245.2023024328456,245.94269221780678,245.8457489013672,246.20710753428884,72329000
2018-06-13 00:00:00+00:00,244.85849721046816,246.08368408186067,245.0612335205078,246.3393034469007,79070600
2018-06-14 00:00:00+00:00,245.08767460352945,245.92503447086239,245.67823791503906,246.2070684640839,77097600
2018-06-15 00:00:00+00:00,243.78875958077134,244.8954817261175,245.36473083496094,245.70117869027956,120041600
2018-06-18 00:00:00+00:00,243.43478334616947,243.91286819163997,244.8602294921875,244.98419542815554,52917600
2018-06-19 00:00:00+00:00,242.17757152391263,242.59370048509103,243.92176818847656,244.1431128057075,97531500
2018-06-20 00:00:00+00:00,244.0013663037661,244.60341697386283,244.3378143310547,245.00184795767245,53785500
2018-06-21 00:00:00+00:00,242.31023603123566,244.32889671943892,242.80604553222656,244.34662157135446,71061400
2018-06-22 00:00:00+00:00,243.02741951900938,244.06332375690923,243.24876403808594,244.17842722996417,54898500
2018-06-25 00:00:00+00:00,238.25521101018867,242.09774805892368,239.9374237060547,242.2571096047278,137854200
2018-06-26 00:00:00+00:00,239.7515044638951,240.50408113101963,240.46865844726562,241.318613720225,68547400
2018-06-27 00:00:00+00:00,238.32605160508425,241.05303106816336,238.47657775878906,242.47847672690543,105110700
2018-06-28 00:00:00+00:00,237.71512857523751,238.423447181038,239.84005737304688,240.60146947724132,76650500
2018-06-29 00:00:00+00:00,240.07027554780439,240.92909341827357,240.1853790283203,242.29258330965268,97592500
2018-07-02 00:00:00+00:00,238.3791664787934,238.61823583374448,240.6988525390625,240.85824111556073,63554800
2018-07-03 00:00:00+00:00,239.42392806903175,241.59308793390554,239.84889221191406,241.69049356304407,42187100
2018-07-05 00:00:00+00:00,239.90204549181354,240.9733724606823,241.80560302734375,241.86758597984274,56925900
2018-07-06 00:00:00+00:00,241.45143615123604,241.8321692408488,243.850830078125,244.2226737215322,66493700
2018-07-09 00:00:00+00:00,244.80698515422466,244.85124324063042,246.0465087890625,246.09962930058492,50550400
2018-07-10 00:00:00+00:00,246.20592927668127,246.49811917960713,246.93194580078125,247.0293514416216,51966800
2018-07-11 00:00:00+00:00,244.82470715366816,245.38249959930695,245.125732421875,246.17049896399453,77054700
2018-07-12 00:00:00+00:00,245.78103458378126,246.38308537516556,247.34814453125,247.40126507051315,60124700
2018-07-13 00:00:00+00:00,246.71945157482142,247.17100302827427,247.5428466796875,247.84387197545811,48216000
2018-07-16 00:00:00+00:00,246.87879842649093,247.58711703867334,247.3214874267578,247.72875374151752,48201000
2018-07-17 00:00:00+00:00,246.4980839916861,246.551204508345,248.32196044921875,248.7115289177783,52315500
2018-07-18 00:00:00+00:00,247.9589518648833,248.40164084943382,248.84432983398438,248.9505708671419,44593500
2018-07-19 00:00:00+00:00,247.42774156040312,248.18031830461032,247.90585327148438,248.561024380289,61412100
2018-07-20 00:00:00+00:00,247.46319700882336,247.70223938621334,247.62255859375,248.33087733719734,82337700
2018-07-23 00:00:00+00:00,247.07358760835706,247.41889800487505,248.0829315185547,248.28655117021037,47047600
2018-07-24 00:00:00+00:00,248.4636304289784,249.49067214292117,249.33128356933594,250.17240347028664,68026900
2018-07-25 00:00:00+00:00,249.0390401164951,249.0832981939713,251.4561309814453,251.7748539862739,78882900
2018-07-26 00:00:00+00:00,250.64169257599485,250.73909822087222,250.863037109375,251.54476854513118,57919500
2018-07-27 00:00:00+00:00,248.24233086923053,251.19062823019235,249.1631317138672,251.2880338772159,76768700
2018-07-30 00:00:00+00:00,247.33920594196468,249.24279041796194,247.86160278320312,249.40215198668153,63742500
2018-07-31 00:00:00+00:00,248.24231157277697,248.6230176642827,249.08340454101562,249.69431758068527,68570500
2018-08-01 00:00:00+00:00,248.0209277216841,249.28701169662585,248.667236328125,249.79168360929737,53853300
2018-08-02 00:00:00+00:00,247.16208564142823,247.36573227545722,250.02186584472656,250.19006277942609,63426400
2018-08-03 00:00:00+00:00,249.9688444985181,250.14593096703038,251.09329223632812,251.1464127729615,53935400
2018-08-06 00:00:00+00:00,250.73909144654593,251.12865997633756,252.0140380859375,252.32389880862098,39400900
2018-08-07 00:00:00+00:00,252.54530334890575,252.67813171258652,252.84632873535156,253.22706194784666,43196600
2018-08-08 00:00:00+00:00,252.2796186434976,252.67804956580417,252.74000549316406,253.1384364154706,42114600
2018-08-09 00:00:00+00:00,252.2618520556032,252.8019195386162,252.3946533203125,253.191487928154,35717000
2018-08-10 00:00:00+00:00,249.99532516990476,250.9604109905374,250.70364379882812,251.5004786142231,77076000
2018-08-13 00:00:00+00:00,249.4729773325625,250.97813090933042,249.76516723632812,251.58904395946368,65732900
2018-08-14 00:00:00+00:00,250.1015432402225,250.49111165336765,251.3587646484375,251.5978339589874,43842000
2018-08-15 00:00:00+00:00,248.04759451431187,250.01313547453537,249.48190307617188,250.15479924873915,102925400
2018-08-16 00:00:00+00:00,250.88069761338195,250.91612029893878,251.50047302246094,252.36815319125307,69967900
2018-08-17 00:00:00+00:00,250.88951252148593,251.2967787596805,252.38580322265625,252.82849213969868,65618500
2018-08-20 00:00:00+00:00,252.38586968426674,252.83742114482646,252.92596435546875,253.19156696780135,39807500
2018-08-21 00:00:00+00:00,252.96138773126302,253.43949950542424,253.51918029785156,254.37799819792022,67272000
2018-08-22 00:00:00+00:00,252.84625550899398,253.11188513982498,253.36865234375,253.8910221589118,44993300
2018-08-23 00:00:00+00:00,252.71344590231374,253.19155760642926,253.03219604492188,254.0503753806769,49204900
2018-08-24 00:00:00+00:00,253.5546177802505,253.60773831163402,254.5550994873047,254.69676324419368,57487400
2018-08-27 00:00:00+00:00,255.59092859609513,255.75029016014744,256.5648498535156,256.67109089621715,57072400
2018-08-28 00:00:00+00:00,256.22839838429445,257.02523321330386,256.6888122558594,257.13150127415275,46943500
2018-08-29 00:00:00+00:00,256.66216839420144,256.9012106591642,258.0699157714844,258.30009561269804,61485500
2018-08-30 00:00:00+00:00,256.4320803195823,257.5919235454238,257.0252685546875,257.96376724094705,61229500
2018-08-31 00:00:00+00:00,256.13104270122597,256.617989857108,257.03411865234375,257.4768077102713,66140800
2018-09-04 00:00:00+00:00,255.59094906584016,256.61799092686505,256.5914306640625,256.94557650796173,57594400
2018-09-05 00:00:00+00:00,254.8914857411,256.23725057590366,255.9008026123047,256.4408972432379,72452400
2018-09-06 00:00:00+00:00,254.10355796237556,256.00711579754653,255.13059997558594,256.30814116044616,65909900
2018-09-07 00:00:00+00:00,253.84669003100112,254.08575935643225,254.6346893310547,255.60861042454084,73524800
2018-09-10 00:00:00+00:00,254.88259310137295,255.64400512276245,255.07737731933594,255.90963470339696,50210900
2018-09-11 00:00:00+00:00,254.08588176015792,254.43116525715587,255.91859436035156,256.3612835234171,50530500
2018-09-12 00:00:00+00:00,255.19249642416656,255.92734823453216,255.98046875,256.582519271696,59810800
2018-09-13 00:00:00+00:00,256.759715745688,257.04304329604304,257.49456787109375,257.68051677454054,51034200
2018-09-14 00:00:00+00:00,256.75965078524433,257.69814941620206,257.5387878417969,257.8840712530081,55079900
2018-09-17 00:00:00+00:00,255.90082792279205,257.48566226721647,256.17529296875,257.52105793665976,68244000
2018-09-18 00:00:00+00:00,256.36117953190404,256.38773979012984,257.5653076171875,258.15849572409456,61930400
2018-09-19 00:00:00+00:00,257.4945332782199,257.61849919719697,257.83984375,258.2559725900537,49080600
2018-09-20 00:00:00+00:00,257.8575395336768,259.0970906351815,259.9293212890625,260.2480714927518,100360600
2018-09-21 00:00:00+00:00,259.53181151286344,260.6702248801384,259.69189453125,260.78584944072276,105479700
2018-09-24 00:00:00+00:00,258.25097564679436,259.1136810427981,258.8290710449219,259.25598604173615,53409600
2018-09-25 00:00:00+00:00,258.3489257783172,259.2827704772097,258.58905029296875,259.38949248372154,44370000
2018-09-26 00:00:00+00:00,257.3973254343439,258.73140505587037,257.8153381347656,259.91427704451263,79739700
2018-09-27 00:00:00+00:00,258.01094045110614,258.2866480000463,258.5356750488281,259.6207272917874,59249500
2018-09-28 00:00:00+00:00,257.877560271739,257.9131161804193,258.5623779296875,259.0604320703618,70091400
2018-10-01 00:00:00+00:00,258.79362314823425,259.7986068206603,259.4606628417969,260.52791006634834,62078900
2018-10-02 00:00:00+00:00,258.9357993288641,259.309326171875,259.309326171875,260.02082396744885,47258200
2018-10-03 00:00:00+00:00,259.096002645905,260.3589158911238,259.4517517089844,260.7769285042683,64694600
2018-10-04 00:00:00+00:00,255.840783146468,258.97141213367536,257.42388916015625,259.02477312297555,111545900
2018-10-05 00:00:00+00:00,254.5601308834581,257.6463022241773,255.983154296875,258.16213430130995,105951700
2018-10-08 00:00:00+00:00,253.91977170451622,255.29830952075233,255.983154296875,256.3389033647507,87742200
2018-10-09 00:00:00+00:00,255.0491491712409,255.60059115146774,255.60946655273438,256.9079621857527,74339000
2018-10-10 00:00:00+00:00,247.1426320674937,255.10262196536394,247.5161590576172,255.17378805809057,214731000
2018-10-11 00:00:00+00:00,240.45444076309948,246.43111713164694,242.0642547607422,248.0498065348169,274840500
2018-10-12 00:00:00+00:00,242.24203910959136,246.155331736026,245.42605590820312,246.4399417449787,183186500
2018-10-15 00:00:00+00:00,243.95857183970327,245.0703043529026,244.04751586914062,246.39550796513305,102263700
2018-10-16 00:00:00+00:00,245.53280531070305,246.0041788161168,249.3838348388672,249.75738891009476,118255800
2018-10-17 00:00:00+00:00,246.85803605064686,249.4194726965644,249.42837524414062,250.0509293104676,110626000
2018-10-18 00:00:00+00:00,244.5544025337152,248.49437492068427,245.8262176513672,249.0902753199341,134557500
2018-10-19 00:00:00+00:00,244.99922721015955,246.4756116171026,245.6929473876953,248.4055645473369,139901600
2018-10-22 00:00:00+00:00,244.05642033413275,246.3599268625698,244.59005737304688,246.6800928007739,82415800
2018-10-23 00:00:00+00:00,238.89802425628625,240.9792119371778,243.34495544433594,244.4655907891369,146352700
2018-10-24 00:00:00+00:00,235.42049357209595,243.0958722305184,235.97190856933594,243.47832885220126,177806700
2018-10-25 00:00:00+00:00,236.78129864956196,237.8040873548617,240.20541381835938,241.74406172098753,138061500
2018-10-26 00:00:00+00:00,233.27712038113032,236.50559671818039,235.9808349609375,241.02366679537118,201574600
2018-10-29 00:00:00+00:00,231.10695105767994,239.06693924966632,234.67337036132812,240.35655977032127,160749100
2018-10-30 00:00:00+00:00,234.01531441310811,234.5044931538506,238.1509552001953,238.46224582759228,157116000
2018-10-31 00:00:00+00:00,240.24104537265177,240.71241906984613,240.69464111328125,243.0070511368816,128296300
2018-11-01 00:00:00+00:00,240.4721988322022,241.55725087311626,243.2559814453125,243.45164745734314,99495000
2018-11-02 00:00:00+00:00,239.76961161135745,244.35884745387176,241.81521606445312,244.78576258174922,122634100
2018-11-05 00:00:00+00:00,241.33489121602472,242.3043186776565,243.1492462158203,243.70066118097728,65622500
2018-11-06 00:00:00+00:00,243.02471877283662,243.08698230542691,244.6878662109375,244.84794917310734,60085900
2018-11-07 00:00:00+00:00,246.43111376204413,246.85802890464325,249.92642211914062,250.00646361926934,102752100
2018-11-08 00:00:00+00:00,248.33438049086973,249.1259199823726,249.47279357910156,250.1131526376013,65584900
2018-11-09 00:00:00+00:00,245.63056759236852,248.16532259060648,247.0358123779297,248.35208601181105,98812600
2018-11-12 00:00:00+00:00,241.90412375753766,246.52894247011767,242.41998291015625,246.76906695308182,99673600
2018-11-13 00:00:00+00:00,241.24601473079449,242.88248213590185,241.96641540527344,244.87469860439538,98176600
2018-11-14 00:00:00+00:00,238.75572328236524,243.83411060887397,240.31214904785156,244.23431809199508,125335900
2018-11-15 00:00:00+00:00,237.4749534984664,239.0491568741506,242.8201446533203,243.28264272262598,135101400
2018-11-16 00:00:00+00:00,241.2103747574207,241.72623384821713,243.45164489746094,244.3588088662965,126668000
2018-11-19 00:00:00+00:00,238.41768908509545,242.84681357723707,239.33375549316406,243.14032612906826,103061700
2018-11-20 00:00:00+00:00,234.0419422412269,236.00747788431894,234.90464782714844,237.46608408810766,136021300
2018-11-21 00:00:00+00:00,235.69621797932788,236.45217444737756,235.70509338378906,237.599490110918,75563700
2018-11-23 00:00:00+00:00,233.97079166091788,234.06861109703652,234.13087463378906,235.527217228284,42807900
2018-11-26 00:00:00+00:00,235.98968949085364,236.38102152128923,237.9107666015625,238.13311311240508,79981400
2018-11-27 00:00:00+00:00,236.27427284254324,236.87904876964447,238.711181640625,238.711181640625,75502400
2018-11-28 00:00:00+00:00,238.64900788509266,239.77854582827692,244.20767211914062,244.20767211914062,127629600
2018-11-29 00:00:00+00:00,242.29544650287454,243.43385961483304,243.67401123046875,245.07032676690406,82346400
2018-11-30 00:00:00+00:00,243.20259270869448,243.5227586144501,245.1592254638672,245.71954294084406,98204200
2018-12-03 00:00:00+00:00,246.81353606087058,249.27712569459774,248.405517578125,249.38384767989874,103176300
2018-12-04 00:00:00+00:00,240.04530733134203,247.57840882114908,240.35659790039062,248.00532392800807,177986000
2018-12-06 00:00:00+00:00,233.41050644990975,236.50558006374058,239.99195861816406,240.1075831618919,204185400
2018-12-07 00:00:00+00:00,233.57945653094646,239.65395115076464,234.4154815673828,241.2192792431404,161018900
2018-12-10 00:00:00+00:00,230.01301882509009,234.23760261616204,234.8601837158203,235.82961126558462,151445900
2018-12-11 00:00:00+00:00,233.44604697126593,238.05305993563306,234.9135284423828,238.23982339583532,121504400
2018-12-12 00:00:00+00:00,236.01628727652707,237.88400274146096,236.09632873535156,239.2447618252745,97976700
2018-12-13 00:00:00+00:00,234.90465530067445,237.03917653874748,236.01638793945312,237.90188215211614,96662700
2018-12-14 00:00:00+00:00,231.10695599803614,233.87293341160515,231.6583709716797,234.8245829393611,116961100
2018-12-17 00:00:00+00:00,225.48605403096258,230.70674603004963,227.11363220214844,231.8184786411639,165492300
2018-12-18 00:00:00+00:00,225.26371106517817,228.75011653111562,226.86460876464844,229.41715610831534,134515100
2018-12-19 00:00:00+00:00,221.76840039515483,226.9446197617869,223.4671173095703,230.70671867180351,214992800
2018-12-20 00:00:00+00:00,217.58830256839778,222.22201009148066,219.82955932617188,223.78732473209402,252053400
2018-12-21 00:00:00+00:00,214.68126458714568,220.72863299677553,215.3253631591797,223.38553619386457,255345600
2018-12-24 00:00:00+00:00,209.57318974188104,213.84032507460728,209.63580322265625,215.45057126158082,147311600
2018-12-26 00:00:00+00:00,209.1169955121157,211.09402312558956,220.22767639160156,220.22767639160156,218485400
2018-12-27 00:00:00+00:00,213.7687448663179,216.998177732737,221.91836547851562,222.1151604301616,186267300
2018-12-28 00:00:00+00:00,220.469154308551,223.2691930102769,221.63211059570312,224.89732089212802,153100200
2018-12-31 00:00:00+00:00,221.38164665156634,223.25131500932955,223.5733642578125,223.81490460672552,144299400
2019-01-02 00:00:00+00:00,220.02190048222155,220.04873678437622,223.80596923828125,224.7273989963419,126925200
2019-01-03 00:00:00+00:00,217.9822360854176,222.06151737501295,218.46531677246094,222.36568485027112,144140700
2019-01-04 00:00:00+00:00,221.1132819712888,221.4890038398222,225.78298950195312,226.42708803378295,142628800
2019-01-07 00:00:00+00:00,225.1567801850317,226.05135993790628,227.56320190429688,228.967685018204,103139100
2019-01-08 00:00:00+00:00,227.22324173305432,229.7459630162037,229.7012176513672,230.1842983290865,102512600
2019-01-09 00:00:00+00:00,229.18238366653358,230.40795353099523,230.7747344970703,231.61564162896792,95006600
2019-01-10 00:00:00+00:00,228.56509216100946,229.2449814061106,231.58877563476562,231.8392568355287,96823900
2019-01-11 00:00:00+00:00,229.9338421818793,230.51531358491874,231.67828369140625,231.7051199930724,73858100
2019-01-14 00:00:00+00:00,229.3792062906262,229.7817508142326,230.26483154296875,231.06994789059002,70908200
2019-01-15 00:00:00+00:00,230.6315989437874,230.64055347725395,232.90383911132812,233.2169474781809,85208300
2019-01-16 00:00:00+00:00,233.12743211785823,233.33316793850767,233.46737670898438,234.35300171188604,77636700
2019-01-17 00:00:00+00:00,232.55489353642443,232.5996388944274,235.23863220214844,236.09744823146917,96118400
2019-01-18 00:00:00+00:00,235.2745121865881,237.0457902053426,238.3697509765625,238.8349499938338,127900300
2019-01-22 00:00:00+00:00,233.53901340633362,236.9026423777357,235.1492462158203,237.1173328055578,115531200
2019-01-23 00:00:00+00:00,233.181141246526,236.17798861637877,235.6412353515625,236.87575967051836,86030300
2019-01-24 00:00:00+00:00,234.45143100905162,235.46231041761553,235.76646423339844,236.34796286693012,59204100
2019-01-25 00:00:00+00:00,235.86492393987604,237.60933824799548,237.7614288330078,238.58445429816075,96883400
2019-01-28 00:00:00+00:00,234.19206807171742,235.62340130094339,235.9543914794922,236.01699132108016,85613700
2019-01-29 00:00:00+00:00,234.8092828063201,236.0974797217171,235.6412353515625,236.6610419843488,66136300
2019-01-30 00:00:00+00:00,236.39267430393105,237.15307247227437,239.37161254882812,240.21251961023302,92473700
2019-01-31 00:00:00+00:00,239.0942767136401,239.308994379085,241.47386169433594,241.95694231608385,104012100
2019-02-01 00:00:00+00:00,240.80292976983338,241.67067307238622,241.5901641845703,242.60999803104392,85782500
2019-02-04 00:00:00+00:00,240.96403425662496,241.6349691969302,243.28994750976562,243.35257465629314,60744800
2019-02-05 00:00:00+00:00,243.2183041870039,243.7192665752043,244.3096923828125,244.61384616847684,79552800
2019-02-06 00:00:00+00:00,243.25410583006848,244.03238574275397,243.98764038085938,244.52439362076777,58347800
2019-02-07 00:00:00+00:00,240.0068109279789,242.37744182669658,241.6617889404297,242.92312237490376,95482000
2019-02-08 00:00:00+00:00,239.59531205500326,240.41833753894525,241.95701599121094,242.05540667168086,75788900
2019-02-11 00:00:00+00:00,241.5633877056799,242.61005810727352,242.0911865234375,242.86946659878197,68021400
2019-02-12 00:00:00+00:00,243.6298006053734,243.70138226031133,245.2042694091797,245.5799775461956,72270200
2019-02-13 00:00:00+00:00,245.61582552276414,246.03627911704666,246.00048828125,246.84139546981498,65277200
2019-02-14 00:00:00+00:00,244.10390339395366,244.9179740136577,245.45472717285156,246.58190607711867,83234400
2019-02-15 00:00:00+00:00,247.0203682596874,247.22610417783676,248.129638671875,248.16542951432376,97088700
2019-02-19 00:00:00+00:00,247.32448123109788,247.3334357653313,248.5590057373047,249.21203152652333,59120800
2019-02-20 00:00:00+00:00,248.02226638531727,248.52322892328903,249.0599822998047,249.51622676490462,76610800
2019-02-21 00:00:00+00:00,247.21718555932722,248.42487400523967,248.1743927001953,248.78270054095805,64214700
2019-02-22 00:00:00+00:00,248.156349496703,248.7914933018315,249.7129364013672,249.9097176842972,78114600
2019-02-25 00:00:00+00:00,249.97240858043799,251.13537861516554,250.05291748046875,251.65422284883292,69030700
2019-02-26 00:00:00+00:00,249.49833363617677,249.7040968454373,249.8740692138672,250.75074006112388,56844100
2019-02-27 00:00:00+00:00,248.2279540955296,249.15829721146872,249.76663208007812,250.1155039234547,56921600
2019-02-28 00:00:00+00:00,248.97952373745665,249.5520407678808,249.3015594482422,249.99040355256068,69268300
2019-03-01 00:00:00+00:00,249.42663866946685,250.87585295153653,250.85797119140625,251.2694700775798,78880500
2019-03-04 00:00:00+00:00,247.65552556224296,251.9137351265447,249.94564819335938,252.15526189999304,106494600
2019-03-05 00:00:00+00:00,249.0600017196552,250.07088140915823,249.60568237304688,250.2676900858793,59114600
2019-03-06 00:00:00+00:00,247.77177540211915,249.72195286993642,248.09381103515625,249.730907404324,75039800
2019-03-07 00:00:00+00:00,245.17744927490716,247.64647052496792,246.0183563232422,247.78960654387646,94885100
2019-03-08 00:00:00+00:00,243.7013834485637,244.16655500631896,245.52630615234375,245.69627845814716,85795800
2019-03-11 00:00:00+00:00,246.21518350729428,246.2420198065885,249.08677673339844,249.24779452916363,65098900
2019-03-12 00:00:00+00:00,249.45357566962204,249.6414297782207,250.02609252929688,250.54496408692307,79667500
2019-03-13 00:00:00+00:00,250.7507358243936,250.91178095520416,251.6811065673828,252.61147731037204,80639200
2019-03-14 00:00:00+00:00,251.08157761025763,251.70776672372853,251.51991271972656,252.12822007580448,67518400
2019-03-15 00:00:00+00:00,251.88209009768903,252.0707990334898,252.7626495361328,253.57131202170393,81309000
2019-03-18 00:00:00+00:00,252.75370929471526,252.97833933405315,253.67918395996094,253.97571096745602,62199800
2019-03-19 00:00:00+00:00,252.85261535045638,254.73951357232417,253.7421417236328,255.5032339343991,90268100
2019-03-20 00:00:00+00:00,251.87317030498068,253.52644405949383,252.97833251953125,254.73045774743304,84609200
2019-03-21 00:00:00+00:00,252.11571595617374,252.16065840721987,255.83560180664062,256.2399193421347,79550400
2019-03-22 00:00:00+00:00,250.84879440990014,254.4788227052167,250.9116973876953,254.99995221393374,122659300
2019-03-25 00:00:00+00:00,249.4651303397219,250.57029249849992,250.72305297851562,251.75634559535843,85575200
2019-03-26 00:00:00+00:00,251.19027556711794,252.47515272202335,252.5919647216797,253.54439382873687,68125900
2019-03-27 00:00:00+00:00,249.72569296237506,252.582980392671,251.27114868164062,253.16704041325895,72224700
2019-03-28 00:00:00+00:00,250.75004339861144,251.90014817890042,252.22360229492188,252.6728624031701,56238500
2019-03-29 00:00:00+00:00,252.61002714590106,253.73317759578362,253.8140411376953,254.13749530534216,82186800
2019-04-01 00:00:00+00:00,255.539067150015,255.80863958619787,256.8239440917969,257.1204710295328,77617900
2019-04-02 00:00:00+00:00,256.1590964948618,257.01270157304134,256.9497985839844,257.1834225886773,40070400
2019-04-03 00:00:00+00:00,256.75210547518907,258.16278854117206,257.3541259765625,258.55813955865335,68243200
2019-04-04 00:00:00+00:00,256.9857037843611,257.6775542854916,258.0369567871094,258.28854128030713,48997500
2019-04-05 00:00:00+00:00,258.41441453536396,258.7019475798009,259.2859802246094,259.33988924285876,58621700
2019-04-08 00:00:00+00:00,258.2077318961907,258.8636614791043,259.483642578125,259.59146060914446,53566300
2019-04-09 00:00:00+00:00,257.6058158512069,258.52229680983504,258.1539001464844,258.8457509997036,66142300
2019-04-10 00:00:00+00:00,258.1538336527132,258.5671452624204,259.0343933105469,259.1242508136989,52601500
2019-04-11 00:00:00+00:00,258.39636089295544,259.5195108553922,258.9624328613281,259.52850482970075,55093100
2019-04-12 00:00:00+00:00,259.0073865588941,260.5708025998839,260.7145690917969,260.99310810092373,69727800
2019-04-15 00:00:00+00:00,259.74418819639936,260.78647484201645,260.54388427734375,260.8853263154702,49596700
2019-04-16 00:00:00+00:00,260.12154259540137,261.4244075766626,260.7145690917969,261.4783165835482,52153200
2019-04-17 00:00:00+00:00,259.6632906883781,261.82872721774316,260.0766296386719,261.855681721401,58268300
2019-04-18 00:00:00+00:00,259.36680152584245,260.6606725944999,260.5887756347656,260.8583481027852,68708500
2019-04-22 00:00:00+00:00,259.7352686592267,259.8251261729986,260.8134765625,260.96623707797863,40160100
2019-04-23 00:00:00+00:00,260.94830836776504,261.18190502726463,263.1586608886719,263.39228496883817,52246600
2019-04-24 00:00:00+00:00,262.4308184291265,263.07775411194496,262.5745849609375,263.41020222021825,50392900
2019-04-25 00:00:00+00:00,261.22681584442034,262.4757447986305,262.412841796875,263.06877148518953,57770900
2019-04-26 00:00:00+00:00,261.68499538422964,262.4577369591944,263.6347961425781,263.7066656882998,50916400
2019-04-29 00:00:00+00:00,263.6347841375647,263.7246416311188,264.048095703125,264.56925271334455,57197700
2019-04-30 00:00:00+00:00,262.29602141570473,263.7066772500253,264.1828918457031,264.47042488251304,81111700
2019-05-01 00:00:00+00:00,262.1881495792361,264.8118402899683,262.1971435546875,265.0185097807534,71671900
2019-05-02 00:00:00+00:00,260.13958704666095,262.08039418261956,261.6311340332031,262.9969024366537,65030200
2019-05-03 00:00:00+00:00,261.7388640340087,263.10463197802125,264.19183349609375,264.47037250137964,56543700
2019-05-06 00:00:00+00:00,259.58243415240935,259.89692165063803,263.1046447753906,263.54491082051743,107198100
2019-05-07 00:00:00+00:00,256.80601830897126,260.70559211160116,258.71087646484375,261.29861864665406,144729900
2019-05-08 00:00:00+00:00,257.7584139715136,258.3514404296875,258.3514404296875,260.05862285255927,91568300
2019-05-09 00:00:00+00:00,254.5507516890629,256.2849164466201,257.5697937011719,258.1717868559465,103471100
2019-05-10 00:00:00+00:00,253.652214405053,256.6353077314568,258.8636474609375,259.6184010578606,112429300
2019-05-13 00:00:00+00:00,251.52272030593628,253.76005395912173,252.35833740234375,254.721449608434,127290500
2019-05-14 00:00:00+00:00,253.24791445118507,253.37369301577155,254.64060974121094,256.1681049927601,77003200
2019-05-15 00:00:00+00:00,252.80754548534486,253.0142149334386,256.132080078125,256.770021528291,73956400
2019-05-16 00:00:00+00:00,256.7611410796038,256.8330106305001,258.5042724609375,259.86101931664007,76749600
2019-05-17 00:00:00+00:00,256.18601129747526,256.20399924622245,256.83294677734375,259.31287068694866,100353000
2019-05-20 00:00:00+00:00,254.3889786675139,255.23358966334033,255.134765625,256.9407721836039,62877600
2019-05-21 00:00:00+00:00,256.57239853669876,256.82398306292055,257.43499755859375,257.8123606375981,46847100
2019-05-22 00:00:00+00:00,256.1680725781415,256.48256008080267,256.644287109375,257.59671617184193,49482500
2019-05-23 00:00:00+00:00,252.09775517308566,254.42491861053117,253.50843811035156,254.46983364087836,98733800
2019-05-24 00:00:00+00:00,253.4636368442685,254.94619014003598,254.0836181640625,255.35952930034446,55268100
2019-05-28 00:00:00+00:00,251.70245267653993,254.36206462869922,251.7204132080078,255.31449378901283,70029400
2019-05-29 00:00:00+00:00,248.6295149162675,250.6062703090443,250.0312042236328,251.01058794348035,104972900
2019-05-30 00:00:00+00:00,249.61782434295864,250.78588930608086,250.71401977539062,251.6215336966896,62523800
2019-05-31 00:00:00+00:00,247.30866255936388,248.171261594784,247.3356170654297,248.99788472790675,86862800
2019-06-03 00:00:00+00:00,245.3768909783469,247.37160702364017,246.7067108154297,248.4857633553792,96428000
2019-06-04 00:00:00+00:00,248.54862697225056,248.99788702459594,252.0618438720703,252.19661640364242,77231900
2019-06-05 00:00:00+00:00,251.8731453413565,253.6791519839394,254.24522399902344,254.27217850352002,71169700
2019-06-06 00:00:00+00:00,253.89484665726926,254.54178226538465,255.89852905273438,256.5724191686605,69430400
2019-06-07 00:00:00+00:00,256.7431735770717,256.9138946222919,258.4593505859375,259.5375858798903,74272200
2019-06-10 00:00:00+00:00,259.5554672231737,260.0047272218072,259.64532470703125,261.3075921861058,60799100
2019-06-11 00:00:00+00:00,258.9354924680753,261.46033152755564,259.5824279785156,261.8287280257867,58641300
2019-06-12 00:00:00+00:00,258.6120435410981,259.3488365521413,259.12420654296875,259.9059145875843,47096300
2019-06-13 00:00:00+00:00,259.3308792682955,260.0317238829631,260.1934509277344,260.55288092143763,48945200
2019-06-14 00:00:00+00:00,259.1422885037509,259.9060363769531,259.9060363769531,260.5080297280565,52324700
2019-06-17 00:00:00+00:00,259.8339787319646,260.13947220822826,260.00469970703125,260.768447108016,39205700
2019-06-18 00:00:00+00:00,261.46031743785153,261.8197473625696,262.72723388671875,263.7785143172778,85434800
2019-06-19 00:00:00+00:00,261.8916384024987,262.8620279852303,263.3202819824219,263.85040551806713,78674400
2019-06-20 00:00:00+00:00,263.3831482581043,265.9978445130148,265.8360900878906,266.24043501972335,116570000
2019-06-21 00:00:00+00:00,265.2330222101439,265.5670871606895,265.44970703125,266.8220901549572,83309500
2019-06-24 00:00:00+00:00,264.9712523643733,265.6574579000981,265.124755859375,265.9734475035229,47582700
2019-06-25 00:00:00+00:00,262.41604112123906,265.1788831412484,262.5243835449219,265.2059687471691,82028700
2019-06-26 00:00:00+00:00,262.154230803802,263.4182718416797,262.2625732421875,263.92388825683076,51584900
2019-06-27 00:00:00+00:00,262.6417550625053,263.02095353294095,263.1925048828125,263.69812121274236,40355200
2019-06-28 00:00:00+00:00,263.65305277697564,264.1676793995476,264.5469055175781,265.04348425035056,59350900
2019-07-01 00:00:00+00:00,265.7476574629136,267.86945491993043,266.9485168457031,268.08616730223594,78705600
2019-07-02 00:00:00+00:00,266.0637102660974,266.9033916424673,267.6437683105469,267.69793952489164,61504500
2019-07-03 00:00:00+00:00,268.1764866215848,268.32095238664516,269.78363037109375,269.80170581299336,40898900
2019-07-05 00:00:00+00:00,267.26449836154364,268.55562454830994,269.4765625,269.6391036536074,51677300
2019-07-08 00:00:00+00:00,267.4541404873554,268.16743147205943,267.9958801269531,269.2960442403786,45841800
2019-07-09 00:00:00+00:00,266.7860214397084,266.84019265047795,268.3299560546875,268.6278977139199,41101300
2019-07-10 00:00:00+00:00,268.8627041508156,269.3954061841779,269.6120910644531,270.5601425237143,58448500
2019-07-11 00:00:00+00:00,269.2418542299152,270.2530867910683,270.2440490722656,270.48781949375126,50826100
2019-07-12 00:00:00+00:00,270.4246380127178,270.73161735765416,271.45391845703125,271.52616509938144,40326000
2019-07-15 00:00:00+00:00,271.0385732165695,271.8872920895059,271.544189453125,271.8872920895059,33900000
2019-07-16 00:00:00+00:00,270.3614776311971,271.45396719521267,270.66845703125,271.66164188673037,36650100
2019-07-17 00:00:00+00:00,268.8265380859375,270.64135633183906,268.8265380859375,270.80386996621183,36036300
2019-07-18 00:00:00+00:00,267.8875359461371,268.3299433311183,269.8106689453125,270.18989495674094,51392600
2019-07-19 00:00:00+00:00,268.1404298023657,270.90327251972724,268.3119812011719,270.93035813248446,58678600
2019-07-22 00:00:00+00:00,268.1944141697296,268.709040453563,268.97088623046875,269.5126256622002,43638100
2019-07-23 00:00:00+00:00,269.259935864137,270.090607031503,270.8941650390625,270.8941650390625,44564500
2019-07-24 00:00:00+00:00,270.04543875193104,270.13573328679485,272.167236328125,272.167236328125,47213200
2019-07-25 00:00:00+00:00,270.0634494826073,271.7157538258222,270.8670349121094,271.76992502848304,55394100
2019-07-26 00:00:00+00:00,271.42682375398465,271.5532415968484,272.6818542480469,272.88049117681857,45084100
2019-07-29 00:00:00+00:00,271.6345224202421,272.56449822490094,272.1852722167969,272.68187835964795,38126500
2019-07-30 00:00:00+00:00,270.40655558457587,270.7857815620586,271.5171203613281,271.92343194048675,45849000
2019-07-31 00:00:00+00:00,266.5332335970876,271.7609487131754,268.5466613769531,271.9505755193534,104245200
2019-08-01 00:00:00+00:00,265.41367341757837,268.7002079366244,266.2082214355469,271.652649838183,142646600
2019-08-02 00:00:00+00:00,262.650793388134,265.314330902532,264.2037658691406,265.5581013739478,116749700
2019-08-05 00:00:00+00:00,254.36219557639544,260.113601003053,256.2582702636719,260.2219434044942,178745400
2019-08-06 00:00:00+00:00,256.6736428346704,258.14535837183905,259.851806640625,260.0685190404571,120711700
2019-08-07 00:00:00+00:00,254.6511774136103,256.7819852077057,260.00531005859375,260.7727722927134,140572300
2019-08-08 00:00:00+00:00,260.94431762874206,261.4950674503696,265.10662841796875,265.10662841796875,87713900
2019-08-09 00:00:00+00:00,261.5221474446139,264.1676091836573,263.30084228515625,264.76352003700896,93730000
2019-08-12 00:00:00+00:00,259.1475602385619,261.80205988649254,260.0956115722656,263.2918233491414,65527600
2019-08-13 00:00:00+00:00,259.4546207414911,259.79772356643525,264.140625,265.5852554215385,94299800
2019-08-14 00:00:00+00:00,256.20411507951735,260.09556938065884,256.33050537109375,260.70049034452813,135622100
2019-08-15 00:00:00+00:00,254.96717731036955,257.215365095548,257.0076904296875,257.9015704661981,99556600
2019-08-16 00:00:00+00:00,257.0617663761982,258.6598990757149,260.79974365234375,261.2331131540334,83018300
2019-08-19 00:00:00+00:00,263.13830611256157,263.8154737214388,263.9418640136719,264.6190316225491,53571800
2019-08-20 00:00:00+00:00,261.79307378762985,263.43631331987183,261.9194641113281,263.96901533165703,51596400
2019-08-21 00:00:00+00:00,263.39114265467236,264.077348056287,264.0502624511719,264.4204232030708,49524700
2019-08-22 00:00:00+00:00,262.19924593376106,264.75444001961625,263.9689025878906,265.3864464762261,51666400
2019-08-23 00:00:00+00:00,255.94227013252467,262.6688127245855,257.1882629394531,264.3301272824833,149161500
2019-08-26 00:00:00+00:00,257.84740299073746,259.37328982123614,260.03240966796875,260.03240966796875,72423800
2019-08-27 00:00:00+00:00,258.253690992949,261.42284451272855,259.0121154785156,261.7930328129497,66668900
2019-08-28 00:00:00+00:00,257.5494042686789,258.3529896937288,260.8359375,260.9984511070822,59696700
2019-08-29 00:00:00+00:00,262.3888774311626,263.39109976527214,264.1675720214844,264.6912637071327,57899400
2019-08-30 00:00:00+00:00,263.12028660352104,265.64836826101157,264.0502624511719,265.66641614641384,62901200
2019-09-03 00:00:00+00:00,261.1790369315544,262.35281071811187,262.50628662109375,263.26471107882736,69101400
2019-09-04 00:00:00+00:00,263.9238602297381,264.6732746057014,265.4858703613281,265.5039182477998,46887300
2019-09-05 00:00:00+00:00,265.44966567154756,267.9687365404941,268.8987121582031,269.81061234095563,83258100
2019-09-06 00:00:00+00:00,268.53761711069353,269.21478476498777,269.1064147949219,269.7474866798832,49584300
2019-09-09 00:00:00+00:00,268.3028991645869,270.0906319733859,269.2419128417969,270.1808989649801,51260300
2019-09-10 00:00:00+00:00,267.2284341315708,268.48343727792104,269.1786804199219,269.24188935174453,57947100
2019-09-11 00:00:00+00:00,268.8355480133743,269.48563003768334,271.0927734375,271.17403024628595,68821100
2019-09-12 00:00:00+00:00,271.2372210938471,271.9956454793237,272.0317687988281,273.0881347966629,72908700
2019-09-13 00:00:00+00:00,271.48106896722373,272.4742538818412,271.85125732421875,272.8263943509441,62104800
2019-09-16 00:00:00+00:00,270.37055218501104,270.7226651270901,271.0115966796875,271.89643922675583,58191200
2019-09-17 00:00:00+00:00,270.6413905587591,270.81294193474486,271.6977844238281,271.78805141832373,41475500
2019-09-18 00:00:00+00:00,269.27788888143056,271.3093912614671,271.86016845703125,271.9685108419909,73375800
2019-09-19 00:00:00+00:00,271.5081286082832,272.2485052514616,271.8421936035156,273.24169007108816,76560500
2019-09-20 00:00:00+00:00,269.7686626835575,272.4444725268905,270.55780029296875,272.7256865360811,89565000
2019-09-23 00:00:00+00:00,269.64165479267564,269.89563042755236,270.4942932128906,271.21087820036234,43476800
2019-09-24 00:00:00+00:00,267.4102536031992,271.582733535712,268.3717346191406,271.9727625422939,94869400
2019-09-25 00:00:00+00:00,266.97496278950814,268.4534750471396,269.9591979980469,270.4036485486447,71854000
2019-09-26 00:00:00+00:00,267.99085778219984,269.9682417151954,269.39678955078125,270.1768477756016,56179700
2019-09-27 00:00:00+00:00,266.394430888546,270.1496445739282,267.94549560546875,270.258515016911,84746600
2019-09-30 00:00:00+00:00,268.41719257426433,268.4625344992536,269.18817138671875,269.8956770404428,51662400
2019-10-01 00:00:00+00:00,265.7685205613803,270.06797514180766,265.9862060546875,270.7210593029976,88242400
2019-10-02 00:00:00+00:00,259.99964920337914,264.4079467960568,261.28765869140625,264.4170262525811,122539500
2019-10-03 00:00:00+00:00,258.34871403256653,261.06081329580894,263.4282531738281,263.45546385374735,85278800
2019-10-04 00:00:00+00:00,264.02696908285304,264.081418140647,266.9930725097656,267.2470481606347,65091200
2019-10-07 00:00:00+00:00,265.5599391103268,266.1948921658021,265.84112548828125,267.818537273,59610500
2019-10-08 00:00:00+00:00,261.67766859806807,263.9906876592985,261.7139587402344,264.7254038708757,95708100
2019-10-09 00:00:00+00:00,263.10174525349936,263.72761868689645,264.19927978515625,265.13355020756165,62359400
2019-10-10 00:00:00+00:00,263.9544009671046,264.1176650870851,265.9862060546875,266.8660551651619,55296300
2019-10-11 00:00:00+00:00,268.61676988687105,268.7346644381994,268.7437438964844,270.97510381384257,98720400
2019-10-14 00:00:00+00:00,268.0996488139588,268.42617702704035,268.4443359375,269.09742004492904,40394800
2019-10-15 00:00:00+00:00,269.3695631563232,269.4874853651235,271.10205078125,271.8458464973218,46754500
2019-10-16 00:00:00+00:00,270.2312854776649,270.6394458056109,270.6666564941406,271.35603084525394,48928200
2019-10-17 00:00:00+00:00,270.77543903460804,271.82763155922663,271.4648132324219,272.3355827530061,45736600
2019-10-18 00:00:00+00:00,269.4239728965291,270.9296954952778,270.276611328125,271.5737002063706,64304000
2019-10-21 00:00:00+00:00,271.1563936773508,271.59179224199676,272.1087951660156,272.3083493813206,39048600
2019-10-22 00:00:00+00:00,271.1292286758053,272.6440029315517,271.2199401855469,272.9342686902184,48594700
2019-10-23 00:00:00+00:00,270.75731692201106,270.965950615548,272.0090637207031,272.0634850874928,34352200
2019-10-24 00:00:00+00:00,271.62809406743776,272.94334172458434,272.4535217285156,273.0884746005034,35453100
2019-10-25 00:00:00+00:00,271.8276167222357,271.88203808422276,273.5691833496094,274.11342465074256,45205400
2019-10-28 00:00:00+00:00,274.7574366745982,274.7846473563298,275.1111755371094,275.61007494387354,42147000
2019-10-29 00:00:00+00:00,274.71200364607114,274.8390052523329,275.02947998046875,275.95469830821366,44284900
2019-10-30 00:00:00+00:00,273.92302891820503,275.22919747728037,275.87322998046875,276.24510020516715,49643900
2019-10-31 00:00:00+00:00,273.6871238914147,275.86406156075225,275.1383972167969,275.86406156075225,69053800
2019-11-01 00:00:00+00:00,276.41747171038776,276.5807635577077,277.6873779296875,277.7327198598299,71141500
2019-11-04 00:00:00+00:00,278.43108065957426,279.23837720396307,278.802978515625,279.374430643672,60606900
2019-11-05 00:00:00+00:00,278.2043630646061,279.00258028848964,278.49462890625,279.30192558808307,42933200
2019-11-06 00:00:00+00:00,277.61466416358525,278.4945130993228,278.5580139160156,278.83012072860964,46487100
2019-11-07 00:00:00+00:00,279.06605853304166,279.89148638265715,279.5377197265625,280.8710989172841,54272300
2019-11-08 00:00:00+00:00,278.49453294996727,279.19295893958304,280.2270202636719,280.28144163006976,49032100
2019-11-11 00:00:00+00:00,278.7121936255367,278.84827471069235,279.69183349609375,279.86417703477946,35797300
2019-11-12 00:00:00+00:00,279.5104877305214,280.05472917772806,280.281494140625,281.17947453569053,46484600
2019-11-13 00:00:00+00:00,279.0659936684823,279.2927585959564,280.3721618652344,280.77127035209,53917700
2019-11-14 00:00:00+00:00,279.45603498872856,280.090987886083,280.78033447265625,280.8619942096514,51219900
2019-11-15 00:00:00+00:00,281.4243943784293,282.11374103249324,282.81219482421875,282.85753674364037,62023600
2019-11-18 00:00:00+00:00,282.1227413053871,282.5762710973889,283.0207214355469,283.25656578539156,49228000
2019-11-19 00:00:00+00:00,282.2951432620522,283.619442778009,282.93914794921875,283.62852223373176,67804700
2019-11-20 00:00:00+00:00,280.3359287395858,282.3496028123388,281.8869934082031,282.86663359563494,79406200
2019-11-21 00:00:00+00:00,280.63519090852355,281.99578034720054,281.4333801269531,282.1046230732926,54664700
2019-11-22 00:00:00+00:00,281.0524421975064,282.17718732194487,282.05926513671875,282.3132407351811,44850200
2019-11-25 00:00:00+00:00,282.984501675249,282.984501675249,284.24530029296875,284.24530029296875,48647200
2019-11-26 00:00:00+00:00,283.96409135032974,284.28156776356354,284.8892822265625,285.07070522877143,37569000
2019-11-27 00:00:00+00:00,285.1522987020101,285.36998413020297,286.1591491699219,286.1591491699219,44444600
2019-11-29 00:00:00+00:00,284.87113549084046,285.5967720976461,285.097900390625,285.84169590542126,36592700
2019-12-02 00:00:00+00:00,282.24976727728045,285.3518958206147,282.67608642578125,285.4153966404745,75767800
2019-12-03 00:00:00+00:00,278.5852653796921,279.9639862341054,280.78033447265625,280.8619942096514,73941700
2019-12-04 00:00:00+00:00,281.4788140847929,281.82350125041523,282.5128479003906,283.11151071206064,49080000
2019-12-05 00:00:00+00:00,281.71455342008073,283.21122387869605,283.0207214355469,283.2293551051219,40709000
2019-12-06 00:00:00+00:00,284.9165217354681,284.9256011908763,285.60589599609375,286.00500449632267,48927000
2019-12-09 00:00:00+00:00,284.63539699848997,285.21592864485524,284.7079772949219,285.88714413985167,34838500
2019-12-10 00:00:00+00:00,283.73741866322825,284.6535580640139,284.3905029296875,285.31569410664116,52649800
2019-12-11 00:00:00+00:00,284.30882533883084,284.84398729797243,285.19775390625,285.4517295424743,53429100
2019-12-12 00:00:00+00:00,284.97099448527933,285.2068112141044,287.6558837890625,288.4359419435748,96389600
2019-12-13 00:00:00+00:00,286.64908301294815,287.4200895270887,287.8282775878906,289.05281408902283,81503900
2019-12-16 00:00:00+00:00,287.76468819631657,289.55159690245364,289.8055725097656,290.3951557751756,82749700
2019-12-17 00:00:00+00:00,289.78741702831144,290.1865254751517,289.8690490722656,290.4858429696505,61097700
2019-12-18 00:00:00+00:00,289.8327856635954,290.2591048310666,289.88720703125,290.4858697567159,48133000
2019-12-19 00:00:00+00:00,289.8236319202332,290.0776074646101,291.07537841796875,291.14795867708114,85310500
2019-12-20 00:00:00+00:00,291.13009972222136,292.10540402145136,292.3515319824219,293.48180676883163,147142100
2019-12-23 00:00:00+00:00,292.6524323585263,293.13553655427705,292.79827880859375,293.1902254958816,52990000
2019-12-24 00:00:00+00:00,292.50661705381003,293.02618987174196,292.80743408203125,293.071754722142,20270000
2019-12-26 00:00:00+00:00,293.1810639379538,293.1901602146185,294.36602783203125,294.37515192605576,30911200
2019-12-27 00:00:00+00:00,293.7644828220485,295.0952934102021,294.29315185546875,295.1499823509916,42528800
2019-12-30 00:00:00+00:00,292.18751963133974,294.37518834855865,292.6706237792969,294.511910689044,49729100
2019-12-31 00:00:00+00:00,291.82299263179215,292.1693745285005,293.3816833496094,293.62781144325504,57077300
2020-01-02 00:00:00+00:00,293.9923228046252,294.91296621198353,296.1252746582031,296.1435228475682,59151200
2020-01-03 00:00:00+00:00,292.68890732538284,292.74359626818324,293.88299560546875,295.0041745676097,77709700
2020-01-06 00:00:00+00:00,292.01434006994486,292.1328420420894,295.004150390625,295.0861837981025,55653900
2020-01-07 00:00:00+00:00,293.72792775638845,294.43891159464124,294.1745910644531,294.9129193650481,40496400
2020-01-08 00:00:00+00:00,294.1199284891358,294.3660286722624,295.742431640625,296.9547400028766,68296000
2020-01-09 00:00:00+00:00,296.7177813744384,297.3011671355,297.747802734375,297.8207398631898,48473300
2020-01-10 00:00:00+00:00,296.42610473911026,298.33117684890317,296.8909606933594,298.4861195611985,53029300
2020-01-13 00:00:00+00:00,297.0824170116794,297.5108322451486,298.93280029296875,298.9418965712198,47086800
2020-01-14 00:00:00+00:00,297.9209789989077,298.49524063629786,298.4770202636719,299.54348231822837,62832800
2020-01-15 00:00:00+00:00,298.3038135068561,298.38584690535674,299.1515197753906,299.9080685509151,72056600
2020-01-16 00:00:00+00:00,300.30008000636747,300.52795985830204,301.6400146484375,301.6400146484375,54050300
2020-01-17 00:00:00+00:00,301.57621099627295,302.3510080804288,302.5788879394531,302.7885196066415,95846000
2020-01-21 00:00:00+00:00,301.5488471444855,301.62175645504635,301.9863586425781,302.7885001455664,77742400
2020-01-22 00:00:00+00:00,301.86797593778044,302.8432808259793,302.0229187011719,303.4904798085764,48914900
2020-01-23 00:00:00+00:00,300.2635638696882,301.37561848363805,302.3691711425781,302.77936593801815,51963000
2020-01-24 00:00:00+00:00,298.39496067890184,303.0254945486543,299.6802062988281,303.1075279519649,87578400
2020-01-27 00:00:00+00:00,294.1108529210448,294.44811064824233,294.87652587890625,296.35318285602233,84062500
2020-01-28 00:00:00+00:00,294.96761628432836,296.29842651664376,297.9665222167969,298.84157285281924,63834000
2020-01-29 00:00:00+00:00,297.5198931086739,299.32471133178075,297.7204284667969,299.55259115613137,53888900
2020-01-30 00:00:00+00:00,294.9130001022843,295.66042488337473,298.6866760253906,298.89633550564963,75491800
2020-01-31 00:00:00+00:00,292.35163365596884,298.06685040639036,293.2631530761719,298.2218209474655,113845600
2020-02-03 00:00:00+00:00,294.6212885304359,294.73979049796515,295.441650390625,297.30115767312014,69083000
2020-02-04 00:00:00+00:00,298.72317777873883,299.0422151737549,299.9446105957031,300.8105652654087,62573200
2020-02-05 00:00:00+00:00,301.4121536768775,302.8705625667215,303.4083557128906,303.6180152040548,65951100
2020-02-06 00:00:00+00:00,303.3535853975724,304.365386197161,304.42919921875,304.6206104661579,50359700
2020-02-07 00:00:00+00:00,302.2597845544811,303.37183913632214,302.80670166015625,304.4383010658972,64139400
2020-02-10 00:00:00+00:00,301.886097610239,301.92256617332515,305.0672912597656,305.1311042908256,42070000
2020-02-11 00:00:00+00:00,305.06725053223005,306.41630901268127,305.595947265625,307.20020220152,54864500
2020-02-12 00:00:00+00:00,306.6624268441835,307.02702899526753,307.5648498535156,307.77448148627434,43992700
2020-02-13 00:00:00+00:00,305.86947614367216,306.1429208622096,307.23675537109375,308.202963799749,54501900
2020-02-14 00:00:00+00:00,306.4527909338537,307.64687895696886,307.7289123535156,307.84741430987003,64582200
2020-02-18 00:00:00+00:00,305.5503251457351,306.7353167259644,306.93585205078125,307.79268227342084,57226200
2020-02-19 00:00:00+00:00,307.61961000252654,307.9021788213364,308.40350341796875,309.07801894449966,48814700
2020-02-20 00:00:00+00:00,304.1556976879884,307.85646314336725,307.1363830566406,308.6768526171269,74163400
2020-02-21 00:00:00+00:00,303.153060127596,305.7873641141862,303.97344970703125,306.0972773213097,113788200
2020-02-24 00:00:00+00:00,292.8164454315438,294.5483543223174,293.8920593261719,304.0463696689848,161088400
2020-02-25 00:00:00+00:00,284.11149089171784,295.2776038121276,284.9865417480469,295.8883062471929,218913200
2020-02-26 00:00:00+00:00,283.2090281846531,286.3810972156628,283.938232421875,289.9633610159589,194773800
2020-02-27 00:00:00+00:00,271.1861877441406,278.4327514100049,271.1861877441406,283.9930261776727,284353500
2020-02-28 00:00:00+00:00,260.27523419743306,263.155638584235,270.0467224121094,271.5325033532073,384975800
2020-03-02 00:00:00+00:00,268.40589618419204,271.82409267912834,281.7414245605469,281.805237571284,238703600
2020-03-03 00:00:00+00:00,271.2407589694564,282.11517570579525,273.67449951171875,286.07116546161603,300139100
2020-03-04 00:00:00+00:00,276.4911099959197,279.03425638312916,285.1778869628906,285.3966704893052,176613400
2020-03-05 00:00:00+00:00,273.4649750598973,277.99522810355086,275.69818115234375,281.17642226819964,186366800
2020-03-06 00:00:00+00:00,264.55035578952464,267.2119775672172,271.140625,272.34383760396224,228667200
2020-03-09 00:00:00+00:00,249.25498888727407,250.94127750870393,249.96597290039062,259.04469825650165,309417300
2020-03-10 00:00:00+00:00,249.3005113667445,259.4548490211814,262.900390625,262.9915202948296,276444100
2020-03-11 00:00:00+00:00,246.9123423892593,255.8634682272535,250.08441162109375,256.9937432117131,255316300
2020-03-12 00:00:00+00:00,225.76511340861424,233.3489613279396,226.15707397460938,243.06576125881952,392220700
2020-03-13 00:00:00+00:00,226.53082479595767,239.8116563713259,245.4904327392578,247.45931815181189,329566100
2020-03-16 00:00:00+00:00,216.35824141554718,219.84023822786799,218.6279296875,234.16932404862888,297240000
2020-03-17 00:00:00+00:00,216.0939169725968,223.35871400097514,230.43211364746094,233.5039435706242,262070500
2020-03-18 00:00:00+00:00,207.84466479454713,215.34646582603455,218.76466369628906,226.39407689191867,327597100
2020-03-19 00:00:00+00:00,211.67304784141282,218.0810284637233,219.2295379638672,225.4916860447425,289322000
2020-03-20 00:00:00+00:00,209.50693107809147,222.37074721498362,209.78199768066406,224.14949538908877,347158800
2020-03-23 00:00:00+00:00,200.11807712080454,209.22269612416616,204.41824340820312,210.58883736917826,326025200
2020-03-24 00:00:00+00:00,214.3663807599711,214.93484144271505,222.93919372558594,223.81024024329707,235494500
2020-03-25 00:00:00+00:00,219.82181757105965,224.5162352253458,226.27664184570312,235.04201992086357,299430300
2020-03-26 00:00:00+00:00,228.34884302210628,228.77977750775747,239.4889373779297,240.95592219798814,257632800
2020-03-27 00:00:00+00:00,230.18256074726233,232.21803399813555,232.35556030273438,239.13129805518238,224341200
2020-03-30 00:00:00+00:00,232.45641822635318,234.44604471765408,239.90147399902344,240.61663876583322,171369500
2020-03-31 00:00:00+00:00,234.9227984498402,238.90205096760556,236.32562255859375,241.4417963725967,194881100
2020-04-01 00:00:00+00:00,223.62687128450554,227.36774076850008,225.68984985351562,236.24314028710725,189554600
2020-04-02 00:00:00+00:00,224.25950903784965,224.80964222485147,230.89772033691406,231.67705936295383,177660400
2020-04-03 00:00:00+00:00,224.83712454211462,229.91662928983567,227.5602569580078,232.26385185645358,135561200
2020-04-06 00:00:00+00:00,227.5418885393185,236.4081079122004,242.84458923339844,244.80672397248875,188061200
2020-04-07 00:00:00+00:00,242.87222776811677,251.41752356864058,243.09226989746094,252.16937148515606,201427200
2020-04-08 00:00:00+00:00,243.2023158663454,245.6870517677705,251.2525177001953,253.05877164603706,153774500
2020-04-09 00:00:00+00:00,252.57271536480266,254.50731705377976,255.0758056640625,257.82644327518784,189999200
2020-04-13 00:00:00+00:00,248.8502112627236,254.10393966346695,252.7469482421875,254.443180523553,114839100
2020-04-14 00:00:00+00:00,252.60941275513804,257.6247434043118,260.201171875,261.2188944182337,134143400
2020-04-15 00:00:00+00:00,252.56364549374663,254.49827598997504,254.6724853515625,260.33879453524844,121775000
2020-04-16 00:00:00+00:00,252.83867290726175,255.94687953066466,255.9010467529297,256.75373788155946,131798300
2020-04-17 00:00:00+00:00,258.9267733430212,261.6590844120488,262.8143615722656,263.4194774380583,146684800
2020-04-20 00:00:00+00:00,257.9639789331066,259.1192277447229,258.18402099609375,262.95180422099605,100109300
2020-04-21 00:00:00+00:00,249.40949178866583,253.72801334575112,250.3447265625,254.92912296463592,126385700
2020-04-22 00:00:00+00:00,253.89307862361522,255.21338720127235,255.9010467529297,257.64311202094046,92951600
2020-04-23 00:00:00+00:00,255.5801020580558,257.1754630685727,255.88265991210938,260.3387078110824,104709700
2020-04-24 00:00:00+00:00,255.3509492350438,257.39560066112443,259.44940185546875,260.11873398584896,85063200
2020-04-27 00:00:00+00:00,260.96214535761493,261.4205849434391,263.1901550292969,264.30874873794517,77896600
2020-04-28 00:00:00+00:00,261.67736409264813,266.8302216256885,261.9799499511719,267.1786402598977,105270000
2020-04-29 00:00:00+00:00,266.2709447231819,267.29784515422165,268.83819580078125,270.36939668055743,118745600
2020-04-30 00:00:00+00:00,264.6021678699744,267.4628265283742,266.3350830078125,268.9390166066362,122901700
2020-05-01 00:00:00+00:00,258.11990791498647,261.594889070107,259.28436279296875,266.50020001311435,125180000
2020-05-04 00:00:00+00:00,255.92847461294295,257.4046365732007,259.9994201660156,260.3019779656264,80873200
2020-05-05 00:00:00+00:00,260.1278622774751,262.81434034545913,262.4017333984375,265.20738229155137,79569900
2020-05-06 00:00:00+00:00,260.1920513755059,264.09796681903833,260.62298583984375,264.48304052192884,73632600
2020-05-07 00:00:00+00:00,263.2635498583758,263.8320105300923,263.767822265625,265.6932743331002,75250400
2020-05-08 00:00:00+00:00,265.7666074831052,266.89437904014466,268.1321716308594,268.5997890049133,76452400
2020-05-11 00:00:00+00:00,265.7849755389823,266.2067321816507,268.18719482421875,269.56251377203523,79514200
2020-05-12 00:00:00+00:00,262.7042730991444,269.37000418111256,262.8418273925781,269.7825831185984,95870800
2020-05-13 00:00:00+00:00,255.77269255804435,262.2825424788248,258.1932678222656,263.3186207708161,144721100
2020-05-14 00:00:00+00:00,250.29885756390482,255.76347804149395,261.2830810546875,261.41142959963264,121977900
2020-05-15 00:00:00+00:00,257.95480613821377,258.89919065123917,262.48419189453125,262.53002466488874,111146300
2020-05-18 00:00:00+00:00,268.3705893815132,268.6914747602291,270.4794006347656,272.08393945209053,119703800
2020-05-19 00:00:00+00:00,267.68296642946405,269.8834715117107,267.7012939453125,271.58885385664627,95189300
2020-05-20 00:00:00+00:00,271.00195923614234,271.2311790085488,272.2489013671875,273.11076994991015,85861700
2020-05-21 00:00:00+00:00,269.278326504917,272.1206583812847,270.3694152832031,272.92751677002803,78293900
2020-05-22 00:00:00+00:00,268.8473696991475,270.08516244349306,270.8828430175781,271.0570523361643,63958200
2020-05-26 00:00:00+00:00,270.90120710948116,276.83341854716673,274.2203063964844,277.0718161691973,88951400
2020-05-27 00:00:00+00:00,272.1939349208289,277.0075509205538,278.30035400390625,278.3370370080894,104817400
2020-05-28 00:00:00+00:00,277.11765518674065,279.3273381718324,277.7869873046875,281.3353065447308,90405200
2020-05-29 00:00:00+00:00,274.5778489741923,277.3193091660714,279.02471923828125,279.61150744849493,119090800
2020-06-01 00:00:00+00:00,277.86953606765337,278.38298641761384,280.1525573730469,280.75770128141716,55758300
2020-06-02 00:00:00+00:00,279.739885508997,281.06934373149255,282.47216796875,282.51802872321025,74267200
2020-06-03 00:00:00+00:00,284.17761381806736,284.4526664557033,286.2314147949219,287.1849772402928,92567600
2020-06-04 00:00:00+00:00,283.38906933428206,285.2503333753304,285.47955322265625,286.9832488519643,75794400
2020-06-05 00:00:00+00:00,290.79738334131844,290.861571594763,292.7961730957031,294.56574307144007,150524700
2020-06-08 00:00:00+00:00,293.0621526886974,293.60310815038525,296.3354187011719,296.52795553104175,73641200
2020-06-09 00:00:00+00:00,292.8145433136846,293.6764120455833,294.1257019042969,296.408722278723,77479200
2020-06-10 00:00:00+00:00,291.76933233464445,294.7033572907335,292.4844970703125,295.59273133209695,95000800
2020-06-11 00:00:00+00:00,275.0730331017828,285.5712867925123,275.6231384277344,286.2039358982989,209243600
2020-06-12 00:00:00+00:00,273.7802388403364,282.61894313978905,278.9239196777344,283.38911860299044,194678900
2020-06-15 00:00:00+00:00,272.07474788246594,273.24835223856235,281.52777099609375,282.6555425806839,135782700
2020-06-16 00:00:00+00:00,282.0962619316776,289.25708690915724,286.946533203125,289.4037909524716,137627500
2020-06-17 00:00:00+00:00,285.02111835943526,287.9643213952654,285.754638671875,288.25772952024136,83398900
2020-06-18 00:00:00+00:00,283.7833786982742,284.2418184413267,285.86468505859375,286.34145231822947,80828700
2020-06-19 00:00:00+00:00,282.2878438676283,289.32364222607004,284.2309875488281,289.5170263493881,135549600
2020-06-22 00:00:00+00:00,282.4903582303145,283.6322825514577,286.0542907714844,286.4502770307113,74649400
2020-06-23 00:00:00+00:00,286.9660723422408,288.6973956071107,287.37127685546875,289.627527981212,68471200
2020-06-24 00:00:00+00:00,278.2081310603143,285.3359965817493,280.0407409667969,285.95302134093265,132813500
2020-06-25 00:00:00+00:00,277.45301313177083,279.46981736237365,283.04296875,283.3100417218154,89468000
2020-06-26 00:00:00+00:00,275.7400992165521,281.9470509652658,276.32025146484375,282.1588713157659,127961000
2020-06-29 00:00:00+00:00,275.2888164097337,277.572693256611,280.3814697265625,280.51960120631884,79773300
2020-06-30 00:00:00+00:00,279.7921232790596,279.9486629348006,283.9730529785156,285.667559621828,113394800
2020-07-01 00:00:00+00:00,284.62691073499315,285.08736775765794,285.96221923828125,287.2238950877985,72396500
2020-07-02 00:00:00+00:00,286.8739889973159,289.38806675534465,287.53704833984375,290.7326217108491,69344200
2020-07-06 00:00:00+00:00,290.6036465664798,291.3495847273951,291.9757995605469,292.5559799310515,61713800
2020-07-07 00:00:00+00:00,288.58683836174674,290.43788464051073,288.96441650390625,292.4086261412663,82910000
2020-07-08 00:00:00+00:00,287.96991877388723,289.72884039147516,291.1746826171875,291.28518783880827,54638600
2020-07-09 00:00:00+00:00,286.109604655345,291.7824392568342,289.5169982910156,292.0218859318801,83354200
2020-07-10 00:00:00+00:00,288.02502098883406,289.4524261962223,292.4730224609375,292.7400953431153,57550400
2020-07-13 00:00:00+00:00,289.2867716039281,294.8122566026346,289.94061279296875,297.18820278628755,102997500
2020-07-14 00:00:00+00:00,287.3252587874631,288.5224361241147,293.697998046875,294.4715626788139,93657000
2020-07-15 00:00:00+00:00,294.0202961383002,296.91198050758385,296.3962707519531,297.4921610086868,87196500
2020-07-16 00:00:00+00:00,293.8544483675677,294.4990994168282,295.4200134277344,295.87125229977755,54622500
2020-07-17 00:00:00+00:00,294.4531601877359,296.4239304864982,296.2765808105469,297.0593636685046,62774900
2020-07-20 00:00:00+00:00,295.26350467471246,296.0094429242622,298.6708984375,299.4168366870497,56308800
2020-07-21 00:00:00+00:00,298.320980919731,300.6324848085871,299.3063659667969,301.0745056864678,57292200
2020-07-22 00:00:00+00:00,298.83657479523924,298.947079971857,301.0099182128906,301.3230536853919,57792900
2020-07-23 00:00:00+00:00,296.05549155599056,300.65084417889534,297.4184265136719,301.3507479273714,75738000
2020-07-24 00:00:00+00:00,294.0018655257891,295.56743094562876,295.5029602050781,296.5251615020732,73766600
2020-07-27 00:00:00+00:00,295.4016165623497,296.19361733148213,297.6578674316406,297.83284336537673,48293000
2020-07-28 00:00:00+00:00,295.47532024869815,296.9303522871835,295.77001953125,298.04467867981947,57495000
2020-07-29 00:00:00+00:00,296.60800599281623,296.64485042658015,299.4075927734375,299.9693649980808,48454200
2020-07-30 00:00:00+00:00,294.3609672745089,296.4422138237154,298.33929443359375,298.7537169791964,61861700
2020-07-31 00:00:00+00:00,295.9173223565921,300.12590663768805,300.6968688964844,300.7981840639859,84986800
2020-08-03 00:00:00+00:00,301.8111868221174,302.3545227663099,302.787353515625,303.5516998495723,53077900
2020-08-04 00:00:00+00:00,301.93091720834786,301.93091720834786,303.9569396972656,303.9569396972656,41917900
2020-08-05 00:00:00+00:00,304.98837460760626,305.2554476092795,305.8448181152344,306.10270108517585,42697700
2020-08-06 00:00:00+00:00,304.9422824929676,305.2646080403921,307.8891906738281,308.00891400036295,43679400
2020-08-07 00:00:00+00:00,306.01979717179796,306.9223032635199,308.11029052734375,308.39577169944573,57308300
2020-08-10 00:00:00+00:00,306.62755797641967,308.56148325207386,309.0311584472656,309.21532440909493,44282100
2020-08-11 00:00:00+00:00,305.7527226498275,310.2099438612299,306.480224609375,310.84537688701096,69601100
2020-08-12 00:00:00+00:00,308.8837501585283,308.91137645275995,310.7532043457031,311.5267686882517,53774400
2020-08-13 00:00:00+00:00,309.2706140885454,309.98892606516085,310.1915283203125,311.49923889521347,41816100
2020-08-14 00:00:00+00:00,309.0772585556513,309.80478873517694,310.2007751464844,310.7349211885929,47260400
2020-08-17 00:00:00+00:00,310.2099903082899,311.2137835316429,311.1861572265625,311.58214363407274,35481000
2020-08-18 00:00:00+00:00,309.9887942914925,311.5819853526632,311.8582763671875,312.28188886458605,38733900
2020-08-19 00:00:00+00:00,309.9981032669653,312.23591780968894,310.55987548828125,312.7516274630557,68054200
2020-08-20 00:00:00+00:00,308.7087997728297,308.8377131218765,311.52679443359375,312.0056596078708,42207800
2020-08-21 00:00:00+00:00,310.85460261366353,311.1953645031958,312.6319885253906,312.8529989583211,55106600
2020-08-24 00:00:00+00:00,312.6042927708127,315.06311760311377,315.79986572265625,315.87352648257695,48588700
2020-08-25 00:00:00+00:00,315.2012714878101,316.36163229349035,316.90496826171875,316.9878471615432,38463400
2020-08-26 00:00:00+00:00,316.95108089894495,317.49441695300277,320.0821838378906,320.3492287448196,50790200
2020-08-27 00:00:00+00:00,319.1244090738759,320.94782937860447,320.78204345703125,322.22788555251475,58034100
2020-08-28 00:00:00+00:00,320.6161897272106,321.8041766053933,322.85400390625,322.98294535067055,48588900
2020-08-31 00:00:00+00:00,321.4543112428884,322.6422984405211,321.6845397949219,323.5171500758055,66099200
2020-09-01 00:00:00+00:00,321.62009934150035,322.51338733167165,324.7143859863281,324.8156730688066,54908700
2020-09-02 00:00:00+00:00,325.4786892390397,326.6206419236981,329.4110107421875,330.37795938167653,69540000
2020-09-03 00:00:00+00:00,315.495917398797,327.7256539431089,318.0744934082031,328.19532906675,148011100
2020-09-04 00:00:00+00:00,308.3865193279406,318.7560217314167,315.4775695800781,320.32155893623025,139156300
2020-09-08 00:00:00+00:00,306.5538683027617,310.0809566891278,306.8577575683594,315.5419982728342,114465300
2020-09-09 00:00:00+00:00,309.98892137932586,310.8545829924272,312.9174499511719,315.37627517454166,91462300
2020-09-10 00:00:00+00:00,306.5263111431715,314.7869130200324,307.48406982421875,315.44075426286713,90569500
2020-09-11 00:00:00+00:00,304.8225992871863,309.26141246287096,307.6405944824219,310.32045816888535,84680200
2020-09-14 00:00:00+00:00,307.78786914857267,310.7992477225099,311.6925354003906,313.460702594157,65605700
2020-09-15 00:00:00+00:00,311.70182964170226,314.14224664496544,313.26739501953125,314.97106380213984,52920900
2020-09-16 00:00:00+00:00,311.74784829653964,314.5014007189514,312.0241394042969,315.92880641145365,82096000
2020-09-17 00:00:00+00:00,306.65514411572747,307.18007184112935,309.2797546386719,310.99266929417666,91523300
2020-09-18 00:00:00+00:00,303.24119391420174,310.08323122180803,305.7191162109375,310.1941787550104,105877900
2020-09-21 00:00:00+00:00,297.4717524188794,301.142417821237,302.316650390625,302.4645898682485,99450800
2020-09-22 00:00:00+00:00,301.2902194706577,303.7959064270694,305.39544677734375,305.9502125624613,63612100
2020-09-23 00:00:00+00:00,297.81372679566994,305.95019717977226,298.3130187988281,306.2275941666639,93112200
2020-09-24 00:00:00+00:00,295.6873034004473,297.00024885781556,299.10833740234375,302.1595085374378,76681300
2020-09-25 00:00:00+00:00,297.3885547651494,298.257653382287,303.9439697265625,304.729857674503,71069400
2020-09-28 00:00:00+00:00,307.1060252515909,308.0953544774506,308.9922180175781,309.70415018624124,64584600
2020-09-29 00:00:00+00:00,306.61608924814516,308.78890660469386,307.3095397949219,309.5285759012924,51304000
2020-09-30 00:00:00+00:00,307.781039690102,307.97519790754353,309.6394958496094,312.78313211808506,104081100
2020-10-01 00:00:00+00:00,309.7504423645945,312.22836509125534,311.62738037109375,313.1991843917802,88698700
2020-10-02 00:00:00+00:00,306.2184846303253,306.6900399805022,308.6686706542969,311.5996670640401,89431100
2020-10-05 00:00:00+00:00,310.675051276602,310.7212700191764,314.1423034667969,314.3272066536649,45713100
2020-10-06 00:00:00+00:00,309.1679640929143,314.28100446334764,309.6764831542969,316.3706109226611,90128900
2020-10-07 00:00:00+00:00,312.5982591880481,312.625996081442,315.06695556640625,315.87135369140464,56999600
2020-10-08 00:00:00+00:00,316.083915987055,316.99928967685366,317.8591613769531,317.9238901844621,45242500
2020-10-09 00:00:00+00:00,318.88545342511554,319.5049199072346,320.6976623535156,321.15996256500506,59528600
2020-10-12 00:00:00+00:00,322.7410950073578,323.23113221465513,325.85699462890625,327.32710625079835,80388500
2020-10-13 00:00:00+00:00,322.7687847777624,325.718262626604,323.7303771972656,325.8939389787219,73255500
2020-10-14 00:00:00+00:00,320.96578353895984,324.3035773052644,321.6961975097656,325.39459896157194,57727900
2020-10-15 00:00:00+00:00,317.2581457104829,317.7944015372411,321.29864501953125,321.77942707857534,60357700
2020-10-16 00:00:00+00:00,320.9288768497177,322.6486204375523,321.10455322265625,324.30366342738694,89501900
2020-10-19 00:00:00+00:00,315.3257621196153,322.36195837394564,316.2226257324219,322.99067994136914,68425600
2020-10-20 00:00:00+00:00,316.80509306669023,317.5632439464316,317.4892883300781,320.72538971441617,60051900
2020-10-21 00:00:00+00:00,316.583263194965,317.44313504454004,316.8883972167969,319.60672543903087,63575000
2020-10-22 00:00:00+00:00,314.9651162463488,317.1009408833877,318.62652587890625,319.2090286374741,55399300
2020-10-23 00:00:00+00:00,317.25815794875194,319.8470279304944,319.7083435058594,319.9025017003484,49143900
2020-10-26 00:00:00+00:00,310.31443920384794,316.33359795190205,313.8002014160156,317.1195140807674,91473000
2020-10-27 00:00:00+00:00,312.5057460118679,314.14230712329396,312.7184143066406,314.475149793473,65994100
2020-10-28 00:00:00+00:00,301.5399616493468,307.059827691063,302.0299987792969,312.7461150486337,127094300
2020-10-29 00:00:00+00:00,300.57839067530114,302.26117045534187,305.0997009277344,308.2618190207296,90597700
2020-10-30 00:00:00+00:00,298.27607870942455,303.52780192819796,301.91900634765625,304.8314918083679,120287300
2020-11-02 00:00:00+00:00,302.566292996373,305.3031311035156,305.3031311035156,307.3002435800331,86068300
2020-11-03 00:00:00+00:00,305.3863439975958,308.5299804346644,310.69354248046875,312.7461569674992,93294200
2020-11-04 00:00:00+00:00,313.98520542098856,315.1594383655403,317.63739013671875,321.70562831315823,126959700
2020-11-05 00:00:00+00:00,322.55610859572175,322.9074612913422,323.8320617675781,325.63504398286517,82039700
2020-11-06 00:00:00+00:00,321.43733106964845,323.5454189031764,323.7580871582031,325.00630337123437,74973000
2020-11-09 00:00:00+00:00,327.36405472488747,336.52684917649657,327.82635498046875,336.9059387720614,172304200
2020-11-10 00:00:00+00:00,324.0817422973662,326.83703383089585,327.3455810546875,328.39961099114294,85552000
2020-11-11 00:00:00+00:00,328.2886611922482,329.5276225136965,329.77728271484375,330.60016251209254,58649000
2020-11-12 00:00:00+00:00,324.7751710085161,328.76942360523407,326.578125,329.82348168786507,67546200
2020-11-13 00:00:00+00:00,327.96504743366876,328.48282147525566,331.0994567871094,331.8391259274995,62892200
2020-11-16 00:00:00+00:00,332.4771323966517,333.76234079790987,335.2324523925781,335.4266106214588,74541100
2020-11-17 00:00:00+00:00,331.32132492500256,332.82842818706325,333.4294128417969,334.6314103678308,66111000
2020-11-18 00:00:00+00:00,329.3797256027603,333.6976230414402,329.4167175292969,334.24313403742127,70591300
2020-11-19 00:00:00+00:00,327.44728430310664,328.7879664083773,330.8035888671875,331.173423449706,59940900
2020-11-20 00:00:00+00:00,328.46440495358206,330.5447565683479,328.5383605957031,330.7481698548991,70417300
2020-11-23 00:00:00+00:00,328.1129784945893,330.34126910985094,330.5076904296875,331.7651617960009,63230600
2020-11-24 00:00:00+00:00,332.19976142931375,333.05037819016013,335.83343505859375,336.3789460330993,62415900
2020-11-25 00:00:00+00:00,334.2246518372895,335.7502372606201,335.315673828125,335.7779741513508,45330900
2020-11-27 00:00:00+00:00,335.24167223686067,336.4066780190502,336.24951171875,336.7210388362217,28514100
2020-11-30 00:00:00+00:00,332.088874231672,335.4728882524585,334.7609558105469,335.7410303790285,83872700
2020-12-01 00:00:00+00:00,337.41449097572354,338.00624890506265,338.42230224609375,339.95714263167446,74231400
2020-12-02 00:00:00+00:00,336.7395650672134,337.31281295054083,339.13427734375,339.2914436515928,45927000
2020-12-03 00:00:00+00:00,337.94144081350913,339.0324624961436,339.0417175292969,340.42861810719086,62882000
2020-12-04 00:00:00+00:00,339.53173654287355,339.62420221979386,341.96343994140625,341.96343994140625,50749900
2020-12-07 00:00:00+00:00,339.9941354266788,341.1961049259402,341.2608337402344,341.75087093197277,48944300
2020-12-08 00:00:00+00:00,339.9478980295718,339.99411677063375,342.2593994140625,342.8233922079248,42458900
2020-12-09 00:00:00+00:00,338.3575929060704,342.9158669849853,339.1897277832031,343.0730332820125,74098300
2020-12-10 00:00:00+00:00,336.952167699225,337.82129446332254,339.0787658691406,340.1235407764272,57735400
2020-12-11 00:00:00+00:00,335.8703266070758,337.38665648334694,338.68109130859375,339.08791771318033,57698600
2020-12-14 00:00:00+00:00,336.98917958686485,340.84477647871296,337.16485595703125,341.9172883370529,69216200
2020-12-15 00:00:00+00:00,338.32981558066564,339.6982062143582,341.72308349609375,341.72308349609375,63865300
2020-12-16 00:00:00+00:00,341.05740176418556,341.93578357691985,342.2593994140625,343.17474493301853,58420500
2020-12-17 00:00:00+00:00,343.07303238358134,343.8959404400441,344.1733093261719,344.3767225815223,64119500
2020-12-18 00:00:00+00:00,340.79344881476123,344.4612007715748,342.7991027832031,344.6283315180656,136542300
2020-12-21 00:00:00+00:00,336.15997816972384,338.8898932592316,341.5733642578125,351.4159127548199,96386700
2020-12-22 00:00:00+00:00,339.87409218928934,341.8983061447887,340.99761962890625,342.00972660665593,47949000
2020-12-23 00:00:00+00:00,340.9790818882792,341.96333381663726,341.3040771484375,343.2075762857532,46201400
2020-12-24 00:00:00+00:00,341.19269902115246,341.7776565578183,342.6319274902344,342.659782611028,26457900
2020-12-28 00:00:00+00:00,344.5540073036612,345.17611443159626,345.5754089355469,345.96538061700096,39000400
2020-12-29 00:00:00+00:00,344.3311518128284,347.09821664709926,344.9161376953125,347.27464186044676,53680500
2020-12-30 00:00:00+00:00,345.0183229457008,345.7332900123292,345.4082946777344,346.4389909289521,49455300
2020-12-31 00:00:00+00:00,344.7025779385661,345.2132645868987,347.1632080078125,347.8874694685123,78520700
2021-01-04 00:00:00+00:00,338.75066866047587,348.49106429337866,342.4369812011719,348.62107376333165,110210800
2021-01-05 00:00:00+00:00,341.74976397277425,341.79620806023695,344.7953796386719,345.88178590422,66426200
2021-01-06 00:00:00+00:00,342.743347597711,343.29118386394964,346.8567810058594,350.04170094295614,107997700
2021-01-07 00:00:00+00:00,349.04814233936133,349.22456754371,352.01019287109375,352.7530149569909,68766800
2021-01-08 00:00:00+00:00,350.1531317059406,353.3937336428552,354.015869140625,354.22941562712896,71677200
2021-01-11 00:00:00+00:00,350.72882987062206,350.84954484541544,351.6295166015625,353.3844459686813,51034700
2021-01-12 00:00:00+00:00,349.4659767403623,351.8152146876118,351.7037658691406,352.71587302635754,52547700
2021-01-13 00:00:00+00:00,350.84950564563337,351.6294773146356,352.65087890625,353.6443970420134,45303600
2021-01-14 00:00:00+00:00,351.08169311224,353.39375334288167,351.41595458984375,353.8951738961369,49989100
2021-01-15 00:00:00+00:00,346.9960962553196,349.800282405299,348.8531799316406,350.59881478443,107160000
2021-01-19 00:00:00+00:00,349.8280009845576,351.30437853056173,351.59222412109375,352.13079404565093,51233300
2021-01-20 00:00:00+00:00,353.48657123958117,353.87654291716206,356.4579162597656,357.29359819142803,61836100
2021-01-21 00:00:00+00:00,355.8636810590546,357.0150639404166,356.7829284667969,357.4422136144088,47840100
2021-01-22 00:00:00+00:00,354.554419617458,354.93512517961597,355.5201110839844,356.6807884063507,52860500
2021-01-25 00:00:00+00:00,351.415906011499,356.25362897614195,356.92218017578125,357.2750022410849,70402000
2021-01-26 00:00:00+00:00,356.1328548333093,357.8692230993864,356.364990234375,358.2777836722093,42665300
2021-01-27 00:00:00+00:00,345.4268095254111,353.05012900637144,347.6553039550781,353.1429888444501,123351100
2021-01-28 00:00:00+00:00,349.02960991918064,349.46599738570745,350.645263671875,354.6379822958076,94198100
2021-01-29 00:00:00+00:00,341.9540655846165,348.78814770996314,343.6254577636719,349.75383907984985,126765100
2021-02-01 00:00:00+00:00,343.9133009262217,347.01462699809997,349.34527587890625,350.375943628793,75817600
2021-02-02 00:00:00+00:00,349.42883997274356,352.52087154806475,354.28509521484375,355.8357724135965,64450700
2021-02-03 00:00:00+00:00,353.2916532761181,355.11158757378746,354.5637512207031,356.2815595050007,52427100
2021-02-04 00:00:00+00:00,354.67502873750357,355.59427583467004,358.5934753417969,358.63989108609894,47142600
2021-02-05 00:00:00+00:00,358.54715471512554,360.45994861198795,360.00494384765625,360.7106447040377,48669800
2021-02-08 00:00:00+00:00,360.5992654572833,361.45350816726585,362.60491943359375,362.6513351955174,38365200
2021-02-09 00:00:00+00:00,361.3606211720995,361.769153490128,362.3634338378906,362.95771418565323,35551100
2021-02-10 00:00:00+00:00,359.8099713889872,364.09983025590975,362.2055969238281,364.24840035419544,59154400
2021-02-11 00:00:00+00:00,360.3670470571915,363.28265332168206,362.79052734375,363.700508430255,42913300
2021-02-12 00:00:00+00:00,361.91764242159826,361.99194161683124,364.58258056640625,364.82398210881274,50593300
2021-02-16 00:00:00+00:00,363.5519093548807,365.8082587527633,364.2668762207031,366.0032729008585,50972400
2021-02-17 00:00:00+00:00,361.5091609681263,362.52129645099154,364.35052490234375,364.6012209832248,52290600
2021-02-18 00:00:00+00:00,360.0327705772848,361.7505784893111,362.7998352050781,363.54265727343494,59712800
2021-02-19 00:00:00+00:00,361.71346939446187,364.05341301185115,362.1591796875,364.34125872083973,83241000
2021-02-22 00:00:00+00:00,359.10418910793686,359.4013292371553,359.37347412109375,361.7783935972179,67414200
2021-02-23 00:00:00+00:00,353.0315629822929,357.1728509983925,359.8099060058594,361.15630279532843,107284100
2021-02-24 00:00:00+00:00,357.7393491134109,358.72360131962074,363.7748718261719,364.2020215283774,72433900
2021-02-25 00:00:00+00:00,353.5701100677541,362.5119712403062,355.00933837890625,363.8769286831077,146670500
2021-02-26 00:00:00+00:00,351.20231434028005,356.88498463738966,353.1800842285156,358.027072717846,152701600
2021-03-01 00:00:00+00:00,353.37516012939244,358.03642977075657,361.7413024902344,362.9855734404292,105348800
2021-03-02 00:00:00+00:00,358.41712808705853,361.9641644974679,358.9185485839844,362.19629994312015,79595300
2021-03-03 00:00:00+00:00,354.06227437694446,358.22215187611573,354.1644287109375,359.18781495345684,119940200
2021-03-04 00:00:00+00:00,345.306129482108,353.9787065028338,349.7817077636719,356.5600515760826,183433000
2021-03-05 00:00:00+00:00,346.01182648724296,353.27300175449477,356.21649169921875,357.2657484566025,152039600
2021-03-08 00:00:00+00:00,354.1644724397162,357.17293919990277,354.4430236816406,359.97712560372787,123149200
2021-03-09 00:00:00+00:00,357.77640719038783,358.2778276525571,359.5035095214844,362.04770476168795,113633600
2021-03-10 00:00:00+00:00,360.4320834867978,361.84345682354007,361.7413024902344,363.431255369481,109899400
2021-03-11 00:00:00+00:00,363.7469902205475,364.2019950148293,365.4090881347656,367.37759240388004,86245000
2021-03-12 00:00:00+00:00,363.2455681020347,364.05339494438545,365.90118408203125,366.0404596864284,64653600
2021-03-15 00:00:00+00:00,364.01626458616573,366.15189953144346,368.0832824707031,368.34327305827475,73427200
2021-03-16 00:00:00+00:00,366.84834338041725,368.69616114127246,367.6190490722656,369.40183375852735,73722500
2021-03-17 00:00:00+00:00,365.1954216836132,366.33753812086064,368.8724670410156,369.6709992628649,97959300
2021-03-18 00:00:00+00:00,362.82773894437463,366.2912103516865,363.5055847167969,368.371135091279,115349100
2021-03-19 00:00:00+00:00,360.66234252833834,363.205574280837,362.83294677734375,364.77995178052817,113624500
2021-03-22 00:00:00+00:00,363.2893600550484,363.3452527508921,365.7301025390625,367.10885537239466,73778600
2021-03-23 00:00:00+00:00,362.0690362260645,365.09668084256,362.8515625,366.5406230570263,90686600
2021-03-24 00:00:00+00:00,360.9604207531097,364.2489071923662,361.0069885253906,365.8791772373448,97588600
2021-03-25 00:00:00+00:00,357.6347344917859,359.57244319585334,363.0379333496094,363.8297562145069,116128600
2021-03-26 00:00:00+00:00,363.5875351124933,364.18373344592686,368.88824462890625,369.28881849367565,114409100
2021-03-29 00:00:00+00:00,365.935071468474,367.4162848468423,368.7018737792969,369.60551031662703,108107600
2021-03-30 00:00:00+00:00,366.13075792489735,367.43499693096027,367.7237854003906,368.39452632963565,76262200
2021-03-31 00:00:00+00:00,368.26396820951646,368.2919145543434,369.21417236328125,370.7699280377111,112734200
2021-04-01 00:00:00+00:00,370.9377370318491,371.14268644280133,373.20147705078125,373.25739818982174,99682900
2021-04-05 00:00:00+00:00,375.7819453604423,375.8564594894642,378.55804443359375,379.0983784802134,91684800
2021-04-06 00:00:00+00:00,377.663731778131,377.9991164320186,378.33447265625,379.3778410378448,62021000
2021-04-07 00:00:00+00:00,377.7104098657336,378.16687652422144,378.77239990234375,379.11708112852125,55836300
2021-04-08 00:00:00+00:00,379.0889772078951,380.02055999616584,380.5701904296875,380.6260831226117,57863100
2021-04-09 00:00:00+00:00,380.3280415787718,380.4491519037927,383.3370361328125,383.50474266034735,61104600
2021-04-12 00:00:00+00:00,382.135355372954,382.74087863290447,383.4768371582031,383.7469757570129,56704900
2021-04-13 00:00:00+00:00,382.992427357714,383.3743798281407,384.6133728027344,385.2375459689583,56551000
2021-04-14 00:00:00+00:00,382.75944019749284,384.5853346192152,383.2997741699219,385.63802778616787,61659900
2021-04-15 00:00:00+00:00,385.3866056650256,385.4331734470441,387.4174499511719,387.68761700399335,60229800
2021-04-16 00:00:00+00:00,387.28699001478793,388.70298586402646,388.7123107910156,389.31783402254797,82037300
2021-04-19 00:00:00+00:00,385.4797498055928,387.7807610260529,386.8025817871094,388.2279026853113,78498500
2021-04-20 00:00:00+00:00,382.498603179726,385.5914650988826,383.97052001953125,386.69072605086455,81851800
2021-04-21 00:00:00+00:00,383.21592286206607,383.3556830388797,387.60369873046875,387.80864810285476,66793000
2021-04-22 00:00:00+00:00,383.001761278924,387.43610589568067,384.0637512207031,388.26520006438915,97582800
2021-04-23 00:00:00+00:00,384.54813911119874,384.6226532391619,388.2278747558594,389.6345741269456,73209200
2021-04-26 00:00:00+00:00,388.2931664903758,388.88006841759574,389.0384216308594,389.60670212994864,52182400
2021-04-27 00:00:00+00:00,387.8179963971385,389.33648125494796,388.95452880859375,389.53213415675737,51303100
2021-04-28 00:00:00+00:00,388.3769514146441,389.2246953658085,388.8427429199219,390.342606350338,51238900
2021-04-29 00:00:00+00:00,387.94835343735446,391.56289934262634,391.3206787109375,391.93552678623496,78544300
2021-04-30 00:00:00+00:00,387.85520014354586,389.0569499796858,388.74951171875,389.90469378427656,85527000
2021-05-03 00:00:00+00:00,389.0942748542552,390.7338415630485,389.5880126953125,391.1157939955126,68128300
2021-05-04 00:00:00+00:00,383.5048038327527,387.60376353614816,387.1845397949219,388.09750141176715,101591200
2021-05-05 00:00:00+00:00,386.7466475835862,388.8240877515174,387.30560302734375,389.0569834839452,60162200
2021-05-06 00:00:00+00:00,385.3772223436678,387.3801199711882,390.3984680175781,390.528874845266,74321400
2021-05-07 00:00:00+00:00,390.48242034998685,391.1624863255881,393.2398986816406,393.8920182982261,67733800
2021-05-10 00:00:00+00:00,389.2246843410474,393.59381081117,389.3457946777344,393.81738162988034,81852400
2021-05-11 00:00:00+00:00,382.0049382756216,384.8369586713548,385.8710021972656,386.8584779431412,116888000
2021-05-12 00:00:00+00:00,376.3594689289566,383.09482312490945,377.6730041503906,384.36176214635805,134811000
2021-05-13 00:00:00+00:00,379.17293000396353,379.21952621514686,382.20989990234375,384.13828367571983,106394000
2021-05-14 00:00:00+00:00,384.9114504451291,384.9393967974584,388.0788269042969,388.9265708311616,82201600
2021-05-17 00:00:00+00:00,385.0792075943848,386.97034873222174,387.0914306640625,387.9019319072765,65129200
2021-05-18 00:00:00+00:00,383.5979965238752,387.35227560923283,383.7563781738281,387.5944963339857,59810200
2021-05-19 00:00:00+00:00,377.5984398598803,379.07968151445806,382.7500915527344,382.9270945572525,106467100
2021-05-20 00:00:00+00:00,383.50476652206805,383.6258484249689,386.8677673339844,388.12541000565056,78022200
2021-05-21 00:00:00+00:00,386.0946502945075,388.3490656109407,386.5511169433594,389.5880871287696,76578700
2021-05-24 00:00:00+00:00,388.54466552821737,388.78688623089147,390.49169921875,391.563014094204,51376700
2021-05-25 00:00:00+00:00,389.0476672600288,391.5722490957163,389.625244140625,391.9262551656702,57451400
2021-05-26 00:00:00+00:00,389.1780966451499,390.2121400584183,390.3984680175781,390.9015023339306,43088600
2021-05-27 00:00:00+00:00,390.3239321287522,391.4232216191229,390.6034240722656,391.9355808710809,56707700
2021-05-28 00:00:00+00:00,391.0692282777566,392.1684893742527,391.3021240234375,392.42933147222897,58520200
2021-06-01 00:00:00+00:00,390.5196133395258,393.65904356804924,390.95745849609375,393.7987753351119,54216600
2021-06-02 00:00:00+00:00,390.6034397848831,391.60953690489885,391.572265625,392.4107130596126,49097100
2021-06-03 00:00:00+00:00,387.7993858877597,389.26197808041053,390.1190185546875,391.2555509981351,58138800
2021-06-04 00:00:00+00:00,390.18418978016194,391.963516582505,393.68695068359375,393.98506404338684,55938800
2021-06-07 00:00:00+00:00,392.3734706525122,393.67768124837585,393.3050537109375,393.85468430384935,51555000
2021-06-08 00:00:00+00:00,391.56305144947635,394.16214806830806,393.3889465332031,394.2553120728137,47134300
2021-06-09 00:00:00+00:00,392.57840061009364,394.2272923071258,392.8019714355469,394.3018348687151,48436300
2021-06-10 00:00:00+00:00,392.7087795402519,394.0223149057569,394.6278381347656,395.5780709347275,51020100
2021-06-11 00:00:00+00:00,393.89191873202867,395.1775077811149,395.27996826171875,395.3917536695252,45570800
2021-06-14 00:00:00+00:00,394.1527857880061,395.3917787091995,396.1650085449219,396.26746903201445,42358500
2021-06-15 00:00:00+00:00,394.5626946646038,396.31407535492747,395.4383850097656,396.3513182077345,51508500
2021-06-16 00:00:00+00:00,391.1904193050346,395.57816809841813,393.2305603027344,395.8017389628976,80386100
2021-06-17 00:00:00+00:00,390.63143860500963,392.8206646111922,393.1001281738281,394.07827907271417,90949700
2021-06-18 00:00:00+00:00,387.5913466663332,389.82509911514796,387.7969665527344,390.51671667728624,118676300
2021-06-21 00:00:00+00:00,388.7409106571749,389.55403474074245,393.3486328125,393.53557034735695,72822000
2021-06-22 00:00:00+00:00,392.6196388178262,393.33932268734105,395.4515686035156,396.28340358966534,57700300
2021-06-23 00:00:00+00:00,394.8908317268986,395.5263737663793,394.9749450683594,396.3301424887815,49445400
2021-06-24 00:00:00+00:00,396.8628904252522,397.1152589733079,397.3115234375,397.73209014648296,45110300
2021-06-25 00:00:00+00:00,397.73210252899935,398.05922899461444,398.7228088378906,399.1714418641056,58129500
2021-06-28 00:00:00+00:00,398.04990728021846,399.2462335097463,399.526611328125,399.69483801915226,53159600
2021-06-29 00:00:00+00:00,399.20880030663477,399.9097733050363,399.7415466308594,400.545315311481,35970500
2021-06-30 00:00:00+00:00,399.2555842848848,399.2836220683984,400.07806396484375,400.7509992918403,64827900
2021-07-01 00:00:00+00:00,400.76963819499144,400.83506919032,402.2930908203125,402.4519905914438,53441000
2021-07-02 00:00:00+00:00,402.37724253484845,403.45209077508554,405.3680725097656,405.72323677808726,57697700
2021-07-06 00:00:00+00:00,401.9005937821132,405.4241415803903,404.62969970703125,405.6391169295271,68710400
2021-07-07 00:00:00+00:00,403.3025183056718,405.3119686849688,406.0596618652344,406.34006819983387,63549500
2021-07-08 00:00:00+00:00,399.57330096190816,400.75094475455643,402.7510681152344,403.5081166897468,97595200
2021-07-09 00:00:00+00:00,402.55478259875076,404.2558173257462,407.05035400390625,407.3494426746745,76238600
2021-07-12 00:00:00+00:00,406.536304788165,406.9662269112006,408.50836181640625,408.76073035250516,52889600
2021-07-13 00:00:00+00:00,406.854118733952,407.72331850573784,407.1158142089844,409.2187334442086,52911300
2021-07-14 00:00:00+00:00,406.48028123314407,408.8075027783235,407.72332763671875,409.29352904474496,64130400
2021-07-15 00:00:00+00:00,404.4334500856128,406.3868250791765,406.33074951171875,407.059760411339,55126400
2021-07-16 00:00:00+00:00,402.75108678868395,407.5083537824567,403.14361572265625,407.555073909898,75874700
2021-07-19 00:00:00+00:00,394.38614069493224,398.3302836206056,397.1900329589844,403.20905730096297,147987000
2021-07-20 00:00:00+00:00,397.05913759218004,397.85357937142714,402.88189697265625,404.15300952398457,99608200
2021-07-21 00:00:00+00:00,402.83519609526724,404.07824240394586,406.1437683105469,406.28398573679834,64724400
2021-07-22 00:00:00+00:00,405.33997668113454,406.3213274734552,406.9942626953125,407.23727579624176,47878500
2021-07-23 00:00:00+00:00,408.2373763394922,408.91963853760046,411.18145751953125,411.5179109011736,63766600
2021-07-26 00:00:00+00:00,410.5458957579973,410.59261588453984,412.1908264160156,412.20018185039044,43719200
2021-07-27 00:00:00+00:00,407.4896830394306,411.15344841239045,410.3122863769531,411.18148619614936,67397100
2021-07-28 00:00:00+00:00,408.7233839343774,410.93845431834467,410.1440124511719,411.51792083805464,52472400
2021-07-29 00:00:00+00:00,411.0598844170451,411.0692398503543,411.844970703125,412.919790195163,47435300
2021-07-30 00:00:00+00:00,409.1532940336554,409.28415602981516,409.8449401855469,411.29360644207577,68951200
2021-08-02 00:00:00+00:00,408.62991264660883,411.5553115323718,408.9850769042969,412.10674026622047,58783300
2021-08-03 00:00:00+00:00,407.59244339115173,409.7794757496443,412.31231689453125,412.43382344600275,58053900
2021-08-04 00:00:00+00:00,410.0505525213927,411.0319033838049,410.2842102050781,412.2843051456388,46732200
2021-08-05 00:00:00+00:00,411.1253968736616,411.4431679198543,412.88250732421875,412.96662067268136,38969700
2021-08-06 00:00:00+00:00,412.9198607907698,413.2002671340216,413.56475830078125,413.9853535543252,46930000
2021-08-09 00:00:00+00:00,412.46186747322616,413.5366870620658,413.228271484375,413.85445807390835,41222600
2021-08-10 00:00:00+00:00,412.9946468851688,413.67690908891893,413.7423400878906,414.4526685963435,43339300
2021-08-11 00:00:00+00:00,413.6862716488568,414.80783999492405,414.77044677734375,414.8639155599606,44034300
2021-08-12 00:00:00+00:00,413.72369084389135,414.62092846348145,416.0135192871094,416.1537367311729,38909400
2021-08-13 00:00:00+00:00,415.9760965228515,416.4620942233985,416.7705383300781,416.7892206760995,39470300
2021-08-16 00:00:00+00:00,413.91993068902,415.47142121296486,417.7519226074219,417.8827560853764,73740000
2021-08-17 00:00:00+00:00,412.0319534928369,415.2003367624512,415.013427734375,415.87327201338974,92673900
2021-08-18 00:00:00+00:00,410.22817626839674,414.00406428357036,410.4711608886719,415.5649103189403,89351900
2021-08-19 00:00:00+00:00,407.6111793930043,407.7513683082851,411.106689453125,412.30304425730367,92812200
2021-08-20 00:00:00+00:00,410.96650244315384,411.45252871527185,414.3778991699219,414.7050256555393,72008700
2021-08-23 00:00:00+00:00,414.4526227295589,416.0601886079049,418.0229187011719,418.92951158354134,54973000
2021-08-24 00:00:00+00:00,418.1724879522138,418.6865234375,418.6865234375,419.21926979163254,38744700
2021-08-25 00:00:00+00:00,418.4995708066867,418.87344589815075,419.5650634765625,420.07909894332823,40529700
2021-08-26 00:00:00+00:00,416.9948185830064,419.2846465858296,417.0882873535156,419.5183042507706,57829600
2021-08-27 00:00:00+00:00,417.8360607411706,417.8921363097158,420.8175354003906,421.19138203158167,77235100
2021-08-30 00:00:00+00:00,421.2474033554113,421.4904164695936,422.6680603027344,423.4531466839395,48357400
2021-08-31 00:00:00+00:00,421.44378220213764,422.5746776161247,422.04193115234375,422.9111310526147,59300200
2021-09-01 00:00:00+00:00,422.03248612109024,422.9764722664043,422.2661437988281,423.4905077483613,48721400
2021-09-02 00:00:00+00:00,422.3689814101181,423.686814177093,423.5653076171875,424.36907636322894,42501000
2021-09-03 00:00:00+00:00,422.03244913978364,422.4343619875005,423.4624328613281,423.97649682090514,47170500
2021-09-07 00:00:00+00:00,421.2753985497041,423.11662202083113,421.9483337402344,423.2100907878115,51671500
2021-09-08 00:00:00+00:00,419.5183465302411,421.4156743425341,421.4343566894531,422.14468518971387,56181900
2021-09-09 00:00:00+00:00,419.38757155961514,421.23815097875956,419.6305847167969,422.98590616883826,57970400
2021-09-10 00:00:00+00:00,416.2004233686548,421.55586791625456,416.3219299316406,421.97643464658915,89948200
2021-09-13 00:00:00+00:00,415.0787903327298,419.3126944167152,417.3873291015625,419.5743898490149,83738600
2021-09-14 00:00:00+00:00,414.2469467606409,418.82663067647053,415.1348571777344,419.0322505350258,78197100
2021-09-15 00:00:00+00:00,414.45271468859767,415.55557226819735,418.60247802734375,419.09783124683656,78792200
2021-09-16 00:00:00+00:00,414.9948240164866,418.0791232640919,417.9389343261719,419.0511189154526,77786700
2021-09-17 00:00:00+00:00,413.51137369740354,417.168134146106,413.86767578125,417.59004823430996,118425000
2021-09-20 00:00:00+00:00,402.10981691745377,407.7543373535724,406.96673583984375,409.32954038102963,166445500
2021-09-21 00:00:00+00:00,406.0572382327374,409.30141250201683,406.5823059082031,410.59533949300106,92526100
2021-09-22 00:00:00+00:00,406.69480673198865,408.8513325900805,410.5484313964844,412.58309005146594,102350100
2021-09-23 00:00:00+00:00,412.17996661282217,412.4143728690153,415.5366516113281,417.14001100580157,76396000
2021-09-24 00:00:00+00:00,413.6895313452658,413.9051954031547,416.22113037109375,416.9337345501658,62094800
2021-09-27 00:00:00+00:00,414.33644206403306,415.1896841659372,415.0303039550781,416.3523298980062,61371100
2021-09-28 00:00:00+00:00,405.93537117136833,412.26433994291904,406.6667175292969,412.59251441684535,130436300
2021-09-29 00:00:00+00:00,406.78864603672207,408.04506020824715,407.3512268066406,409.77967232630994,82329200
2021-09-30 00:00:00+00:00,402.0349680946532,408.82336599373707,402.3725280761719,409.526584956677,140506000
2021-10-01 00:00:00+00:00,400.58156466232106,404.0976586371233,407.154296875,408.8326537442385,129240100
2021-10-04 00:00:00+00:00,399.7657521393978,405.9915954205408,401.903564453125,406.8917073430287,128570000
2021-10-05 00:00:00+00:00,402.6067772325321,403.4037355215152,406.0853576660156,408.3262663404989,90682500
2021-10-06 00:00:00+00:00,400.8721656243834,402.4942384202276,407.7730712890625,407.97934991567206,113032200
2021-10-07 00:00:00+00:00,410.867314983928,411.04546603542565,411.2986145019531,414.1302318975777,72437500
2021-10-08 00:00:00+00:00,409.9202387275282,412.0674077940218,410.5484313964844,412.4518374427157,74557400
2021-10-11 00:00:00+00:00,407.5105922896659,409.89216791478833,407.57623291015625,412.79881127574237,65233300
2021-10-12 00:00:00+00:00,405.78539638345933,408.4951467022772,406.572998046875,408.89831863461245,71181200
2021-10-13 00:00:00+00:00,404.6226438533049,407.5948986632403,408.03558349609375,408.8513125536215,72974000
2021-10-14 00:00:00+00:00,411.2235453911505,411.69235787459854,414.8990478515625,415.0490712799511,70236800
2021-10-15 00:00:00+00:00,416.38989699593026,417.0087329506892,418.0588684082031,418.42455590539737,66260200
2021-10-18 00:00:00+00:00,415.6209761000303,416.27732497087453,419.2964782714844,419.6340094982905,62213200
2021-10-19 00:00:00+00:00,420.3091462784129,420.91862541650084,422.5313415527344,422.59695355572194,46996800
2021-10-20 00:00:00+00:00,422.87830957409244,422.99082000892685,424.19097900390625,424.491025906163,49571600
2021-10-21 00:00:00+00:00,423.15951848148666,423.59081795122904,425.29730224609375,425.5223230800388,41305400
2021-10-22 00:00:00+00:00,422.91573783259383,424.86601382430814,424.85662841796875,426.30996431243693,58845100
2021-10-25 00:00:00+00:00,424.17217058163135,425.9442668817109,427.1350402832031,427.4632147429343,45214500
2021-10-26 00:00:00+00:00,427.1444869339798,428.68220582792407,427.51953125,429.8917216010357,56075100
2021-10-27 00:00:00+00:00,425.5504317463337,427.97890546543795,425.6254577636719,428.6446111455954,72438000
2021-10-28 00:00:00+00:00,427.0413206145411,427.050677407055,429.7322998046875,429.80729721502064,51437900
2021-10-29 00:00:00+00:00,427.1444097745334,427.4350712129975,430.604248046875,430.8949094853391,70162400
2021-11-01 00:00:00+00:00,429.6198354925865,431.5888253261382,431.3450622558594,431.9638982601933,48433600
2021-11-02 00:00:00+00:00,431.38253525829714,431.51381650455664,433.0890197753906,433.3984520764042,48908400
2021-11-03 00:00:00+00:00,432.0856879971298,432.5263728629684,435.7330627441406,436.1362346004919,52509800
2021-11-04 00:00:00+00:00,435.9862464051318,436.3331630823048,437.7864990234375,437.8708818410705,52847100
2021-11-05 00:00:00+00:00,437.7957966505477,440.0085775067078,439.30535888671875,441.29311894097486,66390600
2021-11-08 00:00:00+00:00,438.99609396549533,440.40253164977514,439.6805419921875,440.8994718203254,50405200
2021-11-09 00:00:00+00:00,436.8207353651275,440.0461676231419,438.2271728515625,440.2805738708811,51149100
2021-11-10 00:00:00+00:00,433.22031661586044,436.5394889244419,434.7017517089844,438.22723130169896,69429700
2021-11-11 00:00:00+00:00,434.8236039920207,436.19252851233256,434.84234619140625,436.2675545379645,34848500
2021-11-12 00:00:00+00:00,435.161094692695,436.1081050332003,438.1239929199219,438.67718819768925,53466700
2021-11-15 00:00:00+00:00,437.14891501750157,439.40859470618256,438.2740478515625,439.56797493267015,46980500
2021-11-16 00:00:00+00:00,437.9364933419403,438.0114907479462,440.0086364746094,441.14315465497026,48857500
2021-11-17 00:00:00+00:00,438.3208614503229,439.74604087663033,438.939697265625,439.9241918816736,47858300
2021-11-18 00:00:00+00:00,437.25204053194824,439.97114731825366,440.43060302734375,440.69313688366196,50625600
2021-11-19 00:00:00+00:00,439.2772873896782,440.31803734544474,439.6429748535156,441.5650945480242,57315600
2021-11-22 00:00:00+00:00,438.1989948186662,441.5181949166131,438.4052734375,444.0028951339013,72762000
2021-11-23 00:00:00+00:00,435.4799250989726,438.07713594296996,438.98663330078125,439.83987544998917,73206500
2021-11-24 00:00:00+00:00,436.17378507370955,436.98951426235885,440.15869140625,440.2805872370219,61858800
2021-11-26 00:00:00+00:00,429.21663530001194,433.5015889100639,430.341796875,434.9642817891199,112669600
2021-11-29 00:00:00+00:00,432.92959581507233,435.1236348523177,435.6205749511719,437.4583119148909,86268800
2021-11-30 00:00:00+00:00,426.9006175423312,433.18271599479897,427.1444091796875,435.0860934508205,148559600
2021-12-01 00:00:00+00:00,422.20307018704193,432.8451171625699,422.39996337890625,435.6861191013338,131939200
2021-12-02 00:00:00+00:00,422.2218717157111,422.61568676881933,428.86962890625,430.43547509903107,127637800
2021-12-03 00:00:00+00:00,420.9185967447433,430.5292522904625,425.1379089355469,431.58874442702455,137331600
2021-12-06 00:00:00+00:00,425.26924501380654,427.6789484275413,430.17303466796875,432.04828489860165,98977500
2021-12-07 00:00:00+00:00,430.0417113660508,435.442440658666,439.071044921875,439.63362565886325,95484700
2021-12-08 00:00:00+00:00,437.71142925167635,439.46481188962696,440.233642578125,440.68371284123066,72238800
2021-12-09 00:00:00+00:00,437.06455084489505,438.9491577219033,437.2614440917969,440.3368530852221,61272600
2021-12-10 00:00:00+00:00,437.41142821807136,439.9617692478392,441.3775634765625,441.52758690349503,77159800
2021-12-13 00:00:00+00:00,437.18640772794674,440.86191039613635,437.46771240234375,441.2088270752524,87724700
2021-12-14 00:00:00+00:00,431.5419768029253,434.2048288045905,434.4579772949219,436.6895297380061,97264100
2021-12-15 00:00:00+00:00,432.00134036114184,434.5141971486355,441.246337890625,441.49010093703475,116899300
2021-12-16 00:00:00+00:00,435.8081507648726,443.09351636782804,437.3552551269531,443.3747924623618,116568600
2021-12-17 00:00:00+00:00,430.99737826772844,434.28117656754216,432.700439453125,437.2827106378424,135511600
2021-12-20 00:00:00+00:00,424.4862092214544,427.62887521925904,428.0993347167969,428.4945046145701,107134800
2021-12-21 00:00:00+00:00,429.35082200169626,431.51492459595994,435.7020263671875,435.84315849906136,69806300
2021-12-22 00:00:00+00:00,435.25039016185815,435.44800386801643,440.0585021972656,440.1714079067417,58890200
2021-12-23 00:00:00+00:00,440.9523458894644,441.0558332086626,442.7965393066406,444.2925972471357,56439700
2021-12-27 00:00:00+00:00,444.12322414632985,444.17025861450196,449.06304931640625,449.11008378457836,56808600
2021-12-28 00:00:00+00:00,447.9339332846144,449.4958623974338,448.6960754394531,450.52146074512336,47274600
2021-12-29 00:00:00+00:00,447.8022185897107,448.7995905115579,449.2700500488281,450.2862300149204,54503000
2021-12-30 00:00:00+00:00,447.5669435079559,449.6934008752194,448.0279846191406,450.7001910745442,55329000
2021-12-31 00:00:00+00:00,446.6260494189647,447.53874202831184,446.8988952636719,448.68663568101795,65237400
2022-01-03 00:00:00+00:00,445.8544860219246,448.15972040589463,449.4864196777344,449.6181621243115,72668200
2022-01-04 00:00:00+00:00,447.48235598087507,450.90731577034717,449.3359680175781,451.6224235757482,71178700
2022-01-05 00:00:00+00:00,440.61354395954817,448.9689091940095,440.7076416015625,449.7404696581306,104538900
2022-01-06 00:00:00+00:00,437.9319849605687,440.2466667010779,440.293701171875,443.0035528678846,86858900
2022-01-07 00:00:00+00:00,437.1980222953608,440.3030723284207,438.5529479980469,441.479221117935,85111600
2022-01-10 00:00:00+00:00,429.62364055153137,435.36325245373706,438.0072326660156,438.22362566846715,119362000
2022-01-11 00:00:00+00:00,434.75158623525874,437.74373029781276,441.9966735839844,442.09077122122125,74303100
2022-01-12 00:00:00+00:00,441.2346123000405,443.72804221308974,443.19171142578125,445.2429369205549,67605400
2022-01-13 00:00:00+00:00,436.05960657182123,444.29264976490606,437.085205078125,444.9418863252983,91173100
2022-01-14 00:00:00+00:00,432.7286187563213,433.94241224020107,437.26385498046875,437.6119903971506,95890900
2022-01-18 00:00:00+00:00,428.4098944174529,432.5781593461344,429.5201721191406,432.7851627070061,109709100
2022-01-19 00:00:00+00:00,424.78736709556773,431.06331069209193,425.06024169921875,432.45585270815616,109357600
2022-01-20 00:00:00+00:00,418.2384925675779,426.9419932565545,420.3555603027344,431.6371698449728,122379700
2022-01-21 00:00:00+00:00,412.0755028255823,419.2358828982697,412.1037292480469,421.58818048554997,202271200
2022-01-24 00:00:00+00:00,395.90112761933347,406.5052754832323,413.8538513183594,414.36195566976323,251783900
2022-01-25 00:00:00+00:00,401.9135823339121,407.47441758472695,408.8011169433594,413.7409421509055,167997300
2022-01-26 00:00:00+00:00,403.52260050405795,414.6819173184066,407.77557373046875,417.80577600170864,186391100
2022-01-27 00:00:00+00:00,404.0777079047049,412.3672026513168,405.7619323730469,415.50045053402,149878300
2022-01-28 00:00:00+00:00,402.5439524748477,407.11680479333506,415.8391418457031,415.88617630742215,164457400
2022-01-31 00:00:00+00:00,413.82565957531546,415.17116710249303,423.3289489746094,423.6770844746201,152251400
2022-02-01 00:00:00+00:00,420.5343978995624,424.0534262540882,426.1893310546875,426.82914917104256,123155400
2022-02-02 00:00:00+00:00,426.2833764423959,428.5886396673794,430.329345703125,431.05384305532795,117361000
2022-02-03 00:00:00+00:00,419.3769848400867,424.30741975423217,420.21441650390625,426.2080657307745,118024400
2022-02-04 00:00:00+00:00,417.6081293545503,419.97926396514714,422.1904296875,426.0293671450485,118454400
2022-02-07 00:00:00+00:00,419.5088108002381,422.95257835164983,420.83551025390625,424.3451203230606,84472900
2022-02-08 00:00:00+00:00,418.9159464741092,420.3367433125656,424.2980041503906,425.2201150815416,81012000
2022-02-09 00:00:00+00:00,428.1275935863995,428.32517855026134,430.50811767578125,430.82802671260504,92589900
2022-02-10 00:00:00+00:00,420.7790293131962,424.67441942143387,422.7737731933594,430.66806944150386,140103700
2022-02-11 00:00:00+00:00,413.00697779975184,422.85840063128,414.4371643066406,424.9284051506269,153214600
2022-02-14 00:00:00+00:00,409.6197001412661,413.9291255162954,413.082275390625,415.5098626456239,123006300
2022-02-15 00:00:00+00:00,416.99652213320917,417.5140448697904,419.7440185546875,419.9133771021189,88482700
2022-02-16 00:00:00+00:00,415.8297306709073,417.7021502270157,420.21441650390625,421.5881501559702,84863600
2022-02-17 00:00:00+00:00,410.63592485416507,417.0341632264874,411.23809814453125,420.186247943638,102259100
2022-02-18 00:00:00+00:00,406.30766852315804,411.49211293034836,408.5752868652344,412.74355133918664,132642900
2022-02-22 00:00:00+00:00,400.6997823601273,406.37355193227506,404.19061279296875,409.7702560003978,124391800
2022-02-23 00:00:00+00:00,396.45628627766916,407.0980794779474,397.0208435058594,407.6626367061376,132578000
2022-02-24 00:00:00+00:00,386.3790300752348,386.7365552102814,402.9956359863281,403.42847944353576,213942900
2022-02-25 00:00:00+00:00,402.58162557598797,404.22823397331,411.8873291015625,411.97200837339045,121804500
2022-02-28 00:00:00+00:00,405.25388303089113,406.50529284633944,410.8335266113281,412.3107765451423,145615000
2022-03-01 00:00:00+00:00,401.8759843184385,409.3374953713261,404.5764465332031,411.3416578546236,137785900
2022-03-02 00:00:00+00:00,406.0724579549326,406.8251817399771,412.0190734863281,413.740942784039,117726500
2022-03-03 00:00:00+00:00,408.1707060110163,414.44664922565886,409.9678649902344,415.0488225356622,105501700
2022-03-04 00:00:00+00:00,402.60050312317946,406.2418557535522,406.6370544433594,407.7661402300269,113978200
2022-03-07 00:00:00+00:00,394.58387851759204,406.053686344957,394.6497497558594,406.7593757746247,137896600
2022-03-08 00:00:00+00:00,390.5943191141427,394.82845492231417,391.6575622558594,401.9700272063481,164772700
2022-03-09 00:00:00+00:00,397.8393882545467,400.02232727972273,402.158203125,404.13413881650297,116990800
2022-03-10 00:00:00+00:00,395.5999843486872,397.55708322285636,400.34222412109375,401.2360799371363,93972700
2022-03-11 00:00:00+00:00,394.7438486939216,402.8263415419944,395.251953125,403.4379333067606,95636300
2022-03-14 00:00:00+00:00,391.2246858439781,396.0233780795918,392.3631896972656,399.46711605847577,95729200
2022-03-15 00:00:00+00:00,393.6993928949382,394.969610741959,400.99151611328125,401.62191584683524,106219100
2022-03-16 00:00:00+00:00,399.7024270341616,404.4917305799787,409.8831787109375,409.9396315604553,144954800
2022-03-17 00:00:00+00:00,407.5967527483876,407.9731146505722,415.0111999511719,415.0111999511719,102676900
2022-03-18 00:00:00+00:00,412.6667255275147,413.40292135860483,419.5567626953125,419.8776656161691,106345500
2022-03-21 00:00:00+00:00,415.93231566706595,419.3867810928451,419.4339904785156,421.38772166865976,88349800
2022-03-22 00:00:00+00:00,420.8214384644653,420.8214384644653,424.34197998046875,425.27637447242336,74650400
2022-03-23 00:00:00+00:00,418.79219389310117,421.8125003060186,418.87713623046875,423.303758234989,79426100
2022-03-24 00:00:00+00:00,419.7831794766956,420.8969061299972,425.1913757324219,425.20082336968153,64736900
2022-03-25 00:00:00+00:00,423.2471369609336,425.8238364518409,427.2679138183594,427.5416361124458,77101300
2022-03-28 00:00:00+00:00,424.7855555376232,426.6732396590378,430.3070373535156,430.3070373535156,68529800
2022-03-29 00:00:00+00:00,431.5057549157547,434.18626321308204,435.6303405761719,436.12115693733773,86581500
2022-03-30 00:00:00+00:00,430.83562083793777,434.4882852945164,432.9403991699219,435.30000450918726,79666900
2022-03-31 00:00:00+00:00,425.823831381212,432.17589947274035,426.2768859863281,432.9970375414447,121699900
2022-04-01 00:00:00+00:00,423.91729355560483,427.8530993439852,427.4850158691406,427.99466991123313,89048800
2022-04-04 00:00:00+00:00,426.86204176947047,427.68317979634264,431.1470642089844,431.25090181901925,59601000
2022-04-05 00:00:00+00:00,424.55903950236103,429.65578083151576,425.7010803222656,432.11919476582733,74214500
2022-04-06 00:00:00+00:00,418.5656292465307,421.7935816863143,421.4443359375,423.71899870282925,106898000
2022-04-07 00:00:00+00:00,418.62236044413095,420.5666732140926,423.5680847167969,425.3802745470558,78097200
2022-04-08 00:00:00+00:00,420.89695753959705,422.8129558921499,422.4354248046875,425.32357938924946,79272700
2022-04-11 00:00:00+00:00,414.7147916975716,419.16969873165914,415.21502685546875,420.0097320215141,89770500
2022-04-12 00:00:00+00:00,412.12869019333453,418.19758861647455,413.6766052246094,420.71765996000386,84363600
2022-04-13 00:00:00+00:00,413.25185499529334,413.4311873130841,418.4146728515625,419.16973507105604,74070400
2022-04-14 00:00:00+00:00,413.1007827575576,418.64113099890267,413.2046203613281,419.7548865120772,97869500
2022-04-18 00:00:00+00:00,411.1470901663332,412.2797123367979,413.37457275390625,415.05461073103595,66002500
2022-04-19 00:00:00+00:00,413.10082271070314,413.2707073837323,420.0475158691406,420.76481631207815,77821000
2022-04-20 00:00:00+00:00,418.57517643732126,421.8219961207023,419.736083984375,422.4354878298303,65224400
2022-04-21 00:00:00+00:00,412.5533618444505,423.3509170968134,413.4594421386719,424.73836604910855,85417300
2022-04-22 00:00:00+00:00,401.54816044987837,412.374029818299,402.1144714355469,413.478308876768,132471800
2022-04-25 00:00:00+00:00,395.31880487171003,399.87757815067505,404.4457702636719,404.6156549215308,119647700
2022-04-26 00:00:00+00:00,392.70435190748356,401.91623033602906,392.732666015625,402.1144578967915,103996300
2022-04-27 00:00:00+00:00,391.7039115793856,393.8086609873536,393.83697509765625,399.169705902769,122030000
2022-04-28 00:00:00+00:00,394.14847523083597,398.57509707971343,403.78509521484375,405.51234242525084,105449100
2022-04-29 00:00:00+00:00,388.11733269096055,399.8021034252902,388.86297607421875,401.9540624319965,145491100
2022-05-02 00:00:00+00:00,382.2749373532382,388.92904179526005,391.2037048339844,392.56283983474725,158312500
2022-05-03 00:00:00+00:00,390.1465874755705,391.7039501067172,392.99700927734375,395.4037953011167,100028200
2022-05-04 00:00:00+00:00,390.4769516548114,393.65769528593023,404.9649353027344,405.53124638806986,144247900
2022-05-05 00:00:00+00:00,386.44676416954945,400.7082064100307,390.57135009765625,401.1329469341785,172929100
2022-05-06 00:00:00+00:00,382.9451403977338,388.0135688560758,388.2400817871094,391.50576802589364,151770800
2022-05-09 00:00:00+00:00,374.23343271582064,382.3504814055953,375.8096618652344,383.5869123846669,155586100
2022-05-10 00:00:00+00:00,372.6477223262594,381.77465875186067,376.67791748046875,383.27536414376215,132497200
2022-05-11 00:00:00+00:00,369.94838734516037,375.7152782695393,370.69403076171875,381.35001745771194,142361000
2022-05-12 00:00:00+00:00,363.5208097766853,367.5038249274551,370.3070373535156,373.5727232304534,125090800
2022-05-13 00:00:00+00:00,373.3933876739787,374.43161982347493,379.1602783203125,380.53827982576547,104174400
2022-05-16 00:00:00+00:00,375.271637959596,377.51798684544667,377.6217956542969,381.28390774009296,78622400
2022-05-17 00:00:00+00:00,379.9719747013643,383.70016285890136,385.3896484375,385.62560898408395,83029700
2022-05-18 00:00:00+00:00,368.61745122206196,380.84021563700014,369.8538818359375,381.12335669217407,117674500
2022-05-19 00:00:00+00:00,365.37068003419705,366.79589073865264,367.5887145996094,372.00591725890166,98510700
2022-05-20 00:00:00+00:00,359.1697746219984,371.16600278161656,367.7492980957031,374.7337256994322,131432200
2022-05-23 00:00:00+00:00,368.45711634736125,370.7695124155736,374.6298522949219,375.3943621595535,76414900
2022-05-24 00:00:00+00:00,365.2291411864955,370.5146628553773,371.7699890136719,372.9592105064328,91448800
2022-05-25 00:00:00+00:00,369.88241896688857,370.27881665227665,375.0546569824219,377.0178653417215,91472900
2022-05-26 00:00:00+00:00,376.073931942696,376.2815783765453,382.5486755371094,384.18153289436907,82168300
2022-05-27 00:00:00+00:00,384.8044963104918,385.0026951176574,391.93994140625,392.0531978674875,84768700
2022-05-31 00:00:00+00:00,387.00358624823434,390.3259001664865,389.74072265625,393.07248421298215,95937000
2022-06-01 00:00:00+00:00,384.07769419751776,391.8549734040455,386.58831787109375,392.8648626531449,86585800
2022-06-02 00:00:00+00:00,384.1814851394755,386.4278338799512,393.95025634765625,393.9974369297573,79609600
2022-06-03 00:00:00+00:00,386.5128290364629,389.2405180200075,387.4849853515625,390.78843305581245,71874300
2022-06-06 00:00:00+00:00,387.4943805595861,391.48684319664267,388.6647644042969,393.21406164588547,57508900
2022-06-07 00:00:00+00:00,384.7194727728496,385.1819749982957,392.3929138183594,392.8459684053957,59272400
2022-06-08 00:00:00+00:00,387.3340069805782,390.68463561799285,388.1268310546875,392.4685113875746,64350000
2022-06-09 00:00:00+00:00,378.8960266113281,386.3523744576506,378.8960266113281,388.61759004588066,86289800
2022-06-10 00:00:00+00:00,367.86251789521714,372.7044332589276,367.9096984863281,373.55388552538324,132893900
2022-06-13 00:00:00+00:00,352.3362527688543,358.5184359528124,353.9407958984375,360.3683584476511,170004900
2022-06-14 00:00:00+00:00,349.7784664118968,355.6869276147928,352.874267578125,356.7157121238985,104011800
2022-06-15 00:00:00+00:00,351.2225494582893,356.1682732930812,357.90496826171875,362.34100925128496,125666800
2022-06-16 00:00:00+00:00,343.63401132773026,349.70293778443306,346.0596923828125,350.1087829653544,134473300
2022-06-17 00:00:00+00:00,343.30795986691686,346.474006989018,346.8057556152344,350.14245020385545,111113900
2022-06-21 00:00:00+00:00,352.4459063417937,352.521756092844,355.5361328125,356.9200870230244,76811900
2022-06-22 00:00:00+00:00,350.9008093965039,351.3178962620308,354.8915710449219,358.9960494687862,90059400
2022-06-23 00:00:00+00:00,353.46966494173824,357.0243625508475,358.3703918457031,359.1002793406204,79292100
2022-06-24 00:00:00+00:00,361.5079146879787,361.5363511048066,369.7642822265625,369.77377067490386,98050300
2022-06-27 00:00:00+00:00,367.2618882407592,370.6838633295004,368.35198974609375,370.97771602411575,66009600
2022-06-28 00:00:00+00:00,360.71172428504013,369.9065529188097,360.8254699707031,372.68394948048416,86548900
2022-06-29 00:00:00+00:00,358.7116273894593,361.3752782573753,360.5316162109375,362.36109348225904,65676000
2022-06-30 00:00:00+00:00,353.15673516451756,356.6450704858744,357.60247802734375,360.83488560760253,112508300
2022-07-01 00:00:00+00:00,354.33221338787916,356.9484798436387,361.3847351074219,361.82079880218214,74839700
2022-07-05 00:00:00+00:00,353.4791138897527,356.3039239194396,362.0672607421875,362.08623764291843,81438000
2022-07-06 00:00:00+00:00,359.83013971421116,362.2093972721212,363.2900390625,365.7735827766986,70426200
2022-07-07 00:00:00+00:00,363.30898013880693,365.06263643850446,368.7310791015625,369.5273277554807,64525900
2022-07-08 00:00:00+00:00,365.57460971282467,367.100746104859,368.4278564453125,370.2952588737565,72397800
2022-07-11 00:00:00+00:00,363.52706364959664,365.7546798643806,364.21905517578125,366.72154716840924,58366900
2022-07-12 00:00:00+00:00,359.25186497173377,363.6691716276499,360.99603271484375,366.04845792183517,62219200
2022-07-13 00:00:00+00:00,355.14744302288534,355.56452982281553,359.1002502441406,362.02934629353234,84224600
2022-07-14 00:00:00+00:00,351.715979081912,354.1521096552973,358.2281799316406,359.3087928722651,89704800
2022-07-15 00:00:00+00:00,360.72122784420594,362.6265260152687,365.0721740722656,365.185919762693,79060400
2022-07-18 00:00:00+00:00,360.8349458407432,368.1528836213448,362.0577697753906,368.825898190188,63203600
2022-07-19 00:00:00+00:00,365.31861090466685,365.97264856832055,371.84027099609375,372.4090283274704,78506000
2022-07-20 00:00:00+00:00,370.6649043931411,372.02991057920354,374.2101135253906,375.62253303614597,71843800
2022-07-21 00:00:00+00:00,371.2336461823122,373.63188089355765,378.020751953125,378.06813634762244,64903900
2022-07-22 00:00:00+00:00,372.29526973672574,378.143943990978,374.5133972167969,379.3383025244326,72197300
2022-07-25 00:00:00+00:00,372.73134023128426,375.13906335562353,374.96844482421875,375.8215664094441,53631500
2022-07-26 00:00:00+00:00,369.64114957187473,373.328540675696,370.5321960449219,373.5370840827539,52946400
2022-07-27 00:00:00+00:00,373.5275888700464,373.82144153900765,380.153564453125,381.8977324950311,82342100
2022-07-28 00:00:00+00:00,377.4140966164,380.9593347805678,384.921630859375,385.6135934950256,73966600
2022-07-29 00:00:00+00:00,385.585124244229,386.352936564959,390.53326416015625,391.51910833460266,87003700
2022-08-01 00:00:00+00:00,387.13020608259814,387.8411455020427,389.37677001953125,391.8792906615118,69997500
2022-08-02 00:00:00+00:00,385.63251176391105,387.8127144423944,386.80792236328125,391.49064571833276,63435400
2022-08-03 00:00:00+00:00,388.64686041910363,388.93122459935086,392.8651123046875,394.03103437189844,67820600
2022-08-04 00:00:00+00:00,390.95985110646615,392.78932847212786,392.5997619628906,393.4718315474268,45656600
2022-08-05 00:00:00+00:00,388.26771450946586,388.3245873478551,391.9361572265625,392.5807353471059,56814900
2022-08-08 00:00:00+00:00,390.3815808280443,393.62347746477167,391.4811706542969,395.87004150956847,53886100
2022-08-09 00:00:00+00:00,388.8554517997777,390.7512903773344,389.9266052246094,391.25368644325886,44931800
2022-08-10 00:00:00+00:00,395.01695232609546,396.96966387104465,398.11663818359375,398.2588492285253,68665700
2022-08-11 00:00:00+00:00,397.37726224840134,400.9603962309802,398.11663818359375,402.81833898357877,59489700
2022-08-12 00:00:00+00:00,399.10244636975136,400.0503656332881,404.8563232421875,404.9605804756404,61694500
2022-08-15 00:00:00+00:00,402.59079888321116,402.64767172710765,406.524658203125,407.04603117644456,54048300
2022-08-16 00:00:00+00:00,404.6477532437864,405.45349035046,407.3208923339844,409.2451671553258,59289000
2022-08-17 00:00:00+00:00,402.4297135053033,403.7283584655346,404.4298095703125,407.13138566830423,63563400
2022-08-18 00:00:00+00:00,403.3396834770453,404.6288399076743,405.605224609375,406.2876987703884,49023200
2022-08-19 00:00:00+00:00,399.2825341593999,402.8467196760706,400.1546325683594,403.1121358999802,68016900
2022-08-22 00:00:00+00:00,390.92188337608326,395.329701995395,391.8224182128906,395.5003494416631,77695600
2022-08-23 00:00:00+00:00,390.3247023494631,391.39585573923233,390.87451171875,393.7846307828097,49105200
2022-08-24 00:00:00+00:00,389.96453858867704,390.6470127203874,392.12579345703125,393.49077064865355,49177800
2022-08-25 00:00:00+00:00,392.5239461830148,393.61404772211625,397.66168212890625,397.70906652826534,50942300
2022-08-26 00:00:00+00:00,384.1442990308555,397.547891912805,384.201171875,398.0881839321778,103087000
2022-08-29 00:00:00+00:00,380.30524889484775,381.2531682301508,381.6607666015625,384.70357956798847,65370800
2022-08-30 00:00:00+00:00,375.3760536519589,382.8172261577202,377.470947265625,383.0542059895712,85652400
2022-08-31 00:00:00+00:00,374.46603071215685,379.10134082789193,374.5987243652344,380.3431127380741,76029700
2022-09-01 00:00:00+00:00,369.7265004007181,372.42807654595646,375.77423095703125,376.1154680642841,78740100
2022-09-02 00:00:00+00:00,370.00129941700374,379.43310730382876,371.81182861328125,380.6464427581479,99632100
2022-09-06 00:00:00+00:00,368.19080797230174,372.6554995418325,370.408935546875,373.5939303427136,76637400
2022-09-07 00:00:00+00:00,369.8780787401788,370.0960816393788,377.06329345703125,377.83110568507885,70964200
2022-09-08 00:00:00+00:00,373.59390963079943,374.79778552612436,379.52789306640625,379.98287576733065,80821700
2022-09-09 00:00:00+00:00,381.49961125899546,381.7650275183075,385.42401123046875,386.28662130528346,76706900
2022-09-12 00:00:00+00:00,387.18714981782034,387.49049096842776,389.5664367675781,390.2868647682197,69256300
2022-09-13 00:00:00+00:00,371.5085678123265,380.9024232007864,372.6271057128906,382.1062993004574,122947100
2022-09-14 00:00:00+00:00,370.75021096587693,373.9257465690702,374.0489807128906,375.5656574561683,85023700
2022-09-15 00:00:00+00:00,368.53206820723454,372.49436398050875,369.8022766113281,375.33812191068284,87633800
2022-09-16 00:00:00+00:00,363.69734233012485,365.6295510878898,366.9811096191406,367.6378630769438,103084800
2022-09-19 00:00:00+00:00,363.7640106344205,363.8401719669829,369.8270568847656,369.8270568847656,73278500
2022-09-20 00:00:00+00:00,362.83121456949,366.5051996914192,365.5819396972656,367.5141193905518,77274900
2022-09-21 00:00:00+00:00,359.1953065563563,367.50461804644806,359.204833984375,370.5504322147043,106746600
2022-09-22 00:00:00+00:00,355.44517830463013,358.433857107036,356.1875915527344,360.0709772242707,89472600
2022-09-23 00:00:00+00:00,345.78421269474035,352.7229097506912,350.21966552734375,352.7609904104437,122346900
2022-09-26 00:00:00+00:00,345.53674617910787,348.7538794551558,346.75506591796875,352.3707580104209,92581200
2022-09-27 00:00:00+00:00,343.4808127042095,350.2862710344236,345.869873046875,352.5515910179344,108294100
2022-09-28 00:00:00+00:00,345.127482081543,346.8217084645166,352.67535400390625,354.3600529595543,110802200
2022-09-29 00:00:00+00:00,342.36725004597866,349.1346285560483,345.308349609375,349.42016092257757,112952300
2022-09-30 00:00:00+00:00,339.83535868204586,344.36596930372804,339.9685974121094,348.2779362644351,153711200
2022-10-03 00:00:00+00:00,341.90083208876825,343.6807182327434,348.9442443847656,350.7907644280534,89756500
2022-10-04 00:00:00+00:00,348.90614168269303,354.4551993806732,359.7568054199219,359.7853586515844,103602800
2022-10-05 00:00:00+00:00,353.0751323104993,355.3975589353477,358.91925048828125,361.1750432151708,88065700
2022-10-06 00:00:00+00:00,354.7217133827097,357.52004633285617,355.2166748046875,360.4706728707626,82333500
2022-10-07 00:00:00+00:00,343.5474892236813,351.19054873616767,345.308349609375,355.3023890964065,107789500
2022-10-10 00:00:00+00:00,340.43498499131846,346.4218681376383,342.6717224121094,346.65982139917173,76042800
2022-10-11 00:00:00+00:00,338.5694076088321,340.9774934330555,340.5015869140625,345.5366860181765,92482800
2022-10-12 00:00:00+00:00,339.13102879643657,340.91094386553914,339.3785095214844,342.4814298234217,76991800
2022-10-13 00:00:00+00:00,331.3356548770357,332.38265512986965,348.3350524902344,349.8008528442018,147254500
2022-10-14 00:00:00+00:00,339.7592450066515,350.7907569397952,340.39697265625,352.41837848921915,123737000
2022-10-17 00:00:00+00:00,340.0637984886666,346.4695113964719,349.14410400390625,350.24821073516875,93168200
2022-10-18 00:00:00+00:00,349.8103989866183,357.05371300233446,353.2464599609375,357.3583002169347,97162900
2022-10-19 00:00:00+00:00,347.93530350478727,351.2095432352664,350.7431640625,353.93174409065676,79746900
2022-10-20 00:00:00+00:00,347.0405950042413,350.2958089110657,347.80206298828125,354.7122360773966,88283100
2022-10-21 00:00:00+00:00,346.02212943460694,347.5259812950986,356.2541198730469,356.7395247837277,131038400
2022-10-24 00:00:00+00:00,355.1309809456278,357.77704931693273,360.6134338378906,361.7460937798273,85436900
2022-10-25 00:00:00+00:00,360.4231157662592,360.5373287022716,366.3719482421875,366.6860338162217,78846300
2022-10-26 00:00:00+00:00,362.97396524839513,363.23094435236135,363.6116638183594,368.9037428227225,104087300
2022-10-27 00:00:00+00:00,361.0513420357324,364.61114368478263,361.6700439453125,366.4481364625134,81971800
2022-10-28 00:00:00+00:00,361.38448097673046,361.5653278346015,370.2744140625,370.75032073120525,100302000
2022-10-31 00:00:00+00:00,366.69555686556424,367.81868945232327,367.5997619628906,369.68423516133385,96631300
2022-11-01 00:00:00+00:00,364.8204688405162,371.34039469961164,365.9911804199219,371.5783479860967,85407600
2022-11-02 00:00:00+00:00,356.70149735976,365.4010542504777,356.8061828613281,369.9031408055681,126990400
2022-11-03 00:00:00+00:00,351.0191454820897,353.56999750398336,353.1321716308594,356.1684576069525,87100100
2022-11-04 00:00:00+00:00,352.170915138916,358.8336081280306,358.2149353027344,360.61349432188257,103505200
2022-11-07 00:00:00+00:00,357.4344518726958,359.50939792144624,361.6414794921875,362.23159909806725,68286900
2022-11-08 00:00:00+00:00,359.5188617569453,362.745493209243,363.5926208496094,366.5622732100706,84641100
2022-11-09 00:00:00+00:00,355.6069062348671,361.6223724698831,356.10186767578125,362.77408732506177,78495500
2022-11-10 00:00:00+00:00,367.0572748219786,369.351119187772,375.6711730957031,376.0043135418382,141455800
2022-11-11 00:00:00+00:00,374.64316019638335,376.5277606911573,379.30706787109375,380.10658743180727,93839900
2022-11-14 00:00:00+00:00,375.80444085717625,377.54627550144517,376.0804748535156,380.8966479353896,71903500
2022-11-15 00:00:00+00:00,375.48080239259394,381.8198821687392,379.2880554199219,382.9239890323085,93194500
2022-11-16 00:00:00+00:00,375.76639200285024,377.6604912310654,376.39459228515625,378.6123045593404,68508500
2022-11-17 00:00:00+00:00,371.3404174691277,371.6449756187588,375.2428283691406,375.9186366580597,74496300
2022-11-18 00:00:00+00:00,374.1007122482851,378.5742173860638,376.9466247558594,378.6408512891868,92922500
2022-11-21 00:00:00+00:00,373.73896579052973,375.6235663390515,375.5759582519531,376.7466989172969,51243200
2022-11-22 00:00:00+00:00,376.1089535381112,377.5176474312929,380.63006591796875,380.79188693120494,60429000
2022-11-23 00:00:00+00:00,380.06853232216565,380.29695819857307,383.0286865234375,383.51409151080327,68261600
2022-11-25 00:00:00+00:00,382.1910816475926,382.46708656258517,382.9429931640625,383.49506108811516,30545400
2022-11-28 00:00:00+00:00,376.0708989562592,379.8591259436192,376.8323669433594,381.4962458070925,67881600
2022-11-29 00:00:00+00:00,374.34809818392904,376.96558433179973,376.18511962890625,378.1553507626501,52310000
2022-11-30 00:00:00+00:00,374.519486615748,376.4326114888511,388.03521728515625,388.03521728515625,144566700
2022-12-01 00:00:00+00:00,385.24636063389784,389.07263892248426,387.7496337890625,390.2433795179694,76398200
2022-12-02 00:00:00+00:00,382.76216868711776,382.86685419503635,387.30230712890625,388.20651222768515,85342700
2022-12-05 00:00:00+00:00,378.9834027162839,384.4848808065506,380.3349609375,385.4176389754673,77289800
2022-12-06 00:00:00+00:00,372.7681254520418,380.17323078475664,374.8525695800781,380.7157422182558,77972200
2022-12-07 00:00:00+00:00,373.08212298116524,374.0053827040706,374.21478271484375,376.575289286557,65927900
2022-12-08 00:00:00+00:00,374.3195674856605,376.09948257287107,377.1464538574219,378.2124799961138,60737900
2022-12-09 00:00:00+00:00,374.20536119651905,375.90911499149865,374.3291015625,378.459967446831,81447700
2022-12-12 00:00:00+00:00,374.4528678993267,375.119119770537,379.7259216308594,379.7259216308594,75405800
2022-12-13 00:00:00+00:00,379.8401500031239,390.45286275137533,382.60040283203125,390.70984189180217,123782500
2022-12-14 00:00:00+00:00,377.2130453095627,382.25764309363365,380.1541442871094,385.96020997530553,108111300
2022-12-15 00:00:00+00:00,369.1988348015829,375.2999318308924,370.85498046875,376.20416598654884,117705900
2022-12-16 00:00:00+00:00,364.3443519350762,368.3029384387337,366.47662353515625,369.641590174743,119858000
2022-12-19 00:00:00+00:00,361.70526779936387,366.6678648941245,363.3690185546875,367.0025351167428,79878100
2022-12-20 00:00:00+00:00,361.2941346468216,362.61367325179793,363.86627197265625,365.48222528681765,74427200
2022-12-21 00:00:00+00:00,365.9220161334383,366.45747677877307,369.3069152832031,370.43520527298585,78167400
2022-12-22 00:00:00+00:00,358.3490543275083,366.2662563964438,364.0383605957031,369.28780122976565,100120900
2022-12-23 00:00:00+00:00,361.46623322301946,363.0152466207401,366.1324157714844,366.2758375341586,59857300
2022-12-27 00:00:00+00:00,363.01524613197586,366.0176778685383,364.6885681152344,366.36189009849295,51638200
2022-12-28 00:00:00+00:00,359.92674469166934,364.6215818081712,360.1562194824219,366.59134742365524,70911500
2022-12-29 00:00:00+00:00,362.47018314198056,362.9961017998292,366.63916015625,367.5092910145083,66970900
2022-12-30 00:00:00+00:00,361.848604892548,363.9617919629837,365.67333984375,365.8167615683377,84022200
2023-01-03 00:00:00+00:00,361.274962367188,367.52841345608357,364.13397216796875,369.49815002254616,74850700
2023-01-04 00:00:00+00:00,363.34989894273167,366.3905568832152,366.9451599121094,368.9722652057651,85934100
2023-01-05 00:00:00+00:00,362.16422021646383,364.9945163658359,362.7570495605469,365.1092537639918,76970500
2023-01-06 00:00:00+00:00,362.7856784133102,365.84544889092865,371.0757751464844,372.1945229681979,104189600
2023-01-09 00:00:00+00:00,370.6838609207569,373.2655401902277,370.8655090332031,376.44964922378716,73978100
2023-01-10 00:00:00+00:00,369.34518834804146,370.28225918611713,373.4663391113281,373.53327899556643,65358100
2023-01-11 00:00:00+00:00,374.231293835196,375.04405606095594,378.18988037109375,378.26639143115705,68881100
2023-01-12 00:00:00+00:00,375.2257485082276,379.2895306207411,379.5668029785156,381.02976337180365,90157700
2023-01-13 00:00:00+00:00,376.10542404617286,376.37315440820146,381.0393371582031,381.6130534140989,63903900
2023-01-17 00:00:00+00:00,379.6623956443495,381.0201896884126,380.3412780761719,382.6935115955875,62677300
2023-01-18 00:00:00+00:00,374.1356658339176,381.52697849057256,374.3364562988281,382.58832869980466,99632300
2023-01-19 00:00:00+00:00,370.2918200719056,372.2997830998825,371.6113586425781,373.94442072442195,86958900
2023-01-20 00:00:00+00:00,371.36267892386525,373.0073162714171,378.5340576171875,378.68705053096147,91806400
2023-01-23 00:00:00+00:00,378.3811219727352,379.3373059432333,383.07598876953125,385.0074698849866,84178800
2023-01-24 00:00:00+00:00,380.21696655885887,381.4026252152029,382.664794921875,383.57315208650715,59524900
2023-01-25 00:00:00+00:00,376.31573073269413,378.6010242444025,382.8082275390625,383.1428977378186,84800300
2023-01-26 00:00:00+00:00,382.5022526217131,385.46642861189923,387.01544189453125,387.17800600043023,72287400
2023-01-27 00:00:00+00:00,385.7628509166012,385.97321255052447,387.9046936035156,390.2760402786123,68346200
2023-01-30 00:00:00+00:00,382.7413050405992,385.1508780562935,383.0377197265625,387.37880296998725,74202000
2023-01-31 00:00:00+00:00,383.2098461559824,383.5540875652921,388.669677734375,388.717475261581,86811800
2023-02-01 00:00:00+00:00,384.7206171548962,387.45528923844535,392.80035400390625,395.54462644508357,101459200
2023-02-02 00:00:00+00:00,394.78919930515946,396.6824246845757,398.518310546875,399.98127069479483,101654500
2023-02-03 00:00:00+00:00,393.07760869975664,393.55570061661354,394.28240966796875,398.69997431086017,94736800
2023-02-06 00:00:00+00:00,390.2186841761235,391.834637420615,391.87286376953125,393.2689133762878,60295300
2023-02-07 00:00:00+00:00,389.71192928803475,390.95495684586416,396.998046875,398.2410744328294,90990700
2023-02-08 00:00:00+00:00,391.96843733219856,395.0282373142556,392.6568908691406,396.36688886374986,76227500
2023-02-09 00:00:00+00:00,388.0290457920925,396.25223443266196,389.2529602050781,396.40522738183785,78694900
2023-02-10 00:00:00+00:00,387.26401906949224,388.0767519738261,390.1612548828125,390.54372257551336,70769700
2023-02-13 00:00:00+00:00,390.35245300429375,390.8114317189332,394.7413330078125,394.8752127422372,64913500
2023-02-14 00:00:00+00:00,390.61070909281807,393.2210725630297,394.55975341796875,396.86413102531327,88389300
2023-02-15 00:00:00+00:00,391.5285747023186,392.3700211000315,395.8409729003906,395.9174547636312,61555700
2023-02-16 00:00:00+00:00,390.25692701019995,390.8784407346895,390.3907775878906,394.8179138959173,76431500
2023-02-17 00:00:00+00:00,386.34609496505783,388.26803395095567,389.41546630859375,389.6545122847336,89257800
2023-02-21 00:00:00+00:00,381.34529542458307,385.39950609313314,381.60345458984375,386.4513142893378,82655900
2023-02-22 00:00:00+00:00,379.624126941612,382.01458672604707,381.0775451660156,383.55405800104023,83742300
2023-02-23 00:00:00+00:00,378.8879306391957,383.9652656213402,383.1047058105469,384.5772374212778,96242400
2023-02-24 00:00:00+00:00,376.3921813690038,378.0941872587558,379.0121154785156,379.84399066333657,108194400
2023-02-27 00:00:00+00:00,379.365968807818,382.3492579579314,380.30303955078125,383.7070519585176,80444700
2023-02-28 00:00:00+00:00,378.79226552930106,379.82496053517093,378.8974609375,381.78512595829335,96438600
2023-03-01 00:00:00+00:00,376.14360422634064,378.08465625730815,377.4440002441406,379.3085704071732,99706800
2023-03-02 00:00:00+00:00,375.13961830151106,375.4742885040699,380.3795166015625,381.2209631061389,85127800
2023-03-03 00:00:00+00:00,381.54606794616154,382.1962660076362,386.47998046875,386.7285976253681,90120000
2023-03-06 00:00:00+00:00,386.3078442662089,387.30225445436355,386.7476806640625,389.5971190249731,72795900
2023-03-07 00:00:00+00:00,380.20742390861926,386.699921017692,380.8193664550781,386.93896700217493,108310600
2023-03-08 00:00:00+00:00,379.212962662717,380.9341111603913,381.4408874511719,382.19625170885286,74746600
2023-03-09 00:00:00+00:00,373.4184826190144,382.22492782127654,374.4033508300781,383.8887075845493,111945300
2023-03-10 00:00:00+00:00,367.4806170891498,373.8583475978051,369.0009460449219,375.93327957719293,189253000
2023-03-13 00:00:00+00:00,363.97141834242984,365.08059523708437,368.47503662109375,373.28466995051247,157790000
2023-03-14 00:00:00+00:00,370.0909552792131,373.38980130348455,374.56591796875,376.21055539266825,149752400
2023-03-15 00:00:00+00:00,366.8973453679593,368.9818486133687,372.2232971191406,372.42408758364206,172996900
2023-03-16 00:00:00+00:00,369.364323664859,369.8711000150825,378.7540283203125,379.09826973239205,143254200
2023-03-17 00:00:00+00:00,372.9431553160695,377.4255889740926,374.3253173828125,378.55818505074,140553400
2023-03-20 00:00:00+00:00,374.4022021758944,375.10286177523193,377.9247741699219,378.33752477252494,93055800
2023-03-21 00:00:00+00:00,379.6907633119906,381.28408976671983,382.88702392578125,383.3669404738883,91524200
2023-03-22 00:00:00+00:00,376.3218267349629,382.71431965042825,376.3601989746094,386.3232727268631,111746600
2023-03-23 00:00:00+00:00,374.6708879123496,379.22048781510506,377.37762451171875,383.25179889041164,119351300
2023-03-24 00:00:00+00:00,373.75902695920195,376.1010222149094,379.8539733886719,379.9403548581303,107682400
2023-03-27 00:00:00+00:00,379.671662586895,382.12883352250185,380.5643005371094,382.8967177472465,74010400
2023-03-28 00:00:00+00:00,377.8767370350477,379.8731772141997,379.71002197265625,380.5642582938647,62871700
2023-03-29 00:00:00+00:00,382.6662973806607,383.8660888939379,385.22906494140625,385.4690232440617,77497900
2023-03-30 00:00:00+00:00,385.62263176835995,387.8590304445402,387.4847106933594,388.10859647318574,69840000
2023-03-31 00:00:00+00:00,388.30051790737826,388.4061147934353,392.9461364746094,393.24368242982905,112062600
2023-04-03 00:00:00+00:00,392.03429064106433,392.4278257842298,394.4434814453125,394.84659500245755,67391100
2023-04-04 00:00:00+00:00,390.8825125238686,395.08658715925804,392.2550964355469,395.3745547308176,66601500
2023-04-05 00:00:00+00:00,389.5771434182015,391.52560384016596,391.2280578613281,392.28388034677903,65200200
2023-04-06 00:00:00+00:00,389.38518698879676,390.4314018268695,392.75421142578125,393.0325712994046,63743300
2023-04-10 00:00:00+00:00,389.66347951634174,390.27775752337686,393.1572570800781,393.23406013832266,63681000
2023-04-11 00:00:00+00:00,392.49496262249465,393.78113545650683,393.2628173828125,394.66416550169424,59297900
2023-04-12 00:00:00+00:00,391.0744279375137,395.3264818376402,391.659912109375,395.61444936283374,86420400
2023-04-13 00:00:00+00:00,391.6023169352439,392.7445207254535,396.8622131347656,397.2173467130726,85814800
2023-04-14 00:00:00+00:00,393.5892282764297,396.2287697684171,395.892822265625,398.4171884519207,78161500
2023-04-17 00:00:00+00:00,394.5778543396015,395.80643975007484,397.3133850097656,397.3325711300684,66436400
2023-04-18 00:00:00+00:00,396.1999248791392,398.8874459715307,397.5724792480469,399.02183667204184,63560000
2023-04-19 00:00:00+00:00,395.60486027089866,395.6624479202901,397.5053405761719,398.4075568472331,55227300
2023-04-20 00:00:00+00:00,393.7907434550367,394.6929889766768,395.3360900878906,397.0829934844094,75840400
2023-04-21 00:00:00+00:00,393.6947893230702,395.6336418065236,395.64324951171875,396.10395069254025,73457400
2023-04-24 00:00:00+00:00,394.10747868962846,395.4416314735753,396.0559387207031,396.4782676301581,64332100
2023-04-25 00:00:00+00:00,389.7114858346393,394.0883231137075,389.7690734863281,394.6450428024144,97766700
2023-04-26 00:00:00+00:00,387.56141271088387,390.3833244029181,388.11810302734375,391.4583328014488,80447000
2023-04-27 00:00:00+00:00,390.4025810177756,390.65214704527966,395.8448486328125,396.11360078097556,92968400
2023-04-28 00:00:00+00:00,394.904139565875,394.9617272106124,399.223388671875,399.2329963765921,89433100
2023-05-01 00:00:00+00:00,398.58993260769745,398.7819109693187,398.8203125,400.8455465437123,62122300
2023-05-02 00:00:00+00:00,391.43917444922255,398.1099974743272,394.3378601074219,398.1580067083917,103998500
2023-05-03 00:00:00+00:00,391.39117573178515,394.83697342513307,391.6311340332031,397.24616414474065,91531800
2023-05-04 00:00:00+00:00,387.52305652796423,390.5849268562114,388.85723876953125,390.91126663739385,94901900
2023-05-05 00:00:00+00:00,392.2262140059175,392.4853583991723,396.0559387207031,397.10215328992234,87891800
2023-05-08 00:00:00+00:00,394.76018132750204,396.3823017131118,396.1615295410156,396.64144612156804,50046800
2023-05-09 00:00:00+00:00,394.1939047732381,394.61623373049684,394.42425537109375,395.53766541370464,49220100
2023-05-10 00:00:00+00:00,392.44700411687967,397.25577792419296,396.26715087890625,397.88927136463667,96142900
2023-05-11 00:00:00+00:00,393.5028369960926,395.4033173680311,395.5760803222656,395.8640185793233,70157100
2023-05-12 00:00:00+00:00,392.63900049417026,396.8142810526254,395.0577697753906,397.0254455424627,70481500
2023-05-15 00:00:00+00:00,393.75238023444746,395.6624389099318,396.42071533203125,396.8238288685914,54289400
2023-05-16 00:00:00+00:00,393.7619377053924,395.3168627044219,393.77154541015625,396.23832360826236,57705500
2023-05-17 00:00:00+00:00,394.14594356293253,395.7872502342352,398.55157470703125,399.1562450551422,87287000
2023-05-18 00:00:00+00:00,398.01403224251106,398.23477512417634,402.390869140625,402.8131980774416,97177200
2023-05-19 00:00:00+00:00,400.5864117249465,403.29314851307697,401.8053894042969,403.8210450825171,103793300
2023-05-22 00:00:00+00:00,400.5864351115969,401.8246282749285,401.9685974121094,403.5043365562108,60745400
2023-05-23 00:00:00+00:00,397.06377080135275,400.3271976557855,397.4573059082031,401.90133808318683,86383500
2023-05-24 00:00:00+00:00,393.41639944632345,395.8543837451471,394.5777893066406,396.2383111304324,89213700
2023-05-25 00:00:00+00:00,395.84479511708275,398.0811934806872,397.99481201171875,399.4441694496832,90961600
2023-05-26 00:00:00+00:00,398.57071530888675,398.64748907245814,403.14910888671875,403.8689837488059,93830000
2023-05-30 00:00:00+00:00,401.9205417166639,405.07840112218025,403.3027038574219,405.6062976614237,72216000
2023-05-31 00:00:00+00:00,399.50172107325835,401.47897485167186,401.0662536621094,402.38122027969905,110811800
2023-06-01 00:00:00+00:00,400.0489015795839,401.2966730663804,404.8768615722656,405.9326839874396,88865000
2023-06-02 00:00:00+00:00,406.92130300774403,407.44919955900986,410.7318420410156,411.5188830151562,91426200
2023-06-05 00:00:00+00:00,409.2440744066445,411.0773593229492,409.94476318359375,412.36353228842165,65460200
2023-06-06 00:00:00+00:00,408.87930404707026,409.53201283462573,410.8373718261719,411.36526832885664,64022200
2023-06-07 00:00:00+00:00,408.99454113451293,411.2309690598289,409.4168701171875,412.36356528982583,85373300
2023-06-08 00:00:00+00:00,408.71620378018724,409.48405866767195,411.89324951171875,412.34437231335727,61952800
2023-06-09 00:00:00+00:00,411.6436057714387,412.6898203071148,412.6322326660156,414.6382802757191,85742800
2023-06-12 00:00:00+00:00,412.89150113320926,413.6113761039967,416.37567138671875,416.45247445367045,76104300
2023-06-13 00:00:00+00:00,417.1723282571571,417.8346155400201,419.12078857421875,419.76386044542505,95899700
2023-06-14 00:00:00+00:00,416.1740753599218,419.45671780561304,419.619873046875,421.4243641568749,100612100
2023-06-15 00:00:00+00:00,418.7080714411939,418.8040313332803,424.82220458984375,426.06997610483035,110303100
2023-06-16 00:00:00+00:00,422.90312715218045,426.80488011436864,423.37518310546875,427.3732818174655,114165800
2023-06-20 00:00:00+00:00,419.107257409602,421.4386947666536,421.1785583496094,422.3250049416328,76160400
2023-06-21 00:00:00+00:00,418.43288044222425,420.19591625792975,419.02056884765625,420.9955241203809,76982300
2023-06-22 00:00:00+00:00,417.72961825633774,418.06681362984074,420.5331115722656,420.6390713007603,70637200
2023-06-23 00:00:00+00:00,416.6409763099136,417.0841314152319,417.3538818359375,419.13617505158805,92074500
2023-06-26 00:00:00+00:00,415.4078319979814,416.7854848977608,415.648681640625,418.70263864501453,72823600
2023-06-27 00:00:00+00:00,416.0726085341393,416.52540707007813,420.2055969238281,420.8221567639146,72813700
2023-06-28 00:00:00+00:00,418.5100016357142,419.1265614695,420.41754150390625,421.4290983033547,75636000
2023-06-29 00:00:00+00:00,419.5986423394109,420.00325329466176,422.0745544433594,422.2383451446893,67882300
2023-06-30 00:00:00+00:00,424.9647708481831,425.2827088718478,427.05535888671875,428.0380149404403,104964000
2023-07-03 00:00:00+00:00,426.4291155030701,426.70850932168867,427.5466613769531,427.82602579498047,32793400
2023-07-05 00:00:00+00:00,425.725867203726,425.7355105986345,426.9108581542969,427.6430505530816,58418400
2023-07-06 00:00:00+00:00,421.06299828536083,423.3366343156822,423.5678405761719,423.991738320798,80658300
2023-07-07 00:00:00+00:00,422.2576244540767,422.5755624788719,422.49847412109375,426.4388005460157,86134200
2023-07-10 00:00:00+00:00,421.57359837767063,422.1420000351028,423.5678405761719,423.7412452715391,62443500
2023-07-11 00:00:00+00:00,423.3558667490492,424.32890870557475,426.26531982421875,426.7566624993896,64463800
2023-07-12 00:00:00+00:00,428.62567949600117,430.0515200243212,429.6950378417969,431.1016209821125,91924500
2023-07-13 00:00:00+00:00,431.07271183277675,431.50622355890425,433.10546875,433.89546265173254,72425200
2023-07-14 00:00:00+00:00,432.07463074719146,433.991813962652,432.8357238769531,434.83958003816,69815800
2023-07-17 00:00:00+00:00,432.6430320958501,432.6912196663996,434.338623046875,435.3887239970372,52680200
2023-07-18 00:00:00+00:00,433.5775554716282,434.01109662916457,437.5660400390625,438.2115006773749,80668200
2023-07-19 00:00:00+00:00,437.48893213427476,438.35601441060516,438.5390625,439.724023983291,65891700
2023-07-20 00:00:00+00:00,434.91667207150675,437.5467608684042,435.62957763671875,438.44271452207744,70591600
2023-07-21 00:00:00+00:00,435.61996364299455,437.3444259913096,435.62957763671875,437.5467608684042,71275600
2023-07-24 00:00:00+00:00,435.7452026173443,436.77604624077406,437.57568359375,438.3849349409323,54023400
2023-07-25 00:00:00+00:00,437.2577512159894,437.3059387900186,438.7702941894531,440.0227007047043,55191200
2023-07-26 00:00:00+00:00,436.78572453865155,437.8358256350003,438.8377685546875,440.26357987054627,71052900
2023-07-27 00:00:00+00:00,435.02262562113657,442.2192143317386,435.92822265625,442.6238546795818,92194400
2023-07-28 00:00:00+00:00,435.92822776892785,439.1941631701477,440.19610595703125,441.0246146496096,80011800
2023-07-31 00:00:00+00:00,439.35793761574195,440.6681750532694,441.0342712402344,441.39072403261815,62040400
2023-08-01 00:00:00+00:00,438.81846261305157,439.56991241987384,439.7722473144531,440.51405372612544,55291500
2023-08-02 00:00:00+00:00,432.903213273274,436.6604623365917,433.6546630859375,436.92056940230765,93933400
2023-08-03 00:00:00+00:00,430.9956375639887,431.64112757810364,432.4118347167969,434.2904737931767,64276100
2023-08-04 00:00:00+00:00,429.9358722590493,434.2230076857938,430.45611572265625,436.32320952695244,100128900
2023-08-07 00:00:00+00:00,431.59293351328745,432.28658168791264,434.21337890625,434.36752621178806,58357500
2023-08-08 00:00:00+00:00,428.9725267488997,431.67967473239247,432.3251647949219,434.20380401220746,71361300
2023-08-09 00:00:00+00:00,428.67381291504086,432.5948520910791,429.4349060058594,432.7586427817327,78789600
2023-08-10 00:00:00+00:00,428.42337671620794,431.7856284811605,429.5890808105469,435.16716703483127,93005500
2023-08-11 00:00:00+00:00,427.1227874459535,427.72008989099777,429.3385925292969,430.3501787286785,68690900
2023-08-14 00:00:00+00:00,428.11509896255956,428.4233935882657,431.70855712890625,431.70855712890625,47867400
2023-08-15 00:00:00+00:00,426.1111954097984,429.9358890851779,426.67962646484375,430.2923712690211,75707500
2023-08-16 00:00:00+00:00,423.44259484772283,426.26534575201464,423.548583984375,427.9223925566891,80107200
2023-08-17 00:00:00+00:00,419.8008930565569,425.0128824284278,420.3211364746094,425.27298943715965,95711300
2023-08-18 00:00:00+00:00,417.1612164787308,417.5080258452247,420.5234680175781,421.5543115245304,98852000
2023-08-21 00:00:00+00:00,419.3866396038395,421.5349994297979,423.2594909667969,424.00129722321185,68719000
2023-08-22 00:00:00+00:00,421.5543703601319,425.032225506542,422.1131286621094,425.032225506542,64994200
2023-08-23 00:00:00+00:00,423.0283039267051,423.17280782729074,426.814453125,427.431042301619,68441000
2023-08-24 00:00:00+00:00,420.8703007742917,428.41372832126285,420.89923095703125,428.9243284062607,88517300
2023-08-25 00:00:00+00:00,419.0783330051314,422.623632306367,423.8664245605469,425.14773158497053,102325100
2023-08-28 00:00:00+00:00,423.86643129217725,426.053335262057,426.5543212890625,427.17088102922287,61595400
2023-08-29 00:00:00+00:00,426.265280717647,426.4483287798158,432.7200622558594,432.9994560455783,83081900
2023-08-30 00:00:00+00:00,432.35399106524045,433.057282576268,434.50238037109375,435.13822692888783,69053900
2023-08-31 00:00:00+00:00,433.6835290574293,435.11898360214246,433.8665771484375,436.2557869248091,66084600
2023-09-01 00:00:00+00:00,433.2210704898494,436.5833515582069,434.6758117675781,437.06505085275637,58944100
2023-09-05 00:00:00+00:00,432.72973410501413,434.23263347174435,432.7971496582031,434.5505420529184,55166200
2023-09-06 00:00:00+00:00,427.5659620214055,431.987958395261,429.88775634765625,432.0939475374288,70758500
2023-09-07 00:00:00+00:00,426.5447281630559,426.8915375451562,428.56787109375,429.24223247025344,70355400
2023-09-08 00:00:00+00:00,428.25959315019446,428.61604594030854,429.2133483886719,430.74514868706615,61659700
2023-09-11 00:00:00+00:00,430.12856253408137,431.83376742594476,432.0361022949219,432.34436749416994,60180100
2023-09-12 00:00:00+00:00,429.08809157187744,430.5909909482861,429.6661071777344,432.1131477113599,67565400
2023-09-13 00:00:00+00:00,428.78943192828973,429.8877204342684,430.1671142578125,431.3231749266096,60199300
2023-09-14 00:00:00+00:00,431.332833106535,432.6334271290332,433.8761901855469,434.5698383708397,83430800
2023-09-15 00:00:00+00:00,428.2137322540361,432.29361669829296,428.6487731933594,432.62232413166026,111848900
2023-09-18 00:00:00+00:00,427.86557530879384,428.3392962837647,428.9000549316406,430.1955590603149,55752200
2023-09-19 00:00:00+00:00,425.3326034960519,427.981617392204,428.0106201171875,428.57137880593234,66514600
2023-09-20 00:00:00+00:00,423.87269606637597,429.26743850526196,424.07574462890625,429.6831540306982,82562600
2023-09-21 00:00:00+00:00,416.9118372759941,421.2334205936458,417.0665283203125,421.4944451347644,104095800
2023-09-22 00:00:00+00:00,415.71297806578804,418.09131961695476,416.12872314453125,419.6865285568745,100829700
2023-09-25 00:00:00+00:00,414.485134786977,414.920205158679,417.87860107421875,417.9172517040119,70874500
2023-09-26 00:00:00+00:00,410.90794984146544,414.8428197503268,411.7394104003906,415.54859200929735,96168400
2023-09-27 00:00:00+00:00,408.2686420542666,412.90925504168933,411.9037780761719,413.4700137261174,104705800
2023-09-28 00:00:00+00:00,410.76297593705533,411.3527373620953,414.2917785644531,415.964347748709,92258300
2023-09-29 00:00:00+00:00,411.7684378270295,417.3371969608053,413.28631591796875,417.5112133076614,115111300
2023-10-02 00:00:00+00:00,410.36654108063146,412.4548256054054,413.1219177246094,414.3690937958554,83798600
2023-10-03 00:00:00+00:00,406.22867088652805,410.94664397430034,407.59185791015625,413.1799422139496,103760600
2023-10-04 00:00:00+00:00,406.59609392791054,408.0559666596498,410.5599670410156,411.3043900178651,87453000
2023-10-05 00:00:00+00:00,407.1858225474584,410.269877205424,410.4052429199219,411.2463514179395,70142700
2023-10-06 00:00:00+00:00,406.63478734252965,407.95929439211045,415.2779541015625,416.81515765208843,113273300
2023-10-09 00:00:00+00:00,412.8318987010215,413.3829504373266,417.93658447265625,418.5069910271343,80374400
2023-10-10 00:00:00+00:00,418.1686672417201,418.5650575162268,420.1119384765625,422.70294712015226,78607300
2023-10-11 00:00:00+00:00,418.797068320578,421.17540990507433,421.83282470703125,422.08417183466213,62451700
2023-10-12 00:00:00+00:00,416.91176888328704,422.4418474172078,419.2610778808594,422.81888280363904,81154200
2023-10-13 00:00:00+00:00,415.60661494268294,420.7596289275812,417.1728210449219,421.9584770278049,95143100
2023-10-16 00:00:00+00:00,419.1741138914331,419.4158131019472,421.5621032714844,422.6255856986061,75433200
2023-10-17 00:00:00+00:00,418.0913430371363,418.43937576892034,421.54278564453125,423.5924199141401,75324700
2023-10-18 00:00:00+00:00,414.8428210042976,419.77349041439385,415.9256286621094,420.7306097718711,93559800
2023-10-19 00:00:00+00:00,411.5944086302288,416.64108906158174,412.2711486816406,418.44899434083845,121323000
2023-10-20 00:00:00+00:00,407.0987761718527,411.83610400929126,407.20513916015625,412.37750784711915,123919900
2023-10-23 00:00:00+00:00,403.9277671716339,405.67766734824943,406.49945068359375,410.35699070368474,92035100
2023-10-24 00:00:00+00:00,406.7701212432729,408.61670687631084,409.5641784667969,410.71466914656554,78564200
2023-10-25 00:00:00+00:00,403.17360349885,407.88192884542195,403.6860046386719,407.91093157015536,94223200
2023-10-26 00:00:00+00:00,397.9335505307934,402.6225206966068,398.85198974609375,403.47327705797994,115156800
2023-10-27 00:00:00+00:00,395.6229054415524,400.43756406837696,397.0440979003906,400.83395429205797,107367700
2023-10-30 00:00:00+00:00,398.53300645045545,399.82851071417565,401.7911071777344,402.84491222424634,86562700
2023-10-31 00:00:00+00:00,400.4568834170143,402.3614742415841,404.3144226074219,404.6334525608876,79665200
2023-11-01 00:00:00+00:00,404.74947812853236,405.28123407598383,408.6263427734375,409.43844855236455,98068100
2023-11-02 00:00:00+00:00,412.39686933434086,412.41619465013827,416.4574279785156,416.61211901779166,94938900
2023-11-03 00:00:00+00:00,418.63274625361095,418.7584345746445,420.2569580078125,421.80383898984763,100167800
2023-11-06 00:00:00+00:00,419.2804228673673,421.0109973746679,421.22369384765625,421.66841210779677,67831700
2023-11-07 00:00:00+00:00,420.0829145000172,421.2237277176419,422.42254638671875,423.0606358569916,64256100
2023-11-08 00:00:00+00:00,420.43095231056213,423.02196085453033,422.73193359375,423.5440394282341,61746000
2023-11-09 00:00:00+00:00,419.0097266771128,423.8727133946502,419.43511962890625,423.9113935278032,83174400
2023-11-10 00:00:00+00:00,419.4254351571336,421.5040718428815,425.9803161621094,426.2896982135309,89462200
2023-11-13 00:00:00+00:00,423.86306009469695,424.64616313137293,425.57427978515625,426.6764127794683,52236100
2023-11-14 00:00:00+00:00,431.2784220719966,431.50079597873554,433.8307800292969,435.1166069139446,97176900
2023-11-15 00:00:00+00:00,433.8984205823122,435.16492211328534,434.74920654296875,436.3927730128096,77327600
2023-11-16 00:00:00+00:00,433.2410185572766,434.3045010394223,435.2809753417969,435.60000533429076,66665800
2023-11-17 00:00:00+00:00,434.37219232906403,435.2906316917746,435.8223876953125,436.43147446982493,83133200
2023-11-20 00:00:00+00:00,435.5613141930735,435.57099160312566,439.1771545410156,440.0182630951851,69936200
2023-11-21 00:00:00+00:00,436.95346926763995,438.13296253247677,438.219970703125,439.05143128536895,49244600
2023-11-22 00:00:00+00:00,438.8194400859089,439.8732451207241,439.9118957519531,441.22675482120695,59394900
2023-11-24 00:00:00+00:00,439.6315348978691,439.9602422808771,440.1825866699219,440.3759578384197,29737400
2023-11-27 00:00:00+00:00,439.00305871890555,439.55413995178077,439.3898010253906,440.3662456876674,50506000
2023-11-28 00:00:00+00:00,438.44234728096177,439.0030764411284,439.8248596191406,441.1203637861366,62115000
2023-11-29 00:00:00+00:00,439.1191726740231,441.97120588419773,439.5155334472656,443.1023712619962,63146000
2023-11-30 00:00:00+00:00,438.2876976332808,440.35665713551293,441.24609375,441.59415597189025,79752700
2023-12-01 00:00:00+00:00,440.04720280394565,440.63693464669717,443.85638427734375,444.3881106766868,89183400
2023-12-04 00:00:00+00:00,439.25451058722007,440.4726841519421,441.5264892578125,443.87579870037587,72430900
2023-12-05 00:00:00+00:00,439.7668535301099,440.14391844231596,441.4394226074219,442.3965419933345,69793500
2023-12-06 00:00:00+00:00,439.225482586349,443.57606849081975,439.6605529785156,443.60507121667763,69124700
2023-12-07 00:00:00+00:00,441.13973162302386,441.7391409339485,443.01531982421875,443.66305717468333,66995400
2023-12-08 00:00:00+00:00,442.02917923250493,442.27087844484373,444.919921875,445.451648340426,83194400
2023-12-11 00:00:00+00:00,444.21416465607524,444.4268611503367,446.6504821777344,446.8245280398024,65002200
2023-12-12 00:00:00+00:00,445.30661038207074,446.30240990232363,448.6903991699219,448.78708475043413,68327600
2023-12-13 00:00:00+00:00,448.70976090431213,449.06747102737427,454.8779296875,455.12930631637573,93278000
2023-12-14 00:00:00+00:00,453.6693999362765,456.8114895469167,456.3377685546875,458.0006602364905,119026000
2023-12-15 00:00:00+00:00,453.74210049149804,455.7417745258769,455.5864562988281,456.91636306344805,141553700
2023-12-18 00:00:00+00:00,456.13009218585904,457.1881698520897,458.149169921875,459.1296032853033,70375300
2023-12-19 00:00:00+00:00,458.61509172941334,458.69273602664884,460.9350891113281,461.0127630324847,55761800
2023-12-20 00:00:00+00:00,454.1206728290634,460.0808576886502,454.54779052734375,461.96405036999886,102921000
2023-12-21 00:00:00+00:00,455.1108062836296,457.52788134560456,458.8577880859375,459.1295875723286,86667500
2023-12-22 00:00:00+00:00,457.8870276491879,459.98374941589714,459.7799072265625,461.45925759296136,67160400
2023-12-26 00:00:00+00:00,460.109981297383,460.18765521976536,461.72137451171875,462.62413389794295,55387000
2023-12-27 00:00:00+00:00,460.9836571015111,461.5175394244562,462.55621337890625,462.70181495571654,68000300
2023-12-28 00:00:00+00:00,462.3135559501247,462.9153955785237,462.73095703125,463.5657591935007,77158100
2023-12-29 00:00:00+00:00,459.44014657654174,462.53673484415077,461.39129638671875,463.060930093317,122283100
2024-01-02 00:00:00+00:00,456.7124526493962,458.3335624378489,458.8092041015625,459.7993540123723,123623700
2024-01-03 00:00:00+00:00,454.4604162904711,456.6542157231931,455.062255859375,457.3919698393569,103585900
2024-01-04 00:00:00+00:00,453.3731600721968,454.5865557790852,453.596435546875,457.1686653982138,84232200
2024-01-05 00:00:00+00:00,452.7713549830218,453.8003122508208,454.2177429199219,456.66393818647634,86118900
2024-01-08 00:00:00+00:00,454.5866154970485,454.71281340697016,460.7021484375,460.8477500166702,74879100
2024-01-09 00:00:00+00:00,457.54726208619434,458.05202403896755,460.003173828125,461.02241437904433,65931400
2024-01-10 00:00:00+00:00,459.9934757568045,460.27499186871785,462.6047058105469,463.4686578138975,67310600
2024-01-11 00:00:00+00:00,458.4306513904914,463.60455806414546,462.40087890625,464.119036700077,77940700
2024-01-12 00:00:00+00:00,461.31370050606375,463.847256832393,462.7212219238281,464.5850109920546,58026400
2024-01-16 00:00:00+00:00,459.207164709733,461.3427529504032,461.02239990234375,462.65319658217305,85014900
2024-01-17 00:00:00+00:00,456.110630489601,458.00353981867966,458.45977783203125,458.94513616011074,68843900
2024-01-18 00:00:00+00:00,458.58594911701266,460.12938495584103,462.5367431640625,463.09005873569527,91856200
2024-01-19 00:00:00+00:00,462.5852901238366,463.66277131466796,468.30279541015625,468.5843115147551,110834500
2024-01-22 00:00:00+00:00,468.64260604571103,469.83659824827777,469.2929992675781,471.01115715758357,75844900
2024-01-23 00:00:00+00:00,468.7493682867175,469.836566173897,470.6616516113281,470.9043307691421,49945300
2024-01-24 00:00:00+00:00,470.6810725123754,473.52526505734005,471.1761474609375,474.45714470411593,81765000
2024-01-25 00:00:00+00:00,471.1761237432126,473.30196574868353,473.7388000488281,474.0105994997861,72525000
2024-01-26 00:00:00+00:00,472.29247468488353,473.3117152908374,473.1369934082031,474.79691054106985,76641600
2024-01-29 00:00:00+00:00,472.9040272208165,473.4476261562877,476.8839416503906,477.0295728420406,61322800
2024-01-30 00:00:00+00:00,475.7578883130134,476.1947226231299,476.51507568359375,477.2236798269538,58618400
2024-01-31 00:00:00+00:00,468.72025176527393,474.3115894395865,468.73968505859375,474.7581108271003,126011100
2024-02-01 00:00:00+00:00,469.6327095934461,470.43842101293257,474.8746032714844,474.90372358641025,91891600
2024-02-02 00:00:00+00:00,474.971642466127,475.31139921660196,479.873779296875,481.5239798187347,99228200
2024-02-05 00:00:00+00:00,475.8744551474019,479.24284325758833,478.1264953613281,479.9029234991888,75757100
2024-02-06 00:00:00+00:00,477.64108188661896,479.06803644581043,479.51458740234375,479.84462748505155,55918600
2024-02-07 00:00:00+00:00,480.8541325434168,481.75692144262655,483.513916015625,483.93131701939416,70556500
2024-02-08 00:00:00+00:00,482.69855130751233,483.513949705615,483.7275085449219,484.1060726186496,52343600
2024-02-09 00:00:00+00:00,483.89249957484776,484.2322563033971,486.5231628417969,486.95996752942966,63979400
2024-02-12 00:00:00+00:00,485.59131136468835,486.4941004077062,486.3096618652344,488.7558572787602,56502300
2024-02-13 00:00:00+00:00,476.3500701317823,480.04849815534635,479.6116638183594,482.53353038052535,113099200
2024-02-14 00:00:00+00:00,479.92234357796184,482.24237077339893,483.9702453613281,484.45560372449836,68387800
2024-02-15 00:00:00+00:00,484.19342663721847,484.6690979139186,487.3094482421875,487.4938867654942,61683000
2024-02-16 00:00:00+00:00,484.1449058140717,487.0085316428908,484.8826599121094,488.14425347916483,75532900
2024-02-20 00:00:00+00:00,479.970842787005,483.14507545774694,482.21319580078125,483.8148722929186,71736700
2024-02-21 00:00:00+00:00,479.10685392666875,480.9124020985744,482.64996337890625,482.80528158044035,59293400
2024-02-22 00:00:00+00:00,488.2898811137423,489.25091074641995,492.6387023925781,493.59970240133447,76402500
2024-02-23 00:00:00+00:00,492.25038663284334,494.3568250348437,492.9784240722656,495.1916567031526,61321800
2024-02-26 00:00:00+00:00,491.0466536727384,493.4152043952731,491.1728515625,493.85203868692207,50386700
2024-02-27 00:00:00+00:00,489.96926336586625,491.8621728153631,492.0854187011719,492.3086942109039,48854500
2024-02-28 00:00:00+00:00,490.17304819868775,490.53220860244136,491.43499755859375,492.0174038220213,56506600
2024-02-29 00:00:00+00:00,490.55162288856457,493.19197313484807,493.20166015625,494.8130532117829,83924800
2024-03-01 00:00:00+00:00,493.6676174504883,494.07533144522296,497.83197021484375,498.2590878764062,76844800
2024-03-04 00:00:00+00:00,497.00692307628157,497.03607301464484,497.2981262207031,499.1425115484434,49799300
2024-03-05 00:00:00+00:00,490.1245174506037,495.29842384541166,492.3280334472656,495.7449748064334,72855600
2024-03-06 00:00:00+00:00,493.53177482463775,495.59937641592427,494.82281494140625,497.07488469099843,68382400
2024-03-07 00:00:00+00:00,494.8810662776538,498.11356939849594,499.7346496582031,500.78304025779806,58652100
2024-03-08 00:00:00+00:00,496.1623881738849,500.36560770630734,496.735107421875,503.04473579557066,86532500
2024-03-11 00:00:00+00:00,493.6093924281333,495.5314219659159,496.3079833984375,496.89041928478855,62557200
2024-03-12 00:00:00+00:00,495.90028750048145,498.41446966211043,501.64697265625,502.22937893995004,73114400
2024-03-13 00:00:00+00:00,499.4239541516855,501.9672268025058,500.860595703125,502.1419486738022,55104100
2024-03-14 00:00:00+00:00,496.8321056215107,501.8312598413551,499.8704528808594,501.9866076537262,110171800
2024-03-15 00:00:00+00:00,494.77306623402836,496.80816405826874,496.4381408691406,498.2590460217431,107646300
2024-03-18 00:00:00+00:00,498.9795987021718,500.498619372016,499.3885498046875,501.93972478311895,88893300
2024-03-19 00:00:00+00:00,497.69420694088996,498.6971800566581,502.1636657714844,502.44602683293346,60755300
2024-03-20 00:00:00+00:00,501.5501685674469,502.2220463909248,506.80828857421875,506.9446253921805,69594600
2024-03-21 00:00:00+00:00,508.20082532016534,509.6419901809582,508.4832458496094,510.34304922248214,60256100
2024-03-22 00:00:00+00:00,507.28551081424,508.3955803879005,507.5192565917969,508.8824467519345,79070800
2024-03-25 00:00:00+00:00,505.96120440733904,506.1462159868013,506.1170349121094,507.2660322991133,48512100
2024-03-26 00:00:00+00:00,504.78304672651166,507.53866742888704,505.1822509765625,507.87950952715136,65463700
2024-03-27 00:00:00+00:00,505.8443747669276,508.00609219695343,509.4277038574219,509.4666912006187,82999800
2024-03-28 00:00:00+00:00,509.04799170553036,509.46668962011773,509.3303527832031,510.8298796934876,96294900
2024-04-01 00:00:00+00:00,507.2855305336226,510.07045141241963,508.44427490234375,510.6059925472889,62477500
2024-04-02 00:00:00+00:00,502.9134325371014,504.62721155274875,505.21148681640625,505.3477642225264,74230300
2024-04-03 00:00:00+00:00,504.07222450545925,504.1208992573895,505.7665100097656,507.266096506351,59155800
2024-04-04 00:00:00+00:00,499.2911933332161,509.76856679026787,499.5930480957031,510.10934946561747,96858100
2024-04-05 00:00:00+00:00,500.5083132867227,500.9465048519071,504.81219482421875,506.7694068986325,74546500
2024-04-08 00:00:00+00:00,504.2864491311744,505.51336185898396,505.0946044921875,506.5162756490336,48401800
2024-04-09 00:00:00+00:00,500.83941141698267,506.8278915451877,505.67889404296875,507.0713247303679,68049200
2024-04-10 00:00:00+00:00,498.6388015333815,499.9922448100833,500.6154479980469,502.6018412987628,82652800
2024-04-11 00:00:00+00:00,498.62901322296943,502.13442685782303,504.39349365234375,505.8345989017068,70099000
2024-04-12 00:00:00+00:00,495.70784003413945,500.85889444352966,497.4313659667969,502.27081877394835,92561100
2024-04-15 00:00:00+00:00,490.3522904966187,501.5989207934361,491.199462890625,501.7644387082916,92101400
2024-04-16 00:00:00+00:00,489.018254666714,491.676555438244,490.3035888671875,493.19557596027215,73484000
2024-04-17 00:00:00+00:00,486.00945537176443,492.7574157801548,487.4018859863281,492.9229634124424,75910300
2024-04-18 00:00:00+00:00,485.46415075166374,488.7943295112607,486.39892578125,490.88784877913054,74548100
2024-04-19 00:00:00+00:00,480.8875721611567,486.3210167619427,482.1534423828125,487.31421332567436,102212600
2024-04-22 00:00:00+00:00,482.41642801907807,484.7533807670464,486.59375,489.1838827819534,67961000
2024-04-23 00:00:00+00:00,486.4086807205422,488.5995792337359,492.367919921875,492.7963646750655,64633600
2024-04-24 00:00:00+00:00,489.9141678416356,493.2540640735244,492.13427734375,494.0427852311199,55928100
2024-04-25 00:00:00+00:00,484.4222826199273,486.0678932982719,490.2646789550781,491.0241892900092,69122400
2024-04-26 00:00:00+00:00,492.4166096033967,493.0495298783495,494.90936279296875,496.4868049205615,64306100
2024-04-29 00:00:00+00:00,493.9259228058318,496.6913201679961,496.662109375,497.33398732987405,46415400
2024-04-30 00:00:00+00:00,488.7943420410156,495.20149000874,488.7943420410156,496.1752226900087,77483600
2024-05-01 00:00:00+00:00,486.7397509352648,488.2100967940072,487.2071533203125,494.841213980312,80242800
2024-05-02 00:00:00+00:00,486.4281553313073,490.9073316662554,491.76422119140625,492.6016467604268,62550200
2024-05-03 00:00:00+00:00,495.20150126804214,497.73321224009646,497.85980224609375,499.08668524553275,72756700
2024-05-06 00:00:00+00:00,499.81694342031363,500.25513498697876,503.0010681152344,503.039996024656,47264700
2024-05-07 00:00:00+00:00,502.8842439138016,503.96507290224616,503.5561218261719,504.9485523975052,52561300
2024-05-08 00:00:00+00:00,501.6086876910597,501.72553086291623,503.6048278808594,504.14036899052337,42047200
2024-05-09 00:00:00+00:00,503.1375445410904,503.789928938462,506.5066223144531,506.54560966661455,43643700
2024-05-10 00:00:00+00:00,505.94176974404485,508.10342768254765,507.158935546875,508.91164241656554,52233200
2024-05-13 00:00:00+00:00,506.08776976766853,508.8337028193061,507.2270202636719,508.9407991411694,36716400
2024-05-14 00:00:00+00:00,506.8863031411852,507.42184425163964,509.5543212890625,510.070428158798,57535900
2024-05-15 00:00:00+00:00,511.38492968552964,512.0178797101214,515.8641357421875,516.1562436643347,59504900
2024-05-16 00:00:00+00:00,514.6566506998298,515.9614786446474,514.802734375,517.558414507879,50244800
2024-05-17 00:00:00+00:00,513.4686086768853,514.9194605352642,515.5426635742188,515.6108319783463,59187600
2024-05-20 00:00:00+00:00,515.2700824401487,515.6595992673854,516.13671875,517.5973177042522,37764200
2024-05-21 00:00:00+00:00,515.1727614260365,515.3772666864285,517.402587890625,517.5584184029028,33437000
2024-05-22 00:00:00+00:00,513.7413773413039,516.7113097871478,515.912841796875,517.4221156794935,48390000
2024-05-23 00:00:00+00:00,510.9369308576571,518.9605372397859,512.1444091796875,519.0676335599267,57211200
2024-05-24 00:00:00+00:00,513.0402667962413,513.9847589456947,515.5330200195312,516.3412347653415,41291100
2024-05-28 00:00:00+00:00,513.2642204156563,516.3412489766735,515.893310546875,516.5749353115505,36269600
2024-05-29 00:00:00+00:00,511.5698948988185,511.87174962966077,512.2807006835938,513.458938533357,45190300
2024-05-30 00:00:00+00:00,507.6360688600374,510.7422784507473,508.8824157714844,511.4044095336918,46377600
2024-05-31 00:00:00+00:00,504.7440541264526,509.8367164200918,513.5173950195312,513.6439850215788,90785800
2024-06-03 00:00:00+00:00,508.87267437322015,515.1240809646227,513.9360961914062,515.4064420460951,46835700
2024-06-04 00:00:00+00:00,511.17072418863216,512.631323194632,514.5106201171875,515.2506664560023,34632700
2024-06-05 00:00:00+00:00,514.84169649016,516.8281493311971,520.6256713867188,520.6451650598835,47610400
2024-06-06 00:00:00+00:00,518.6879340097541,520.9275073614583,520.6159057617188,521.3559521321091,30808500
2024-06-07 00:00:00+00:00,518.55161418802,519.6421901069427,519.9830322265625,522.7873872843439,43224500
2024-06-10 00:00:00+00:00,518.5808597177815,519.1748224338155,521.5896606445312,521.9110090941606,35686100
2024-06-11 00:00:00+00:00,518.0744503489441,520.0414093421914,522.8457641601562,522.9041857425336,36383400
2024-06-12 00:00:00+00:00,526.1077383475028,527.4028194115604,527.139892578125,529.8274041983666,63251300
2024-06-13 00:00:00+00:00,525.4164935113477,528.8829798084458,528.2013549804688,529.0582445758802,44760900
2024-06-14 00:00:00+00:00,525.6696157422205,526.6725890295746,528.522705078125,528.551886156822,40089900
2024-06-17 00:00:00+00:00,527.3834034899254,527.8410888070123,532.7291870117188,534.1216772051151,55839500
2024-06-18 00:00:00+00:00,532.3688016931667,532.7874995764366,534.0825805664062,534.2091705580833,41376400
2024-06-20 00:00:00+00:00,530.8596351285086,535.0077463215187,532.6318359375,535.6698774866474,70328200
2024-06-21 00:00:00+00:00,530.4621308750893,531.810221745453,531.9176635742188,533.0313142277637,64338600
2024-06-24 00:00:00+00:00,530.0714395414016,531.7419157804823,530.1886596679688,534.3013212499749,45528700
2024-06-25 00:00:00+00:00,529.8955424418219,531.4096852385123,532.2302856445312,532.5917242597523,37936200
2024-06-26 00:00:00+00:00,530.4720243887124,531.1167351250136,532.8946533203125,533.6077524053179,38550600
2024-06-27 00:00:00+00:00,532.0153722749866,532.7578061070262,533.7346801757812,534.3110621107577,35041500
2024-06-28 00:00:00+00:00,530.3937489459842,534.5063503169283,531.6343383789062,537.5542520433446,76144500
2024-07-01 00:00:00+00:00,529.973784394742,533.0118486999152,532.7285766601562,533.2560672380866,40297800
2024-07-02 00:00:00+00:00,531.0775079183517,531.1263396875488,536.3135375976562,536.3135375976562,40434800
2024-07-03 00:00:00+00:00,535.9618958708759,536.000949362856,538.7069091796875,539.068347757372,32789900
2024-07-05 00:00:00+00:00,538.3748605783948,539.0098526062544,541.8134765625,542.213968717536,41488400
2024-07-08 00:00:00+00:00,541.3737797869028,542.5948722312855,542.4385986328125,543.3861377502993,36110500
2024-07-09 00:00:00+00:00,542.6730752067231,543.3959524424528,542.9661254882812,544.2946598471173,27289700
2024-07-10 00:00:00+00:00,543.8942239279161,544.1872742397521,548.3389892578125,548.6808713510104,38701200
2024-07-11 00:00:00+00:00,542.9759074999535,548.4561564855596,543.61083984375,549.3255886798729,53054200
2024-07-12 00:00:00+00:00,544.2654447499774,544.7343252522627,547.0397338867188,550.6346235261244,53084400
2024-07-15 00:00:00+00:00,546.6880438244344,549.0325654558818,548.5441284179688,551.7775792240066,40584300
2024-07-16 00:00:00+00:00,549.1008762046278,549.8530882979716,551.7970581054688,552.090108393895,36475300
2024-07-17 00:00:00+00:00,543.7379175635831,545.8772743812609,544.060302734375,547.5477506768178,57119000
2024-07-18 00:00:00+00:00,537.7007404833427,545.593898977862,539.879150390625,546.580551242634,56270400
2024-07-19 00:00:00+00:00,535.2389658144236,539.6446767543289,536.2940063476562,541.2663208584747,65509100
2024-07-22 00:00:00+00:00,538.2771238069361,540.2113152231016,541.8231811523438,542.4288382548532,43346700
2024-07-23 00:00:00+00:00,540.4849516029554,541.7157629327536,540.973388671875,543.8648979607326,34439600
2024-07-24 00:00:00+00:00,527.7952979520205,536.1671163330532,528.7135620117188,536.4699449259502,74515300
2024-07-25 00:00:00+00:00,525.0210402154329,528.8308137450439,525.9588012695312,534.7995603016705,61158300
2024-07-26 00:00:00+00:00,528.9675745637637,529.7393433023149,531.849365234375,534.535769150024,53763800
2024-07-29 00:00:00+00:00,530.169004207153,533.3927359573876,532.161865234375,534.3988851266782,39515800
2024-07-30 00:00:00+00:00,526.0662565076813,533.6272524601584,529.4657592773438,534.6822931769603,46853600
2024-07-31 00:00:00+00:00,534.9166765387299,536.2842643515584,538.0719604492188,540.6997538692295,65663400
2024-08-01 00:00:00+00:00,526.9551667505608,539.7913062018092,530.452392578125,542.0381046138815,76428700
2024-08-02 00:00:00+00:00,516.3756265717791,523.3603002519518,520.5762329101562,524.5716145988897,82789100
2024-08-05 00:00:00+00:00,498.4695101090915,499.80785259777787,505.41510009765625,511.4717311244644,146267400
2024-08-06 00:00:00+00:00,505.89374911647377,507.2125052074326,510.0747985839844,517.4990173620844,84826300
2024-08-07 00:00:00+00:00,506.0695264870208,516.2485361223863,506.6654052734375,519.2964376315753,70698300
2024-08-08 00:00:00+00:00,509.77197692780607,511.79405372836936,518.3782348632812,519.0033889369354,63276600
2024-08-09 00:00:00+00:00,516.3365178449808,517.5576103421191,520.6640625,522.1489300560904,45619600
2024-08-12 00:00:00+00:00,518.6713279832952,521.8559471668351,520.9376831054688,523.3407552909962,42542100
2024-08-13 00:00:00+00:00,523.8781373672056,524.1223559231595,529.5048828125,529.7393827100993,52333100
2024-08-14 00:00:00+00:00,527.6292352085552,530.2960824274743,531.17529296875,532.3573320967027,42446900
2024-08-15 00:00:00+00:00,536.1866195717042,536.7922766972661,540.2797241210938,540.5629961238054,60846800
2024-08-16 00:00:00+00:00,538.5116347380534,538.6679083622046,541.4910888671875,542.1846909540823,44430700
2024-08-19 00:00:00+00:00,541.0514314058853,541.9013070349608,546.66845703125,546.66845703125,39121800
2024-08-20 00:00:00+00:00,544.4412283435015,546.2191462607274,545.779541015625,547.8700657821756,33732300
2024-08-21 00:00:00+00:00,541.9014090213768,546.8248931770081,547.6552124023438,549.1107454289771,41514600
2024-08-22 00:00:00+00:00,542.1456191373768,549.5503421956289,543.35693359375,550.1559994238155,56121500
2024-08-23 00:00:00+00:00,544.4021520897437,546.5904001832064,549.1302490234375,550.0680696349215,50639400
2024-08-26 00:00:00+00:00,546.1213548703539,550.1558489432847,547.8211059570312,550.8689478276912,35788600
2024-08-27 00:00:00+00:00,545.4083020191189,546.5512279111676,548.5733642578125,549.0618012606642,32693900
2024-08-28 00:00:00+00:00,542.2041141850556,548.2314695905903,545.3887329101562,548.661296528156,41066000
2024-08-29 00:00:00+00:00,544.2946960843145,547.352316743397,545.4376220703125,550.644377643334,38715200
2024-08-30 00:00:00+00:00,544.2557340828612,547.8017923810901,550.6444702148438,551.1524639045385,62700100
2024-09-03 00:00:00+00:00,536.8021094517958,547.5086116923438,539.3126831054688,547.8407751289367,60600100
2024-09-04 00:00:00+00:00,536.7532683896355,537.4761456891545,538.2088012695312,541.6083040829072,47224900
2024-09-05 00:00:00+00:00,534.4478166491117,538.1502077884983,536.8997802734375,540.9928852935313,44264300
2024-09-06 00:00:00+00:00,526.9649400293706,537.2221175565589,527.8636474609375,538.8437022454943,68493800
2024-09-09 00:00:00+00:00,530.1300820359571,532.0545552082202,533.7738037109375,535.0437878658838,40445800
2024-09-10 00:00:00+00:00,530.8138918516801,535.678706144088,536.0987548828125,536.450474898389,36394600
2024-09-11 00:00:00+00:00,527.4729497044474,536.0108196239122,541.5985107421875,542.5167747623394,75248600
2024-09-12 00:00:00+00:00,539.9573366553728,542.1748597619055,546.1605224609375,546.4633510224045,51819600
2024-09-13 00:00:00+00:00,546.5122052774053,546.7662020730168,549.0130004882812,550.0094311099382,39310500
2024-09-16 00:00:00+00:00,546.9517795427174,548.7491943236346,549.8237915039062,550.0875069413107,36656100
2024-09-17 00:00:00+00:00,547.8212213158272,552.0315464267048,550.0485229492188,553.4773606816602,49321000
2024-09-18 00:00:00+00:00,547.8602888957543,550.702966140304,548.4171142578125,555.5385046014119,59044900
2024-09-19 00:00:00+00:00,554.9426137920285,557.8048475354702,557.7755126953125,559.6315971955383,75315500
2024-09-20 00:00:00+00:00,553.7933228326182,556.4096197933483,556.8113403320312,557.8500005367814,77503100
2024-09-23 00:00:00+00:00,556.6643550711399,557.8794446150124,558.2027587890625,558.8495067502496,44116900
2024-09-24 00:00:00+00:00,556.1743944512203,558.9964258828836,559.7999267578125,559.8587165873663,46805700
2024-09-25 00:00:00+00:00,557.4579883539482,559.6431398003925,558.5652465820312,560.3780425284191,38428600
2024-09-26 00:00:00+00:00,558.428192996937,562.8179934718497,560.7798461914062,563.1413674659622,48336000
2024-09-27 00:00:00+00:00,558.9377006949258,561.8479471107624,559.966552734375,562.6611965458859,42100900
2024-09-30 00:00:00+00:00,556.6448529649051,558.9377164538611,562.2105102539062,562.8180251821971,63557400
2024-10-01 00:00:00+00:00,554.6066943100618,561.857759819067,557.1739501953125,562.5044480240527,72668800
2024-10-02 00:00:00+00:00,553.8914170466389,556.2823034605133,557.4091186523438,558.4282222492225,38097800
2024-10-03 00:00:00+00:00,554.1068390984451,555.9391917508498,556.3899536132812,558.3300776437013,40846500
2024-10-04 00:00:00+00:00,556.6643337627131,560.8287828388663,561.4461059570312,561.8184614824812,42939100
2024-10-07 00:00:00+00:00,555.2239297880301,559.7999074826037,556.370361328125,560.446655391967,49964700
2024-10-08 00:00:00+00:00,558.0656412646009,558.9376805045769,561.63232421875,562.2300906410503,37398700
2024-10-09 00:00:00+00:00,561.0247080377793,561.6224145456196,565.5223388671875,566.0808720947961,37912200
2024-10-10 00:00:00+00:00,562.9257131010544,564.1799758679994,564.53271484375,565.9535388259317,44138100
2024-10-11 00:00:00+00:00,564.3171624790748,564.4543586951436,567.913330078125,568.6482329129351,42268000
2024-10-14 00:00:00+00:00,569.0401003876937,569.5202272995722,572.557861328125,573.4887501402064,36217200
2024-10-15 00:00:00+00:00,566.8942243784207,572.8224884018784,568.1093139648438,573.1262458468478,54203600
2024-10-16 00:00:00+00:00,567.3058791131047,568.1093801464922,570.57861328125,571.0979733835155,30725400
2024-10-17 00:00:00+00:00,570.4413246734956,574.1158386665669,570.6275024414062,574.3216329805343,34393700
2024-10-18 00:00:00+00:00,570.8528997080355,572.3128969974695,572.8224487304688,573.6063330690159,37416800
2024-10-21 00:00:00+00:00,568.9127995570122,572.0973787445921,571.8818359375,573.0772492638474,36439000
2024-10-22 00:00:00+00:00,568.697181591541,569.3536780068462,571.5780029296875,572.7342428128154,34183800
2024-10-23 00:00:00+00:00,562.8572017811279,569.5595423864669,566.3553466796875,570.0004960774122,49314600
2024-10-24 00:00:00+00:00,564.9639626077603,568.3052948235324,567.5802001953125,568.3837012123148,34979900
2024-10-25 00:00:00+00:00,566.4435179318251,569.8044663478088,567.3841552734375,572.6950960929863,47268200
2024-10-28 00:00:00+00:00,568.8343651367928,570.8528957024953,569.1381225585938,570.9802836348513,30174700
2024-10-29 00:00:00+00:00,566.7863500672389,568.1777490973657,570.0591430664062,571.176149715264,42899700
2024-10-30 00:00:00+00:00,567.6290569957021,569.588797638648,568.3345947265625,571.5779630983764,41435800
2024-10-31 00:00:00+00:00,556.9975564307639,563.9742291931302,557.1935424804688,564.0428273008541,60182500
2024-11-01 00:00:00+00:00,559.1335762073604,559.8194973668982,559.5451049804688,563.9643295266857,45667500
2024-11-04 00:00:00+00:00,556.4585705161212,559.6823223393656,558.3399047851562,560.9757583388703,38217000
2024-11-05 00:00:00+00:00,559.0357163025479,559.2512590975022,565.09130859375,565.1304818819561,39478300
2024-11-06 00:00:00+00:00,573.6063462638446,577.3396500855225,579.142578125,580.0146771322202,68182000
2024-11-07 00:00:00+00:00,581.0630972629532,581.1415036340469,583.6205444335938,584.6396478381987,47233200
2024-11-08 00:00:00+00:00,584.1693851078007,584.1693851078007,586.1487426757812,587.5695668763649,46444900
2024-11-11 00:00:00+00:00,584.9825720146739,587.7360051791314,586.7071533203125,588.0887441353201,37586800
2024-11-12 00:00:00+00:00,582.4056036057904,586.6288429184635,584.8847045898438,587.2265495486535,43006100
2024-11-13 00:00:00+00:00,582.9837313260188,585.3451927424278,585.1688232421875,587.1677373847895,47388600
2024-11-14 00:00:00+00:00,580.7202664359244,585.2962448517161,581.4061279296875,585.7763718199695,38904100
2024-11-15 00:00:00+00:00,572.1071369723535,577.8491633593196,573.9591064453125,578.3195418358689,75988800
2024-11-18 00:00:00+00:00,573.5574183688442,574.4196493771738,576.3108520507812,577.6238450144261,37001700
2024-11-19 00:00:00+00:00,572.2737941658764,572.9400989259979,578.4175415039062,579.1426361014928,49412000
2024-11-20 00:00:00+00:00,572.8616903884546,578.4959457161364,578.613525390625,578.897666302881,50032600
2024-11-21 00:00:00+00:00,575.6249001169805,581.455141177832,581.7196655273438,583.1404896221547,46750300
2024-11-22 00:00:00+00:00,581.2101642027249,581.7098478799927,583.5226440429688,584.1497754660484,38226400
2024-11-25 00:00:00+00:00,583.2188384863542,587.4518855330788,585.501953125,588.7648782973704,42441400
2024-11-26 00:00:00+00:00,586.0310608458545,586.7463470552605,588.5591430664062,589.2254477201681,45621300
2024-11-27 00:00:00+00:00,585.256969810655,588.3729502321648,586.7757568359375,588.7550542016285,34000200
2024-11-29 00:00:00+00:00,587.314665296655,587.5889978813017,590.4208374023438,591.2047216811674,30177400
2024-12-02 00:00:00+00:00,590.3425038316959,590.8324390421951,591.4791870117188,592.1552999944694,31746000
2024-12-03 00:00:00+00:00,590.2151960547985,591.2440480710218,591.7535400390625,591.9985076527607,26906600
2024-12-04 00:00:00+00:00,592.7726289600115,593.4389336760423,595.4280395507812,595.6730071584342,42787600
2024-12-05 00:00:00+00:00,594.095320145877,595.4279293312596,594.4480590820312,596.231430112411,28762200
2024-12-06 00:00:00+00:00,594.800936138575,595.212464951605,595.5750122070312,596.8096584526629,31241500
2024-12-09 00:00:00+00:00,591.9201582931329,595.457476264727,592.508056640625,595.6240374954255,34742700
2024-12-10 00:00:00+00:00,590.0093971009587,593.1841677805376,590.6658935546875,593.605504896008,37234500
2024-12-11 00:00:00+00:00,593.3115491139272,593.5859415432025,595.2321166992188,596.1825623151827,28677700
2024-12-12 00:00:00+00:00,592.1650390625,594.369747252086,592.1650390625,594.9380289691392,31543800
2024-12-13 00:00:00+00:00,590.6757038334936,594.1934650654297,592.0475463867188,594.9087513561514,35904700
2024-12-16 00:00:00+00:00,593.0273484159295,593.8014244521054,594.5755004882812,595.54562235978,43695200
2024-12-17 00:00:00+00:00,590.7540718346318,592.0278913761272,592.1258544921875,592.9881452170704,55773500
2024-12-18 00:00:00+00:00,574.0963517696575,591.822175937033,574.478515625,594.2032541174319,108248700
2024-12-19 00:00:00+00:00,574.0569733506421,579.456068103567,574.3019409179688,581.0630696987981,85919500
2024-12-20 00:00:00+00:00,571.132257605004,571.9778279294948,581.199951171875,585.7225012446567,125716700
2024-12-23 00:00:00+00:00,577.7686569320756,580.9443313472664,584.6803588867188,585.2800771480029,57635800
2024-12-24 00:00:00+00:00,585.4471892507113,586.0272849416975,591.1790771484375,591.2184422848073,33160100
2024-12-26 00:00:00+00:00,588.0133066034633,589.4093887705021,591.2184448242188,592.3392110668057,41219100
2024-12-27 00:00:00+00:00,580.8165297326684,587.4823797773107,584.9949951171875,587.7183905820746,64969300
2024-12-30 00:00:00+00:00,574.5733451400716,577.9948115421023,578.3192138671875,581.7799853973963,56578800
2024-12-31 00:00:00+00:00,574.583178079053,579.9807622286955,576.2152709960938,580.6985158642835,57052700
2025-01-02 00:00:00+00:00,570.7292291618253,579.4696102256324,574.799560546875,581.1803135593343,50204000
2025-01-03 00:00:00+00:00,576.5593423217554,577.6408633877121,581.9864501953125,582.6254735449975,37888500
2025-01-06 00:00:00+00:00,583.608664526265,586.2337670283534,585.3390502929688,589.6060270134918,47679400
2025-01-07 00:00:00+00:00,576.903452910936,587.3643167301589,578.7222900390625,587.6887790314382,60393100
2025-01-08 00:00:00+00:00,575.3500401020275,578.7911287868388,579.5678100585938,580.6394897953063,47304700
2025-01-10 00:00:00+00:00,568.8120114375996,576.0186519228087,570.7193603515625,576.0874809051687,73105000
2025-01-13 00:00:00+00:00,565.6658125456092,566.0787864044993,571.6041870117188,571.9581131697737,47910100
2025-01-14 00:00:00+00:00,568.6153544470202,574.5242054496483,572.3907470703125,575.1534475548353,48420600
2025-01-15 00:00:00+00:00,579.2827311805529,580.3937160773642,582.802490234375,583.9429389739179,56900200
2025-01-16 00:00:00+00:00,580.9836305712422,584.1690862304802,581.6817016601562,584.34604932179,43319700
2025-01-17 00:00:00+00:00,585.5849165977943,586.9122299431212,587.5217895507812,589.27179809953,58070600
2025-01-21 00:00:00+00:00,588.5932548694913,590.5595911538271,592.8995361328125,592.9093774154856,42532900
2025-01-22 00:00:00+00:00,595.1707663809229,595.7213382459036,596.2326049804688,597.5893820777127,48196000
2025-01-23 00:00:00+00:00,595.3280946897063,595.6033506126263,599.4868774414062,599.4868774414062,41152100
2025-01-24 00:00:00+00:00,596.5865262707722,599.54587252364,597.73681640625,600.4995770008244,34604700
2025-01-27 00:00:00+00:00,584.6312490621345,584.7983708814467,589.2816162109375,589.5962372876534,70361100
2025-01-28 00:00:00+00:00,587.1973173488781,590.5105900023588,594.344970703125,595.1806398263976,44433300
2025-01-29 00:00:00+00:00,589.1340487911447,593.5583059073574,591.6804809570312,593.9614384934404,37177400
2025-01-30 00:00:00+00:00,590.6088457833347,593.7943615542468,594.8561401367188,596.3898803192325,39281300
2025-01-31 00:00:00+00:00,590.9332488823969,597.2746959271392,591.6903076171875,599.6933113603776,66566900
2025-02-03 00:00:00+00:00,580.5510628181718,582.6943625959686,587.7085571289062,590.1861005375324,65857200
2025-02-04 00:00:00+00:00,587.2267439810199,587.7674745011321,591.6510009765625,592.1622076462813,33457800
2025-02-05 00:00:00+00:00,588.5048426365228,590.5301667443101,594.0498657226562,594.1973649569587,30653100
2025-02-06 00:00:00+00:00,592.4867305159943,595.7901616750784,596.1146240234375,596.242440705887,35771500
2025-02-07 00:00:00+00:00,589.9501686239648,596.6750666805723,590.6580810546875,597.8941858585465,50788500
2025-02-10 00:00:00+00:00,592.5948408497425,593.8631663388722,594.6693115234375,595.3083949100401,26048700
2025-02-11 00:00:00+00:00,592.2901133629294,592.408088766588,595.1216430664062,595.6623736678141,30056700
2025-02-12 00:00:00+00:00,588.436003976824,589.1143924293652,593.204345703125,594.3743182514838,45076100
2025-02-13 00:00:00+00:00,593.047165943141,594.3055902381474,599.4672241210938,599.6737110792319,40921300
2025-02-14 00:00:00+00:00,598.8182213465388,599.6735728207366,599.4376220703125,600.7058873577524,26910400
2025-02-18 00:00:00+00:00,598.1399925315113,600.5979135172886,601.1976318359375,601.1976318359375,26749000
2025-02-19 00:00:00+00:00,599.3000091966954,599.8112758662747,602.61328125,602.9082197102092,31011100
2025-02-20 00:00:00+00:00,596.8028311734677,601.2467110134413,600.1062622070312,601.3843689751305,36554000
2025-02-21 00:00:00+00:00,589.3798596850504,599.8899309928074,589.8419799804688,600.0275889538111,76519800
2025-02-24 00:00:00+00:00,586.4500466079941,591.8869960824046,587.157958984375,592.8800056614799,50737200
2025-02-25 00:00:00+00:00,579.6366946428752,587.098968367302,584.2379150390625,587.8265033006376,58266500
2025-02-26 00:00:00+00:00,581.8980139327481,585.8995163780398,584.5328979492188,589.4881049123491,43321600
2025-02-27 00:00:00+00:00,574.809344386224,586.8039490929929,575.2025756835938,587.9542991571739,74196700
2025-02-28 00:00:00+00:00,572.6365684069419,575.7040488167072,584.178955078125,584.7098443771037,88744100
2025-03-03 00:00:00+00:00,570.1392964764723,586.1452445030724,573.9441528320312,587.2857532860544,74249200
2025-03-04 00:00:00+00:00,562.6180601948478,569.9525173224438,567.1504516601562,575.5369060706639,109648200
2025-03-05 00:00:00+00:00,563.434093538414,566.9833166199888,573.24609375,575.035467216836,71230500
2025-03-06 00:00:00+00:00,560.523941077153,565.7937090893346,563.0703735351562,570.4047711019521,80094900
2025-03-07 00:00:00+00:00,556.1094773560538,561.2907933786839,566.2262573242188,567.6715458955733,81158800
2025-03-10 00:00:00+00:00,546.2384702857362,558.0364891964213,551.1444702148438,559.9536192631458,99326600
2025-03-11 00:00:00+00:00,542.7284855075093,549.984271043128,546.5628051757812,554.5265029627828,88102100
2025-03-12 00:00:00+00:00,544.3705127696392,552.7077615834074,549.4633178710938,553.6319422779778,69588200
2025-03-13 00:00:00+00:00,540.4279077137791,549.0896174558009,542.1386108398438,549.6991769603108,74079400
2025-03-14 00:00:00+00:00,542.2074423986709,546.7496748611676,553.3369140625,554.3397648685512,62660300
2025-03-17 00:00:00+00:00,552.8846868765244,553.3172833424321,557.6039428710938,560.1208513978755,49008700
2025-03-18 00:00:00+00:00,549.6500559715837,555.2934322950165,551.5770874023438,555.5097605205915,66041400
2025-03-19 00:00:00+00:00,552.1768030039566,553.3566169353411,557.584228515625,561.3399385264869,66556000
2025-03-20 00:00:00+00:00,553.1304918485869,553.848245552193,555.9718627929688,560.966374832501,62958200
2025-03-21 00:00:00+00:00,550.2878724028328,551.5205297947124,556.1552734375,557.0526817242638,83763000
2025-03-24 00:00:00+00:00,562.2890000340255,562.880651498493,566.1151733398438,567.1703352751009,58766800
2025-03-25 00:00:00+00:00,565.73055113845,567.3181993393742,567.4760131835938,568.4127846067184,38355700
2025-03-26 00:00:00+00:00,559.3207546377017,567.2097618801449,560.7013549804688,568.3339598573967,51848300
2025-03-27 00:00:00+00:00,557.101956447335,559.3108687859911,559.2122802734375,562.9792883535321,42164200
2025-03-28 00:00:00+00:00,547.3688420558537,557.6837393471919,547.9506225585938,558.4134627917625,71662700
2025-03-31 00:00:00+00:00,539.282592409213,542.201546342058,551.62890625,552.9305994826874,95328200
2025-04-01 00:00:00+00:00,545.9981756472096,549.715889513425,553.18701171875,555.1297110203275,54609600
2025-04-02 00:00:00+00:00,547.1124411566806,547.3491017135567,556.687744140625,559.547472787333,76014500
2025-04-03 00:00:00+00:00,529.2537231445312,537.5470145495102,529.2537231445312,540.3673198616506,125986000
2025-04-04 00:00:00+00:00,498.0527654446422,516.4045547647906,498.26971435546875,518.574043873056,217965100
2025-04-07 00:00:00+00:00,475.115432610906,482.40291724281104,497.3821716308594,515.9114550791749,256611400
2025-04-08 00:00:00+00:00,482.3733480760591,514.6196468974629,489.591796875,517.6963548854247,165816600
2025-04-09 00:00:00+00:00,486.20939567811143,486.59399925019795,541.0084228515625,541.0084228515625,241867300
2025-04-10 00:00:00+00:00,502.25365007002944,524.7866027854379,517.3019409179688,526.0981670837639,162331200
2025-04-11 00:00:00+00:00,512.8544826104954,515.7536950429114,526.5320434570312,528.9874872153164,97866300
2025-04-14 00:00:00+00:00,526.453165817952,536.5017912856171,531.6401977539062,536.7286411738348,68034000
2025-04-15 00:00:00+00:00,529.3622343758641,532.1825399641931,530.151123046875,535.6931457102869,56892900
2025-04-16 00:00:00+00:00,513.0713913810127,524.3033791384568,518.3668823242188,530.4272422697393,83484800
2025-04-17 00:00:00+00:00,516.6411308627585,520.3194209498447,519.1064453125,523.8004136549424,79868100
2025-04-21 00:00:00+00:00,501.40552056556845,513.9293002870572,506.7503356933594,514.4618467446136,69368100
2025-04-22 00:00:00+00:00,511.9867032226325,512.9235348557764,519.9348754882812,521.9564215250564,75948100
2025-04-23 00:00:00+00:00,526.4729038847668,532.9320165359907,527.9915161132812,537.8626460694973,90590700
2025-04-24 00:00:00+00:00,528.0211182344198,529.2734571828396,539.1051635742188,539.8348871004667,64150400
2025-04-25 00:00:00+00:00,536.1467793425768,539.0657336001437,543.0003662109375,543.4046513367819,61119600
2025-04-28 00:00:00+00:00,537.4583875113086,543.7400050325934,543.2074584960938,545.8700106135369,47613800
2025-04-29 00:00:00+00:00,540.9393072120234,541.294298062473,546.6292724609375,547.7435994540236,47775100
2025-04-30 00:00:00+00:00,534.0069337400583,539.9729835885655,546.8462524414062,548.7988227140515,93101500
2025-05-01 00:00:00+00:00,550.1200963901105,552.5952816524762,550.7216186523438,556.2439589647481,63186100
2025-05-02 00:00:00+00:00,554.5774316657111,556.894803218062,558.8966674804688,560.4941864598073,60717300
2025-05-05 00:00:00+00:00,553.9069479669498,554.7648727126054,555.6918334960938,558.788283367358,38659200
2025-05-06 00:00:00+00:00,549.2327420958744,550.1892553966732,551.0471801757812,555.5340413030556,48264700
2025-05-07 00:00:00+00:00,548.3253535066884,552.3783761794856,553.364501953125,555.997440916007,55588000
2025-05-08 00:00:00+00:00,553.9069074354913,557.3977713110521,557.2202758789062,562.3974366423718,65130800
2025-05-09 00:00:00+00:00,554.9521583078488,558.6205173502777,556.51025390625,559.6263849147109,37603400
2025-05-12 00:00:00+00:00,569.0340889310521,573.4026196086874,574.9015502929688,574.9114211824733,78993600
2025-05-13 00:00:00+00:00,574.753737956673,575.3157768438108,578.6982421875,580.9071549266258,67947200
2025-05-14 00:00:00+00:00,577.4161378946785,579.6546629482465,579.437744140625,580.8084133986617,66283500
2025-05-15 00:00:00+00:00,576.9822030720642,577.4358426248243,582.2678833007812,582.770756919371,71268100
2025-05-16 00:00:00+00:00,581.1042713102905,583.0469103495059,585.9559936523438,586.2518193704545,76052100
2025-05-19 00:00:00+00:00,579.9405744991373,579.9405744991373,586.596923828125,587.2773530559552,68168500
2025-05-20 00:00:00+00:00,581.419785763877,584.8614155899625,584.6246948242188,585.8080578995526,60614500
2025-05-21 00:00:00+00:00,573.7477661832594,580.2759146876367,574.7733154296875,584.3584902721909,95197700
2025-05-22 00:00:00+00:00,573.3434994709072,574.5761569887384,575.000244140625,578.4812376730355,70860400
2025-05-23 00:00:00+00:00,567.6140667399493,567.9887994120531,571.0753784179688,573.7379304924723,76029000
2025-05-27 00:00:00+00:00,570.4047514802384,577.9387671986972,582.9483032226562,583.1060568711622,72588500
2025-05-28 00:00:00+00:00,578.8460211072919,583.3526236048898,579.5757446289062,584.545857588394,68445500
2025-05-29 00:00:00+00:00,577.9388851521843,584.8318964184041,581.8636474609375,584.969968506741,69973300
2025-05-30 00:00:00+00:00,575.1479492943948,580.7590069901124,581.212646484375,582.9284955891164,90601200
2025-06-02 00:00:00+00:00,576.9428072484826,579.6053591727813,584.4866943359375,584.5655410710423,61630500
2025-06-03 00:00:00+00:00,583.6385997733717,584.1218520308094,587.81982421875,588.7960792462304,63606200
2025-06-04 00:00:00+00:00,587.2280285207049,588.6776647088699,587.6619262695312,589.6539195966438,57314200
2025-06-05 00:00:00+00:00,582.8496477946317,589.3383724752952,584.8218994140625,590.6893600195378,92278700
2025-06-06 00:00:00+00:00,588.5790577947733,590.3540722792903,590.8274536132812,592.4940086999786,66588700
2025-06-09 00:00:00+00:00,590.1864321834666,591.3993476813894,591.3599243164062,592.9081490758875,53016400
2025-06-10 00:00:00+00:00,590.7781968461302,591.8924637491524,594.7128295898438,595.0973729509094,66247000
2025-06-11 00:00:00+00:00,590.955571505839,595.8072931299987,593.0165405273438,596.6652176797484,73658200
2025-06-12 00:00:00+00:00,591.2022416981604,591.6854337777163,595.37353515625,595.37353515625,64129000
2025-06-13 00:00:00+00:00,587.2181715759101,590.1962907494013,588.7171020507812,593.4997881009825,89506000
2025-06-16 00:00:00+00:00,591.8924679557008,592.0700235861916,594.318359375,596.0638215052488,79984100
2025-06-17 00:00:00+00:00,588.480531921813,591.8826784891205,589.2398681640625,593.401290785268,82209400
2025-06-18 00:00:00+00:00,588.1944885876793,590.1371879149127,589.1510620117188,592.8785866278505,76605000
2025-06-20 00:00:00+00:00,586.3629131433069,591.8224395288368,587.7673950195312,592.8906208578056,94051400
2025-06-23 00:00:00+00:00,585.4035696790836,588.5190130228361,593.5730590820312,593.9587392448562,87426000
2025-06-24 00:00:00+00:00,596.7972471416377,597.7072083922786,600.13037109375,601.1885919192599,67735300
2025-06-25 00:00:00+00:00,598.903972841808,601.247995602986,600.4666748046875,601.940336500435,62114800
2025-06-26 00:00:00+00:00,601.7029677445283,602.3161684365299,605.1646118164062,605.5997923429508,78548400
2025-06-27 00:00:00+00:00,604.1360202356653,606.1635425121184,608.1712646484375,609.6350865938839,86258400
2025-06-30 00:00:00+00:00,608.2998373553096,610.6142201701539,611.0790405273438,612.4340220516922,92502500
2025-07-01 00:00:00+00:00,608.7746241554748,609.6053849111585,610.8812866210938,612.0483479268365,70030100
2025-07-02 00:00:00+00:00,609.8526899336259,610.4757907292374,613.650634765625,613.6901746824169,66510400
2025-07-03 00:00:00+00:00,615.6088560521965,615.628656191773,618.4869995117188,619.4167005776212,51065800
2025-07-07 00:00:00+00:00,611.0989093087613,616.5287360860043,613.8781127929688,617.1914371839785,74814500
2025-07-08 00:00:00+00:00,612.7307881009865,614.5406899285775,613.5418090820312,615.2923708557059,59024600
2025-07-09 00:00:00+00:00,614.1055653060555,615.945227877469,617.2210693359375,617.8738099884296,66113300
2025-07-10 00:00:00+00:00,616.1825885407072,617.3595500232223,618.9617919921875,620.000273214104,57529000
2025-07-11 00:00:00+00:00,614.7187654701638,615.9154666088177,616.7858276367188,618.0122289852302,63670200
2025-07-14 00:00:00+00:00,614.9858059200452,616.3308874637725,617.9628295898438,618.3089698632363,51898500
2025-07-15 00:00:00+00:00,615.2430033513822,620.6431903590753,615.3221435546875,620.9794305821194,74317300
2025-07-16 00:00:00+00:00,611.2769051241828,616.9045519994012,617.3792724609375,617.883693134462,88987500
2025-07-17 00:00:00+00:00,617.3396644874989,617.557284919235,621.1573486328125,621.5134493059918,68885700
2025-07-18 00:00:00+00:00,619.5947932954602,622.4036365954075,620.7025146484375,622.5717567026577,65621600
2025-07-21 00:00:00+00:00,621.4540531068945,621.8793334960938,621.8793334960938,624.6189360373326,63375000
2025-07-22 00:00:00+00:00,619.3276609031153,622.2057439990875,621.9683837890625,622.8288447335428,60046300
2025-07-23 00:00:00+00:00,622.8288205336723,624.6288825447934,627.259765625,627.259765625,70511000
2025-07-24 00:00:00+00:00,627.0421878119985,627.6454884244192,627.4674682617188,629.1785504969665,71307100
2025-07-25 00:00:00+00:00,627.8829206987424,628.1301809903662,630.1181030273438,630.5928838363332,56865400
2025-07-28 00:00:00+00:00,628.5751571845921,630.4938993278172,629.9598388671875,631.0477599275997,54917100
2025-07-29 00:00:00+00:00,627.388438817005,631.3544434316219,628.29833984375,631.670943868378,60556300
2025-07-30 00:00:00+00:00,624.6189756546709,628.9509803708415,627.5070190429688,630.6917023127537,80418900
2025-07-31 00:00:00+00:00,623.8574348268075,632.4522038612699,625.153076171875,632.8378839877031,103385200
2025-08-01 00:00:00+00:00,612.5032535330552,619.4364414435403,614.9066162109375,619.476041722763,140103600
2025-08-04 00:00:00+00:00,618.7243458354196,618.813325728958,624.2530517578125,624.3024917393647,73218000
2025-08-05 00:00:00+00:00,620.1683337507773,624.866279158634,621.088134765625,625.6773001361546,68051400
2025-08-06 00:00:00+00:00,621.2464542892866,622.1563552914652,625.8455200195312,626.4982606508958,64357500
2025-08-07 00:00:00+00:00,622.2156852544556,629.2675537310744,625.3212890625,629.9994345491891,74205800
2025-08-08 00:00:00+00:00,626.7949007710238,627.1114011688534,630.1972045898438,630.6620853000642,64051600
2025-08-11 00:00:00+00:00,627.7047873460086,630.474150672182,628.9509887695312,631.9478122276477,58742300
2025-08-12 00:00:00+00:00,629.8114837326607,631.2950454377703,635.6468505859375,635.8050706066525,64730800
2025-08-13 00:00:00+00:00,635.6369512596368,637.8424936799373,637.82275390625,639.10849531226,60092800
2025-08-14 00:00:00+00:00,635.300697252298,635.7457174616427,637.882080078125,638.5447207235369,59327500
2025-08-15 00:00:00+00:00,635.4787708739423,638.9107148606824,636.388671875,639.0096552004113,68592500
2025-08-18 00:00:00+00:00,635.1424618060598,635.8150025688236,636.2501831054688,636.9425240091701,43804900
2025-08-19 00:00:00+00:00,631.4829592777961,636.0721245937336,632.7984008789062,637.0512656505922,69750700
2025-08-20 00:00:00+00:00,626.013578858981,632.3929060531275,631.1170043945312,632.6500060324975,88890300
2025-08-21 00:00:00+00:00,626.8642219548319,629.3071851926883,628.5851440429688,630.978606926108,54805800
2025-08-22 00:00:00+00:00,630.2664294390896,630.7708500494616,638.2380981445312,639.4150594466402,84083200
2025-08-25 00:00:00+00:00,635.3106411649331,636.9821233404259,635.4293212890625,638.2184249386812,51274300
2025-08-26 00:00:00+00:00,634.5390979794016,635.1621986940528,638.0897216796875,638.4359222802034,51581600
2025-08-27 00:00:00+00:00,637.3578984386413,637.5062787617181,639.543701171875,640.2755819843173,48341100
2025-08-28 00:00:00+00:00,638.2678697444891,640.1470117905141,641.80859375,642.362454403162,61519500
2025-08-29 00:00:00+00:00,636.0919759234915,640.374480883152,637.9810180664062,640.7404816664739,74522200
2025-09-02 00:00:00+00:00,627.9619508913343,630.5136938017484,633.2533569335938,633.4709169972102,81983500
2025-09-03 00:00:00+00:00,633.4413400681225,635.6270824559713,636.6853637695312,637.1502445176759,70820900
2025-09-04 00:00:00+00:00,636.4579021356687,637.3579030521721,642.0064086914062,642.0361089027498,65219200
2025-09-05 00:00:00+00:00,636.2798483910566,644.3404973975818,640.14697265625,645.0625384730564,85178900
2025-09-08 00:00:00+00:00,640.1371023874503,641.5118841129237,641.7196044921875,642.7185457406785,63133100
2025-09-09 00:00:00+00:00,640.1272219983028,641.8580441132016,643.2031860351562,643.7273464852004,66133900
2025-09-10 00:00:00+00:00,643.4998590892842,646.4570825189741,645.0625610351562,647.3768835600082,78034500
2025-09-11 00:00:00+00:00,646.4274520986086,647.0109525903231,650.4231567382812,651.1154976382888,69934400
2025-09-12 00:00:00+00:00,649.7011451004063,650.3934256012134,650.2055053710938,651.8868873722256,72780100
2025-09-15 00:00:00+00:00,652.114372883025,652.4110731340584,653.6671142578125,653.7956944276398,63772400
2025-09-16 00:00:00+00:00,651.9858301119879,654.2210123755038,652.7671508789062,654.5276730798186,61169000
2025-09-17 00:00:00+00:00,647.1295902463727,652.7770367516476,651.9561157226562,654.4682584259048,101952200
2025-09-18 00:00:00+00:00,653.0341982051615,654.6364399867887,655.0023803710938,657.603563340362,90459200
2025-09-19 00:00:00+00:00,654.9438659954435,656.8877828567474,658.2465209960938,659.0895125014193,97945600
2025-09-22 00:00:00+00:00,656.7290467709187,656.7588293222589,661.3607177734375,661.8069717744121,69452200
2025-09-23 00:00:00+00:00,656.5406245808955,661.2416672722171,657.7605590820312,661.856628548307,81708900
2025-09-24 00:00:00+00:00,654.2496039734066,659.0498612769777,655.6678466796875,659.1490153831234,68082200
2025-09-25 00:00:00+00:00,649.0328388399253,652.5338627083877,652.6429443359375,653.9917550046746,89622100
2025-09-26 00:00:00+00:00,652.4742691464395,654.0908804383538,656.3818969726562,656.9273655696547,69179200
2025-09-29 00:00:00+00:00,656.4216318338509,658.9010899003678,658.2266845703125,659.8135740530697,73499000
2025-09-30 00:00:00+00:00,656.173598681204,657.4827596300943,660.7060546875,661.1722242194463,86288000
2025-10-01 00:00:00+00:00,657.6117327913598,657.7208144097488,662.9574584960938,663.8698820443607,72545400
2025-10-02 00:00:00+00:00,661.3011766397112,664.9410037342527,663.7210693359375,665.0600128657511,56896000
2025-10-03 00:00:00+00:00,662.6698828508305,664.4848631838105,663.7113037109375,667.1527626006609,70494400
2025-10-06 00:00:00+00:00,663.9591941673339,666.1014192164715,666.0914916992188,666.9841207809839,54623300
2025-10-07 00:00:00+00:00,662.1839114453724,667.0138910729768,663.6220092773438,667.4602056461605,72020100
2025-10-08 00:00:00+00:00,663.919480237528,664.7426772273783,667.5791625976562,667.6783772359653,60702200
2025-10-09 00:00:00+00:00,663.7112737749407,667.9957845708525,665.6452026367188,668.4023890582872,66501900
2025-10-10 00:00:00+00:00,647.4757221413303,666.6071968358344,647.6542358398438,668.4122493878771,159422600
2025-10-13 00:00:00+00:00,654.3488290056752,655.2216030747315,657.5919189453125,659.664772492732,79560500
2025-10-14 00:00:00+00:00,647.8030207789583,651.7701536094826,656.78857421875,660.3590300864076,88779600
2025-10-15 00:00:00+00:00,653.5156893256119,661.3408732132422,659.7044067382812,664.7228272522149,81702600
2025-10-16 00:00:00+00:00,651.7106461582608,661.3408828539109,655.211669921875,663.215367636124,110563300
2025-10-17 00:00:00+00:00,652.7322022395391,654.0810128478913,658.9308471679688,660.2895852935891,96500900
2025-10-20 00:00:00+00:00,661.7872027532737,661.8367798071084,665.7840576171875,666.6866142382812,60493400
2025-10-21 00:00:00+00:00,664.4748753427003,665.9229005771253,665.7741088867188,667.4601523988813,56249000
2025-10-22 00:00:00+00:00,657.8497201766941,666.4782452803545,662.312744140625,666.4782452803545,80564000
2025-10-23 00:00:00+00:00,662.3128121266341,662.6301900162397,666.2402954101562,667.1825015615415,65604500
2025-10-24 00:00:00+00:00,670.0983517375236,670.9016937183009,671.6851806640625,672.8951271271609,74356500
2025-10-27 00:00:00+00:00,676.5151383891614,677.1201116013259,679.6094970703125,679.9070199177999,63339800
2025-10-28 00:00:00+00:00,679.2028936555786,681.4046232640447,681.41455078125,683.2493254549719,61738100
2025-10-29 00:00:00+00:00,677.2589421639235,683.0608492697363,681.7418212890625,684.0328379014793,85657100
2025-10-30 00:00:00+00:00,674.2440185546875,678.2805836148408,674.2440185546875,680.3037996369978,76335800
2025-10-31 00:00:00+00:00,673.6588524169174,679.4111832231399,676.4556884765625,679.4508932951077,87164100
2025-11-03 00:00:00+00:00,674.3530715971103,680.0359699637585,677.7251586914062,680.1649066224819,57315000
2025-11-04 00:00:00+00:00,669.0371001406891,670.5544968959969,669.691650390625,674.3728983771498,78427000
2025-11-05 00:00:00+00:00,668.6304366940664,669.4337786331213,672.012451171875,675.2654684624238,74402400
2025-11-06 00:00:00+00:00,663.2252840482561,670.9116044462689,664.80224609375,671.8141611273297,85035300
2025-11-07 00:00:00+00:00,655.7769731606511,662.4218719882706,665.4567260742188,665.5658682287408,100592400
2025-11-10 00:00:00+00:00,669.4833950163819,671.6751969912248,675.8406982421875,676.5746080726943,75842900
2025-11-11 00:00:00+00:00,673.1530057317516,674.3630127379913,677.387939453125,677.9532631527235,58953400
2025-11-12 00:00:00+00:00,675.3547447293747,679.1631581075335,677.7647705078125,679.3318048264125,62312500
2025-11-13 00:00:00+00:00,665.0105359672095,674.9085136071693,666.5180053710938,675.265541055433,103457800
2025-11-14 00:00:00+00:00,657.8199984349773,659.9126462553079,666.4088134765625,670.1081450818862,96846700
2025-11-17 00:00:00+00:00,656.7290761218832,664.1972328051172,660.2003173828125,668.1742931923078,90456100
2025-11-18 00:00:00+00:00,650.4708935566339,656.6596108350068,654.65625,659.6548153709225,114467500
2025-11-19 00:00:00+00:00,653.3371790986623,655.3505280387882,657.185302734375,661.856623370592,94703000
2025-11-20 00:00:00+00:00,646.5335791707308,667.3808213360044,647.1683349609375,670.0090710879778,165293500
2025-11-21 00:00:00+00:00,645.5020288545189,649.6675301260088,653.6148681640625,659.0894699034471,123956200
2025-11-24 00:00:00+00:00,656.1538823239337,657.2448196444445,663.2351684570312,664.5542570793402,80437900
2025-11-25 00:00:00+00:00,659.0200771396823,663.1360016067486,669.4735107421875,670.6537351639657,81077100
2025-11-26 00:00:00+00:00,671.1595147067713,672.0620713400136,674.09521484375,676.0986363282427,71879600
2025-11-28 00:00:00+00:00,674.9084513312986,675.2654787466182,677.7747192382812,678.0523870500939,49212000
2025-12-01 00:00:00+00:00,673.1629015749381,673.2323336611282,674.6803588867188,677.3779800628074,61201200
2025-12-02 00:00:00+00:00,673.748057660358,676.316742094939,675.9299926757812,678.2011542749951,62953800
2025-12-03 00:00:00+00:00,674.105128319461,674.9779023816353,678.2706298828125,679.2822075879724,57238500
2025-12-04 00:00:00+00:00,675.7416137771377,679.6690366334618,678.7665405273438,679.7384687237238,61970300
2025-12-05 00:00:00+00:00,678.9549213715281,679.8375623637357,680.0557861328125,682.7336127271673,79241000
2025-12-08 00:00:00+00:00,675.9696853695019,680.9484564225444,678.0127563476562,680.9980334759979,55231500
2025-12-09 00:00:00+00:00,676.9813582671167,677.5367544682442,677.4276123046875,679.7583392727543,58310100
2025-12-10 00:00:00+00:00,675.7117769038598,676.951505843926,681.9203491210938,683.3088092137841,85671300
2025-12-11 00:00:00+00:00,676.5647198382891,679.51034738166,683.5072021484375,683.5865617528303,86173700
2025-12-12 00:00:00+00:00,673.5893968987631,682.5154459360199,676.1581420898438,683.2196338188487,113160300
2025-12-15 00:00:00+00:00,673.6687768311533,680.1054404790556,675.1365966796875,680.1252955149479,90811000
2025-12-16 00:00:00+00:00,669.4338188610296,673.6488975485244,673.2918701171875,675.4837328267965,122030600
2025-12-17 00:00:00+00:00,665.6848710067972,674.3034691132465,665.8832397460938,674.8489377460819,110625200
2025-12-18 00:00:00+00:00,669.3544527925658,672.0322187932205,670.9114990234375,675.1464323222394,108650100
2025-12-19 00:00:00+00:00,672.8940327515619,673.0134542661981,676.9923095703125,677.4896664833268,103599500
