datetime,open,high,close,volume,low
2007-01-03 00:00:00+00:00,37.47901765601163,38.02876352607071,37.632041931152344,12845300,37.467684606417286
2007-01-04 00:00:00+00:00,37.34865337964522,38.32345956958712,38.1024284362793,11262000,37.34865337964522
2007-01-05 00:00:00+00:00,37.858724748552824,38.11375932673974,37.756710052490234,8141100,37.68869881380212
2007-01-08 00:00:00+00:00,37.69437789916992,37.83039609013904,37.69437789916992,6180400,37.43367456483731
2007-01-09 00:00:00+00:00,37.74538066307361,37.88706753067069,37.55268859863281,7147100,37.479008660160694
2007-01-10 00:00:00+00:00,37.72272072427069,37.72272072427069,37.4903564453125,6528700,37.44501559734072
2007-01-11 00:00:00+00:00,37.63203736880375,37.88140334511704,37.81906509399414,6371500,37.56402610765982
2007-01-12 00:00:00+00:00,37.66035633277351,37.858721346805204,37.76803970336914,6189400,37.57534769697564
2007-01-16 00:00:00+00:00,37.77373404019069,37.830407943857566,37.71139144897461,7963700,37.57537321538576
2007-01-17 00:00:00+00:00,37.74536753843039,38.18742971979107,37.89839172363281,9189900,37.643352856274966
2007-01-18 00:00:00+00:00,37.666031692248865,38.53315452258249,38.37446594238281,10695600,37.57535435668027
2007-01-19 00:00:00+00:00,38.53883880754009,38.66352397786567,38.4028205871582,13473300,38.27246672983384
2007-01-22 00:00:00+00:00,38.538833311358225,38.601175887630085,38.074100494384766,10245500,38.06843180819442
2007-01-23 00:00:00+00:00,37.96641816988612,38.10810506114075,37.68871307373047,9698300,37.47901491805494
2007-01-24 00:00:00+00:00,37.637712597987495,38.02309683964496,37.977760314941406,7665500,37.575370012086125
2007-01-25 00:00:00+00:00,37.86438986434385,37.99474366011227,37.790714263916016,7727900,37.688699565817885
2007-01-26 00:00:00+00:00,37.79070824705562,37.89839161233081,37.44499206542969,10773000,37.399651245951866
2007-01-29 00:00:00+00:00,37.5470303433066,37.632043352268376,37.4903564453125,8152700,37.40534343635073
2007-01-30 00:00:00+00:00,37.490351275102235,37.745385942875046,37.62636947631836,7171900,37.46201216804274
2007-01-31 00:00:00+00:00,37.626354210192346,37.98340346499696,37.85872268676758,8171600,37.49033606416281
2007-02-01 00:00:00+00:00,37.8587438302046,38.0117637894544,37.977760314941406,9232500,37.688717809756994
2007-02-02 00:00:00+00:00,37.972075992801,38.05708896802056,37.73404312133789,11317500,37.683033606630346
2007-02-05 00:00:00+00:00,37.62069967561487,37.74538482467783,37.57536315917969,7526200,37.4620110582404
2007-02-06 00:00:00+00:00,37.62636564862491,37.64903606717814,37.40533447265625,8180100,37.28631801820699
2007-02-07 00:00:00+00:00,37.4053284941176,37.462002369472295,37.2919807434082,7795300,37.20696776840639
2007-02-08 00:00:00+00:00,37.26933288574219,37.38834939320365,37.26933288574219,7340100,37.17865117113794
2007-02-09 00:00:00+00:00,37.32600552157577,37.462023764898106,37.17864990234375,7107600,37.138977734543815
2007-02-12 00:00:00+00:00,37.24664066377431,37.331653640488454,37.09928512573242,6067300,37.042611249236195
2007-02-13 00:00:00+00:00,37.07096495401653,37.13330321596358,37.053958892822266,8583600,36.997284993998655
2007-02-14 00:00:00+00:00,37.15596664170223,37.348663050136395,37.3203239440918,7254900,37.065289285452415
2007-02-15 00:00:00+00:00,37.26364931307038,37.36566403928051,37.286319732666016,7350800,37.17296763468786
2007-02-16 00:00:00+00:00,37.206961158513025,37.25796634008922,37.12761688232422,12927000,36.97459268971812
2007-02-20 00:00:00+00:00,37.06528166462261,37.30898322510204,37.09928512573242,9384300,36.98593737273997
2007-02-21 00:00:00+00:00,36.98594428016133,37.06528858686215,36.83858871459961,12036200,36.81591829497931
2007-02-22 00:00:00+00:00,36.821584925977234,36.87825880989498,36.71390151977539,12930900,36.64022590307634
2007-02-23 00:00:00+00:00,36.83076761108424,36.83076761108424,36.568546295166016,11586300,36.47733878638756
2007-02-26 00:00:00+00:00,36.625560057451835,36.762370270263524,36.6540641784668,10483200,36.48874984464014
2007-02-27 00:00:00+00:00,36.48302405243796,36.6198341748823,35.94147872924805,18581000,35.75336426724766
2007-02-28 00:00:00+00:00,36.066908906191856,36.323430739718454,35.87309265136719,16690600,35.810387072665264
2007-03-01 00:00:00+00:00,35.54245074842388,35.87307924912567,35.599456787109375,14589700,35.20042321454304
2007-03-02 00:00:00+00:00,35.513961264542935,35.59946926526401,35.31444549560547,13773000,35.18903434109689
2007-03-05 00:00:00+00:00,35.02941408825755,35.54245545704594,35.24603271484375,16009400,35.02941408825755
2007-03-06 00:00:00+00:00,35.428434825327074,35.468337955898036,35.171913146972656,19244300,34.98379652466025
2007-03-07 00:00:00+00:00,35.14343216901345,35.64507244507136,35.26314163208008,14139300,35.109228533326345
2007-03-08 00:00:00+00:00,35.34294313159197,35.48545499905807,35.18333053588867,14670100,35.14342738696285
2007-03-09 00:00:00+00:00,35.44552808288919,35.51963481315725,35.422725677490234,10011500,35.30871582505252
2007-03-12 00:00:00+00:00,35.48545357299271,35.542457447864905,35.22323226928711,13310200,35.00661363056758
2007-03-13 00:00:00+00:00,35.00091517936979,35.18902971182657,34.64178466796875,17202700,34.55057716065911
2007-03-14 00:00:00+00:00,34.767208362735246,34.85841590298601,34.60759353637695,16217000,34.265565804076424
2007-03-15 00:00:00+00:00,34.60186444362964,34.66456998168995,34.50495529174805,10109800,34.40234662484162
2007-03-16 00:00:00+00:00,34.52777968540403,34.704495207495725,34.49357604980469,15553900,34.34536464465851
2007-03-19 00:00:00+00:00,34.573358695401446,34.65886445866115,34.618961334228516,10425200,34.413744023113736
2007-03-20 00:00:00+00:00,34.57908196829934,34.96671445017026,34.812801361083984,9871300,34.57338244998889
2007-03-21 00:00:00+00:00,34.81278839148989,34.95530021630344,34.89829635620117,16305000,34.47646039794759
2007-03-22 00:00:00+00:00,34.898298289126835,35.04650963833651,34.69308090209961,12725500,34.65317776290631
2007-03-23 00:00:00+00:00,34.91541219062795,34.91541219062795,34.49357604980469,17676100,34.402368529431925
2007-03-26 00:00:00+00:00,34.65888162389281,34.65888162389281,34.34535598754883,17385900,34.12873736580499
2007-03-27 00:00:00+00:00,34.25983568599652,34.322541225625216,34.219932556152344,12691000,34.191430631200426
2007-03-28 00:00:00+00:00,34.202842712402344,34.43086253364163,34.202842712402344,16111500,34.12873594431585
2007-03-29 00:00:00+00:00,34.41946226873491,34.476466138328405,34.39665985107422,16849900,34.21424485890514
2007-03-30 00:00:00+00:00,34.4479605079488,34.45936171555602,34.351051330566406,13275100,34.17433804904945
2007-04-02 00:00:00+00:00,34.35104940011945,34.43085784888497,34.25984191894531,9734200,34.21993878184149
2007-04-03 00:00:00+00:00,34.5163645693422,34.69877953660566,34.56766891479492,12055300,34.34535080935245
2007-04-04 00:00:00+00:00,34.60758473991836,34.97241480818992,34.93821334838867,12983300,34.51637722285047
2007-04-05 00:00:00+00:00,34.96670871593921,35.28593605294088,35.08641815185547,9694800,34.904003152014035
2007-04-09 00:00:00+00:00,35.11491614364581,35.200424116586255,35.13201904296875,5829600,34.983805513146386
2007-04-10 00:00:00+00:00,35.08070728443,35.26882174078446,35.15481185913086,9137600,35.03510246194551
2007-04-11 00:00:00+00:00,35.069325932916875,35.50826281231999,35.280242919921875,14688400,35.05792472084108
2007-04-12 00:00:00+00:00,35.08641204981915,35.31443184724416,35.29732894897461,9342600,35.05791011878051
2007-04-13 00:00:00+00:00,35.4284460279353,35.559556666205786,35.54245376586914,14546100,35.28023248932817
2007-04-16 00:00:00+00:00,35.622264446938885,35.92438888549805,35.92438888549805,13395100,35.57665960927648
2007-04-17 00:00:00+00:00,37.22410547198682,37.28110935519906,36.79656982421875,29072800,36.72816255489355
2007-04-18 00:00:00+00:00,36.739552262860734,36.92196725229099,36.728153228759766,11757000,36.56854065664784
2007-04-19 00:00:00+00:00,37.01887130737305,37.070173474377334,37.01887130737305,12530900,36.654041400512945
2007-04-20 00:00:00+00:00,37.309595158405045,37.309595158405045,37.121482849121094,15794600,36.978971019869554
2007-04-23 00:00:00+00:00,37.05308008378076,37.12148733577119,36.91056823730469,10862400,36.87066509425604
2007-04-24 00:00:00+00:00,37.13858532428955,37.13858532428955,36.762351989746094,10367000,36.68824740072212
2007-04-25 00:00:00+00:00,36.910577286131904,37.12149643630637,36.87067413330078,12907800,36.768065404718264
2007-04-26 00:00:00+00:00,36.76235437451422,36.88206380260283,36.619842529296875,10533100,36.56854035259448
2007-04-27 00:00:00+00:00,36.4887316678,36.785154372748906,36.57993698120117,9817600,36.397522005282745
2007-04-30 00:00:00+00:00,36.48302548849746,36.69394454528443,36.608436584472656,13917900,36.340513670183014
2007-05-01 00:00:00+00:00,36.78514918641533,37.01887065182637,36.802249908447266,10049100,36.63123833901244
2007-05-02 00:00:00+00:00,36.488726110886965,36.939063965472215,36.756649017333984,7976300,36.48302442056893
2007-05-03 00:00:00+00:00,36.81935045237126,36.939064204246655,36.66543960571289,8992000,36.56283092490216
2007-05-04 00:00:00+00:00,36.80224949253198,36.93336227515418,36.756649017333984,6489200,36.574234069195754
2007-05-07 00:00:00+00:00,36.47733540957591,36.67115161960781,36.631248474121094,10864100,36.249315571458965
2007-05-08 00:00:00+00:00,36.44881801742443,36.534323794642354,36.312007904052734,10957500,36.19799802653795
2007-05-09 00:00:00+00:00,36.27780767979791,36.648339272720044,36.54573059082031,13768500,36.08969321268689
2007-05-10 00:00:00+00:00,36.48871340708295,36.48871340708295,35.6279411315918,23573300,35.61084041570686
2007-05-11 00:00:00+00:00,35.51394596831657,35.93008023183763,35.49684524536133,23867100,35.143416532086626
2007-05-14 00:00:00+00:00,35.91297280981788,36.17519399415451,35.69065475463867,16788200,35.66215283017729
2007-05-15 00:00:00+00:00,35.33724275542254,35.57096212540798,35.240333557128906,21866900,35.14912605114821
2007-05-16 00:00:00+00:00,35.787565710579905,36.123893675545624,35.94147872924805,17213000,35.5766488366529
2007-05-17 00:00:00+00:00,35.9699895569528,35.9699895569528,35.764774322509766,12360000,35.64506271755355
2007-05-18 00:00:00+00:00,35.90159229039619,36.272124045554264,36.15241241455078,13378700,35.7989835635696
2007-05-21 00:00:00+00:00,36.397526134984155,36.500134842400115,36.20941162109375,10813300,36.12960533189429
2007-05-22 00:00:00+00:00,36.22650748343492,36.41462414662566,36.24361038208008,8892500,36.08399565055394
2007-05-23 00:00:00+00:00,36.35191911161894,36.54003360293943,36.37472152709961,9822100,36.27781234858576
2007-05-24 00:00:00+00:00,36.58416518514572,36.76777656469945,36.42350769042969,11036400,36.41203184240794
2007-05-25 00:00:00+00:00,36.48088250710502,36.48088250710502,36.25710678100586,8493000,36.1997297366485
2007-05-29 00:00:00+00:00,36.26282934347167,36.354633886061,36.176761627197266,10059400,36.027580066286966
2007-05-30 00:00:00+00:00,36.17676368772356,36.3546359567184,36.27430725097656,10866600,36.01036726080514
2007-05-31 00:00:00+00:00,36.14807319805297,36.463651177102776,36.30299377441406,12154500,36.13086053027716
2007-06-01 00:00:00+00:00,36.34890376613478,36.58989211740122,36.383331298828125,10836900,36.159557808305095
2007-06-04 00:00:00+00:00,36.17676210536818,36.532504439004775,36.492340087890625,10090400,36.153810422219244
2007-06-05 00:00:00+00:00,36.37759464214193,36.46366019108971,36.32595443725586,11391400,36.1595579783126
2007-06-06 00:00:00+00:00,36.26283149616181,36.39480039716855,36.0906982421875,11532300,35.88987428855657
2007-06-07 00:00:00+00:00,35.94150936914957,36.090693106480046,35.57429122924805,14245500,35.56855440340892
2007-06-08 00:00:00+00:00,35.60299188612254,35.77512517434553,35.648895263671875,13943800,35.26446213747346
2007-06-11 00:00:00+00:00,36.08498300191994,36.08498300191994,35.72924041748047,9082200,35.660387508284494
2007-06-12 00:00:00+00:00,35.71774318185352,35.809547735411776,35.47675704956055,11908200,35.436590505385176
2007-06-13 00:00:00+00:00,35.52265738159235,35.72347915369584,35.67757797241211,14814400,35.18412768805137
2007-06-14 00:00:00+00:00,35.68905570187894,35.92430501397817,35.83250045776367,9093400,35.67757985875297
2007-06-15 00:00:00+00:00,35.91282145999312,36.21692357676098,36.0161018371582,16817100,35.90134561933113
2007-06-18 00:00:00+00:00,36.06200447154623,36.090695168759595,35.763641357421875,8489300,35.706262151788046
2007-06-19 00:00:00+00:00,35.76937973659956,35.95872565142987,35.81528091430664,11399300,35.68905103401743
2007-06-20 00:00:00+00:00,35.87266172229704,36.05627081890002,35.59724807739258,11311700,35.56855956644707
2007-06-21 00:00:00+00:00,35.522672000067246,35.76939724378127,35.637428283691406,10370700,35.453819105410375
2007-06-22 00:00:00+00:00,35.48823202704773,35.5628239135935,34.84560012817383,22060300,34.84560012817383
2007-06-25 00:00:00+00:00,35.00052454427758,35.29315091756222,35.06364059448242,12967700,34.983311871964816
2007-06-26 00:00:00+00:00,35.20709667944744,35.55136336907877,35.37349319458008,13908200,35.184144983126885
2007-06-27 00:00:00+00:00,35.08657574548362,35.3046101213206,35.25870895385742,14158300,35.04067238922794
2007-06-28 00:00:00+00:00,35.28740310668945,35.48248802442449,35.28740310668945,9515800,35.115269870756855
2007-06-29 00:00:00+00:00,35.33332033441125,35.539878985304306,35.35626983642578,12025100,35.121020477625564
2007-07-02 00:00:00+00:00,35.539879498998175,35.57430703570816,35.48823928833008,8090400,35.21856457821332
2007-07-03 00:00:00+00:00,35.57430466752066,35.73496211721809,35.545616149902344,4716100,35.50545178747798
2007-07-05 00:00:00+00:00,35.631670636901305,35.81527971918876,35.73495101928711,8299700,35.49970174580675
2007-07-06 00:00:00+00:00,35.631680402694116,35.803815879710626,35.648895263671875,7558900,35.574303369550954
2007-07-09 00:00:00+00:00,35.78085075520214,36.33741696063257,35.98741149902344,18794500,35.56855318573811
2007-07-10 00:00:00+00:00,35.98742560377545,36.06201531032874,35.68906021118164,14338300,35.64315683287788
2007-07-11 00:00:00+00:00,35.68905118864588,36.14233708522953,36.067745208740234,11145900,35.660362678855535
2007-07-12 00:00:00+00:00,36.17675348308317,36.38331420460642,36.3546257019043,11042400,35.93002842001844
2007-07-13 00:00:00+00:00,36.41775759588662,36.49234729766785,36.394805908203125,8999400,36.15381756511329
2007-07-16 00:00:00+00:00,36.36037628401555,36.65300481315477,36.60710144042969,13368200,36.30873608409647
2007-07-17 00:00:00+00:00,36.07923391345389,36.44645222279489,35.998905181884766,27568400,35.73496510685137
2007-07-18 00:00:00+00:00,35.866930330124845,36.09070601616536,35.68906021118164,16892500,35.58577979879172
2007-07-19 00:00:00+00:00,35.7751135042592,35.975937432337155,35.798065185546875,12653800,35.60871928690556
2007-07-20 00:00:00+00:00,35.798078235148466,35.86119428730109,35.45381164550781,13773900,35.413647283009524
2007-07-23 00:00:00+00:00,35.511175201053824,35.7636393138307,35.57429122924805,9439400,35.48822352011179
2007-07-24 00:00:00+00:00,35.32757967227388,35.648896762245926,35.27020263671875,10753800,35.24151193014759
2007-07-25 00:00:00+00:00,35.275937948299465,35.56856650791431,35.30462646484375,10622200,35.10954148803169
2007-07-26 00:00:00+00:00,35.01772629942071,35.298878929373366,34.977561950683594,23319000,34.85706890447224
2007-07-27 00:00:00+00:00,34.85708792382502,35.08086147140055,34.29478454589844,23503600,34.26609602240307
2007-07-30 00:00:00+00:00,34.386586395708214,34.67921281412578,34.466915130615234,13604100,34.2947818145582
2007-07-31 00:00:00+00:00,35.201357440446685,35.44808270236138,34.713645935058594,21874200,34.713645935058594
2007-08-01 00:00:00+00:00,34.719361002521524,35.23002607279443,34.977561950683594,17638800,34.684935668628476
2007-08-02 00:00:00+00:00,34.88577321011448,35.275943222069195,35.01774215698242,17094800,34.857084689281244
2007-08-03 00:00:00+00:00,35.28741154926545,35.28741154926545,34.7423210144043,12984400,34.66199229766982
2007-08-06 00:00:00+00:00,34.604603131487586,35.78084933283072,35.746421813964844,14768000,34.604603131487586
2007-08-07 00:00:00+00:00,35.43085678601933,35.80381404875795,35.62020492553711,18086400,35.31610053680796
2007-08-08 00:00:00+00:00,35.568579105361415,35.85546875,35.85546875,15477600,35.11529294152182
2007-08-09 00:00:00+00:00,35.57429346892242,35.91855994955612,34.90297317504883,20821000,34.90297317504883
2007-08-10 00:00:00+00:00,34.828392589376435,35.24151206226803,35.08659362792969,15651600,34.713636329042366
2007-08-13 00:00:00+00:00,35.18411709433819,35.49969500782224,35.25870895385742,11132700,35.0750999064197
2007-08-14 00:00:00+00:00,35.293145836376326,35.539870985041176,35.075111389160156,18623200,35.06363554633933
2007-08-15 00:00:00+00:00,35.046427104269206,35.43085803557277,35.17265701293945,13757600,34.874291629984675
2007-08-16 00:00:00+00:00,34.88576942947583,35.5341404362521,35.36200714111328,24001900,34.845605066903225
2007-08-17 00:00:00+00:00,35.85546182640995,36.13661239814157,35.585784912109375,18327900,35.201351724353614
2007-08-20 00:00:00+00:00,35.48249387656091,35.63167545529562,35.47675704956055,12981800,35.31036061223833
2007-08-21 00:00:00+00:00,35.32757932487239,35.522664308152436,35.38495635986328,12477700,35.28741496262005
2007-08-22 00:00:00+00:00,35.40216606747685,35.63167636282143,35.58003616333008,12141600,35.356262695131974
2007-08-23 00:00:00+00:00,35.66037997817505,35.786609920246974,35.637428283691406,8809400,35.55709954179271
2007-08-24 00:00:00+00:00,35.674967348677214,35.80204857566159,35.744285583496094,9166300,35.43813555517165
2007-08-27 00:00:00+00:00,35.61720153409654,35.72695209192077,35.582542419433594,10458800,35.53055484919754
2007-08-28 00:00:00+00:00,35.58253992495498,35.62875207459925,35.380367279052734,14789300,35.368814241641665
2007-08-29 00:00:00+00:00,35.438130106884856,35.80782069186496,35.73272705078125,10176700,35.38614254052176
2007-08-30 00:00:00+00:00,35.438132746946415,35.761611206583716,35.582542419433594,8354000,35.438132746946415
2007-08-31 00:00:00+00:00,35.802045631960226,35.85403320204143,35.69229507446289,13355800,35.611426010673625
2007-09-04 00:00:00+00:00,35.59985988555102,35.842466987733545,35.802032470703125,9167600,35.58252923288376
2007-09-05 00:00:00+00:00,35.72694563202213,35.796263848814384,35.611419677734375,11283800,35.49589151993029
2007-09-06 00:00:00+00:00,35.640301201681545,35.755829359600305,35.61719512939453,7724400,35.58831364079393
2007-09-07 00:00:00+00:00,35.530553941498106,35.830926317019824,35.628753662109375,13553000,35.386144272700164
2007-09-10 00:00:00+00:00,35.72695538004187,35.802049033631114,35.7211799621582,10176500,35.56521723709606
2007-09-11 00:00:00+00:00,35.802037553644965,35.89445963476683,35.842472076416016,9942900,35.651852498140514
2007-09-12 00:00:00+00:00,35.81359012330852,36.20060689437263,36.108184814453125,11635100,35.784708636492965
2007-09-13 00:00:00+00:00,36.20639953730296,36.54720651157962,36.45478439331055,13499000,36.142858917833514
2007-09-14 00:00:00+00:00,36.38545986947433,36.576079479908216,36.50676345825195,9369200,36.31614164430147
2007-09-17 00:00:00+00:00,36.402787160845676,36.58185593154564,36.35657501220703,11085700,36.21794297332415
2007-09-18 00:00:00+00:00,36.37390833136415,36.93999397251169,36.87067794799805,12653400,36.35657767259822
2007-09-19 00:00:00+00:00,36.83023526012871,37.41942688205176,37.25191116333008,17955900,36.766696866646036
2007-09-20 00:00:00+00:00,37.25768191348368,37.54650115312309,37.42519760131836,12079500,37.07283777639573
2007-09-21 00:00:00+00:00,37.488752064859064,37.86999131066049,37.6158332824707,17638200,37.42521145605325
2007-09-24 00:00:00+00:00,37.53496390094447,37.864217776960054,37.66204071044922,12256700,37.4021050635545
2007-09-25 00:00:00+00:00,37.43098872954842,37.742909742748445,37.5291862487793,10084900,37.40210503234712
2007-09-26 00:00:00+00:00,37.55806925800949,37.910429244995974,37.77179718017578,12518700,37.46564935047399
2007-09-27 00:00:00+00:00,37.766008482313254,37.97973634179501,37.85843276977539,9074100,37.748680030172245
2007-09-28 00:00:00+00:00,37.8642091824866,37.97973513109901,37.95085144042969,8857800,37.74290120730138
2007-10-01 00:00:00+00:00,37.92777196166539,38.23969308677941,38.20503616333008,12568700,37.92777196166539
2007-10-02 00:00:00+00:00,38.216582455727,38.32055320171656,38.15304183959961,9839400,38.05483990110837
2007-10-03 00:00:00+00:00,38.04905705534775,38.58626114214977,38.18191146850586,9377800,38.020173361861445
2007-10-04 00:00:00+00:00,38.18190930039025,38.3263189455559,38.187686920166016,8741800,38.12414632373052
2007-10-05 00:00:00+00:00,38.297453648684865,38.35521664644223,38.26856994628906,9407400,38.23968624389327
2007-10-08 00:00:00+00:00,38.26856287715784,38.34365431966778,38.135704040527344,5678900,38.095269508863005
2007-10-09 00:00:00+00:00,38.1819232461359,38.28012078302684,38.26856994628906,7639500,38.08950333113097
2007-10-10 00:00:00+00:00,38.28011322153055,38.297446083764804,38.02595520019531,8523900,37.933530896412776
2007-10-11 00:00:00+00:00,38.11259347852915,38.25700311606868,38.09526062011719,10369200,38.025946814598946
2007-10-12 00:00:00+00:00,38.22235487125598,38.26278940730689,38.089500427246094,7025800,38.0144045695559
2007-10-15 00:00:00+00:00,38.0952707785605,38.21657878463007,37.92198181152344,9198100,37.783349756487084
2007-10-16 00:00:00+00:00,37.9912667142019,38.124125454120154,37.58692169189453,14314900,37.321208619088225
2007-10-17 00:00:00+00:00,37.8642191251511,37.88154758128995,37.459869384765625,10198300,37.384777939152734
2007-10-18 00:00:00+00:00,37.685145489629,37.73135764078554,37.48875045776367,13529500,37.367446866252735
2007-10-19 00:00:00+00:00,37.3039029814284,37.54651014312686,37.10173034667969,15297000,37.06129581972994
2007-10-22 00:00:00+00:00,37.142154839970374,37.194140186133936,37.16525650024414,11153100,36.70892379029793
2007-10-23 00:00:00+00:00,37.19994005900191,37.31546605760927,37.28658676147461,7727900,36.9457775736245
2007-10-24 00:00:00+00:00,37.15949330457055,37.26924164506328,37.2230339050293,11114300,36.81290881211823
2007-10-25 00:00:00+00:00,37.21148349899195,37.228811954635,36.93999481201172,10605500,36.81291359458475
2007-10-26 00:00:00+00:00,37.07284029953813,37.31544741965919,37.14215850830078,9531300,36.86489008028231
2007-10-29 00:00:00+00:00,37.22879816096376,37.81221425797402,37.534950256347656,12797700,37.14215591485043
2007-10-30 00:00:00+00:00,37.43098456701469,37.70247101816217,37.442535400390625,7698400,37.402100873025425
2007-10-31 00:00:00+00:00,37.44832310068019,37.69093033017473,37.644718170166016,10547400,37.31546424241367
2007-11-01 00:00:00+00:00,37.430993433016106,37.76602056466899,37.35012435913086,11156800,37.26925087821161
2007-11-02 00:00:00+00:00,37.39055430350043,37.5465148105418,37.41943359375,9896700,37.17682640189299
2007-11-05 00:00:00+00:00,36.97464711009139,37.46563902660243,37.25191116333008,10137400,36.97464711009139
2007-11-06 00:00:00+00:00,37.2519060054183,37.482962289146855,37.321224212646484,7820100,37.055511028819865
2007-11-07 00:00:00+00:00,37.026628272180226,37.27501301220632,36.91687774658203,10751600,36.812902636640125
2007-11-08 00:00:00+00:00,36.9515553269395,37.482981973676274,37.309688568115234,16433400,36.94000228633428
2007-11-09 00:00:00+00:00,36.88222175218166,37.979735914775596,37.63893127441406,16168600,36.88222175218166
2007-11-12 00:00:00+00:00,38.33789543117233,38.67292264427695,38.3032341003418,17582900,37.53497771165363
2007-11-13 00:00:00+00:00,38.54582471565455,38.9039578178491,38.88085174560547,16501000,38.43029435443642
2007-11-14 00:00:00+00:00,38.81732267727736,38.87509007855943,38.63825607299805,12128500,38.55738699964391
2007-11-15 00:00:00+00:00,38.56314774789564,38.87507306879342,38.63246154785156,11491600,38.43606657193373
2007-11-16 00:00:00+00:00,38.81732573516828,39.15235729804744,39.13502883911133,15135600,38.4591924983972
2007-11-19 00:00:00+00:00,38.967507277768696,39.285210334588044,39.042598724365234,19230900,38.95595644253602
2007-11-20 00:00:00+00:00,39.18123638176255,39.25055020933536,39.07148361206055,15463500,38.817321158870136
2007-11-21 00:00:00+00:00,38.7017923736508,39.07725840495112,38.78266143798828,14971600,38.66713546237287
2007-11-23 00:00:00+00:00,39.17498441147949,39.17498441147949,38.87274169921875,5964700,38.46006807256161
2007-11-26 00:00:00+00:00,38.79718962085296,39.570228321010426,39.157554626464844,15977400,38.58794599623226
2007-11-27 00:00:00+00:00,39.27961281788137,39.45397954943348,39.366798400878906,15183000,39.07618274718243
2007-11-28 00:00:00+00:00,39.43073596712771,39.80272814205795,39.72716522216797,15187400,38.977376185562406
2007-11-29 00:00:00+00:00,39.517922393583696,39.90735080914413,39.756229400634766,11035900,39.267992709467485
2007-11-30 00:00:00+00:00,39.83759115259527,39.959649185246185,39.37260437011719,16655400,39.05873895711087
2007-12-03 00:00:00+00:00,39.30285870497029,39.570224547725424,39.355167388916016,9768100,39.11686488242574
2007-12-04 00:00:00+00:00,39.19825675600483,39.645803093839,39.48887252807617,8107400,39.175006962105755
2007-12-05 00:00:00+00:00,39.20402285213372,39.66900935090193,39.64575958251953,9752700,39.20402285213372
2007-12-06 00:00:00+00:00,39.63417286066925,39.73879469605399,39.6981086730957,7604500,39.37842961096345
2007-12-07 00:00:00+00:00,39.81433598509653,39.81433598509653,39.33772659301758,12058400,39.27960436167956
2007-12-10 00:00:00+00:00,39.366803713850274,39.52373423687092,39.401676177978516,8315100,39.20405520088351
2007-12-11 00:00:00+00:00,39.40166312903652,39.50628492121643,39.262168884277344,10231500,39.22148287812083
2007-12-12 00:00:00+00:00,39.52372877039173,39.75622217945909,39.34935760498047,19269400,38.95412013989883
2007-12-13 00:00:00+00:00,39.23311632594814,39.523732002436645,39.44817352294922,7775900,39.18661675344359
2007-12-14 00:00:00+00:00,39.27961797246854,39.483048069863216,39.28542709350586,9492100,39.169182590549916
2007-12-17 00:00:00+00:00,39.19241954467671,39.38422690274689,39.262168884277344,12357700,39.06454797262993
2007-12-18 00:00:00+00:00,39.46560274539146,39.46560274539146,39.355167388916016,12275400,39.047115536055585
2007-12-19 00:00:00+00:00,39.28542094587545,39.37842008124194,39.12849044799805,8853900,39.06455465104429
2007-12-20 00:00:00+00:00,39.337734112420556,39.337734112420556,39.13430404663086,11029400,39.07618180418279
2007-12-21 00:00:00+00:00,39.145930715694675,39.634167357851226,39.541168212890625,19689500,39.145930715694675
2007-12-24 00:00:00+00:00,39.297052129531075,39.69810318210707,39.44817352294922,2772000,39.28542501918328
2007-12-26 00:00:00+00:00,39.512126012613834,39.517935135797636,39.26800537109375,6399800,39.15176082518527
2007-12-27 00:00:00+00:00,39.00061889800172,39.51210527420764,39.13430404663086,7623400,38.948310210131304
2007-12-28 00:00:00+00:00,39.37840625078199,39.48302802410268,39.16334915161133,5279200,38.959919157499236
2007-12-31 00:00:00+00:00,39.11105622763086,39.13430601266669,38.76812744140625,8515000,38.68094629057573
2008-01-02 00:00:00+00:00,38.686760638800756,38.94250387431074,38.308963775634766,11970500,38.19852839040206
2008-01-03 00:00:00+00:00,38.21596152241656,38.59376278937474,38.32058334350586,9277600,37.98928164913032
2008-01-04 00:00:00+00:00,38.198523663746116,38.59376114497168,38.26826858520508,12714800,38.198523663746116
2008-01-07 00:00:00+00:00,38.22177989243962,39.064563688060694,38.86113357543945,12352700,38.21596633652362
2008-01-08 00:00:00+00:00,38.97156290751848,39.378423069514795,38.90762710571289,13478500,38.71000614528384
2008-01-09 00:00:00+00:00,38.93668179990068,39.692284229805665,39.4074821472168,19489900,38.93668179990068
2008-01-10 00:00:00+00:00,39.192434884324086,39.657421794770116,39.47142791748047,13043400,39.14593530639072
2008-01-11 00:00:00+00:00,39.140110270167085,39.541161251931534,39.453975677490234,15541800,39.140110270167085
2008-01-14 00:00:00+00:00,39.69230334624045,39.69230334624045,39.49468231201172,11661600,39.12269447228746
2008-01-15 00:00:00+00:00,39.34935467623066,39.622534078969004,39.38423156738281,11545300,39.2040468606841
2008-01-16 00:00:00+00:00,39.134302846200704,40.01777243386279,39.70390701293945,18310300,39.134302846200704
2008-01-17 00:00:00+00:00,39.73879993473751,39.84923090621424,39.42493438720703,18336600,38.36127965965005
2008-01-18 00:00:00+00:00,39.61671566071139,39.61671566071139,38.52981185913086,22716600,38.36706785342716
2008-01-22 00:00:00+00:00,37.58821670171578,38.79717853532216,37.936954498291016,29488900,37.48940847233377
2008-01-23 00:00:00+00:00,37.78003890040693,38.111340602617375,37.3150520324707,22843600,36.11190549593412
2008-01-24 00:00:00+00:00,37.5126790064826,37.5126790064826,36.91400909423828,18084400,36.815200810183846
2008-01-25 00:00:00+00:00,36.93143412177061,37.192988627464416,36.30370330810547,23938400,36.233956178994205
2008-01-28 00:00:00+00:00,36.41995179544015,36.69313120564586,36.65825653076172,10182000,36.326954879637135
2008-01-29 00:00:00+00:00,36.81518308995713,36.84424420556035,36.600128173828125,10074000,36.518756163250714
2008-01-30 00:00:00+00:00,36.60013393066499,36.61757015932527,36.140960693359375,13653300,36.03633888695502
2008-01-31 00:00:00+00:00,35.95496499660764,36.844248087647024,36.69894027709961,21274200,35.87359297745649
2008-02-01 00:00:00+00:00,36.82099537584018,36.96049183844278,36.82680892944336,11780400,36.47225754516527
2008-02-04 00:00:00+00:00,36.838447598514534,37.03025281196241,36.8907585144043,7976200,36.61757904062199
2008-02-05 00:00:00+00:00,37.03606692955006,37.05350316270385,36.54201889038086,11320400,36.50133286820741
2008-02-06 00:00:00+00:00,36.72219001571379,36.83262315340025,36.646629333496094,9556900,36.48969663222298
2008-02-07 00:00:00+00:00,36.507144927978516,36.72219992454246,36.507144927978516,13693300,36.32696239629304
2008-02-08 00:00:00+00:00,36.530392992449976,36.72801175924506,36.05378341674805,13338800,36.001472501501645
2008-02-11 00:00:00+00:00,36.1119063561281,36.11771769436596,35.96659851074219,11133400,35.66435792627289
2008-02-12 00:00:00+00:00,36.11770522937492,36.70474996377651,36.600128173828125,11421300,36.04214455502975
2008-02-13 00:00:00+00:00,36.379271195753,37.0534994899399,36.85588073730469,11190600,36.379271195753
2008-02-14 00:00:00+00:00,36.7919409039002,36.98374829746545,36.495513916015625,10864100,36.39670344190646
2008-02-15 00:00:00+00:00,36.425770698702195,36.67570037756512,36.55945587158203,11916000,36.29790129867643
2008-02-19 00:00:00+00:00,36.76287782416283,37.09999302499847,37.001182556152344,10392600,36.64663112672911
2008-02-20 00:00:00+00:00,37.001173151236806,37.03023426390318,36.751243591308594,13772900,36.681496477465146
2008-02-21 00:00:00+00:00,36.83843898502309,36.948872129537165,36.6059455871582,11085000,36.472262659413374
2008-02-22 00:00:00+00:00,36.72004456246581,37.02428994953162,36.965782165527344,10142300,36.56792298489734
2008-02-25 00:00:00+00:00,37.05939860978398,37.41044980277656,37.357791900634766,9979000,36.98333669959494
2008-02-26 00:00:00+00:00,37.252474527064315,37.48651013381981,37.28173065185547,9219200,37.09450305922265
2008-02-27 00:00:00+00:00,36.98333284708882,37.35778800912213,36.88386917114258,9569700,36.837061159924005
2008-02-28 00:00:00+00:00,36.91895638274054,37.14714198715499,36.690773010253906,8545200,36.567905383826925
2008-02-29 00:00:00+00:00,36.68491804683006,36.7141719207001,36.251953125,12028300,36.20514737319345
2008-03-03 00:00:00+00:00,36.27539576641547,36.45092142857667,36.40996551513672,8841200,36.053062070648686
2008-03-04 00:00:00+00:00,36.33388251658383,36.74344364552267,36.64982986450195,14347700,36.28122462526414
2008-03-05 00:00:00+00:00,36.72003975478438,37.02428510201596,36.9365234375,13654600,36.649829976785895
2008-03-06 00:00:00+00:00,36.8312056714306,37.03598510953714,36.643978118896484,12137700,36.57376611274983
2008-03-07 00:00:00+00:00,36.310488960102596,36.52111834110521,35.98868942260742,14935800,35.924331747037485
2008-03-10 00:00:00+00:00,36.09399111504535,36.12324723023499,35.88336181640625,14229400,35.78974581888457
2008-03-11 00:00:00+00:00,36.13495487736987,36.585471920003,36.532814025878906,13635600,35.97698342692629
2008-03-12 00:00:00+00:00,36.538656390388425,36.93651543270444,36.597164154052734,13132300,36.357278751944094
2008-03-13 00:00:00+00:00,36.57961861226742,37.11789727345743,36.74929428100586,15810500,36.076443722589836
2008-03-14 00:00:00+00:00,37.076957938619536,37.076957938619536,36.655696868896484,20835000,36.421661205327396
2008-03-17 00:00:00+00:00,36.064750573066306,37.61523151069457,37.46895980834961,21927300,36.064750573066306
2008-03-18 00:00:00+00:00,37.878513984144064,38.212013244628906,38.212013244628906,15062200,37.69713852468
2008-03-19 00:00:00+00:00,38.25881413041614,38.504549442096504,37.960418701171875,15845800,37.925314932033736
2008-03-20 00:00:00+00:00,38.01308460243593,38.32317984728841,38.252967834472656,16276300,37.9662765938921
2008-03-24 00:00:00+00:00,38.12425782578072,38.34658920159706,37.96628189086914,9887900,37.82001019165517
2008-03-25 00:00:00+00:00,37.989688262208894,38.11255596153077,37.767356872558594,9511900,37.65033682759137
2008-03-26 00:00:00+00:00,37.56840755925494,37.942862601317096,37.855098724365234,11354700,37.56840755925494
2008-03-27 00:00:00+00:00,37.92531938644981,38.17690684382162,37.80830383300781,10772200,37.74979159242958
2008-03-28 00:00:00+00:00,37.93702008018885,38.03063609630821,37.550865173339844,8755200,37.48065316125032
2008-03-31 00:00:00+00:00,37.6152156776404,38.03647871729251,37.954566955566406,13668500,37.28171651522518
2008-04-01 00:00:00+00:00,38.10669027632993,38.56890924570717,38.53965759277344,11204700,37.74393942572612
2008-04-02 00:00:00+00:00,38.52796061727626,38.59817263248373,38.212013244628906,9791500,38.1184016882098
2008-04-03 00:00:00+00:00,37.91361169330598,38.36997850575649,38.1885986328125,7651200,37.91361169330598
2008-04-04 00:00:00+00:00,38.171048947308606,38.5864599021425,38.45774459838867,8079600,38.048181295641385
2008-04-07 00:00:00+00:00,38.41095197801672,38.75615107131741,38.6976432800293,8901900,38.32318805915538
2008-04-08 00:00:00+00:00,38.60402826204077,38.97263133173733,38.802955627441406,8861100,38.469456336613675
2008-04-09 00:00:00+00:00,38.74443306551948,38.90825658957437,38.7853889465332,8589900,38.58060954146459
2008-04-10 00:00:00+00:00,38.76784385546363,38.94921929403407,38.808799743652344,8272100,38.703483964901785
2008-04-11 00:00:00+00:00,38.732749690859976,39.05454926057295,38.6157341003418,9234800,38.58063031595807
2008-04-14 00:00:00+00:00,38.609879498756634,38.861467019664566,38.46360778808594,10326800,38.46360778808594
2008-04-15 00:00:00+00:00,38.39923403054596,38.627417459794856,38.41093826293945,17362000,38.02477894337564
2008-04-16 00:00:00+00:00,38.49284565894657,38.56305765375659,38.440185546875,12617900,38.10668638327586
2008-04-17 00:00:00+00:00,38.40509163707423,38.61572321170119,38.475303649902344,8841500,38.352435975346175
2008-04-18 00:00:00+00:00,38.656680130439035,39.08379540807599,38.914119720458984,10741100,38.580620462413826
2008-04-21 00:00:00+00:00,38.761999730808455,38.9492273245388,38.802955627441406,8975600,38.64498415867372
2008-04-22 00:00:00+00:00,38.65082691041099,39.294425867096805,39.1949577331543,13185600,38.49285546167917
2008-04-23 00:00:00+00:00,39.27102400367346,39.48750324285306,39.352935791015625,10643000,39.05454030063625
2008-04-24 00:00:00+00:00,39.32368894855843,39.63378428294448,39.41730499267578,9613100,39.21252101213374
2008-04-25 00:00:00+00:00,39.534295373614,39.610355013063405,39.382171630859375,9182200,39.165692478635755
2008-04-28 00:00:00+00:00,39.37632742401413,39.59280659517341,39.38802719116211,9071600,39.30026331405549
2008-04-29 00:00:00+00:00,39.34706970625186,39.48748922558407,39.31196594238281,7706800,39.27685771465773
2008-04-30 00:00:00+00:00,39.46410298018466,39.592822790746794,39.25347137451172,13098400,39.15400768957117
2008-05-01 00:00:00+00:00,39.276861699144256,39.71567664744754,39.674720764160156,13165100,39.171545932997205
2008-05-02 00:00:00+00:00,39.49919623477691,39.973114935772095,39.938011169433594,12562300,39.49919623477691
2008-05-05 00:00:00+00:00,39.809302075283675,39.97312564723775,39.72739028930664,10550400,39.616222380970285
2008-05-06 00:00:00+00:00,39.61035339561578,39.774181361661086,39.54014587402344,9487600,39.38217002272938
2008-05-07 00:00:00+00:00,39.48165831684802,39.59867388860405,39.14815902709961,12628400,39.07794700573123
2008-05-08 00:00:00+00:00,39.21835931325324,39.294423438263976,39.14229965209961,9444500,39.02527963818197
2008-05-09 00:00:00+00:00,38.91997034997175,39.18326207731429,38.93752670288086,8758400,38.82050666944268
2008-05-12 00:00:00+00:00,38.96093496739345,39.136462824914965,39.03114700317383,7707900,38.791263692677184
2008-05-13 00:00:00+00:00,39.05453339494137,39.20080505559658,38.85560607910156,9532400,38.79124619130472
2008-05-14 00:00:00+00:00,38.95506652470414,39.26516170550499,39.08963394165039,9022000,38.85560287498622
2008-05-15 00:00:00+00:00,39.18909661767366,39.194944268829374,39.01356887817383,8407900,38.814637142483626
2008-05-16 00:00:00+00:00,39.148140740304484,39.148140740304484,39.01356887817383,9764900,38.7912376101491
2008-05-19 00:00:00+00:00,38.9667658961054,39.07793377633955,38.984317779541016,8748300,38.767838598693146
2008-05-20 00:00:00+00:00,38.873159249174726,39.16570258015561,38.70348358154297,12612400,38.639123691618614
2008-05-21 00:00:00+00:00,38.84389943736328,39.02527485689252,38.45774459838867,11216800,38.369980714667356
2008-05-22 00:00:00+00:00,38.705227039837034,38.7405782202435,38.54024887084961,9882700,38.42240411063148
2008-05-23 00:00:00+00:00,38.493085029599946,38.587356278935246,38.25150680541992,9073500,38.21615564883355
2008-05-27 00:00:00+00:00,38.19259497594938,38.4930933578936,38.38703536987305,8358200,38.18670161680494
2008-05-28 00:00:00+00:00,38.41060157836539,38.48130390180495,38.227943420410156,14779300,38.086534278215446
2008-05-29 00:00:00+00:00,38.09833118246454,39.270858144610635,39.135337829589844,13264000,38.02762434480368
2008-05-30 00:00:00+00:00,39.17659952528422,39.49477369118277,39.32390213012695,10995000,39.100003789080745
2008-06-02 00:00:00+00:00,39.21193488027453,39.47707763341718,39.1883659362793,9630900,38.976249935638606
2008-06-03 00:00:00+00:00,39.24729946890851,39.500660084346386,39.3356819152832,11363000,39.147134794165574
2008-06-04 00:00:00+00:00,39.30031869948163,39.441732384677046,39.21194076538086,8962800,39.046958132652875
2008-06-05 00:00:00+00:00,39.27674614268166,39.535995521410754,39.45350646972656,8679800,39.18247037200477
2008-06-06 00:00:00+00:00,39.229619819156,39.33567784476699,38.74646759033203,14267200,38.699329691101035
2008-06-09 00:00:00+00:00,38.817159549310205,39.00570660042712,38.669857025146484,8695900,38.48130997402957
2008-06-10 00:00:00+00:00,38.42241537764987,38.84075428463285,38.66399383544922,10170100,38.42241537764987
2008-06-11 00:00:00+00:00,38.599154462554644,38.799483736482195,38.41649627685547,10392400,38.363469526221564
2008-06-12 00:00:00+00:00,38.44007577159639,38.787712159558,38.705223083496094,9743400,38.39294236764494
2008-06-13 00:00:00+00:00,38.75825475000755,39.10589118193084,39.046966552734375,8938300,38.73468579739258
2008-06-16 00:00:00+00:00,38.864312662057124,38.982157424746724,38.79360580444336,7984700,38.59327645084811
2008-06-17 00:00:00+00:00,38.91142555547828,39.03515910527984,38.646278381347656,7304000,38.59325164371063
2008-06-18 00:00:00+00:00,38.46363473683183,38.87019114568686,37.96870040893555,12845600,37.827286747836894
2008-06-19 00:00:00+00:00,37.892090849659766,38.28686493680478,38.07474899291992,9089600,37.79192623596836
2008-06-20 00:00:00+00:00,37.8803208793379,38.074761306668826,37.74480056762695,16435000,37.63874480904266
2008-06-23 00:00:00+00:00,37.82728644167642,37.980482325635215,37.88031768798828,8689900,37.67998616503627
2008-06-24 00:00:00+00:00,37.768358999227374,38.20437312782042,38.133670806884766,10692800,37.768358999227374
2008-06-25 00:00:00+00:00,38.198503110109066,38.69933094352353,38.463645935058594,10391100,38.133689620398265
2008-06-26 00:00:00+00:00,38.11011905042964,38.50488883802397,37.86265182495117,12412700,37.86265182495117
2008-06-27 00:00:00+00:00,37.82729750060954,38.12779599671834,37.45609664916992,19081600,37.355931982239525
2008-06-30 00:00:00+00:00,37.438413175869464,38.06886785159632,37.9097785949707,12516900,37.179159273407954
2008-07-01 00:00:00+00:00,37.56214598030345,38.286876421862715,38.116004943847656,16637300,37.556254867942855
2008-07-02 00:00:00+00:00,38.26330504898473,38.363469686366635,38.08654022216797,10708000,38.00405116840448
2008-07-03 00:00:00+00:00,37.9156713698344,38.51077486615454,38.36936569213867,7714900,37.85675125527084
2008-07-07 00:00:00+00:00,38.35758999771826,38.852528992016225,38.44597244262695,14506700,38.22207414480042
2008-07-08 00:00:00+00:00,38.387042975503185,39.052848840633146,39.01160430908203,15476900,38.387042975503185
2008-07-09 00:00:00+00:00,38.97624760414587,39.47707527196578,38.99392318725586,13940700,38.89964741691434
2008-07-10 00:00:00+00:00,38.92323019806835,39.59492956695777,39.44173812866211,17399900,38.92323019806835
2008-07-11 00:00:00+00:00,39.07053447866233,39.31800622695752,39.04107666015625,16631500,38.887880719843594
2008-07-14 00:00:00+00:00,39.147119705713116,39.441724749867326,39.12944412231445,11114700,38.94089257855218
2008-07-15 00:00:00+00:00,39.53599360551862,40.05450132848255,39.88951873779297,24203400,39.35333992782866
2008-07-16 00:00:00+00:00,39.93076246689085,40.54354144845097,40.1782341003418,18883600,39.77167773389424
2008-07-17 00:00:00+00:00,40.32555558583061,40.33144445237924,39.96613693237305,14217400,39.47709128975794
2008-07-18 00:00:00+00:00,39.91898343998399,40.195912900441854,39.960227966308594,12903500,39.80114322057547
2008-07-21 00:00:00+00:00,40.05452290403557,40.05452290403557,39.541908264160156,11279400,39.477094763877574
2008-07-22 00:00:00+00:00,39.48886351905131,40.213594004321344,40.06039810180664,15551300,39.48886351905131
2008-07-23 00:00:00+00:00,40.19001733493689,40.27250638305846,40.22536849975586,10256800,39.84238556004113
2008-07-24 00:00:00+00:00,40.21949610412542,40.80281303906348,40.45518112182617,16543100,39.901322004527074
2008-07-25 00:00:00+00:00,40.584785777656634,40.77922616896958,40.67316818237305,10504500,40.39623874540901
2008-07-28 00:00:00+00:00,40.63193566331844,40.6496112504204,40.349117279052734,9814300,40.313761609531646
2008-07-29 00:00:00+00:00,40.390361814063034,40.655504611226775,40.349117279052734,13012200,40.243059261123804
2008-07-30 00:00:00+00:00,40.47874515566238,40.47874515566238,40.11343765258789,13523100,39.89542822680767
2008-07-31 00:00:00+00:00,39.94845381216663,40.684966570537576,40.343223571777344,13798400,39.94256045141087
2008-08-01 00:00:00+00:00,40.36088325312012,40.537648043595695,40.12519836425781,9052300,40.02503374746882
2008-08-04 00:00:00+00:00,40.17235633537227,40.90297581051868,40.64372634887695,13694700,40.04862271827375
2008-08-05 00:00:00+00:00,40.83816165608491,41.53932330353989,41.50986099243164,20179200,40.732103629539765
2008-08-06 00:00:00+00:00,41.45093579242019,42.12263504655874,41.87516784667969,18729400,41.29185101973136
2008-08-07 00:00:00+00:00,41.58057053236236,41.89285127091869,41.627708435058594,14181000,41.2506142041244
2008-08-08 00:00:00+00:00,41.69840179284735,42.23458520581233,42.157989501953125,12071300,41.46861018595289
2008-08-11 00:00:00+00:00,42.0872885019209,42.3642180397548,42.222808837890625,10231600,41.886954678572295
2008-08-12 00:00:00+00:00,42.110852583217216,42.34653755595609,42.246368408203125,8696800,42.004794570250574
2008-08-13 00:00:00+00:00,42.22868881794075,42.32885346087948,41.951759338378906,10600600,41.83391911084118
2008-08-14 00:00:00+00:00,41.95176594077742,42.30529566966243,41.94587707519531,9459500,41.621809655489805
2008-08-15 00:00:00+00:00,41.727875192699166,42.075511623314284,42.02837371826172,10790800,41.6984128782118
2008-08-18 00:00:00+00:00,42.19333558626631,42.19333558626631,41.88694381713867,9846300,41.71607684415617
2008-08-19 00:00:00+00:00,41.62768960111499,42.05781040649112,41.92229461669922,9133700,41.62768960111499
2008-08-20 00:00:00+00:00,41.939974034002766,42.15798338378682,41.88105392456055,10278400,41.5923377462561
2008-08-21 00:00:00+00:00,41.64536858923799,42.15208961711605,41.99889373779297,7840100,41.54520395462204
2008-08-22 00:00:00+00:00,42.13528119873161,42.50889288468547,42.35470199584961,7717700,41.99888069620117
2008-08-25 00:00:00+00:00,42.25391028004834,42.31321310887156,41.98704528808594,8205000,41.83878595376998
2008-08-26 00:00:00+00:00,41.939590238538116,42.117498678444505,41.933658599853516,6439600,41.66086203905201
2008-08-27 00:00:00+00:00,41.9395805040229,42.3369142378889,42.230167388916016,8399300,41.69643314405161
2008-08-28 00:00:00+00:00,42.39030545712357,42.5148427391388,42.348793029785156,8148200,42.20646082932611
2008-08-29 00:00:00+00:00,42.2123788155995,42.34284769489704,41.767601013183594,10368300,41.761669375620855
2008-09-02 00:00:00+00:00,42.159018563102904,42.75798748986621,42.53856658935547,15122400,41.96924681223434
2008-09-03 00:00:00+00:00,42.50298374686755,42.63938432160217,42.40810012817383,9844000,42.289489949162046
2008-09-04 00:00:00+00:00,42.3962316325159,42.3962316325159,41.77947235107422,13676200,41.749823203355426
2008-09-05 00:00:00+00:00,41.74389291590183,42.14715843896153,41.909942626953125,10746400,41.69644884859709
2008-09-08 00:00:00+00:00,42.224265664802466,42.92405005392975,42.829166412353516,15226500,41.98705429860348
2008-09-09 00:00:00+00:00,42.64531327494325,43.14939406156707,42.30727767944336,19050100,42.30727767944336
2008-09-10 00:00:00+00:00,42.491132433066774,42.70462626816332,42.24205780029297,12611100,42.11751595938958
2008-09-11 00:00:00+00:00,42.05819501270423,42.431811325512975,42.20052719116211,15725800,41.702373615588634
2008-09-12 00:00:00+00:00,42.14123132143833,42.62159463654305,41.86250305175781,15141200,41.690526207225695
2008-09-15 00:00:00+00:00,41.46517023846551,42.04041718928478,41.28133010864258,20929700,41.28133010864258
2008-09-16 00:00:00+00:00,41.28727314759809,41.80914452848923,41.394020080566406,23336300,41.21610701744683
2008-09-18 00:00:00+00:00,41.63122105424011,42.075999076291886,42.06414031982422,29279900,41.0381836915044
2008-09-19 00:00:00+00:00,42.60970969914938,43.10786315707945,41.50666046142578,27446100,41.04409230196365
2008-09-22 00:00:00+00:00,41.41179493867309,41.93366612368764,40.56968307495117,16067900,40.504448611259924
2008-09-23 00:00:00+00:00,40.729813590511675,40.978888241843755,40.415504455566406,13635900,40.36212873055706
2008-09-24 00:00:00+00:00,40.47479740540178,40.91957539886773,40.43921661376953,12469600,40.059673087973174
2008-09-25 00:00:00+00:00,40.65270177231891,41.494813508415945,41.133060455322266,14577700,40.59932607169923
2008-09-26 00:00:00+00:00,40.783171492626515,41.364350014077004,41.15678787231445,13087200,40.76538109826335
2008-09-29 00:00:00+00:00,40.80690494165271,41.42959606564295,39.6742057800293,25740100,39.6742057800293
2008-09-30 00:00:00+00:00,40.03000784193409,41.20422339608383,41.08561325073242,19623000,39.97663666991177
2008-10-01 00:00:00+00:00,40.96108280812587,40.96108280812587,40.201995849609375,25547700,39.89954558427337
2008-10-02 00:00:00+00:00,40.302811096549654,40.48072408192734,40.201995849609375,30897500,40.11897099630383
2008-10-03 00:00:00+00:00,40.32653414707387,40.5459595646408,39.235347747802734,25416700,39.19976243512022
2008-10-06 00:00:00+00:00,38.571144753402415,39.16418202601097,38.25090408325195,33471600,36.940292253728884
2008-10-07 00:00:00+00:00,38.61264794553759,38.932888539087976,37.05889129638672,24172200,36.82760491509558
2008-10-08 00:00:00+00:00,36.5548238842445,37.87136759691752,36.9818115234375,37910400,36.24644417396712
2008-10-09 00:00:00+00:00,37.14784178616257,37.4562213347251,34.14707565307617,33493900,34.14707565307617
2008-10-10 00:00:00+00:00,32.85426692502694,34.989200274139115,33.121131896972656,50089400,30.87352227664469
2008-10-13 00:00:00+00:00,34.668962928106374,37.24274511685789,37.17158126831055,32537300,34.36651487508669
2008-10-14 00:00:00+00:00,39.43698489665985,40.018163506976634,37.95439147949219,38915400,37.36135411262512
2008-10-15 00:00:00+00:00,38.138213649408904,38.40508305349315,35.9024658203125,25064700,35.64152805396717
2008-10-16 00:00:00+00:00,36.02108552764302,37.94252505571596,37.657867431640625,34602200,34.58000475045946
2008-10-17 00:00:00+00:00,37.331692600361635,38.54741842119396,37.15378189086914,25254100,36.79202883295522
2008-10-20 00:00:00+00:00,37.62227358331048,38.268684126094556,38.21531295776367,18035000,36.857257427892826
2008-10-21 00:00:00+00:00,37.7823941707244,38.4881097876046,37.752742767333984,14042400,37.58076146050964
2008-10-22 00:00:00+00:00,36.92842607778064,37.42064576890702,36.42434310913086,23324900,35.730490682996034
2008-10-23 00:00:00+00:00,36.6734222526167,37.44437019619956,37.03517532348633,23490600,35.70084156111918
2008-10-24 00:00:00+00:00,34.98919823837421,37.05889926515613,36.05073547363281,23132100,34.77570446343308
2008-10-27 00:00:00+00:00,35.825373199348945,37.17749714188641,35.67118453979492,21067000,35.6415308732686
2008-10-28 00:00:00+00:00,36.43620403321817,38.250898643753054,38.06705856323242,27526400,35.92026231285077
2008-10-29 00:00:00+00:00,37.580778573522345,37.580778573522345,36.48958969116211,29020100,35.605965251566765
2008-10-30 00:00:00+00:00,36.975878607344576,37.21309445699355,35.92027282714844,23629000,35.392469937050365
2008-10-31 00:00:00+00:00,36.08039627173832,36.55482574934911,36.376914978027344,19784900,35.481429480428105
2008-11-03 00:00:00+00:00,36.46586023194114,36.66156134127323,36.27015686035156,11846900,35.91433542760733
2008-11-04 00:00:00+00:00,36.66747175542799,36.86910212494695,36.70305252075195,14645400,36.35909230316858
2008-11-05 00:00:00+00:00,36.62004624738947,36.62004624738947,35.4932746887207,19758000,35.42211085980965
2008-11-06 00:00:00+00:00,35.422111048274786,35.772003080480296,34.34871292114258,22899400,34.099638387500015
2008-11-07 00:00:00+00:00,34.668960587434874,35.87282786464573,35.71270751953125,16245700,34.562213690691884
2008-11-10 00:00:00+00:00,36.17527317104458,36.323532487319355,35.588165283203125,12841200,35.333161340487536
2008-11-11 00:00:00+00:00,35.161164766782015,35.81943620798853,35.31535339355469,14393000,34.402075857786066
2008-11-12 00:00:00+00:00,34.888378935216146,35.30943479671134,34.34871292114258,18385200,34.15301182503161
2008-11-13 00:00:00+00:00,34.633372749090086,37.36727229060389,37.302040100097656,27304500,33.99289149896474
2008-11-14 00:00:00+00:00,36.48365442751854,37.06483070144629,35.61188888549805,22065300,35.35688266929148
2008-11-17 00:00:00+00:00,34.87059424320774,36.23457963769522,35.149322509765625,16564900,34.781640001849034
2008-11-18 00:00:00+00:00,34.858715034329926,36.1752579321772,36.110023498535156,21199500,34.66894337042035
2008-11-19 00:00:00+00:00,35.84316950099358,36.489580174604214,34.467323303222656,27534900,34.402088845717195
2008-11-20 00:00:00+00:00,34.3961629655583,34.72233302398704,33.097412109375,31046400,32.61705108802942
2008-11-21 00:00:00+00:00,33.77310490038861,34.98697462908053,34.891300201416016,30802200,32.583154348877386
2008-11-24 00:00:00+00:00,35.411540773095055,35.81217682490945,35.34576416015625,20508500,34.634183290427934
2008-11-25 00:00:00+00:00,35.871970010648084,35.87794866509317,35.10059356689453,21416200,34.35911495748351
2008-11-26 00:00:00+00:00,34.45478902693725,34.98099957375161,34.843467712402344,18507700,33.79702755421319
2008-11-28 00:00:00+00:00,34.96306631316552,35.13647468763564,35.02884292602539,7688500,34.46077487439605
2008-12-01 00:00:00+00:00,34.478704388520676,34.57437881543239,33.085445404052734,18847200,33.019668807852504
2008-12-02 00:00:00+00:00,33.5518590957861,34.08404825622092,33.98239517211914,16081100,32.85821890672639
2008-12-03 00:00:00+00:00,33.533921966160406,34.687993820538104,34.27539825439453,18783300,33.1871007195882
2008-12-04 00:00:00+00:00,34.33521530598078,34.448830334583725,33.5937385559082,17053600,33.205059645215755
2008-12-05 00:00:00+00:00,33.40236754088466,34.903260586834946,34.81954574584961,16614100,33.03760806425567
2008-12-08 00:00:00+00:00,35.32184536764857,35.740421951930315,35.1424560546875,16361100,34.53253056577276
2008-12-09 00:00:00+00:00,35.25008193671801,35.279979768445706,34.56840133666992,13779200,34.38303113026488
2008-12-10 00:00:00+00:00,35.17235299407249,35.17235299407249,34.56242752075195,13131200,33.98838082152986
2008-12-11 00:00:00+00:00,34.32323860742158,35.18430855768296,34.83150863647461,15953500,34.11394920406085
2008-12-12 00:00:00+00:00,34.209616591537774,34.466742020828335,34.23353576660156,14749700,33.73124449555233
2008-12-15 00:00:00+00:00,34.520562981058944,34.91522029061617,34.56840133666992,12984300,34.05415041914358
2008-12-16 00:00:00+00:00,34.95110407504103,35.72845921685287,35.638763427734375,17915200,34.460772264926234
2008-12-17 00:00:00+00:00,35.30988474657853,35.51319323695635,35.148433685302734,15634400,34.92120829333721
2008-12-18 00:00:00+00:00,35.60885374753748,36.02743015576626,35.27399444580078,18919300,34.975011622931355
2008-12-19 00:00:00+00:00,35.60886998236753,35.96765090202133,35.1843147277832,23131200,35.00492540848578
2008-12-22 00:00:00+00:00,35.387623959473885,35.60289205948415,35.23813247680664,14157000,34.717902755821164
2008-12-23 00:00:00+00:00,35.393603751124736,35.84207821352091,35.08864212036133,10555500,35.028846437798805
2008-12-24 00:00:00+00:00,35.16038289740357,35.256057318688086,35.01687240600586,3633700,34.83748087017152
2008-12-26 00:00:00+00:00,35.18430207298923,35.48328492463562,35.01687240600586,4249100,34.80160438785116
2008-12-29 00:00:00+00:00,35.02883489835984,35.20822416801085,34.77170944213867,9860100,34.28735636112845
2008-12-30 00:00:00+00:00,34.969045736023396,35.38164138793945,35.38164138793945,10880600,34.84347344383923
2008-12-31 00:00:00+00:00,35.38763112102395,35.907860947290615,35.776309967041016,11920500,35.32185449036942
2009-01-02 00:00:00+00:00,35.95569332606359,36.47592306551454,36.26663589477539,11638900,35.30391034725711
2009-01-05 00:00:00+00:00,36.12908740460868,36.33837677348905,35.907840728759766,15540000,35.49524520659966
2009-01-06 00:00:00+00:00,36.075281241258615,36.141055569427515,35.69258117675781,22097600,35.22018988341703
2009-01-07 00:00:00+00:00,35.423499848063585,35.77031887342128,35.357723236083984,14293300,35.1304955622614
2009-01-08 00:00:00+00:00,35.67464806433989,35.81217995748817,35.29195022583008,17345400,35.058743873054354
2009-01-09 00:00:00+00:00,35.36370777664114,35.608873737783966,35.30989074707031,14698300,35.010907756356666
2009-01-12 00:00:00+00:00,35.32782982664054,35.52515740625608,34.88533401489258,15253100,34.77172130426903
2009-01-13 00:00:00+00:00,35.04080190370989,35.351744454986274,35.1843147277832,15513400,34.90925095278989
2009-01-14 00:00:00+00:00,35.01090496003288,35.034824144833756,34.65212631225586,16707900,34.311285912549984
2009-01-15 00:00:00+00:00,34.73584439690622,34.8016210206745,34.45479965209961,20383600,33.49207404471115
2009-01-16 00:00:00+00:00,34.723867923955765,34.723867923955765,34.34714889526367,20746500,33.86279813943195
2009-01-20 00:00:00+00:00,33.79104227536883,34.69995045538023,33.93455505371094,23153700,33.785063621756265
2009-01-21 00:00:00+00:00,34.43684489127395,34.43684489127395,33.70134735107422,22306100,32.94193063532536
2009-01-22 00:00:00+00:00,33.707322871182186,34.06610362789441,34.00630569458008,19146100,33.25286998328287
2009-01-23 00:00:00+00:00,33.57579661449987,33.71930719763185,33.468162536621094,21334000,32.9479303998538
2009-01-26 00:00:00+00:00,33.60567718452759,34.05415151809053,33.814964294433594,16347800,33.36648996087066
2009-01-27 00:00:00+00:00,33.994365358572566,34.526557001684054,34.40696334838867,14771500,33.79105683228818
2009-01-28 00:00:00+00:00,34.81954262901134,35.130485068450554,35.01687240600586,18096400,34.62221513307495
2009-01-29 00:00:00+00:00,34.78367254896299,35.14245342913891,34.849449157714844,16159300,34.47273231295937
2009-01-30 00:00:00+00:00,34.78965497981544,34.915227266796514,34.49665069580078,13858500,34.23354653054631
2009-02-02 00:00:00+00:00,34.23354653054631,34.76573579723081,34.49665069580078,10933900,34.036216695811355
2009-02-03 00:00:00+00:00,34.723879044776695,35.166374806978375,35.02884292602539,13181700,34.221587606007226
2009-02-04 00:00:00+00:00,35.10657451579841,35.3577213590187,34.65810012817383,11429500,34.48468948417157
2009-02-05 00:00:00+00:00,34.6401572691037,35.00491675409441,34.7477912902832,14781300,34.0780702659895
2009-02-06 00:00:00+00:00,34.83748897761929,35.11255499875204,34.98698043823242,11458700,34.5624252375452
2009-02-09 00:00:00+00:00,34.957083625764724,35.10059643582079,34.98100280761719,9357000,34.65810069578509
2009-02-10 00:00:00+00:00,34.67005704759698,34.98099953945247,33.92259979248047,16612000,33.84486359925197
2009-02-11 00:00:00+00:00,34.01230220857114,34.30530423232508,34.28138732910156,14692600,33.803012767687946
2009-02-12 00:00:00+00:00,34.03619862410669,34.592306778107165,34.55044937133789,14424600,33.53390974287538
2009-02-13 00:00:00+00:00,34.50860408969478,34.562421100315795,34.14384460449219,12563900,33.97043626454305
2009-02-17 00:00:00+00:00,33.52795338369504,33.9584896329429,33.47413635253906,15246500,33.32464485277903
2009-02-18 00:00:00+00:00,33.30671277215605,33.64157233376669,33.38444900512695,15517100,33.13928071029103
2009-02-19 00:00:00+00:00,33.64155666414849,33.785069467321485,33.44422912597656,12199800,33.26483983280428
2009-02-20 00:00:00+00:00,33.166887697275115,33.444234815302885,32.94983673095703,24427000,32.88954287922261
2009-02-23 00:00:00+00:00,32.66043121674278,33.215123159177644,32.3469123840332,20500400,32.30470783732325
2009-02-24 00:00:00+00:00,32.919676958417476,33.02217531995967,32.88350296020508,18848100,32.461455347922914
2009-02-25 00:00:00+00:00,32.75086671798845,33.01615273530073,32.5338134765625,21016500,32.31073200064138
2009-02-26 00:00:00+00:00,32.85336214118298,32.85336214118298,31.61736488342285,21284600,31.532955808253334
2009-02-27 00:00:00+00:00,31.104876989810872,31.35207595825195,30.14622688293457,29873300,30.110050582684195
2009-03-02 00:00:00+00:00,29.561395720685844,29.802566507750548,28.892148971557617,27902900,28.843916194129726
2009-03-03 00:00:00+00:00,28.92832209315106,29.25993016385704,28.72332763671875,25987400,28.542450716331384
2009-03-04 00:00:00+00:00,28.80773919021574,29.766389480680004,29.603599548339844,24253500,28.57259894349385
2009-03-05 00:00:00+00:00,29.127298370548267,29.308175353375894,28.741424560546875,22344000,28.584665122089763
2009-03-06 00:00:00+00:00,28.699220315586736,29.29611689529075,28.922304153442383,19202100,28.343494582222363
2009-03-09 00:00:00+00:00,28.61479843719314,28.78964710774719,28.096282958984375,23304900,27.885260287608535
2009-03-10 00:00:00+00:00,28.476133043204847,28.862004479661266,28.807741165161133,21883400,28.295256094862797
2009-03-11 00:00:00+00:00,29.073036011667405,29.380526662693327,28.88010025024414,16569300,28.68113395254007
2009-03-12 00:00:00+00:00,28.771565431389213,29.736243964723496,29.54330825805664,16337000,28.536425182637423
2009-03-13 00:00:00+00:00,29.95329736910695,30.622544111407926,30.5321044921875,16509600,29.694039580648457
2009-03-16 00:00:00+00:00,30.827545118528565,31.05665488246253,30.586374282836914,16547600,30.538141495683913
2009-03-17 00:00:00+00:00,30.56828638237864,30.62254970382568,30.580345153808594,17325700,29.82065865355007
2009-03-18 00:00:00+00:00,30.56224784531742,31.098852683574563,30.544160842895508,16730400,30.29696184323823
2009-03-19 00:00:00+00:00,30.845625492045535,30.845625492045535,30.182409286499023,18963600,29.838742414537187
2009-03-20 00:00:00+00:00,30.80341168802939,31.352072871277773,31.153106689453125,27591800,30.682826332375754
2009-03-23 00:00:00+00:00,31.58120001692942,32.093685150146484,32.093685150146484,18822300,31.15312168332789
2009-03-24 00:00:00+00:00,31.948982405676823,32.31676455843335,31.774133682250977,17093700,31.538993405907753
2009-03-25 00:00:00+00:00,31.94295006611334,32.11779877966291,31.8705997467041,15822000,31.358112375952782
2009-03-26 00:00:00+00:00,32.003235233080886,32.377047798583824,31.89470863342285,14574000,31.502806767993867
2009-03-27 00:00:00+00:00,31.768099069056216,32.12985524004955,31.852510452270508,11293600,31.683689985816947
2009-03-30 00:00:00+00:00,31.677665533338324,32.23235517512172,31.96103858947754,15743200,31.56913889908065
2009-03-31 00:00:00+00:00,32.172064576170044,32.25647367198854,31.71384048461914,18517700,31.5992856117191
2009-04-01 00:00:00+00:00,31.532949411402946,32.075582355948285,31.979114532470703,13730300,31.27972223726468
2009-04-02 00:00:00+00:00,32.12985011775074,32.63630683641957,31.936914443969727,17418900,31.75000700375546
2009-04-03 00:00:00+00:00,31.954999338005575,32.1358762327541,31.442514419555664,15213700,31.20134369324129
2009-04-06 00:00:00+00:00,31.370171207099965,31.67766409014617,31.47266960144043,12768700,31.153117948473277
2009-04-07 00:00:00+00:00,31.285762584074554,31.352084669640984,30.96621322631836,13130100,30.91797814591542
2009-04-08 00:00:00+00:00,31.074731058279472,31.27369495866588,31.02046775817871,10935000,30.869736624562655
2009-04-09 00:00:00+00:00,31.346056302987577,31.388260848175364,30.99635887145996,15056300,30.809451385646046
2009-04-13 00:00:00+00:00,30.91194419457918,31.086792878743776,30.8395938873291,12067200,30.7491542782854
2009-04-14 00:00:00+00:00,31.34604768748788,31.62942065586686,30.972232818603516,20768400,30.875764984692136
2009-04-15 00:00:00+00:00,31.225473917088337,31.400322649732708,31.213415145874023,11502500,30.960185550324343
2009-04-16 00:00:00+00:00,31.297820887549467,31.545019920990928,31.47266960144043,12216300,31.08076762892278
2009-04-17 00:00:00+00:00,31.653537540324876,32.17808123271453,31.985145568847656,17691800,31.502806409180472
2009-04-20 00:00:00+00:00,32.05750535198882,32.25044337291078,31.635459899902344,15308900,31.55707904452548
2009-04-21 00:00:00+00:00,31.683688356688236,31.88265458550027,31.629425048828125,12236500,31.35208027530975
2009-04-22 00:00:00+00:00,31.412384394990518,31.442532478075762,30.857694625854492,13348300,30.815490069506133
2009-04-23 00:00:00+00:00,30.978272879335847,31.056651437261667,30.990331649780273,14595000,30.33314361039855
2009-04-24 00:00:00+00:00,31.20737105405795,31.25560611796229,30.70091438293457,14767300,30.532096259218253
2009-04-27 00:00:00+00:00,30.942088168469848,31.177228378366777,30.664743423461914,13055900,30.526071050957945
2009-04-28 00:00:00+00:00,30.61651407986994,30.917976415591305,30.538135528564453,12084100,30.393432595429154
2009-04-29 00:00:00+00:00,30.779295475674196,30.803413007833132,30.767236709594727,18496500,30.218575502838387
2009-04-30 00:00:00+00:00,31.032533084784735,31.71986683137244,31.569135665893555,20004600,30.960180469372826
2009-05-01 00:00:00+00:00,31.67165028550717,31.707826614379886,31.707826614379883,12504500,31.153134404880262
2009-05-04 00:00:00+00:00,31.71986887021145,32.49764228606898,32.413230895996094,15114500,31.71383833521864
2009-05-05 00:00:00+00:00,32.40720561288205,32.79910762400475,32.77499008178711,13320600,32.226328646200585
2009-05-06 00:00:00+00:00,33.0101311669005,33.0101311669005,32.68455123901367,16616500,32.30471028978784
2009-05-07 00:00:00+00:00,32.48557541442304,33.160850266771675,33.09452819824219,15243000,32.280580975320376
2009-05-08 00:00:00+00:00,33.203074674336705,33.462332570139466,33.14881134033203,13030600,32.979993101195724
2009-05-11 00:00:00+00:00,32.89557655752118,33.08248176581829,32.62425994873047,13073000,32.55793785547324
2009-05-12 00:00:00+00:00,32.84733325893731,33.26335042175223,33.16085433959961,11826000,32.497638172797586
2009-05-13 00:00:00+00:00,32.97997664770768,33.42613957140196,33.25129318237305,10972400,32.86541949975182
2009-05-14 00:00:00+00:00,33.35378568668795,33.402020754335474,33.172908782958984,11986300,33.01614711307916
2009-05-15 00:00:00+00:00,33.160855340359326,33.426141355091204,33.40805435180664,16430700,32.98600664202525
2009-05-18 00:00:00+00:00,33.64319507621702,33.83613078059873,33.79392623901367,12879100,33.293499974515804
2009-05-19 00:00:00+00:00,33.89039205263958,33.89039205263958,33.69745635986328,13350400,33.58290151101951
2009-05-20 00:00:00+00:00,33.89642310020988,34.053182490474505,33.68539810180664,13729800,33.64319356212098
2009-05-21 00:00:00+00:00,33.715814418823676,33.80705424529362,33.44818115234375,12492700,33.119720561442136
2009-05-22 00:00:00+00:00,33.5151051196864,33.72191348938254,33.31438064575195,7425900,33.22922466769938
2009-05-26 00:00:00+00:00,33.26571517254311,33.70974438186661,33.612422943115234,11389200,32.91900740197098
2009-05-27 00:00:00+00:00,33.72189502556063,33.75839141916866,32.979820251464844,12480300,32.94332385785681
2009-05-28 00:00:00+00:00,32.998053685866495,33.40558613836953,33.168365478515625,10890800,32.76083302601259
2009-05-29 00:00:00+00:00,33.20487095154796,33.62456897852316,33.551578521728516,12505200,32.845997918514165
2009-06-01 00:00:00+00:00,33.91045245880428,34.09292976581807,33.9286994934082,12454200,33.61848830351723
2009-06-02 00:00:00+00:00,34.092944229135036,34.354495997599216,34.19026565551758,10277000,33.83139246067086
2009-06-03 00:00:00+00:00,33.98953157709789,34.24499937868738,34.15984344482422,11191300,33.85571378369853
2009-06-04 00:00:00+00:00,34.28150132345763,34.305832257164866,33.965206146240234,12219700,33.740150810262186
2009-06-05 00:00:00+00:00,33.94694515710624,34.1841658624624,34.019935607910156,10215400,33.53941030610816
2009-06-08 00:00:00+00:00,33.89222208874887,34.14768998011485,33.83747863769531,9891200,33.55159591326826
2009-06-09 00:00:00+00:00,34.080771226881616,34.21458902869796,33.88004684448242,11173700,33.84963434052197
2009-06-10 00:00:00+00:00,34.074675094000774,34.21457440869965,33.8557014465332,13263900,33.58806827758635
2009-06-11 00:00:00+00:00,33.84963511192887,34.35448918608839,34.09293746948242,12778400,33.825304180075904
2009-06-12 00:00:00+00:00,33.98952743194763,34.39097844286208,34.09901428222656,11882300,33.89220604506912
2009-06-15 00:00:00+00:00,33.965199229068,34.050355159375364,33.30219650268555,14810500,33.1744626072245
2009-06-16 00:00:00+00:00,33.46035391981254,33.64891519926062,33.2231330871582,12606700,33.204886044746594
2009-06-17 00:00:00+00:00,33.25962115261168,33.77664066745776,33.5759162902832,13061800,33.18054678811249
2009-06-18 00:00:00+00:00,33.67932520326184,34.16593230073477,33.93479537963867,12103400,33.460351429317605
2009-06-19 00:00:00+00:00,34.24499768843542,34.45788983291065,34.11726379394531,19334700,34.00777693571806
2009-06-22 00:00:00+00:00,33.98344858448562,34.03819201775104,33.75231170654297,13237400,33.68540280807132
2009-06-23 00:00:00+00:00,33.782717556191635,33.813130053055126,33.4603385925293,12447400,33.39951359880232
2009-06-24 00:00:00+00:00,33.61240606270096,33.959115979478774,33.73405838012695,12467600,33.478590601824834
2009-06-25 00:00:00+00:00,33.64282482713911,34.33015620858881,34.22675323486328,14239900,33.52725406788677
2009-06-26 00:00:00+00:00,34.19026558835663,34.427486419677734,34.427486419677734,32295700,33.84964175684974
2009-06-29 00:00:00+00:00,34.43356021049896,34.67078097221472,34.64645004272461,13811100,34.080768693867725
2009-06-30 00:00:00+00:00,34.810665809351924,34.810665809351924,34.54911422729492,15974700,34.202406747884325
2009-07-01 00:00:00+00:00,34.56128740404815,34.78026108632233,34.71335220336914,15318000,34.29973576359008
2009-07-02 00:00:00+00:00,34.506556192675646,34.506556192675646,34.05036163330078,15118600,34.03211459342995
2009-07-06 00:00:00+00:00,34.12940614893494,34.524773028982764,34.43961715698242,12879500,33.88610166865667
2009-07-07 00:00:00+00:00,34.43355077779906,34.49437576453686,34.20241165161133,9678600,34.141586664873536
2009-07-08 00:00:00+00:00,34.33623269544892,34.80459256322652,34.71943664550781,15414200,34.20241492741968
2009-07-09 00:00:00+00:00,34.731613606694346,34.82285345216653,34.48222732543945,11324800,34.23892493805639
2009-07-10 00:00:00+00:00,34.26933124297539,34.90192151224551,34.628204345703125,13661800,34.21458780966692
2009-07-13 00:00:00+00:00,34.616035647700876,35.193882429697496,35.108726501464844,13564900,34.530879719468224
2009-07-14 00:00:00+00:00,35.27902692791087,35.710890321357475,35.41892623901367,20433700,34.938401005014306
2009-07-15 00:00:00+00:00,35.55883878911101,35.88729937415931,35.86296844482422,12986200,35.41285785375074
2009-07-16 00:00:00+00:00,35.850802641008535,36.313081012701545,36.039363861083984,11596000,35.77781217401889
2009-07-17 00:00:00+00:00,36.227925478332416,36.227925478332416,36.027198791503906,11311000,35.72915302783901
2009-07-20 00:00:00+00:00,36.16709995225418,36.16709995225418,35.923797607421875,9226300,35.72915480342592
2009-07-21 00:00:00+00:00,36.088030915332325,36.43473858385931,36.18535232543945,11222600,35.777817325392114
2009-07-22 00:00:00+00:00,36.16101737640556,36.398238142173085,36.00286865234375,9358600,35.85688771355997
2009-07-23 00:00:00+00:00,36.04544852547404,36.70845131834771,36.62937927246094,12494700,35.948127121030446
2009-07-24 00:00:00+00:00,36.65371526145143,37.48094852590065,37.414039611816406,11413300,36.62938664568734
2009-07-27 00:00:00+00:00,37.40185363516215,37.523503600708544,37.268035888671875,7937700,36.872666539673006
2009-07-28 00:00:00+00:00,37.12206560430078,37.450526194396495,37.05515670776367,9025500,36.86051391074218
2009-07-29 00:00:00+00:00,36.94567733539677,37.371457063267385,37.20114517211914,10522700,36.9152625088413
2009-07-30 00:00:00+00:00,37.5052647906489,37.99795561227147,37.5843391418457,12636500,37.420108867971514
2009-07-31 00:00:00+00:00,37.6086762779654,37.81548222699903,37.03691101074219,13230900,36.97000211178413
2009-08-03 00:00:00+00:00,37.20113490888957,37.219381943528376,37.16463851928711,11178800,36.757105943521445
2009-08-04 00:00:00+00:00,37.195040341148555,37.195040341148555,37.140296936035156,8906600,36.9030739669944
2009-08-05 00:00:00+00:00,37.2193823928256,37.24371331952096,36.76927185058594,8575200,36.6719504641294
2009-08-06 00:00:00+00:00,36.90309062420678,36.90309062420678,36.452980041503906,10835400,36.31308068091652
2009-08-07 00:00:00+00:00,36.471220781786556,36.757103345991126,36.43472671508789,9974900,36.404311899072745
2009-08-10 00:00:00+00:00,36.54420910170147,36.933494567871094,36.933494567871094,9519100,36.22183018976617
2009-08-11 00:00:00+00:00,36.90917802019562,37.055158966698365,36.62937927246094,8302200,36.5868013030372
2009-08-12 00:00:00+00:00,36.653700675272056,37.13422603035795,36.854427337646484,8219600,36.51380132891632
2009-08-13 00:00:00+00:00,36.915252258970455,36.915252258970455,36.6901969909668,8338200,36.52596671853445
2009-08-14 00:00:00+00:00,36.75102206954535,36.92133623411442,36.54421615600586,8961000,36.27658060610798
2009-08-17 00:00:00+00:00,36.252263868233605,36.617220946298495,36.38608169555664,12926100,36.24618229441245
2009-08-18 00:00:00+00:00,36.46514500377553,36.46514500377553,36.373905181884766,8803000,36.19142785842829
2009-08-19 00:00:00+00:00,36.355653160696505,36.79360053320252,36.72060775756836,10498900,36.30090973913325
2009-08-20 00:00:00+00:00,36.8301015620305,37.21938715769343,37.07340621948242,9955000,36.60504626209883
2009-08-21 00:00:00+00:00,37.45971240550556,37.66206353918145,37.42292022705078,12594000,37.165381995257796
2009-08-24 00:00:00+00:00,37.51489969276357,37.57621765136719,37.57621765136719,10500700,37.21443608169339
2009-08-25 00:00:00+00:00,37.416789685695186,37.704989238221266,37.49037170410156,10808100,37.31254634875014
2009-08-26 00:00:00+00:00,37.563953990702124,37.619141089683474,37.17764663696289,10865500,37.104062278900955
2009-08-27 00:00:00+00:00,37.14086222893312,37.238972387746465,37.0918083190918,11027900,36.76068565592275
2009-08-28 00:00:00+00:00,37.251220652488485,37.251220652488485,36.969154357910156,10897800,36.82812121062099
2009-08-31 00:00:00+00:00,36.81586019466647,37.15311360422726,37.061134338378906,10181300,36.76680396244605
2009-09-01 00:00:00+00:00,37.00595835158613,37.251234908031996,36.75455093383789,11890800,36.558330624333436
2009-09-02 00:00:00+00:00,36.58898175735875,36.803599282976066,36.644168853759766,8587000,36.46634584458326
2009-09-03 00:00:00+00:00,36.69321750543139,36.69321750543139,36.60123825073242,8722700,36.34983093890213
2009-09-04 00:00:00+00:00,36.61964025456887,37.00594756049596,36.987552642822266,7425300,36.56445316241787
2009-09-08 00:00:00+00:00,37.263492137573365,37.263492137573365,37.14085388183594,8792600,36.78520551324058
2009-09-09 00:00:00+00:00,37.26961886753903,37.4842363760782,37.355464935302734,9303100,37.19603685790298
2009-09-10 00:00:00+00:00,37.42905355996278,37.43518442016204,37.196041107177734,8825300,37.04887473196345
2009-09-11 00:00:00+00:00,37.220572224165274,37.337077290376605,37.04887771606445,8480200,36.93237264985312
2009-09-14 00:00:00+00:00,36.99983596801758,37.23897937882515,36.99983596801758,6654400,36.920120718038014
2009-09-15 00:00:00+00:00,37.11631847776785,37.11631847776785,36.88330841064453,8321100,36.6748241185507
2009-09-16 00:00:00+00:00,36.981432728888045,37.00595851333535,36.9078483581543,10831200,36.63191515485987
2009-09-17 00:00:00+00:00,36.91397507162199,37.34320780228287,37.263492584228516,12261500,36.89557781260625
2009-09-18 00:00:00+00:00,37.42904557406661,37.55781466294846,37.269615173339844,14463600,37.22669214371256
2009-09-21 00:00:00+00:00,37.067282754049074,37.337085124632566,37.20218276977539,7237900,37.048885489848914
2009-09-22 00:00:00+00:00,37.324811304456354,37.50876752445392,37.453582763671875,9997200,37.00595276486644
2009-09-23 00:00:00+00:00,37.50263589926138,37.576217917933754,37.263492584228516,11175400,37.22056954507545
2009-09-24 00:00:00+00:00,37.33706721046296,37.40451835552877,37.232826232910156,9290700,37.15311103063877
2009-09-25 00:00:00+00:00,37.1408498132692,37.379993099238824,37.1715087890625,7883600,37.091795919825906
2009-09-28 00:00:00+00:00,37.220558579137986,37.7356372363523,37.57007598876953,8721100,37.06726138757574
2009-09-29 00:00:00+00:00,37.57621797931907,37.66206405776544,37.361602783203125,7556800,37.33094380363374
2009-09-30 00:00:00+00:00,37.41678567430795,37.45970870870415,37.33707046508789,11039300,36.993686189918286
2009-10-01 00:00:00+00:00,37.3615868045782,37.3615868045782,36.6748161315918,12207800,36.65028802277427
2009-10-02 00:00:00+00:00,36.680961480622294,36.91397392818565,36.62577438354492,9125400,36.43568497380506
2009-10-05 00:00:00+00:00,36.668701363011806,36.748416587165785,36.680965423583984,7113800,36.447952950973324
2009-10-06 00:00:00+00:00,36.84038526766305,37.12245156224139,36.969154357910156,11766000,36.38662451362555
2009-10-07 00:00:00+00:00,36.89558102227242,37.26349582590078,37.22670364379883,7271500,36.76681189361117
2009-10-08 00:00:00+00:00,37.44745204135955,37.57622116996306,37.36773681640625,9221000,37.33094697345119
2009-10-09 00:00:00+00:00,37.28801812821339,37.85828399658203,37.85828399658203,9247900,37.28801812821339
2009-10-12 00:00:00+00:00,37.95025288735736,38.47146474926738,38.34269332885742,12697200,37.937988831169285
2009-10-13 00:00:00+00:00,37.35548030471808,37.649813142621404,37.410667419433594,23501200,37.17765723652886
2009-10-14 00:00:00+00:00,37.533298090851886,37.55169535144205,37.12859344482422,18951100,36.877186048642336
2009-10-15 00:00:00+00:00,37.05501145563624,37.36773681640625,37.36773681640625,14076600,36.969165369900566
2009-10-16 00:00:00+00:00,37.140853561816066,37.22669963835353,37.073402404785156,13911200,36.94463328997895
2009-10-19 00:00:00+00:00,37.16538250232925,37.692725371725196,37.50263595581055,11443300,37.048875105197936
2009-10-20 00:00:00+00:00,37.59461878085977,37.76631095393086,37.15312194824219,15725600,37.10406570500449
2009-10-21 00:00:00+00:00,37.159260755040904,37.45359359914497,36.98143768310547,12529900,36.96304041839214
2009-10-22 00:00:00+00:00,36.88331928416489,37.551695387703155,37.36773681640625,9926600,36.815868119906746
2009-10-23 00:00:00+00:00,37.31867585266377,37.43518089853125,37.12245559692383,10743900,36.86491504930893
2009-10-26 00:00:00+00:00,37.214439563917715,37.361605953119295,36.846527099609375,11809200,36.76681187466142
2009-10-27 00:00:00+00:00,36.97528863277302,37.03660892364832,36.80359649658203,10269600,36.75454026388179
2009-10-28 00:00:00+00:00,36.80359198244501,36.85264586999864,36.52765655517578,13837000,36.484733526392745
2009-10-29 00:00:00+00:00,36.68096199345401,36.80360024857722,36.70549011230469,13954500,36.490872581056536
2009-10-30 00:00:00+00:00,36.61351739058714,36.71776074479866,36.20881271362305,20966900,36.04325139043811
2009-11-02 00:00:00+00:00,36.27012665970871,36.711621104963605,36.47861099243164,12297500,36.12296028520363
2009-11-03 00:00:00+00:00,36.81586735343222,36.81586735343222,36.13522720336914,17177000,36.055511980075444
2009-11-04 00:00:00+00:00,36.25785836405763,36.82812419755136,36.49700164794922,13928700,36.15974823889365
2009-11-05 00:00:00+00:00,36.674827008467986,36.913970292540064,36.77906799316406,9190300,36.59511180073399
2009-11-06 00:00:00+00:00,36.75453623174188,36.99981269007529,36.975284576416016,8518500,36.52765702821777
2009-11-09 00:00:00+00:00,37.048867270350456,37.251220703125,37.251220703125,11773800,36.96915440816325
2009-11-10 00:00:00+00:00,37.24508630293412,37.64365759336351,37.54554748535156,11776500,37.15923791168536
2009-11-11 00:00:00+00:00,37.34320347026046,37.4474444563596,37.324806213378906,11179500,37.189906251317076
2009-11-12 00:00:00+00:00,37.183778058645345,37.66819789711437,37.49650573730469,13683100,37.17151399878319
2009-11-13 00:00:00+00:00,37.45970570674036,37.760169262565014,37.668190002441406,9950500,37.429046733075744
2009-11-16 00:00:00+00:00,37.680457838935816,38.232326437638434,38.13421630859375,13767500,37.65592972189214
2009-11-17 00:00:00+00:00,37.99319055537684,38.28752099992407,38.1219596862793,11421400,37.888949546302605
2009-11-18 00:00:00+00:00,38.06063861184226,38.31817919174031,38.21393585205078,11522100,37.987056591498636
2009-11-19 00:00:00+00:00,38.16487846457726,38.3181756907797,38.2813835144043,13298200,37.79696371821337
2009-11-20 00:00:00+00:00,38.20721125917857,38.701642511337134,38.51005172729492,16300200,38.14540823677157
2009-11-23 00:00:00+00:00,38.6213051295881,38.99830739779501,38.744911193847656,13868100,38.5780401779358
2009-11-24 00:00:00+00:00,38.89323104094981,39.1837103986121,39.0477409362793,9681200,38.72018071262363
2009-11-25 00:00:00+00:00,39.171350580272936,39.20843144745548,39.12190628051758,7186700,38.893232288233975
2009-11-27 00:00:00+00:00,38.63984099367629,38.992123421910286,38.86851501464844,6081200,38.32463943727685
2009-11-30 00:00:00+00:00,38.800540357084586,38.92414879647244,38.837623596191406,10815400,38.46680063566274
2009-12-01 00:00:00+00:00,38.905604403710484,39.34441207921019,39.251705169677734,12302300,38.905604403710484
2009-12-02 00:00:00+00:00,39.25169701526433,39.70286567548183,39.48037338256836,10896100,39.20843442850609
2009-12-03 00:00:00+00:00,39.585442383730324,40.00570954405666,39.65342712402344,12520100,39.474192697913594
2009-12-04 00:00:00+00:00,40.01188046939416,40.34562240325874,39.77702713012695,14992400,39.653421102147945
2009-12-07 00:00:00+00:00,39.85121077248884,40.02426117244046,39.783226013183594,9106500,39.67197865389044
2009-12-08 00:00:00+00:00,39.86355914401637,39.950084321526084,39.709049224853516,11073800,39.511276716935804
2009-12-09 00:00:00+00:00,39.80176544503682,39.80176544503682,39.78940200805664,8911600,39.57308901359979
2009-12-10 00:00:00+00:00,39.95626428521866,40.172577219500766,40.030426025390625,8841900,39.795572656065524
2009-12-11 00:00:00+00:00,40.0118988143006,40.27147913649888,40.07988357543945,7194100,39.99954009194349
2009-12-14 00:00:00+00:00,40.29619735760008,40.42598987883487,40.14786911010742,8172500,40.079884347658705
2009-12-15 00:00:00+00:00,40.00570959502222,40.04897218296673,40.01188659667969,10717800,39.83265452797573
2009-12-16 00:00:00+00:00,40.141690557235954,40.22203876388711,40.048988342285156,13333300,40.01808446045466
2009-12-17 00:00:00+00:00,39.826479857594876,40.03661109269173,39.84502029418945,10088900,39.68432865158857
2009-12-18 00:00:00+00:00,40.01807945379369,40.01807945379369,39.783226013183594,22171000,39.498925896303945
2009-12-21 00:00:00+00:00,39.95009379652084,40.172588510106074,39.75850296020508,11125400,39.69669992093577
2009-12-22 00:00:00+00:00,39.74612966976512,40.05514950477251,39.88209915161133,7124600,39.74612966976512
2009-12-23 00:00:00+00:00,39.88828939436403,40.07369850583697,39.906829833984375,6360400,39.88828939436403
2009-12-24 00:00:00+00:00,39.98100179861478,40.07370400944797,39.987178802490234,2433900,39.87593143422027
2009-12-28 00:00:00+00:00,40.1107873310586,40.166408654399646,40.1355094909668,5693500,40.0304391325395
2009-12-29 00:00:00+00:00,40.2282116965352,40.41980725700625,40.1355094909668,6661900,40.123146053377766
2009-12-30 00:00:00+00:00,40.036629475823084,40.19113947208067,40.11697769165039,5602100,39.882119479565496
2009-12-31 00:00:00+00:00,40.24675293779175,40.24675293779175,39.807945251464844,6962300,39.7585009364583
2010-01-04 00:00:00+00:00,39.993355808634085,40.1664062021565,39.974815368652344,9506200,39.80794669354703
2010-01-05 00:00:00+00:00,39.91301838712834,39.93774054927881,39.51129150390625,10673100,39.44330673681004
2010-01-06 00:00:00+00:00,39.492741635961515,39.888286705429515,39.83266067504883,13171500,39.44947904134062
2010-01-07 00:00:00+00:00,39.70905202182229,39.77085505078691,39.548362731933594,10901600,39.39385280188759
2010-01-08 00:00:00+00:00,39.50510929375261,39.71524531178578,39.68434143066406,7898000,39.32587951447628
2010-01-11 00:00:00+00:00,40.01808546335443,40.01808546335443,39.69052505493164,7975700,39.56073723547754
2010-01-12 00:00:00+00:00,39.63487376173278,39.999519540054905,39.900630950927734,10820700,39.56688903552471
2010-01-13 00:00:00+00:00,39.888291601452494,40.31474059739456,40.154048919677734,13023800,39.888291601452494
2010-01-14 00:00:00+00:00,40.29620857830364,40.33947119233863,40.234405517578125,7899000,40.01809244740318
2010-01-15 00:00:00+00:00,40.25909501361255,40.29617587690151,39.900630950927734,20995000,39.54216924587664
2010-01-19 00:00:00+00:00,39.64107689447883,40.636121462648944,40.3889045715332,15181800,39.6225364528174
2010-01-20 00:00:00+00:00,40.46306566483842,40.759722122454505,40.26529312133789,13033000,39.84502587699062
2010-01-21 00:00:00+00:00,40.21585752789487,40.46307443969956,39.536014556884766,14473900,39.43094654419546
2010-01-22 00:00:00+00:00,39.49891579107771,39.671968504391174,39.06010818481445,14017200,38.99212344290212
2010-01-25 00:00:00+00:00,39.350587604877845,39.36913039955812,39.072471618652344,10001700,38.96740364091219
2010-01-26 00:00:00+00:00,38.71400620673082,38.94268023426981,38.80671310424805,15630300,38.45443066589754
2010-01-27 00:00:00+00:00,38.80053275359031,39.381491597575916,39.208438873291016,14982400,38.751090802104926
2010-01-28 00:00:00+00:00,39.2888050535725,39.59782507278111,39.43095397949219,17096000,38.961244587654775
2010-01-29 00:00:00+00:00,39.523642828308276,39.7214130037857,38.849979400634766,17844400,38.82525724458713
2010-02-01 00:00:00+00:00,39.097188261777234,39.097188261777234,38.992122650146484,10153400,38.794350145495706
2010-02-02 00:00:00+00:00,39.06011078715596,39.67814814970554,39.548362731933594,13609300,38.70782833526184
2010-02-03 00:00:00+00:00,39.474191077586816,39.474191077586816,39.325862884521484,9255900,39.11572931298383
2010-02-04 00:00:00+00:00,39.23935124959149,39.319694732872264,38.71401596069336,18397000,38.70165488073441
2010-02-05 00:00:00+00:00,38.744917481773264,39.307333652913314,38.71401596069336,16775200,38.250486071589975
2010-02-08 00:00:00+00:00,38.62749550899971,38.9241543915926,38.547149658203125,10081200,38.47916488888565
2010-02-09 00:00:00+00:00,38.6584049035249,39.227002979136515,38.78819274902344,11356400,38.60896292517885
2010-02-10 00:00:00+00:00,38.80671748154282,38.979767861617965,38.76963424682617,10115800,38.448253285519044
2010-02-11 00:00:00+00:00,38.70165395919626,39.066297557580334,38.88088607788086,8353600,38.47915924050294
2010-02-12 00:00:00+00:00,38.695462070533424,38.93649715187117,38.76344680786133,12335800,38.386442251867784
2010-02-16 00:00:00+00:00,39.09100860990537,39.375306288508845,39.31350326538086,10212400,38.825251366713466
2010-02-17 00:00:00+00:00,39.32587374674478,39.77704252485679,39.54218673706055,9485500,39.313512667636054
2010-02-18 00:00:00+00:00,39.54217780463004,39.98716476384941,39.88209915161133,8260600,39.52363736897255
2010-02-19 00:00:00+00:00,39.95060631598988,40.14366305999169,39.73886489868164,14222300,39.620537345210955
2010-02-22 00:00:00+00:00,39.73888240574154,39.919483572327884,39.53959655761719,9839700,39.47731824528164
2010-02-23 00:00:00+00:00,39.58317859139008,39.76377970506416,39.427486419677734,12481400,39.37766378440626
2010-02-24 00:00:00+00:00,39.57694341971743,39.76377352158436,39.51466751098633,8519300,39.39011331785049
2010-02-25 00:00:00+00:00,39.10364670405523,39.45239565081577,39.4088020324707,10528900,38.93549887229253
2010-02-26 00:00:00+00:00,39.52090528238304,39.60186588707438,39.234432220458984,9357800,39.234432220458984
2010-03-01 00:00:00+00:00,39.402586211754524,39.52091144037553,39.477317810058594,9219400,39.34030790010557
2010-03-02 00:00:00+00:00,39.4274989393256,39.633011435893025,39.50845718383789,9014000,39.2468953926294
2010-03-03 00:00:00+00:00,39.60186096207032,39.70150385711612,39.48353576660156,9360400,39.37143721271578
2010-03-04 00:00:00+00:00,39.56449755458457,39.670369476437855,39.58940887451172,8067200,39.46485465055018
2010-03-05 00:00:00+00:00,39.64545022568997,39.90078526467958,39.882102966308594,10633600,39.57694529743139
2010-03-08 00:00:00+00:00,39.90702889682301,40.11254375686662,39.98175811767578,33380500,39.869659535047376
2010-03-09 00:00:00+00:00,40.19972791836695,40.19972791836695,40.02534866333008,8827100,39.91325008933795
2010-03-10 00:00:00+00:00,40.16234784667695,40.20594146097091,40.03779602050781,8436600,39.95060879191989
2010-03-11 00:00:00+00:00,39.95062709937175,39.99422073364258,39.99422073364258,9957800,39.60810229342255
2010-03-12 00:00:00+00:00,40.019121957666464,40.019121957666464,39.96929931640625,8223000,39.763784484719295
2010-03-15 00:00:00+00:00,39.944378950270746,40.2121696472168,40.2121696472168,7444700,39.900785336877085
2010-03-16 00:00:00+00:00,40.293133027546055,40.30559106231277,40.18726348876953,8882000,40.00043572940181
2010-03-17 00:00:00+00:00,40.305606116959495,40.31805940502956,40.26201248168945,8060700,40.15614290336932
2010-03-18 00:00:00+00:00,40.21841142703703,40.573389463422004,40.517337799072266,11742100,40.08763054535299
2010-03-19 00:00:00+00:00,40.54846954345703,40.78511993375616,40.54846954345703,23117600,40.3616370370354
2010-03-22 00:00:00+00:00,40.52355784262638,40.75398396485426,40.542240142822266,8803800,40.467510942038714
2010-03-23 00:00:00+00:00,40.59206023745047,40.72284108198579,40.704158782958984,9453900,40.39900347904323
2010-03-24 00:00:00+00:00,40.673024944907134,40.673024944907134,40.324275970458984,9312500,40.324275970458984
2010-03-25 00:00:00+00:00,40.50487165915173,40.63565249933271,40.2121696472168,10496600,40.18725833222792
2010-03-26 00:00:00+00:00,40.28068936687213,40.30560069100857,40.09385681152344,9450400,40.06272121986483
2010-03-29 00:00:00+00:00,40.14366561287055,40.436367631324224,40.367862701416016,7812900,40.106301015228844
2010-03-30 00:00:00+00:00,40.448822044191644,40.467509094882516,40.417686462402344,8311600,40.20594265003549
2010-03-31 00:00:00+00:00,40.38032176970964,40.67302383010531,40.60451889038086,11939100,40.2931345284873
2010-04-01 00:00:00+00:00,40.710391864076634,40.959495544433594,40.959495544433594,10600600,40.6294288917473
2010-04-05 00:00:00+00:00,40.9594824324111,41.03421636340311,40.729061126708984,8617600,40.71660309587034
2010-04-06 00:00:00+00:00,40.56092846939577,40.76021428667427,40.67302703857422,8260100,40.47997023940249
2010-04-07 00:00:00+00:00,40.62941952816716,40.78511166818304,40.616966247558594,9409400,40.52977902925746
2010-04-08 00:00:00+00:00,40.59828820788396,40.59828820788396,40.43636703491211,8962600,40.33672177420711
2010-04-09 00:00:00+00:00,40.40524033246801,40.58584386490575,40.567161560058594,6972700,40.34296439919445
2010-04-12 00:00:00+00:00,40.54846954345703,40.61074546181491,40.54846954345703,8692200,40.43637098987365
2010-04-13 00:00:00+00:00,40.51732791387255,41.00931573046989,40.903446197509766,12481600,40.42391641499471
2010-04-14 00:00:00+00:00,40.74775350395941,40.85362303555041,40.785118103027344,10501900,40.592061339379306
2010-04-15 00:00:00+00:00,40.66057083856019,40.81626302062635,40.79758071899414,8656900,40.56092556139065
2010-04-16 00:00:00+00:00,40.691702163962546,40.88476368042895,40.49241638183594,15742500,40.41145816612282
2010-04-19 00:00:00+00:00,40.5173315780387,41.16501161980223,41.12141799926758,14626300,40.5173315780387
2010-04-20 00:00:00+00:00,41.12141934600846,41.22728889201011,41.09650802612305,11916400,40.934591573890565
2010-04-21 00:00:00+00:00,41.09027915814268,41.09027915814268,40.722843170166016,13355700,40.52355738474834
2010-04-22 00:00:00+00:00,40.59206114064963,40.62942573953463,40.342952728271484,19583000,40.06270873393842
2010-04-23 00:00:00+00:00,40.299360380077914,40.50487518310547,40.50487518310547,11674900,40.062709994116084
2010-04-26 00:00:00+00:00,40.473735693850124,40.60451654813963,40.330501556396484,9281500,40.30559023872019
2010-04-27 00:00:00+00:00,40.21216626012218,40.40522299584031,40.03156280517578,11862200,39.987969195454035
2010-04-28 00:00:00+00:00,40.1249890724138,40.39277981375463,40.243316650390625,12476600,40.01289051205372
2010-04-29 00:00:00+00:00,40.38654553241071,40.69170083698345,40.48619079589844,7930100,40.38654553241071
2010-04-30 00:00:00+00:00,40.56093137272696,40.69171225423827,40.044036865234375,14255900,40.044036865234375
2010-05-03 00:00:00+00:00,40.57961628678128,40.86608935754671,40.68548583984375,15310500,40.193497929828524
2010-05-04 00:00:00+00:00,40.52356274679377,40.654343615340075,40.29313659667969,14895700,40.11253783869803
2010-05-05 00:00:00+00:00,40.21841253264732,40.660577835643515,40.567161560058594,13143700,40.1312252757945
2010-05-06 00:00:00+00:00,40.50487603473953,40.54224063558545,39.48353576660156,24410000,37.38480357770872
2010-05-07 00:00:00+00:00,39.39634608479606,39.608087533351814,39.427486419677734,20467100,38.6677078615058
2010-05-10 00:00:00+00:00,40.42392124964327,40.704165282489335,40.324275970458984,18445400,39.857199414816606
2010-05-11 00:00:00+00:00,40.00043720204234,40.53601393302589,40.274452209472656,10879000,39.969296865327216
2010-05-12 00:00:00+00:00,40.3865461292653,40.51110271046573,40.417686462402344,11036800,40.162349034452276
2010-05-13 00:00:00+00:00,40.38032175214683,40.579612304966396,40.274452209472656,12337000,40.17481168441117
2010-05-14 00:00:00+00:00,40.29936376305752,40.3491864015523,39.83851623535156,12505100,39.48976489291056
2010-05-17 00:00:00+00:00,39.89455542261334,40.00665396186717,39.7824592590332,10260800,39.35897641644621
2010-05-18 00:00:00+00:00,39.50844752197529,39.583181480336904,39.21574783325195,18480900,39.14101387489034
2010-05-19 00:00:00+00:00,39.04135680909859,39.20950459089931,38.7486572265625,18863200,38.64278534512946
2010-05-20 00:00:00+00:00,38.49956530741692,38.51202096794186,37.708648681640625,24098700,37.708648681640625
2010-05-21 00:00:00+00:00,37.22910714890864,37.96397430672378,37.914154052734375,21813000,37.06095933730615
2010-05-24 00:00:00+00:00,37.75224544897796,38.26914471326673,37.721107482910156,13993300,37.49691032614271
2010-05-25 00:00:00+00:00,37.185519587053044,37.62145816485158,37.58409118652344,21179000,36.836770625353516
2010-05-26 00:00:00+00:00,37.88301363860411,37.88301363860411,37.15437316894531,18914100,37.148146528478364
2010-05-27 00:00:00+00:00,37.54402662617652,37.638293748778544,37.09782028198242,29926600,36.89671421024993
2010-05-28 00:00:00+00:00,36.903002766440466,37.15438417542282,36.6390495300293,26815900,36.56991886341271
2010-06-01 00:00:00+00:00,36.58248024386333,37.33662909961487,36.928131103515625,19508400,36.167698732805945
2010-06-02 00:00:00+00:00,37.1229421583818,37.537723541259766,37.537723541259766,15581800,36.88412790843012
2010-06-03 00:00:00+00:00,37.63829565109446,37.801695840994114,37.56288146972656,14254200,37.42462013940741
2010-06-04 00:00:00+00:00,37.05382945378869,37.097821258302076,36.45679473876953,21785400,36.29968046625784
2010-06-07 00:00:00+00:00,36.557352314899866,36.79616671002466,36.45051574707031,13843300,36.45051574707031
2010-06-08 00:00:00+00:00,36.54476441518965,36.89669869403541,36.85270690917969,14941500,36.3687948783943
2010-06-09 00:00:00+00:00,36.953267254441705,37.041250841657074,36.55733871459961,13173000,36.412793907406794
2010-06-10 00:00:00+00:00,36.90300131804095,37.16066863062457,36.764739990234375,16995200,36.67047046720743
2010-06-11 00:00:00+00:00,36.55734800264715,36.752170564817156,36.739601135253906,14713000,36.41280315873014
2010-06-14 00:00:00+00:00,36.890443395747674,37.14182487327725,36.714473724365234,10524000,36.689337254774294
2010-06-15 00:00:00+00:00,37.03497861946377,37.179523470729634,37.166954040527344,11103200,36.796164240367546
2010-06-16 00:00:00+00:00,37.23607324836724,37.44346518681868,37.22978973388672,8636300,36.94069772295081
2010-06-17 00:00:00+00:00,37.254945291422615,37.35549835627956,37.192100524902344,11723100,36.85901894707138
2010-06-18 00:00:00+00:00,37.192100524902344,37.26123120649915,37.192100524902344,16838200,36.98470848011193
2010-06-21 00:00:00+00:00,37.39319202674739,37.581728649928614,37.16066360473633,12143600,37.02868581087356
2010-06-22 00:00:00+00:00,37.23608852573751,37.76399266149102,37.179527282714844,13823800,37.15438841973279
2010-06-23 00:00:00+00:00,37.179512028550754,37.342909776146755,37.22978973388672,12659500,36.89670592946831
2010-06-24 00:00:00+00:00,37.097819100014796,37.66971492279051,37.45603942871094,18216100,37.097819100014796
2010-06-25 00:00:00+00:00,37.61943666491149,37.62572018011093,36.89042663574219,45006900,36.84643483722645
2010-06-28 00:00:00+00:00,37.08524800445912,37.57544611435871,37.36177062988281,15834300,36.95955851731012
2010-06-29 00:00:00+00:00,37.06638958891778,37.342909776146755,37.22978973388672,20236500,36.8778529886538
2010-06-30 00:00:00+00:00,37.10409927436144,37.46231954765333,37.116668701171875,15802100,37.04125214030925
2010-07-01 00:00:00+00:00,37.12295150756836,37.236073949330844,37.12295150756836,17973500,36.85900074170454
2010-07-02 00:00:00+00:00,37.34292270227517,37.44976166440957,37.129249572753906,10534400,36.984702318564935
2010-07-06 00:00:00+00:00,37.3932004250146,37.456045181065114,37.129249572753906,15461100,36.87157983977499
2010-07-07 00:00:00+00:00,37.28635417494246,38.147339575533,38.09077835083008,17280000,37.10410107341381
2010-07-08 00:00:00+00:00,38.291878066291254,38.79464309312888,38.574684143066406,15895900,38.109624994883625
2010-07-09 00:00:00+00:00,38.31703164667349,38.379876400171966,38.04679489135742,12174000,37.94624184733565
2010-07-12 00:00:00+00:00,38.00908111723382,38.046789402316904,37.83939743041992,10797200,37.745130313772194
2010-07-13 00:00:00+00:00,38.078213453111005,38.31074189460713,38.02165222167969,10924500,37.98394393493433
2010-07-14 00:00:00+00:00,37.80798288131711,38.134780894203935,38.09707260131836,9668500,37.738852209713805
2010-07-15 00:00:00+00:00,38.09705632832864,38.178756395995975,37.870811462402344,12839300,37.64456899384886
2010-07-16 00:00:00+00:00,37.707436201850115,37.826842220101256,37.355499267578125,17569900,37.23609324932699
2010-07-19 00:00:00+00:00,37.5314605378884,37.575452345159974,37.437191009521484,10277500,37.31149910415683
2010-07-20 00:00:00+00:00,36.733317606748585,36.934423684945486,36.81501770019531,22304800,36.45051143510496
2010-07-21 00:00:00+00:00,36.953272750559535,36.953272750559535,35.897464752197266,25707600,35.740350495266846
2010-07-22 00:00:00+00:00,36.09229256725913,36.211698556918165,35.834625244140625,17972900,35.73407220090837
2010-07-23 00:00:00+00:00,35.99800286537518,36.22424768519274,36.21796417236328,15076600,35.82203573768254
2010-07-26 00:00:00+00:00,36.23054433857665,36.45678682810796,36.287105560302734,11775200,36.12370540981715
2010-07-27 00:00:00+00:00,36.419088131896814,36.72703075743818,36.51335525512695,16964000,36.211696145518204
2010-07-28 00:00:00+00:00,36.538478523909085,36.60760915653965,36.343658447265625,13502100,36.230536029756045
2010-07-29 00:00:00+00:00,36.513339676157514,36.620178580415434,36.343658447265625,13031000,36.26824190401092
2010-07-30 00:00:00+00:00,36.21798654723151,36.67675998311868,36.507076263427734,12978000,35.99174158764358
2010-08-02 00:00:00+00:00,36.764727154303465,37.00354143785219,36.90298843383789,11455600,36.70816593970962
2010-08-03 00:00:00+00:00,36.921838907804904,37.456026256458166,37.298912048339844,10855100,36.89670005913656
2010-08-04 00:00:00+00:00,37.31149837637012,37.663435225051636,37.544029235839844,10508800,37.22351476354314
2010-08-05 00:00:00+00:00,37.412053804843914,37.63829876503923,37.55659866333008,9796700,37.39948437401375
2010-08-06 00:00:00+00:00,37.40576884803868,37.707427984227664,37.682289123535156,8524100,37.23608513442482
2010-08-09 00:00:00+00:00,37.707419640272455,37.86453388877359,37.73884201049805,6674700,37.575444246901064
2010-08-10 00:00:00+00:00,37.33663177420278,37.58801554325207,37.34920120239258,13550800,37.01611974616957
2010-08-11 00:00:00+00:00,37.02869081891213,37.04754616194166,36.764739990234375,11470100,36.63904809198963
2010-08-12 00:00:00+00:00,36.54477717369931,36.896711575412375,36.777305603027344,8240500,36.513352404369236
2010-08-13 00:00:00+00:00,36.75845623763035,36.75845623763035,36.54478073120117,8546700,36.48821949722364
2010-08-16 00:00:00+00:00,36.444227706657315,36.519641886198336,36.45679473876953,8751200,36.11742973214816
2010-08-17 00:00:00+00:00,37.03496342460203,37.38061422254217,37.21721649169922,13479100,36.764726779560746
2010-08-18 00:00:00+00:00,37.36804268349152,37.594287526761505,37.298912048339844,10534900,37.0978060537382
2010-08-19 00:00:00+00:00,37.18579210943436,37.192078020707406,36.90298843383789,11949700,36.701882425809295
2010-08-20 00:00:00+00:00,36.890434259377884,37.02240968219865,36.91557312011719,11286200,36.75845883655712
2010-08-23 00:00:00+00:00,37.06639551927143,37.29892395022076,36.99726486206055,8842900,36.959558974398846
2010-08-24 00:00:00+00:00,36.76473976773681,36.88414575179123,36.45679473876953,14930400,36.362527613686645
2010-08-25 00:00:00+00:00,36.4505081186009,36.57620000538109,36.43793869018555,11675000,36.34995508865142
2010-08-26 00:00:00+00:00,36.57620144089721,36.58877086980588,36.3248176574707,12834100,36.312248228562034
2010-08-27 00:00:00+00:00,36.44534453658514,36.718129724833176,36.54050064086914,11674800,36.153528611476666
2010-08-30 00:00:00+00:00,36.5405115236095,36.66738878709074,36.350196838378906,9240100,36.32482090168616
2010-08-31 00:00:00+00:00,36.31846961732807,36.43900165840168,36.17256164550781,14563100,36.159873680134496
2010-09-01 00:00:00+00:00,36.58490607955353,37.02263237251366,36.97822570800781,11603700,36.43899812189405
2010-09-02 00:00:00+00:00,37.12413781735976,37.29542172245821,37.18123245239258,8079700,36.984572616172436
2010-09-03 00:00:00+00:00,37.33348351940135,37.42864205193297,37.38423538208008,7533400,37.11145017013692
2010-09-07 00:00:00+00:00,37.30176443408542,37.409610931184794,37.23832702636719,5625100,37.19392035696803
2010-09-08 00:00:00+00:00,37.06069942945658,37.44767392416038,37.3334846496582,8412500,37.06069942945658
2010-09-09 00:00:00+00:00,37.676048275764906,38.082053464326286,37.94883346557617,14077700,37.59357771559406
2010-09-10 00:00:00+00:00,38.024962813180764,38.06302671108539,38.05033874511719,8358800,37.91711873242408
2010-09-13 00:00:00+00:00,38.10109823666208,38.30410089282954,38.26603698730469,10706600,38.012282457104085
2010-09-14 00:00:00+00:00,38.33581070654624,38.6783785168139,38.43096923828125,9912900,38.22162143645702
2010-09-15 00:00:00+00:00,38.48805569220769,38.7925619801865,38.729122161865234,9111500,38.38021163103398
2010-09-16 00:00:00+00:00,38.58322462656792,38.94482321868941,38.881385803222656,10496300,38.5451607252985
2010-09-17 00:00:00+00:00,39.07170133406975,39.154171911987014,39.05901336669922,12240600,38.779885344494595
2010-09-20 00:00:00+00:00,39.10976510616472,39.477706478757526,39.388893127441406,10991500,39.02094933486628
2010-09-21 00:00:00+00:00,39.2429822438585,39.47770357219568,39.293731689453125,9449200,39.204918344675924
2010-09-22 00:00:00+00:00,39.319121248304505,39.64900122892714,39.31277847290039,9353300,39.26837178512263
2010-09-23 00:00:00+00:00,39.097076280498946,39.3317976209645,39.211265563964844,8393800,39.059012379349554
2010-09-24 00:00:00+00:00,39.319114820149736,39.585557323239456,39.420616149902344,12636900,39.22395868474687
2010-09-27 00:00:00+00:00,39.47137221312886,39.5348096434622,39.35083770751953,7687600,39.28740027718619
2010-09-28 00:00:00+00:00,39.30641498595545,39.712420182404585,39.604576110839844,12132800,39.13513108995687
2010-09-29 00:00:00+00:00,39.52845764160156,39.680708406856,39.52845764160156,9590000,39.41426835766959
2010-09-30 00:00:00+00:00,39.642648276954056,39.775868306088746,39.30642318725586,12845600,39.04632590276237
2010-10-01 00:00:00+00:00,39.3888931192207,39.490394437843975,39.17320251464844,9773200,39.05901322869946
2010-10-04 00:00:00+00:00,39.03997981553044,39.31910781764338,39.1224479675293,8703600,38.88772663802564
2010-10-05 00:00:00+00:00,39.38255114460459,39.92811923078511,39.83930587768555,12439400,39.33814204807244
2010-10-06 00:00:00+00:00,39.89639694349239,40.13111827277217,40.09939956665039,11339800,39.64898764776747
2010-10-07 00:00:00+00:00,40.15015389819449,40.28337392407679,40.10574722290039,9826600,39.966182003414765
2010-10-08 00:00:00+00:00,40.20724961117813,40.21359238496802,40.112091064453125,7354800,39.98521380881392
2010-10-11 00:00:00+00:00,40.131106770915835,40.16282788792828,40.1564826965332,6172100,39.99154401998322
2010-10-12 00:00:00+00:00,40.04866421057263,40.24532170970404,40.15016555786133,8707400,39.947162863283936
2010-10-13 00:00:00+00:00,40.23896697525415,40.467345543775544,40.33412551879883,10104700,40.15015362526967
2010-10-14 00:00:00+00:00,40.4673533269918,40.473696101789635,40.43563461303711,8632700,40.21359877538875
2010-10-15 00:00:00+00:00,40.587867444440114,40.60055540840304,40.3277702331543,13265100,40.054985057905554
2010-10-18 00:00:00+00:00,40.40389515566742,40.58786700114805,40.511741638183594,10814100,40.12476721147663
2010-10-19 00:00:00+00:00,39.89641097964809,40.3912297451826,40.15016555786133,17235400,39.64900159688083
2010-10-20 00:00:00+00:00,40.169175098822606,40.61958693839369,40.3468017578125,10206800,40.00423640404367
2010-10-21 00:00:00+00:00,40.51176005948739,40.7401386722096,40.59423065185547,11111700,40.29606941635895
2010-10-22 00:00:00+00:00,40.65131014076433,40.6766860704858,40.48002624511719,6774800,40.37217975379186
2010-10-25 00:00:00+00:00,40.625954538627845,40.746489055124506,40.587890625,7794700,40.50542002213119
2010-10-26 00:00:00+00:00,40.50540817292755,40.56884801041567,40.49906539916992,7122900,40.35315740292079
2010-10-27 00:00:00+00:00,40.334115425126605,40.40389559695018,40.3277702331543,11916100,40.14379838566437
2010-10-28 00:00:00+00:00,40.562505790572345,40.67035231221788,40.321441650390625,10116000,40.28972051932971
2010-10-29 00:00:00+00:00,40.37219476514497,40.499072040946494,40.43563461303711,9309900,40.169192091855635
2010-11-01 00:00:00+00:00,40.52444225986853,40.65765987168078,40.403907775878906,9356000,40.16284364786449
2010-11-02 00:00:00+00:00,40.562486974236684,40.72742564732118,40.5244255065918,8632100,40.42292422623639
2010-11-03 00:00:00+00:00,40.594214997095186,40.72743257649875,40.721092224121094,9322100,40.315084613641815
2010-11-04 00:00:00+00:00,40.803557017374835,41.18418624724574,41.08268737792969,11337400,40.75280516273518
2010-11-05 00:00:00+00:00,41.07635016087814,41.133442378459485,41.01291275024414,9276500,40.663999731810854
2010-11-08 00:00:00+00:00,40.9558230365756,40.98754416756268,40.80991744995117,8484400,40.664007023361684
2010-11-09 00:00:00+00:00,40.89872587238654,40.91775661269581,40.79722213745117,9218500,40.66400211532186
2010-11-10 00:00:00+00:00,40.75281713340359,40.816254550355545,40.56884765625,10795400,40.31509314847753
2010-11-11 00:00:00+00:00,40.410245721532924,40.568841660455746,40.549808502197266,9109500,40.33412034844492
2010-11-12 00:00:00+00:00,40.40389279706806,40.65764479879723,40.391204833984375,12944800,40.289703549296405
2010-11-15 00:00:00+00:00,40.670349904228196,41.038293706903474,40.68938064575195,12729400,40.58787932432126
2010-11-16 00:00:00+00:00,40.37853745943335,40.56885215135878,40.05500030517578,15651000,39.74415353969352
2010-11-17 00:00:00+00:00,40.04864861425576,40.15014992201637,40.004241943359375,7416900,39.91542618158454
2010-11-18 00:00:00+00:00,40.26433540228223,40.60055799881573,40.492713928222656,9400100,40.156488911707314
2010-11-19 00:00:00+00:00,40.53077540255817,40.740123191330845,40.492713928222656,12889800,40.37852466525244
2010-11-22 00:00:00+00:00,40.28337930617239,40.48638196891985,40.35950469970703,11179200,40.0232819932783
2010-11-23 00:00:00+00:00,39.95982146456984,40.124760125193916,39.88369369506836,14766500,39.744130957611446
2010-11-24 00:00:00+00:00,39.98522435602782,40.27704284696795,40.15016555786133,9591400,39.921786921466015
2010-11-26 00:00:00+00:00,39.99018603292972,40.03497484602202,39.86221694946289,4638800,39.75984217085088
2010-11-29 00:00:00+00:00,39.548702823656484,39.67666949079664,39.61268615722656,12019300,39.279967452885174
2010-11-30 00:00:00+00:00,39.33755446939165,39.55510122641202,39.38234329223633,12633500,39.19039084564371
2010-12-01 00:00:00+00:00,39.78543822177166,39.9773906349925,39.93899917602539,15364700,39.55509434958371
2010-12-02 00:00:00+00:00,39.919809867886656,40.23333405494708,40.054176330566406,10160400,39.84302938075647
2010-12-03 00:00:00+00:00,39.996600855259146,40.16296146865789,40.028594970703125,9882800,39.8174455246528
2010-12-06 00:00:00+00:00,39.86861997056337,39.977392113782706,39.79823684692383,8989000,39.79823684692383
2010-12-07 00:00:00+00:00,40.02859025069109,40.1437622184455,39.868629455566406,9528800,39.83023798604559
2010-12-08 00:00:00+00:00,39.811031139634366,40.028577851247945,39.958194732666016,7871900,39.75984252946304
2010-12-09 00:00:00+00:00,39.94541288052811,40.28452900998029,39.70867156982422,12965600,39.51031929064581
2010-12-10 00:00:00+00:00,39.79184144386896,39.88142152799787,39.61268615722656,11457300,39.47191989440313
2010-12-13 00:00:00+00:00,39.56150540611146,39.65108306172212,39.5806999206543,13672100,39.388747452801724
2010-12-14 00:00:00+00:00,39.68945990692781,40.27171693046378,40.16294479370117,13491200,39.599882278815706
2010-12-15 00:00:00+00:00,40.2653246701112,40.41248828360575,40.03498077392578,11534100,39.95180049123491
2010-12-16 00:00:00+00:00,40.15015259400019,40.1757469025631,39.92620849609375,11141100,39.69586460064278
2010-12-17 00:00:00+00:00,39.830233942680486,40.01578903198242,40.01578903198242,15961000,39.65747600858638
2010-12-20 00:00:00+00:00,40.015771560874526,40.08615466338407,39.98377990722656,8907000,39.8174194029664
2010-12-21 00:00:00+00:00,40.175747254649536,40.182144611442524,39.8878173828125,7908200,39.849425919631685
2010-12-22 00:00:00+00:00,39.88142338507044,39.92621220881662,39.68307113647461,8850100,39.61908535911732
2010-12-23 00:00:00+00:00,39.68307470235119,39.96460482559773,39.830238342285156,7229500,39.68307470235119
2010-12-27 00:00:00+00:00,39.79183111102917,39.82382521031394,39.62547302246094,5163700,39.55508990932577
2010-12-28 00:00:00+00:00,39.708655045486616,39.862215989302186,39.70225524902344,6354200,39.60628026934051
2010-12-29 00:00:00+00:00,39.74704106095347,39.951790597791316,39.753440856933594,4968700,39.74064370578035
2010-12-30 00:00:00+00:00,39.734248865660284,39.79183483262879,39.631874084472656,5770100,39.606282219781235
2010-12-31 00:00:00+00:00,39.60628151625955,39.727850804008156,39.57428741455078,4981400,39.51030409274778
2011-01-03 00:00:00+00:00,40.07335795405553,40.42527102966308,40.19492721557617,14894800,40.00937220524986
2011-01-04 00:00:00+00:00,40.393278595358694,40.53404235839844,40.53404235839844,12346300,40.150137636207575
2011-01-05 00:00:00+00:00,40.57243285971248,40.65561310920764,40.50844955444336,11837900,40.278105750183904
2011-01-06 00:00:00+00:00,40.58524332805504,40.64922665432199,40.44447708129883,7606000,40.246127305386814
2011-01-07 00:00:00+00:00,40.4380836478327,40.47007531406964,40.054176330566406,11084800,40.02858446206146
2011-01-10 00:00:00+00:00,39.855820500538705,39.926203620087335,39.772640228271484,9775000,39.670265447330024
2011-01-11 00:00:00+00:00,39.81103354463346,39.89421137997576,39.84302520751953,7372800,39.670267298965854
2011-01-12 00:00:00+00:00,39.95818931262428,40.23332195295719,39.99018096923828,8312700,39.87500905278232
2011-01-13 00:00:00+00:00,40.028573656183674,40.297306508997636,40.25251770019531,9489700,39.89420478896968
2011-01-14 00:00:00+00:00,40.27812450113531,40.29092165630801,40.022186279296875,11274700,39.83023383332194
2011-01-18 00:00:00+00:00,39.81104349817474,40.047784791690525,39.73426055908203,13944900,39.676674575166516
2011-01-19 00:00:00+00:00,39.70227354331776,40.06058664533879,40.028594970703125,9596700,39.6766792272859
2011-01-20 00:00:00+00:00,40.13735880362061,40.37410007564973,40.22053909301758,11518600,40.0157894889695
2011-01-21 00:00:00+00:00,40.47008266131205,40.47008266131205,40.09257507324219,12932200,39.96460594425428
2011-01-24 00:00:00+00:00,40.02858188981231,40.13095667967648,39.81103515625,11373000,39.77264369474811
2011-01-25 00:00:00+00:00,38.96004370394737,39.433528644381816,39.08161544799805,28056700,38.844871757377035
2011-01-26 00:00:00+00:00,39.14560822340226,39.19039705334143,38.774497985839844,20262100,38.774497985839844
2011-01-27 00:00:00+00:00,38.8000816568945,39.05601984988916,38.82567596435547,11219500,38.774487349433535
2011-01-28 00:00:00+00:00,38.97284387781251,39.03042985555958,38.3969841003418,15298800,38.39058674317336
2011-01-31 00:00:00+00:00,38.492965727033166,38.53135719663962,38.24342727661133,19056200,38.19223865046939
2011-02-01 00:00:00+00:00,38.19862790813951,38.86406521950743,38.79368209838867,14780500,38.19862790813951
2011-02-02 00:00:00+00:00,38.68491767037716,38.87687013419789,38.78729248046875,9994200,38.569745703923125
2011-02-03 00:00:00+00:00,38.81288055159404,39.011232782102454,38.90245819091797,10078900,38.76809173193208
2011-02-04 00:00:00+00:00,38.99203814408209,39.02403225214573,38.92805480957031,9725500,38.80648549767484
2011-02-07 00:00:00+00:00,38.95365016431839,39.02403329865346,38.94725036621094,8217000,38.80648653834862
2011-02-08 00:00:00+00:00,38.992034912109375,39.02402901752109,38.992034912109375,7867600,38.870465610290545
2011-02-09 00:00:00+00:00,38.98563546171412,38.992032817968344,38.953643798828125,8541500,38.800080399844994
2011-02-10 00:00:00+00:00,38.800086388981,39.07521912572302,38.98564147949219,8627500,38.65932012158523
2011-02-11 00:00:00+00:00,38.864072399115265,39.13920269670376,38.838478088378906,9630800,38.716906332785115
2011-02-14 00:00:00+00:00,38.83207829029091,39.01763338191778,38.838478088378906,8130800,38.80648642036237
2011-02-15 00:00:00+00:00,38.7744953241063,38.83848110591854,38.78729248046875,8572800,38.69771482673961
2011-02-16 00:00:00+00:00,38.78089072523236,38.86407101175226,38.723304748535156,9426400,38.71050759362381
2011-02-17 00:00:00+00:00,38.62734073743316,38.98565387710953,38.89607620239258,7133700,38.60174885952016
2011-02-18 00:00:00+00:00,38.96003714406905,39.17118649083168,39.10080337524414,12393000,38.74249044171081
2011-02-22 00:00:00+00:00,38.825686367141515,39.0240386418984,38.80649185180664,11050500,38.67852272102182
2011-02-23 00:00:00+00:00,38.87687038154699,39.08162244384088,38.64012908935547,12100300,38.627331932911595
2011-02-24 00:00:00+00:00,38.69131099439276,38.71050550532044,38.55054473876953,11766700,38.4097784831463
2011-02-25 00:00:00+00:00,38.686116036736514,38.705486595283396,38.505340576171875,11863700,38.324565115607236
2011-02-28 00:00:00+00:00,38.69259205042897,39.67394958971194,39.6674919128418,20031000,38.58929138644561
2011-03-01 00:00:00+00:00,39.54481211862062,39.70621951502315,39.18971633911133,14035300,39.125151902821464
2011-03-02 00:00:00+00:00,39.06059609771722,39.338217060400964,39.2607421875,10264600,38.97020833551913
2011-03-03 00:00:00+00:00,39.46087761804979,39.51252916450986,39.41568374633789,7802700,39.2607340327203
2011-03-04 00:00:00+00:00,39.570632703782096,39.570632703782096,39.42213821411133,11432700,38.957284185311664
2011-03-07 00:00:00+00:00,39.44150858009019,39.447963791803296,38.99602508544922,9584000,38.93146065391204
2011-03-08 00:00:00+00:00,39.04767630056042,39.37694876218163,39.196170806884766,8881800,38.95728855435267
2011-03-09 00:00:00+00:00,39.21553922691316,39.42214048206966,38.99602508544922,10082600,38.94437354021947
2011-03-10 00:00:00+00:00,38.82816388864918,38.93146452650295,38.48598098754883,14852300,38.350399362156026
2011-03-11 00:00:00+00:00,38.247100623367054,38.65384551974137,38.53763198852539,10426600,38.16316808129294
2011-03-14 00:00:00+00:00,38.40850968351021,38.40850968351021,38.176082611083984,11775000,38.040498510247545
2011-03-15 00:00:00+00:00,37.95657387551671,37.98885487068007,37.75642776489258,16016800,37.45943866877836
2011-03-16 00:00:00+00:00,37.81452787973023,37.81452787973023,37.22700500488281,16995600,37.12370436082882
2011-03-17 00:00:00+00:00,37.5820980002923,37.69185631175058,37.53044891357422,12456000,37.38195440279774
2011-03-18 00:00:00+00:00,37.80807039189383,37.892000466906104,37.81452560424805,14371900,37.51107890308857
2011-03-21 00:00:00+00:00,37.879084450537974,38.19544401315636,37.98238754272461,10692700,37.879084450537974
2011-03-22 00:00:00+00:00,37.96301725410371,38.18898907556272,37.95656204223633,10151800,37.89845528390473
2011-03-23 00:00:00+00:00,37.911376953125,38.02113282046572,37.911376953125,9899800,37.76933763032466
2011-03-24 00:00:00+00:00,38.07923786874661,38.14380231386171,38.11151885986328,8655800,37.917830450281485
2011-03-25 00:00:00+00:00,38.09859172766539,38.15024326444752,38.0792236328125,8077400,37.86616720078828
2011-03-28 00:00:00+00:00,38.079239542977355,38.285840850665814,38.24710464477539,8382500,38.079239542977355
2011-03-29 00:00:00+00:00,38.07924728023402,38.2923063074499,38.23419952392578,9280300,38.04696628113893
2011-03-30 00:00:00+00:00,38.31166811630084,38.563463315885436,38.337493896484375,10736400,38.24710612872395
2011-03-31 00:00:00+00:00,38.227725709626895,38.54408527813427,38.2535514831543,9680200,38.227725709626895
2011-04-01 00:00:00+00:00,38.498888408814736,38.5053436202534,38.40850067138672,9908000,38.13087978478286
2011-04-04 00:00:00+00:00,38.41496875119308,38.85399716252299,38.83462905883789,9415100,38.38914297102498
2011-04-05 00:00:00+00:00,38.57637684259289,38.711958496471,38.60865783691406,10557700,38.40205651780019
2011-04-06 00:00:00+00:00,38.54407527854611,38.67320164980221,38.51824951171875,10011200,38.47951086147772
2011-04-07 00:00:00+00:00,38.55700987304064,38.58283319152818,38.40205764770508,9232900,38.25356309915295
2011-04-08 00:00:00+00:00,38.56345756398173,38.595738552955325,38.389137268066406,7853200,38.29229430114562
2011-04-11 00:00:00+00:00,38.44077959356022,38.84752439018102,38.64738082885742,9845800,38.41495382342782
2011-04-12 00:00:00+00:00,38.518267746316276,38.789433500612375,38.69904327392578,9208000,38.518267746316276
2011-04-13 00:00:00+00:00,38.51825373016722,38.70548686584996,38.479515075683594,10509000,38.42140832539864
2011-04-14 00:00:00+00:00,38.447243747767914,38.815252437672676,38.75069046020508,10436200,38.408507546439985
2011-04-15 00:00:00+00:00,38.8927182359029,39.35111454351812,39.09931945800781,18608500,38.724853203642134
2011-04-18 00:00:00+00:00,39.02831956632803,39.50608421051483,39.03477478027344,20034800,38.80234767212545
2011-04-19 00:00:00+00:00,40.02903052226426,40.59072751901833,40.47451400756836,26083100,39.89990412477749
2011-04-20 00:00:00+00:00,40.8102507577081,41.668939399057656,41.57209396362305,26732100,40.79088265577387
2011-04-21 00:00:00+00:00,41.197634938982056,41.51399459788364,41.36549758911133,11688100,41.17180915807539
2011-04-25 00:00:00+00:00,41.09431885052617,41.44941212171388,41.39130783081055,7226900,41.00392865128732
2011-04-26 00:00:00+00:00,41.36547973948168,42.159606150954744,41.933631896972656,14500000,41.36547973948168
2011-04-27 00:00:00+00:00,40.96520434471667,42.35330670122086,42.33393859863281,23777500,40.93292335277598
2011-04-28 00:00:00+00:00,42.21771179396149,42.44368112943621,42.21125411987305,13091400,41.920722820800144
2011-04-29 00:00:00+00:00,42.34684730928308,42.59218973416055,42.430782318115234,12100000,42.224181022607766
2011-05-02 00:00:00+00:00,42.55990578552478,42.811700957565144,42.74713897705078,15456200,42.488886129229975
2011-05-03 00:00:00+00:00,42.68256971348703,42.908539069611166,42.779415130615234,13105500,42.61800774398906
2011-05-04 00:00:00+00:00,42.61154600326367,42.818147241400524,42.39848709106445,13408900,42.20480120105231
2011-05-05 00:00:00+00:00,42.256455265713505,42.359758365874406,41.972381591796875,14925200,41.83679996715789
2011-05-06 00:00:00+00:00,42.12733310508659,42.28874051161949,42.14024353027344,11904600,42.043403026964214
2011-05-09 00:00:00+00:00,42.036932639152475,42.456592754381745,42.372657775878906,9003100,42.01110687082558
2011-05-10 00:00:00+00:00,42.35975857846011,42.482429779076085,42.45660400390625,9693100,42.146699627631186
2011-05-11 00:00:00+00:00,42.818161058137235,43.089324347111535,42.97956848144531,19986100,42.488888535374926
2011-05-12 00:00:00+00:00,42.63737355639709,43.49606198939555,43.37984848022461,15622200,42.495334275659026
2011-05-13 00:00:00+00:00,43.31529408489595,43.41859720096743,43.0118522644043,11700900,42.57927662305961
2011-05-16 00:00:00+00:00,42.87626293869848,43.12160040677678,42.85043716430664,11513200,42.73422364242475
2011-05-17 00:00:00+00:00,42.76005614759905,42.92146356863281,42.86981201171875,10784100,42.5211713911942
2011-05-18 00:00:00+00:00,42.72132057198533,42.94083725453155,42.93437957763672,9028400,42.5728284837538
2011-05-19 00:00:00+00:00,42.953745312428566,42.953745312428566,42.86335754394531,9685100,42.51471689732534
2011-05-20 00:00:00+00:00,42.772958448895025,42.82460999599748,42.411407470703125,12367000,42.14669698612503
2011-05-23 00:00:00+00:00,42.08858910714086,42.41140386040745,42.32746887207031,12020200,42.01756946736124
2011-05-24 00:00:00+00:00,42.44368716518885,42.76004920560415,42.469512939453125,11017700,42.288737445365975
2011-05-25 00:00:00+00:00,42.79878616333008,42.99247208510379,42.79878616333008,14767100,42.656746865238304
2011-05-26 00:00:00+00:00,42.714123829951966,42.8378589765193,42.66202926635742,12044100,42.5122443537504
2011-05-27 00:00:00+00:00,42.844368827015494,43.61281946673892,43.48257064819336,16385700,42.72063369151831
2011-05-31 00:00:00+00:00,43.83424661370743,43.8537826995417,43.821224212646484,16473800,43.62585341733232
2011-06-01 00:00:00+00:00,43.64536811089615,43.82120273419274,43.29370880126953,11003400,43.28068143810808
2011-06-02 00:00:00+00:00,43.26765904342991,43.47605213766356,43.29370880126953,9582900,43.16346001207145
2011-06-03 00:00:00+00:00,42.876911391536886,43.215553225584145,43.03971862792969,10364900,42.85086660597869
2011-06-06 00:00:00+00:00,42.896477101529214,43.12440636985591,43.01369857788086,8397400,42.87693604839943
2011-06-07 00:00:00+00:00,42.981128372308866,43.163471758324754,42.655513763427734,10426800,42.655513763427734
2011-06-08 00:00:00+00:00,42.64899619588708,43.13090935045064,43.072296142578125,10020300,42.4471167466817
2011-06-09 00:00:00+00:00,43.196031202988024,43.814696915127364,43.48908233642578,14054500,43.09183215293112
2011-06-10 00:00:00+00:00,43.30021119985469,43.42394628942763,43.03971862792969,9312900,43.03971862792969
2011-06-13 00:00:00+00:00,43.18950772533657,43.606293894073374,43.36533737182617,8146200,43.15043557466844
2011-06-14 00:00:00+00:00,43.59978625995034,43.86679257583689,43.697471618652344,11389100,43.46954242733683
2011-06-15 00:00:00+00:00,43.63235730288464,43.63235730288464,43.0853271484375,12623500,42.79227102128259
2011-06-16 00:00:00+00:00,42.78575788339419,43.209057871246564,43.18952178955078,11683900,42.63597794473676
2011-06-17 00:00:00+00:00,43.39138310928859,43.5997761743545,43.16996765136719,14336400,43.104845750124575
2011-06-20 00:00:00+00:00,43.03323034647295,43.463039070997354,43.31325912475586,9309200,43.02671666274965
2011-06-21 00:00:00+00:00,43.31976801635827,43.46955293169448,43.30023193359375,9811500,43.08533005469909
2011-06-22 00:00:00+00:00,43.28720700639558,43.38489238299782,43.02671432495117,7988100,43.013691926697035
2011-06-23 00:00:00+00:00,42.68155827883387,42.81180211897342,42.76621627807617,16234800,42.12801450551475
2011-06-24 00:00:00+00:00,42.70110108200451,42.7271508478312,42.36897277832031,13186200,42.219192835422895
2011-06-27 00:00:00+00:00,42.51875224662275,42.72714537807376,42.49270248413086,7199500,42.32989519491963
2011-06-28 00:00:00+00:00,42.71412536273928,43.059281048787426,42.922523498535156,7724600,42.57736781248701
2011-06-29 00:00:00+00:00,43.13091934731294,43.36535732768836,43.183013916015625,9227000,42.93554856710054
2011-06-30 00:00:00+00:00,43.25464506777808,43.573750973715654,43.319766998291016,9747200,43.14393728905761
2011-07-01 00:00:00+00:00,43.293712976091435,43.866792798375364,43.827720642089844,9216500,43.156950492124594
2011-07-05 00:00:00+00:00,43.82121453472199,44.06867984811287,44.0361213684082,9773600,43.79516476986748
2011-07-06 00:00:00+00:00,44.04262647834715,44.120775766514114,43.99053192138672,7100400,43.87331047337838
2011-07-07 00:00:00+00:00,44.16636534609623,44.316150252301895,44.23148727416992,8415200,43.89285026709593
2011-07-08 00:00:00+00:00,44.159856565672676,44.277078036613915,44.003562927246094,7866100,43.75609758569691
2011-07-11 00:00:00+00:00,43.55421417505173,43.899369880588424,43.80819320678711,8918900,43.52165569085904
2011-07-12 00:00:00+00:00,43.567254642671905,44.07521285886798,43.651912689208984,10528700,43.52166877630781
2011-07-13 00:00:00+00:00,43.88632802196633,44.27055576906607,44.04262161254883,9031700,43.769106586908535
2011-07-14 00:00:00+00:00,44.02309099248499,44.23799781148098,44.06216812133789,9636500,43.93843298885821
2011-07-15 00:00:00+00:00,44.107767250201434,44.25103353753408,43.925418853759766,10245100,43.6258539409057
2011-07-18 00:00:00+00:00,43.74306327248263,43.86028472481267,43.69096374511719,10361000,43.33930435661144
2011-07-19 00:00:00+00:00,43.69749669187009,43.775646017369795,43.45003128051758,13677400,43.07883067924551
2011-07-20 00:00:00+00:00,43.35231981451995,43.567226604137566,43.137413024902344,8912600,43.020191591336705
2011-07-21 00:00:00+00:00,43.27418500347266,43.49560554911501,43.28721237182617,11394100,43.06579182618382
2011-07-22 00:00:00+00:00,43.4304951912643,43.49561714493742,43.45003128051758,7721000,43.30024631543146
2011-07-25 00:00:00+00:00,43.11789020440181,43.26116144153035,43.14393997192383,10247700,42.98764633527684
2011-07-26 00:00:00+00:00,43.09182336944674,43.18950871684267,42.92901611328125,10008300,42.89645764313804
2011-07-27 00:00:00+00:00,42.824837449262105,42.89647306520789,42.47968673706055,12810400,42.421073520157194
2011-07-28 00:00:00+00:00,42.479677701826276,42.73365666125574,42.38199234008789,9920400,42.18662161661113
2011-07-29 00:00:00+00:00,42.160578488725214,42.284313630960064,42.19314193725586,16829000,41.76332826537774
2011-08-01 00:00:00+00:00,42.512237250666836,42.54480069489686,41.94567108154297,15842200,41.45724674475473
2011-08-02 00:00:00+00:00,41.75031218086994,41.90660582678674,41.30747604370117,17118300,41.30747604370117
2011-08-03 00:00:00+00:00,41.26840289721795,41.37259949304864,41.29445266723633,17660300,40.28504767933107
2011-08-04 00:00:00+00:00,40.77346527206847,41.131640876178665,40.27201843261719,23485600,40.25248234934069
2011-08-05 00:00:00+00:00,40.45435577148298,41.307466887507886,40.83858108520508,24037800,39.757540750973064
2011-08-08 00:00:00+00:00,40.245967192690074,40.75392769747396,39.803131103515625,32423200,39.75754525471024
2011-08-09 00:00:00+00:00,40.187354869227946,40.617166058258746,40.5064582824707,36288000,38.47462379652895
2011-08-10 00:00:00+00:00,40.12876236602698,40.3501805024131,39.204017639160156,32688900,39.08028244032342
2011-08-11 00:00:00+00:00,39.19098121274298,41.80241221286133,41.313987731933594,33514400,39.15842024314586
2011-08-12 00:00:00+00:00,41.42469008305764,41.67215787627981,41.26188278198242,42324600,40.962317944222164
2011-08-15 00:00:00+00:00,41.580977140450194,42.08242633099676,42.06288528442383,39362000,41.424683547252975
2011-08-16 00:00:00+00:00,41.52887596529575,42.14103036542,41.91310119628906,13142100,41.47677644992775
2011-08-17 00:00:00+00:00,42.043357732353414,42.232214806320314,41.847991943359375,11847600,41.548424607871674
2011-08-18 00:00:00+00:00,41.15117747145902,41.405158978426236,41.13164138793945,23376400,40.38924040328507
2011-08-19 00:00:00+00:00,40.968831768299815,41.535400516756965,41.118614196777344,19394800,40.85812398891129
2011-08-22 00:00:00+00:00,41.672165805652966,41.7437989449929,41.216304779052734,13689300,41.033958877867
2011-08-23 00:00:00+00:00,41.36608089138169,42.32338616796765,42.31036376953125,14879000,41.300956477987924
2011-08-24 00:00:00+00:00,42.57736726005665,42.78576042466365,42.675052642822266,14523000,42.2257028631914
2011-08-25 00:00:00+00:00,42.64901370131386,42.64901370131386,42.036861419677734,13134400,41.80892714587561
2011-08-26 00:00:00+00:00,41.75431547150623,42.424487326830324,42.23394775390625,14150600,41.06443349014659
2011-08-29 00:00:00+00:00,42.47048554715534,43.31148446686155,43.272064208984375,12867900,42.41792186148646
2011-08-30 00:00:00+00:00,43.245778511077006,43.39032612740649,43.21292495727539,11183000,42.83185080201865
2011-08-31 00:00:00+00:00,43.38376128295527,43.51517050621896,43.23264694213867,14555300,42.930408235006844
2011-09-01 00:00:00+00:00,43.14066868592548,43.45604083788246,42.92384719848633,11141100,42.779299540193556
2011-09-02 00:00:00+00:00,42.595330488182,42.70702458017789,42.095985412597656,13713600,41.99086052927068
2011-09-06 00:00:00+00:00,41.50465671997898,42.542767144479534,42.47049331665039,15848300,41.06444705065592
2011-09-07 00:00:00+00:00,42.73330598568101,43.00268614669413,42.98954772949219,10759700,42.50334608902351
2011-09-08 00:00:00+00:00,42.68073553229452,43.31805643978094,42.674163818359375,15551500,42.60189000331974
2011-09-09 00:00:00+00:00,42.30624237748941,42.31938580981337,41.81346893310547,17008200,41.583508994943095
2011-09-12 00:00:00+00:00,41.4586514225006,41.79373860636767,41.78059768676758,13448200,40.9330271703675
2011-09-13 00:00:00+00:00,42.04341178275748,42.082834542229826,41.793739318847656,11595300,41.51121580856464
2011-09-14 00:00:00+00:00,42.017136746424015,42.35879319804866,41.872589111328125,13429500,41.37981581681895
2011-09-15 00:00:00+00:00,42.23396344429607,42.463923354723924,42.312808990478516,10625800,41.997431818498825
2011-09-16 00:00:00+00:00,42.39164154097965,42.53618917538544,42.4376335144043,15688800,42.02370575358247
2011-09-19 00:00:00+00:00,42.08282977109961,42.30621786366046,42.14196014404297,8571800,41.80687549882781
2011-09-20 00:00:00+00:00,42.32595381131233,42.60847746193382,42.194549560546875,10874800,41.91202590992538
2011-09-21 00:00:00+00:00,42.17482447807487,42.44420460050499,41.478370666503906,10041300,41.458658030774615
2011-09-22 00:00:00+00:00,40.841038118429225,41.13013079425919,40.683349609375,19456900,40.17086634110295
2011-09-23 00:00:00+00:00,40.27599789307145,40.67021797824359,40.46653747558594,10983700,40.078889103672495
2011-09-26 00:00:00+00:00,40.768789484514585,41.29441399514333,41.18928909301758,10561700,40.742507632389305
2011-09-27 00:00:00+00:00,41.636063840239146,42.27995407523529,41.93172836303711,13118200,41.20242337559378
2011-09-28 00:00:00+00:00,41.9842878574107,42.34565195101571,41.55721664428711,8964200,41.484942823016226
2011-09-29 00:00:00+00:00,41.997429493921636,42.20767925935398,41.984291076660156,8923300,41.40610296853376
2011-09-30 00:00:00+00:00,41.53749539099722,42.536180179617986,41.84629821777344,14556100,41.49150342729919
2011-10-03 00:00:00+00:00,41.820028881546286,42.18796467907276,40.788490295410156,16891100,40.76877765884649
2011-10-04 00:00:00+00:00,40.440259564507,40.952745474386894,40.847618103027344,18192000,39.96719892526142
2011-10-05 00:00:00+00:00,40.873905022062026,41.07101385509148,40.96588897705078,15405200,40.473115641289745
2011-10-06 00:00:00+00:00,41.07759540050988,41.28127599699761,41.26813507080078,9595400,40.801640963127284
2011-10-07 00:00:00+00:00,41.39952513633581,41.86601908418617,41.478370666503906,12361600,41.39295592867574
2011-10-10 00:00:00+00:00,41.97772208913951,42.33251953125,42.33251953125,7104000,41.81346429257448
2011-10-11 00:00:00+00:00,42.220819677616134,42.2865217847364,42.02370834350586,7628700,41.951434521848725
2011-10-12 00:00:00+00:00,42.13539834190233,42.503339129053394,42.266807556152344,9375100,41.96457137612629
2011-10-13 00:00:00+00:00,42.345645819311606,42.345645819311606,42.20110321044922,7781100,41.76746034561593
2011-10-14 00:00:00+00:00,42.50334589818412,42.5361944474164,42.52305603027344,6678800,42.16168689947006
2011-10-17 00:00:00+00:00,42.312791821633695,42.60188201483454,41.91200256347656,10797900,41.8003060048943
2011-10-18 00:00:00+00:00,41.89230633551143,42.53619658194765,42.32594680786133,11705300,41.655777219445575
2011-10-19 00:00:00+00:00,42.38507144260574,42.38507144260574,41.15642166137695,19964600,40.84104708043769
2011-10-20 00:00:00+00:00,41.366675783779286,41.47837236958302,41.08415222167969,11562600,40.9396070898523
2011-10-21 00:00:00+00:00,41.46522789107586,41.94486023280405,41.90543746948242,13175400,41.320680265270994
2011-10-24 00:00:00+00:00,41.98429169342798,42.56904901877545,42.52962875366211,12552700,41.78718034236146
2011-10-25 00:00:00+00:00,42.417914414001885,42.595315568800075,41.84629821777344,10324800,41.7608860031194
2011-10-26 00:00:00+00:00,42.174845651632374,42.44422590930279,42.371952056884766,9932100,41.912032098544266
2011-10-27 00:00:00+00:00,42.700450449942025,43.16037523474915,43.03553771972656,16450700,42.516482541119004
2011-10-28 00:00:00+00:00,43.12751246166276,43.26548836380697,43.10123062133789,10390800,42.726723169018314
2011-10-31 00:00:00+00:00,42.818712051375265,43.27206507705325,42.30622863769531,13720400,42.29965692366763
2011-11-01 00:00:00+00:00,41.83973652536519,42.115688357111324,41.64262771606445,14749900,41.51122100773913
2011-11-02 00:00:00+00:00,42.30624237748941,42.30624237748941,41.81346893310547,10136200,41.66235204425943
2011-11-03 00:00:00+00:00,42.09597648358946,42.39163843210076,42.273372650146484,10466000,41.83316307783009
2011-11-04 00:00:00+00:00,42.04999204577351,42.404789455189686,42.12883758544922,9725200,41.66234358134654
2011-11-07 00:00:00+00:00,42.02370976138127,42.27337978196192,42.049991607666016,8783900,41.55721826851368
2011-11-08 00:00:00+00:00,42.109115505430864,42.70044442373029,42.61503219604492,7989500,42.01713407037525
2011-11-09 00:00:00+00:00,42.09598162380523,42.135401885020556,41.74118423461914,11072500,41.45866066616074
2011-11-10 00:00:00+00:00,42.1354042875266,42.325943915513975,42.12883758544922,7597500,41.82660136277534
2011-11-11 00:00:00+00:00,42.45735664615118,43.028970564455975,42.87128448486328,9086800,42.45735664615118
2011-11-14 00:00:00+00:00,42.68731989748144,42.92385154175773,42.64789962768555,8276100,42.477070103985895
2011-11-15 00:00:00+00:00,42.68732010753155,42.897569902061655,42.70045852661133,10726300,42.38508634119142
2011-11-16 00:00:00+00:00,42.39822123928027,42.8121540908005,42.312808990478516,8398100,42.24710687503486
2011-11-17 00:00:00+00:00,42.161687388769636,42.38508058479057,42.01057052612305,13924700,41.59007099417169
2011-11-18 00:00:00+00:00,42.174824436629606,42.18139113790869,41.95143127441406,12659600,41.76089417596475
2011-11-21 00:00:00+00:00,41.570352320236246,41.61634429044485,41.35353088378906,32806700,41.314110627252774
2011-11-22 00:00:00+00:00,41.36010630120358,41.52436406847891,41.32725524902344,8680000,41.19584853392825
2011-11-23 00:00:00+00:00,41.12357632746104,41.16299909544746,40.7293586730957,10362800,40.7293586730957
2011-11-25 00:00:00+00:00,40.65642382791533,40.87525499599362,40.62989807128906,5838800,40.48400893947995
2011-11-28 00:00:00+00:00,41.03439006345108,41.584785373199225,41.35932159423828,11678000,40.968075699265896
2011-11-29 00:00:00+00:00,41.65773225962202,41.8633030057444,41.63120651245117,8923600,41.41900559435333
2011-11-30 00:00:00+00:00,42.38717775825903,42.930942993269916,42.91768264770508,15032600,42.30760303669603
2011-12-01 00:00:00+00:00,42.891146335173104,43.07018878219115,42.738624572753906,9852700,42.67231274272012
2011-12-02 00:00:00+00:00,43.017148945919466,43.03040929025098,42.088768005371094,15792800,41.97603484147678
2011-12-05 00:00:00+00:00,42.50653319242186,42.60600347308435,42.01581954956055,15294500,41.67762261901555
2011-12-06 00:00:00+00:00,42.181621711120144,42.393822716390254,42.102046966552734,10417800,41.94952512248154
2011-12-07 00:00:00+00:00,42.155073385480954,42.977351208290195,42.738624572753906,11504700,42.02244719577922
2011-12-08 00:00:00+00:00,42.533057237261204,42.73862543228066,42.29433059692383,9566800,42.14844406198871
2011-12-09 00:00:00+00:00,42.652415406096274,42.8911420176015,42.79167175292969,8835700,42.42695166518954
2011-12-12 00:00:00+00:00,42.35401443336604,42.572845511830444,42.11528778076172,10808700,42.00918732734139
2011-12-13 00:00:00+00:00,42.493272849325564,42.493272849325564,42.01581954956055,14215500,41.86993047915805
2011-12-14 00:00:00+00:00,42.02909535469206,42.2943453020192,41.89646911621094,9802400,41.73068695051832
2011-12-15 00:00:00+00:00,42.20813732004717,42.50654317283079,42.44023132324219,9656700,42.15508581666836
2011-12-16 00:00:00+00:00,42.678950061418774,42.68558276292032,42.639163970947266,19214300,42.141815073343466
2011-12-19 00:00:00+00:00,42.55960527521577,42.625917141318624,42.128570556640625,9024700,42.015839878338674
2011-12-20 00:00:00+00:00,42.453492752201925,42.9243185326097,42.785057067871094,12247700,42.44686510856291
2011-12-21 00:00:00+00:00,42.97737293674381,43.103369018996794,43.07684326171875,8517800,42.824856156483676
2011-12-22 00:00:00+00:00,43.14313623347067,43.275764961784525,43.222713470458984,7428000,42.85136314971754
2011-12-23 00:00:00+00:00,43.25588832678683,43.766495211508705,43.75323486328125,6503300,43.222729867312296
2011-12-27 00:00:00+00:00,43.75985014822219,43.97868377669728,43.77974319458008,4995100,43.700171009148534
2011-12-28 00:00:00+00:00,43.74659361381556,43.786379709996474,43.401763916015625,5943900,43.30229867556334
2011-12-29 00:00:00+00:00,43.308918072967685,43.78637137331259,43.6869010925293,5702400,43.26913198436183
2011-12-30 00:00:00+00:00,43.49458845662388,43.720054738928646,43.48796081542969,4959700,43.45480237238637
2012-01-03 00:00:00+00:00,43.49459323215323,43.76647832900966,43.6869010925293,16116200,43.26913198436183
2012-01-04 00:00:00+00:00,43.60070386637142,43.68690875990326,43.421661376953125,9243100,43.17630198252777
2012-01-05 00:00:00+00:00,43.31555507113311,43.50123024873794,43.36860656738281,11886900,42.99062351032466
2012-01-06 00:00:00+00:00,43.39513227896346,43.408392623380145,42.990623474121094,15359900,42.844734389191835
2012-01-09 00:00:00+00:00,43.07682740250642,43.163032287469605,43.05693435668945,7934600,42.712109757567674
2012-01-10 00:00:00+00:00,43.1762980349251,43.36860591146993,43.23597717285156,8476600,43.103353493502254
2012-01-11 00:00:00+00:00,43.17631103239614,43.46145658217737,43.189571380615234,6784600,42.997263446179474
2012-01-12 00:00:00+00:00,43.28903947636113,43.37524944280455,43.25588607788086,7402900,43.05694544991793
2012-01-13 00:00:00+00:00,43.08346420142578,43.289032440109246,43.27577209472656,8978800,42.678955367115414
2012-01-17 00:00:00+00:00,43.46143507147117,43.56090534132988,43.18292236328125,8359900,42.77178094219035
2012-01-18 00:00:00+00:00,43.27576782365064,43.34871236422998,43.28902816772461,8095600,43.10335299507502
2012-01-19 00:00:00+00:00,43.20945799702929,43.26913713704494,43.22935104370117,11699800,42.964098616447814
2012-01-20 00:00:00+00:00,43.289046187098414,43.46809379187537,43.282413482666016,14715500,42.798332303794346
2012-01-23 00:00:00+00:00,43.255881027277795,43.322192875766014,43.10335922241211,10125000,43.023781968664395
2012-01-24 00:00:00+00:00,42.66569191570429,43.40176507024399,43.10335922241211,12367900,42.66569191570429
2012-01-25 00:00:00+00:00,42.99062496108316,43.30229618798138,43.249244689941406,10531400,42.9442061651155
2012-01-26 00:00:00+00:00,43.45480478261965,43.68689871899176,43.567535400390625,12546100,43.24923659029983
2012-01-27 00:00:00+00:00,43.51449971266357,43.68028185946076,43.474708557128906,10466300,43.40839671026396
2012-01-30 00:00:00+00:00,43.322201136410015,43.574188232421875,43.574188232421875,7482100,43.18957235487427
2012-01-31 00:00:00+00:00,43.67364010727036,43.73331923930167,43.7067985534668,13562900,43.47469954862885
2012-02-01 00:00:00+00:00,43.7465882577416,43.97868222249672,43.5609130859375,12275900,43.534387338641345
2012-02-02 00:00:00+00:00,43.726701259492565,43.74659430789864,43.49460220336914,8282400,43.33545275685081
2012-02-03 00:00:00+00:00,43.70017056945355,43.77974275408447,43.52775573730469,9036200,43.4548111952136
2012-02-06 00:00:00+00:00,43.408393523017374,43.48797076897416,43.22935104370117,9535700,43.136513453052885
2012-02-07 00:00:00+00:00,43.2094602492741,43.36197698788781,43.27577209472656,9248100,43.11661759451725
2012-02-08 00:00:00+00:00,43.23597120418036,43.335441479595126,43.26249694824219,6889400,43.16302667282742
2012-02-09 00:00:00+00:00,43.209458306469244,43.33544928938319,43.03041076660156,10936200,42.983991970945
2012-02-10 00:00:00+00:00,42.9110373312931,42.950823415561814,42.83809280395508,13954200,42.60599888027413
2012-02-13 00:00:00+00:00,43.037044334853874,43.07019772712198,42.89115524291992,9662500,42.83810374416769
2012-02-14 00:00:00+00:00,42.937579426117445,43.01052398123546,42.84474182128906,8978500,42.6590666116323
2012-02-15 00:00:00+00:00,42.778435424104806,43.070208622512645,42.871273040771484,9023400,42.75190966801852
2012-02-16 00:00:00+00:00,42.83810347841865,43.209458908111166,43.0503044128418,8194500,42.732005540841755
2012-02-17 00:00:00+00:00,43.249243436798224,43.289029529540755,43.09672164916992,9057500,42.97735831167317
2012-02-21 00:00:00+00:00,43.255878859803005,43.26250650283091,43.1298828125,8081700,42.93757492003154
2012-02-22 00:00:00+00:00,43.156410724910586,43.32882051912602,43.10335922241211,8150600,43.01715432530439
2012-02-23 00:00:00+00:00,43.22933902888816,43.79962981823664,43.169654846191406,8991500,43.03703119905969
2012-02-24 00:00:00+00:00,43.34359216953058,43.34359216953058,43.122825622558594,10478200,42.94220169573584
2012-02-27 00:00:00+00:00,42.989042217072665,43.243255062178484,43.116146087646484,8523000,42.8284819006244
2012-02-28 00:00:00+00:00,43.21649812420811,43.765066485048216,43.60451126098633,11581400,43.1496005395122
2012-02-29 00:00:00+00:00,43.63125908405725,43.6580191312254,43.537601470947266,11489100,43.29007486260969
2012-03-01 00:00:00+00:00,43.55768807517664,43.65803701717919,43.3703727722168,8813800,43.24326377208296
2012-03-02 00:00:00+00:00,43.31014288036112,43.39711430815761,43.3302116394043,6063900,43.19641650981173
2012-03-05 00:00:00+00:00,43.27671140505025,43.45733540197931,43.42388916015625,7601000,43.176362471663545
2012-03-06 00:00:00+00:00,43.12282896700262,43.30345801179107,43.04924011230469,9511100,42.94220502617135
2012-03-07 00:00:00+00:00,42.99572660938662,43.122835578618236,43.01580047607422,8591800,42.89538279573848
2012-03-08 00:00:00+00:00,43.45063322758522,43.53760466324799,43.38373565673828,11311100,43.310146797619396
2012-03-09 00:00:00+00:00,43.370357717671986,43.48408409728433,43.31014633178711,8410600,43.20979742461728
2012-03-12 00:00:00+00:00,43.18304044392434,43.58443094972322,43.55097961425781,7284700,43.17634915603983
2012-03-13 00:00:00+00:00,43.76506316302734,43.77844574132583,43.704856872558594,9884100,43.504159029746454
2012-03-14 00:00:00+00:00,43.624567796275926,43.73829416877274,43.537601470947266,9612200,43.49745884821648
2012-03-15 00:00:00+00:00,43.43725287816904,43.738294479021185,43.53091049194336,11372900,43.383732783453105
2012-03-16 00:00:00+00:00,43.61787656271133,43.79181431754197,43.564361572265625,17707000,43.35697248244393
2012-03-19 00:00:00+00:00,43.45064257849997,43.66471791365536,43.62458038330078,7321800,43.417196337857355
2012-03-20 00:00:00+00:00,43.48409266519912,43.571059013104474,43.457332611083984,7760400,43.323537444466744
2012-03-21 00:00:00+00:00,43.45733108109621,43.5309199513324,43.32353591918945,7839600,43.24325575967044
2012-03-22 00:00:00+00:00,43.27000332053992,43.276694607890924,43.122825622558594,10621300,43.08268810636616
2012-03-23 00:00:00+00:00,43.142920862290815,43.29009865061161,43.18306350708008,8062500,43.062645780632145
2012-03-26 00:00:00+00:00,43.4105012036081,43.658027861443145,43.597816467285156,8503800,43.3703636768082
2012-03-27 00:00:00+00:00,43.7048610902411,43.81858749696253,43.75168991088867,10723800,43.63127221437226
2012-03-28 00:00:00+00:00,43.75168700413419,43.89886474609375,43.89886474609375,10305500,43.60450926217463
2012-03-29 00:00:00+00:00,43.67141434756206,43.84535217285156,43.84535217285156,9553300,43.61789423147927
2012-03-30 00:00:00+00:00,43.905564647439576,44.27350911728311,44.1263313293457,11307700,43.872118398155564
2012-04-02 00:00:00+00:00,44.179837444141,44.353775238728325,44.29356384277344,8785900,44.0326597028716
2012-04-03 00:00:00+00:00,44.23336001145659,44.25342877657187,44.07279968261719,9128400,43.81858681789267
2012-04-04 00:00:00+00:00,43.892184339731315,43.952390646938284,43.7450065612793,9432300,43.724937792210305
2012-04-05 00:00:00+00:00,43.658025224320006,43.73830027307086,43.71154022216797,7922700,43.544293731993235
2012-04-09 00:00:00+00:00,43.45063745788056,43.637957820029754,43.43056869506836,6363400,43.403808643332766
2012-04-10 00:00:00+00:00,43.356984026679505,43.390435370577315,42.94890213012695,12793200,42.92214717975889
2012-04-11 00:00:00+00:00,43.276700863557664,43.276700863557664,42.90206527709961,10434100,42.78833889547731
2012-04-12 00:00:00+00:00,42.84854966476202,42.91544723510742,42.91544723510742,13122300,42.60102304013084
2012-04-13 00:00:00+00:00,42.774970534696635,42.81511061961513,42.50737762451172,11226600,42.49399759620555
2012-04-16 00:00:00+00:00,42.62778824510101,42.92214371497346,42.80172348022461,10502400,42.594336903903475
2012-04-17 00:00:00+00:00,42.968983008192076,43.00242925358735,42.9622917175293,18322900,42.326754359486976
2012-04-18 00:00:00+00:00,42.7482101361576,42.7615876115787,42.3200569152832,20567700,42.226399275459805
2012-04-19 00:00:00+00:00,42.29330008741674,42.507375425280706,42.16619110107422,15189000,41.98556455625537
2012-04-20 00:00:00+00:00,42.293310994337055,42.7950506753443,42.62111282348633,14320700,42.2799309632726
2012-04-23 00:00:00+00:00,42.48062278831681,42.60772924487622,42.393653869628906,10120900,42.3468250407923
2012-04-24 00:00:00+00:00,42.51406568168983,42.67462346681255,42.6612434387207,9022400,42.386959242786425
2012-04-25 00:00:00+00:00,42.788343709452086,43.203116864569225,43.10276794433594,11162800,42.70806610445288
2012-04-26 00:00:00+00:00,43.08938834785653,43.4640188540537,43.31684112548828,9139200,42.989039432565754
2012-04-27 00:00:00+00:00,43.450648822053424,43.57106653437892,43.37705993652344,10746700,43.27002480554484
2012-04-30 00:00:00+00:00,43.38373314484519,43.74498613125133,43.55097961425781,11362300,43.377041856960666
2012-05-01 00:00:00+00:00,43.4238911149037,43.72493282465659,43.63127517700195,10107900,43.35030223403806
2012-05-02 00:00:00+00:00,43.597816662003275,43.704856872558594,43.704856872558594,8349700,43.37705005570155
2012-05-03 00:00:00+00:00,43.751682850501226,43.81188913706437,43.71154022216797,10431800,43.55098502070842
2012-05-04 00:00:00+00:00,43.61119305329662,43.67809062342403,43.31014633178711,10301300,43.31014633178711
2012-05-07 00:00:00+00:00,43.203114478125904,43.49746482953737,43.35029220581055,8387800,43.156285665131506
2012-05-08 00:00:00+00:00,43.270009123903954,43.470706939697266,43.470706939697266,12491900,43.18304279250417
2012-05-09 00:00:00+00:00,43.20979104192329,43.4037975394055,43.00240707397461,10649400,42.98233831629657
2012-05-10 00:00:00+00:00,43.35698160463331,43.39043294666243,43.19642639160156,7702000,43.076008705838206
2012-05-11 00:00:00+00:00,43.102779616815916,43.477410242917,43.04256820678711,37824600,42.96898442291109
2012-05-14 00:00:00+00:00,42.83517761608395,42.88200643723078,42.768280029296875,39687800,42.520755895809465
2012-05-15 00:00:00+00:00,42.614408059910104,42.90876097670451,42.55419921875,8500000,42.42040151039654
2012-05-16 00:00:00+00:00,42.67463294774416,42.76829061321538,42.62111282348633,10018400,42.447177523608346
2012-05-17 00:00:00+00:00,42.62111010792878,42.81511671803252,42.51407241821289,7993500,42.467243588460924
2012-05-18 00:00:00+00:00,42.728141172556974,42.7549012288317,42.38026809692383,13781300,42.20633283509697
2012-05-21 00:00:00+00:00,42.32004797475243,42.70137229515658,42.46053695678711,8784900,42.313359238454936
2012-05-22 00:00:00+00:00,42.41371424480115,42.68130711881248,42.49399185180664,8409300,42.36688542804969
2012-05-23 00:00:00+00:00,42.41370532815559,42.64784936268872,42.32673645019531,11269100,42.06583236829309
2012-05-24 00:00:00+00:00,42.48210450687853,42.786079377683116,42.623958587646484,9309400,42.42130953271761
2012-05-25 00:00:00+00:00,42.475362112977365,42.5429109572345,42.225425720214844,11208500,42.0768177474845
2012-05-29 00:00:00+00:00,42.44834323055056,42.509138223525994,42.27946853637695,10089700,42.08357327269797
2012-05-30 00:00:00+00:00,42.11058929567546,42.151120145557556,42.02277374267578,9414700,41.880919633323025
2012-05-31 00:00:00+00:00,42.12408677122018,42.47534629959605,42.17137145996094,13297100,41.97547627699362
2012-06-01 00:00:00+00:00,41.90793087159302,42.09031579023067,41.7322998046875,12061100,41.68501511209505
2012-06-04 00:00:00+00:00,41.907950372865784,42.18490480556517,42.110599517822266,9200000,41.806624511975706
2012-06-05 00:00:00+00:00,41.98899932285222,42.137609862263524,42.02277374267578,9523400,41.880919633323025
2012-06-06 00:00:00+00:00,41.94170327855935,42.42130661010742,42.42130661010742,11562500,41.806603058973636
2012-06-07 00:00:00+00:00,42.67799676963805,42.69150704927886,42.42130661010742,12959300,42.22541142054924
2012-06-08 00:00:00+00:00,42.24567785107254,42.583427109408284,42.54289627075195,11249500,42.10382378100889
2012-06-11 00:00:00+00:00,42.53616209257124,42.57669037314975,41.96198654174805,12226400,41.95523268725947
2012-06-12 00:00:00+00:00,41.98898696541822,42.73879071821855,42.61044692993164,26655400,41.76607379872807
2012-06-13 00:00:00+00:00,43.394030762614214,43.704759515512244,43.535884857177734,98440200,42.678003860442494
2012-06-14 00:00:00+00:00,43.4683250963525,44.41402397599999,44.21137237548828,34314900,43.427796837707874
2012-06-15 00:00:00+00:00,44.51536681690071,44.65046449986154,44.58967208862305,25992800,44.2519227275747
2012-06-18 00:00:00+00:00,44.46132657657199,44.84636064976599,44.78556823730469,25750000,44.46132657657199
2012-06-19 00:00:00+00:00,44.85311552058667,45.23139315025002,45.06927490234375,23615400,44.82609495366127
2012-06-20 00:00:00+00:00,45.109800873788195,45.2584114074707,45.2584114074707,21254600,44.89364150306253
2012-06-21 00:00:00+00:00,44.954430049350215,45.23813820022772,44.84634780883789,24545300,44.69098603015753
2012-06-22 00:00:00+00:00,45.028749363681264,45.23815232801392,45.008480072021484,18965700,44.93417479687509
2012-06-25 00:00:00+00:00,44.75855508994064,45.00848636524603,44.92067337036133,13734500,44.677493372906696
2012-06-26 00:00:00+00:00,44.96118850884524,45.04900663170586,44.86661911010742,11100000,44.85986783423023
2012-06-27 00:00:00+00:00,44.866628960735675,45.393517198996754,45.15033721923828,17594200,44.82610068199154
2012-06-28 00:00:00+00:00,45.0625170970524,45.25841233604894,45.2178840637207,12110900,44.880134717929295
2012-06-29 00:00:00+00:00,45.46107368991229,45.731269101190456,45.63669967651367,18286000,45.40027611482172
2012-07-02 00:00:00+00:00,45.54211611533024,45.93390655517578,45.93390655517578,12552700,45.4880749883904
2012-07-03 00:00:00+00:00,45.906892550641786,46.01497481996369,45.960933685302734,8902400,45.74477430030519
2012-07-05 00:00:00+00:00,45.87987061450819,46.03523758361157,45.785301208496094,11857800,45.785301208496094
2012-07-06 00:00:00+00:00,45.602906651966,45.852837806711584,45.69071960449219,9758000,45.501580842962106
2012-07-09 00:00:00+00:00,45.75828064197176,45.90689118103253,45.785301208496094,12485900,45.683975372441374
2012-07-10 00:00:00+00:00,45.913653252935106,46.00146623969504,45.85285568237305,12851800,45.75828626474027
2012-07-11 00:00:00+00:00,45.95416121453938,46.00820233033703,45.86634826660156,12026100,45.744758332879094
2012-07-12 00:00:00+00:00,45.6772218147824,46.01497114899912,45.738014221191406,16484200,45.55563184831854
2012-07-13 00:00:00+00:00,45.79205760982513,46.43377931502576,46.34596633911133,13238800,45.7515293368871
2012-07-16 00:00:00+00:00,46.251401197504265,46.420275888510986,46.23788833618164,12921500,46.17709592116958
2012-07-17 00:00:00+00:00,45.82583588392615,46.73100695119407,46.60941696166992,24201900,45.67047404676281
2012-07-18 00:00:00+00:00,46.433773242941776,46.92013306918191,46.85934066772461,15616200,46.37973727063931
2012-07-19 00:00:00+00:00,46.77828367917435,47.08225602429545,46.96742248535156,13499500,46.59590130283088
2012-07-20 00:00:00+00:00,46.845826363967674,46.85258279291405,46.359466552734375,13964600,46.17032777139815
2012-07-23 00:00:00+00:00,46.0284733615669,46.143306884620955,46.008209228515625,11771400,45.697480496557176
2012-07-24 00:00:00+00:00,46.00145119368417,46.102777009048445,45.49482727050781,12145700,45.25840380375452
2012-07-25 00:00:00+00:00,45.71098249465285,45.94740594014729,45.61641311645508,9882200,45.5218437382573
2012-07-26 00:00:00+00:00,46.13656852748284,46.59590790195808,46.43378448486328,16477200,46.07577095766062
2012-07-27 00:00:00+00:00,46.57563260937852,47.0687489206334,46.96066665649414,14015900,46.535104337149306
2012-07-30 00:00:00+00:00,46.85935131400474,47.0484901441486,46.913387298583984,8379500,46.717497191396845
2012-07-31 00:00:00+00:00,46.77828262905272,46.987685566384336,46.758018493652344,10313900,46.67695679840503
2012-08-01 00:00:00+00:00,46.93365048740292,47.1160328631399,46.86609649658203,11681700,46.77828352361918
2012-08-02 00:00:00+00:00,46.481068303523045,46.59590701017901,46.23788833618164,13536000,45.94742366150422
2012-08-03 00:00:00+00:00,46.595906051141576,46.82557315243335,46.69047546386719,10898800,46.53510848373427
2012-08-06 00:00:00+00:00,46.731003583516305,46.83908070327871,46.5013313293457,8723200,46.46080305364061
2012-08-07 00:00:00+00:00,46.48105588500298,46.568873999197585,46.129798889160156,11268400,46.0757577656012
2012-08-08 00:00:00+00:00,46.129805590570406,46.312187967020606,46.17033386230469,6573100,46.08252088899844
2012-08-09 00:00:00+00:00,46.15682280507957,46.37298216137814,46.15006637573242,7764200,46.048740550107496
2012-08-10 00:00:00+00:00,46.01497674300035,46.41351853207646,46.366233825683594,7645000,46.01497674300035
2012-08-13 00:00:00+00:00,46.19736326911515,46.305445552618934,46.24464797973633,7199200,46.048752706120915
2012-08-14 00:00:00+00:00,46.43378267000963,46.44053910053617,46.366233825683594,8217800,46.271664412897856
2012-08-15 00:00:00+00:00,46.278416125124025,46.5013267733085,46.17033386230469,9349100,46.13656202040811
2012-08-16 00:00:00+00:00,46.23111978285074,46.23787105734256,46.06899642944336,13518500,45.94740649121015
2012-08-17 00:00:00+00:00,46.01496840638286,46.05549667490661,45.79880905151367,11999500,45.60291383090635
2012-08-20 00:00:00+00:00,45.79881620331389,45.825831617451335,45.73126220703125,12645200,45.71099806960499
2012-08-21 00:00:00+00:00,45.72450879905092,46.102786423099346,45.785301208496094,9544900,45.677224096044874
2012-08-22 00:00:00+00:00,45.683987260046514,45.88663898488873,45.76504898071289,8230900,45.61643840298159
2012-08-23 00:00:00+00:00,45.79881131724093,45.90013199356275,45.758277893066406,9062700,45.63668792783443
2012-08-24 00:00:00+00:00,45.81961990971609,46.2422313363678,46.07863998413086,11297500,45.771905548627174
2012-08-27 00:00:00+00:00,46.03776511417038,46.324051415446405,46.00368118286133,8761000,45.99686855698173
2012-08-28 00:00:00+00:00,45.880961571457064,46.14679945079698,46.01729202270508,6750800,45.819616768751686
2012-08-29 00:00:00+00:00,45.86050974279445,46.235411954021416,45.92185974121094,9609500,45.71054885830366
2012-08-30 00:00:00+00:00,45.82644082299774,45.949135645567736,45.81280517578125,9672700,45.56741553064125
2012-08-31 00:00:00+00:00,45.976387554672954,46.283127151394936,45.9627571105957,10151800,45.778717512942244
2012-09-04 00:00:00+00:00,46.00366686462747,46.0377507853282,45.846893310546875,8402700,45.64921801153018
2012-09-05 00:00:00+00:00,45.969588571035544,46.26269261016313,45.85370635986328,9266000,45.76509544588562
2012-09-06 00:00:00+00:00,46.153626181007795,46.50126239818941,46.24223709106445,13075500,46.071827894472136
2012-09-07 00:00:00+00:00,46.33085838369914,46.358124482260735,46.269508361816406,8403300,46.02411867523857
2012-09-10 00:00:00+00:00,46.34447875415976,46.671666665268496,46.47399139404297,11441300,46.23541958410713
2012-09-11 00:00:00+00:00,46.59667420571051,46.726186812226715,46.48760986328125,8821700,46.473979420714635
2012-09-12 00:00:00+00:00,46.603505530754084,46.66485034078984,46.45354461669922,8230700,46.37174633617595
2012-09-13 00:00:00+00:00,46.35811811089521,47.148814058603726,47.026119232177734,13006300,46.351300287072704
2012-09-14 00:00:00+00:00,46.97158700065734,46.97158700065734,46.67166519165039,13024000,46.405827297476144
2012-09-17 00:00:00+00:00,46.68530846664029,46.82845158741858,46.5217170715332,11584100,46.35130785149096
2012-09-18 00:00:00+00:00,46.40584137296271,46.80800464749853,46.72621154785156,8063100,46.39902354783319
2012-09-19 00:00:00+00:00,46.86254245519038,46.97841949387408,46.76029586791992,9911300,46.76029586791992
2012-09-20 00:00:00+00:00,46.63078588277436,47.02613135833447,46.964786529541016,8704000,46.57625367908428
2012-09-21 00:00:00+00:00,47.06702084224866,47.27832657586958,47.07383346557617,19064400,46.92387254475778
2012-09-24 00:00:00+00:00,46.95114162148093,47.16926519275876,47.03293991088867,9082100,46.90342725277878
2012-09-25 00:00:00+00:00,47.03975475219787,47.46918404328582,47.251060485839844,11625400,47.03975475219787
2012-09-26 00:00:00+00:00,47.37375831604004,47.37375831604004,47.03293991088867,9971900,47.005673814419424
2012-09-27 00:00:00+00:00,47.09428376625162,47.27151078944592,47.039756774902344,8253200,46.95795848716435
2012-09-28 00:00:00+00:00,46.876150404078096,47.06019521291115,46.97158432006836,10293200,46.69211079572001
2012-10-01 00:00:00+00:00,46.978404602361366,47.33967125578657,47.12154769897461,9647200,46.978404602361366
2012-10-02 00:00:00+00:00,47.11472919045986,47.22378835500511,47.00566482543945,10062700,46.78754129587379
2012-10-03 00:00:00+00:00,47.16245256899856,47.2510634821665,47.03293991088867,8557900,46.84890026031644
2012-10-04 00:00:00+00:00,47.101095359132316,47.373751081712065,47.21697235107422,9395900,47.03975055180144
2012-10-05 00:00:00+00:00,47.34648908995289,47.537346552145735,47.47600173950195,9429900,47.25106035885647
2012-10-08 00:00:00+00:00,47.44191821841209,47.47600213715021,47.33285903930664,6444600,47.148814198882164
2012-10-09 00:00:00+00:00,46.77391472756091,47.01248654522426,46.63077163696289,15365900,46.41946071233913
2012-10-10 00:00:00+00:00,46.610318023347915,46.685298480165535,46.501258850097656,10710100,46.337667489984476
2012-10-11 00:00:00+00:00,46.4944362223597,46.55578622636009,46.33084487915039,9505500,46.255864430080486
2012-10-12 00:00:00+00:00,46.473987954517916,46.698929301727624,46.33084487915039,8685500,46.21496789439691
2012-10-15 00:00:00+00:00,46.47400958394462,47.026133874536626,46.76029586791992,14868000,46.39902909997812
2012-10-16 00:00:00+00:00,47.237427730619395,47.578246097505605,47.4078369140625,13688800,47.046565076763635
2012-10-17 00:00:00+00:00,47.530529577693734,48.51890071663099,48.39620590209961,26522700,47.407834763162356
2012-10-18 00:00:00+00:00,48.307596503968185,49.58225384959445,49.43229293823242,33591100,48.27351258757664
2012-10-19 00:00:00+00:00,49.152827250548576,49.24143815730513,48.982418060302734,18391000,48.89380715354618
2012-10-22 00:00:00+00:00,48.934712417243425,49.27553085848306,48.927894592285156,14033400,48.621160075360166
2012-10-23 00:00:00+00:00,48.51208548224955,48.757475124407186,48.32122802734375,11086000,48.07583838518612
2012-10-24 00:00:00+00:00,48.38937657293596,48.5325196224402,48.21896743774414,8572000,48.1712530879094
2012-10-25 00:00:00+00:00,48.40302727789106,48.77792437168769,48.49163818359375,9672700,48.38939163056713
2012-10-26 00:00:00+00:00,48.396211343908675,48.61433490532697,48.32804870605469,8965200,48.096289496780045
2012-10-31 00:00:00+00:00,48.47118907291018,48.56661780062072,48.27351379394531,9950600,48.04175979821276
2012-11-01 00:00:00+00:00,48.464389449175954,49.00970112699592,48.73704528808594,11226000,48.280349748186325
2012-11-02 00:00:00+00:00,48.87335500936248,48.87335500936248,48.32804870605469,7946700,48.28033433950931
2012-11-05 00:00:00+00:00,48.300789018871725,48.396217764622996,48.253074645996094,6874500,48.03495105563939
2012-11-06 00:00:00+00:00,48.39620112892688,48.8188177151814,48.403018951416016,7927500,48.32122068297084
2012-11-07 00:00:00+00:00,48.184908069568486,48.3893959935836,47.94633102416992,12719700,47.51008387903293
2012-11-08 00:00:00+00:00,47.816820122125115,48.00085976053227,47.47600173950195,12652100,47.47600173950195
2012-11-09 00:00:00+00:00,47.41466936503788,47.891818398499254,47.625980377197266,10511700,47.32605842476314
2012-11-12 00:00:00+00:00,47.57143279542244,47.74865981918083,47.49645233154297,9761000,47.244244843905115
2012-11-13 00:00:00+00:00,47.3873820808072,47.78955044641402,47.38056945800781,8244500,47.30558900341121
2012-11-14 00:00:00+00:00,47.46236198134845,47.5509780814602,47.21697235107422,10470700,47.053380997716516
2012-11-15 00:00:00+00:00,47.026106710390096,47.16924976969263,47.08063888549805,11803600,46.84206711999382
2012-11-16 00:00:00+00:00,46.94432912588059,47.21697969036511,47.162452697753906,14272300,46.69893945746359
2012-11-19 00:00:00+00:00,47.4010177088329,47.58505733337738,47.20334243774414,12337400,47.06019935188168
2012-11-20 00:00:00+00:00,47.21014811747588,47.51688247964265,47.48961639404297,9859500,47.12834986067684
2012-11-21 00:00:00+00:00,47.462362833517716,47.63277201313027,47.435096740722656,7639900,47.33966801617766
2012-11-23 00:00:00+00:00,47.50387774631329,47.833953857421875,47.833953857421875,5450100,47.41447797943644
2012-11-26 00:00:00+00:00,47.53137653144088,47.79268717691848,47.5107421875,9884800,47.32507506374617
2012-11-27 00:00:00+00:00,47.455731398967195,47.55200401489989,47.31819534301758,8763200,47.263186167101814
2012-11-28 00:00:00+00:00,47.2494230191688,47.710156934586934,47.64826965332031,9983200,47.173779511089606
2012-11-29 00:00:00+00:00,47.772055750462854,47.833943039875585,47.60013961791992,9853400,47.483237906942094
2012-11-30 00:00:00+00:00,47.71704656107018,48.081507962590116,47.95085525512695,13480700,47.57263762347536
2012-12-03 00:00:00+00:00,47.998982783018256,48.0814991628479,47.89583206176758,9928900,47.69640873307324
2012-12-04 00:00:00+00:00,47.847707423715406,48.473479524667674,48.040252685546875,14278100,47.758307661818726
2012-12-05 00:00:00+00:00,48.088387103241594,48.33594678624517,48.11589431762695,11037100,47.84770553545053
2012-12-06 00:00:00+00:00,48.37032417878259,48.37032417878259,48.17090606689453,9459200,47.99898992139736
2012-12-07 00:00:00+00:00,48.16403266458718,48.49410875821739,48.44597244262695,10021300,48.040252817859624
2012-12-10 00:00:00+00:00,48.315314604331384,48.68665410514357,48.54911804199219,9700300,48.315314604331384
2012-12-11 00:00:00+00:00,48.77605785374487,49.25054818021397,48.89295959472656,14933700,48.6522779966862
2012-12-12 00:00:00+00:00,48.96860043232497,49.07862929762868,48.79668426513672,11783300,48.72104073185668
2012-12-13 00:00:00+00:00,48.75542201178499,48.824187423652134,48.65227127075195,8838900,48.562876759971125
2012-12-14 00:00:00+00:00,48.56288662648544,48.72792469779028,48.61102294921875,10263600,48.47348685107664
2012-12-17 00:00:00+00:00,48.7141616188547,48.94797032960589,48.78293228149414,14317200,48.672903418443006
2012-12-18 00:00:00+00:00,48.865442258359415,48.892949470506046,48.789798736572266,16352400,48.48035178123519
2012-12-19 00:00:00+00:00,48.762313735609695,49.03737545984315,48.56976318359375,11865600,48.56976318359375
2012-12-20 00:00:00+00:00,48.645393155625854,48.75542201178499,48.65227127075195,11775800,48.473477002725666
2012-12-21 00:00:00+00:00,48.52161652588585,48.65227448960304,48.32219314575195,22142300,48.17778419733741
2012-12-24 00:00:00+00:00,48.35657001429768,48.411584436388935,48.1502685546875,5006500,48.0952593790603
2012-12-26 00:00:00+00:00,48.10214234356786,48.3840873811175,48.2534294128418,7737300,48.05400602575026
2012-12-27 00:00:00+00:00,48.22593633254861,48.41160878888943,48.198429107666016,10700400,47.99901090858394
2012-12-28 00:00:00+00:00,48.026481217131604,48.18464634429178,47.778926849365234,9691100,47.737663416018144
2012-12-31 00:00:00+00:00,47.61389971911837,48.21216986367582,48.205291748046875,12770000,47.572641518274764
2013-01-02 00:00:00+00:00,48.83795223828226,48.83795223828226,48.71417236328125,12874200,48.34283798474433
2013-01-03 00:00:00+00:00,48.810421345994605,48.8241723255299,48.64537811279297,9598300,48.44595480752158
2013-01-04 00:00:00+00:00,48.989232025853646,49.32619150814422,49.20241165161133,11631800,48.83107208201265
2013-01-07 00:00:00+00:00,49.1680123803486,49.188641476178866,49.099246978759766,7548800,48.95483806148405
2013-01-08 00:00:00+00:00,49.0373694675979,49.271178200384796,49.10614013671875,9825300,48.99611126329775
2013-01-09 00:00:00+00:00,49.26430601751092,49.40871499641933,49.32619857788086,7672800,49.16803336490532
2013-01-10 00:00:00+00:00,49.38120114232657,49.77316981713696,49.64251708984375,11888500,49.33306482248899
2013-01-11 00:00:00+00:00,49.642516963230214,49.91070577970776,49.752540588378906,7766700,49.62188786141892
2013-01-14 00:00:00+00:00,49.9244340852901,50.05509199935895,49.89692687988281,7386000,49.76627421227695
2013-01-15 00:00:00+00:00,49.6837747337276,49.814432706013925,49.76629638671875,7795100,49.511858558178375
2013-01-16 00:00:00+00:00,49.690653070583934,50.075743626656646,49.91070556640625,8779900,49.68377495452111
2013-01-17 00:00:00+00:00,50.116992519209326,50.20639227202105,50.1307487487793,10570100,49.76628736214052
2013-01-18 00:00:00+00:00,50.130735505847504,50.357666015625,50.357666015625,13558600,50.055092002588346
2013-01-22 00:00:00+00:00,50.14449182957685,50.343915155199255,49.986331939697266,11469800,49.80065959501344
2013-01-23 00:00:00+00:00,49.8694438917553,50.13763796309926,50.09637451171875,10155100,49.835063803147996
2013-01-24 00:00:00+00:00,50.17201882945099,50.35769124737767,50.26829147338867,9369700,50.08949717187629
2013-01-25 00:00:00+00:00,50.28891666160084,50.839050509677726,50.83217239379883,10421500,50.240780343379
2013-01-28 00:00:00+00:00,50.85966553209186,50.88717274152779,50.62586212158203,9420900,50.49520418837728
2013-01-29 00:00:00+00:00,50.66026413682407,51.31354883928732,51.16913986206055,12386500,50.63963503242967
2013-01-30 00:00:00+00:00,51.196637330073116,51.43732418406263,50.94907760620117,9245500,50.89406841481395
2013-01-31 00:00:00+00:00,50.94220126200029,51.13474653488764,50.83217239379883,10448700,50.735899757355156
2013-02-01 00:00:00+00:00,50.98345241199874,51.17599765825205,51.01095962524414,10016300,50.94219421536288
2013-02-04 00:00:00+00:00,50.584619491995376,51.059109868633584,50.96283721923828,9200700,50.584619491995376
2013-02-05 00:00:00+00:00,51.22412698358224,51.45105752705836,51.341033935546875,10230800,51.210376002067214
2013-02-06 00:00:00+00:00,51.27916695099659,51.84305191040039,51.84305191040039,12084000,51.24478161038184
2013-02-07 00:00:00+00:00,51.45105468051643,51.71236528655492,51.616092681884766,9798200,51.35478207584628
2013-02-08 00:00:00+00:00,51.69174290749042,51.994316988026135,51.90492248535156,8153300,51.38917407341886
2013-02-11 00:00:00+00:00,51.76738507375598,51.918672110067234,51.85678482055664,5697100,51.60922516958622
2013-02-12 00:00:00+00:00,51.86368019230108,52.16625439621192,52.124996185302734,7598900,51.86368019230108
2013-02-13 00:00:00+00:00,52.118073356477794,52.17308775480467,52.02867889404297,8014800,51.82925563495441
2013-02-14 00:00:00+00:00,51.91867685100127,52.324396443189585,52.13185119628906,9681800,51.83615521098769
2013-02-15 00:00:00+00:00,52.06996161857815,52.372535705566406,52.372535705566406,10528400,51.925552689733095
2013-02-19 00:00:00+00:00,52.28312507700281,52.950160404651356,52.92265319824219,9747400,52.23498877740256
2013-02-20 00:00:00+00:00,52.80577199568732,52.92955184932637,52.70949935913086,7857500,52.63385582377004
2013-02-21 00:00:00+00:00,52.58571571873819,52.9639281218416,52.860782623291016,9465700,52.52382317314301
2013-02-22 00:00:00+00:00,52.95088256702789,53.02019802065238,52.85383987426758,8571500,52.65975448874696
2013-02-25 00:00:00+00:00,53.00634178064221,53.13804485619557,52.38249206542969,10603300,52.38249206542969
2013-02-26 00:00:00+00:00,52.597368933285416,52.91622426315816,52.507259368896484,10742100,52.33396808385063
2013-02-27 00:00:00+00:00,52.45872999531602,52.992464744695475,52.9023551940918,8180300,52.403275523361664
2013-02-28 00:00:00+00:00,52.839987150318855,53.02020630019923,52.756805419921875,11806300,52.756805419921875
2013-03-01 00:00:00+00:00,52.53499763905472,53.21429665753515,53.165775299072266,9528300,52.49340941420981
2013-03-04 00:00:00+00:00,53.186564992505325,53.56780265700833,53.51234817504883,12628000,53.186564992505325
2013-03-05 00:00:00+00:00,53.76191319918644,53.865889079381056,53.831233978271484,9399400,53.67873672577711
2013-03-06 00:00:00+00:00,53.85200608824479,53.886661175191435,53.6440544128418,8535200,53.52621759804779
2013-03-07 00:00:00+00:00,53.80349468971547,54.03916836290439,53.89360427856445,7996500,53.78269528758254
2013-03-08 00:00:00+00:00,53.955973473699515,54.219379618888745,54.198585510253906,8554100,53.858930774449945
2013-03-11 00:00:00+00:00,54.01142313596805,54.42732113684359,54.37187194824219,8807600,53.95596865893665
2013-03-12 00:00:00+00:00,54.41348607693724,54.545189200504666,54.455074310302734,8790500,54.212467468283144
2013-03-13 00:00:00+00:00,54.4273207221367,54.53129654367085,54.4481201171875,7983400,54.20550810413118
2013-03-14 00:00:00+00:00,54.53129974319065,54.82936096191406,54.82936096191406,10130400,54.40652980771504
2013-03-15 00:00:00+00:00,54.49665019598377,54.926409237502675,54.891754150390625,18296500,54.49665019598377
2013-03-18 00:00:00+00:00,54.565947921131055,54.89173630698044,54.62833023071289,8005400,54.552081660049026
2013-03-19 00:00:00+00:00,54.74617227123531,54.82241555343531,54.66299057006836,7095800,54.41345075499659
2013-03-20 00:00:00+00:00,54.88481962006467,55.18288086147897,55.07197189331055,8000800,54.877886487446474
2013-03-21 00:00:00+00:00,54.84320870599791,55.1066094637514,54.76696014404297,8436300,54.60059676063483
2013-03-22 00:00:00+00:00,54.836295226752426,55.272987365722656,55.272987365722656,6873100,54.773907613510744
2013-03-25 00:00:00+00:00,55.33538301040106,55.41163161074637,55.231407165527344,9616600,55.08584309807661
2013-03-26 00:00:00+00:00,55.40470478740945,56.06320973255318,56.042415618896484,12682900,55.34925029203708
2013-03-27 00:00:00+00:00,55.84137623255026,56.38897727134045,56.33352279663086,10703400,55.640357728050326
2013-03-28 00:00:00+00:00,56.4028368916226,56.5553287464702,56.51374053955078,11332100,56.111703577899156
2013-04-01 00:00:00+00:00,56.41671342360145,56.81181736358905,56.79102325439453,7376800,56.34046483093449
2013-04-02 00:00:00+00:00,56.839554824980645,57.317840576171875,57.317840576171875,10342200,56.77023935239259
2013-04-03 00:00:00+00:00,57.352488579040894,57.49805264001244,56.88806915283203,12254000,56.54148654430048
2013-04-04 00:00:00+00:00,56.97819464800861,57.338643623119054,57.12376403808594,10303000,56.79104231401725
2013-04-05 00:00:00+00:00,56.69397252395709,56.91578513800482,56.86726379394531,8581400,56.57613572958827
2013-04-08 00:00:00+00:00,56.33354087309015,56.41672261184612,56.22263717651367,15828500,55.66810282833685
2013-04-09 00:00:00+00:00,56.32661295504497,56.66626246643773,56.506832122802734,9111000,56.31274668772116
2013-04-10 00:00:00+00:00,56.72171101828219,56.978178764166074,56.85340881347656,7583200,56.65932339872197
2013-04-11 00:00:00+00:00,56.93658945720836,57.50498471318795,57.06135940551758,9882700,56.89500123724889
2013-04-12 00:00:00+00:00,57.01283240633821,57.352481842041016,57.352481842041016,6987000,56.95737792626379
2013-04-15 00:00:00+00:00,57.338613652084334,57.595081335407606,56.63851547241211,12385800,56.63851547241211
2013-04-16 00:00:00+00:00,57.068297467930826,57.90702680295877,57.837711334228516,12620000,56.88807301848716
2013-04-17 00:00:00+00:00,57.78226432355379,58.523951040681496,58.15657424926758,13693300,57.733742960318594
2013-04-18 00:00:00+00:00,58.19816941503419,58.43384841343361,57.657501220703125,9921500,57.55352534753963
2013-04-19 00:00:00+00:00,57.88623367541591,58.62098717562577,58.56553268432617,10787600,57.858506429766116
2013-04-22 00:00:00+00:00,58.63483742324725,58.87051632392234,58.80120086669922,6989900,58.364503438175795
2013-04-23 00:00:00+00:00,58.912101712585475,59.39038733479733,59.23095703125,8982100,58.2258697286864
2013-04-24 00:00:00+00:00,59.39038802056204,59.43197623569367,58.4962043762207,9480600,58.41995578952592
2013-04-25 00:00:00+00:00,58.60019584039416,59.224045675998674,59.07154846191406,8689400,58.46155960557559
2013-04-26 00:00:00+00:00,59.127001562080174,59.25869937151387,59.00223159790039,6784700,58.78734676110485
2013-04-29 00:00:00+00:00,58.93290314491205,59.53595877446444,59.32107925415039,8038000,58.856659838051264
2013-04-30 00:00:00+00:00,59.18936817540238,59.40424766668044,59.07846450805664,12099600,58.84278562124805
2013-05-01 00:00:00+00:00,58.572444282007694,59.009136341459076,58.385292053222656,12312100,58.14268006509802
2013-05-02 00:00:00+00:00,58.5308996727131,59.06463480962193,59.02997970581055,8668900,58.343742016084875
2013-05-03 00:00:00+00:00,59.321074632057545,59.60526959273935,59.43891143798828,9213800,59.23095977822666
2013-05-06 00:00:00+00:00,59.459723573057815,59.459723573057815,58.697242736816406,8815600,58.60713314409682
2013-05-07 00:00:00+00:00,58.82895534276338,59.31416905639047,59.286441802978516,9061800,58.66259182229165
2013-05-08 00:00:00+00:00,59.25175841518142,59.334934847275214,59.237892150878906,8044600,58.870515473317134
2013-05-09 00:00:00+00:00,59.230945129718116,59.39730853175594,59.02299880981445,8342000,58.89129577197511
2013-05-10 00:00:00+00:00,59.12006187482421,59.44585037231446,59.44585037231445,7594800,59.04381327803156
2013-05-13 00:00:00+00:00,59.307221175161686,59.660736957727146,59.50823974609375,6631500,59.224044724039125
2013-05-14 00:00:00+00:00,59.44585470794987,60.36083264776394,60.284584045410156,10360700,59.44585470794987
2013-05-15 00:00:00+00:00,60.263771865055766,60.9153434237705,60.748985290527344,13444400,60.263771865055766
2013-05-16 00:00:00+00:00,60.53414072932618,60.83912993477722,60.61731719970703,9441900,60.34698309410377
2013-05-17 00:00:00+00:00,60.631154094699944,61.137161672466135,61.0609130859375,11437700,60.58956587965894
2013-05-20 00:00:00+00:00,61.06785260496493,61.13716806675966,61.005470275878906,7235800,60.86683406385871
2013-05-21 00:00:00+00:00,60.95694050763404,61.442153961635874,61.407493591308594,10099600,60.85296468508221
2013-05-22 00:00:00+00:00,61.48376772754318,62.377951711617975,61.31740951538086,13825900,61.137185033952896
2013-05-23 00:00:00+00:00,60.83549797939816,61.43610141214692,60.90533447265625,14446900,60.7586762383594
2013-05-24 00:00:00+00:00,60.61902280419137,60.779646257674926,60.63298797607422,10390100,60.402522678622546
2013-05-28 00:00:00+00:00,61.135802487783714,61.6595842034143,61.184688568115234,8380200,60.94723808637414
2013-05-29 00:00:00+00:00,60.81453789482397,60.870409211820146,59.815860748291016,11872100,59.45968776266795
2013-05-30 00:00:00+00:00,59.857792714127626,60.276817153240465,60.05333709716797,7801200,59.83684229139971
2013-05-31 00:00:00+00:00,59.83685149005405,60.053346329103825,58.78928756713867,13302700,58.78928756713867
2013-06-03 00:00:00+00:00,58.859110581954475,59.1594123840332,59.1594123840332,11768500,58.22359138529473
2013-06-04 00:00:00+00:00,59.1663971555643,59.38289194315563,58.733402252197266,9972000,58.3562786902036
2013-06-05 00:00:00+00:00,58.600722791334064,59.36194994486286,58.440093994140625,9839100,58.300420949073825
2013-06-06 00:00:00+00:00,58.3772324359553,58.98482131958008,58.98482131958008,10671000,57.72076278607536
2013-06-07 00:00:00+00:00,59.33403365057086,59.48767724724024,59.29911804199219,8907700,58.94294473409379
2013-06-10 00:00:00+00:00,59.368937476306925,59.85779848100609,59.45972442626953,8477100,59.17339307442726
2013-06-11 00:00:00+00:00,59.19434050473522,59.375914395475235,59.14545440673828,8967000,58.75436029457772
2013-06-12 00:00:00+00:00,59.487638198438695,59.71111819375583,58.48197555541992,8413200,58.454039889982354
2013-06-13 00:00:00+00:00,58.38424171496637,59.33403365057086,59.29911804199219,8570000,58.02108848226436
2013-06-14 00:00:00+00:00,59.1594396231169,59.69719221145974,59.29911804199219,6357100,59.12452401453823
2013-06-17 00:00:00+00:00,59.62035176371892,60.33967807931213,59.80192565917969,8429100,59.34798559234257
2013-06-18 00:00:00+00:00,59.8857122272973,60.36759313274555,60.31172180175781,7233600,59.801905230815706
2013-06-19 00:00:00+00:00,60.36062917830425,60.409515278118675,59.26417922973633,8288400,59.22227838080548
2013-06-20 00:00:00+00:00,58.81024053563306,58.977849278653785,57.699825286865234,15172600,57.35063729746365
2013-06-21 00:00:00+00:00,57.965192995261894,58.88704886350494,58.10486602783203,20715800,57.61600508565188
2013-06-24 00:00:00+00:00,57.90931991702991,59.578437648734,59.089576721191406,14777500,57.83249815296114
2013-06-25 00:00:00+00:00,59.473692668233305,59.773989182433475,59.606380462646484,11239400,59.040697703249684
2013-06-26 00:00:00+00:00,60.02538997918334,60.98216661741475,60.75170135498047,11966500,60.01841005839477
2013-06-27 00:00:00+00:00,61.12884327176984,61.331372927444114,60.556175231933594,8890300,60.402531677409286
2013-06-28 00:00:00+00:00,60.56315477629846,61.02408006825417,59.96255111694336,11896300,59.95556586652717
2013-07-01 00:00:00+00:00,59.86476697408637,61.2056470643543,60.50028610229492,9905200,59.7111234647087
2013-07-02 00:00:00+00:00,60.51428734930431,60.89839098973822,60.45841598510742,8572100,60.207000174407945
2013-07-03 00:00:00+00:00,60.437448046847436,60.78663597963843,60.60505676269531,3599900,60.13016096097216
2013-07-05 00:00:00+00:00,61.16374999341487,61.37325952331865,61.36627960205078,5403600,60.70281943689504
2013-07-08 00:00:00+00:00,61.51990703168869,62.148446167824765,61.86909484863281,12051400,61.43610536565937
2013-07-09 00:00:00+00:00,61.91101656228708,62.21131837342416,62.07164001464844,9348600,61.70848693820072
2013-07-10 00:00:00+00:00,62.0716281536723,62.49065782174448,62.32304382324219,7067100,62.02274206948836
2013-07-11 00:00:00+00:00,62.72112040860344,62.80492741141317,62.623348236083984,8941300,62.155437792143196
2013-07-15 00:00:00+00:00,62.79096464990323,63.41949854643887,63.1331672668457,13343200,62.68620722441929
2013-07-16 00:00:00+00:00,63.58012730927211,64.01312218145318,63.1331672668457,11409200,62.94460283533781
2013-07-17 00:00:00+00:00,63.25887907715775,63.531245203578806,62.94460678100586,12832200,62.770012836982914
2013-07-18 00:00:00+00:00,63.08429977551064,63.51728944714998,62.972557067871094,8329300,62.895735288415295
2013-07-19 00:00:00+00:00,63.02143728298447,64.4391394525604,64.41120910644531,12506300,62.88874949029009
2013-07-22 00:00:00+00:00,64.30642534148433,64.64164263952321,64.44609832763672,9916200,63.978187963025036
2013-07-23 00:00:00+00:00,64.52294148467993,64.85117897208653,64.54389190673828,8467700,64.3273971078891
2013-07-24 00:00:00+00:00,64.70450559280174,64.71149084125295,64.5019760131836,6846300,64.07596643677705
2013-07-25 00:00:00+00:00,64.25057710843721,64.77435898703861,64.64865112304688,7368000,64.07598314890342
2013-07-26 00:00:00+00:00,64.4740423665038,64.90005195625041,64.83021545410156,8663700,64.00613194110458
2013-07-29 00:00:00+00:00,64.69053714143219,65.22130414865642,65.09559631347656,7925000,64.67657197227157
2013-07-30 00:00:00+00:00,65.27718760309162,65.62637550696763,65.06767272949219,8863000,64.96291529269247
2013-07-31 00:00:00+00:00,65.1095899531878,65.9406536823166,65.29814910888672,11365700,65.08165427675361
2013-08-01 00:00:00+00:00,65.7590734523192,65.92668216661635,65.48670196533203,11098600,65.437815868321
2013-08-02 00:00:00+00:00,65.34003978582557,65.91969299316406,65.91969299316406,8503100,65.26321801963927
2013-08-05 00:00:00+00:00,65.68223093355438,65.85682484318299,65.50763702392578,7192400,65.24923611952947
2013-08-06 00:00:00+00:00,65.56349636713128,65.6054025243509,65.51461029052734,6415000,65.29811556959315
2013-08-07 00:00:00+00:00,65.36797541960232,65.66827723410421,65.40988159179688,9056900,65.27718848151929
2013-08-08 00:00:00+00:00,65.8358911415961,65.90573299137868,65.1864013671875,11090000,64.74642648575654
2013-08-09 00:00:00+00:00,65.22130208634051,65.22130208634051,64.5019760131836,12135800,64.0969168539473
2013-08-12 00:00:00+00:00,64.30645118216964,64.7883269077587,64.25057983398438,11012300,64.0759858670442
2013-08-13 00:00:00+00:00,64.1737724400883,65.19340079607935,64.9559555053711,10099800,64.08298547508566
2013-08-14 00:00:00+00:00,64.80230176116405,64.91403913685407,63.34269332885742,12716800,63.2100055282371
2013-08-15 00:00:00+00:00,63.07730546138689,63.14016205744939,62.53955841064453,12010700,62.21830083643141
2013-08-16 00:00:00+00:00,62.246253866324466,62.71416985757928,62.41386795043945,14100700,61.994838068338275
2013-08-19 00:00:00+00:00,62.48369304687542,63.72680130474882,63.16809844970703,8687000,62.399886020163564
2013-08-20 00:00:00+00:00,63.23793593350372,64.00614830997002,62.66526794433594,8559200,62.66526794433594
2013-08-21 00:00:00+00:00,62.483695815408325,62.59543319445637,62.015785217285156,7940700,61.93197818685997
2013-08-22 00:00:00+00:00,61.987836883343284,62.176396003066635,61.638648986816406,7191900,61.540876802043634
2013-08-23 00:00:00+00:00,61.87085449459808,62.229711174378984,62.20860290527344,7714900,61.36423456274947
2013-08-26 00:00:00+00:00,62.17338326103574,62.25782165741515,61.58936309814453,6724500,61.49085431986479
2013-08-27 00:00:00+00:00,61.19534307495763,61.272743615309885,60.63243103027344,9941200,60.48466782641744
2013-08-28 00:00:00+00:00,60.76612892741095,61.15313166151675,60.885746002197266,8829200,60.42838059870702
2013-08-29 00:00:00+00:00,60.8013382972147,61.314990829381955,60.913917541503906,5768800,60.505806373254714
2013-08-30 00:00:00+00:00,61.061653900252104,61.061653900252104,60.80131149291992,7471300,60.40727089079624
2013-09-03 00:00:00+00:00,61.139071589565326,61.42756558686964,60.8083610534668,7590500,60.533942814646515
2013-09-04 00:00:00+00:00,60.83650446718752,61.39237879908064,61.1461067199707,8458800,60.68874121972155
2013-09-05 00:00:00+00:00,61.216463688018074,61.336080776940726,61.24460983276367,5647900,60.949083365427185
2013-09-06 00:00:00+00:00,61.37125323764721,61.863797257079696,61.329036712646484,10034900,60.512814773784434
2013-09-09 00:00:00+00:00,61.490875629552335,61.638638848179355,61.61049270629883,6819700,61.223495334178814
2013-09-10 00:00:00+00:00,62.01861537531635,62.32821762590338,62.293033599853516,8658700,61.81455983455023
2013-09-11 00:00:00+00:00,62.363419388578116,62.81374717354869,62.785606384277344,8098100,62.018638352532356
2013-09-12 00:00:00+00:00,62.834846279602374,63.02482608904598,62.63079071044922,7938500,62.5393143773254
2013-09-13 00:00:00+00:00,62.71522526822156,62.7996637234736,62.321189880371094,7738600,62.06084200292445
2013-09-16 00:00:00+00:00,62.926292457482035,63.02480126332822,62.64483642578125,7563700,62.5041110940945
2013-09-17 00:00:00+00:00,62.658925894246565,62.778542989193895,62.665958404541016,6291100,62.32821538723933
2013-09-18 00:00:00+00:00,62.56043089884743,63.264068603515625,63.264068603515625,10115500,62.13121146953346
2013-09-19 00:00:00+00:00,63.36256611561617,63.46810745776879,63.37663650512695,6721000,63.1796188420038
2013-09-20 00:00:00+00:00,63.46811548248217,63.834010075969495,63.10222625732422,14708600,63.10222625732422
2013-09-23 00:00:00+00:00,62.926308506084396,63.151472315204906,62.687068939208984,7376200,62.49005127726962
2013-09-24 00:00:00+00:00,62.63779681622382,62.764451758569706,62.07489013671875,7797500,62.02563573515797
2013-09-25 00:00:00+00:00,62.215634087354026,62.25081811399776,61.272762298583984,7493200,61.26572441958948
2013-09-26 00:00:00+00:00,61.41349507826354,61.70902161174375,61.26573181152344,6400600,61.01945970028992
2013-09-27 00:00:00+00:00,61.08276854746607,61.17424485653423,61.02648162841797,5461100,60.8224261129256
2013-09-30 00:00:00+00:00,60.74500786741983,61.181259546703,60.99831771850586,7962300,60.61835294187681
2013-10-01 00:00:00+00:00,60.92796811505873,61.56124293422233,61.54717254638672,6318700,60.69577182163879
2013-10-02 00:00:00+00:00,61.30794000831298,61.42052459716797,61.42052459716797,6383400,60.822433731779704
2013-10-03 00:00:00+00:00,61.35017125908135,61.49793452821655,60.92095184326172,7724600,60.70985839116602
2013-10-04 00:00:00+00:00,61.08980850862472,61.51198994168582,61.43458938598633,6050000,60.90686125257791
2013-10-07 00:00:00+00:00,61.00535616549361,61.20237913310729,60.927955627441406,5705200,60.71686764320289
2013-10-08 00:00:00+00:00,60.94908637674326,61.03351944682345,60.23841094970703,8669800,60.210264803570816
2013-10-09 00:00:00+00:00,60.463579535985076,60.67467296454991,60.48468780517578,8014200,60.16101515148422
2013-10-10 00:00:00+00:00,61.01945800203815,61.76531219482422,61.76531219482422,8647900,61.00538224274261
2013-10-11 00:00:00+00:00,62.35634986114683,62.96147846956306,62.940364837646484,8449800,61.934163116054606
2013-10-14 00:00:00+00:00,62.50408990415243,63.249943572224325,63.18661880493164,9198600,62.36335925184845
2013-10-15 00:00:00+00:00,63.55957802795035,64.35468648742231,63.27812194824219,11024000,63.27812194824219
2013-10-16 00:00:00+00:00,63.62291724179319,64.15064549768397,64.10842895507812,8116000,63.43997531161491
2013-10-17 00:00:00+00:00,63.939554054709944,64.73466265251737,64.71355438232422,8569600,63.86918599629389
2013-10-18 00:00:00+00:00,64.55874263444508,64.76983603834678,64.47430419921875,9082600,64.12952331661903
2013-10-21 00:00:00+00:00,64.47430200977452,64.47430200977452,64.17173767089844,6940500,63.86917333202234
2013-10-22 00:00:00+00:00,64.40394039406915,65.12868617001692,64.98796081542969,9635500,64.38283212771388
2013-10-23 00:00:00+00:00,64.78390729695678,65.03721723771021,64.80501556396484,6449600,64.39690450738118
2013-10-24 00:00:00+00:00,65.19202757967817,65.43126179739768,64.9809341430664,5251000,64.8331708847698
2013-10-25 00:00:00+00:00,64.76279497944205,64.92462859526775,64.7979736328125,6076000,64.57984772960049
2013-10-28 00:00:00+00:00,64.7065069956826,65.2975653158943,65.00907135009766,6551000,64.67836085011744
2013-10-29 00:00:00+00:00,65.29756999725605,65.56495034680178,65.53680419921875,6096700,65.1427688697137
2013-10-30 00:00:00+00:00,65.62827802225151,65.75493300774886,65.29053497314453,6295400,65.19202613646091
2013-10-31 00:00:00+00:00,65.33273561921563,65.68455434130976,65.16386413574219,7773900,64.95980863272827
2013-11-01 00:00:00+00:00,65.002041436059,65.84640980148582,65.69864654541016,6835900,65.002041436059
2013-11-04 00:00:00+00:00,65.7619683694526,65.79011451718881,65.45940399169922,6862500,65.03722251231349
2013-11-05 00:00:00+00:00,65.11461618057683,65.40310476974548,65.30459594726562,5350600,64.93166892383073
2013-11-06 00:00:00+00:00,65.45940041482535,65.5790175099215,65.46643829345703,5301300,65.2412744921996
2013-11-07 00:00:00+00:00,65.5719648460529,65.68454402791612,65.22014617919922,6116900,65.22014617919922
2013-11-08 00:00:00+00:00,65.17792441020413,66.21227215161421,66.17709350585938,7229500,65.12867001148588
2013-11-11 00:00:00+00:00,66.12081400722163,66.59224982438165,66.34597778320312,4723100,66.09970574202458
2013-11-12 00:00:00+00:00,66.1278529896709,66.20524817391022,65.83232116699219,7639600,65.43828589452451
2013-11-13 00:00:00+00:00,65.69158124596015,65.75490602856223,65.67750549316406,8954300,64.95979778203993
2013-11-14 00:00:00+00:00,65.71972042696682,66.24041049044622,66.08560943603516,7045700,65.71972042696682
2013-11-15 00:00:00+00:00,65.88157011389525,66.423373936946,66.41633605957031,7063000,65.82528319987223
2013-11-18 00:00:00+00:00,66.39523624732843,66.56410774754845,66.35301971435547,8492000,66.14896419110585
2013-11-19 00:00:00+00:00,66.33189854669116,66.78926395249513,66.7470474243164,6624200,66.14191880155934
2013-11-20 00:00:00+00:00,66.80334760542098,67.17627463063009,66.95111083984375,7076500,66.60632995952398
2013-11-21 00:00:00+00:00,67.16922958673251,67.37328508916534,66.98628234863281,6896200,66.88074102696726
2013-11-22 00:00:00+00:00,66.88002651912255,67.72320265381589,67.4893798828125,6462100,66.88002651912255
2013-11-25 00:00:00+00:00,67.65940181313547,68.01367662372695,67.75859832763672,6374600,67.36889927946885
2013-11-26 00:00:00+00:00,67.7231775478081,67.92865759713892,67.35472869873047,7267600,67.29096182435445
2013-11-27 00:00:00+00:00,67.5531075175835,67.57436854370482,67.29803466796875,4603800,67.03586940384315
2013-11-29 00:00:00+00:00,67.47519270719702,67.66649875444054,67.07131958007812,4106800,66.90835076473296
2013-12-02 00:00:00+00:00,66.8941931862577,67.07133064677954,66.80207824707031,5827400,66.58242952588124
2013-12-03 00:00:00+00:00,66.74539905922477,67.00047745814108,66.58243560791016,9061100,66.25650329947415
2013-12-04 00:00:00+00:00,66.43362951939572,66.78081740127806,66.34151458740234,6218500,65.98723969402687
2013-12-05 00:00:00+00:00,66.19273140611186,66.34152623876525,65.87388610839844,8666200,65.65423736578727
2013-12-06 00:00:00+00:00,66.32025122849994,66.94377842787877,66.91543579101562,7280400,66.19271206551838
2013-12-09 00:00:00+00:00,66.81623926489722,66.94377842787877,66.91543579101562,6974500,66.3911051177552
2013-12-10 00:00:00+00:00,67.01465218086847,67.16344701415018,66.70288848876953,7576600,66.57534928798424
2013-12-11 00:00:00+00:00,66.88709033647278,66.92251457670551,65.97306060791016,9424300,65.91637533657178
2013-12-12 00:00:00+00:00,65.78172750007805,65.79590151614622,64.59136962890625,12285700,64.52759736820592
2013-12-13 00:00:00+00:00,64.80396172064,65.08738271157303,64.72602081298828,7909000,64.53471475244682
2013-12-16 00:00:00+00:00,64.77563574116549,65.41333178332783,64.7402114868164,6623000,64.59141664461305
2013-12-17 00:00:00+00:00,64.69059298005254,64.71184860717769,64.23712158203125,8794000,64.1237510296232
2013-12-18 00:00:00+00:00,64.44259441779187,65.6542191875668,65.64004516601562,9691100,63.60650553784845
2013-12-19 00:00:00+00:00,65.47002165099714,65.47002165099714,65.17243194580078,7341000,64.7756402663981
2013-12-20 00:00:00+00:00,65.15116202666158,65.71800411667532,65.25035858154297,11265000,65.15116202666158
2013-12-23 00:00:00+00:00,65.5833781839843,65.6684061195914,65.20784759521484,5312200,65.0165414973574
2013-12-24 00:00:00+00:00,65.31410046644582,65.46289522947141,65.22907257080078,3147300,65.08027780777518
2013-12-26 00:00:00+00:00,65.17949405923972,65.56919860839844,65.56919860839844,3459100,65.02361223957622
2013-12-27 00:00:00+00:00,65.73212926274788,65.86675538639436,65.43453979492188,3511300,65.31408768734514
2013-12-30 00:00:00+00:00,65.2999352610421,65.39913177490234,65.39913177490234,4370100,64.99525870967005
2013-12-31 00:00:00+00:00,65.30700185065928,65.3424314856659,64.89604187011719,6348200,64.58428378643295
2014-01-02 00:00:00+00:00,64.57723138044327,64.99527859314799,64.4992904663086,5919600,64.48512184819603
2014-01-03 00:00:00+00:00,64.68353595983629,65.34248773526852,65.080322265625,5637600,64.66228032285589
2014-01-06 00:00:00+00:00,65.13699672619545,65.71800746545289,65.42041778564453,7443500,65.09448545931056
2014-01-07 00:00:00+00:00,65.92346358625703,67.04297339011356,66.80915069580078,11063300,65.88803393955324
2014-01-08 00:00:00+00:00,66.72410735989527,67.02878387136619,66.71702575683594,9096700,66.5186273492936
2014-01-09 00:00:00+00:00,67.2697130684681,67.58147127359254,67.12091827392578,7944700,66.66744147357076
2014-01-10 00:00:00+00:00,67.05715208319435,67.29806182421474,67.12800598144531,6697400,66.70287718613359
2014-01-13 00:00:00+00:00,66.86584488115774,67.30514228633277,66.95795440673828,9589200,66.64619077276438
2014-01-14 00:00:00+00:00,67.0288102733624,67.24137737655538,67.11383819580078,7567300,66.83041719347881
2014-01-15 00:00:00+00:00,67.06422580915456,67.50352313476809,67.1705093383789,7390700,66.96502929009313
2014-01-16 00:00:00+00:00,67.02876339707491,67.37595104406694,67.0571060180664,8401100,66.76660361305738
2014-01-17 00:00:00+00:00,67.1138244100146,67.4326695935044,67.35472869873047,13714400,66.87291471549385
2014-01-21 00:00:00+00:00,67.26261948160986,67.38307162649113,66.62492370605469,16368400,65.62587149585569
2014-01-22 00:00:00+00:00,66.5966063032194,66.99339793934935,66.83042907714844,8875500,66.27776099753942
2014-01-23 00:00:00+00:00,66.41944135957478,66.4619580136785,65.71089172363281,9322300,65.47707445218354
2014-01-24 00:00:00+00:00,65.27161777959732,65.61880571189437,64.20170593261719,10604200,64.20170593261719
2014-01-27 00:00:00+00:00,63.98204137286219,64.30797359279067,63.72696304321289,8685200,63.66319075789791
2014-01-28 00:00:00+00:00,64.18045363327975,64.19462225325327,63.84034729003906,8254400,63.620698542704474
2014-01-29 00:00:00+00:00,63.393947300916096,63.56399772810462,62.990074157714844,11160100,62.72790880286976
2014-01-30 00:00:00+00:00,63.5002233715778,63.61358850775937,63.41519546508789,6874900,63.0680076404128
2014-01-31 00:00:00+00:00,63.068030972643506,63.30184834183357,62.6854133605957,12193800,62.458677598545925
2014-02-03 00:00:00+00:00,62.88381281678516,62.90506845196304,61.48796844482422,13944600,61.36751624161122
2014-02-04 00:00:00+00:00,61.5942214159954,61.84221271283877,61.37457275390625,11436400,60.99903689776647
2014-02-05 00:00:00+00:00,61.28246914449882,62.11855810366765,61.84222412109375,10667300,61.27538753885752
2014-02-06 00:00:00+00:00,62.09021141218468,62.89087607348469,62.8837890625,10037900,62.033531541723605
2014-02-07 00:00:00+00:00,63.00422829857357,63.79780578613281,63.79780578613281,9435100,62.78457965534562
2014-02-10 00:00:00+00:00,63.93952844295297,64.53471304878047,64.52762603759766,8080200,63.62777022638202
2014-02-11 00:00:00+00:00,64.54180881564214,65.87388610839844,65.87388610839844,11556300,64.44261226053989
2014-02-12 00:00:00+00:00,65.85970719587876,65.8880498389201,65.48417663574219,7696100,65.15115733726444
2014-02-13 00:00:00+00:00,65.18659541062563,65.62589832578779,65.58338165283203,5926000,64.98111527639527
2014-02-14 00:00:00+00:00,65.61168136725965,65.85967260636835,65.72505187988281,5485100,65.2078083761959
2014-02-18 00:00:00+00:00,65.73212778039333,65.78881303178753,65.30699920654297,6926500,65.25031395514875
2014-02-19 00:00:00+00:00,65.29284986412931,65.71797856343262,64.93148803710938,7693400,64.88188977895406
2014-02-20 00:00:00+00:00,64.96693014031828,65.70382254980545,65.45582580566406,8160100,64.69767776800609
2014-02-21 00:00:00+00:00,65.55573836486427,65.83406078790341,65.31309509277344,7381500,65.26313992568193
2014-02-24 00:00:00+00:00,65.26311502974877,65.69844079607027,65.02047729492188,8406700,65.01333928957321
2014-02-25 00:00:00+00:00,65.36302532581901,65.56285136266226,65.02047729492188,6383400,64.69933783536796
2014-02-26 00:00:00+00:00,65.02047729492188,65.32734618848123,65.02047729492188,6334100,64.77783411539218
2014-02-27 00:00:00+00:00,65.05619369505054,65.24173836724101,65.19892120361328,7040300,64.76359522437986
2014-02-28 00:00:00+00:00,65.24172255375446,66.1123743011901,65.74127960205078,9643700,64.98480874484873
2014-03-03 00:00:00+00:00,65.0347904513744,65.64139607510556,65.34165954589844,7506700,64.82069915303371
2014-03-04 00:00:00+00:00,65.99104518359971,66.69755532631889,66.6119155883789,8796300,65.83404171972805
2014-03-05 00:00:00+00:00,66.56198708583398,66.58340111242018,66.07670593261719,6842500,65.92684041474655
2014-03-06 00:00:00+00:00,66.50488340003831,66.83316094779579,66.29078674316406,7718300,66.24083158252061
2014-03-07 00:00:00+00:00,66.6333408413342,66.7118425865061,66.59765625,6792000,66.14805980059172
2014-03-10 00:00:00+00:00,66.49060903995492,66.71897627210706,66.6904296875,4878200,66.21942465324435
2014-03-11 00:00:00+00:00,66.87597473361575,66.90452131607508,66.7189712524414,5837200,66.43351087255205
2014-03-12 00:00:00+00:00,66.2408480681941,66.81176899881046,66.79749298095703,6154900,66.1195291399674
2014-03-13 00:00:00+00:00,66.97590089007468,67.22567673978742,66.36930084228516,7659400,66.35503027003236
2014-03-14 00:00:00+00:00,66.28366641664437,66.68331325309859,66.23371124267578,7337800,65.9839353728329
2014-03-17 00:00:00+00:00,66.55483126588352,67.21138628943622,67.03297424316406,5872600,66.49773810434758
2014-03-18 00:00:00+00:00,67.01159165279186,67.25422951634815,67.0401382446289,5891900,66.71186060556151
2014-03-19 00:00:00+00:00,67.00443326018112,67.33984880634713,66.79033660888672,5937600,66.31219359166045
2014-03-20 00:00:00+00:00,66.74040093276223,67.21854953427624,67.16859436035156,5727400,66.34075954136483
2014-03-21 00:00:00+00:00,67.6324316595363,68.46026611328125,68.46026611328125,23988800,66.99728525213341
2014-03-24 00:00:00+00:00,68.01067734405727,68.10344965229132,67.9393081665039,13944100,67.46830317393378
2014-03-25 00:00:00+00:00,68.29616450958515,69.7234616190411,69.4950942993164,14167300,68.29616450958515
2014-03-26 00:00:00+00:00,69.58784481384977,70.272946504427,69.25956726074219,11215100,69.25956726074219
2014-03-27 00:00:00+00:00,69.28097095823938,69.72342937292781,69.42369842529297,8694600,68.69577963179351
2014-03-28 00:00:00+00:00,69.58784273320614,70.09453233989876,69.53788757324219,8816000,69.19533401584364
2014-03-31 00:00:00+00:00,69.93755065454114,70.36573865124004,70.10169219970703,7545700,69.65922818445156
2014-04-01 00:00:00+00:00,70.15875307650566,70.42280487164079,69.89470672607422,7068500,69.48792746825742
2014-04-02 00:00:00+00:00,69.94468866381942,70.2158731246307,70.10169219970703,7995600,69.48795407471317
2014-04-03 00:00:00+00:00,69.91615678457431,70.18020329167328,70.12311553955078,5471200,69.6021496467194
2014-04-04 00:00:00+00:00,70.37999947174201,70.92236827624393,70.23726654052734,10309700,70.16590279727231
2014-04-07 00:00:00+00:00,70.21586349574174,70.90810329375071,69.85903930664062,11409200,69.8162221462541
2014-04-08 00:00:00+00:00,69.95896098420755,70.45851819674927,69.9803695678711,9601800,69.58072815360245
2014-04-09 00:00:00+00:00,70.2372610644175,70.6511783656117,70.61549377441406,8921300,69.78052660954947
2014-04-10 00:00:00+00:00,70.55127863258626,70.60123380093796,68.89561462402344,9667800,68.88133860752009
2014-04-11 00:00:00+00:00,68.65297023398561,69.36661859585534,69.13111877441406,8710700,68.54592733546909
2014-04-14 00:00:00+00:00,69.42370182467671,69.4807949921753,69.32379150390625,8617200,68.68864498842082
2014-04-15 00:00:00+00:00,70.25867095577375,70.80104517284126,70.79390716552734,13999100,69.97321599966858
2014-04-16 00:00:00+00:00,71.0579543952335,71.15786471235201,70.47276306152344,11308000,69.98748204493188
2014-04-17 00:00:00+00:00,70.42996746014232,71.11506932059994,70.62265014648438,9153500,70.42996746014232
2014-04-21 00:00:00+00:00,70.65834238602896,71.45762525395607,71.36485290527344,7031400,70.41569905490381
2014-04-22 00:00:00+00:00,71.36482160673769,71.90005776878823,71.49327850341797,7937900,71.17927154604311
2014-04-23 00:00:00+00:00,71.53612115967724,71.76448845245307,71.5218505859375,5876000,71.3077538669014
2014-04-24 00:00:00+00:00,71.53612442063692,71.62890221064451,71.3363037109375,6149900,71.04371065593648
2014-04-25 00:00:00+00:00,71.34342273446354,71.55038139863494,71.2149658203125,5895900,70.93664341376932
2014-04-28 00:00:00+00:00,71.76446880299085,72.4352999239018,72.32111358642578,8792900,71.4504672643403
2014-04-29 00:00:00+00:00,72.52807958207251,72.77786085941224,72.09989166259766,7811200,72.04993649607066
2014-04-30 00:00:00+00:00,71.96429352876777,72.55662293742117,72.28543853759766,8513600,71.86438320016413
2014-05-01 00:00:00+00:00,71.91432365777587,72.0998737063962,71.74304962158203,6590500,71.31486180874573
2014-05-02 00:00:00+00:00,71.48614393678784,71.63600941600934,70.87240600585938,8744200,70.56553704039514
2014-05-05 00:00:00+00:00,70.85816310301074,71.48617184848291,71.36485290527344,5438200,70.67975097074755
2014-05-06 00:00:00+00:00,71.37910106347182,71.37910106347182,71.01514434814453,5795900,71.01514434814453
2014-05-07 00:00:00+00:00,71.2577732683408,72.11415439423908,72.01424407958984,8720800,70.90094916039247
2014-05-08 00:00:00+00:00,71.84297570806872,72.14270669841137,71.7216567993164,5667900,71.62174646920218
2014-05-09 00:00:00+00:00,71.9785594909135,72.25688185953689,72.01424407958984,5691700,71.65741997164152
2014-05-12 00:00:00+00:00,72.24975909145681,72.24975909145681,71.73593139648438,7437300,71.66456764878374
2014-05-13 00:00:00+00:00,72.0071390969291,72.42818912395285,72.0927734375,6183200,71.81445094123195
2014-05-14 00:00:00+00:00,72.042797873369,72.14984621350051,71.98571014404297,4187200,71.91434095415212
2014-05-15 00:00:00+00:00,71.82156180737013,71.96428928418428,71.85724639892578,7007600,71.65742575350428
2014-05-16 00:00:00+00:00,71.77161717968869,71.99998444293054,71.77875518798828,6516900,71.46474815926635
2014-05-19 00:00:00+00:00,71.52184793969599,72.02853768164829,71.82157897949219,6997200,71.45761674847935
2014-05-20 00:00:00+00:00,71.94287704933258,72.06420138763076,71.5432357788086,5438400,71.33627713665754
2014-05-21 00:00:00+00:00,71.79305770084675,72.22124582933937,72.17842864990234,5302500,71.74310250993439
2014-05-22 00:00:00+00:00,72.27899625342747,72.5880039078415,72.55207061767578,5124900,71.91968528237163
2014-05-23 00:00:00+00:00,72.60959812766126,72.69583477774623,72.56648254394531,5275700,72.34370590188908
2014-05-27 00:00:00+00:00,72.65269122233953,72.8395344983613,72.44429016113281,4524400,72.05623357984976
2014-05-28 00:00:00+00:00,72.34369891225414,72.53054222805945,72.07781219482422,4352700,71.94845997352094
2014-05-29 00:00:00+00:00,72.26462040615611,72.43709361896408,72.4083480834961,3685200,71.96998826224714
2014-05-30 00:00:00+00:00,72.36522277670178,72.9688680206748,72.911376953125,5973900,72.25743387835837
2014-06-02 00:00:00+00:00,72.9688856700892,73.4862944378862,73.42161560058594,5845400,72.58801685008619
2014-06-03 00:00:00+00:00,73.23478127386538,73.73062679758179,73.63002014160156,6681300,73.18447246322371
2014-06-04 00:00:00+00:00,73.46472351557004,73.80965897731696,73.78810119628906,5608600,73.25632249454989
2014-06-05 00:00:00+00:00,73.85997488640264,74.27677699950401,74.1761703491211,4730900,73.6012705046605
2014-06-06 00:00:00+00:00,74.19772611434966,74.25521719376121,74.14742279052734,4624000,73.90308844435381
2014-06-09 00:00:00+00:00,74.06837594295332,74.18335810490595,74.1761703491211,3748800,73.78811377650788
2014-06-10 00:00:00+00:00,74.35581809422469,74.82292348370012,74.80854797363281,5792100,73.85277941223165
2014-06-11 00:00:00+00:00,74.60014722771952,74.84448155595379,74.2480239868164,5960500,74.11148405390165
2014-06-12 00:00:00+00:00,74.14744154224447,74.16899933181294,73.68033599853516,5930700,73.66596596637366
2014-06-13 00:00:00+00:00,73.66596596637366,73.76657263946151,73.68033599853516,4301600,73.42163155840854
2014-06-16 00:00:00+00:00,73.6731365805353,73.9390287359849,73.62283325195312,5645500,73.18447332460055
2014-06-17 00:00:00+00:00,73.3928677242262,73.44317104823612,73.2491455078125,4834600,72.8539011886981
2014-06-18 00:00:00+00:00,73.23476774412217,73.8958986420379,73.88152313232422,5445000,73.19883445248847
2014-06-19 00:00:00+00:00,73.96777321508516,74.64327974575082,74.60015869140625,5481500,73.88153658904757
2014-06-20 00:00:00+00:00,75.00256720718102,75.8002379285285,75.64932250976562,12459700,74.78697845121961
2014-06-23 00:00:00+00:00,75.39064745134662,75.54155743504631,75.27566528320312,6063200,75.05289418573952
2014-06-24 00:00:00+00:00,75.18942822009146,75.62060586547204,75.16068267822266,5915000,75.13194261900536
2014-06-25 00:00:00+00:00,74.9019966095259,76.08053661496379,76.0014877319336,6411100,74.9019966095259
2014-06-26 00:00:00+00:00,76.05893585490034,76.15236020660849,75.92240142822266,5106900,75.47685389644083
2014-06-27 00:00:00+00:00,75.79303808700035,75.87926918951275,75.4480972290039,6463000,75.06004081975125
2014-06-30 00:00:00+00:00,75.90086542108705,76.17393983542182,75.18224334716797,6877800,75.110376753655
2014-07-01 00:00:00+00:00,75.56311186154298,76.17393952535757,76.08052062988281,5129200,75.44812969851132
2014-07-02 00:00:00+00:00,75.95835157589349,76.1523826075559,76.07333374023438,3764900,75.67090713034399
2014-07-03 00:00:00+00:00,76.0805166886725,76.35359108774962,75.75713348388672,4199100,75.53436240786726
2014-07-07 00:00:00+00:00,75.75711780131833,76.70569847021802,76.51167297363281,7014900,75.64932342203771
2014-07-08 00:00:00+00:00,76.32485585288808,76.35360139603773,75.97273254394531,6268400,75.82900482819701
2014-07-09 00:00:00+00:00,76.17395983487873,76.32486985210497,76.20270538330078,5720900,75.97274647857706
2014-07-10 00:00:00+00:00,75.5127885124143,76.17391932658263,76.03019714355469,4955100,75.1103565311663
2014-07-11 00:00:00+00:00,76.05895468197333,76.18112459655197,75.52717590332031,5461000,75.35470814750198
2014-07-14 00:00:00+00:00,75.72834777832031,75.8073965987193,75.72834777832031,7784800,75.5343223444807
2014-07-15 00:00:00+00:00,75.62056147014388,75.79302913745286,74.21924591064453,14219700,73.85274732029569
2014-07-16 00:00:00+00:00,74.39892003964685,74.49952666109826,73.45752716064453,11946800,73.26349618880991
2014-07-17 00:00:00+00:00,73.22759614527615,73.37131837821887,72.12810516357422,11218900,72.04905629066019
2014-07-18 00:00:00+00:00,72.34369227254945,73.27071552636535,73.1557388305664,8408400,72.1281089119319
2014-07-21 00:00:00+00:00,72.89701120496818,72.9976178377587,72.77484130859375,6379900,72.59518582394637
2014-07-22 00:00:00+00:00,73.23476523666476,73.68749508943546,73.63719177246094,6554100,73.1413408746761
2014-07-23 00:00:00+00:00,73.8743569459367,73.9677758488151,73.43599700927734,4815300,73.21322042141082
2014-07-24 00:00:00+00:00,73.54377528485779,73.82404291818185,73.44316864013672,5177200,73.31381645654521
2014-07-25 00:00:00+00:00,73.49346329256797,73.58688765353847,73.37848663330078,3951500,73.15571558664855
2014-07-28 00:00:00+00:00,73.22038892948942,73.58688765353847,73.37848663330078,4634800,73.05510895379592
2014-07-29 00:00:00+00:00,73.62282179263092,73.66594284088362,73.27069854736328,6053900,73.07667301950379
2014-07-30 00:00:00+00:00,73.49345901548969,73.91026103170856,73.51502227783203,5994800,73.16289360069024
2014-07-31 00:00:00+00:00,73.13414189943978,73.1844452086965,71.9268569946289,9141500,71.89811694589606
2014-08-01 00:00:00+00:00,71.68972235200194,72.15682768400667,71.79032897949219,8610700,70.9998459852188
2014-08-04 00:00:00+00:00,71.85501819342308,72.13528035801271,71.97718811035156,6790800,71.37354272939999
2014-08-05 00:00:00+00:00,71.74000635573023,72.03463840474654,71.73281860351562,6230900,71.53879315490961
2014-08-06 00:00:00+00:00,71.6250461729977,72.45865024027778,72.3724136352539,7412100,71.57474285739633
2014-08-07 00:00:00+00:00,72.64548051788698,72.71734708933616,71.81188201904297,7417800,71.56036546691976
2014-08-08 00:00:00+00:00,72.01311774155747,72.68862424897974,72.63832092285156,5618400,71.69692227295108
2014-08-11 00:00:00+00:00,73.02638922026749,73.14136592015866,72.6958236694336,5703000,72.58802924396221
2014-08-12 00:00:00+00:00,72.58083356236176,72.73893130477136,72.31494140625,4577700,72.08498254892284
2014-08-13 00:00:00+00:00,72.68861787692411,73.2635121990421,73.11260223388672,4563700,72.68861787692411
2014-08-14 00:00:00+00:00,73.2203857521984,73.33536788912639,73.31380462646484,5239400,72.940123646749
2014-08-15 00:00:00+00:00,73.45033980598724,73.61562524649808,72.70297241210938,6986000,72.43708583225022
2014-08-18 00:00:00+00:00,73.24195070975702,73.81685048543574,73.80247497558594,5979500,73.11978628928674
2014-08-19 00:00:00+00:00,73.82403124919531,73.98931121826172,73.98931121826172,5670000,73.31380486820754
2014-08-20 00:00:00+00:00,73.92465458644698,74.23366229698914,74.16898345947266,5183000,73.80248466728283
2014-08-21 00:00:00+00:00,74.2552070385482,75.0385023284647,74.87322235107422,8357600,74.2552070385482
2014-08-22 00:00:00+00:00,74.97451706540286,75.26391127579599,74.59107208251953,5076300,74.49702131002934
2014-08-25 00:00:00+00:00,74.98897336991982,75.10472771685585,74.68511199951172,3678200,74.58381935630811
2014-08-26 00:00:00+00:00,74.85877025240805,75.03964096220135,74.83706665039062,3512400,74.64172319276169
2014-08-27 00:00:00+00:00,74.95280075087848,75.03962065518927,74.6778793334961,4786100,74.45360148036137
2014-08-28 00:00:00+00:00,74.44635786971185,74.65616847826139,74.48252868652344,3482200,74.30889441451947
2014-08-29 00:00:00+00:00,74.59104696064887,75.068548074938,75.04684448242188,5287800,74.5259361831005
2014-09-02 00:00:00+00:00,74.73576760755667,75.03239265417592,74.7791748046875,4644800,74.53318780823079
2014-09-03 00:00:00+00:00,75.11198019749051,75.31455448787473,75.06857299804688,4725800,74.90940590710629
2014-09-04 00:00:00+00:00,75.23498074684251,75.31456430268393,75.12645721435547,6147700,75.06858278080037
2014-09-05 00:00:00+00:00,75.18434010039212,75.54608154296875,75.54608154296875,5744400,74.76471870226648
2014-09-08 00:00:00+00:00,75.54605877245358,75.6618186486601,75.27837371826172,4900300,75.1192066483451
2014-09-09 00:00:00+00:00,75.53159983543898,75.53159983543898,75.0975112915039,5999400,74.91664060488635
2014-09-10 00:00:00+00:00,75.37964473113573,76.21164520458534,75.95842742919922,7402200,75.21324132460569
2014-09-11 00:00:00+00:00,75.80652704261466,75.88611059234236,75.64012908935547,4834100,75.31455851690517
2014-09-12 00:00:00+00:00,75.63288711512297,75.8282250283396,75.66182708740234,5929200,75.21326579667502
2014-09-15 00:00:00+00:00,75.66904339864404,75.90056313238571,75.76309967041016,4525500,75.49540911807202
2014-09-16 00:00:00+00:00,75.59668520174473,76.64573814305693,76.60232543945312,6081400,75.45922727957748
2014-09-17 00:00:00+00:00,76.60236906973586,77.14498125610373,76.82665252685547,6627800,76.5444946315231
2014-09-18 00:00:00+00:00,76.81940473569959,77.709291017777,77.66587829589844,6628700,76.71088121060687
2014-09-19 00:00:00+00:00,78.05655145141043,78.4038255911759,78.12889862060547,13033400,77.8612135426103
2014-09-22 00:00:00+00:00,78.13612868472079,78.31699935297245,78.04930877685547,5788300,77.97696161350176
2014-09-23 00:00:00+00:00,77.96975371325891,78.20850440727143,77.74547576904297,8108100,77.5501378046834
2014-09-24 00:00:00+00:00,77.91909887048794,78.69322528065365,78.59917449951172,5890900,77.65864460914847
2014-09-25 00:00:00+00:00,78.5195734215542,78.53404616602953,77.48499298095703,5688200,77.46328938397876
2014-09-26 00:00:00+00:00,77.70927636244687,77.76715078114401,77.48499298095703,4467500,76.83385747293526
2014-09-29 00:00:00+00:00,76.96409697704053,77.15944042079335,77.0798568725586,6581600,76.71811547866808
2014-09-30 00:00:00+00:00,77.05092465344553,77.56459682210017,77.11603546142578,6822500,77.01474830252128
2014-10-01 00:00:00+00:00,76.6747026183577,76.8917441268308,75.4592514038086,12263700,75.20602803098716
2014-10-02 00:00:00+00:00,75.28561296563802,75.63288711324658,75.13368225097656,7566100,74.69959370626735
2014-10-03 00:00:00+00:00,75.40860811162102,76.10315087682278,76.05973815917969,6856100,75.33625542212762
2014-10-06 00:00:00+00:00,76.45766610336837,76.68918038941489,75.86441040039062,5015100,75.50990535732413
2014-10-07 00:00:00+00:00,75.57503266807873,75.57503266807873,74.07742309570312,8407800,74.0412467382149
2014-10-08 00:00:00+00:00,74.1063565287008,75.98741103737251,75.90059661865234,8337000,73.82419862838688
2014-10-09 00:00:00+00:00,75.69798873848771,75.86439217899247,73.85311126708984,10675900,73.64330063329454
2014-10-10 00:00:00+00:00,74.04844087697043,74.17866796201544,73.23814392089844,9984100,73.23814392089844
2014-10-13 00:00:00+00:00,73.40455579480339,73.40455579480339,71.71160888671875,10334600,71.6392561992402
2014-10-14 00:00:00+00:00,72.73170737449598,72.99939793272671,70.18505096435547,20807400,68.97683078616545
2014-10-15 00:00:00+00:00,69.49050317269621,71.42220031309304,71.05322265625,21905900,68.80319141820551
2014-10-16 00:00:00+00:00,70.15612499144557,70.90131136034046,70.01866149902344,14575300,69.81608720686586
2014-10-17 00:00:00+00:00,70.5685082398955,71.73331591132688,71.40774536132812,12272900,70.40210477837586
2014-10-20 00:00:00+00:00,71.5017927919966,71.76947784423828,71.76947784423828,7988900,71.13281508894482
2014-10-21 00:00:00+00:00,72.22528154154017,72.62319372723732,72.60872650146484,7287300,71.87077103316045
2014-10-22 00:00:00+00:00,73.14409897423133,73.64330379745986,73.23091888427734,9360100,72.72447768861123
2014-10-23 00:00:00+00:00,73.98334489304376,74.50425333741998,74.25102996826172,7570400,73.75183064218047
2014-10-24 00:00:00+00:00,74.48252773949667,74.72851468146412,74.61275482177734,5973100,73.94715218778013
2014-10-27 00:00:00+00:00,74.56936395747671,75.4158374177269,75.2928466796875,7043900,74.547660358968
2014-10-28 00:00:00+00:00,75.64012453375645,75.82099522320136,75.81375885009766,10347800,74.92387262934511
2014-10-29 00:00:00+00:00,75.96568579267358,76.37083435058594,76.37083435058594,8188300,75.8643986531955
2014-10-30 00:00:00+00:00,76.08867471088939,77.44882572803986,77.44158935546875,9068300,75.90057318192028
2014-10-31 00:00:00+00:00,78.0927114614081,78.26634573510457,77.9769515991211,10800100,77.60074308615641
2014-11-03 00:00:00+00:00,78.01316644291185,78.222977157068,77.74547576904297,7082600,77.23180354600004
2014-11-04 00:00:00+00:00,78.05652636760871,78.66425453696841,78.58467102050781,9349000,77.65860878530573
2014-11-05 00:00:00+00:00,78.89578882181901,79.04771952294395,78.72938537597656,6966800,78.09995345440055
2014-11-06 00:00:00+00:00,78.80897948886728,79.09113733164124,78.86685943603516,6200300,78.5340580194232
2014-11-07 00:00:00+00:00,78.85962646991008,78.88133007110187,78.28083801269531,6652600,78.0782637085909
2014-11-10 00:00:00+00:00,78.18677336350115,78.80173254035965,78.72938537597656,7573300,77.55734144192513
2014-11-11 00:00:00+00:00,78.77280076835983,79.14901489387934,78.79450988769531,6221100,78.53405565302347
2014-11-12 00:00:00+00:00,78.62086913972001,78.85961977202317,78.67874908447266,4895900,78.41829485282109
2014-11-13 00:00:00+00:00,78.89581871924202,79.21414746710467,78.91028594970703,4860000,78.49790088474256
2014-11-14 00:00:00+00:00,78.80173497190934,78.903022109118,78.25189208984375,5650700,78.14336858005304
2014-11-17 00:00:00+00:00,78.13612530184716,78.635330090924,78.3531723022461,5233000,77.85396751316925
2014-11-18 00:00:00+00:00,78.23016929535889,78.90300831474892,78.73661041259766,5407200,77.93354430817297
2014-11-19 00:00:00+00:00,78.46168313977591,78.7221373086498,78.68596649169922,5217800,78.20846534218575
2014-11-20 00:00:00+00:00,78.53401738162896,78.54848460106702,78.26632690429688,8090700,77.91182207087104
2014-11-21 00:00:00+00:00,79.17659152655841,79.17659152655841,78.54306030273438,8417400,78.36829517590414
2014-11-24 00:00:00+00:00,78.58677571777602,78.81251986708229,77.82945251464844,9098000,77.65468733106053
2014-11-25 00:00:00+00:00,77.90225577015178,78.05517595968948,77.69835662841797,7367900,77.69835662841797
2014-11-26 00:00:00+00:00,77.74935569647378,78.0988916420306,78.06976318359375,5503700,77.62556391488121
2014-11-28 00:00:00+00:00,78.36102042014777,79.24213520900506,78.82706451416016,5881200,78.15712682347784
2014-12-01 00:00:00+00:00,78.56490806778301,79.2348457077368,78.66685485839844,5638800,78.17168235154489
2014-12-02 00:00:00+00:00,78.62319260256191,79.03097990837365,79.01641845703125,6184400,78.28094016131905
2014-12-03 00:00:00+00:00,79.03822794302779,79.36591323019223,78.44110870361328,8957400,78.39013531326141
2014-12-04 00:00:00+00:00,78.71052708961426,78.86345279690332,78.3245849609375,6697600,78.19350975160556
2014-12-05 00:00:00+00:00,78.30278511617534,79.18390014805306,79.01641845703125,6449700,78.07704650841318
2014-12-08 00:00:00+00:00,78.95087090851135,79.28583981599688,79.02368927001953,6499300,78.7469772740145
2014-12-09 00:00:00+00:00,78.80521110643708,78.98725973473483,78.6814193725586,7214300,77.8367110705291
2014-12-10 00:00:00+00:00,78.36102433090888,78.61589133946595,77.36339569091797,9416400,77.29786084115362
2014-12-11 00:00:00+00:00,77.07939746853192,78.1425609201901,77.71292877197266,7114600,76.72258366933798
2014-12-12 00:00:00+00:00,77.66194953341984,77.82215322263771,76.04535675048828,8325500,76.01622830193199
2014-12-15 00:00:00+00:00,76.2929532766091,76.50413039799318,75.70311737060547,12110600,75.46281179568383
2014-12-16 00:00:00+00:00,75.35357034533097,76.61334373654918,74.82926940917969,10209200,74.63993728097324
2014-12-17 00:00:00+00:00,75.20067557239535,76.0890741293656,75.78323364257812,10207600,74.78560475298792
2014-12-18 00:00:00+00:00,76.91192499894643,77.78575640286726,77.77847290039062,11756800,76.27111011743222
2014-12-19 00:00:00+00:00,77.64739264600544,78.20082212930029,76.86094665527344,19154400,76.82453470091401
2014-12-22 00:00:00+00:00,76.96288470334925,77.79302605599082,77.72748565673828,8124500,76.9483177009893
2014-12-23 00:00:00+00:00,77.66925670245038,77.85130539463987,75.93614959716797,10171700,75.67399903596029
2014-12-24 00:00:00+00:00,76.00895265980046,76.70074088425186,76.16187286376953,3415100,76.00895265980046
2014-12-26 00:00:00+00:00,76.51141100447124,76.9628936836891,76.5041275024414,2951000,76.23469903986405
2014-12-29 00:00:00+00:00,76.19827337844343,76.96287983919191,76.70072937011719,4273400,76.17642843196775
2014-12-30 00:00:00+00:00,76.76626985221748,77.04298734307149,76.72257995605469,4371700,76.50411936387349
2014-12-31 00:00:00+00:00,76.90463909810337,77.26873643099631,76.1473159790039,6202100,76.12547102793984
2015-01-02 00:00:00+00:00,76.49684870260216,76.86094602045237,76.11090087890625,5753600,75.82690541543782
2015-01-05 00:00:00+00:00,76.08177889743614,76.26382755855056,75.5793228149414,8079300,75.49922095959633
2015-01-06 00:00:00+00:00,75.9798313717771,76.4531590319367,75.20794677734375,7428000,74.96036324919895
2015-01-07 00:00:00+00:00,75.66670086547984,77.06483311446205,76.86821746826172,7931700,75.59387696351901
2015-01-08 00:00:00+00:00,77.23232017273597,77.5454440838068,77.47262573242188,9916000,77.00658161673749
2015-01-09 00:00:00+00:00,77.55273766137762,77.55273766137762,76.41675567626953,7364800,76.27839690168362
2015-01-12 00:00:00+00:00,76.58424192379897,77.05756963108658,76.15460968017578,6839000,75.950716035359
2015-01-13 00:00:00+00:00,76.78084764577297,77.42894045646311,76.28567504882812,10151100,75.90701070991973
2015-01-14 00:00:00+00:00,75.63030720773699,76.0453779931648,75.73225402832031,8887700,75.3754401562787
2015-01-15 00:00:00+00:00,74.9821880850297,75.68125413397631,74.63265228271484,10834800,74.2394265884918
2015-01-16 00:00:00+00:00,74.3195400273249,76.18372200449598,75.76136779785156,14092300,74.27585012859754
2015-01-20 00:00:00+00:00,73.94818229647109,74.31227968728446,73.75885009765625,20460000,73.00881036149033
2015-01-21 00:00:00+00:00,73.227257289237,74.34867779445601,74.20304107666016,11702900,73.11074902613724
2015-01-22 00:00:00+00:00,74.55985869777804,75.60846089716979,75.55748748779297,9036600,73.96273923549883
2015-01-23 00:00:00+00:00,74.9603692742684,74.98221422783882,74.42150115966797,10126000,74.23217452493434
2015-01-26 00:00:00+00:00,74.13023338785032,74.60355556665779,74.46520233154297,8962800,73.70059556384781
2015-01-27 00:00:00+00:00,74.15207350957661,74.83657280394524,74.34140014648438,10160500,73.49669711651293
2015-01-28 00:00:00+00:00,74.62538854274925,74.95307390580162,73.8971939086914,9053200,73.86806545664699
2015-01-29 00:00:00+00:00,73.91904830079942,74.61083106924508,74.55257415771484,7569300,73.30736184110174
2015-01-30 00:00:00+00:00,73.97001164912238,74.27585205953274,72.9214096069336,10676300,72.88499765325822
2015-02-02 00:00:00+00:00,73.17626960381475,73.43842008924253,73.42385864257812,8990700,72.36797319969301
2015-02-03 00:00:00+00:00,73.83896267055987,74.6836658507247,74.61084747314453,10005200,73.63506899106098
2015-02-04 00:00:00+00:00,74.36325166144336,74.6035517124115,73.80982208251953,9514100,73.56223297259893
2015-02-05 00:00:00+00:00,73.96275446801475,74.6836658507247,74.61084747314453,6642200,73.88265258597075
2015-02-06 00:00:00+00:00,74.3559307819689,74.60351421175251,73.62045288085938,9215700,73.4238428369537
2015-02-09 00:00:00+00:00,73.59134417646108,73.59134417646108,72.65925598144531,9851700,72.16408343338271
2015-02-10 00:00:00+00:00,72.95781731677073,73.32919255537354,73.07432556152344,12275500,72.40438787606494
2015-02-11 00:00:00+00:00,73.15441778122188,73.39472329622834,73.09616088867188,8177000,72.78303703581945
2015-02-12 00:00:00+00:00,73.18355064138375,73.21267908941556,71.6834716796875,25835200,70.7441000644743
2015-02-13 00:00:00+00:00,71.68350027097189,72.57917679354027,72.54277038574219,11153600,71.60339839585627
2015-02-17 00:00:00+00:00,72.37526311374774,73.16899814153473,73.1398696899414,8627100,72.17865301009786
2015-02-18 00:00:00+00:00,73.3292067806254,73.5039775151842,72.79034423828125,7878200,72.36798996329145
2015-02-19 00:00:00+00:00,72.78306988952255,73.43116283355694,73.32921600341797,10028200,72.53548631795236
2015-02-20 00:00:00+00:00,73.46118698650216,73.60051424577065,73.51985168457031,10085700,72.67656483220455
2015-02-23 00:00:00+00:00,73.87186166828297,73.8938595412374,73.46121978759766,6878200,73.1825707392149
2015-02-24 00:00:00+00:00,73.51252722754461,74.09916309911036,73.8425064086914,6587200,73.32920421700211
2015-02-25 00:00:00+00:00,74.01848246956214,74.27513350279492,74.21646881103516,9684000,73.44651571133683
2015-02-26 00:00:00+00:00,74.3411519837928,75.66108001759935,75.38243103027344,11437900,74.22382815555154
2015-02-27 00:00:00+00:00,75.55840550795769,75.77106085130397,75.16976165771484,8500000,75.1477637936745
2015-03-02 00:00:00+00:00,75.16974738095702,75.82971114969138,75.69038391113281,7277600,75.16974738095702
2015-03-03 00:00:00+00:00,75.60243155767688,75.60243155767688,75.04512786865234,6419700,74.65648386253723
2015-03-04 00:00:00+00:00,74.88377929157093,74.88377929157093,74.53913116455078,8665500,74.18714855122255
2015-03-05 00:00:00+00:00,74.84709915131667,75.68305141549389,75.17707824707031,8042300,74.79576894543115
2015-03-06 00:00:00+00:00,74.86175809364936,75.11108021788118,73.40984344482422,9287600,73.24118386714629
2015-03-09 00:00:00+00:00,73.47585975638755,74.00383091734614,73.81317901611328,5701100,73.15321506491505
2015-03-10 00:00:00+00:00,73.32187178296213,73.65185656792212,72.98455810546875,8735700,72.9698947258275
2015-03-11 00:00:00+00:00,73.20453960564008,73.20453960564008,72.0972671508789,9138100,72.0239390718943
2015-03-12 00:00:00+00:00,72.56656286691721,73.50517556645994,73.20452880859375,8318000,72.47123693775436
2015-03-13 00:00:00+00:00,73.21918422846444,73.36584594343998,72.7498779296875,7821800,72.33190183250889
2015-03-16 00:00:00+00:00,73.13855335851756,74.11383320582999,74.10649871826172,7726500,73.13855335851756
2015-03-17 00:00:00+00:00,73.40984499397314,73.7104917328228,73.24851989746094,7301500,72.89654295468218
2015-03-18 00:00:00+00:00,73.24855751789866,74.60514697097383,74.39982604980469,7972500,72.69125387859988
2015-03-19 00:00:00+00:00,74.09183284237943,74.76646021699494,74.56847381591797,6863100,73.99650688550157
2015-03-20 00:00:00+00:00,74.7004294650242,75.45571904083124,75.08907318115234,12433800,74.6197669283291
2015-03-23 00:00:00+00:00,75.14043903484288,75.78573404004995,75.51441955566406,9016000,74.96445050516358
2015-03-24 00:00:00+00:00,75.40443039482801,75.6977483631143,74.76646423339844,8390700,74.74446636482757
2015-03-25 00:00:00+00:00,74.68577880383944,75.16241965716537,73.57850646972656,8444100,73.57850646972656
2015-03-26 00:00:00+00:00,73.29253460443601,73.92316618441164,73.4318618774414,9972400,73.0065511663743
2015-03-27 00:00:00+00:00,73.53451074604433,74.02581497573993,73.57850646972656,5847400,73.43918481320843
2015-03-30 00:00:00+00:00,74.23847312263759,74.6931161314218,74.4657974243164,6061200,73.88649613064041
2015-03-31 00:00:00+00:00,74.04048505985294,74.4217943915026,73.7691650390625,8028000,73.76183055348079
2015-04-01 00:00:00+00:00,73.6665128185208,73.6665128185208,72.70590209960938,11368100,72.30992375272268
2015-04-02 00:00:00+00:00,72.91854467084525,73.32185183888346,73.06520080566406,6097100,72.5152319082341
2015-04-06 00:00:00+00:00,72.47857514812132,73.00654625814721,72.7132339477539,9697600,71.891944932761
2015-04-07 00:00:00+00:00,72.99922720642238,73.96717250708481,73.40253448486328,7900300,72.9112301446987
2015-04-08 00:00:00+00:00,73.21185917016255,73.65916766792763,73.44651794433594,7354100,73.03587068410563
2015-04-09 00:00:00+00:00,73.74719315068315,74.53915003523686,74.30449676513672,8073900,73.57120459675184
2015-04-10 00:00:00+00:00,74.30447509162944,74.89843978450646,74.83977508544922,6786500,74.0111571909169
2015-04-13 00:00:00+00:00,74.45849406059843,74.7811444336012,73.73253631591797,10753500,73.73253631591797
2015-04-14 00:00:00+00:00,74.09915204834306,74.39979883161722,73.71050262451172,9322200,73.46852053856004
2015-04-15 00:00:00+00:00,73.72516931471881,74.23847141397283,73.7691650390625,8237100,73.57117868494261
2015-04-16 00:00:00+00:00,73.52717840488478,73.56384523873811,73.17520141601562,7324800,73.16053244464494
2015-04-17 00:00:00+00:00,72.86722670040095,73.2192037209009,73.0212173461914,11084200,72.67656921746206
2015-04-20 00:00:00+00:00,73.51985928257302,73.97449675315248,73.48319244384766,6668500,73.3658686301599
2015-04-21 00:00:00+00:00,73.81314929253521,74.05513131505306,73.54916381835938,6532700,73.44650342224344
2015-04-22 00:00:00+00:00,73.79117215379442,73.91583604602177,73.64451599121094,4763900,73.29986785510836
2015-04-23 00:00:00+00:00,73.69585915101683,73.93051240910772,73.6665267944336,7351500,73.26321947920785
2015-04-24 00:00:00+00:00,73.40985311224583,74.45112627543023,74.12114715576172,6566900,73.32919055506939
2015-04-27 00:00:00+00:00,74.17984268505646,74.50248745330191,73.75453186035156,9113900,73.6738692696463
2015-04-28 00:00:00+00:00,73.65914802224404,74.02579386724192,73.8718032836914,7484600,72.82319594321463
2015-04-29 00:00:00+00:00,73.70318565885495,73.77651374508619,73.61518859863281,8926200,73.2558770598976
2015-04-30 00:00:00+00:00,73.3805273696306,73.43919207005263,72.74256134033203,10170600,72.42724556878083
2015-05-01 00:00:00+00:00,73.05054752605679,73.61517987717522,73.42452239990234,6255000,73.05054752605679
2015-05-04 00:00:00+00:00,73.57117494202696,73.7325000491775,73.5858383178711,5532400,73.44651666634627
2015-05-05 00:00:00+00:00,73.42454223889489,73.54187167032585,72.96257019042969,8828000,72.80857950760796
2015-05-06 00:00:00+00:00,73.0505505503676,73.23387354910359,72.72056579589844,8030800,72.34659090657023
2015-05-07 00:00:00+00:00,72.55190865194143,73.32919634291272,73.07987976074219,6401600,72.52991078817034
2015-05-08 00:00:00+00:00,73.68116243633645,74.5537758729699,74.40711975097656,7508600,73.6518300930233
2015-05-11 00:00:00+00:00,74.29714326079106,74.54646544340761,74.08448791503906,5698900,74.06982453703753
2015-05-12 00:00:00+00:00,73.97449783574983,74.09916173249601,73.6738510131836,6903100,73.53452373747713
2015-05-13 00:00:00+00:00,73.82786229222526,74.15784155946844,73.73253631591797,5826800,73.67387159454005
2015-05-14 00:00:00+00:00,74.04048817315595,74.70045203892835,74.6711196899414,5454000,74.02581920137571
2015-05-15 00:00:00+00:00,74.78114717653138,75.03046385966866,75.01580047607422,6023500,74.55382277149776
2015-05-18 00:00:00+00:00,75.06709820830493,76.51167863636819,75.83705139160156,10479600,75.03043137333071
2015-05-19 00:00:00+00:00,76.01304799318194,76.35036162669111,76.2330322265625,7724100,75.71973008743414
2015-05-20 00:00:00+00:00,76.57034674254147,76.61434806538368,75.96904754638672,7146500,75.75639220213306
2015-05-21 00:00:00+00:00,76.01336550109343,76.30143434858745,75.65142822265625,6875600,75.59233573204976
2015-05-22 00:00:00+00:00,75.54065381172859,75.64406851891441,74.8611068725586,6216600,74.84633656317305
2015-05-26 00:00:00+00:00,74.7724492714977,75.0088135919035,74.4696044921875,7918900,74.29233266072563
2015-05-27 00:00:00+00:00,74.60993716598574,74.90539393344402,74.69857025146484,9297900,74.4548236310282
2015-05-28 00:00:00+00:00,74.60995459999245,75.11961186669555,74.71336364746094,5700100,74.4622233640586
2015-05-29 00:00:00+00:00,75.00883040992099,75.06053494049732,73.96734619140625,9957800,73.73836978962125
2015-06-01 00:00:00+00:00,74.07074260509995,74.3071069381431,73.89347076416016,7298100,73.65710643111701
2015-06-02 00:00:00+00:00,73.80482942612682,74.04119375084369,73.84915161132812,8312400,73.1991454918292
2015-06-03 00:00:00+00:00,74.10030182818743,74.18155261021624,73.93041229248047,5375200,73.74575244884609
2015-06-04 00:00:00+00:00,73.81963756067478,74.2111156159033,73.29520416259766,8057900,73.16963115769386
2015-06-05 00:00:00+00:00,73.11790558909966,73.16222778088535,72.82244873046875,7557300,72.53437984303059
2015-06-08 00:00:00+00:00,72.82982243811348,73.11050893475795,72.35709381103516,7054600,72.35709381103516
2015-06-09 00:00:00+00:00,72.7116757621002,72.78553858662954,72.54178619384766,7844300,72.23894692266566
2015-06-10 00:00:00+00:00,72.74117760542069,73.53152117960654,73.03662872314453,10025100,72.53435393349761
2015-06-11 00:00:00+00:00,73.27299739951594,73.71618537345844,73.30254364013672,6175200,72.9997045356698
2015-06-12 00:00:00+00:00,73.03665003619506,73.29517829269862,72.64517211914062,8717200,72.47528824041196
2015-06-15 00:00:00+00:00,72.20199653957765,72.29063529040585,72.00994873046875,6833500,71.65540499789803
2015-06-16 00:00:00+00:00,72.01731960197459,72.74857080772189,72.65254974365234,6049500,71.7218628047387
2015-06-17 00:00:00+00:00,72.6673444960667,73.21394172723167,72.92587280273438,6155800,72.49746058437424
2015-06-18 00:00:00+00:00,73.02190068547394,74.27020323122218,74.1298599243164,8815800,72.91110363451527
2015-06-19 00:00:00+00:00,73.77528361057047,74.01164793666324,73.76051330566406,11653600,73.70142081529836
2015-06-22 00:00:00+00:00,74.30711995139853,74.4843918233836,73.93041229248047,5055900,73.85654948210096
2015-06-23 00:00:00+00:00,73.93780328791217,74.1298511110499,73.7014389038086,6046600,73.47985046360792
2015-06-24 00:00:00+00:00,73.50199673942524,73.72358514343513,73.3690414428711,7254700,73.17699365109945
2015-06-25 00:00:00+00:00,73.49461678188113,73.8491661564726,73.21393585205078,6581100,73.20654788050044
2015-06-26 00:00:00+00:00,73.4428936511033,73.95993882125374,73.59800720214844,9041100,73.3099383737261
2015-06-29 00:00:00+00:00,73.11053257642352,73.38382555632683,72.15029907226562,11150900,72.10598251019948
2015-06-30 00:00:00+00:00,72.7042740657269,72.7190443736959,71.98779296875,8967900,71.86961359888447
2015-07-01 00:00:00+00:00,72.60826594901651,72.88894693354852,72.73383331298828,6726700,72.12076116836528
2015-07-02 00:00:00+00:00,73.0144708628806,73.14003815215527,72.71163177490234,6091900,72.62299305786611
2015-07-06 00:00:00+00:00,72.17246155009357,72.75598740450631,72.53439331054688,6817800,71.38211754685035
2015-07-07 00:00:00+00:00,72.85198657005728,73.1105148136224,73.06619262695312,7122600,72.03209655880327
2015-07-08 00:00:00+00:00,72.69689073937039,72.82245808892974,72.2167739868164,6845500,72.1576871157936
2015-07-09 00:00:00+00:00,73.16223035520844,73.52416206119672,72.68211364746094,7316400,72.68211364746094
2015-07-10 00:00:00+00:00,73.70142158758543,73.78267235384716,73.51676177978516,6969300,73.19175871473824
2015-07-13 00:00:00+00:00,73.90088143023806,74.21849662862364,74.0633773803711,6986300,73.7679260998587
2015-07-14 00:00:00+00:00,73.31734889290456,73.77530171720882,73.7014389038086,9890600,72.7929155917801
2015-07-15 00:00:00+00:00,73.68665718769692,74.55825177577769,74.17415618896484,7990300,73.59063047330842
2015-07-16 00:00:00+00:00,74.5656224001676,74.8684671666435,74.68380737304688,5775000,74.44005509301061
2015-07-17 00:00:00+00:00,74.52132310501699,74.53609904773243,73.92302703857422,8054200,73.83438828839452
2015-07-20 00:00:00+00:00,74.23325864072424,74.3440556762175,74.13723754882812,5016200,73.937801757866
2015-07-21 00:00:00+00:00,74.3070990307452,74.46221257948238,74.11505126953125,5891600,73.91562117411762
2015-07-22 00:00:00+00:00,74.16679202379576,74.38838048397928,73.99690246582031,6721900,73.66451695785906
2015-07-23 00:00:00+00:00,74.23324411306915,74.30710691048573,74.01165008544922,5016100,73.86392449061607
2015-07-24 00:00:00+00:00,73.67926641468247,73.82699201299485,73.236083984375,6524200,73.16222118521881
2015-07-27 00:00:00+00:00,73.10311525423649,73.11788555720456,72.59345245361328,8734000,72.32754191723329
2015-07-28 00:00:00+00:00,73.04405458405844,73.29519492684798,73.14007568359375,7757500,72.6968931417336
2015-07-29 00:00:00+00:00,73.31730564082136,73.90083110257537,73.66446685791016,7853500,73.16219213357559
2015-07-30 00:00:00+00:00,73.71621743853945,73.86394307053186,73.74575805664062,5517400,73.40598459476077
2015-07-31 00:00:00+00:00,74.11506404822784,74.58779838088569,74.01904296875,6216800,73.83438314526683
2015-08-03 00:00:00+00:00,73.86392994992075,74.01904352657111,73.87870025634766,6172500,73.29518016886944
2015-08-04 00:00:00+00:00,74.16675683803724,74.23323165394413,73.7161865234375,6005300,73.60538952822343
2015-08-05 00:00:00+00:00,74.28495057477983,74.60256568379893,74.24801635742188,4571300,74.12244903499743
2015-08-06 00:00:00+00:00,74.22586850306377,74.30711928436322,73.177001953125,6988000,73.13268539436936
2015-08-07 00:00:00+00:00,73.14005553933994,73.17698975572743,73.01448822021484,6027900,72.5048309733629
2015-08-10 00:00:00+00:00,73.54629975528046,73.90823135996756,73.70880126953125,6133500,73.45766102877018
2015-08-11 00:00:00+00:00,73.16222141772889,73.37642184535146,73.13267517089844,6682600,72.95539768991578
2015-08-12 00:00:00+00:00,72.68212585975381,72.92587824031,72.91110229492188,7462400,71.95087435345724
2015-08-13 00:00:00+00:00,72.9332454754092,73.1105229711261,72.74120330810547,5048000,72.49745097802285
2015-08-14 00:00:00+00:00,72.63040349749083,72.99972314635183,72.98494720458984,5177300,72.2906300967832
2015-08-17 00:00:00+00:00,72.711659323803,73.77529615438274,73.76791381835938,6901800,72.43097276452654
2015-08-18 00:00:00+00:00,73.3025709905961,73.62757412331977,73.39859771728516,7618800,73.14006942423424
2015-08-19 00:00:00+00:00,73.2582422303377,73.85653822923724,73.35426330566406,7642400,72.96278539846458
2015-08-20 00:00:00+00:00,73.08837133719547,73.95258377674172,72.9701919555664,10620400,72.9701919555664
2015-08-21 00:00:00+00:00,72.35986011923873,73.3274335170657,71.12433624267578,16141500,71.08712515726758
2015-08-24 00:00:00+00:00,67.78991358698791,70.8638282915904,69.08497619628906,25636300,60.87546094506985
2015-08-25 00:00:00+00:00,71.22107973708476,71.22851854521659,67.52940368652344,15671100,67.28378673466557
2015-08-26 00:00:00+00:00,69.15197047653874,70.87127815791274,70.7894058227539,14738300,68.07274682148174
2015-08-27 00:00:00+00:00,71.52625324236466,71.749542468111,71.61557006835938,11131200,70.22374600863306
2015-08-28 00:00:00+00:00,71.39973021134175,71.66767502915943,70.83406829833984,9200300,70.24607859693334
2015-08-31 00:00:00+00:00,70.6182051909751,70.83404988691856,69.94834899902344,9083500,69.6506319812228
2015-09-01 00:00:00+00:00,68.69050259435852,69.13707531441895,68.54164123535156,14593500,68.07274073106015
2015-09-02 00:00:00+00:00,69.34549687423066,69.56878614220089,69.4794692993164,11517400,68.84682394471007
2015-09-03 00:00:00+00:00,69.71016734896448,70.03020642878,68.95098876953125,9027200,68.6681607629952
2015-09-04 00:00:00+00:00,68.16204383310448,68.3853273089727,67.9610824584961,10996800,67.41030973717956
2015-09-08 00:00:00+00:00,69.28594340856347,69.9483666374871,69.91859436035156,11394100,68.8542595863012
2015-09-09 00:00:00+00:00,70.70006933394203,70.82660288484321,68.63838958740234,7384500,68.4969727426488
2015-09-10 00:00:00+00:00,68.55652663926192,69.57620560104186,69.01054382324219,8359500,68.19182626603315
2015-09-11 00:00:00+00:00,68.80215442782732,69.2189549199086,69.16685485839844,7381300,68.32580938588275
2015-09-14 00:00:00+00:00,69.14450726443296,69.89624137529007,69.45710754394531,7948700,68.85423476510304
2015-09-15 00:00:00+00:00,69.80694617416303,70.52146375346646,70.2609634399414,7030700,69.36037339690851
2015-09-16 00:00:00+00:00,70.32795001477861,70.57356704096014,70.41726684570312,5630400,69.82927715203272
2015-09-17 00:00:00+00:00,70.35774234476987,71.59326663820343,70.58847045898438,8258000,70.20144210496493
2015-09-18 00:00:00+00:00,70.02277803111883,70.49912299635257,69.50921630859375,14211100,69.40501620235386
2015-09-21 00:00:00+00:00,69.86649824491636,70.40982671753389,69.31571960449219,7053700,68.750063342381
2015-09-22 00:00:00+00:00,68.66819724385478,69.54645967424116,69.39759826660156,10618700,68.38536340858056
2015-09-23 00:00:00+00:00,69.37527731808734,69.73997786543393,69.21153259277344,5609300,68.89148763288242
2015-09-24 00:00:00+00:00,68.86170629933596,69.1743124058934,68.83193969726562,7407600,68.31093330532448
2015-09-25 00:00:00+00:00,69.16684127046476,69.31569693739921,67.73036193847656,10794400,67.5517340024593
2015-09-28 00:00:00+00:00,67.50708171765963,68.52676077475715,68.0057601928711,14332800,66.91165329242992
2015-09-29 00:00:00+00:00,68.65329932444554,69.84416203808874,69.24873352050781,11520000,68.3481434158626
2015-09-30 00:00:00+00:00,70.06001458186063,70.31307613079235,69.4794692993164,10970100,68.91380731801195
2015-10-01 00:00:00+00:00,69.53899881770334,69.85159918245051,69.3454818725586,9675900,68.29603616848433
2015-10-02 00:00:00+00:00,68.57884606379614,69.94089744972726,69.91112518310547,8368100,68.35555690337229
2015-10-05 00:00:00+00:00,70.10465520501647,70.57355571553985,70.52890014648438,9419200,70.02278287609457
2015-10-06 00:00:00+00:00,70.3502805796145,70.45448639238006,69.53156280517578,8365200,68.90636199947105
2015-10-07 00:00:00+00:00,70.15676026053859,71.02013350184971,70.6926498413086,9397300,69.54644283321291
2015-10-08 00:00:00+00:00,70.49168531845108,70.85638572551947,70.76707458496094,7090700,69.82182337185981
2015-10-09 00:00:00+00:00,70.81174386109473,71.42206137978904,70.9829330444336,8259700,70.54379903059659
2015-10-12 00:00:00+00:00,70.7596439652016,71.80165101095658,71.44438934326172,8957900,70.69266059665469
2015-10-13 00:00:00+00:00,70.55125958271157,71.62303914872219,71.04248809814453,12761900,70.19399783454708
2015-10-14 00:00:00+00:00,70.86385980517812,71.42207738069484,70.35774230957031,8881900,70.0525863210989
2015-10-15 00:00:00+00:00,70.70753778670601,72.45661784889147,72.3077621459961,9561900,70.60333765898304
2015-10-16 00:00:00+00:00,72.84365780183306,73.17114151105247,73.1190414428711,9495300,72.49384062469461
2015-10-19 00:00:00+00:00,72.97763193136815,73.0892708811784,72.89575958251953,8725400,72.42685327938983
2015-10-20 00:00:00+00:00,72.90319874404624,73.12648800170366,72.63525390625,6041800,72.42685362762666
2015-10-21 00:00:00+00:00,72.67247592316008,73.10416549061392,72.66503143310547,7059800,72.24823084576086
2015-10-22 00:00:00+00:00,72.82875551137468,74.28756283228977,74.07916259765625,9887900,72.29286594889965
2015-10-23 00:00:00+00:00,74.33965368606084,75.08394339100991,74.65969848632812,9178900,74.07915342502461
2015-10-26 00:00:00+00:00,74.46618781316292,74.63737126664356,74.38431549072266,7561600,74.04938171388166
2015-10-27 00:00:00+00:00,74.36944260745292,75.09884918015277,74.57040405273438,8883200,74.20569792714392
2015-10-28 00:00:00+00:00,74.76392141492295,74.7862548828125,74.7862548828125,7256300,74.05684825075559
2015-10-29 00:00:00+00:00,74.77879226257224,75.56773758226815,75.44865417480469,6340700,74.51829198517078
2015-10-30 00:00:00+00:00,75.56774734090365,76.00688130392923,75.19560241699219,10520300,75.18071911856732
2015-11-02 00:00:00+00:00,75.30725248761904,76.17062582085498,76.04409790039062,6297900,75.05419096820901
2015-11-03 00:00:00+00:00,75.79849290676951,76.14087131301416,75.88780975341797,6229200,75.25516437215079
2015-11-04 00:00:00+00:00,75.84312201751445,76.20782238271272,75.87289428710938,5592300,75.6868218610009
2015-11-05 00:00:00+00:00,76.10364056613044,76.28226854814467,76.1631851196289,6545600,75.48587860016647
2015-11-06 00:00:00+00:00,75.59753187328428,75.8580322265625,75.8580322265625,6221100,75.06908667706796
2015-11-09 00:00:00+00:00,75.46354563909915,75.6124013341599,75.05418395996094,6625900,74.83834490566709
2015-11-10 00:00:00+00:00,75.17327344427655,75.73893530967345,75.5082015991211,5114200,74.93510092386956
2015-11-11 00:00:00+00:00,75.75383281947843,76.18552236822742,75.8133773803711,6284700,75.54543253483598
2015-11-12 00:00:00+00:00,75.27749347937483,75.62731070342356,74.62995910644531,6918700,74.59274801188667
2015-11-13 00:00:00+00:00,74.45876501737361,75.12862708771965,74.33967590332031,8517500,74.23547576776443
2015-11-16 00:00:00+00:00,74.71181443602272,75.38912093731675,75.33702087402344,5755800,74.45875860816409
2015-11-17 00:00:00+00:00,74.71181113134297,75.70171796861094,75.54541778564453,5124000,74.71181113134297
2015-11-18 00:00:00+00:00,75.56772427599563,76.51297527416892,76.41621398925781,7148400,75.40397965089605
2015-11-19 00:00:00+00:00,76.40879829890977,76.42368159729484,76.28226470947266,5164500,75.96221984862512
2015-11-20 00:00:00+00:00,76.84459081421917,77.07702541581718,76.83709716796875,7671500,76.62715494580333
2015-11-23 00:00:00+00:00,76.769621877309,77.2269860386604,77.05453491210938,6730600,76.61966885274906
2015-11-24 00:00:00+00:00,76.33473579540812,77.06951920690055,76.50718688964844,7492400,76.33473579540812
2015-11-25 00:00:00+00:00,76.60467224489453,76.72463924414615,76.44721984863281,5400800,76.44721984863281
2015-11-27 00:00:00+00:00,76.68715579796019,76.94208283670002,76.754638671875,2353800,76.31976683659887
2015-11-30 00:00:00+00:00,76.83710622569961,76.83710622569961,75.90737915039062,8983700,75.90737915039062
2015-12-01 00:00:00+00:00,76.2747741605868,76.84460024393812,76.74713134765625,7545700,75.81740998819868
2015-12-02 00:00:00+00:00,76.85208368813817,77.17448778022884,76.51468658447266,6623500,76.4696961090678
2015-12-03 00:00:00+00:00,76.67964286267916,76.75462509161606,75.56997680664062,12008700,75.21008155690268
2015-12-04 00:00:00+00:00,76.02734860026727,77.2269900196104,77.18949890136719,7845400,75.93737334868848
2015-12-07 00:00:00+00:00,76.93456308589606,77.59436431195384,77.46690368652344,7262900,76.92706371959414
2015-12-08 00:00:00+00:00,77.21198535207823,77.40692312056768,76.79210662841797,8005400,76.40972473768359
2015-12-09 00:00:00+00:00,76.58215365016503,77.4818829552283,76.58965301513672,7947000,76.22975786090775
2015-12-10 00:00:00+00:00,76.70214049583815,77.48190304489036,76.95706176757812,6479300,76.32725223480344
2015-12-11 00:00:00+00:00,76.75462178150254,76.75462178150254,76.23727416992188,7796500,76.04983004634519
2015-12-14 00:00:00+00:00,76.21476485130378,76.69462124338278,76.58965301513672,10641500,75.56245738691229
2015-12-15 00:00:00+00:00,76.96456786251343,78.49411278768434,78.07423400878906,9283200,76.96456786251343
2015-12-16 00:00:00+00:00,78.45659168719175,79.09390039904034,78.91395568847656,8178800,77.61684017066209
2015-12-17 00:00:00+00:00,78.84652728857871,78.92150382094874,77.70686340332031,8740800,77.69936403398049
2015-12-18 00:00:00+00:00,77.28697906541483,77.28697906541483,76.43972778320312,14966000,76.43972778320312
2015-12-21 00:00:00+00:00,76.73212614518621,77.1669978987281,76.16230010986328,8321900,75.61496073449632
2015-12-22 00:00:00+00:00,76.40971902899798,77.13699736388607,77.00953674316406,5581600,75.83988733825102
2015-12-23 00:00:00+00:00,77.30946257313776,77.7293356217352,77.59437561035156,5531700,77.0320431829766
2015-12-24 00:00:00+00:00,77.31695803980585,77.9092821865317,77.7668228149414,2546300,77.2344821636579
2015-12-28 00:00:00+00:00,77.3619378806513,77.57937374754412,77.39192962646484,4063000,77.17449375957202
2015-12-29 00:00:00+00:00,77.48188194132413,78.11919638777195,77.99922943115234,4230000,77.48188194132413
2015-12-30 00:00:00+00:00,78.05924100130953,78.23168641308546,77.81181335449219,3847800,77.62436920757143
2015-12-31 00:00:00+00:00,77.50442297625293,77.69186715956755,77.0170669555664,4592600,76.99457456882345
2016-01-04 00:00:00+00:00,76.25978466471193,76.33476118788485,75.33756256103516,12722800,74.56528778336218
2016-01-05 00:00:00+00:00,75.41250709814089,76.05731522054955,75.65243530273438,6467200,75.40500773290182
2016-01-06 00:00:00+00:00,74.84271567302116,75.70496008784816,75.27008819580078,7733800,74.67776387118646
2016-01-07 00:00:00+00:00,74.46028412952944,75.04510874089713,74.39280700683594,9433100,74.1378800847576
2016-01-08 00:00:00+00:00,74.88767132363603,74.93266180140284,73.59806060791016,9766700,73.36562601374627
2016-01-11 00:00:00+00:00,73.65804193753983,73.95045431562411,73.15569305419922,8151400,72.03852766817619
2016-01-12 00:00:00+00:00,73.47060638976917,73.95046294933277,73.65805053710938,6745000,72.90827394774858
2016-01-13 00:00:00+00:00,73.84548906818064,74.21288368767131,72.74331665039062,8290700,72.60835664575632
2016-01-14 00:00:00+00:00,72.80328533587951,74.58025741536122,74.1453857421875,10164300,72.72830884196607
2016-01-15 00:00:00+00:00,72.25595256626023,73.4780860192997,72.72830963134766,12662200,72.16597734038363
2016-01-19 00:00:00+00:00,73.42561458052637,73.78550982584174,73.10321044921875,12457800,72.65334568283019
2016-01-20 00:00:00+00:00,72.06105783513647,72.93829542939251,71.7911376953125,12685200,70.87640896816944
2016-01-21 00:00:00+00:00,71.80608164113877,72.45838915329121,71.93354797363281,11266400,70.68891643281461
2016-01-22 00:00:00+00:00,72.7433383913659,72.79582253550191,72.54090118408203,8380000,71.94107749080526
2016-01-25 00:00:00+00:00,72.5183858990868,73.24567003843477,72.27845764160156,9350200,72.00853763688806
2016-01-26 00:00:00+00:00,72.92327335570607,75.98235752106132,75.86239624023438,17266600,72.83329810482978
2016-01-27 00:00:00+00:00,75.34503689926309,77.51189046957663,76.59716796875,19330500,75.34503689926309
2016-01-28 00:00:00+00:00,76.85210048570158,77.25698053079893,76.67964935302734,12789500,76.36474455806544
2016-01-29 00:00:00+00:00,77.14451510651249,78.53910006165462,78.30667114257812,15614600,76.9495715858094
2016-02-01 00:00:00+00:00,77.68433397846074,78.56907036743826,78.25416564941406,9803700,77.3919216373897
2016-02-02 00:00:00+00:00,77.45192505632667,78.17170990577593,77.5344009399414,10616300,77.22698978822437
2016-02-03 00:00:00+00:00,77.71432958884522,78.26166318974492,78.08171844482422,10168600,76.48469667792989
2016-02-04 00:00:00+00:00,77.68432047995577,78.04420988935154,77.9017562866211,10389000,77.02451941583752
2016-02-05 00:00:00+00:00,76.97208182708634,77.05455200464932,75.38255310058594,15522200,74.81272118424164
2016-02-08 00:00:00+00:00,75.21009425348694,77.60938297598007,76.47721862792969,14323800,75.1426171004617
2016-02-09 00:00:00+00:00,75.95985666992473,76.65714905553833,76.4547119140625,10044500,75.70493540137437
2016-02-10 00:00:00+00:00,76.51470091656294,77.15950922152436,76.27477264404297,9833100,76.00485262241534
2016-02-11 00:00:00+00:00,75.32256730331919,76.49221713580015,76.25228881835938,12465800,74.96267768732919
2016-02-12 00:00:00+00:00,76.34223175048828,76.46219871857207,76.34223175048828,9035000,75.51747886610181
2016-02-16 00:00:00+00:00,76.75462368213937,77.26447193970668,76.71713256835938,10452800,76.21478367761621
2016-02-17 00:00:00+00:00,77.03952539955698,77.40691423529033,76.85208129882812,8904000,76.64964418699057
2016-02-18 00:00:00+00:00,77.09952577849137,78.48661128375093,78.15670776367188,10744600,76.85209813843208
2016-02-19 00:00:00+00:00,78.22466595463715,79.05539593791211,78.66268920898438,9343300,78.0736204728988
2016-02-22 00:00:00+00:00,78.66271265667946,79.10828399658203,79.10828399658203,6947000,78.57963905740988
2016-02-23 00:00:00+00:00,79.0327492502519,79.13847821820167,78.60227966308594,6629200,78.5116523640733
2016-02-24 00:00:00+00:00,78.04344091307162,79.35751117343972,79.26688385009766,9076100,77.76401674924708
2016-02-25 00:00:00+00:00,79.2593205603217,80.34682526189258,80.33927154541016,8092500,79.12338247262534
2016-02-26 00:00:00+00:00,80.6715659678335,80.74708584730168,79.88614654541016,9049400,79.61427036988678
2016-02-29 00:00:00+00:00,79.5085453416053,80.20333748615238,79.45568084716797,10111100,79.32729646950557
2016-03-01 00:00:00+00:00,79.9767782562067,80.98875737268877,80.9736557006836,8298500,79.62938218210998
2016-03-02 00:00:00+00:00,80.73952463912345,81.1171297362774,80.83769989013672,9767000,80.37702121066516
2016-03-03 00:00:00+00:00,80.67155146244892,80.80748952576786,80.54316711425781,6927200,79.77284950151832
2016-03-04 00:00:00+00:00,80.43744720963099,80.79239695726515,80.42989349365234,6715700,80.10515284813566
2016-03-07 00:00:00+00:00,80.05229859280769,80.74709074493265,80.61115264892578,6973500,79.66713969382192
2016-03-08 00:00:00+00:00,80.4449968226817,80.63379939346153,80.21843719482422,7632900,80.02963462404438
2016-03-09 00:00:00+00:00,80.6866683959961,80.82260648503313,80.6866683959961,7564200,80.12026065197472
2016-03-10 00:00:00+00:00,80.7999558176087,81.1700130471495,80.91323852539062,10474700,80.10516366051647
2016-03-11 00:00:00+00:00,81.18510313070092,81.55515454562142,81.34369659423828,7763800,80.96609146339782
2016-03-14 00:00:00+00:00,81.50231218172962,81.78929584662073,81.30596160888672,7242800,81.04163333610836
2016-03-15 00:00:00+00:00,81.27574073747054,81.82704107176467,81.3814697265625,8476600,80.62625936916403
2016-03-16 00:00:00+00:00,81.35880879105264,81.3965658492698,81.11714172363281,7065100,80.71687542158985
2016-03-17 00:00:00+00:00,81.16245874989748,81.26063402298107,80.61115264892578,8571100,80.39214095192595
2016-03-18 00:00:00+00:00,80.79993033107847,81.4418577902972,81.18508911132812,14758300,80.3241500226261
2016-03-21 00:00:00+00:00,81.11712479344828,81.3738934782046,81.0189437866211,7674700,80.46764360497554
2016-03-22 00:00:00+00:00,81.01894729734377,81.28326970833955,81.09446716308594,7821700,80.84525218231644
2016-03-23 00:00:00+00:00,81.02651150068557,82.18953602140756,81.94031524658203,8191300,80.95853957946171
2016-03-24 00:00:00+00:00,81.72883256718796,82.02336402586795,81.79679870605469,6284500,81.37388292165173
2016-03-28 00:00:00+00:00,81.87235777280628,82.24240923535845,81.73641967773438,4738100,81.60802953775695
2016-03-29 00:00:00+00:00,81.78926361378954,82.5067109696769,82.42363739013672,6612800,81.36634200109509
2016-03-30 00:00:00+00:00,82.65776994995036,82.74084354883857,82.30282592773438,5248200,82.26506310576785
2016-03-31 00:00:00+00:00,82.21218663791892,82.30281394036012,81.7137451171875,8167700,81.59291447572939
2016-04-01 00:00:00+00:00,81.56269337255145,82.53691512369467,82.46139526367188,9043200,81.328580077942
2016-04-04 00:00:00+00:00,82.18196349382507,82.39342140159039,82.00826263427734,10668900,81.75904767829441
2016-04-05 00:00:00+00:00,81.7364124263317,82.95229569541941,82.28015899658203,7939000,81.57026524022857
2016-04-06 00:00:00+00:00,82.10645646633495,82.6955195191041,82.63510131835938,6828700,81.47207688210888
2016-04-07 00:00:00+00:00,82.31789300791489,82.78612529927042,82.52179718017578,7822900,82.03846322345825
2016-04-08 00:00:00+00:00,82.59735024841954,82.8012544884599,82.39344024658203,6301600,82.1366715175092
2016-04-11 00:00:00+00:00,82.43118799473791,82.78613768268958,82.29524993896484,6823900,82.05358292445675
2016-04-12 00:00:00+00:00,82.31790928691542,83.25436829302322,82.77103424072266,8412300,82.12910674267938
2016-04-13 00:00:00+00:00,83.07312795654656,83.3374503931398,82.9749526977539,5758300,82.55203103740773
2016-04-14 00:00:00+00:00,83.07312980501145,83.29214147500394,82.9522933959961,4457100,82.65776185126755
2016-04-15 00:00:00+00:00,83.1259489765123,83.37516961289336,83.20902252197266,10057900,82.69547958721499
2016-04-18 00:00:00+00:00,83.07313634002409,83.90386655106481,83.77548217773438,7772500,82.8239155481726
2016-04-19 00:00:00+00:00,84.31921091554666,86.05619073169194,85.09707641601562,10526400,84.19082657818295
2016-04-20 00:00:00+00:00,85.48227045609221,86.23748088645104,85.77680206298828,8213400,85.37654145678583
2016-04-21 00:00:00+00:00,85.5728850238648,85.89007775764901,85.76924133300781,7884500,85.16507073339756
2016-04-22 00:00:00+00:00,85.66349503245873,85.90516207110997,85.5804214477539,7508700,85.21037005521221
2016-04-25 00:00:00+00:00,85.57286959652711,85.75412420081177,85.72391510009766,6139900,84.946049482549
2016-04-26 00:00:00+00:00,85.67859855518448,85.76167214168653,85.27079010009766,5853600,85.07443382638401
2016-04-27 00:00:00+00:00,85.30857667644497,85.48982558162827,85.16508483886719,5759300,84.93097142959715
2016-04-28 00:00:00+00:00,84.65906136139725,85.11974003940958,84.946044921875,6640000,84.31166536453158
2016-04-29 00:00:00+00:00,84.62884398704851,84.74968037160163,84.64395141601562,7774500,84.21348187918808
2016-05-02 00:00:00+00:00,84.74968005154497,85.18014958674685,85.14994049072266,5178800,84.53066842671652
2016-05-03 00:00:00+00:00,85.00645613491022,85.41427032409135,85.1046371459961,7554500,84.67416757327098
2016-05-04 00:00:00+00:00,84.61375674931254,84.99136187274122,84.74969482421875,5214600,84.35698226924664
2016-05-05 00:00:00+00:00,84.64396605646274,85.41427797494005,85.24813079833984,5404300,84.61375695509935
2016-05-06 00:00:00+00:00,85.02156438553189,85.37651409593656,85.14239501953125,6099900,84.79499902431294
2016-05-09 00:00:00+00:00,85.32366095327356,86.0864191963733,85.88251495361328,6512700,85.13485838109689
2016-05-10 00:00:00+00:00,86.09395565915854,86.84916579651957,86.59994506835938,8356400,86.0335374653386
2016-05-11 00:00:00+00:00,86.52442992875014,86.66792170645405,86.3733901977539,6680700,86.32807366901791
2016-05-12 00:00:00+00:00,86.47156626328992,86.66792252487637,86.26766204833984,7156300,85.74656517642812
2016-05-13 00:00:00+00:00,86.01846275573102,86.16194880877642,85.76168823242188,6779900,85.61064846233265
2016-05-16 00:00:00+00:00,85.63329640276446,86.56975557181411,86.42626953125,6222900,85.57287819526515
2016-05-17 00:00:00+00:00,86.50177470825722,86.51687637666673,85.965576171875,9233900,85.51999916954271
2016-05-18 00:00:00+00:00,85.79944733821822,86.11663429874085,85.78433990478516,8267900,85.24814125386423
2016-05-19 00:00:00+00:00,85.33121574331591,85.36897856549523,85.2254867553711,8232200,84.73459887602861
2016-05-20 00:00:00+00:00,85.33955805392934,85.88719252491278,85.67422485351562,7435200,85.00489705727688
2016-05-23 00:00:00+00:00,85.77309738538021,85.81112981205098,85.30913543701172,6462300,85.21786109476204
2016-05-24 00:00:00+00:00,85.58295822854815,86.32835094862031,85.71226501464844,6125300,85.58295822854815
2016-05-25 00:00:00+00:00,86.0849476902568,86.50328117508086,86.21424865722656,5453800,85.83394759936236
2016-05-26 00:00:00+00:00,86.03171214894626,86.19143790873235,85.87198638916016,3973600,85.83395395938221
2016-05-27 00:00:00+00:00,85.97848099866677,86.20665819711374,85.99369049072266,4647000,85.7122713656779
2016-05-31 00:00:00+00:00,86.14580804280166,86.42722714699407,85.71226501464844,10104700,85.43084010752168
2016-06-01 00:00:00+00:00,85.71228739910815,85.99370657679546,85.7807388305664,4748900,85.24071181607533
2016-06-02 00:00:00+00:00,85.84915018507567,87.20302082222099,87.0813217163086,7310800,85.84154254022296
2016-06-03 00:00:00+00:00,87.06616774614878,87.76592064253519,87.2867431640625,6881700,86.79995803588618
2016-06-06 00:00:00+00:00,87.44644566478361,88.22986509013157,88.05492401123047,6349400,87.41602087702103
2016-06-07 00:00:00+00:00,88.23744273664937,88.40477611098196,88.02447509765625,6417400,87.8115016557302
2016-06-08 00:00:00+00:00,87.86477763516115,88.1918368655562,88.07775115966797,5863800,87.78111671848816
2016-06-09 00:00:00+00:00,88.06250493377487,89.13495661593322,88.99044036865234,7375500,87.93320397722523
2016-06-10 00:00:00+00:00,88.79268107328886,89.16538025330297,88.998046875,6067400,88.50365438535931
2016-06-13 00:00:00+00:00,89.08935917795952,89.47726803616482,88.83075714111328,7940900,88.83075714111328
2016-06-14 00:00:00+00:00,88.57212580822474,89.12736797967354,89.08173370361328,6378400,88.4580401180741
2016-06-15 00:00:00+00:00,89.47723198920706,89.55329103981843,88.54169464111328,6371400,88.48844692245835
2016-06-16 00:00:00+00:00,87.99408961904774,88.90681013748394,88.71665954589844,6664300,87.6366055783973
2016-06-17 00:00:00+00:00,88.7014520981245,88.73947873555753,87.83436584472656,10702200,87.47688179582929
2016-06-20 00:00:00+00:00,88.68622113105823,89.09694704214014,88.64058685302734,5588200,88.55692014134763
2016-06-21 00:00:00+00:00,88.98285383663422,89.10455297962748,88.36676788330078,5493500,88.36676788330078
2016-06-22 00:00:00+00:00,88.64057673857252,89.15017879488404,88.57972717285156,5833800,88.46563568785827
2016-06-23 00:00:00+00:00,89.14257897643557,89.27948760986328,89.27948760986328,6775900,88.74706837038582
2016-06-24 00:00:00+00:00,87.52250512703257,89.08174214001379,87.94844055175781,13939500,87.46926319894193
2016-06-27 00:00:00+00:00,87.46924251078883,88.71662950496888,88.64817810058594,10877400,87.46924251078883
2016-06-28 00:00:00+00:00,89.11974508593656,90.03247107153179,89.92598724365234,10089600,88.64817550616576
2016-06-29 00:00:00+00:00,90.38994273280086,90.82349146202598,90.76264190673828,8341500,89.82709885372212
2016-06-30 00:00:00+00:00,90.64856114594393,92.3447064315542,92.26103973388672,11559900,90.63335165679241
2016-07-01 00:00:00+00:00,92.2610637637467,92.44360669577743,92.25345611572266,7051400,91.87315495561313
2016-07-05 00:00:00+00:00,92.3067028316684,93.72903133327546,92.99884796142578,9334100,92.29148753483149
2016-07-06 00:00:00+00:00,92.74023128507211,93.29547347314276,93.28025817871094,9332400,92.44359687593158
2016-07-07 00:00:00+00:00,93.24221735964294,93.40955076573627,93.1813735961914,6058700,92.80107251068259
2016-07-08 00:00:00+00:00,93.55407868306153,93.63013774904618,93.43998718261719,6129900,92.76305163036479
2016-07-11 00:00:00+00:00,93.33351341777934,93.89635753042347,93.50084686279297,6711600,93.10533619516247
2016-07-12 00:00:00+00:00,93.2878498227427,93.70617750090254,93.49320983886719,6415900,93.25742504203285
2016-07-13 00:00:00+00:00,93.31067704997258,93.8583115561145,93.55406951904297,5230800,93.02165030636843
2016-07-14 00:00:00+00:00,93.53885326843667,94.11690671386891,93.69097137451172,5322700,93.48561135101701
2016-07-15 00:00:00+00:00,94.13973065298495,94.54285468879189,93.55406951904297,7192800,93.33349418723947
2016-07-18 00:00:00+00:00,93.55407675713681,93.72141018061912,93.66056060791016,6599200,93.12814135404341
2016-07-19 00:00:00+00:00,94.90793506843326,95.64572008022529,95.26541900634766,11325700,93.81266611872682
2016-07-20 00:00:00+00:00,95.71418193568323,95.88912300205332,95.1817626953125,7334600,95.1057036328216
2016-07-21 00:00:00+00:00,95.23501111107299,95.63812939239445,95.18937683105469,5492600,94.99161861275053
2016-07-22 00:00:00+00:00,95.16655597517219,95.34149124370178,95.09809875488281,5839200,94.80907198782737
2016-07-25 00:00:00+00:00,95.12854685479046,95.17418114421066,94.99163818359375,4880600,94.42118635409683
2016-07-26 00:00:00+00:00,95.09810246808317,95.4936189046915,95.18937683105469,5589900,94.88513475741787
2016-07-27 00:00:00+00:00,95.15132969704045,95.25021169238497,94.90032958984375,4812600,94.57327042672095
2016-07-28 00:00:00+00:00,95.06005952058143,95.07526901033216,94.66454315185547,4320400,94.62651652601167
2016-07-29 00:00:00+00:00,94.5732723436617,95.31866503388763,95.25021362304688,7020900,94.5732723436617
2016-08-01 00:00:00+00:00,95.31105176243314,95.61529377728331,95.37950897216797,4615100,95.1513260102969
2016-08-02 00:00:00+00:00,95.56964267497952,95.75979317540609,94.9611587524414,7158700,94.67973972568704
2016-08-03 00:00:00+00:00,95.07527823120711,95.07527823120711,94.23861694335938,5310600,94.07889117228308
2016-08-04 00:00:00+00:00,94.49721001812973,94.61130150185272,94.20818328857422,4728200,94.04084988617169
2016-08-05 00:00:00+00:00,94.60369911427435,94.60369911427435,94.4972152709961,5146900,94.132129466309
2016-08-08 00:00:00+00:00,94.31467151986237,94.42876300890066,94.0484619140625,5232500,93.72901038710265
2016-08-09 00:00:00+00:00,94.24621034091315,94.31466174548159,93.88111877441406,3941500,93.8050597239157
2016-08-10 00:00:00+00:00,94.00282374630565,94.14734002221887,93.82788848876953,4333500,93.73661413509787
2016-08-11 00:00:00+00:00,94.20057429561892,94.42114961354788,94.13972473144531,4052000,93.91154757019503
2016-08-12 00:00:00+00:00,93.91152500186493,94.13970210828089,93.72137451171875,4234800,93.51600873271872
2016-08-15 00:00:00+00:00,93.645358172387,93.75944387614436,93.02926635742188,6469500,93.0064492166704
2016-08-16 00:00:00+00:00,92.87712523821554,93.03685098689287,91.52325439453125,11289100,91.31788857270779
2016-08-17 00:00:00+00:00,91.65255276866966,92.28385390243591,92.26863861083984,10442800,91.15816024460051
2016-08-18 00:00:00+00:00,92.16216918897767,92.32950260509239,91.81990051269531,8728000,91.196206927226
2016-08-19 00:00:00+00:00,91.81224795567928,91.87349762004035,91.81990051269531,7798300,91.36049590093111
2016-08-22 00:00:00+00:00,91.80458559366895,91.80458559366895,91.21501159667969,6544900,91.07718963493576
2016-08-23 00:00:00+00:00,91.62849488167706,91.85054174229926,91.452392578125,5603200,91.13080404522367
2016-08-24 00:00:00+00:00,91.48301431673882,91.58255014082182,90.89344024658203,6303900,90.82453217798158
2016-08-25 00:00:00+00:00,91.00828645438537,91.27627199390956,90.78623962402344,5566000,90.6024789457278
2016-08-26 00:00:00+00:00,90.99294891477426,91.6820586033565,91.14608764648438,6482700,90.77856053202541
2016-08-29 00:00:00+00:00,91.34518494525248,91.98069183473045,91.81990051269531,5074900,91.16141842722955
2016-08-30 00:00:00+00:00,92.3941740710117,92.3941740710117,91.4753646850586,3820500,91.31457333459917
2016-08-31 00:00:00+00:00,91.52893219959371,91.5901876966187,91.37579345703125,5693100,91.1231247546832
2016-09-01 00:00:00+00:00,91.26095214794572,91.4140850580003,91.17672729492188,4551800,90.80920013248637
2016-09-02 00:00:00+00:00,91.39112427420778,91.73567627495777,91.3604965209961,5806400,91.03891387474322
2016-09-06 00:00:00+00:00,91.71269713524956,91.85817748707154,91.68972778320312,5280700,91.39111452330768
2016-09-07 00:00:00+00:00,91.75865234061709,91.84287720769774,91.58255004882812,4753800,91.45238646939332
2016-09-08 00:00:00+00:00,91.39879820983711,91.74335026915762,91.4753646850586,4833000,91.22269005934483
2016-09-09 00:00:00+00:00,91.13843926364282,91.23798091060321,90.5259017944336,7957300,90.48761564688792
2016-09-12 00:00:00+00:00,90.16602825786747,91.46001702494661,91.23797607421875,7239800,89.87506757189396
2016-09-13 00:00:00+00:00,90.67137382863511,90.98530387333238,90.05117797851562,7957900,89.9592947319015
2016-09-14 00:00:00+00:00,90.2349334607196,90.60246058447545,90.24259185791016,6124900,89.93632022838786
2016-09-15 00:00:00+00:00,90.2043067308464,91.06952453212745,90.83216094970703,5812100,89.8291270473145
2016-09-16 00:00:00+00:00,90.74027615192152,91.22264999142567,90.54119873046875,12408800,90.4416629405649
2016-09-19 00:00:00+00:00,90.62546396957005,90.85516923839093,90.08949279785156,5457600,90.0741759977181
2016-09-20 00:00:00+00:00,90.47995788245765,90.53355498440924,90.31150817871094,5187700,90.11243656668846
2016-09-21 00:00:00+00:00,90.31150788240551,91.11547025068761,91.04656219482422,6337300,90.07415012334808
2016-09-22 00:00:00+00:00,91.30689057719954,91.75863674965008,91.46768188476562,5340500,91.22266572442976
2016-09-23 00:00:00+00:00,91.42941168355013,91.5748862112481,90.97000122070312,4773000,90.89343475744418
2016-09-26 00:00:00+00:00,90.83216668878032,90.83982508654113,90.18134307861328,5998900,90.01289337775091
2016-09-27 00:00:00+00:00,90.64841519695035,91.28392791748047,91.28392791748047,5349500,90.13541348639319
2016-09-28 00:00:00+00:00,91.15375066415359,91.51361355821221,91.41407775878906,5076100,90.96998417678616
2016-09-29 00:00:00+00:00,91.0235869602535,91.32220021881908,89.79084777832031,6190200,89.6147455189847
2016-09-30 00:00:00+00:00,90.18137049246849,90.82454174203554,90.44935607910156,7941100,89.88275714712768
2016-10-03 00:00:00+00:00,90.34980527416504,91.12313998886769,90.97000122070312,6098600,89.91337000777773
2016-10-04 00:00:00+00:00,90.9929797197388,91.48301798546449,90.97766876220703,5733900,90.564202809082
2016-10-05 00:00:00+00:00,91.28393891340917,91.45238865158994,91.25331115722656,5778700,90.80921745504945
2016-10-06 00:00:00+00:00,90.73264555278577,91.00063110127897,90.92406463623047,4448500,90.28855187719884
2016-10-07 00:00:00+00:00,91.24563538020985,91.55190704205992,91.29923248291016,4799300,90.8781140593066
2016-10-10 00:00:00+00:00,91.50596528357104,92.03427789494408,91.72801208496094,3657000,91.3834542862611
2016-10-11 00:00:00+00:00,91.42941575502401,91.59785964503602,90.07416534423828,6394200,89.630071659255
2016-10-12 00:00:00+00:00,90.31918486227632,90.67905369465723,90.32684326171875,4685200,89.96697442933785
2016-10-13 00:00:00+00:00,89.9975633243194,91.2685825255166,90.5488510131836,7387400,89.79848591630852
2016-10-14 00:00:00+00:00,90.73265425706724,90.962359515896,90.0129165649414,5640500,90.0129165649414
2016-10-17 00:00:00+00:00,89.9669653134584,90.7709277656841,90.72498321533203,6956400,89.9669653134584
2016-10-18 00:00:00+00:00,89.87508429075824,90.71733291562721,88.36670684814453,12598300,88.17528776824645
2016-10-19 00:00:00+00:00,88.48922657088337,88.73424279977225,87.73886108398438,7400900,87.63932524906467
2016-10-20 00:00:00+00:00,87.92260406091903,88.58873865121495,87.95323181152344,6973000,87.7388375572926
2016-10-21 00:00:00+00:00,87.37133921620799,87.47087505062044,86.85833740234375,8422000,86.51377949864343
2016-10-24 00:00:00+00:00,87.23348047990702,87.43255790652724,86.98846435546875,6141900,86.85830081722081
2016-10-25 00:00:00+00:00,87.01143833030898,87.40959320471717,87.25645446777344,5595000,86.59031410577062
2016-10-26 00:00:00+00:00,87.01144536689628,88.22121519918065,87.71586608886719,6429200,86.98081761703068
2016-10-27 00:00:00+00:00,88.03744792717464,89.23955927126369,88.58872985839844,7548700,87.8919675866548
2016-10-28 00:00:00+00:00,88.68063019656371,88.74954410228008,88.30545043945312,8813300,87.72353480684012
2016-10-31 00:00:00+00:00,88.26716913479824,88.99456517592444,88.81079864501953,8552500,87.66994251347477
2016-11-01 00:00:00+00:00,87.86900731133795,88.77250551204196,88.31309509277344,7591900,87.76946566106157
2016-11-02 00:00:00+00:00,88.45090749833787,88.63467398285864,87.94556427001953,6591300,87.92259491986582
2016-11-03 00:00:00+00:00,87.96089201456688,88.38967471865742,88.07574462890625,6227100,87.86135619768429
2016-11-04 00:00:00+00:00,88.08338867973355,88.77249841187407,88.1369857788086,7160600,88.08338867973355
2016-11-07 00:00:00+00:00,88.73421753741103,89.36973020822941,89.32379150390625,6398200,88.69593138937772
2016-11-08 00:00:00+00:00,89.18595559932702,90.0205397527688,89.62239074707031,6675300,89.17829720258904
2016-11-09 00:00:00+00:00,91.88114200833114,93.79533246683803,92.11849975585938,16220000,90.42635609153675
2016-11-10 00:00:00+00:00,92.47073991961354,92.72341454361508,91.52896118164062,11904500,91.13080616655076
2016-11-11 00:00:00+00:00,91.49067365622889,91.49067365622889,90.70968627929688,8134800,90.44935325922121
2016-11-14 00:00:00+00:00,90.79389655539933,91.10782079901227,89.2778549194336,10054900,89.20128845818506
2016-11-15 00:00:00+00:00,89.12472444044234,89.34677127330346,89.06346893310547,7446700,88.6806307747201
2016-11-16 00:00:00+00:00,89.31612485041283,89.41566064779484,89.09407806396484,6594800,88.87968967474485
2016-11-17 00:00:00+00:00,89.33911530636372,89.33911530636372,89.25489044189453,5730300,88.91033842662738
2016-11-18 00:00:00+00:00,89.27028257281569,89.37050617981589,88.93876647949219,7717800,88.51473221523693
2016-11-21 00:00:00+00:00,89.00046711874235,89.18549762403734,88.66123962402344,5843300,88.50704851661322
2016-11-22 00:00:00+00:00,88.34513436667083,88.66123376258209,86.9188461303711,11649700,86.55649058169755
2016-11-23 00:00:00+00:00,86.5411161074825,87.45085814237855,87.17330932617188,7892600,86.00914656275035
2016-11-25 00:00:00+00:00,87.58188205608887,88.06759520822253,87.99049377441406,3433300,87.41226831293194
2016-11-28 00:00:00+00:00,87.72836943766468,87.98279005737592,87.21952819824219,9065700,87.15785528480824
2016-11-29 00:00:00+00:00,87.0807563764852,87.43540651959385,86.7184066772461,7799600,86.47940280845428
2016-11-30 00:00:00+00:00,86.4948228375652,86.74923757496504,85.80866241455078,11178500,85.80866241455078
2016-12-01 00:00:00+00:00,85.85491405352087,85.99368839480834,85.87033081054688,8143300,85.57736537094593
2016-12-02 00:00:00+00:00,86.13245913737539,86.75694070607074,86.31748962402344,6167700,85.9165892559505
2016-12-05 00:00:00+00:00,86.65669950385158,86.67211625710574,86.30205535888672,5451600,86.14015298066441
2016-12-06 00:00:00+00:00,86.5333666320746,87.27349452163457,86.39459228515625,6530400,86.23268986075378
2016-12-07 00:00:00+00:00,86.26352958647259,86.26352958647259,85.65446472167969,11761100,84.282143886937
2016-12-08 00:00:00+00:00,85.22271585198753,85.7315511504645,85.56964874267578,7774900,84.75242538469094
2016-12-09 00:00:00+00:00,85.89348409849126,86.6798682880785,86.5488052368164,7672100,85.73157576220905
2016-12-12 00:00:00+00:00,86.88028570286163,88.96960586980278,88.93876647949219,9544600,86.79547885001058
2016-12-13 00:00:00+00:00,89.0698405558851,89.4090680094846,89.3473892211914,7051600,88.6689401960054
2016-12-14 00:00:00+00:00,89.52469998812107,90.43444138329912,88.65350341796875,9378700,88.33740997190486
2016-12-15 00:00:00+00:00,88.91564946716512,89.3705172962981,89.3473892211914,6738100,88.57642201356562
2016-12-16 00:00:00+00:00,89.74827046224226,89.78681528267846,89.33965301513672,11291100,89.01584828981808
2016-12-19 00:00:00+00:00,89.4861520265799,89.94102567913079,89.44760131835938,6310800,89.38592842002366
2016-12-20 00:00:00+00:00,89.41676079473028,89.62491930955763,89.17005157470703,5715200,88.59182628883892
2016-12-21 00:00:00+00:00,89.58636771471986,89.58636771471986,88.90020751953125,5907600,88.46075654191594
2016-12-22 00:00:00+00:00,88.66125310555476,89.06986489613628,89.00048065185547,4602300,87.79776747952323
2016-12-23 00:00:00+00:00,88.9696197902306,89.67890823231451,89.40135955810547,2992500,88.89252424339767
2016-12-27 00:00:00+00:00,89.34739321816386,89.4322000853576,89.3628158569336,3232600,88.95419827772143
2016-12-28 00:00:00+00:00,89.33968820594352,89.55556398986721,88.73833465576172,3278300,88.69978982014275
2016-12-29 00:00:00+00:00,88.83857706188508,89.3319957327214,89.03902435302734,2993600,88.66896329090737
2016-12-30 00:00:00+00:00,89.27800910807431,89.42448888450133,88.82313537597656,5506700,88.64581620398246
2017-01-03 00:00:00+00:00,89.26258936617437,89.43220310629121,89.30884552001953,5953000,88.83856089789572
2017-01-04 00:00:00+00:00,89.0467148843515,89.60952354919553,89.16236114501953,5828900,88.90022922870446
2017-01-05 00:00:00+00:00,89.43221296704579,90.18005224073731,90.09524536132812,6217200,89.00047313151836
2017-01-06 00:00:00+00:00,89.94875971047128,90.20318034877943,89.66350555419922,5221400,89.247182477517
2017-01-09 00:00:00+00:00,89.70202349354814,89.90247659228801,89.64805603027344,5457500,89.34737932316979
2017-01-10 00:00:00+00:00,89.45533536633504,90.20317459254069,89.5555648803711,5312800,89.33198365630861
2017-01-11 00:00:00+00:00,89.493876163136,89.62493917863881,88.45307159423828,8887200,87.90567969276067
2017-01-12 00:00:00+00:00,88.09842001699369,88.45307010782632,88.3682632446289,6627300,87.40455423739736
2017-01-13 00:00:00+00:00,88.61498380969977,88.6766567236933,88.35285186767578,4935200,88.22950015767499
2017-01-17 00:00:00+00:00,87.84402004056167,88.6997942530548,88.56101989746094,6255400,87.63585556616391
2017-01-18 00:00:00+00:00,88.56101581065883,88.7383349956153,88.42994689941406,5014600,88.2063715587322
2017-01-19 00:00:00+00:00,88.41450802240728,88.58412172698553,88.04444122314453,5540800,87.82857137441302
2017-01-20 00:00:00+00:00,88.26804647456426,88.68436953157742,88.00592041015625,7502400,87.95195293324791
2017-01-23 00:00:00+00:00,88.2834332126829,88.48388039853315,87.82085418701172,7989800,87.73604734607066
2017-01-24 00:00:00+00:00,87.04990534652067,87.3505820700437,86.16329193115234,12450300,85.6930014903573
2017-01-25 00:00:00+00:00,86.2943747040806,86.96511840820312,86.96511840820312,9385500,85.39234432689149
2017-01-26 00:00:00+00:00,86.34834081128626,86.99595054400423,86.22498321533203,10164300,86.0399527034146
2017-01-27 00:00:00+00:00,86.34834438164523,87.53563482273455,87.41227722167969,8886100,86.27124882199303
2017-01-30 00:00:00+00:00,87.42769266237454,87.58188376897996,87.21952819824219,6969400,87.00365829618914
2017-01-31 00:00:00+00:00,86.95741319921274,87.42770378078512,87.31205749511719,8713400,86.67986446641545
2017-02-01 00:00:00+00:00,86.71840537846475,87.36601509371762,87.296630859375,7082300,86.7106940584221
2017-02-02 00:00:00+00:00,86.98052850587877,87.59730468418434,87.55875396728516,7826300,86.94197778897957
2017-02-03 00:00:00+00:00,87.50478935177135,87.62814694426821,87.61272430419922,7267600,86.85717963720414
2017-02-06 00:00:00+00:00,87.47394475206167,87.5741683784953,87.42768859863281,6178400,86.82633507600417
2017-02-07 00:00:00+00:00,87.58188456541701,87.597307205426,87.48937225341797,5507900,87.15785607738933
2017-02-08 00:00:00+00:00,87.35059304891361,87.65126981022793,87.42768859863281,5272000,87.23494678332808
2017-02-09 00:00:00+00:00,87.42769966337782,88.3914088618674,87.95195770263672,5854600,87.42769966337782
2017-02-10 00:00:00+00:00,88.13697921427888,89.42449316019504,88.84626770019531,6438500,88.06759498244543
2017-02-13 00:00:00+00:00,88.87707399582276,89.52468932847138,89.33965301513672,5710800,88.83081785849477
2017-02-14 00:00:00+00:00,89.00046644391678,89.7405943414986,89.70975494384766,5539100,88.90794825096393
2017-02-15 00:00:00+00:00,89.35511447226355,90.55782162143879,90.35736846923828,5979700,89.11611060086581
2017-02-16 00:00:00+00:00,90.20318903259046,91.19002639883321,91.03583526611328,7119300,90.20318903259046
2017-02-17 00:00:00+00:00,91.12063740515724,91.66802354440621,91.6371841430664,8691400,91.01270244147516
2017-02-21 00:00:00+00:00,91.28251646133234,92.43125592732942,92.25393676757812,8595100,91.22083767445673
2017-02-22 00:00:00+00:00,91.96099607114485,92.33876847294002,92.14602661132812,5103900,91.93786798887379
2017-02-23 00:00:00+00:00,92.14599720052303,93.98090290189961,93.82670593261719,9980900,92.11516368867949
2017-02-24 00:00:00+00:00,94.29236568850078,95.25468940885894,95.24693298339844,10835000,93.82672556064588
2017-02-27 00:00:00+00:00,94.78127233511809,95.36332388551513,94.99081420898438,5946200,94.75799122045173
2017-02-28 00:00:00+00:00,94.68814190287745,95.18482538754064,94.84335327148438,8885500,94.63381733177161
2017-03-01 00:00:00+00:00,95.06065458586704,96.58174854624812,96.12387084960938,9393900,95.00633001302965
2017-03-02 00:00:00+00:00,96.0385191865114,96.51192165375205,95.94538879394531,6950200,95.47198632670465
2017-03-03 00:00:00+00:00,95.94538334024489,96.17820634795834,96.0695571899414,5585200,95.63496055787368
2017-03-06 00:00:00+00:00,95.46420822086768,96.56622430508267,96.00745391845703,6670700,95.14601722589818
2017-03-07 00:00:00+00:00,95.13053029831023,96.58953774655217,96.10061645507812,6644000,94.983075307782
2017-03-08 00:00:00+00:00,96.03850438966842,96.7602485382827,96.31012725830078,7909900,95.84448720908323
2017-03-09 00:00:00+00:00,96.6826619275582,97.94765206304378,97.7458724975586,8571100,96.36447084656481
2017-03-10 00:00:00+00:00,97.81571681361262,98.16494542148726,97.94764709472656,7395400,97.42768239555842
2017-03-13 00:00:00+00:00,97.65277380134,98.52196738193108,98.31243133544922,7162500,97.62173032761358
2017-03-14 00:00:00+00:00,98.45208574778472,99.14278648721066,98.59954071044922,7679700,98.38223647880974
2017-03-15 00:00:00+00:00,98.59955373917454,100.11288568936037,100.08184814453125,8360600,98.25031919002235
2017-03-16 00:00:00+00:00,99.6782695601674,99.88004316686269,99.69379425048828,7610700,99.15829901123922
2017-03-17 00:00:00+00:00,99.6860358066004,100.06631378478258,99.38336944580078,13300800,99.29800140342806
2017-03-20 00:00:00+00:00,99.36784321108432,99.66275314231476,99.3911361694336,5827500,99.3135245532561
2017-03-21 00:00:00+00:00,99.63171463120868,99.6860332885082,98.75475311279297,7578600,98.66938507257666
2017-03-22 00:00:00+00:00,98.59953759226543,99.06517766061162,97.98644256591797,10272700,97.947636759833
2017-03-23 00:00:00+00:00,97.86227315708085,98.56073625171305,97.70706176757812,8508100,97.52080691598786
2017-03-24 00:00:00+00:00,97.67602279640222,98.0640572089349,97.38111877441406,6490300,97.10948994889299
2017-03-27 00:00:00+00:00,97.13277960803242,97.89332376139348,97.62946319580078,5004300,97.12501726171045
2017-03-28 00:00:00+00:00,97.48976189729484,97.61392982272746,97.52080535888672,5287600,96.83786104573527
2017-03-29 00:00:00+00:00,97.04743359480538,97.26473197367223,96.94654083251953,3971800,96.51194407478586
2017-03-30 00:00:00+00:00,96.8068319880484,97.34232141854774,96.7447509765625,4711700,96.44984100802743
2017-03-31 00:00:00+00:00,96.31791346403115,96.87668402988912,96.65938568115234,5657600,96.25582652983894
2017-04-03 00:00:00+00:00,96.79906409241529,97.24917949679855,96.76802062988281,4956400,96.44982957962623
2017-04-04 00:00:00+00:00,96.62833125614928,96.83010488798838,96.76026153564453,5358500,96.40327058592696
2017-04-05 00:00:00+00:00,96.7912990019885,97.4742373955328,96.85338592529297,5646300,96.55071957535239
2017-04-06 00:00:00+00:00,96.89221459143563,97.3656171606102,97.04743194580078,4324200,96.62059162246743
2017-04-07 00:00:00+00:00,97.1017581895221,97.37338116310565,96.94654083251953,3615100,96.87669746257095
2017-04-10 00:00:00+00:00,96.90771273203883,96.96979373583638,96.49639129638672,4594200,96.4110291760482
2017-04-11 00:00:00+00:00,96.43431036912921,96.84562588417275,96.40326690673828,4161500,96.19372501583324
2017-04-12 00:00:00+00:00,96.65159595178987,97.36557772991434,97.31901550292969,5556600,96.51190334990169
2017-04-13 00:00:00+00:00,97.10948839349254,97.51304749178648,97.00083923339844,5396500,96.97755811636901
2017-04-17 00:00:00+00:00,97.02412344437636,97.63721853642095,97.56737518310547,5367500,96.95428009106088
2017-04-18 00:00:00+00:00,95.5961568820482,95.7436118516183,94.54070281982422,13485700,93.86552081914213
2017-04-19 00:00:00+00:00,94.7580018380262,94.89769446261135,94.19147491455078,6993100,93.98969536327553
2017-04-20 00:00:00+00:00,94.57172831708276,94.79678894122186,94.5794906616211,6330100,94.17593163870475
2017-04-21 00:00:00+00:00,94.5096746573922,94.71145423984976,94.49415588378906,6021700,94.32341976947392
2017-04-24 00:00:00+00:00,95.08393095144773,95.61942022905632,95.37107849121094,5679000,94.7967893326186
2017-04-25 00:00:00+00:00,95.72032711767405,96.03851818157712,95.79017639160156,5090000,95.46422890243402
2017-04-26 00:00:00+00:00,96.06954743948727,96.43430068478183,95.85224914550781,5021800,95.82896803128635
2017-04-27 00:00:00+00:00,95.90658615709296,96.47311307973573,96.03075408935547,4225200,95.76689353271314
2017-04-28 00:00:00+00:00,96.11613207779762,96.15493789117072,95.82122802734375,4381800,95.55736152246541
2017-05-01 00:00:00+00:00,95.76688980887941,96.06179381735403,95.72032165527344,4556400,95.45646110889115
2017-05-02 00:00:00+00:00,95.86001745941819,96.03075354613163,95.99971008300781,4881600,95.3710962373221
2017-05-03 00:00:00+00:00,95.91433617760535,95.99970421574459,95.71256256103516,3736500,95.48750190784396
2017-05-04 00:00:00+00:00,95.99194434721186,96.19371795654297,96.19371795654297,3753700,95.6349534373169
2017-05-05 00:00:00+00:00,96.07730978453922,96.07730978453922,95.85224914550781,4139800,95.3478032939501
2017-05-08 00:00:00+00:00,95.86778050024085,96.07732239761154,95.65048217773438,3608600,95.4719837437125
2017-05-09 00:00:00+00:00,95.63496286344058,95.82121772154055,95.61943817138672,3762500,95.36333404091478
2017-05-10 00:00:00+00:00,95.38663262388619,95.50303822370304,95.30902099609375,4237400,94.97531112776831
2017-05-11 00:00:00+00:00,95.06841808339944,95.61942616341149,95.61166381835938,4095900,94.9442442463032
2017-05-12 00:00:00+00:00,95.54182476657046,96.31013117507189,95.95314025878906,4097100,95.46421907536718
2017-05-15 00:00:00+00:00,96.55071049648996,98.84011080941679,98.55296325683594,9854600,96.48862357902367
2017-05-16 00:00:00+00:00,98.82459250535211,99.62394237634577,99.1583023071289,7233800,98.60729420111323
2017-05-17 00:00:00+00:00,99.1583162910769,99.25144668642801,98.30464172363281,6480800,98.13390562595688
2017-05-18 00:00:00+00:00,98.14167116459662,99.23593114205542,98.53746795654297,6571300,97.7536367194159
2017-05-19 00:00:00+00:00,98.58399583292598,98.86338100974874,98.56071472167969,6957200,98.12611818925926
2017-05-22 00:00:00+00:00,98.27359268970761,99.06518620299644,98.76251983642578,4858200,98.27359268970761
2017-05-23 00:00:00+00:00,98.80130545641309,99.4532003299795,98.96427917480469,3972500,98.80130545641309
2017-05-24 00:00:00+00:00,99.17384895048325,99.3368227147373,98.95655059814453,3965200,98.78581448675381
2017-05-25 00:00:00+00:00,99.01124180580688,99.69871519787758,99.62840270996094,5294300,98.69094657921089
2017-05-26 00:00:00+00:00,99.3940133475217,99.73774398545342,99.1518325805664,4005200,99.08152607287549
2017-05-30 00:00:00+00:00,98.9799689698278,99.51900939511995,99.3002700805664,3665400,98.5815534869764
2017-05-31 00:00:00+00:00,99.48776958454137,100.62053537209468,100.19086456298828,8813500,99.48776958454137
2017-06-01 00:00:00+00:00,100.24553661224863,100.60488891601562,100.60488891601562,5790900,100.08928404150035
2017-06-02 00:00:00+00:00,100.81582505778587,101.66734677429707,101.62047576904297,6562600,100.64395675825543
2017-06-05 00:00:00+00:00,101.53453706935701,101.96420779892892,101.8392105102539,4634700,101.40173192028888
2017-06-06 00:00:00+00:00,101.69859332708573,102.59699799742442,102.20639038085938,5619100,101.5814158102756
2017-06-07 00:00:00+00:00,102.3392018305412,102.71418182778103,102.1438980102539,5765200,102.01109284290645
2017-06-08 00:00:00+00:00,102.14387338594918,102.65165842812233,101.98763275146484,8101700,101.52671870759737
2017-06-09 00:00:00+00:00,101.84699967911324,102.88601709979264,102.75321197509766,5992500,101.80012868456151
2017-06-12 00:00:00+00:00,102.75325349632698,102.98762048418553,102.97981262207031,8020700,102.66731933145886
2017-06-13 00:00:00+00:00,102.92513112190699,103.69071889235,103.13606262207031,5733800,102.65170095797671
2017-06-14 00:00:00+00:00,103.51883074721133,104.33910916170757,103.72195434570312,7329400,103.51883074721133
2017-06-15 00:00:00+00:00,103.12039522376021,104.17504039761643,103.93285369873047,5265000,102.97196244458377
2017-06-16 00:00:00+00:00,104.4640533516406,105.1515262516453,104.95622253417969,12639600,103.9328210415298
2017-06-19 00:00:00+00:00,104.80001266500929,105.21405576087116,104.7375259399414,7488700,104.28441970061377
2017-06-20 00:00:00+00:00,104.60473405666971,105.2765797567072,104.85472869873047,5201200,104.60473405666971
2017-06-21 00:00:00+00:00,104.90940667581243,105.55000900029324,105.39376831054688,5841100,104.69848710883507
2017-06-22 00:00:00+00:00,105.81559078296652,107.02647666212846,106.2843246459961,7311000,105.67497777629605
2017-06-23 00:00:00+00:00,105.8156119754222,106.64369830161024,106.5811996459961,9007100,105.71406209039894
2017-06-26 00:00:00+00:00,106.62025680707778,106.94836579032282,106.5108871459961,5561800,106.40151748491441
2017-06-27 00:00:00+00:00,106.6358931918628,106.81556938114076,105.47187805175781,6120500,105.45626232775103
2017-06-28 00:00:00+00:00,106.20620904705827,106.40151285623652,104.54222869873047,6557900,104.34692488955221
2017-06-29 00:00:00+00:00,104.2140804608761,104.47188285178518,103.620361328125,5750000,103.36255893721592
2017-06-30 00:00:00+00:00,103.66724013494405,104.0578476802305,103.34693908691406,5264400,103.33913122735099
2017-07-03 00:00:00+00:00,103.73753694058541,104.1515918666708,103.82347106933594,2931000,103.62816731493885
2017-07-05 00:00:00+00:00,103.88599119017906,104.72970501414551,104.40159606933594,4302700,103.44851259709964
2017-07-06 00:00:00+00:00,104.37817124663289,104.6594092167288,103.52664947509766,4282200,103.4407153197795
2017-07-07 00:00:00+00:00,103.83130930065957,103.901615803842,103.54225158691406,4994100,102.87822585619556
2017-07-10 00:00:00+00:00,103.6985232365422,103.80007311969327,102.76887512207031,4019600,102.51888050422264
2017-07-11 00:00:00+00:00,102.67511578982287,102.95635375993702,102.51887512207031,3733100,101.93296367769908
2017-07-12 00:00:00+00:00,103.15164655505565,103.81568422256356,103.30007934570312,5053200,102.94072704030168
2017-07-13 00:00:00+00:00,103.19850510553844,103.292247089956,103.0110092163086,4424400,102.33135598849184
2017-07-14 00:00:00+00:00,103.12041554536819,103.90163081465128,103.58914947509766,4383100,102.91730386669823
2017-07-17 00:00:00+00:00,103.67506985148746,103.84692622112024,103.23757934570312,4939400,102.92509804768318
2017-07-18 00:00:00+00:00,102.82354548221892,105.42499364688773,105.04220581054688,10256000,102.4016945000233
2017-07-19 00:00:00+00:00,105.33904745360772,105.78434580873612,105.62810516357422,5503300,105.0890648054281
2017-07-20 00:00:00+00:00,106.03434476276635,107.08899014048643,106.6905746459961,6088600,105.94841060665289
2017-07-21 00:00:00+00:00,105.72187306682714,106.456217391428,105.70624542236328,6773500,105.5421968768929
2017-07-24 00:00:00+00:00,105.45624616593172,105.58905132203613,103.90943145751953,8306700,103.7844460826201
2017-07-25 00:00:00+00:00,104.4797100135503,104.56564414992532,103.02664947509766,6262900,102.69072078912396
2017-07-26 00:00:00+00:00,102.8548314969425,103.30793789935571,102.30016326904297,5382200,102.14392255934236
2017-07-27 00:00:00+00:00,102.22201802323355,102.45637305685382,102.20639038085938,5838100,101.22206347845889
2017-07-28 00:00:00+00:00,102.44855161750924,103.1125892458188,103.00321960449219,4970900,101.96420205169095
2017-07-31 00:00:00+00:00,103.22975517331642,104.35470674106246,103.682861328125,5440800,103.19851181661039
2017-08-01 00:00:00+00:00,104.03445727806474,104.17508225393212,103.51885223388672,3837600,103.33917602287977
2017-08-02 00:00:00+00:00,103.18290083120311,103.5110097713514,103.24539947509766,4032100,102.72979460326573
2017-08-03 00:00:00+00:00,103.05011215776035,104.21411531524353,104.17506408691406,4327300,102.73761888832912
2017-08-04 00:00:00+00:00,104.47975750636864,104.69067709302338,104.04226684570312,3192800,103.74541308361071
2017-08-07 00:00:00+00:00,103.97195067238178,104.27662418968987,103.79227447509766,3010800,103.51884432759529
2017-08-08 00:00:00+00:00,103.51102077454011,103.74538773395845,103.33134460449219,5535800,102.65167923013917
2017-08-09 00:00:00+00:00,103.75319747654358,104.22193140388005,104.08130645751953,6332300,103.40946085255001
2017-08-10 00:00:00+00:00,103.93284543259686,104.5656396388203,103.97190856933594,5607900,103.40943277740114
2017-08-11 00:00:00+00:00,104.40162554598707,105.06566340393633,103.97977447509766,4270600,103.7063443170242
2017-08-14 00:00:00+00:00,104.839079607908,104.97188476418629,104.27660369873047,3041100,103.80006194013278
2017-08-15 00:00:00+00:00,104.56567373527554,104.6359802520938,104.19850158691406,3931800,104.05787663287795
2017-08-16 00:00:00+00:00,104.74534442680918,105.44062553760331,104.8156509399414,4469900,104.57347611444217
2017-08-17 00:00:00+00:00,104.82343845339253,105.26092893111137,103.93285369873047,5741400,103.92504583891994
2017-08-18 00:00:00+00:00,103.64378455132454,104.51093361063647,103.61254119873047,4792800,103.41723746393403
2017-08-21 00:00:00+00:00,103.33917609394706,104.40943741817868,104.2531967163086,4660000,103.26886956616575
2017-08-22 00:00:00+00:00,104.11255093080442,105.2999894280423,105.22968292236328,4150300,103.82349320679452
2017-08-23 00:00:00+00:00,105.01878781875281,105.06567075915683,103.74541473388672,5129900,103.62822526347942
2017-08-24 00:00:00+00:00,103.76099496990709,103.96410660391079,103.815673828125,5398400,103.3313242822104
2017-08-25 00:00:00+00:00,103.7056266504999,104.21664190698172,103.52479553222656,4133300,103.47762636962536
2017-08-28 00:00:00+00:00,103.52480217554695,103.87072538512288,103.57198333740234,5349200,103.37543714980033
2017-08-29 00:00:00+00:00,103.43834001002007,104.13017447735973,103.94149780273438,3277900,103.22606675483851
2017-08-30 00:00:00+00:00,103.77638069506592,103.77638069506592,103.04523468017578,5430800,102.91157272411643
2017-08-31 00:00:00+00:00,103.29681069882527,104.16947622478386,104.06726837158203,7407100,103.18674531700289
2017-09-01 00:00:00+00:00,104.24810984622401,104.28740948945561,103.0137939453125,3820800,102.9430401920219
2017-09-05 00:00:00+00:00,102.77006631994301,103.13170456889904,102.1253890991211,5146600,101.98388160941482
2017-09-06 00:00:00+00:00,102.6285584336734,102.99020871973188,102.73076629638672,5601900,102.36912800655627
2017-09-07 00:00:00+00:00,102.8801463669828,104.18521605161514,103.92577362060547,3800200,102.40057314533976
2017-09-08 00:00:00+00:00,103.77638382531028,104.0436837530386,102.97447204589844,4854400,102.88799124619494
2017-09-11 00:00:00+00:00,103.28107227863256,104.82985697854014,104.7276611328125,5724200,103.00591485247281
2017-09-12 00:00:00+00:00,105.21506350725461,105.25437512792466,104.27164459228516,5465200,103.72130589534915
2017-09-13 00:00:00+00:00,104.30314962661501,105.15223076128169,104.13018798828125,4679500,103.65848424428616
2017-09-14 00:00:00+00:00,103.88643072709422,105.71824225224871,105.49024200439453,6274500,103.76850783766949
2017-09-15 00:00:00+00:00,105.96983747328105,106.48872228884025,105.7025375366211,15522000,105.49026429457827
2017-09-18 00:00:00+00:00,105.69464705844935,106.74027389248398,106.43366241455078,5260800,105.4352047315484
2017-09-19 00:00:00+00:00,106.15064969312112,106.75600320720412,106.3078842163086,4903800,105.62390744251928
2017-09-20 00:00:00+00:00,104.75908872661616,105.57671536029025,104.73550415039062,8705500,104.04365792451138
2017-09-21 00:00:00+00:00,104.80629563359173,105.20725756631263,103.57984924316406,6051800,103.28896470078085
2017-09-22 00:00:00+00:00,103.76849895704417,104.08296796608072,103.29678344726562,4334900,103.20244514379941
2017-09-25 00:00:00+00:00,103.35970577593599,103.58769406568558,103.12384796142578,6017400,102.85654803655336
2017-09-26 00:00:00+00:00,103.38329284405457,103.72921604749185,102.94303131103516,4516200,102.84869298145301
2017-09-27 00:00:00+00:00,102.99020009417525,103.06095384109966,102.0074691772461,5796100,101.75588430432327
2017-09-28 00:00:00+00:00,102.13326911378846,102.41629611849702,101.78734588623047,3992700,101.64582638576223
2017-09-29 00:00:00+00:00,101.8738298324451,102.57353383839376,102.21188354492188,5736900,101.45715283992669
2017-10-02 00:00:00+00:00,102.32980832895434,103.24964303243364,103.16316223144531,4492900,102.21974294553529
2017-10-03 00:00:00+00:00,103.50122585282217,104.09086446268533,103.85501861572266,3900800,103.27323753534884
2017-10-04 00:00:00+00:00,104.09083943429269,104.70406248140411,104.47607421875,3589000,103.85499364403856
2017-10-05 00:00:00+00:00,104.476101989694,104.80629818004505,104.71195983886719,3741100,104.05942498785373
2017-10-06 00:00:00+00:00,104.56254259392081,104.75908872661616,104.73550415039062,2469500,104.15372327897181
2017-10-09 00:00:00+00:00,105.08147831656046,105.20727078169476,104.91637420654297,3750500,104.69624339067282
2017-10-10 00:00:00+00:00,105.00284925441338,105.45098038823281,105.27014923095703,4184600,104.4996914177663
2017-10-11 00:00:00+00:00,106.04059069642403,107.77019454782231,107.43212890625,8269400,105.63962884255393
2017-10-12 00:00:00+00:00,107.18842695439695,108.11613120625006,107.57366180419922,5172800,106.93685407004472
2017-10-13 00:00:00+00:00,107.39284776280554,108.0375130564708,107.25918579101562,4106600,107.18843203858188
2017-10-16 00:00:00+00:00,107.2748918950751,107.91169953506632,107.01544952392578,5120100,106.55946099247174
2017-10-17 00:00:00+00:00,108.2340430707296,110.94637780782818,110.68693542480469,11717300,107.75446993778787
2017-10-18 00:00:00+00:00,110.68692939803084,111.30802197708859,110.60044860839844,6827700,110.12088749779441
2017-10-19 00:00:00+00:00,110.62408523691336,112.408716365856,111.6697006225586,9181300,110.49042324399375
2017-10-20 00:00:00+00:00,111.93697506868715,112.91183636374673,111.95269012451172,5634500,111.504571108995
2017-10-23 00:00:00+00:00,111.74045747595662,113.48578881681655,112.911865234375,6686000,111.70114583389189
2017-10-24 00:00:00+00:00,112.72316743371756,112.72316743371756,111.3552017211914,6585800,110.79700529937004
2017-10-25 00:00:00+00:00,110.97784532105821,112.60524156144764,111.9212646484375,6563600,110.82061076586628
2017-10-26 00:00:00+00:00,112.03919569459258,113.01406920147714,111.4888687133789,5841100,111.15081499500069
2017-10-27 00:00:00+00:00,110.85203268639712,112.18854415642065,111.46525573730469,5140100,110.2230825839668
2017-10-30 00:00:00+00:00,110.91495321741426,111.01716108038589,110.06587219238281,6034300,109.53127228563784
2017-10-31 00:00:00+00:00,110.08158578431262,110.27026243598121,109.60201263427734,4832100,109.2639469729935
2017-11-01 00:00:00+00:00,109.93220222180261,110.52969824353542,110.05012512207031,5006800,109.54696742055165
2017-11-02 00:00:00+00:00,110.15233032520452,110.29383780213267,110.01081085205078,3494100,109.36614568566876
2017-11-03 00:00:00+00:00,109.85358422000161,110.38032652680735,110.12875366210938,2737000,109.51553055888917
2017-11-06 00:00:00+00:00,110.07371291838655,110.45109020272159,109.87716674804688,4220700,109.84572463913206
2017-11-07 00:00:00+00:00,110.12873268497607,110.18375936518036,109.88501739501953,4201900,109.20889820535426
2017-11-08 00:00:00+00:00,109.83001774965383,111.53603738185383,111.10364532470703,4440700,109.64134106907441
2017-11-09 00:00:00+00:00,110.74199149461344,111.17439553419783,110.3410415649414,3517100,109.90863752535701
2017-11-10 00:00:00+00:00,110.16805592356961,110.16805592356961,109.71992492675781,4240800,108.97305192829693
2017-11-13 00:00:00+00:00,109.28752823702787,110.0815824427849,109.87716674804688,4322300,108.82368215412055
2017-11-14 00:00:00+00:00,109.72782084659244,110.28600534968879,109.66492462158203,4078200,109.2167935169685
2017-11-15 00:00:00+00:00,109.46046456535102,109.93218006379426,109.35826873779297,4811500,109.0830993643305
2017-11-16 00:00:00+00:00,109.60988665716829,109.81429039264417,109.17748260498047,4193800,108.99666345451224
2017-11-17 00:00:00+00:00,108.72934229739612,109.16960379335038,108.49348449707031,4247400,108.40700370349172
2017-11-20 00:00:00+00:00,108.61140763245064,108.9337462270475,108.43844604492188,4266300,108.28908103407983
2017-11-21 00:00:00+00:00,108.84727639573593,109.48408412476091,108.76079559326172,5660600,108.642872679082
2017-11-22 00:00:00+00:00,108.7293570365717,108.79225325826643,107.935302734375,3917000,107.39284531518489
2017-11-24 00:00:00+00:00,108.10040810987921,108.79225456057533,108.50135803222656,2606800,107.95103108109456
2017-11-27 00:00:00+00:00,108.77030838549175,109.40311023354,109.23700714111328,3933100,108.74657937228793
2017-11-28 00:00:00+00:00,109.39520232510117,111.15912733171848,110.75572204589844,5052800,109.35564994734835
2017-11-29 00:00:00+00:00,110.91386627742777,111.23817872184772,110.58955383300781,5851400,109.90929429895672
2017-11-30 00:00:00+00:00,110.7873718498189,110.96139267996531,110.20994567871094,8941900,109.53759137408227
2017-12-01 00:00:00+00:00,110.39975196591757,111.15910435517289,110.72405242919922,5990500,109.63248186093364
2017-12-04 00:00:00+00:00,111.23029621917995,111.92637933103035,109.956787109375,5916700,109.89350572923505
2017-12-05 00:00:00+00:00,110.57377499128489,111.38059757036883,110.4788589477539,6745300,110.10708835100395
2017-12-06 00:00:00+00:00,111.4043254612573,112.29025278083726,111.5783462524414,5591700,110.89018080437978
2017-12-07 00:00:00+00:00,110.74781799316406,111.92641140534859,110.74781799316406,4713100,110.15456846274702
2017-12-08 00:00:00+00:00,110.73987166510413,111.34102662334125,111.20655822753906,5101300,110.58167426237733
2017-12-11 00:00:00+00:00,111.45177268483803,111.66534582963433,111.64161682128906,4358600,110.6054098912494
2017-12-12 00:00:00+00:00,112.7964859008789,113.5637560574836,112.7964859008789,8016700,112.35351622937428
2017-12-13 00:00:00+00:00,112.71735925665169,113.45298254466636,113.02584838867188,6118400,112.48797485373906
2017-12-14 00:00:00+00:00,113.52420535612151,113.60329803207296,112.04502868652344,5337900,112.01339403008078
2017-12-15 00:00:00+00:00,112.7015641626897,113.22362653848505,112.68575286865234,12517000,112.14786712912954
2017-12-18 00:00:00+00:00,112.76484370489521,113.74568705523538,112.16368865966797,5833200,111.84728173874053
2017-12-19 00:00:00+00:00,112.23487568995334,112.622469641953,112.14786529541016,6580100,111.81564708070613
2017-12-20 00:00:00+00:00,112.52756274288407,112.78068832733977,111.657470703125,6289800,111.59418930701108
2017-12-21 00:00:00+00:00,111.99757486674216,112.45635585534659,111.5783462524414,6284700,111.54671159481249
2017-12-22 00:00:00+00:00,111.5308531484158,111.8077076117651,110.83477020263672,4665600,110.77148883759442
2017-12-26 00:00:00+00:00,111.10372061186546,111.16698990812716,110.81104278564453,3271100,110.48673031129275
2017-12-27 00:00:00+00:00,111.07210825686478,111.64953430396325,111.19076538085938,3753600,110.89808746409152
2017-12-28 00:00:00+00:00,111.29358547499503,111.53088764989025,111.18284606933594,2485000,111.00091963211527
2017-12-29 00:00:00+00:00,111.51503358799455,111.69697204482044,110.51837921142578,4452900,110.40763983625148
2018-01-02 00:00:00+00:00,110.47094187285542,110.70032631088968,110.13080596923828,6842100,109.72740075627226
2018-01-03 00:00:00+00:00,110.23364943944507,111.27776211141801,111.18284606933594,5350500,109.86978449531375
2018-01-04 00:00:00+00:00,111.09581439537429,111.64160567218772,111.17491912841797,4837600,110.91388799299904
2018-01-05 00:00:00+00:00,111.28569138751199,112.17952444226246,112.09251403808594,6158800,110.96137878379122
2018-01-08 00:00:00+00:00,112.08457151913804,112.3218736661733,112.23486328125,5129800,111.4675931786595
2018-01-09 00:00:00+00:00,112.61459124783502,115.23279757554857,114.01466369628906,8897000,112.52758082290977
2018-01-10 00:00:00+00:00,113.54794685729922,114.0304568915355,113.88016510009766,6558600,113.36602040593861
2018-01-11 00:00:00+00:00,114.00671254587876,114.6157732075817,114.52876281738281,4962200,113.65867098508319
2018-01-12 00:00:00+00:00,114.68699026829009,115.81811344835496,115.29605102539062,5450600,114.61579115992863
2018-01-16 00:00:00+00:00,115.8180961320397,117.11533427807237,116.1661376953125,8804000,115.50960694090051
2018-01-17 00:00:00+00:00,116.94132243783766,117.32101075572432,116.26106262207031,10619700,115.07456378547775
2018-01-18 00:00:00+00:00,116.22149054571766,116.62490780637597,116.21358489990234,5554800,115.46213817804602
2018-01-19 00:00:00+00:00,116.64071971937648,116.79099939324715,116.56161499023438,8738800,115.81807398717213
2018-01-22 00:00:00+00:00,116.28479401002342,117.17862701416016,117.17862701416016,7010400,116.0554095409241
2018-01-23 00:00:00+00:00,116.24525367130963,116.62492992716038,112.18742370605469,17473600,112.02130855491905
2018-01-24 00:00:00+00:00,113.50837361852493,113.5558316345323,112.37725067138672,13034400,112.16367752966481
2018-01-25 00:00:00+00:00,112.56711305915192,114.42596631811023,114.22029876708984,7938800,112.48802036772958
2018-01-26 00:00:00+00:00,114.29937138997562,115.1694752388128,114.95590209960938,8065600,114.00670558158882
2018-01-29 00:00:00+00:00,114.5762365015043,114.64742353125875,113.6507568359375,8013400,113.53211178634672
2018-01-30 00:00:00+00:00,113.42927270061821,113.76150296324148,112.66200256347656,8376100,112.66200256347656
2018-01-31 00:00:00+00:00,112.77276213315275,112.77276213315275,109.30818176269531,13137400,109.23699473117111
2018-02-01 00:00:00+00:00,108.78612950284293,111.2698667476117,110.75572204589844,9393600,108.36690085198353
2018-02-02 00:00:00+00:00,109.96472575886521,111.02466192118351,108.90477752685547,9262500,108.66748739327036
2018-02-05 00:00:00+00:00,108.03464480824972,108.36686293970244,103.13835906982422,19954100,96.62052900320704
2018-02-06 00:00:00+00:00,102.83781083663642,105.19499735345454,104.27743530273438,19193500,101.24790664764883
2018-02-07 00:00:00+00:00,104.32488031764518,105.54301373192429,103.95310974121094,10550400,103.89774607540664
2018-02-08 00:00:00+00:00,103.54970952670325,103.81864636150458,99.9506607055664,11680200,99.75291090297307
2018-02-09 00:00:00+00:00,100.86821973165493,103.55761833601855,102.4581298828125,15030900,99.22294591031945
2018-02-12 00:00:00+00:00,102.82990673362714,103.87403158006651,103.0434799194336,9963900,100.994788639467
2018-02-13 00:00:00+00:00,102.20499896633676,103.30448723195404,102.79824829101562,6339000,101.80158170095456
2018-02-14 00:00:00+00:00,102.38693648192334,102.83779974133009,102.56886291503906,6259700,101.55638492337545
2018-02-15 00:00:00+00:00,102.90901256587232,103.84238593560906,103.8028335571289,5606400,102.3553034065328
2018-02-16 00:00:00+00:00,103.58924767937715,106.34982681997823,105.32152557373047,7970100,103.49431957977578
2018-02-20 00:00:00+00:00,105.10004164415132,105.55882254907849,103.5180435180664,6563500,103.35194047385268
2018-02-21 00:00:00+00:00,103.46267855481125,104.75199880391921,102.7586898803711,6578000,102.71913751378031
2018-02-22 00:00:00+00:00,102.90898163160344,103.63669931206051,102.7586898803711,5732200,102.41855401131563
2018-02-23 00:00:00+00:00,102.90106932847705,104.47516187195176,104.42770385742188,5126800,102.8457056680883
2018-02-26 00:00:00+00:00,104.84963158350044,106.20293842907289,105.13621520996094,6684400,104.28442060046169
2018-02-27 00:00:00+00:00,105.24766870393306,105.94819704300623,104.81778717041016,7158600,104.76206898464386
2018-02-28 00:00:00+00:00,105.04068434649345,105.34319267441172,103.39283752441406,7985900,103.38486910716726
2018-03-01 00:00:00+00:00,102.77985041134738,103.58387088875536,101.32305145263672,9424000,100.71804095380004
2018-03-02 00:00:00+00:00,101.02854050102725,102.7798798310566,102.54902648925781,6910400,101.02854050102725
2018-03-05 00:00:00+00:00,102.39776443713015,103.72719048566286,103.3211898803711,5799800,102.03952575081897
2018-03-06 00:00:00+00:00,103.48835883644772,103.64756926680066,102.07136535644531,5546500,101.83254363742729
2018-03-07 00:00:00+00:00,101.48226139656299,102.95497887216845,102.72411346435547,6391700,101.31508257894065
2018-03-08 00:00:00+00:00,102.95499049998696,105.31930228482618,105.12824249267578,6423400,102.95499049998696
2018-03-09 00:00:00+00:00,105.48645999411085,106.52931427213662,106.51338958740234,7557800,104.7302014534005
2018-03-12 00:00:00+00:00,106.51338670972507,106.855688466924,105.58199310302734,4942000,105.33521515770254
2018-03-13 00:00:00+00:00,106.513402757536,107.77914204347039,106.95124053955078,9152300,106.23477540162379
2018-03-14 00:00:00+00:00,107.65974192913484,108.02592471035204,105.33523559570312,6770600,105.00087789531882
2018-03-15 00:00:00+00:00,105.51834317653297,106.86369401377023,105.92433166503906,6147200,105.45465656416312
2018-03-16 00:00:00+00:00,106.00391727885449,106.9910291639278,106.41786193847656,14233500,105.1600911266558
2018-03-19 00:00:00+00:00,106.15517315828276,106.250696981756,103.67941284179688,6017000,102.97887241105569
2018-03-20 00:00:00+00:00,104.10927756119334,104.90534177998023,104.45159149169922,6214300,102.99479251368206
2018-03-21 00:00:00+00:00,104.60285855719519,105.70143132941917,104.4356918334961,5158700,104.01377866818841
2018-03-22 00:00:00+00:00,103.8625137432679,104.0296804496752,101.40267181396484,7560100,101.17977477410335
2018-03-23 00:00:00+00:00,101.60168048415187,101.7370160257572,99.58763885498047,8452500,99.4284284305474
2018-03-26 00:00:00+00:00,100.63048209982561,101.53003249211007,101.4106216430664,8358200,99.67520138096447
2018-03-27 00:00:00+00:00,101.18770590272513,102.77187779809285,101.2673110961914,7789900,100.61453879218875
2018-03-28 00:00:00+00:00,101.60168109447243,102.70821602283623,101.45838928222656,6868500,101.26733555706154
2018-03-29 00:00:00+00:00,101.87236212689216,102.50124765752474,102.0156478881836,6119400,100.95688685320854
2018-04-02 00:00:00+00:00,101.75293959386883,101.80070150882693,99.15776824951172,8916900,98.34578532778052
2018-04-03 00:00:00+00:00,99.65132219731034,102.2862989720256,102.17485046386719,8035000,99.2532900757479
2018-04-04 00:00:00+00:00,101.0205483653022,104.37993419324577,103.81473541259766,7717100,100.61455392203996
2018-04-05 00:00:00+00:00,103.8147747163668,104.4436603288526,104.05359649658203,5621700,103.09035310360672
2018-04-06 00:00:00+00:00,103.66349007059864,103.99783560590808,101.97583770751953,6399300,100.63048714952744
2018-04-09 00:00:00+00:00,102.41365186982577,104.39585605038755,103.07438659667969,6395800,101.64147471716944
2018-04-10 00:00:00+00:00,103.68737030029297,104.21277562937307,103.68737030029297,6019300,102.92314326281493
2018-04-11 00:00:00+00:00,102.8037260650486,103.76696905201769,103.19380187988281,4575400,102.71615852077868
2018-04-12 00:00:00+00:00,103.55999141020605,104.53119072985471,103.83065032958984,4559800,103.37690004085538
2018-04-13 00:00:00+00:00,104.35605422610102,104.61875687266675,103.98190307617188,4742300,103.19380728345052
2018-04-16 00:00:00+00:00,104.61080436073658,105.78101976157032,104.88941955566406,6379600,104.50731212283354
2018-04-17 00:00:00+00:00,105.16807809168225,105.23972097903007,103.91825103759766,11008700,102.54106289944357
2018-04-18 00:00:00+00:00,103.24157209224995,103.40873877850242,101.67332458496094,9383600,101.05239545635654
2018-04-19 00:00:00+00:00,101.6016825411296,102.11116927130469,101.53800201416016,5959500,101.01259667061484
2018-04-20 00:00:00+00:00,101.89620602376401,102.13502768602707,100.82948303222656,7743900,100.43940724563109
2018-04-23 00:00:00+00:00,101.00463569131283,101.33898731148841,100.96483612060547,7501900,100.12896618039936
2018-04-24 00:00:00+00:00,101.05240098931901,101.46635173989114,100.45535278320312,6577500,99.75481233432788
2018-04-25 00:00:00+00:00,100.23244243520001,100.98073862409692,100.90909576416016,5859600,99.73091812169226
2018-04-26 00:00:00+00:00,100.79765211589522,102.8674178402005,101.9041748046875,8211100,100.79765211589522
2018-04-27 00:00:00+00:00,101.68130766514842,102.52512790534428,102.1111831665039,4266800,101.49821018228822
2018-04-30 00:00:00+00:00,102.58086591943767,102.67638976678282,100.6941909790039,8219400,100.6941909790039
2018-05-01 00:00:00+00:00,100.5588278200813,100.81356811688346,100.31204986572266,5122600,99.48414238274373
2018-05-02 00:00:00+00:00,99.92197367567749,100.44737895224611,98.31392669677734,7390800,98.07510501224839
2018-05-03 00:00:00+00:00,98.15472957823305,98.46519416606074,97.93978881835938,7282900,96.54667630813661
2018-05-04 00:00:00+00:00,97.59746737940024,99.11795288043884,98.86321258544922,6127600,96.96061967867004
2018-05-07 00:00:00+00:00,98.82345040931379,99.69912017886504,98.38561248779297,6707900,98.17067773672208
2018-05-08 00:00:00+00:00,97.80443900513055,98.30595721804944,97.60542297363281,5951800,96.87304543535805
2018-05-09 00:00:00+00:00,97.90795019093662,98.7517825102334,98.32190704345703,6808600,97.54176132816168
2018-05-10 00:00:00+00:00,98.88711632473567,100.34391556933127,99.78666687011719,4948000,98.71198119279666
2018-05-11 00:00:00+00:00,100.12099102274176,101.57778995562722,101.29120635986328,5716700,100.11303475371174
2018-05-14 00:00:00+00:00,101.37878368466887,101.58576209568014,100.35186004638672,6101600,99.98567121059041
2018-05-15 00:00:00+00:00,99.93789281358215,100.1687521428832,99.61150360107422,5875700,99.03038018032277
2018-05-16 00:00:00+00:00,99.85831582113273,100.22450469996474,99.78666687011719,3818100,99.50804555725469
2018-05-17 00:00:00+00:00,99.89809701670559,99.97770222380836,98.5925521850586,6473400,98.35373656375029
2018-05-18 00:00:00+00:00,98.53683393235399,99.06223926350103,98.90302276611328,5433900,98.13880179911715
2018-05-21 00:00:00+00:00,99.20553378110291,99.50007368070176,98.48907470703125,5558700,98.17064777705623
2018-05-22 00:00:00+00:00,98.5527655600108,98.9030297319566,97.84426879882812,7172700,97.72485793574917
2018-05-23 00:00:00+00:00,97.81241152026148,98.68808093523091,98.27412414550781,4940800,97.70891928608674
2018-05-24 00:00:00+00:00,98.09103089570999,98.22636035096914,97.31884765625,6923600,96.76160515019012
2018-05-25 00:00:00+00:00,97.48727431496039,98.4817195115052,97.41510009765625,4594800,97.14242766681875
2018-05-29 00:00:00+00:00,96.63717638412326,96.87776931216057,95.75501251220703,9821900,95.12947824154884
2018-05-30 00:00:00+00:00,96.33246521868298,97.50333857706104,97.0141372680664,6423700,95.86732198742014
2018-05-31 00:00:00+00:00,96.97400500512073,97.23865601157944,95.93144989013672,10337500,95.86729095792869
2018-06-01 00:00:00+00:00,96.54093759451081,97.2947897219822,97.24667358398438,5741000,96.21213378730523
2018-06-04 00:00:00+00:00,97.71983796154042,98.13686491172938,97.80003356933594,4853000,97.05420279162557
2018-06-05 00:00:00+00:00,97.88024797473749,98.28924746303481,97.42312622070312,5125400,96.95798306929034
2018-06-06 00:00:00+00:00,97.81606489240147,98.47367858886719,98.47367858886719,6799300,97.40705938651061
2018-06-07 00:00:00+00:00,98.6421101372029,99.03507292781224,98.9067611694336,7414100,98.0566705312259
2018-06-08 00:00:00+00:00,98.9308197115722,100.12575088295583,99.49219512939453,6208100,98.90676163917027
2018-06-11 00:00:00+00:00,99.66058609294736,99.71672362252778,98.36942291259766,5571400,98.28120592060958
2018-06-12 00:00:00+00:00,98.77040822559604,98.78644489773052,98.27318572998047,5227300,97.80002130183256
2018-06-13 00:00:00+00:00,98.76242500830595,99.51627126067481,98.34539794921875,5836900,98.20906476851243
2018-06-14 00:00:00+00:00,98.40953978626762,98.762407833588,98.16895294189453,5239200,97.91231718491011
2018-06-15 00:00:00+00:00,97.92032491190722,98.42556883976987,98.32933044433594,13173500,97.23063170762833
2018-06-18 00:00:00+00:00,97.52735606473557,97.68774726188369,97.29478454589844,6787400,96.43667879223892
2018-06-19 00:00:00+00:00,96.7654926538323,98.77842856996689,98.29724884033203,8572400,96.69331232919434
2018-06-20 00:00:00+00:00,98.17695337915285,98.36943016779477,97.87220764160156,6277200,97.56746190405028
2018-06-21 00:00:00+00:00,97.70379972224929,98.0326035445035,97.3990478515625,4417200,97.12638156571913
2018-06-22 00:00:00+00:00,97.58348356652657,98.94682695776487,98.51376342773438,9501400,97.5594255012801
2018-06-25 00:00:00+00:00,98.49775650657912,98.9869577094497,98.31330108642578,8170500,97.4471798832996
2018-06-26 00:00:00+00:00,98.23307888670419,98.55386737663596,98.12080383300781,5496400,97.51932770883506
2018-06-27 00:00:00+00:00,97.94439512911659,98.61805174364254,97.52737426757812,5666000,97.39905639108437
2018-06-28 00:00:00+00:00,97.66369204446636,98.16893595543911,97.84012603759766,5296800,97.09429532388124
2018-06-29 00:00:00+00:00,98.03259415976999,98.78644624957671,97.31082153320312,7308700,97.19053119421864
2018-07-02 00:00:00+00:00,97.3108191237641,97.62359235297541,97.5032958984375,5481400,96.32440165732332
2018-07-03 00:00:00+00:00,97.5594310615343,99.01099152042674,98.40951538085938,4248100,97.2466639584418
2018-07-05 00:00:00+00:00,99.1232910126215,100.34228638235946,100.24604797363281,7319100,98.82656662648078
2018-07-06 00:00:00+00:00,100.37436813001463,100.98385971018334,100.84752655029297,7297900,99.93328306150657
2018-07-09 00:00:00+00:00,101.22442210797497,101.64946425369997,101.08808898925781,6706100,100.7271996462323
2018-07-10 00:00:00+00:00,101.34474050958227,102.2669991983039,102.15472412109375,5075600,101.13622702967791
2018-07-11 00:00:00+00:00,102.178770695378,102.20282876227083,101.24046325683594,4827400,101.0961087369473
2018-07-12 00:00:00+00:00,102.419371793471,102.82036206566306,102.45947265625,6199000,101.98630817329489
2018-07-13 00:00:00+00:00,100.50267351118967,102.25096476126078,100.99187469482422,8250200,100.50267351118967
2018-07-16 00:00:00+00:00,101.04801311455509,101.12820872665368,99.9974365234375,7314400,99.57239427263521
2018-07-17 00:00:00+00:00,103.07697883088322,104.68893061800712,103.54212188720703,12858700,102.29906864460808
2018-07-18 00:00:00+00:00,103.30153017250579,103.49400696129214,102.49154663085938,7152000,101.98630270846058
2018-07-19 00:00:00+00:00,102.27501989312894,102.41135304044408,100.99989318847656,5984600,100.94375565025663
2018-07-20 00:00:00+00:00,100.48663258351579,101.16028303300737,100.9277114868164,5835500,100.34227804169149
2018-07-23 00:00:00+00:00,100.847530782526,101.59336167241841,101.55326080322266,4631100,100.60693780441865
2018-07-24 00:00:00+00:00,102.04246984732242,103.95115266755191,103.74264526367188,7158800,101.9702956194872
2018-07-25 00:00:00+00:00,103.56619690909658,103.63837112696191,103.149169921875,6523000,102.37126572679352
2018-07-26 00:00:00+00:00,104.17569394319553,105.23429814236255,104.4804458618164,7640600,104.13560531143348
2018-07-27 00:00:00+00:00,104.23985840009863,106.07637305084575,105.49895477294922,6620400,104.20778504557893
2018-07-30 00:00:00+00:00,105.68339522669086,106.2527981774444,105.99616241455078,11013100,105.25835295183167
2018-07-31 00:00:00+00:00,106.08438626357277,106.37309539689667,106.27686309814453,7598900,105.6753867568087
2018-08-01 00:00:00+00:00,106.17260054276336,106.62972842417234,106.37309265136719,5770400,105.92399228602535
2018-08-02 00:00:00+00:00,106.57355099570627,106.66176798502605,105.2583236694336,6563300,105.13000582368423
2018-08-03 00:00:00+00:00,105.20219078939682,106.42118597464093,105.81970977783203,6498700,104.97764065488667
2018-08-06 00:00:00+00:00,105.5711102409871,106.28486156364454,105.87586212158203,5840000,105.06586627833035
2018-08-07 00:00:00+00:00,105.76359833666525,105.99616379237732,105.42677307128906,4664600,105.29845518817426
2018-08-08 00:00:00+00:00,105.45084203051528,105.69945030654745,105.19420623779297,3721500,104.969656037695
2018-08-09 00:00:00+00:00,105.49088216899794,105.63524279530523,105.21821594238281,4057800,104.79317381352318
2018-08-10 00:00:00+00:00,105.210205903462,105.56307385526384,104.85733795166016,4324000,104.46436914405118
2018-08-13 00:00:00+00:00,104.83331147528258,104.97765991520944,104.43232727050781,3778000,104.13560287483585
2018-08-14 00:00:00+00:00,103.99122969018796,104.6328067880746,103.85489654541016,4542800,103.7346061932725
2018-08-15 00:00:00+00:00,104.05537549749293,104.84932843264336,104.6007080078125,5377300,103.3977556899224
2018-08-16 00:00:00+00:00,105.07388417723303,106.5655456207424,106.2447509765625,7861500,104.71300090996202
2018-08-17 00:00:00+00:00,106.22071854993737,108.2657405409012,107.8406982421875,6700900,106.01221115868434
2018-08-20 00:00:00+00:00,108.20958182399973,109.9658944397392,109.77342987060547,7935000,107.46375714447512
2018-08-21 00:00:00+00:00,109.86966007229972,110.21450057683741,108.54641723632812,5832100,108.50631637283026
2018-08-22 00:00:00+00:00,108.71483230096958,108.81106459129796,107.95296478271484,4688400,107.80058883165061
2018-08-23 00:00:00+00:00,107.95297390354723,108.65871005775944,108.35395812988281,5057600,107.54397439802922
2018-08-24 00:00:00+00:00,108.3539374558108,109.1879791031429,109.027587890625,4809400,108.12938731087273
2018-08-27 00:00:00+00:00,109.39088082639033,109.83490531560797,108.92263793945312,4325900,108.34945276860289
2018-08-28 00:00:00+00:00,108.80965821256518,108.90653184223281,108.43830108642578,6037500,108.09115004908304
2018-08-29 00:00:00+00:00,108.43824024724626,108.93877014453413,108.87418365478516,4648700,108.13145750059196
2018-08-30 00:00:00+00:00,108.74501783402879,109.47160665257645,108.94684600830078,4821900,108.66429395548847
2018-08-31 00:00:00+00:00,108.66429854601172,108.98721871104301,108.73695373535156,6139500,108.15568758340349
2018-09-04 00:00:00+00:00,108.73695942700559,108.78539622243416,107.95386505126953,4406800,107.72781846019265
2018-09-05 00:00:00+00:00,107.76011762600969,109.74611269142913,109.68152618408203,6174800,107.74398023813544
2018-09-06 00:00:00+00:00,109.39085762491315,110.85209146427529,110.49687194824219,6562000,109.13251167921173
2018-09-07 00:00:00+00:00,110.42423556728697,111.15889311699203,110.86019134521484,6375200,109.59270443076008
2018-09-10 00:00:00+00:00,111.02973415537451,111.78861019770056,110.77140045166016,4892200,110.65029613421149
2018-09-11 00:00:00+00:00,111.11851897171388,112.14380954472607,111.82087707519531,7856800,110.7794491176672
2018-09-12 00:00:00+00:00,112.13572608471823,113.01570626618269,112.50709533691406,6767700,111.86124273057263
2018-09-13 00:00:00+00:00,112.93496704101562,113.41127855195076,112.93496704101562,6456100,112.2326089717176
2018-09-14 00:00:00+00:00,113.02380858878685,113.30637303770584,112.6120834350586,4534800,112.29723188959167
2018-09-17 00:00:00+00:00,112.48288986678216,113.34670812611152,112.99150085449219,5295500,112.36178555995748
2018-09-18 00:00:00+00:00,113.24178170514416,113.70194364341341,113.45974731445312,4581200,112.88656206515132
2018-09-19 00:00:00+00:00,113.6373408359595,113.82303164207924,113.39515686035156,5049900,113.06415566886706
2018-09-20 00:00:00+00:00,113.685795184517,114.75144168210683,114.62226867675781,5019300,113.43551786717236
2018-09-21 00:00:00+00:00,114.78371007944624,115.55066697465773,115.34883880615234,13283400,114.38813475308852
2018-09-24 00:00:00+00:00,114.71914483338824,115.04206500068109,113.4032211303711,6708000,113.20946163882654
2018-09-25 00:00:00+00:00,113.45167066581787,113.79882158733163,111.92584991455078,7982800,111.7320904012443
2018-09-26 00:00:00+00:00,112.17613240868283,113.02381347345738,111.53836059570312,7133300,111.37690046875038
2018-09-27 00:00:00+00:00,111.77245522907113,112.68472263937673,111.58677673339844,6450500,111.06202833834337
2018-09-28 00:00:00+00:00,111.48991174137903,111.86126876137806,111.54641723632812,6638500,110.93286389276376
2018-10-01 00:00:00+00:00,111.61905777077848,112.90269442141658,112.77352142333984,4871800,111.4091608878651
2018-10-02 00:00:00+00:00,112.85425284655258,113.61312886267555,113.41130065917969,6439100,112.74122954533954
2018-10-03 00:00:00+00:00,113.45976853395541,114.04911591899052,112.24073028564453,5411800,112.11963825782598
2018-10-04 00:00:00+00:00,111.85320119194962,112.64436435950819,112.49905395507812,4738700,110.86020980582694
2018-10-05 00:00:00+00:00,112.86233483370155,113.2256231394096,112.2972183227539,4309300,111.86126250101141
2018-10-08 00:00:00+00:00,112.13576901302785,112.76547215765767,112.53135681152344,5174100,111.90972236206426
2018-10-09 00:00:00+00:00,112.00659554222611,112.71702251351671,112.3779525756836,4475300,111.255788143825
2018-10-10 00:00:00+00:00,112.49904006908211,113.3951577416417,111.1911849975586,7265600,111.1911849975586
2018-10-11 00:00:00+00:00,111.33651213955936,111.9419967446447,108.05074310302734,11603200,107.27572970694297
2018-10-12 00:00:00+00:00,108.50284125228231,108.5109222646328,108.07496643066406,6998000,106.75097385990607
2018-10-15 00:00:00+00:00,108.0830361385151,109.22941877829079,108.13954162597656,6398700,107.78432204096704
2018-10-16 00:00:00+00:00,108.78537863608592,111.40107603391043,110.24661254882812,9592800,108.78537863608592
2018-10-17 00:00:00+00:00,109.98022317267927,113.02379598520776,112.58785247802734,8261100,109.9640857855136
2018-10-18 00:00:00+00:00,112.37792092337403,112.87038214360514,112.6201171875,7583900,111.1750329319508
2018-10-19 00:00:00+00:00,111.68366884909798,113.02381128219804,112.25686645507812,5924800,111.33653019881065
2018-10-22 00:00:00+00:00,111.90163201970631,112.42638043251324,111.95813751220703,4864300,111.52219400357225
2018-10-23 00:00:00+00:00,111.23962181524996,112.61206338724979,112.15995788574219,8282700,110.96513842829614
2018-10-24 00:00:00+00:00,111.82895057390623,113.11257471770084,110.98126983642578,8279200,110.73907358020088
2018-10-25 00:00:00+00:00,110.97323838807957,112.28915005898014,111.78861999511719,9720700,109.02761131221222
2018-10-26 00:00:00+00:00,111.36070808070995,112.45865376925872,110.5776138305664,11371400,109.25362158719408
2018-10-29 00:00:00+00:00,110.59379755936153,112.29722825498988,111.04589080810547,6783000,109.97216318303006
2018-10-30 00:00:00+00:00,111.35263705839525,113.91182920972439,113.62926483154297,9646200,110.60184214508979
2018-10-31 00:00:00+00:00,113.83112873505962,114.17826739911628,113.0157470703125,9968900,112.70896419984881
2018-11-01 00:00:00+00:00,113.08026848989373,114.29930593776105,113.68575286865234,6913500,112.90265875330229
2018-11-02 00:00:00+00:00,114.61420967059122,114.63842807131412,113.57276916503906,7673200,112.74931890322671
2018-11-05 00:00:00+00:00,113.83110049243396,115.23582914597826,114.79987335205078,5601400,112.21647495353419
2018-11-06 00:00:00+00:00,114.25899000800472,115.30849920734273,115.09860229492188,5798900,113.879551971947
2018-11-07 00:00:00+00:00,115.52645939838186,116.95539409581038,116.8585205078125,7173600,115.4215047989742
2018-11-08 00:00:00+00:00,116.50329959246464,117.69811899900675,117.30254364013672,5497100,116.25303461392693
2018-11-09 00:00:00+00:00,117.09264256455494,117.6577713769028,117.3348388671875,5343100,116.5598254811021
2018-11-12 00:00:00+00:00,117.05227629945065,118.06141720455402,117.56087493896484,7013600,116.84236710727583
2018-11-13 00:00:00+00:00,118.02105979016964,118.47315298560983,116.80200958251953,7432300,115.78479989277913
2018-11-14 00:00:00+00:00,117.07649877034386,117.31061404828544,116.45486450195312,6433100,115.8978167319706
2018-11-15 00:00:00+00:00,115.77675485024777,116.66479171737932,116.65672302246094,6657900,115.02594738981966
2018-11-16 00:00:00+00:00,116.82624445022589,118.46508850123007,117.85960388183594,8494300,116.69707144162061
2018-11-19 00:00:00+00:00,118.21481879793652,119.83752556643002,119.26432800292969,8714600,118.16638199624124
2018-11-20 00:00:00+00:00,119.07863025041189,120.08777118473742,118.23094940185547,8937700,118.15022551827838
2018-11-21 00:00:00+00:00,118.05335442993292,118.05335442993292,114.63035583496094,10275400,113.65350186772896
2018-11-23 00:00:00+00:00,114.51734140880637,115.22776839417399,114.82411193847656,3404900,114.31551318095767
2018-11-26 00:00:00+00:00,115.36842480763801,115.40904997184134,114.85657501220703,7590900,114.32848506874237
2018-11-27 00:00:00+00:00,114.2066367850625,116.46525736062944,116.35963439941406,5962100,113.46730085067719
2018-11-28 00:00:00+00:00,116.85527104169608,119.07326719425798,118.97577667236328,8411400,116.4734166348547
2018-11-29 00:00:00+00:00,118.30953323184694,119.59321188454236,118.49640655517578,6900000,117.67582018010731
2018-11-30 00:00:00+00:00,118.08203840666748,119.43071475951878,119.3494644165039,12517600,117.88705741873066
2018-12-03 00:00:00+00:00,118.26893222959306,119.13013146785127,118.78890228271484,8827200,117.75708225335646
2018-12-04 00:00:00+00:00,118.87828066145988,121.04753145291284,118.64266204833984,9803500,118.47205364290168
2018-12-06 00:00:00+00:00,117.39958023428949,118.9838627476582,118.5451431274414,11572500,116.01027870898967
2018-12-07 00:00:00+00:00,118.20388611157878,119.70691792724392,118.1551284790039,9444500,117.09081618004164
2018-12-10 00:00:00+00:00,118.12266703698258,118.52077389411372,118.01704406738281,6848100,115.67718536419399
2018-12-11 00:00:00+00:00,118.8538772097873,120.4137996286416,119.02449798583984,9857400,118.44765025420423
2018-12-12 00:00:00+00:00,119.4307125491139,120.6412732140845,119.511962890625,8869200,119.4307125491139
2018-12-13 00:00:00+00:00,119.398208311147,120.72249949094451,120.1131591796875,6008300,119.26821273611768
2018-12-14 00:00:00+00:00,117.2695651447586,118.11452394276438,108.05634307861328,58140200,105.78147021859895
2018-12-17 00:00:00+00:00,104.25408996656535,106.95955053293886,104.92029571533203,36933100,103.0435291976393
2018-12-18 00:00:00+00:00,107.28453168808348,107.8938720660199,105.9602279663086,24640100,104.96903329310042
2018-12-19 00:00:00+00:00,105.51336421181898,106.71580468390049,103.6772232055664,21232100,103.25474378572532
2018-12-20 00:00:00+00:00,103.76661071544494,105.41589110278322,104.21346282958984,16609600,102.98665573319029
2018-12-21 00:00:00+00:00,103.83162401854808,106.10649770539112,104.06723022460938,19732900,103.27915504880232
2018-12-24 00:00:00+00:00,103.42538395536131,103.99409920598148,99.80183410644531,7531900,98.30692190565438
2018-12-26 00:00:00+00:00,100.27305567296173,102.98665483621117,102.94602966308594,9253000,99.12749893349772
2018-12-27 00:00:00+00:00,102.26357548862686,103.51475524902344,103.51475524902344,9918700,99.988702069991
2018-12-28 00:00:00+00:00,103.92096181882523,104.60341999143603,103.40098571777344,6537200,102.97851249642343
2018-12-31 00:00:00+00:00,104.14032471522458,105.25339487882104,104.84716796875,7409900,103.5228642748587
2019-01-02 00:00:00+00:00,104.09971390255598,104.30282736141709,103.79097747802734,7631700,102.59666934815908
2019-01-03 00:00:00+00:00,104.10783760729907,104.21346057664874,102.1417007446289,8654500,101.84921685779008
2019-01-04 00:00:00+00:00,103.2791460013006,104.52219332616947,103.85598754882812,8831700,102.96228946390565
2019-01-07 00:00:00+00:00,103.69347568692554,104.2784496099738,103.18975830078125,8404700,103.019143747552
2019-01-08 00:00:00+00:00,104.14032289531856,106.02522167569815,105.58650207519531,9351600,103.77472736058661
2019-01-09 00:00:00+00:00,105.48088017760456,105.8139892166972,104.74966430664062,7403500,104.26219945639271
2019-01-10 00:00:00+00:00,103.74222460643908,105.52962043363199,105.38338470458984,6224400,103.74222460643908
2019-01-11 00:00:00+00:00,104.80658347069183,105.48904196915856,105.41592407226562,5300400,104.24598813371334
2019-01-14 00:00:00+00:00,104.59531473688449,104.77405557842629,104.2215805053711,7374400,103.66098535663205
2019-01-15 00:00:00+00:00,104.41657886859788,105.2046601446416,105.09903717041016,5194400,103.70974174297972
2019-01-16 00:00:00+00:00,105.13965096488003,105.13965096488003,104.02658081054688,6264200,103.91284397108672
2019-01-17 00:00:00+00:00,103.75846996235016,105.22901549735842,104.87965393066406,7632000,103.55535652036015
2019-01-18 00:00:00+00:00,105.53776562810488,106.57770571679606,106.17961120605469,10593000,105.17216382141972
2019-01-22 00:00:00+00:00,104.15660374088915,105.21279645498532,104.64408111572266,10568100,103.1897876641426
2019-01-23 00:00:00+00:00,104.4003424283059,105.05030812906236,104.64408111572266,9267800,103.93724388103992
2019-01-24 00:00:00+00:00,104.39220467331992,104.56281304767579,103.20601654052734,9917000,101.55673613742064
2019-01-25 00:00:00+00:00,104.09971603252257,104.35969481871209,104.18095397949219,7585100,103.20601183642307
2019-01-28 00:00:00+00:00,103.83974448210064,104.92842987441296,104.79844665527344,6927700,103.41727112650254
2019-01-29 00:00:00+00:00,104.76594025628324,106.00087380080946,105.88713073730469,6669300,104.40033843766534
2019-01-30 00:00:00+00:00,105.91961134662546,107.39828340039044,106.95143127441406,7299300,105.86274601989905
2019-01-31 00:00:00+00:00,106.94332780435485,109.83566216406517,108.12138366699219,17298100,106.32585480819334
2019-02-01 00:00:00+00:00,108.8850524260805,109.42939493783477,109.03128814697266,9575200,108.43820039492101
2019-02-04 00:00:00+00:00,108.8363446407654,108.99070048914051,107.95889282226562,7759000,107.41455012318106
2019-02-05 00:00:00+00:00,108.47886289281391,108.77134683231382,107.95889282226562,6449800,107.85326983389876
2019-02-06 00:00:00+00:00,108.1213408628491,108.51944764239602,108.05634307861328,5066100,107.48762796287464
2019-02-07 00:00:00+00:00,107.60952251755694,107.76389075061086,107.2845458984375,6085300,106.86206637593152
2019-02-08 00:00:00+00:00,107.20329165012532,107.61765108107063,107.56889343261719,4436700,106.87018256953951
2019-02-11 00:00:00+00:00,107.49578575607897,107.78826968923958,107.24392700195312,4962200,106.64270658460516
2019-02-12 00:00:00+00:00,107.3089118559125,109.11256049317682,108.99881744384766,6262300,107.3089118559125
2019-02-13 00:00:00+00:00,108.92570434237406,109.66502799688357,109.23442840576172,7902200,108.2269934667128
2019-02-14 00:00:00+00:00,109.11254642895175,109.53502587074506,109.12066650390625,3910400,108.34071780819966
2019-02-15 00:00:00+00:00,109.83566034296999,110.8268552336812,110.80248260498047,6665000,109.68941217370116
2019-02-19 00:00:00+00:00,110.60746117103537,110.80245454833076,110.24185943603516,5935500,110.19311419097664
2019-02-20 00:00:00+00:00,110.46933216499383,111.08679252290729,110.77806854248047,6089800,110.27433881125597
2019-02-21 00:00:00+00:00,109.66502501088162,110.32311069271286,110.02250671386719,6665500,109.08818967866083
2019-02-22 00:00:00+00:00,109.91689132439188,111.01370913451296,110.98121643066406,5223900,109.53504936664677
2019-02-25 00:00:00+00:00,111.51276710651267,112.44510653261376,111.39008331298828,6846600,111.11202001451304
2019-02-26 00:00:00+00:00,111.58638721524463,112.01166863610452,111.31649780273438,5106900,111.26742926941998
2019-02-27 00:00:00+00:00,110.83399430500968,111.43101570227942,111.12023162841797,4378100,110.72767081041847
2019-02-28 00:00:00+00:00,111.18564871741498,112.82133317807362,111.74996185302734,10133200,110.9730142300709
2019-03-01 00:00:00+00:00,112.22433265017635,113.3611330619221,113.14849853515625,5641600,112.05258025908071
2019-03-04 00:00:00+00:00,113.55743197722737,114.01542176384656,113.25482177734375,8377700,112.46151358291917
2019-03-05 00:00:00+00:00,113.524682076458,113.79457151968286,113.49197387695312,6568900,113.15665555543595
2019-03-06 00:00:00+00:00,114.06446907172001,114.21167469888064,113.7536849975586,6236900,113.35295024854351
2019-03-07 00:00:00+00:00,113.29567092755086,113.77819479628063,113.05850219726562,6100400,112.61686045220934
2019-03-08 00:00:00+00:00,112.9358425597416,113.9254372541984,112.91130828857422,7046700,111.57004738786272
2019-03-11 00:00:00+00:00,112.95220203269287,113.70461546104116,113.32022857666016,6150400,112.46967806439613
2019-03-12 00:00:00+00:00,113.39384554494202,114.49793779395482,113.82730102539062,5552900,113.27117417473387
2019-03-13 00:00:00+00:00,114.16259410038455,114.36705465826013,114.01538848876953,6446900,113.6964305176549
2019-03-14 00:00:00+00:00,113.14031177580415,113.51652476122868,112.87860870361328,8493600,112.81317981574448
2019-03-15 00:00:00+00:00,112.86225006803245,113.07488459735733,112.53511810302734,11922500,111.90537596714371
2019-03-18 00:00:00+00:00,112.57597905391421,112.68230253821028,112.18341827392578,7369600,111.8153917627315
2019-03-19 00:00:00+00:00,112.54329622560834,113.53289104742166,113.22210693359375,5882500,112.42879878566413
2019-03-20 00:00:00+00:00,113.13209502870473,113.279300611235,112.28153228759766,5475700,111.75811386202395
2019-03-21 00:00:00+00:00,112.04439920702916,113.50015755604788,112.94403076171875,5765100,112.00350459467353
2019-03-22 00:00:00+00:00,112.65775620075667,113.18117467776318,111.97077178955078,6528800,111.92987718618072
2019-03-25 00:00:00+00:00,111.97080381952337,112.0525805703754,111.72544860839844,4500300,111.01392972749211
2019-03-26 00:00:00+00:00,111.98714154812237,113.90090203828827,113.32841491699219,4758600,111.98714154812237
2019-03-27 00:00:00+00:00,113.34475212615536,114.07263121467332,113.4347152709961,6764900,112.91948314989196
2019-03-28 00:00:00+00:00,113.7291223995778,114.05626673281336,113.58191680908203,4602100,113.44288514718703
2019-03-29 00:00:00+00:00,113.90906918477707,114.39977953339613,114.32616424560547,7168400,113.58193727188608
2019-04-01 00:00:00+00:00,114.48975557050028,114.73509829314774,113.66372680664062,5885200,113.46745262852265
2019-04-02 00:00:00+00:00,113.68826137292447,113.68826137292447,112.62507629394531,5517800,111.97079991353075
2019-04-03 00:00:00+00:00,113.02579478061043,113.05851545852407,112.18341827392578,5947000,111.93806310670219
2019-04-04 00:00:00+00:00,111.93807055566397,112.05256797741663,110.87488555908203,5844600,110.51503295377853
2019-04-05 00:00:00+00:00,111.25925136638335,111.700893158537,111.37374877929688,4759700,110.9811880034908
2019-04-08 00:00:00+00:00,111.26743875869272,111.64363919904078,111.3410415649414,4329600,110.98118898423826
2019-04-09 00:00:00+00:00,111.22655175472126,111.43918625818104,110.87488555908203,5210300,110.04885685710363
2019-04-10 00:00:00+00:00,111.13658574804336,111.33287238569758,110.883056640625,4194100,110.67859607279952
2019-04-11 00:00:00+00:00,111.19383362982309,111.37374743713444,110.58045196533203,4485200,109.93434962367026
2019-04-12 00:00:00+00:00,110.58861900512804,111.51278464875439,111.21017456054688,5756800,110.20423218765237
2019-04-15 00:00:00+00:00,111.22652069554235,111.87261043517022,111.65180206298828,5380900,111.06295477861069
2019-04-16 00:00:00+00:00,113.12396391330022,115.07042029043862,112.87860870361328,10745700,112.50239571818875
2019-04-17 00:00:00+00:00,113.68008218067168,114.62059585448185,113.28752136230469,9543700,112.59235040042174
2019-04-18 00:00:00+00:00,113.96635694124329,114.69423626435444,112.4697036743164,10485300,111.02211896052054
2019-04-22 00:00:00+00:00,112.02803462055705,113.26298447876329,112.72320556640625,4666500,111.60276561016948
2019-04-23 00:00:00+00:00,112.38789969249694,115.19310557833192,114.41614532470703,5790500,112.24886798376527
2019-04-24 00:00:00+00:00,114.2116620655584,114.61240924952895,113.84363555908203,5676300,113.56557219679162
2019-04-25 00:00:00+00:00,113.28750905958712,114.309811845876,114.21166229248047,5218100,112.82951940801483
2019-04-26 00:00:00+00:00,114.39977659295867,114.92319512770028,114.8168716430664,4613600,113.93360052582452
2019-04-29 00:00:00+00:00,114.78415767933934,114.84957407352458,114.36705017089844,4275200,114.15441569159242
2019-04-30 00:00:00+00:00,114.65330057790942,115.68377726243017,115.47931671142578,6003700,113.64735816116666
2019-05-01 00:00:00+00:00,115.27485494813791,116.41984150929032,116.09269714355469,6656300,114.2934468094941
2019-05-02 00:00:00+00:00,116.05999098445534,116.25626512806144,115.54474639892578,8835600,114.59604644055706
2019-05-03 00:00:00+00:00,115.55290682979688,116.2071830170433,116.14175415039062,5281600,115.38116697420388
2019-05-06 00:00:00+00:00,114.7023573320905,116.3298676434611,116.20718383789062,5818900,114.44064186363114
2019-05-07 00:00:00+00:00,115.16856730003816,115.62655702564776,114.47339630126953,6606700,113.72915675751189
2019-05-08 00:00:00+00:00,114.6614825678524,115.25032999448224,114.32616424560547,4667300,114.25256143709738
2019-05-09 00:00:00+00:00,113.63916241345949,113.94177248998888,113.45923614501953,5604200,112.56779121092738
2019-05-10 00:00:00+00:00,113.21393743731097,113.88457431381266,113.72100830078125,4771600,111.56190448262085
2019-05-13 00:00:00+00:00,112.73956702330766,112.91130691939678,112.20796203613281,5560000,111.6600091879002
2019-05-14 00:00:00+00:00,112.07710009921647,112.73137641638127,111.89718627929688,7179400,111.82357099014477
2019-05-15 00:00:00+00:00,111.96258538130826,112.44512173422557,111.97077178955078,6429400,110.67857969459827
2019-05-16 00:00:00+00:00,112.3633750338401,113.83549395708945,113.03401184082031,6857200,112.01988269829617
2019-05-17 00:00:00+00:00,112.0443879834147,113.70460674862197,113.36111450195312,6915300,111.92989056785841
2019-05-20 00:00:00+00:00,113.36112629290783,113.64737610121323,113.20573425292969,4771100,112.60052643387891
2019-05-21 00:00:00+00:00,113.77819984426198,114.14623880789786,112.96035766601562,4859000,112.92764946976955
2019-05-22 00:00:00+00:00,113.14848930103483,113.63918720259088,113.48379516601562,5456800,112.44514441078279
2019-05-23 00:00:00+00:00,113.27115321914184,114.37524526389342,114.32616424560547,6951800,112.59234264457459
2019-05-24 00:00:00+00:00,114.86964914896951,114.86964914896951,114.33441925048828,5473300,114.09561509417732
2019-05-28 00:00:00+00:00,114.45791259509608,115.68484006633913,112.86868286132812,11919600,112.85221057881833
2019-05-29 00:00:00+00:00,111.8970432159984,111.8970432159984,108.14216613769531,23247400,105.8283062535016
2019-05-30 00:00:00+00:00,108.23274450017868,109.36909350440993,108.7844467163086,7360600,108.01041261572632
2019-05-31 00:00:00+00:00,108.29860771405988,108.69385457622914,107.99392700195312,7811000,106.72583756035246
2019-06-03 00:00:00+00:00,108.28213133610059,109.02322074523222,108.23272705078125,8434600,107.9033442075344
2019-06-04 00:00:00+00:00,109.18791627181173,110.58775877485128,110.11839294433594,6648900,109.1714439888102
2019-06-05 00:00:00+00:00,110.91714211217496,111.27122713272938,110.65364837646484,6860600,110.22545692067996
2019-06-06 00:00:00+00:00,111.0818120852326,113.35450963905029,112.54753112792969,9115800,110.82654824454617
2019-06-07 00:00:00+00:00,113.29688073233233,114.94375744935905,114.08738708496094,6533900,112.92633598393576
2019-06-10 00:00:00+00:00,114.12857599345035,114.58145709634456,114.47441864013672,4994700,113.3051375304808
2019-06-11 00:00:00+00:00,115.0178556119772,115.82483419183207,115.10020446777344,8230500,114.86964274914956
2019-06-12 00:00:00+00:00,115.52839000628371,117.67756436031489,116.66472625732422,9216500,115.52839000628371
2019-06-13 00:00:00+00:00,116.69768844476518,116.88707575442362,115.86602020263672,7500800,115.4543010118394
2019-06-14 00:00:00+00:00,116.29417252904584,116.50827450070605,115.35545349121094,6548100,115.31427906860938
2019-06-17 00:00:00+00:00,115.28135197420977,115.47898167230397,114.82022857666016,5562800,114.63084130223876
2019-06-18 00:00:00+00:00,115.7425003419085,116.04716853144605,115.47076416015625,7122700,115.10844925115326
2019-06-19 00:00:00+00:00,115.28959400542111,116.08010031658893,115.65190887451172,6393400,115.2072577126915
2019-06-20 00:00:00+00:00,116.31066705562039,117.25761613321323,117.1011734008789,7335800,116.10480746791131
2019-06-21 00:00:00+00:00,116.48356946040907,117.28229292858181,117.00232696533203,11272200,116.11301223088918
2019-06-24 00:00:00+00:00,117.27407879767124,118.3280787951022,117.80107879638672,5894700,117.0023426564267
2019-06-25 00:00:00+00:00,117.97397676794017,119.38204884289536,118.77271270751953,7517000,117.90810021404344
2019-06-26 00:00:00+00:00,118.45160995244048,118.45160995244048,116.80473327636719,7674100,115.9071759387566
2019-06-27 00:00:00+00:00,117.11764563657906,117.33997753317152,115.84955596923828,5233500,115.77544952526527
2019-06-28 00:00:00+00:00,115.89070191611867,116.18714018381435,114.6884765625,12792400,114.0544256023539
2019-07-01 00:00:00+00:00,115.44601080544035,115.49541507754081,114.75432586669922,5872300,114.22732602318207
2019-07-02 00:00:00+00:00,114.63904745670673,115.3060302734375,115.3060302734375,4501200,114.20262629107629
2019-07-03 00:00:00+00:00,116.1047686453461,117.07641954339421,117.04348754882812,3436300,115.93184112103745
2019-07-05 00:00:00+00:00,116.71413837727538,116.81294694344757,115.75071716308594,4652400,115.58601946657205
2019-07-08 00:00:00+00:00,115.38015066491333,116.17065682495628,116.080078125,4078100,114.98490386722644
2019-07-09 00:00:00+00:00,116.48358775812255,117.31525592006612,116.44241333007812,4217400,116.03069417897652
2019-07-10 00:00:00+00:00,116.74707084620334,116.91999840236869,116.27771759033203,4874400,115.83305391143267
2019-07-11 00:00:00+00:00,116.05538823435406,116.27772007856142,115.37193298339844,5817400,114.4743883120727
2019-07-12 00:00:00+00:00,115.38018098899352,115.38018098899352,110.58777618408203,17780100,108.95737172103713
2019-07-15 00:00:00+00:00,111.4853242306165,112.2840604820508,110.9253921508789,10038200,110.71129012595456
2019-07-16 00:00:00+00:00,109.45964034796113,110.20074231045338,109.1055679321289,10214500,108.48798924572063
2019-07-17 00:00:00+00:00,109.09731462246718,109.99485910493252,108.57854461669922,8862100,108.2079999974369
2019-07-18 00:00:00+00:00,108.80090727868355,109.11380529065974,108.75150299072266,6203100,108.01040097729489
2019-07-19 00:00:00+00:00,108.89971071122282,109.01499156591063,107.30223846435547,8340200,107.20342989310045
2019-07-22 00:00:00+00:00,107.0469545822094,107.17046527316764,105.92707824707031,12624800,105.26832524439995
2019-07-23 00:00:00+00:00,105.90239433592305,106.59407945367325,106.09178161621094,5803600,105.53184963460477
2019-07-24 00:00:00+00:00,106.12472481589168,106.8740440681359,106.86581420898438,6838600,105.86946097081909
2019-07-25 00:00:00+00:00,107.09638045787126,108.3068357320614,107.96922302246094,8897800,106.77524003194353
2019-07-26 00:00:00+00:00,108.11747540270072,108.11747540270072,107.64810943603516,4894600,107.45049224137523
2019-07-29 00:00:00+00:00,107.87041879306447,109.77255928204512,109.53376770019531,7832000,107.21990805551596
2019-07-30 00:00:00+00:00,109.08086024665883,109.09733252890038,108.75971984863281,5509600,108.09273691155339
2019-07-31 00:00:00+00:00,108.39742272128517,108.69386102667207,107.22814178466797,8559200,107.19519721480722
2019-08-01 00:00:00+00:00,107.2610492033761,107.65630856307153,107.28575134277344,7870700,106.2399939358356
2019-08-02 00:00:00+00:00,107.75515772154095,108.25745568632844,107.92808532714844,6574900,106.8576128128027
2019-08-05 00:00:00+00:00,107.79628954030797,108.24918302863425,107.1787109375,9480000,106.23174954105983
2019-08-06 00:00:00+00:00,107.3269528742462,108.05158265206113,107.68103790283203,7880600,106.70937410397364
2019-08-07 00:00:00+00:00,106.5199820668863,107.79631398168107,107.21990966796875,6771700,105.55656073582323
2019-08-08 00:00:00+00:00,107.85395453875991,108.65269076545731,108.43035888671875,5260500,107.23637575923135
2019-08-09 00:00:00+00:00,108.52916660883065,109.31966031261541,108.7267837524414,4677300,108.05980076341335
2019-08-12 00:00:00+00:00,108.28211993781288,109.27024323419745,108.63619232177734,6852100,108.10919239272762
2019-08-13 00:00:00+00:00,108.94088941776629,110.42308086818124,109.8631362915039,5013200,108.6938554152519
2019-08-14 00:00:00+00:00,109.13027874223275,109.13850860209047,107.26107025146484,7736200,107.15403181462837
2019-08-15 00:00:00+00:00,107.18698522606907,107.92808739543698,107.49165344238281,7251200,106.42942333369841
2019-08-16 00:00:00+00:00,108.25742593758879,108.42211107192392,108.1668472290039,5858900,107.54103869266224
2019-08-19 00:00:00+00:00,109.10556353332866,109.1632102394445,108.89970397949219,4958000,108.54563157793508
2019-08-20 00:00:00+00:00,108.66093043301821,109.23733476634926,107.54105377197266,7302000,107.42577290530645
2019-08-21 00:00:00+00:00,108.44682199300834,109.03146871659828,108.30683898925781,6912800,107.74690697425572
2019-08-22 00:00:00+00:00,108.36449434814604,108.8009156783887,108.09275817871094,7213500,107.7057411402433
2019-08-23 00:00:00+00:00,107.92805959831395,108.0845023145923,105.17777252197266,15714000,104.6837045363091
2019-08-26 00:00:00+00:00,105.70870866198027,106.25625328477373,106.02396392822266,8889500,105.05331721776244
2019-08-27 00:00:00+00:00,107.74957908460094,109.84018383754929,107.55046844482422,20183800,107.10248532885637
2019-08-28 00:00:00+00:00,106.0737331101702,106.9116330573737,106.7540054321289,9878800,105.36856721890183
2019-08-29 00:00:00+00:00,106.88677278012963,107.1854323930843,106.3890151977539,6749900,105.21926399211286
2019-08-30 00:00:00+00:00,106.41390942356227,107.10248615022734,106.48857116699219,7371100,105.87466251316901
2019-09-03 00:00:00+00:00,106.18160495779837,107.00291571515716,106.80381774902344,5710200,105.78339636670806
2019-09-04 00:00:00+00:00,107.42602356446919,107.5089768302515,106.90336608886719,4807200,106.25627238518032
2019-09-05 00:00:00+00:00,107.76615066868105,107.76615066868105,106.67107391357422,4754100,106.44707605003005
2019-09-06 00:00:00+00:00,106.9199643763077,107.2103198017612,106.36412811279297,6758300,106.24798341084694
2019-09-09 00:00:00+00:00,106.18989338078643,106.32263378562963,105.31880187988281,7684700,105.02014229839648
2019-09-10 00:00:00+00:00,105.64235893521429,107.47579956054688,107.47579956054688,8239500,104.8127503128385
2019-09-11 00:00:00+00:00,107.73297789665908,108.91102063983836,108.81976318359375,6203600,107.08588417376937
2019-09-12 00:00:00+00:00,108.97736825921729,109.3175107673302,108.20582580566406,5250000,107.89887472502683
2019-09-13 00:00:00+00:00,108.95251842238584,109.15162907913485,108.49623107910156,5369800,107.81595848815263
2019-09-16 00:00:00+00:00,107.94036645934463,108.47131541275593,107.46748352050781,5101700,107.29327281796279
2019-09-17 00:00:00+00:00,107.51727425448348,108.26391689366964,107.5753402709961,4976400,107.1107615036072
2019-09-18 00:00:00+00:00,107.76614629579164,108.31369098053825,108.18925476074219,4373600,106.83698876445578
2019-09-19 00:00:00+00:00,107.54216769514888,108.83635509568145,107.94037628173828,4730100,107.3181698269574
2019-09-20 00:00:00+00:00,108.67872366047762,109.5083322380385,109.21796417236328,12053100,108.08969600052757
2019-09-23 00:00:00+00:00,108.6953138981962,109.5498096773111,109.29263305664062,5183700,108.25562238695541
2019-09-24 00:00:00+00:00,109.59131999414157,110.15544786304432,109.1350326538086,7102600,108.96080924792697
2019-09-25 00:00:00+00:00,109.09354418356396,109.15162286887066,108.67044830322266,4522900,108.03993758880326
2019-09-26 00:00:00+00:00,108.7533880952535,108.93590299955548,106.89507293701172,7545800,106.21478781028206
2019-09-27 00:00:00+00:00,106.69593648529424,107.35132154929408,106.6876449584961,6006500,105.11138140830204
2019-09-30 00:00:00+00:00,107.07758593779468,108.08140523478804,107.33476257324219,6552100,107.01950726072079
2019-10-01 00:00:00+00:00,107.86570755637291,108.51280121471225,107.8408203125,7673000,107.65830541821742
2019-10-02 00:00:00+00:00,110.13883692851188,111.74827969271715,109.50833892822266,12051800,108.8612452108981
2019-10-03 00:00:00+00:00,109.20966315360704,109.81527381812958,108.83634185791016,6997600,107.85739723886952
2019-10-04 00:00:00+00:00,108.96078485924083,110.93525727610401,110.88548278808594,7233300,108.88612312721374
2019-10-07 00:00:00+00:00,110.41258630990563,111.01820959680165,110.47066497802734,5427200,109.62446080890525
2019-10-08 00:00:00+00:00,109.88163385246307,110.55361465431666,109.37557220458984,7870400,109.08521684982917
2019-10-09 00:00:00+00:00,108.79487339077389,108.88613084488252,107.2020263671875,7787700,106.62130286777936
2019-10-10 00:00:00+00:00,106.97804794921906,107.9486886873353,107.06930541992188,5119700,106.71257972642688
2019-10-11 00:00:00+00:00,108.79487934796762,110.02269662235013,108.95250701904297,7161400,108.52941115891197
2019-10-14 00:00:00+00:00,108.9773906698036,108.9773906698036,108.44644165039062,5700000,108.19755652842323
2019-10-15 00:00:00+00:00,110.33796352133899,111.37497445668991,110.2052230834961,10008800,109.59132071141627
2019-10-16 00:00:00+00:00,111.9142085884189,113.31624931710573,112.1382064819336,12434200,111.00164661353442
2019-10-17 00:00:00+00:00,112.79360846955704,114.06290881340081,112.96781921386719,8434000,112.53641912991534
2019-10-18 00:00:00+00:00,110.59511400292516,111.49109275782958,105.94100952148438,25868700,105.94100952148438
2019-10-21 00:00:00+00:00,106.74573772228557,107.5753463275653,106.20649719238281,13823600,105.41006736143227
2019-10-22 00:00:00+00:00,106.82041021498496,108.29711266837447,107.18544006347656,7613700,106.26457391253601
2019-10-23 00:00:00+00:00,107.56706108236601,108.24733359584664,107.76615905761719,6693400,107.07759501477558
2019-10-24 00:00:00+00:00,108.1975720055657,108.33031244411262,105.77511596679688,12111600,104.61366244716132
2019-10-25 00:00:00+00:00,106.04885516617642,107.10246149662643,106.48025512695312,6947300,105.61745520539972
2019-10-28 00:00:00+00:00,106.70424449334351,107.84910830929584,107.1688232421875,7876300,106.61298704919048
2019-10-29 00:00:00+00:00,107.6002235375091,107.82422138451346,107.11904907226562,4506300,106.6544703220503
2019-10-30 00:00:00+00:00,110.5868486775882,110.77765514522179,110.2052230834961,9627600,109.28435686655148
2019-10-31 00:00:00+00:00,109.82359572311123,110.20520860825431,109.54151916503906,7686700,108.58747429335811
2019-11-01 00:00:00+00:00,109.54981499228727,110.33794060772082,108.84464263916016,5541800,108.79486815001184
2019-11-04 00:00:00+00:00,109.34240848071214,109.46684469861243,108.0399169921875,6140300,107.92377230253997
2019-11-05 00:00:00+00:00,108.28880536142472,109.0686394407065,108.19754791259766,6257300,107.58363301514085
2019-11-06 00:00:00+00:00,108.19753503835801,109.07691799033408,108.6455307006836,5450000,107.60021592780433
2019-11-07 00:00:00+00:00,109.2843236181266,109.82357673574283,109.03543853759766,5873700,108.68700448838555
2019-11-08 00:00:00+00:00,108.92760440770053,110.37111517326045,110.33793640136719,5003000,108.65383206899942
2019-11-11 00:00:00+00:00,109.73233094400973,109.93973308999813,109.49173736572266,4371400,108.9524968496818
2019-11-12 00:00:00+00:00,109.50833384254045,109.58299557749751,108.9690933227539,5228700,108.69532096908885
2019-11-13 00:00:00+00:00,108.71189089400177,109.08522484133285,108.9027099609375,5885400,108.44642275994914
2019-11-14 00:00:00+00:00,108.70359671094319,108.97736902484868,108.6455307006836,4217500,107.96524567967832
2019-11-15 00:00:00+00:00,108.8861447450016,111.97229020305161,111.94740295410156,10495100,108.49622763301831
2019-11-18 00:00:00+00:00,111.35005554960661,112.5695810755685,111.85611724853516,9291800,110.05586829564412
2019-11-19 00:00:00+00:00,111.99717046925358,112.15479814199246,111.84784698486328,5192200,111.34178518972334
2019-11-20 00:00:00+00:00,112.08839340647002,113.10880821199044,112.77696990966797,7594400,111.2256062251397
2019-11-21 00:00:00+00:00,112.77700626687198,113.5319532056792,113.19181060791016,6424900,111.99717208030839
2019-11-22 00:00:00+00:00,113.36601201146051,115.00864618112566,114.5440673828125,9235800,113.2415757829205
2019-11-25 00:00:00+00:00,114.49391569545682,114.98677278121737,114.59415435791016,6111900,113.80893025781944
2019-11-26 00:00:00+00:00,114.00106860324348,114.72782446278643,114.5858154296875,10636500,112.89839223349918
2019-11-27 00:00:00+00:00,114.57749340209786,115.48802887073661,115.07035064697266,5523000,114.36029256796279
2019-11-29 00:00:00+00:00,114.94503912263463,115.50472634883704,114.8531494140625,3278900,114.3937008712019
2019-12-02 00:00:00+00:00,115.04525847012893,115.15385885651416,114.7445297241211,4717100,114.31850264499509
2019-12-03 00:00:00+00:00,114.3686145739219,114.8197012904678,114.57745361328125,5741400,113.74209745584385
2019-12-04 00:00:00+00:00,115.69684346265242,116.73268982680716,116.43196105957031,7257300,115.31257396975668
2019-12-05 00:00:00+00:00,116.40689586717347,116.74103326090257,116.58231353759766,5472900,115.23738949607262
2019-12-06 00:00:00+00:00,116.4987924771738,118.26974371279631,117.26731872558594,6640400,116.4987924771738
2019-12-09 00:00:00+00:00,117.27567925996037,117.62652740274221,117.36756896972656,4241000,117.00001013066182
2019-12-10 00:00:00+00:00,117.61818787725937,117.78525661393107,116.9415512084961,5310300,116.8747211645219
2019-12-11 00:00:00+00:00,117.72673092676955,118.60385739502219,117.76850128173828,6631500,117.47613429000255
2019-12-12 00:00:00+00:00,118.05253880964531,118.67069421110872,118.0692367553711,5012400,117.55966898721903
2019-12-13 00:00:00+00:00,117.86878526434394,118.4535321559743,118.1026840209961,4257200,117.20884661437621
2019-12-16 00:00:00+00:00,118.39501007068975,119.33061751964458,118.44512939453125,5353100,118.19453277532372
2019-12-17 00:00:00+00:00,119.4559391298026,120.33306570768293,119.92373657226562,10722400,119.05497171433777
2019-12-18 00:00:00+00:00,120.0573999583522,120.19106001605822,119.61466217041016,7849200,119.23875441132111
2019-12-19 00:00:00+00:00,120.1993809123989,121.86174403217942,121.41900634765625,9414700,119.96548223931201
2019-12-20 00:00:00+00:00,122.69712897447081,123.49906382919858,122.01213073730469,14532800,120.95958646052775
2019-12-23 00:00:00+00:00,121.74483533643833,122.59688961003503,122.32958221435547,6558700,121.41068515868143
2019-12-24 00:00:00+00:00,121.96201499257397,121.97036396649567,121.90353393554688,4238900,121.34384676619136
2019-12-26 00:00:00+00:00,121.93697196649845,122.112389668471,121.82002258300781,3019300,121.260335337265
2019-12-27 00:00:00+00:00,122.12911220432592,122.42149206465925,121.75320434570312,3432700,121.57777388019751
2019-12-30 00:00:00+00:00,121.77824867119027,122.12909681145332,121.37728118896484,2923300,121.15173140360771
2019-12-31 00:00:00+00:00,121.21020128499015,121.97036581216993,121.8534164428711,4435000,120.94288115714981
2020-01-02 00:00:00+00:00,121.85339471312084,121.97870578064662,121.93693542480469,5777000,121.19346897830113
2020-01-03 00:00:00+00:00,119.87363061673726,121.43574283926573,120.52520751953125,5752400,119.45595246127824
2020-01-06 00:00:00+00:00,120.2912990597579,120.45836775914708,120.37483978271484,7731300,119.33064447837667
2020-01-07 00:00:00+00:00,120.29966576803646,121.50258097541192,121.1099624633789,7382900,118.10268719146687
2020-01-08 00:00:00+00:00,121.0180699601295,121.94531601553697,121.09326171875,6605800,120.04070456332589
2020-01-09 00:00:00+00:00,121.76150842320266,121.9870581538183,121.45243072509766,6112700,121.11829336209352
2020-01-10 00:00:00+00:00,121.75320923969868,122.11240641449066,121.17681121826172,5042600,121.04315111979227
2020-01-13 00:00:00+00:00,121.52759302712239,121.78655135985935,121.71137237548828,4593200,120.89272702600852
2020-01-14 00:00:00+00:00,121.16847862309436,122.47163289302634,122.39645385742188,7037500,120.90115839001585
2020-01-15 00:00:00+00:00,122.29616484243536,123.13152119449168,122.80573272705078,4960300,122.1625175134664
2020-01-16 00:00:00+00:00,123.14822777439677,124.33443222508535,123.7998046875,6476000,122.12909203923002
2020-01-17 00:00:00+00:00,123.97523358277988,124.81058989652972,124.61009979248047,9083600,123.57425337468139
2020-01-21 00:00:00+00:00,124.11725135552344,125.44546492863086,124.69364929199219,9543900,124.05042131614029
2020-01-22 00:00:00+00:00,122.54674811600935,124.61842785748021,123.841552734375,10305300,121.96200134380271
2020-01-23 00:00:00+00:00,123.66610277464946,124.27592186243737,124.07543182373047,8671900,122.59684806125587
2020-01-24 00:00:00+00:00,124.11729648447198,124.42637437578864,123.90010833740234,9051900,123.5743069970009
2020-01-27 00:00:00+00:00,123.23173947041823,124.85233239685147,124.25922393798828,7587100,122.79735071518841
2020-01-28 00:00:00+00:00,124.01701529713948,125.77961779031652,124.88578033447266,7336600,123.75804410909574
2020-01-29 00:00:00+00:00,124.84398140372724,126.29750577888122,125.7545166015625,6288600,124.57667404821301
2020-01-30 00:00:00+00:00,125.328472198191,125.72943954927806,125.60414123535156,6470600,124.50982680531925
2020-01-31 00:00:00+00:00,125.09456102357605,125.30340002361541,124.35944366455078,8651700,124.16731535354046
2020-02-03 00:00:00+00:00,124.81895539901151,125.71279289141508,125.44547271728516,5765200,124.66859736095903
2020-02-04 00:00:00+00:00,126.54810970187182,127.60065387833913,126.63999938964844,6541400,126.30584927658649
2020-02-05 00:00:00+00:00,126.74030312966435,128.66162584014137,128.63656616210938,5979900,126.39780386785363
2020-02-06 00:00:00+00:00,128.8536698963261,129.0625089075033,128.25221252441406,6201200,127.59228685756368
2020-02-07 00:00:00+00:00,128.09352722429142,128.1937786442046,126.88226318359375,5700300,126.59824511131087
2020-02-10 00:00:00+00:00,126.70685273043325,126.8989938800795,126.85722351074219,4835600,126.04692678240119
2020-02-11 00:00:00+00:00,127.2163635171756,127.29155524682818,126.96576690673828,3715300,126.58984649803952
2020-02-12 00:00:00+00:00,126.86555086073228,127.09944959331881,126.21397399902344,5166800,126.07196496470483
2020-02-13 00:00:00+00:00,125.43708975580712,126.17219454243987,125.37860870361328,5480200,125.2031910400798
2020-02-14 00:00:00+00:00,125.77125309018379,125.83808312940016,125.41205596923828,5716300,124.59339754873275
2020-02-18 00:00:00+00:00,125.69606263253122,125.9216124010364,124.58503723144531,7230700,124.5182071983132
2020-02-19 00:00:00+00:00,124.6435338053695,125.102969627237,124.41798400878906,6115200,124.11725519552417
2020-02-20 00:00:00+00:00,124.14230070939668,124.78552863178932,123.94181060791016,7464700,123.13151397420823
2020-02-21 00:00:00+00:00,123.7078894513974,125.50391282554348,125.24494171142578,7776800,123.24844101863802
2020-02-24 00:00:00+00:00,123.16007006326264,125.26177774352308,122.66407012939453,10588900,122.1092162231324
2020-02-25 00:00:00+00:00,122.73129929282328,123.37021366894302,121.60477447509766,10529000,120.91542117820568
2020-02-26 00:00:00+00:00,122.193281453384,122.9246715720872,120.7893295288086,10093800,120.71367113607478
2020-02-27 00:00:00+00:00,119.84778546693154,121.70570083631958,116.9558334350586,12566700,116.8129188416913
2020-02-28 00:00:00+00:00,113.79482818739139,115.41733988917292,113.05502319335938,19820300,109.97813378994852
2020-03-02 00:00:00+00:00,113.30727886313448,117.80493904254406,117.71246337890625,11508200,112.65994921766978
2020-03-03 00:00:00+00:00,117.69562006683303,118.52790085531528,113.98820495605469,13662500,111.89491249466094
2020-03-04 00:00:00+00:00,115.74524362131658,120.75572056625462,120.62120819091797,10560500,115.29128038931307
2020-03-05 00:00:00+00:00,118.36817952755021,119.94865498566888,119.3853988647461,11339200,117.56111813130214
2020-03-06 00:00:00+00:00,116.41777918141449,120.22607217571722,119.40220642089844,12239100,115.51825503466232
2020-03-09 00:00:00+00:00,114.61035178076678,117.42663303962172,114.70282745361328,13848600,113.40816803376225
2020-03-10 00:00:00+00:00,117.67041681422343,119.33496579270441,119.07435607910156,12698100,112.84489110867214
2020-03-11 00:00:00+00:00,116.0899074108181,116.64476124568677,110.80201721191406,17763400,110.54980975717339
2020-03-12 00:00:00+00:00,107.0273617031525,112.44976504618946,105.43006896972656,21539200,104.66504428224317
2020-03-13 00:00:00+00:00,108.71714896514402,113.42496681534888,112.89533233642578,20084200,104.79115385772559
2020-03-16 00:00:00+00:00,103.88319305530997,112.4497480516936,106.87602233886719,18877900,102.92481499453261
2020-03-17 00:00:00+00:00,108.06980944116559,114.98022518942402,114.82889556884766,18911800,107.44769936156133
2020-03-18 00:00:00+00:00,110.14629444785251,114.05546541565212,113.45858764648438,17521100,108.2043186963209
2020-03-19 00:00:00+00:00,113.48380187416593,113.48380187416593,106.80877685546875,18482300,106.05216087878105
2020-03-20 00:00:00+00:00,106.6238321305043,107.13664930103678,100.78948974609375,19785100,99.30988579108681
2020-03-23 00:00:00+00:00,98.35991281044956,99.67137626214011,93.43350982666016,20815200,91.76896104780712
2020-03-24 00:00:00+00:00,99.83951873064551,100.58772611642122,100.1926040649414,17604800,95.72017058881912
2020-03-25 00:00:00+00:00,99.96563055323465,104.2110763621675,100.3775634765625,13986100,98.1077152570045
2020-03-26 00:00:00+00:00,101.36115965132213,106.85081918907247,106.40525817871094,15066800,101.20142781217253
2020-03-27 00:00:00+00:00,102.26910276549482,107.28798201491541,103.53853607177734,12133200,101.36957208422518
2020-03-30 00:00:00+00:00,107.99417636211238,112.64315372659188,111.81927490234375,21754000,107.18711479471645
2020-03-31 00:00:00+00:00,113.48381438538021,114.0891072334619,110.23877716064453,15746100,109.330837888522
2020-04-01 00:00:00+00:00,107.35521720554657,109.48214418261823,108.28837585449219,12606100,105.50571715954574
2020-04-02 00:00:00+00:00,108.54898398808962,112.6515211002189,111.93693542480469,11594500,106.9516914319695
2020-04-03 00:00:00+00:00,111.2896468181357,113.31568359369517,112.79446411132812,10071200,110.6170976883606
2020-04-06 00:00:00+00:00,115.18197995211769,118.51109047116194,117.49385833740234,14994400,113.94617484357747
2020-04-07 00:00:00+00:00,117.5779557187758,119.4022367677149,115.5771255493164,11567100,115.39217421460296
2020-04-08 00:00:00+00:00,115.8041044770158,121.16766710506,120.43626403808594,10758200,115.42579962323303
2020-04-09 00:00:00+00:00,121.0668122745691,122.25217895173363,118.7297134399414,11125400,117.9310667724784
2020-04-13 00:00:00+00:00,117.69562706939882,118.94824943264734,117.50227355957031,8153200,115.87974860165482
2020-04-14 00:00:00+00:00,122.25214400023371,123.93351032590516,122.76496124267578,13838000,121.10041217204703
2020-04-15 00:00:00+00:00,122.3614273174948,124.34543993926086,124.13526916503906,11962300,120.67164608295563
2020-04-16 00:00:00+00:00,124.6816677924956,126.67408198395471,125.82499694824219,12181700,123.10959501376976
2020-04-17 00:00:00+00:00,127.77541682712842,128.03602651087826,127.8006362915039,10920000,125.76618492245134
2020-04-20 00:00:00+00:00,126.8842909654957,128.624511096501,127.50640106201172,12226200,126.17812025775692
2020-04-21 00:00:00+00:00,126.20337591889033,127.48121815733406,125.8334732055664,9951100,124.90032703487574
2020-04-22 00:00:00+00:00,128.46477450688434,130.3058724343737,128.61610412597656,11515600,127.55683527574692
2020-04-23 00:00:00+00:00,129.67533282382394,131.98721071857605,130.73458862304688,10665000,129.212954679313
2020-04-24 00:00:00+00:00,130.7850926252967,131.3987877744092,130.18820190429688,8653400,129.16256736588548
2020-04-27 00:00:00+00:00,130.14614316031722,131.18859477828738,129.708984375,8924000,129.46519193053408
2020-04-28 00:00:00+00:00,127.15330861175659,128.70857735234472,127.27100372314453,8558700,126.69093037851646
2020-04-29 00:00:00+00:00,127.26261561547243,127.47278639680182,126.30423736572266,9285200,125.3962980510429
2020-04-30 00:00:00+00:00,124.80780241493137,126.46393610465047,126.13607025146484,14829600,123.71491196171114
2020-05-01 00:00:00+00:00,125.78300419189524,125.82504091341723,124.6648941040039,7309000,123.40386942518296
2020-05-04 00:00:00+00:00,125.06840513153647,125.32901479164634,124.64806365966797,7198400,123.6560511156004
2020-05-05 00:00:00+00:00,125.26181014963615,126.7582253788903,125.6821517944336,6562300,124.95916365226964
2020-05-06 00:00:00+00:00,126.10245213312365,126.37147685502062,124.48834228515625,6191600,124.45470778101674
2020-05-07 00:00:00+00:00,125.57281546898956,125.70732782751685,124.07640075683594,5570500,123.68969376082566
2020-05-08 00:00:00+00:00,125.19451091771539,125.41308387987519,125.00955963134766,4712100,124.3286084532685
2020-05-11 00:00:00+00:00,124.7993941642833,126.18652887076256,125.354248046875,5887500,124.52196722298746
2020-05-12 00:00:00+00:00,126.18653235868608,126.38828808316515,123.69810485839844,7039200,123.60562920874371
2020-05-13 00:00:00+00:00,122.80698510095552,125.21974142063222,123.68970489501953,6970500,122.74813112837526
2020-05-14 00:00:00+00:00,122.22690946685313,124.21932421230629,124.11844635009766,6871400,121.27693350503702
2020-05-15 00:00:00+00:00,124.31179713152675,126.5059803810092,126.47235870361328,10340400,122.45389479502936
2020-05-18 00:00:00+00:00,128.19578158048373,129.14574484241052,126.53963470458984,7388400,126.48919576669373
2020-05-19 00:00:00+00:00,126.18652654303604,127.02720956376831,125.2785873413086,6107300,124.75735514554728
2020-05-20 00:00:00+00:00,125.89228919663628,126.4303258460339,124.15206909179688,5713400,123.80739878369626
2020-05-21 00:00:00+00:00,124.84144126125727,124.84144126125727,123.33662414550781,6487300,122.58841669415865
2020-05-22 00:00:00+00:00,122.38006688006236,123.83605350514257,122.21075439453125,6140900,121.94833812537883
2020-05-26 00:00:00+00:00,123.7514062906464,123.96303397418147,122.37158966064453,7072300,122.15150151979039
2020-05-27 00:00:00+00:00,122.16845833704602,122.9557072678869,122.65096282958984,7950000,121.05951821662399
2020-05-28 00:00:00+00:00,123.60751468467923,125.37671921466062,124.41169738769531,6189600,123.42974172749055
2020-05-29 00:00:00+00:00,125.24971931256167,126.42636857924342,125.91845703125,8504000,123.0233922078329
2020-06-01 00:00:00+00:00,124.68258951016621,125.57142857224977,124.59794616699219,6141800,123.59905655037747
2020-06-02 00:00:00+00:00,124.48784382459762,125.57984970613346,125.49519348144531,6078300,123.69212181274393
2020-06-03 00:00:00+00:00,125.72377891532626,126.24861144158223,125.83381652832031,6339500,123.97149548079474
2020-06-04 00:00:00+00:00,124.26778093458331,125.59679609807118,124.2085189819336,8170500,123.23503678415705
2020-06-05 00:00:00+00:00,125.02115577664932,126.67184890550142,124.6910171508789,9725400,124.0984622990765
2020-06-08 00:00:00+00:00,123.4889842335098,124.95344411815078,124.24237823486328,7555600,123.37047325296187
2020-06-09 00:00:00+00:00,125.49518989068682,126.4094228409094,123.55668640136719,8247200,123.29425727903327
2020-06-10 00:00:00+00:00,124.09845533626645,127.0019804055533,125.11426544189453,10137100,124.09845533626645
2020-06-11 00:00:00+00:00,125.77457444037995,126.27401270532192,119.24797058105469,11913300,119.1463934198406
2020-06-12 00:00:00+00:00,120.91558400647433,121.65205709104409,120.33148956298828,8687400,118.74851870411825
2020-06-15 00:00:00+00:00,119.35802104578609,120.54313098167655,119.56964874267578,8649600,117.9951381611473
2020-06-16 00:00:00+00:00,121.9737313954833,123.09959224786438,122.28694915771484,7579100,120.85634391734543
2020-06-17 00:00:00+00:00,122.65941047107658,123.09959970633678,121.91448974609375,5100100,121.44890622002333
2020-06-18 00:00:00+00:00,120.6446926410594,121.99910183207739,121.39808654785156,4797400,120.09445300872035
2020-06-19 00:00:00+00:00,123.41280847683296,123.48900426840504,121.75365447998047,12206900,121.26267664756038
2020-06-22 00:00:00+00:00,121.44888695444223,121.60972604854608,121.38116455078125,5285600,120.2299095220002
2020-06-23 00:00:00+00:00,121.67746690064814,121.96527747229861,120.93253326416016,5921600,120.78015460363774
2020-06-24 00:00:00+00:00,119.7728253230292,120.36538033718894,118.3591537475586,8211200,117.42798664192858
2020-06-25 00:00:00+00:00,118.9940606636511,118.9940606636511,118.23219299316406,7421200,116.42912038141785
2020-06-26 00:00:00+00:00,118.11364572485819,118.17290767829658,116.65764617919922,12849700,115.98890835980814
2020-06-29 00:00:00+00:00,117.44491725273629,118.25756041650307,117.69886016845703,5309800,116.8015607549632
2020-06-30 00:00:00+00:00,118.00358994190277,119.37494610028484,119.04480743408203,7738300,116.6830352770915
2020-07-01 00:00:00+00:00,119.09559190831033,119.68814681227114,118.83317565917969,6174800,118.56228603638151
2020-07-02 00:00:00+00:00,119.56967126277654,120.0691096214868,119.33264923095703,5152200,118.79088274155072
2020-07-06 00:00:00+00:00,120.34843175287159,121.7028541192861,121.03410339355469,6156400,120.10294931878256
2020-07-07 00:00:00+00:00,119.68816837264266,121.8721679121434,120.92407989501953,5622600,119.55272353684484
2020-07-08 00:00:00+00:00,120.94098238348836,121.38117157439197,121.27959442138672,6257400,119.95056639150164
2020-07-09 00:00:00+00:00,120.84786469345579,122.26153603363896,120.61931610107422,5738600,119.00247753982346
2020-07-10 00:00:00+00:00,120.83940127980055,120.94097842948489,120.5177230834961,4282400,119.72200096636067
2020-07-13 00:00:00+00:00,121.56743706544471,124.13236418991403,122.92185974121094,6951900,121.28808690419046
2020-07-14 00:00:00+00:00,123.01494593286687,125.61372716675842,125.21586608886719,7447100,122.96414443882927
2020-07-15 00:00:00+00:00,126.74802607126479,127.15436045145351,125.50365447998047,8512800,125.47826019580948
2020-07-16 00:00:00+00:00,125.85918808683527,126.41788817520941,126.34170532226562,9304700,124.1661669099875
2020-07-17 00:00:00+00:00,126.97661078554715,127.46758856392539,126.42638397216797,7441100,125.86768378469665
2020-07-20 00:00:00+00:00,127.17132406926504,127.24751986409223,126.63803100585938,6191500,125.64760192368291
2020-07-21 00:00:00+00:00,126.63803501192082,128.39030584722343,126.75654602050781,5575900,126.55337875575961
2020-07-22 00:00:00+00:00,126.91731636555602,127.32365071616518,126.98503875732422,5910200,125.15658584648499
2020-07-23 00:00:00+00:00,127.15435773404549,127.69612397932598,126.64644622802734,6566300,126.36709619138998
2020-07-24 00:00:00+00:00,127.39986973060799,127.48452597353261,125.38516998291016,5405900,124.46247635198587
2020-07-27 00:00:00+00:00,124.7502861319991,126.06238038876079,124.58944702148438,5675200,124.3185702959299
2020-07-28 00:00:00+00:00,124.77567149455314,125.2751226221901,124.29316711425781,4842200,124.22544470853198
2020-07-29 00:00:00+00:00,123.92074275216247,124.8349761672591,124.04771423339844,4489100,123.64986595328156
2020-07-30 00:00:00+00:00,124.80956268129312,124.86035126597865,124.30165100097656,5922500,123.70909598509431
2020-07-31 00:00:00+00:00,124.14929586935297,124.81803381948194,123.3874282836914,8259600,121.86371894583165
2020-08-03 00:00:00+00:00,123.92072705156555,125.10583711539117,124.73338317871094,4078700,123.71755979059648
2020-08-04 00:00:00+00:00,124.42861243011815,124.62330627441406,124.62330627441406,4162200,123.43819646122826
2020-08-05 00:00:00+00:00,126.21478324795534,126.39254330765787,125.6222152709961,5467500,125.11431646940017
2020-08-06 00:00:00+00:00,125.62219824790544,126.34173759857586,124.90267181396484,4837900,124.01383288570428
2020-08-07 00:00:00+00:00,124.86882008287085,125.8338420066836,125.7915267944336,3635100,124.56407563762833
2020-08-10 00:00:00+00:00,126.0115883079473,126.1385597512833,125.3089828491211,4096600,125.04656658840754
2020-08-11 00:00:00+00:00,126.24862433390429,126.32480720838652,124.41169738769531,6388400,123.9037857243535
2020-08-12 00:00:00+00:00,124.89421557906581,127.17980539875008,126.68882751464844,5257300,124.8519003664085
2020-08-13 00:00:00+00:00,125.74072532192017,126.29096516535768,125.28361511230469,5155500,124.8857539498933
2020-08-14 00:00:00+00:00,124.95347986527217,126.41794016887101,125.48678588867188,4240200,124.92808557051332
2020-08-17 00:00:00+00:00,125.55448240593668,127.1713081444631,126.12164306640625,4306900,125.47828662065098
2020-08-18 00:00:00+00:00,126.35015958859772,127.06123826475225,127.05276489257812,4322600,125.76607816124798
2020-08-19 00:00:00+00:00,126.62105305093162,128.3140741968191,127.30672454833984,7816300,126.4009649519877
2020-08-20 00:00:00+00:00,126.7649634789717,128.31407944077537,128.1786346435547,4874700,126.59566394080925
2020-08-21 00:00:00+00:00,128.48339613299783,130.06636704708868,129.31297302246094,6722800,127.4760463088569
2020-08-24 00:00:00+00:00,130.15661447576073,130.2929477753722,129.65383911132812,5387900,128.1199887197816
2020-08-25 00:00:00+00:00,130.19072445370261,130.43785380874132,129.57717895507812,3863500,129.13405987213778
2020-08-26 00:00:00+00:00,129.40671617653692,130.07990488027113,129.7816619873047,8008300,128.36709842948025
2020-08-27 00:00:00+00:00,129.88391547008314,130.5997140178881,130.36111450195312,5575400,129.43227974329918
2020-08-28 00:00:00+00:00,130.15658268199564,130.9746342906325,130.9235076904297,5395700,129.44077127106854
2020-08-31 00:00:00+00:00,130.3781717860511,131.57116946405935,130.72755432128906,6362700,129.7475798689899
2020-09-01 00:00:00+00:00,131.1195062024144,131.29846231793576,129.11697387695312,6307700,127.88136661184775
2020-09-02 00:00:00+00:00,128.49493644410362,131.51153696963166,131.08546447753906,6881900,127.1826388896466
2020-09-03 00:00:00+00:00,131.93761033365317,132.48298260702788,127.43828582763672,8672800,126.37310459036577
2020-09-04 00:00:00+00:00,127.96658383395766,128.63125574178432,126.62019348144531,7200100,125.37606934738939
2020-09-08 00:00:00+00:00,128.03476472647796,128.58013691468912,125.48684692382812,8756800,125.18007425529069
2020-09-09 00:00:00+00:00,126.24526620253201,128.75910414867192,127.56609344482422,6960700,126.2197028948431
2020-09-10 00:00:00+00:00,127.18259888922748,127.6342345485849,125.18858337402344,6191800,124.85624745482275
2020-09-11 00:00:00+00:00,125.30790007196686,126.56907078182482,125.92996215820312,3934700,124.9500008030625
2020-09-14 00:00:00+00:00,126.21965442284646,127.37005483785906,126.41565704345703,4375800,126.12591799641807
2020-09-15 00:00:00+00:00,127.35305355895746,128.32449823136756,126.8758544921875,3658800,126.56056503793577
2020-09-16 00:00:00+00:00,127.30194890080853,127.87288452578464,126.45832061767578,4323000,126.41572376720272
2020-09-17 00:00:00+00:00,126.1515334590219,126.65430886469143,125.41017150878906,5461400,124.45577331973529
2020-09-18 00:00:00+00:00,124.84773026122788,127.52346441942524,127.12295532226562,12174000,124.58356745303702
2020-09-21 00:00:00+00:00,125.7595250781022,126.0577679420973,123.64620971679688,7574500,121.82262045286868
2020-09-22 00:00:00+00:00,123.29687389867446,123.8592927730035,122.88784790039062,5295900,122.47029212956414
2020-09-23 00:00:00+00:00,125.67432362033183,125.7339800033976,123.08380889892578,8784400,123.0326822864117
2020-09-24 00:00:00+00:00,123.1860868272496,123.77406899447142,123.27982330322266,5614800,122.14646882198524
2020-09-25 00:00:00+00:00,122.70885715800189,124.62618305109567,124.12342071533203,5531200,122.6151207053427
2020-09-28 00:00:00+00:00,125.03524290625657,126.36458713955248,125.35906219482422,5843200,124.77108001408904
2020-09-29 00:00:00+00:00,125.77658701645414,126.04926661129011,125.31642150878906,6768600,124.46427664554126
2020-09-30 00:00:00+00:00,125.64876608860634,127.5916554696264,126.86734008789062,8487700,125.12895716632555
2020-10-01 00:00:00+00:00,127.23374670151671,127.52347283266639,125.5379867553711,6457800,124.8051416571875
2020-10-02 00:00:00+00:00,124.59212010210582,126.46683641024522,124.61768341064453,5485600,124.26830085701533
2020-10-05 00:00:00+00:00,125.26531136608422,126.44127559283405,126.31344604492188,4992800,124.77106572009806
2020-10-06 00:00:00+00:00,126.35604861083807,126.63725799679494,124.63471221923828,5118200,124.30237621814375
2020-10-07 00:00:00+00:00,124.83070169331131,126.31342538606643,126.01518249511719,5603100,124.25123644348993
2020-10-08 00:00:00+00:00,126.5435184990656,127.69391932286413,126.8758544921875,4413500,126.15152612124778
2020-10-09 00:00:00+00:00,127.52347793056516,129.0829046437852,128.6483154296875,5054100,127.3530515526464
2020-10-12 00:00:00+00:00,129.18517250007903,130.497469929554,129.38967895507812,7273200,128.69092689599907
2020-10-13 00:00:00+00:00,126.96958943716605,127.92398755931993,126.4242172241211,11057600,125.92145485639355
2020-10-14 00:00:00+00:00,126.81618961648918,126.99513273484969,126.20264434814453,7706400,125.5976158464418
2020-10-15 00:00:00+00:00,125.67435482042266,126.03225419957288,125.42723846435547,5978600,124.6943931634187
2020-10-16 00:00:00+00:00,125.77657196749948,126.76505000854615,126.20264434814453,6097000,125.27379667628847
2020-10-19 00:00:00+00:00,126.56908254595031,126.88437200204523,122.98155975341797,7250800,122.8196501399532
2020-10-20 00:00:00+00:00,123.27131827200837,124.20015334792392,123.17758178710938,5325400,122.81115261788496
2020-10-21 00:00:00+00:00,122.81114823663005,123.85076630380254,122.64923858642578,5221300,122.63220504629025
2020-10-22 00:00:00+00:00,122.84519401590012,124.14897448282734,123.62916564941406,5279700,122.57250144631402
2020-10-23 00:00:00+00:00,124.31090567853761,125.66581298709933,123.76553344726562,4154400,123.00712498498582
2020-10-26 00:00:00+00:00,123.07526790287426,123.36500701852579,122.68328857421875,6929500,121.64367087225753
2020-10-27 00:00:00+00:00,122.48731824286487,122.95598755726989,121.98454284667969,4890100,121.7885531514176
2020-10-28 00:00:00+00:00,120.51884912455179,120.98753142848713,117.90277099609375,8426100,117.74937814994242
2020-10-29 00:00:00+00:00,117.59598166320464,118.19248041892774,116.90574645996094,7205400,115.93430191415541
2020-10-30 00:00:00+00:00,116.47117159899351,117.20401681432139,116.83760070800781,7364100,113.88917330605125
2020-11-02 00:00:00+00:00,118.43105328644293,118.45661658431784,118.1839370727539,7088000,117.16136614967337
2020-11-03 00:00:00+00:00,119.31730490962518,120.1183230105732,118.02204132080078,6363000,117.40849609465745
2020-11-04 00:00:00+00:00,118.86569675848551,121.46472830081255,118.78899383544922,10263500,118.19249500610694
2020-11-05 00:00:00+00:00,119.7689582266779,120.85970256676411,119.09575653076172,8016200,118.66968411658122
2020-11-06 00:00:00+00:00,119.64113240841914,122.01862383473448,121.21760559082031,5942500,119.00202376734275
2020-11-09 00:00:00+00:00,126.48384036588631,126.96105235330059,124.48130798339844,12351600,123.49281694208597
2020-11-10 00:00:00+00:00,125.47834792684013,126.75656539298791,126.3560562133789,7386500,124.63471971821043
2020-11-11 00:00:00+00:00,127.11441736063652,127.13998066021861,125.94698333740234,6382400,125.14596527664189
2020-11-12 00:00:00+00:00,125.78511058351066,126.6713355680064,126.37309265136719,4710300,125.05226544139519
2020-11-13 00:00:00+00:00,127.04626078760202,128.1710981266155,127.73649597167969,5893500,126.46680858461738
2020-11-16 00:00:00+00:00,128.60572493299892,128.9295442016519,128.54608154296875,6266400,127.65132667090725
2020-11-17 00:00:00+00:00,127.82172647137735,128.3585818834206,127.26783752441406,7297700,127.07183484854843
2020-11-18 00:00:00+00:00,126.8587912256748,127.61719957165154,125.58057403564453,6661000,125.58057403564453
2020-11-19 00:00:00+00:00,125.52093644278966,125.65728273665353,125.38459014892578,7987700,124.0637630578533
2020-11-20 00:00:00+00:00,125.30790697330463,126.06631539499715,124.71992492675781,6354900,124.52393524547519
2020-11-23 00:00:00+00:00,125.286273830311,125.286273830311,123.45001220703125,7318300,122.73781550408357
2020-11-24 00:00:00+00:00,123.56156503190695,124.21369080052015,123.45001220703125,11034800,123.22691965033438
2020-11-25 00:00:00+00:00,123.6130032144657,123.70739101143516,123.28693389892578,7594600,122.58332648855797
2020-11-27 00:00:00+00:00,123.99055650499132,124.12785022892056,123.5615234375,3059000,122.89223289965754
2020-11-30 00:00:00+00:00,123.75890754630794,124.29949354336367,124.14503479003906,15663200,122.75497147538559
2020-12-01 00:00:00+00:00,125.52652099192089,127.96343938462755,126.52188110351562,9738200,125.1575587448774
2020-12-02 00:00:00+00:00,126.86509630481362,128.4611000032785,127.11392974853516,7745500,126.73637851553572
2020-12-03 00:00:00+00:00,127.02813349834382,128.34956297622026,127.85188293457031,7310500,126.7278181392287
2020-12-04 00:00:00+00:00,128.52970822333666,128.97590623662197,128.94158935546875,6747100,128.08352330310024
2020-12-07 00:00:00+00:00,128.1522183992355,128.63273347455598,127.8261489868164,6634700,127.43143269320096
2020-12-08 00:00:00+00:00,128.70997236100231,130.54623410963038,130.03997802734375,8339800,128.32384506253038
2020-12-09 00:00:00+00:00,131.13826778509903,131.71317060680943,131.3699493408203,8440100,130.2201306043475
2020-12-10 00:00:00+00:00,131.1296985592381,131.26697921684112,130.64059448242188,7392900,130.15149040560564
2020-12-11 00:00:00+00:00,130.0227737307298,131.63594241983293,131.24122619628906,5977400,129.76535124520566
2020-12-14 00:00:00+00:00,131.49862862062272,131.69598015576133,127.91191864013672,8547300,127.8432717815995
2020-12-15 00:00:00+00:00,128.70994682073615,129.3534965548398,129.1990509033203,7612600,128.30665460658693
2020-12-16 00:00:00+00:00,128.88153181999914,129.49934048925275,128.4267578125,8486100,128.32379406530782
2020-12-17 00:00:00+00:00,128.78709917956374,132.04775200020632,131.81607055664062,9920300,128.67555952329155
2020-12-18 00:00:00+00:00,131.84185083934057,133.08605715700193,132.5797882080078,17137200,130.14288362982276
2020-12-21 00:00:00+00:00,130.4346447646442,131.63594535956744,131.30130004882812,7893400,128.7528422620242
2020-12-22 00:00:00+00:00,130.76928155427555,132.0563808337194,131.0438690185547,4699500,130.30593157461817
2020-12-23 00:00:00+00:00,131.11251016565484,131.79896570335939,130.37457275390625,4607300,130.34024277584334
2020-12-24 00:00:00+00:00,130.29736408166394,131.3184519114549,130.82936096191406,2114900,130.27162314184872
2020-12-28 00:00:00+00:00,131.55874214894536,132.03066817805933,131.4471893310547,3855500,130.68351078538467
2020-12-29 00:00:00+00:00,132.23657290610564,132.94018033010911,132.26231384277344,5212000,131.97057449850493
2020-12-30 00:00:00+00:00,132.7771501280435,134.18437797759188,133.90121459960938,5412800,132.65702140038874
2020-12-31 00:00:00+00:00,134.31311886580815,135.2827379888373,135.04248046875,5099900,133.09466627306458
2021-01-04 00:00:00+00:00,134.92234251598347,135.04247126784233,134.28736877441406,11765900,132.2537559418561
2021-01-05 00:00:00+00:00,134.07284050642915,136.22658190282613,135.86619567871094,9602300,133.06032869958898
2021-01-06 00:00:00+00:00,134.92231115729285,137.48792028134716,137.1446990966797,8230100,134.476113142786
2021-01-07 00:00:00+00:00,136.43251632158604,138.17438953912833,137.60806274414062,7747200,135.8747785675544
2021-01-08 00:00:00+00:00,137.72818224309734,138.23445118269026,137.32489013671875,8228900,137.18760951418193
2021-01-11 00:00:00+00:00,137.77110082730846,138.42323948975113,136.75,7066200,136.23516815881166
2021-01-12 00:00:00+00:00,136.56120732842612,136.99882939574672,135.6859893798828,6903200,134.9995339177134
2021-01-13 00:00:00+00:00,135.77178080434746,135.9691454132179,135.48004150390625,6643100,134.50184677833124
2021-01-14 00:00:00+00:00,137.6767474975992,138.9638470624126,137.84835815429688,10030800,136.95597488363657
2021-01-15 00:00:00+00:00,137.5480499267578,138.50050417794128,137.5480499267578,7630800,136.52694879071692
2021-01-19 00:00:00+00:00,139.0067499378981,139.89913318890154,139.67604064941406,9057600,138.23449545324232
2021-01-20 00:00:00+00:00,140.03641700315043,140.8430014169387,139.3328094482422,6839900,138.83512942498874
2021-01-21 00:00:00+00:00,138.42324248964977,139.41858930807186,138.77503967285156,6818000,137.34207072292713
2021-01-22 00:00:00+00:00,139.31566037000724,141.71824889382623,140.33676147460938,8137000,138.89520312309634
2021-01-25 00:00:00+00:00,141.58947359365752,142.51618649487443,142.4217987060547,9924400,140.43109228692296
2021-01-26 00:00:00+00:00,145.6137906539721,149.00314857411746,146.2830810546875,14205700,145.34779230151437
2021-01-27 00:00:00+00:00,145.11610211057416,146.6606233629384,144.05210876464844,14207300,143.68313361597828
2021-01-28 00:00:00+00:00,144.32673286114047,146.6091921055901,145.15048217773438,8944400,143.98351161683954
2021-01-29 00:00:00+00:00,140.94593945316046,142.43897925036723,139.97633361816406,22505900,137.7625214056369
2021-02-01 00:00:00+00:00,141.84693121498773,141.84693121498773,139.615966796875,9971400,139.5215789846399
2021-02-02 00:00:00+00:00,140.1908596301379,140.43111711815288,138.36317443847656,11443300,138.30310351994726
2021-02-03 00:00:00+00:00,138.0971403579602,138.59482019551453,137.71958923339844,8601900,136.92159415988652
2021-02-04 00:00:00+00:00,138.14866340303107,139.08395245392416,138.99815368652344,7758100,137.08465656145944
2021-02-05 00:00:00+00:00,141.46078854160575,141.95846848866879,141.10897827148438,9495300,140.60272237626617
2021-02-08 00:00:00+00:00,141.60667113571463,142.37034956880655,141.5122833251953,6035300,140.61990019278247
2021-02-09 00:00:00+00:00,141.752562765808,142.94527450530828,142.6707000732422,5544200,141.55521116528672
2021-02-10 00:00:00+00:00,144.06073099348515,144.1036369212612,143.13401794433594,5921300,142.18156395713126
2021-02-11 00:00:00+00:00,143.2970475354565,143.6231168633373,142.49046325683594,4871300,142.095760158607
2021-02-12 00:00:00+00:00,141.06606975215192,143.16834229303967,142.93666076660156,4413100,140.7228485295439
2021-02-16 00:00:00+00:00,142.93668183304024,143.3399740302208,141.64100646972656,5656100,141.2720311626444
2021-02-17 00:00:00+00:00,141.55522513776143,142.51625538443378,142.1472930908203,6676700,141.0318040727584
2021-02-18 00:00:00+00:00,141.5466363922943,142.57631343395036,142.21592712402344,5189100,140.98030943681457
2021-02-19 00:00:00+00:00,142.09579908983378,142.40470351323552,139.84765625,8190900,139.78759841122817
2021-02-22 00:00:00+00:00,139.7612762451172,140.33976393275748,139.7612762451172,6447100,138.3970760904316
2021-02-23 00:00:00+00:00,139.42457447652242,140.90102335403665,138.52662658691406,7042800,138.49208252883415
2021-02-24 00:00:00+00:00,140.21892899297694,141.93713373083838,140.3829803466797,10286100,138.94107539920165
2021-02-25 00:00:00+00:00,140.8492126132249,141.34135342857783,140.5297393798828,9719700,139.86491780782177
2021-02-26 00:00:00+00:00,139.87352153404458,140.22752558380444,136.81703186035156,14417500,136.39395288566092
2021-03-01 00:00:00+00:00,139.39862366706734,139.46769858407364,137.55955505371094,10551400,137.3609597268078
2021-03-02 00:00:00+00:00,137.9567444369717,138.8201612944692,137.30055236816406,7610900,136.9379188689786
2021-03-03 00:00:00+00:00,136.63571548502378,137.19693116342532,134.8829803466797,8499600,134.7448304897916
2021-03-04 00:00:00+00:00,134.68441443203713,134.7793908232843,132.16323852539062,11033200,130.7817661390131
2021-03-05 00:00:00+00:00,132.94892052055593,135.28878593950049,134.7793731689453,8331600,132.21502411586508
2021-03-08 00:00:00+00:00,135.5564177751909,137.56818020593875,135.9017791748047,6546700,134.675729079075
2021-03-09 00:00:00+00:00,135.46146213198736,138.79425152928965,136.16082763671875,7461300,135.46146213198736
2021-03-10 00:00:00+00:00,137.12786480665724,138.06034337261224,137.41278076171875,6635600,135.86727046058544
2021-03-11 00:00:00+00:00,137.74950572532288,138.6906400176392,137.40414428710938,6305600,137.21419154368365
2021-03-12 00:00:00+00:00,137.52503085849935,138.41434913444493,137.80133056640625,5474800,137.44732650616123
2021-03-15 00:00:00+00:00,137.93083543820984,138.71654789746856,138.5093231201172,5524100,136.8515644253913
2021-03-16 00:00:00+00:00,138.54387525455078,139.59723170380684,139.32957458496094,6369100,138.35392249123515
2021-03-17 00:00:00+00:00,138.8633110733686,139.64038084262052,138.81150817871094,6001400,137.74086671524316
2021-03-18 00:00:00+00:00,138.32803708503872,139.4332097408742,138.55252075195312,4801800,138.11218284484121
2021-03-19 00:00:00+00:00,138.74242686063673,139.44179225563985,138.1811981201172,14891500,137.68905746887876
2021-03-22 00:00:00+00:00,136.68752976437895,138.70792218441915,138.5784149169922,7544100,136.4198726285655
2021-03-23 00:00:00+00:00,138.32806621881565,139.1828407582187,138.44894409179688,7178300,137.17971983814382
2021-03-24 00:00:00+00:00,138.23305487701035,140.28797819844752,139.79583740234375,6370100,137.9912991921354
2021-03-25 00:00:00+00:00,140.2534786077966,140.2621080360756,139.84767150878906,6269800,138.6993251620975
2021-03-26 00:00:00+00:00,139.95123486501615,142.55012803037124,142.40333557128906,7619200,139.33821627579576
2021-03-29 00:00:00+00:00,141.45359609011516,144.21652760905047,143.3617401123047,8535100,141.28091534043733
2021-03-30 00:00:00+00:00,142.48105470982782,143.03364097627946,142.472412109375,7236300,141.79894800884628
2021-03-31 00:00:00+00:00,142.42924215183226,142.8005050546557,141.90255737304688,8281500,141.3413285441833
2021-04-01 00:00:00+00:00,140.3915972395744,141.46222579449926,140.59017944335938,7229700,140.0980254723787
2021-04-05 00:00:00+00:00,141.28953867492788,142.24793194521888,141.10821533203125,7387100,140.44339381570128
2021-04-06 00:00:00+00:00,141.66942912935812,142.04933462663945,141.07366943359375,5074200,140.73693741094797
2021-04-07 00:00:00+00:00,141.21183845070536,141.84212910691727,141.26364135742188,4608000,141.01325625005984
2021-04-08 00:00:00+00:00,141.60036260807414,141.69533898803078,140.71104431152344,5039400,140.60743850600548
2021-04-09 00:00:00+00:00,139.97715119379896,140.6765168127279,139.22598266601562,8418300,137.95675870029385
2021-04-12 00:00:00+00:00,139.08781646434602,139.94260388418726,139.5626983642578,5022800,138.44025383029236
2021-04-13 00:00:00+00:00,135.4355753287829,138.08625835835335,137.69772338867188,18424100,135.15064617109746
2021-04-14 00:00:00+00:00,136.27308340030504,138.24167276987433,138.07762145996094,7718300,136.0226851352702
2021-04-15 00:00:00+00:00,138.76837338859906,140.21027811549266,138.4834442138672,7524600,138.34529433980984
2021-04-16 00:00:00+00:00,139.30366646950063,140.31386256715857,140.08074951171875,9049400,138.63020240439533
2021-04-19 00:00:00+00:00,140.3052327544454,140.83191753977295,140.4692840576172,8353500,138.87195767638084
2021-04-20 00:00:00+00:00,139.01010262379137,144.8726968071465,143.7416229248047,14050700,139.01010262379137
2021-04-21 00:00:00+00:00,143.64665612705429,144.11290860066543,143.83660888671875,6333200,142.7141643545275
2021-04-22 00:00:00+00:00,143.18902935431606,143.568934828808,142.61917114257812,7233000,142.13565987493163
2021-04-23 00:00:00+00:00,142.05797804981754,143.37900482072973,142.9127655029297,6015300,141.60036815791702
2021-04-26 00:00:00+00:00,142.64511393977176,142.8177946873673,141.7039794921875,6027800,141.39314887663693
2021-04-27 00:00:00+00:00,141.39314788876894,141.52266832958307,140.89236450195312,6217700,140.27934587606748
2021-04-28 00:00:00+00:00,140.6160425921864,140.90960110471767,139.85623168945312,7448000,139.57130260092814
2021-04-29 00:00:00+00:00,139.78717942865998,141.82484367330406,141.77304077148438,6394300,139.70947507593044
2021-04-30 00:00:00+00:00,141.72991117012737,141.88533309839534,140.5038604736328,9079100,140.3225502611361
2021-05-03 00:00:00+00:00,141.25502446551067,142.74010273841367,142.64512634277344,6594100,140.84057482560914
2021-05-04 00:00:00+00:00,142.31700575878114,144.9245284225004,144.85545349121094,10179500,142.17885589620218
2021-05-05 00:00:00+00:00,144.62234635723485,145.3994163812155,144.25108337402344,7792300,144.00931449521178
2021-05-06 00:00:00+00:00,144.00931788239117,144.95908186710454,144.82957458496094,5529900,143.53444906473257
2021-05-07 00:00:00+00:00,145.31305230451605,146.07285014138134,145.48573303222656,5316200,144.90724534831406
2021-05-10 00:00:00+00:00,146.69451911286308,148.10189280930643,147.0139923095703,8357500,146.11603139814417
2021-05-11 00:00:00+00:00,147.34211195932411,147.53206476126616,145.81387329101562,8217900,145.29581779941037
2021-05-12 00:00:00+00:00,145.52025837251242,146.6081719476266,145.22669982910156,6758300,145.01084563400042
2021-05-13 00:00:00+00:00,144.1647017008042,147.38524262117681,146.74632263183594,8018600,144.1647017008042
2021-05-14 00:00:00+00:00,148.05872574215326,148.17097415461566,146.9708251953125,5797700,146.92765171554262
2021-05-17 00:00:00+00:00,147.1262289130869,148.41272478821108,147.1175994873047,5722600,147.0485245569595
2021-05-18 00:00:00+00:00,146.7636113094049,147.96376035794157,147.16941833496094,5846000,146.37507631198028
2021-05-19 00:00:00+00:00,146.70318102272378,146.91903526594194,146.84996032714844,5533800,145.0885823246576
2021-05-20 00:00:00+00:00,146.72907707233549,148.153709755212,147.70474243164062,4853200,146.51322283706955
2021-05-21 00:00:00+00:00,147.92923179311495,149.14665288884922,147.60977172851562,6501800,147.53205418805572
2021-05-24 00:00:00+00:00,148.4785423253761,148.8695145835091,148.17446899414062,5195100,147.49680319015164
2021-05-25 00:00:00+00:00,148.2787501428099,148.5915200562468,147.7661590576172,7444700,147.47076893295304
2021-05-26 00:00:00+00:00,147.69660705628036,147.76611293278074,146.8886260986328,5726400,146.20226385374792
2021-05-27 00:00:00+00:00,147.0536939576799,147.84430842282924,146.66273498535156,8114700,146.28915579711742
2021-05-28 00:00:00+00:00,147.27962468451156,148.57413386910096,147.0450439453125,6400800,146.9755380501093
2021-06-01 00:00:00+00:00,147.82693312485347,147.87037595796187,143.8130645751953,10448400,143.6827493327615
2021-06-02 00:00:00+00:00,143.61326926897615,144.85565232649694,144.3951873779297,6806000,143.44819442762304
2021-06-03 00:00:00+00:00,144.12584929489242,145.22053721503693,144.25616455078125,5808800,143.96947098782582
2021-06-04 00:00:00+00:00,145.09886227278338,145.5854033501624,144.1953125,6510300,144.10842685053154
2021-06-07 00:00:00+00:00,144.22142332550894,144.49944689040902,143.21360778808594,5362800,143.03116642340183
2021-06-08 00:00:00+00:00,143.5958498263665,143.9259994178999,141.9538116455078,7746800,140.80699785194926
2021-06-09 00:00:00+00:00,142.47511075743896,144.03026340793068,143.8651885986328,5552600,142.1884039713255
2021-06-10 00:00:00+00:00,144.22141938335605,145.59413086951875,145.15972900390625,6463100,144.17797654541624
2021-06-11 00:00:00+00:00,145.15106297335896,145.15974623922077,143.31788635253906,7389900,142.67496674261506
2021-06-14 00:00:00+00:00,142.91821724338254,143.75227467856539,143.674072265625,4931300,142.39692968928162
2021-06-15 00:00:00+00:00,143.5524215894405,144.09977212432787,142.90951538085938,5062900,142.82262971418498
2021-06-16 00:00:00+00:00,143.17884245997666,144.00420326623288,142.8573760986328,6988500,142.0320152923766
2021-06-17 00:00:00+00:00,142.64886504302117,143.96075370504985,143.54373168945312,5874700,142.04938843859978
2021-06-18 00:00:00+00:00,141.84955424647185,142.64885189305417,140.72879028320312,12993000,140.56371549350544
2021-06-21 00:00:00+00:00,141.41518973989324,142.70969883969042,142.3448028564453,6592300,140.96340807911176
2021-06-22 00:00:00+00:00,142.2318584134672,142.51855196609077,142.15365600585938,5627800,141.85826593189475
2021-06-23 00:00:00+00:00,142.2144476593398,142.2144476593398,141.29351806640625,4493400,141.1631895867015
2021-06-24 00:00:00+00:00,141.84955948379962,142.65754042292295,141.93643188476562,4549200,141.44122075427813
2021-06-25 00:00:00+00:00,141.56292078974465,143.1615169105953,142.6663055419922,10963800,141.5194779399277
2021-06-28 00:00:00+00:00,142.86608615793716,143.41343674496895,142.50119018554688,5604000,142.06678832457376
2021-06-29 00:00:00+00:00,142.4838093856019,143.03984323341632,142.50987243652344,3749500,141.97121837495425
2021-06-30 00:00:00+00:00,142.4838047419691,143.32654537934798,143.12672424316406,6151700,142.1970979342832
2021-07-01 00:00:00+00:00,143.12673439099802,144.23010560732862,144.18667602539062,6320200,143.0311654483268
2021-07-02 00:00:00+00:00,144.23880362231702,147.08847888814833,146.81045532226562,9059900,143.90865395205464
2021-07-06 00:00:00+00:00,145.88079627530948,146.70615693427038,145.93292236328125,6098500,145.08149866033446
2021-07-07 00:00:00+00:00,145.50723824016472,147.26222540530227,147.1840362548828,6293500,145.50723824016472
2021-07-08 00:00:00+00:00,146.56718920172042,147.22748853265458,146.8973388671875,5755500,145.59413324905088
2021-07-09 00:00:00+00:00,147.1492662726187,148.0180699008576,147.4794158935547,6120900,147.0363308156337
2021-07-12 00:00:00+00:00,147.4620740097597,148.72183694311212,147.244873046875,7840500,146.42819530532532
2021-07-13 00:00:00+00:00,146.80176468156915,147.48811378290702,147.06240844726562,4691200,146.54112091587265
2021-07-14 00:00:00+00:00,147.69664269927102,148.41775142798295,148.06153869628906,6162900,146.86258523687724
2021-07-15 00:00:00+00:00,147.0884354340402,147.60970958073116,146.2804412841797,6656900,145.71572431104215
2021-07-16 00:00:00+00:00,146.2544028284751,146.90600556405545,146.0458984375,5834900,145.91556993624897
2021-07-19 00:00:00+00:00,144.6384324889976,146.12409261025442,144.9859619140625,8219700,143.63063029853953
2021-07-20 00:00:00+00:00,145.00334236420593,148.40036825034102,146.34999084472656,9902800,144.95121625966468
2021-07-21 00:00:00+00:00,147.08846521927165,147.42729812314528,147.2535400390625,7585200,145.50723616326667
2021-07-22 00:00:00+00:00,147.1405605524447,148.62622036302622,147.67921447753906,5281900,146.5237042375066
2021-07-23 00:00:00+00:00,148.5654209836914,149.59060290553418,149.25177001953125,5014900,148.02676697437684
2021-07-26 00:00:00+00:00,149.277874736962,149.5558850583671,149.32130432128906,4484900,148.44381725895892
2021-07-27 00:00:00+00:00,149.26047296779367,150.0597707523514,150.0076446533203,7089300,148.27872057973522
2021-07-28 00:00:00+00:00,150.0684666577655,150.63319704425413,149.5906219482422,5750700,149.5037495281699
2021-07-29 00:00:00+00:00,150.07716317959785,150.59843747071076,149.5906219482422,4214100,148.64362905102794
2021-07-30 00:00:00+00:00,149.90336122175344,150.28563691132757,149.60797119140625,5346400,149.29520137783564
2021-08-02 00:00:00+00:00,149.84255078491958,150.16400385933798,149.66879272460938,3721500,148.82605221237012
2021-08-03 00:00:00+00:00,150.06846378642922,151.60625009241983,151.51068115234375,6033000,149.8165165390792
2021-08-04 00:00:00+00:00,151.34560615590715,151.68443907818505,150.61581420898438,4793100,150.52892853377762
2021-08-05 00:00:00+00:00,151.0414928198734,151.0414928198734,150.90248107910156,4291000,149.79909692917005
2021-08-06 00:00:00+00:00,151.11971399081165,151.11971399081165,150.3986053466797,4581100,149.82519173709636
2021-08-09 00:00:00+00:00,150.9285593619743,151.38902419999405,150.9198760986328,3950200,150.2421971081701
2021-08-10 00:00:00+00:00,150.52891703081502,151.2674054429611,150.97201538085938,3678300,150.11189498685425
2021-08-11 00:00:00+00:00,151.3890363846609,151.58017424868208,150.99807739257812,4221300,150.78955974358453
2021-08-12 00:00:00+00:00,151.0154611880163,152.29259039423184,152.2144012451172,4300400,150.81562679775612
2021-08-13 00:00:00+00:00,152.2926209382845,153.16142478774148,153.12667846679688,5882100,152.14492587470417
2021-08-16 00:00:00+00:00,153.38729048136128,154.55148421668358,154.50804138183594,4782800,152.8660029769733
2021-08-17 00:00:00+00:00,154.0475752436865,155.95894064939765,155.9241943359375,6041900,154.0475752436865
2021-08-18 00:00:00+00:00,155.95027872973574,155.95027872973574,153.94334411621094,7134100,153.89121801044047
2021-08-19 00:00:00+00:00,153.44811033141127,155.8025742693841,155.1422882080078,5615000,152.97027888610745
2021-08-20 00:00:00+00:00,155.4203028674069,156.3151696725808,155.8981475830078,5428700,154.70789068342356
2021-08-23 00:00:00+00:00,155.90689733182896,156.37883341630135,155.22520446777344,6461700,155.16402040618482
2021-08-24 00:00:00+00:00,154.6833555766443,154.87562929828465,153.28500366210938,5734800,153.1888668012892
2021-08-25 00:00:00+00:00,153.54716076722784,153.7306862454256,152.2711639404297,5700300,151.97401856147295
2021-08-26 00:00:00+00:00,152.0264621435721,152.69942004774788,151.45838928222656,5031600,151.2398976685291
2021-08-27 00:00:00+00:00,152.31486979153166,152.31486979153166,151.135009765625,7046100,150.9777022078612
2021-08-30 00:00:00+00:00,151.0126352251398,152.3148498484718,151.7729949951172,3252700,151.00390036274203
2021-08-31 00:00:00+00:00,151.62442761532515,152.49839396966536,151.30979919433594,7106800,150.74171306261383
2021-09-01 00:00:00+00:00,151.10881448968533,151.84295654296875,151.84295654296875,5327400,150.37468577207343
2021-09-02 00:00:00+00:00,152.36729759952937,153.1101743670886,152.8829345703125,4544300,151.991498452044
2021-09-03 00:00:00+00:00,153.03155991673955,153.13643164332726,152.97911071777344,4096900,151.9041355132326
2021-09-07 00:00:00+00:00,152.37604893905367,152.97033969681553,150.60189819335938,6859900,150.03381202537855
2021-09-08 00:00:00+00:00,149.9901079818878,151.17870280886456,150.2348175048828,4661700,149.51817199773134
2021-09-09 00:00:00+00:00,149.61436031585737,149.86780478914375,146.88758850097656,7114600,146.56421175629248
2021-09-10 00:00:00+00:00,147.30703115483658,147.77896711676797,145.92616271972656,6699300,145.83876075034345
2021-09-13 00:00:00+00:00,146.75644536222214,146.9312359858963,144.9036407470703,6273500,144.31808482314347
2021-09-14 00:00:00+00:00,145.42801670912635,145.5503714827072,144.02967834472656,5259600,143.7762205979497
2021-09-15 00:00:00+00:00,144.204453662566,145.04346726066063,144.57151794433594,7935300,143.60141472263373
2021-09-16 00:00:00+00:00,144.7725429619877,145.48046701707457,144.39674377441406,5665400,143.49655936136944
2021-09-17 00:00:00+00:00,143.59267970798635,144.12579973620873,143.9859619140625,13419800,142.9459397823116
2021-09-20 00:00:00+00:00,142.87601820901068,144.35302350569577,143.1644287109375,7270800,141.73112439981742
2021-09-21 00:00:00+00:00,143.86357429060922,145.0609036970152,143.7936553955078,6663600,143.5402110694726
2021-09-22 00:00:00+00:00,144.51036175494858,145.03473363774614,143.26931762695312,5657100,143.00713835338937
2021-09-23 00:00:00+00:00,143.68007711465398,144.87742020331694,144.0821075439453,4697900,143.46158550509054
2021-09-24 00:00:00+00:00,143.98598802004958,144.77255257481326,143.6451416015625,4399300,143.23437625932536
2021-09-27 00:00:00+00:00,143.33049628517637,143.6451247372779,142.6051025390625,5775500,142.32544021256643
2021-09-28 00:00:00+00:00,142.54395460247287,143.25186539891405,142.29049682617188,7610400,141.38157745021977
2021-09-29 00:00:00+00:00,142.45655752536348,143.90734529949597,143.34800720214844,5124100,142.264283804181
2021-09-30 00:00:00+00:00,143.88980716236958,144.55401673135938,141.1455535888672,6972300,141.066899824579
2021-10-01 00:00:00+00:00,141.1717787533958,141.49514202472722,140.24537658691406,8568300,138.6285335589216
2021-10-04 00:00:00+00:00,139.82589674135997,140.70859805252542,139.15293884277344,8620700,137.79828818196611
2021-10-05 00:00:00+00:00,139.7122999109031,140.8047581507495,139.46759033203125,5129000,139.09177776297471
2021-10-06 00:00:00+00:00,139.72101531853053,139.79093423642448,139.7559814453125,7312600,137.94686445094072
2021-10-07 00:00:00+00:00,139.8521388466246,142.1157091365128,141.00576782226562,5309200,139.8521388466246
2021-10-08 00:00:00+00:00,140.9882595849579,141.2417039616434,140.64739990234375,4343200,140.05310917871245
2021-10-11 00:00:00+00:00,140.5862511999574,141.45148283257708,140.05313110351562,4101600,139.78220362323168
2021-10-12 00:00:00+00:00,139.83465661967654,139.9919642072511,137.8157958984375,6686400,137.50990225281313
2021-10-13 00:00:00+00:00,137.92938767158992,139.9045469923512,139.1354522705078,6901100,137.8682036206845
2021-10-14 00:00:00+00:00,139.5811591818794,140.83092454983623,139.9307403564453,4579200,139.4850223585237
2021-10-15 00:00:00+00:00,140.73480476293088,141.41649747082266,140.9707794189453,6918400,140.19294987606014
2021-10-18 00:00:00+00:00,140.05314934573605,140.6124874430815,139.9395294189453,7465500,139.1354817374907
2021-10-19 00:00:00+00:00,140.6211918312308,144.33554912118336,143.2168731689453,10081300,140.472619139913
2021-10-20 00:00:00+00:00,143.3130199994015,143.98597792459972,143.1382293701172,6003200,142.6837630654419
2021-10-21 00:00:00+00:00,143.59271502624975,143.671368819677,142.80613708496094,4524100,141.82729876051835
2021-10-22 00:00:00+00:00,142.50897906532478,143.3829455880712,143.08580017089844,4304300,142.42159041445265
2021-10-25 00:00:00+00:00,143.0857926774398,143.60142969829508,143.40042114257812,6715400,141.32912485955833
2021-10-26 00:00:00+00:00,143.81988706400963,145.10461854603463,144.8599090576172,6939100,143.3741690677494
2021-10-27 00:00:00+00:00,144.7987243181649,144.8686432196131,143.10324096679688,7018800,142.72742853847117
2021-10-28 00:00:00+00:00,143.12947162906508,144.3792370975784,142.32542419433594,6278800,141.86222309971666
2021-10-29 00:00:00+00:00,141.8884529192796,142.6750173591204,142.35165405273438,8526800,140.3677465551623
2021-11-01 00:00:00+00:00,142.59635377979438,143.31299925683655,142.4739990234375,5846400,139.31023174792134
2021-11-02 00:00:00+00:00,143.06828172854048,145.93489014744034,144.72007751464844,8450600,142.43902492091198
2021-11-03 00:00:00+00:00,144.23938339616856,144.87738835753478,144.25686645507812,6717800,142.83229720644758
2021-11-04 00:00:00+00:00,144.15201903035867,144.19572001715312,143.85487365722656,8224400,142.16811158377652
2021-11-05 00:00:00+00:00,142.002040590916,143.85485821387684,142.83230590820312,6215900,141.75733109394017
2021-11-08 00:00:00+00:00,143.05083678870034,143.47908519391027,142.34292602539062,5578800,141.59131426797032
2021-11-09 00:00:00+00:00,142.11567651019914,142.97215984623975,142.0282745361328,6112800,141.60003953594696
2021-11-10 00:00:00+00:00,142.04576091629298,144.06462120909833,143.56646728515625,6225100,141.88845336210153
2021-11-11 00:00:00+00:00,142.88483058619414,143.1644930152211,142.50901794433594,4118800,142.01086382501393
2021-11-12 00:00:00+00:00,146.32825489119864,146.4943107168707,144.2132568359375,18995200,143.8636754502832
2021-11-15 00:00:00+00:00,144.20446207591004,144.60649250454352,142.91099548339844,7496200,142.64880288521744
2021-11-16 00:00:00+00:00,142.61383942816937,143.6363919137749,142.16812133789062,7594700,142.12442034809786
2021-11-17 00:00:00+00:00,142.3429187056047,143.2081503360849,142.7012481689453,5414500,141.39903329117269
2021-11-18 00:00:00+00:00,142.84979623442146,143.74124563913097,141.93212890625,6358700,141.69616759509273
2021-11-19 00:00:00+00:00,142.4914717018671,142.6225746593246,142.36038208007812,7620700,141.39027887183408
2021-11-22 00:00:00+00:00,141.65660841647596,143.07291114105985,140.4866180419922,7634500,140.4426308173994
2021-11-23 00:00:00+00:00,140.32832227011318,141.63026128622408,141.35755920410156,7734000,139.67734605054756
2021-11-24 00:00:00+00:00,140.8736954656176,141.29594332501472,140.961669921875,5230900,140.20513523632073
2021-11-26 00:00:00+00:00,141.27837410877882,141.77099890066094,140.0467987060547,8523100,139.57177149188803
2021-11-29 00:00:00+00:00,140.3107016597742,141.12001569494925,140.53062438964844,9188500,139.36063385595523
2021-11-30 00:00:00+00:00,139.4398317040249,139.8708851761635,137.17022705078125,14981700,137.09986357490075
2021-12-01 00:00:00+00:00,138.0059123038264,140.82092049139948,139.06153869628906,9835800,137.45170274300088
2021-12-02 00:00:00+00:00,138.3402044313882,140.12597612115633,138.19065856933594,11334700,137.89156684523147
2021-12-03 00:00:00+00:00,138.91197735242974,140.46022832706169,140.2051239013672,8750500,138.63046985357866
2021-12-06 00:00:00+00:00,140.91770278848855,143.84707541575554,143.33685302734375,9692000,140.60101349302673
2021-12-07 00:00:00+00:00,144.26933107639752,144.50685141649333,143.70632934570312,8311300,142.87062553931582
2021-12-08 00:00:00+00:00,143.80307833267432,144.77074373115138,144.5684051513672,6216400,143.07293324528135
2021-12-09 00:00:00+00:00,144.42765013429894,146.0110964895033,145.9407196044922,8574200,143.82067466923738
2021-12-10 00:00:00+00:00,145.65043975428733,146.63568934131897,145.58006286621094,6572200,144.8411122529183
2021-12-13 00:00:00+00:00,144.92907579745858,148.84369761846162,148.18392944335938,11142300,144.09337212693265
2021-12-14 00:00:00+00:00,148.07836469361285,150.40074803680102,149.80255126953125,10482400,147.04912799387213
2021-12-15 00:00:00+00:00,149.4155430988694,150.6910925467821,150.5503387451172,8552200,149.03726893477258
2021-12-16 00:00:00+00:00,150.65588368726623,152.63518854052438,152.19534301757812,8998600,150.28641505875376
2021-12-17 00:00:00+00:00,149.2307388880707,150.2335858101485,147.99037170410156,16726200,147.4889549545705
2021-12-20 00:00:00+00:00,147.62092505729632,148.23670599132987,147.56814575195312,7954500,146.51251937603595
2021-12-21 00:00:00+00:00,147.84083828021312,147.8760334301926,147.09310913085938,7954200,146.01107974876788
2021-12-22 00:00:00+00:00,146.9611897788695,147.93764741526644,147.7265167236328,4178200,146.13427801541368
2021-12-23 00:00:00+00:00,147.68254471460654,148.62380720240188,148.00802612304688,3501500,147.22510158864816
2021-12-27 00:00:00+00:00,148.79093647072875,149.41552299217855,149.25717163085938,3704800,148.40387027974796
2021-12-28 00:00:00+00:00,149.36269330324637,150.11043584382907,149.85533142089844,3187000,149.18675782987873
2021-12-29 00:00:00+00:00,149.54745661207212,151.29804637764119,150.91098022460938,3662000,149.46828765068423
2021-12-30 00:00:00+00:00,151.4124006407209,152.08097434736854,151.5795440673828,4231800,151.08691928754888
2021-12-31 00:00:00+00:00,151.77309568776664,151.90504397597607,150.48875427246094,4409500,150.45355911359164
2022-01-03 00:00:00+00:00,149.73222906214755,150.9549991625974,150.90220642089844,6012200,148.75577139754222
2022-01-04 00:00:00+00:00,150.47994575587893,151.56196196657507,150.49754333496094,6748400,150.0752953981317
2022-01-05 00:00:00+00:00,151.30686361981145,152.60001056296193,151.50039672851562,7016100,150.97257671877324
2022-01-06 00:00:00+00:00,151.43878336409378,151.74668054890742,150.98135375976562,7301600,150.25120870056526
2022-01-07 00:00:00+00:00,150.83184034769474,153.33015982425704,153.0222625732422,6986000,150.54154067694324
2022-01-10 00:00:00+00:00,152.79355184951595,152.79355184951595,152.26573181152344,7698400,151.44762551795833
2022-01-11 00:00:00+00:00,152.17774659655038,152.52961761734048,150.64707946777344,8341100,149.6442322932007
2022-01-12 00:00:00+00:00,149.2043939935161,149.61784984552287,149.36273193359375,8116200,148.08718264300717
2022-01-13 00:00:00+00:00,148.6677804546262,149.91694007608618,148.45664978027344,6159400,148.1927532161069
2022-01-14 00:00:00+00:00,148.3422869653486,148.35987111951098,147.64732360839844,5847700,147.04033471433414
2022-01-18 00:00:00+00:00,146.99635314941406,147.5417572060755,146.99635314941406,7815600,146.03747987742133
2022-01-19 00:00:00+00:00,147.0843292835482,148.42146333261311,146.53892517089844,5926500,146.31021034821092
2022-01-20 00:00:00+00:00,147.16350605029828,147.6649363789068,145.3689422607422,6011300,145.0874346889578
2022-01-21 00:00:00+00:00,146.19586666866084,147.77931333989335,145.03466796875,10550300,144.68279689648543
2022-01-24 00:00:00+00:00,144.26933143527745,144.4188773022223,143.36325073242188,14054600,139.21990000275548
2022-01-25 00:00:00+00:00,142.82662556559413,148.1487585866322,147.4626007080078,14081200,142.1404676869697
2022-01-26 00:00:00+00:00,147.38340966106256,148.86129737490376,148.1223602294922,9963200,146.23101671269066
2022-01-27 00:00:00+00:00,149.01084089063434,151.22766571524286,150.06646728515625,9066700,148.66776197683927
2022-01-28 00:00:00+00:00,150.30397952191052,151.1660727984961,151.12208557128906,9783100,148.93166394036123
2022-01-31 00:00:00+00:00,150.86701591514168,151.85226560126185,151.5619659423828,8054800,150.26883244086022
2022-02-01 00:00:00+00:00,151.07815966541614,151.2892769461157,150.32162475585938,8154700,149.04606187753288
2022-02-02 00:00:00+00:00,149.23957728168094,152.17775551178767,151.98422241210938,7382800,149.23957728168094
2022-02-03 00:00:00+00:00,151.5355725741408,152.7319529164299,151.9754180908203,6240400,150.46234843960116
2022-02-04 00:00:00+00:00,150.42714419630823,152.16892842329415,150.98135375976562,6392200,149.65301190741764
2022-02-07 00:00:00+00:00,150.78784719010173,151.07814684945893,150.47994995117188,6065700,149.55627165740262
2022-02-08 00:00:00+00:00,150.44475347239305,151.35083409779938,150.87579345703125,6296100,149.96971283162492
2022-02-09 00:00:00+00:00,151.36842241547416,151.5179682604876,150.8582000732422,5387500,150.64706942103712
2022-02-10 00:00:00+00:00,150.61188568142327,150.62067775818272,149.0372314453125,10355300,148.93167283212713
2022-02-11 00:00:00+00:00,148.77332827370873,149.67940887291684,147.53297424316406,13125300,147.3834149703073
2022-02-14 00:00:00+00:00,147.53298264237316,147.76169746873163,145.6768341064453,8967600,144.10217970888024
2022-02-15 00:00:00+00:00,146.14304727515508,147.87603934803448,147.1810760498047,6631400,146.03747524400862
2022-02-16 00:00:00+00:00,146.45973066139692,147.64730522437645,147.09310913085938,8482400,145.77357288998203
2022-02-17 00:00:00+00:00,147.09316582326815,147.30428311244629,146.1958770751953,6227600,145.0786655355473
2022-02-18 00:00:00+00:00,146.063057919222,146.39949067861843,144.62881469726562,6423200,144.2569743622838
2022-02-22 00:00:00+00:00,144.81470791959927,144.96521372188786,142.663330078125,6868900,142.04359633070655
2022-02-23 00:00:00+00:00,142.9909033952369,143.99133943343853,142.73416137695312,8016900,142.406590713478
2022-02-24 00:00:00+00:00,141.45927772293152,141.7691513678195,140.00732421875,12883400,137.86480828631042
2022-02-25 00:00:00+00:00,141.654052734375,147.84256902651396,146.96607971191406,11340400,141.3884486836614
2022-02-28 00:00:00+00:00,144.1950030176344,146.2401317394256,145.70008850097656,9373500,143.7611960216099
2022-03-01 00:00:00+00:00,144.34548896175622,145.85942275349686,145.19541931152344,8737800,143.78773525674407
2022-03-02 00:00:00+00:00,145.55840380601845,148.4091928547325,147.00149536132812,6793300,145.23081960481923
2022-03-03 00:00:00+00:00,147.58582749975247,149.92311905135986,149.16172790527344,7333700,147.24940827881971
2022-03-04 00:00:00+00:00,148.41803967034224,150.38349081829105,150.04705810546875,6302500,147.71862869857267
2022-03-07 00:00:00+00:00,149.00236084521043,153.26968219982348,152.4640350341797,11663400,148.17014111597658
2022-03-08 00:00:00+00:00,152.31350568825403,153.26967211151168,149.3741912841797,11100300,149.1882644063869
2022-03-09 00:00:00+00:00,150.51627532665782,150.71105072444314,149.94081115722656,7248200,148.63936350347123
2022-03-10 00:00:00+00:00,149.23255903242497,150.64024309621433,150.20643615722656,6171400,148.8076006094137
2022-03-11 00:00:00+00:00,149.73718566384133,151.80002434829277,149.9319610595703,5188000,149.63979796597684
2022-03-14 00:00:00+00:00,151.10946220863457,154.15502666389392,152.003662109375,7729500,150.81731259760284
2022-03-15 00:00:00+00:00,153.45562302086518,156.27985314209496,155.94342041015625,10554400,152.76506052523223
2022-03-16 00:00:00+00:00,155.34137495955383,156.66051962402184,154.5091552734375,9603300,152.7738872567287
2022-03-17 00:00:00+00:00,155.12007160775354,156.56316331204945,156.5277557373047,7472100,154.22587161252073
2022-03-18 00:00:00+00:00,156.70481364012193,156.70481364012193,154.79248046875,13809500,153.74778819555786
2022-03-21 00:00:00+00:00,154.6331017187982,156.84644619487452,155.6689453125,7574900,154.33209011225566
2022-03-22 00:00:00+00:00,155.66894453230447,156.14702099270053,154.93411254882812,8442100,153.96909760429924
2022-03-23 00:00:00+00:00,155.13775793752473,155.41221052771434,154.3498077392578,5254200,154.12847326211335
2022-03-24 00:00:00+00:00,154.9341357403512,155.4122122723088,155.14662170410156,5012300,154.11077796053965
2022-03-25 00:00:00+00:00,155.5450255382417,157.32454994232265,156.6339874267578,4809500,155.1289156238392
2022-03-28 00:00:00+00:00,156.39491535367705,157.74948109297495,157.4396209716797,5604200,156.12932482376183
2022-03-29 00:00:00+00:00,158.13905829260815,158.82962080408097,157.35997009277344,5933400,156.5277502688998
2022-03-30 00:00:00+00:00,157.97968489012388,159.23686299035504,158.99781799316406,6277600,157.3068194919838
2022-03-31 00:00:00+00:00,158.99782998817267,159.54674867162177,156.90843200683594,11490400,156.68709753215697
2022-04-01 00:00:00+00:00,156.74904683320972,157.97080370684364,157.75833129882812,6525600,155.4653098344502
2022-04-04 00:00:00+00:00,157.75837812205052,157.75837812205052,156.235595703125,6860600,155.39452731700794
2022-04-05 00:00:00+00:00,156.23554284678318,159.05091020957997,157.2448272705078,7446100,156.07617503820504
2022-04-06 00:00:00+00:00,158.8207722805158,161.66271300773923,161.3351287841797,10330900,158.1390582851558
2022-04-07 00:00:00+00:00,160.83931393034644,161.97254521547222,160.9189910888672,7385200,159.5644253572843
2022-04-08 00:00:00+00:00,160.538290560507,162.18501926183657,161.23770141601562,7144500,159.74147850614534
2022-04-11 00:00:00+00:00,162.01684847285685,163.07925133477622,159.21917724609375,5932000,159.00670477922108
2022-04-12 00:00:00+00:00,158.65251362439005,160.07790786612574,159.27224731445312,5957500,157.76717592167674
2022-04-13 00:00:00+00:00,159.27226402400157,160.1044837133308,159.94512939453125,5643100,158.6879513458872
2022-04-14 00:00:00+00:00,159.36078648839697,160.6002538685231,159.27224731445312,6188200,159.12174152609361
2022-04-18 00:00:00+00:00,159.12178127154522,159.70610754349258,157.2891387939453,6318700,156.4746295251026
2022-04-19 00:00:00+00:00,159.9982788545352,164.61974413391565,162.08767700195312,14380800,159.3165648357646
2022-04-20 00:00:00+00:00,161.34396186088648,163.1854660640503,162.8047637939453,8044900,161.04293674876308
2022-04-21 00:00:00+00:00,162.84017629651154,163.67239599625114,162.33554077148438,6969200,161.62726782431136
2022-04-22 00:00:00+00:00,161.5476144703773,162.14963778322272,160.7242431640625,8003600,160.58259936110085
2022-04-25 00:00:00+00:00,161.43251311437967,165.2837384706209,164.68170166015625,11176500,161.2200406594265
2022-04-26 00:00:00+00:00,163.8760499714355,165.1774977594345,163.5041961669922,10190000,163.06152721894313
2022-04-27 00:00:00+00:00,163.11465424215365,163.62815182851696,161.22003173828125,11090100,160.90130956430346
2022-04-28 00:00:00+00:00,161.35283794253377,163.3448482875033,162.42410278320312,9403900,161.0606748041694
2022-04-29 00:00:00+00:00,161.5741495863529,161.61841917848707,159.76806640625,8463100,159.5378699308253
2022-05-02 00:00:00+00:00,159.77692343234096,160.60914317573813,158.15675354003906,7145400,156.7313590561571
2022-05-03 00:00:00+00:00,158.29842429990953,159.91859432998524,157.84689331054688,5898700,157.30683663385497
2022-05-04 00:00:00+00:00,157.72294216849792,159.80349164623624,159.5378875732422,5923000,156.83760426464065
2022-05-05 00:00:00+00:00,158.847326922753,159.10408248297892,156.49232482910156,7089200,155.17317998300356
2022-05-06 00:00:00+00:00,155.05807190864545,156.5897026204031,156.14703369140625,6434000,154.659672574385
2022-05-09 00:00:00+00:00,155.33247871902037,158.0858791865398,156.99691772460938,7855200,154.5710878450998
2022-05-10 00:00:00+00:00,157.79378488203196,158.6348532638024,156.7845001220703,8186700,156.2621539544554
2022-05-11 00:00:00+00:00,155.78407973305895,157.8734779441588,155.93458557128906,6138900,155.7132510722708
2022-05-12 00:00:00+00:00,156.23558419262534,157.54588053475246,157.4750518798828,6898600,154.67739431304673
2022-05-13 00:00:00+00:00,158.2098731640143,158.3780895191855,156.57200622558594,7732200,155.64239876908135
2022-05-16 00:00:00+00:00,156.5720031996832,158.59057240435934,157.6609649658203,5516700,155.9699664406625
2022-05-17 00:00:00+00:00,158.22759239710007,159.09521976655415,158.31613159179688,5751100,156.34181832537044
2022-05-18 00:00:00+00:00,158.3338569618995,158.80308505756904,155.3768310546875,8608800,155.08466787091814
2022-05-19 00:00:00+00:00,154.68625959483026,154.75708825737678,153.99569702148438,6874500,152.889024498919
2022-05-20 00:00:00+00:00,154.80134266439097,156.84647112386654,156.68710327148438,7522100,154.09306961763795
2022-05-23 00:00:00+00:00,158.24640827926694,160.3224893250359,159.88589477539062,7040800,158.1216650370835
2022-05-24 00:00:00+00:00,159.71660615163066,161.9352685040272,161.63230895996094,6419800,159.5829575263032
2022-05-25 00:00:00+00:00,160.85711781381673,161.76596924313753,160.04627990722656,6558900,159.54730691732314
2022-05-26 00:00:00+00:00,161.27584651798034,161.27584651798034,159.90367126464844,6897600,159.13738769315435
2022-05-27 00:00:00+00:00,160.17099639176834,161.4184422540857,161.35606384277344,5853600,158.80772627357277
2022-05-31 00:00:00+00:00,158.60280945985434,160.53633646051426,159.96607971191406,16391400,155.93863377717895
2022-06-01 00:00:00+00:00,159.62748890470573,160.23339436230486,158.34442138671875,5175400,156.73165102239992
2022-06-02 00:00:00+00:00,158.37117535181912,158.43354018429815,157.845458984375,8666500,155.56443158636543
2022-06-03 00:00:00+00:00,157.7741524961759,159.19978749412422,157.19497680664062,4234200,156.95439571726465
2022-06-06 00:00:00+00:00,157.89889781869792,159.04831664583432,157.17715454101562,5386500,156.82074918580864
2022-06-07 00:00:00+00:00,157.6939795225902,159.76116901467742,158.90577697753906,5447800,157.1771821495684
2022-06-08 00:00:00+00:00,158.6919372245181,159.89481569191415,157.96128845214844,4333100,157.5335992368073
2022-06-09 00:00:00+00:00,157.8988828445775,159.18195015924044,154.78028869628906,5509600,154.71791028724738
2022-06-10 00:00:00+00:00,153.40812473247541,155.0119761329496,153.74671936035156,6647300,152.0270300932895
2022-06-13 00:00:00+00:00,151.54588887102292,153.4794160218985,152.1963348388672,7997000,151.54588887102292
2022-06-14 00:00:00+00:00,152.41905925716574,152.46361332134023,149.86181640625,7116800,149.03315431977737
2022-06-15 00:00:00+00:00,151.15380287100882,152.757654011256,151.46566772460938,7796100,150.26277597042613
2022-06-16 00:00:00+00:00,150.04893554800367,151.66170577615154,151.54586791992188,7056700,149.1668275536162
2022-06-17 00:00:00+00:00,152.03592329653,153.43482845040236,150.99342346191406,12486600,150.79739645752562
2022-06-21 00:00:00+00:00,152.1428694461988,154.91396412753593,154.15658569335938,8219700,151.08254507674914
2022-06-22 00:00:00+00:00,153.25665006294446,158.5315284801033,156.58909606933594,10593100,152.98043385737603
2022-06-23 00:00:00+00:00,157.71178920211807,160.22449203073737,160.08192443847656,10223500,157.2841000213296
2022-06-24 00:00:00+00:00,161.079877464777,162.6391748841088,162.42532348632812,9374400,160.3670530681693
2022-06-27 00:00:00+00:00,161.846145071864,163.3698072366756,162.27383422851562,5908600,161.72140183467423
2022-06-28 00:00:00+00:00,162.31836134552307,163.03118555224188,157.65829467773438,9245700,157.0969434055948
2022-06-29 00:00:00+00:00,157.90779799328087,158.87010873583733,157.70286560058594,7097900,157.20387908534036
2022-06-30 00:00:00+00:00,157.5870366157351,158.8611987065464,158.16619873046875,10777200,155.95645556540123
2022-07-01 00:00:00+00:00,158.11276635486053,160.1354018089532,159.9571990966797,5498400,157.43559060982304
2022-07-05 00:00:00+00:00,159.34233451056048,159.60964528692867,158.72752380371094,5676400,155.58220008535645
2022-07-06 00:00:00+00:00,158.66520002300916,159.8859027823645,158.87013244628906,5335600,158.07711888212486
2022-07-07 00:00:00+00:00,158.47806783056888,159.60075699190506,159.04832458496094,5725800,158.16620293220097
2022-07-08 00:00:00+00:00,158.8968184656231,160.375926287314,158.85226440429688,3828300,158.39784560914683
2022-07-11 00:00:00+00:00,158.33548193363444,159.5116440013073,158.91465759277344,3645200,158.17510361312918
2022-07-12 00:00:00+00:00,158.58498153479297,159.00376531215994,156.68710327148438,4708800,156.1079275643207
2022-07-13 00:00:00+00:00,156.51778909135956,157.11477548503112,156.32176208496094,5291700,155.48419462052894
2022-07-14 00:00:00+00:00,153.72888445263703,156.8296545498934,156.53561401367188,5359600,153.52395205320727
2022-07-15 00:00:00+00:00,158.3444302187052,159.05724101423635,158.80775451660156,5691100,157.31083553079287
2022-07-18 00:00:00+00:00,158.37115069100776,158.77211013906683,155.24363708496094,7605700,154.9585155026054
2022-07-19 00:00:00+00:00,157.1148032503782,157.48903298436633,152.98043823242188,13256400,151.36768142785613
2022-07-20 00:00:00+00:00,153.43487580892085,153.7467407565226,152.1072540283203,7455800,151.2607673408286
2022-07-21 00:00:00+00:00,151.5191413391221,152.71311423457072,152.64183044433594,5729200,151.26965487129678
2022-07-22 00:00:00+00:00,152.90021646571756,153.69322983687977,153.36354064941406,4257000,152.41905434173674
2022-07-25 00:00:00+00:00,153.36357488717238,154.12985871095975,153.66653442382812,4437300,153.00716949768739
2022-07-26 00:00:00+00:00,153.7555942967755,155.91187768764047,154.7535400390625,4525500,153.6932294858781
2022-07-27 00:00:00+00:00,153.81800361068434,155.12781445861498,154.3258819580078,4648500,152.48146303899955
2022-07-28 00:00:00+00:00,154.50407935352123,156.90094420529456,155.21690368652344,5513000,152.7576740134588
2022-07-29 00:00:00+00:00,154.85158514168023,155.79608523595192,155.50204467773438,6451400,154.0674905824273
2022-08-01 00:00:00+00:00,155.19018876334908,156.07231048911183,154.95852661132812,5461400,154.6288373382278
2022-08-02 00:00:00+00:00,155.9386440875497,156.36634687427377,154.07640075683594,5794200,153.8803737119193
2022-08-03 00:00:00+00:00,153.74670309229987,156.16137851540947,155.56439208984375,5010000,153.05170315829847
2022-08-04 00:00:00+00:00,155.76037775065103,156.0098641429747,153.06947326660156,5651600,152.90018961151588
2022-08-05 00:00:00+00:00,152.63293561967507,152.83786803327033,152.46363830566406,5235500,151.28747607947832
2022-08-08 00:00:00+00:00,152.63290599434225,152.79328430533323,151.65277099609375,4629800,150.97559546748002
2022-08-09 00:00:00+00:00,151.9557342439068,152.4725315206186,151.6349639892578,5532500,151.23400456994477
2022-08-10 00:00:00+00:00,152.383428582978,152.57945559423788,152.07156372070312,5603400,151.05579356962554
2022-08-11 00:00:00+00:00,150.1558605152171,151.43002248601337,148.92623901367188,9328700,148.78367144329147
2022-08-12 00:00:00+00:00,149.28265010118767,149.6390690408851,147.28675842285156,14606900,147.1530962219679
2022-08-15 00:00:00+00:00,147.91047245930454,148.578742666199,147.99066162109375,10072000,147.13528337002447
2022-08-16 00:00:00+00:00,147.78574029776865,149.91529430603245,149.3094024658203,7453600,147.55407816992164
2022-08-17 00:00:00+00:00,148.27579843687937,150.19150094646488,149.31829833984375,7406600,148.27579843687937
2022-08-18 00:00:00+00:00,149.40739709271855,149.95984306416042,148.59657287597656,8312100,147.84809988176383
2022-08-19 00:00:00+00:00,148.8906248293437,151.58151671922676,150.8597869873047,8128500,148.8015166863436
2022-08-22 00:00:00+00:00,151.50560637074184,151.523550476951,150.3305206298828,5462600,149.95377652354696
2022-08-23 00:00:00+00:00,149.80128681562778,150.49199119208393,149.02088928222656,5566300,148.72487312088822
2022-08-24 00:00:00+00:00,149.4066271280763,149.43353644903212,148.52755737304688,5684300,148.0700852294525
2022-08-25 00:00:00+00:00,148.85943955668307,150.01659504057434,149.9179229736328,5678700,147.73817229023118
2022-08-26 00:00:00+00:00,150.2139390195644,150.24981354962227,147.3524627685547,5667100,147.28966523177274
2022-08-29 00:00:00+00:00,146.63485443836615,146.96674518129487,146.2132568359375,5259200,145.33418709968726
2022-08-30 00:00:00+00:00,146.4823460734837,146.69762061058725,145.70193481445312,6973300,145.34313479438495
2022-08-31 00:00:00+00:00,146.41959916664084,146.7066502318183,144.7242431640625,8741700,144.66145929814752
2022-09-01 00:00:00+00:00,144.85874609762104,148.45576607631682,148.31224060058594,7509600,144.84976720079868
2022-09-02 00:00:00+00:00,148.7787048350033,149.08368623265113,145.9800262451172,5803700,145.32519633638967
2022-09-06 00:00:00+00:00,147.05641869340593,149.10160870265074,146.3746795654297,7394600,146.0517677940834
2022-09-07 00:00:00+00:00,146.13251071021787,147.4869965212933,147.1730499267578,4590600,145.45975040962895
2022-09-08 00:00:00+00:00,147.00263074424836,148.38402601911358,148.35711669921875,5838400,146.28501694324854
2022-09-09 00:00:00+00:00,147.99831399843512,149.08369304772242,148.6441650390625,5500600,147.46010023546413
2022-09-12 00:00:00+00:00,149.00295742888616,149.41558978426212,148.58135986328125,6365300,148.20461572350868
2022-09-13 00:00:00+00:00,146.72454088177017,147.50493843891948,144.71522521972656,6726400,144.2487742524526
2022-09-14 00:00:00+00:00,145.65709553365187,148.3301926473592,147.70228576660156,9555700,145.65709553365187
2022-09-15 00:00:00+00:00,147.51393265096954,148.96710447176858,148.0790557861328,7174500,147.19998599937
2022-09-16 00:00:00+00:00,148.29433287893565,150.36643263533003,150.3395233154297,20201500,147.78302842613974
2022-09-19 00:00:00+00:00,149.1733853911582,149.28998786816035,149.1554412841797,7380900,147.18201382418522
2022-09-20 00:00:00+00:00,148.20460009786157,148.81456282537064,147.9803466796875,7143400,147.3972932673719
2022-09-21 00:00:00+00:00,148.02522548954533,149.62190900581467,146.46441650390625,8071200,146.428541973276
2022-09-22 00:00:00+00:00,146.34781432149106,149.94484886983068,149.06576538085938,7401100,146.06077698696583
2022-09-23 00:00:00+00:00,148.67108586693627,150.23188126315137,149.55015563964844,9598600,147.70230923100328
2022-09-26 00:00:00+00:00,148.7248997314323,149.65778811716518,148.63519287109375,8735500,147.45114170122716
2022-09-27 00:00:00+00:00,149.22721866694934,150.40230457349074,147.95346069335938,8686700,147.46906556881365
2022-09-28 00:00:00+00:00,149.12854656090687,150.14217655056436,149.2272186279297,8660900,148.09698614985948
2022-09-29 00:00:00+00:00,149.33486769712624,149.95380946756413,147.585693359375,7008100,147.01160502064266
2022-09-30 00:00:00+00:00,148.00728071025105,148.67107586633506,146.5361785888672,8985200,146.5003040583994
2022-10-03 00:00:00+00:00,147.37039620935323,147.45113785649067,146.3926544189453,8657000,145.0471336730224
2022-10-04 00:00:00+00:00,146.97574120803495,148.90431572593218,148.56344604492188,6236100,146.1415111169694
2022-10-05 00:00:00+00:00,148.0252138193988,148.94015799545718,148.10594177246094,4539400,147.2986348671521
2022-10-06 00:00:00+00:00,147.818894524872,148.00727344077345,145.23550415039062,5890700,145.03816002414874
2022-10-07 00:00:00+00:00,145.10993267811202,145.51358616850075,143.7016143798828,6363500,142.77769121999606
2022-10-10 00:00:00+00:00,144.08732825799015,144.67038174165754,143.88998413085938,5315600,142.78664732353442
2022-10-11 00:00:00+00:00,143.85408589173502,147.2089221318686,145.97103881835938,6212200,143.85408589173502
2022-10-12 00:00:00+00:00,146.15941883697684,147.89962765697007,145.93516540527344,4341700,145.76473060720394
2022-10-13 00:00:00+00:00,144.32057127229814,148.89534780995618,148.141845703125,6465100,144.19498986905066
2022-10-14 00:00:00+00:00,147.5049593329689,148.61724774442118,147.5229034423828,5684600,146.75147098572472
2022-10-17 00:00:00+00:00,148.36608405245263,149.98969060450548,149.43353271484375,6710800,148.01624920142356
2022-10-18 00:00:00+00:00,148.00725962121325,149.95377769617474,148.91323852539062,10883600,146.25808565406746
2022-10-19 00:00:00+00:00,148.904303517684,149.12855698683717,147.72921752929688,10044600,147.01160369053773
2022-10-20 00:00:00+00:00,148.00726971182598,148.67106481858335,148.10594177246094,5659900,147.40627213790162
2022-10-21 00:00:00+00:00,147.74713496077618,151.92720846861758,151.33518981933594,8487600,147.49595852832138
2022-10-24 00:00:00+00:00,152.32194000011324,154.35816554372698,153.37144470214844,6855500,151.81961436707215
2022-10-25 00:00:00+00:00,152.64486200494537,153.4880573066831,153.12925720214844,5661900,151.16479446455668
2022-10-26 00:00:00+00:00,153.67640499965475,154.79767220743645,154.47474670410156,6123800,152.9587912492057
2022-10-27 00:00:00+00:00,154.60032608130763,155.56908889141985,154.56443786621094,5390900,154.0352030359558
2022-10-28 00:00:00+00:00,155.18338269222045,157.32724506168856,156.8607940673828,6073900,154.81560376041506
2022-10-31 00:00:00+00:00,156.54687296612926,157.12096132675796,156.0535125732422,7810000,155.56015218035512
2022-11-01 00:00:00+00:00,156.13424954399383,156.6455540771995,155.26414489746094,6985000,152.8691192382667
2022-11-02 00:00:00+00:00,155.08469619715459,156.02656330839764,152.87803649902344,6877300,152.75245513001389
2022-11-03 00:00:00+00:00,152.32191299986684,153.81095921054143,153.13819885253906,4819900,151.54151536453435
2022-11-04 00:00:00+00:00,153.89167851478388,154.73487363937343,153.81991577148438,5300900,151.81061370847308
2022-11-07 00:00:00+00:00,153.9903499597931,155.94584706668556,155.16543579101562,6621000,153.78404062822227
2022-11-08 00:00:00+00:00,155.30000226194173,156.6993415881447,155.93687438964844,5148400,154.4478282092656
2022-11-09 00:00:00+00:00,156.3226047070343,156.97742097349573,154.69003295898438,6150000,154.59136088973582
2022-11-10 00:00:00+00:00,156.39437687352913,156.77112106406977,156.50201416015625,7877500,154.32226329453704
2022-11-11 00:00:00+00:00,154.94119972763295,155.28206937333246,151.81959533691406,11074700,149.6398582337603
2022-11-14 00:00:00+00:00,152.7166116470953,155.41661847329416,154.20565795898438,6581500,152.7166116470953
2022-11-15 00:00:00+00:00,154.45676945630925,155.18334826108313,154.63616943359375,9351000,152.95875843060512
2022-11-16 00:00:00+00:00,155.7574947521994,156.9684690053835,155.59603881835938,5500900,155.30002258564002
2022-11-17 00:00:00+00:00,155.18339090502525,156.96845333478726,156.85183715820312,4464100,155.16544679616354
2022-11-18 00:00:00+00:00,156.97741915677784,158.448521280239,158.0538330078125,6555700,156.63654952380136
2022-11-21 00:00:00+00:00,158.79415283028075,159.39000661817786,158.8663787841797,5706600,157.83718304858112
2022-11-22 00:00:00+00:00,159.25452319664757,159.96774563710093,159.6337127685547,4707900,159.19133411845465
2022-11-23 00:00:00+00:00,159.29067642261793,160.1573602025057,159.80526733398438,5389200,158.90246369411526
2022-11-25 00:00:00+00:00,160.13933142539423,160.80739737494937,160.012939453125,3058600,159.6698696245263
2022-11-28 00:00:00+00:00,159.5705646707021,160.49142836361935,160.0941925048828,6183100,159.39902975209387
2022-11-29 00:00:00+00:00,159.80526334380335,160.0309642481351,158.9746856689453,6700500,157.68368310849888
2022-11-30 00:00:00+00:00,159.22746141552088,160.70805872099348,160.69903564453125,13288000,157.79200704373795
2022-12-01 00:00:00+00:00,161.6018810123524,162.46857872601402,161.36715698242188,6282600,160.49143618996433
2022-12-02 00:00:00+00:00,160.24762647700092,161.56572569129784,161.49349975585938,5823900,159.76011863240205
2022-12-05 00:00:00+00:00,161.02406811849602,161.92687181645223,161.4032440185547,5120600,160.69905823620414
2022-12-06 00:00:00+00:00,162.43245262730605,162.50467858198112,158.98374938964844,7943500,158.83026062615625
2022-12-07 00:00:00+00:00,159.40804836114359,160.5907189479429,159.94972229003906,5702600,159.1010846481765
2022-12-08 00:00:00+00:00,159.63375061548524,160.22056748730404,159.976806640625,4798500,159.20039493790236
2022-12-09 00:00:00+00:00,159.90459699955676,160.59975974950117,158.6587371826172,4561000,158.58651122898863
2022-12-12 00:00:00+00:00,158.84829761958775,160.5816789543962,160.55459594726562,4882400,158.53232461116758
2022-12-13 00:00:00+00:00,161.6921491712465,162.68522498191808,161.7914581298828,9177500,160.97892652948826
2022-12-14 00:00:00+00:00,161.22266227293622,163.44355132820445,162.2879638671875,9533600,161.22266227293622
2022-12-15 00:00:00+00:00,161.78243420639475,162.3602280730868,160.2386474609375,7602400,159.2545808737323
2022-12-16 00:00:00+00:00,159.79623518669672,159.79623518669672,158.5955047607422,18841800,157.86423605806593
2022-12-19 00:00:00+00:00,158.30665610078145,159.04694807334468,158.42401123046875,5736000,157.15106830773655
2022-12-20 00:00:00+00:00,158.89343159807132,159.29066738117683,158.5955047607422,6174700,158.1441029664295
2022-12-21 00:00:00+00:00,159.13722862875008,160.86157340579808,160.41017150878906,5472000,158.5774809089879
2022-12-22 00:00:00+00:00,159.58859450722628,160.25666034757643,159.8233184814453,5709100,158.29757820979776
2022-12-23 00:00:00+00:00,159.49829981788426,160.26568833744443,160.2295684814453,3683400,158.7218882221687
2022-12-27 00:00:00+00:00,160.7983618999449,161.01503973956937,160.1844482421875,3067300,159.78722619974536
2022-12-28 00:00:00+00:00,160.48236403118923,161.10530072339253,159.48928833007812,2645400,159.48025147757733
2022-12-29 00:00:00+00:00,160.29279577012574,160.96989852856697,160.30181884765625,2828800,159.85945386191682
2022-12-30 00:00:00+00:00,160.23862064281371,160.49140455620386,159.48025512695312,4216600,158.35175059371488
2023-01-03 00:00:00+00:00,159.0378847536225,161.04210983849646,160.87057495117188,6344900,158.90245594882907
2023-01-04 00:00:00+00:00,161.50252790640573,162.67617528670237,162.62200927734375,9788800,161.13237514153641
2023-01-05 00:00:00+00:00,161.61989779324958,162.4956183518904,161.42127990722656,6255300,161.06918706849285
2023-01-06 00:00:00+00:00,162.62204515464842,163.34427713968594,162.73037719726562,5706000,161.9539654152274
2023-01-09 00:00:00+00:00,161.87269765731386,162.28797962310009,158.51426696777344,7925300,158.1531372413392
2023-01-10 00:00:00+00:00,158.6225939551452,159.01982975374918,158.1350860595703,5047500,157.37673432170268
2023-01-11 00:00:00+00:00,158.50526101040225,158.6406760626345,157.88232421875,6494800,155.38155397388948
2023-01-12 00:00:00+00:00,157.3225535713618,157.72882622016337,157.08782958984375,4269400,156.00446800298283
2023-01-13 00:00:00+00:00,156.35656287396628,157.0968546871608,156.57322692871094,6088000,155.62529413782275
2023-01-17 00:00:00+00:00,157.08782081103703,157.61144853348986,155.6072235107422,6053300,155.36346269022175
2023-01-18 00:00:00+00:00,154.96623171680227,155.28221848562447,153.2599334716797,7047800,153.21480431243907
2023-01-19 00:00:00+00:00,152.60089007405696,154.6321981563279,153.0522918701172,6939500,152.31200008793704
2023-01-20 00:00:00+00:00,153.56689422845702,153.57591730499476,152.33908081054688,8620600,151.2015394850821
2023-01-23 00:00:00+00:00,152.66408923407664,153.14257402423686,151.95086669921875,8425400,151.62585686291283
2023-01-24 00:00:00+00:00,152.59186329537653,154.3703874307604,151.95086669921875,10541800,149.87441573258036
2023-01-25 00:00:00+00:00,150.9216985501845,153.0342559814453,153.0342559814453,7099800,150.8404495202956
2023-01-26 00:00:00+00:00,153.0703562577976,153.39536611145544,152.47450256347656,6946100,152.25782473580801
2023-01-27 00:00:00+00:00,152.15852905137174,152.4564559245044,151.878662109375,6058100,151.46338012308667
2023-01-30 00:00:00+00:00,151.6077995599811,152.15851029837907,146.25418090820312,23259100,145.42360326230101
2023-01-31 00:00:00+00:00,145.98334002895896,147.54518640687087,147.53616333007812,11612500,145.39652319656534
2023-02-01 00:00:00+00:00,147.14796129368585,149.84733519667503,148.89036560058594,9865300,146.61529670895652
2023-02-02 00:00:00+00:00,147.15698864826794,150.0640173788349,149.45010375976562,10099000,146.99449061055805
2023-02-03 00:00:00+00:00,149.8924836352162,150.17235055276186,148.61050415039062,6868500,147.9604844431988
2023-02-06 00:00:00+00:00,148.5563331023155,148.82717693374727,147.48199462890625,7021000,147.24727065536646
2023-02-07 00:00:00+00:00,145.8930766190374,147.951467856883,147.5181121826172,7310800,145.7305647972651
2023-02-08 00:00:00+00:00,147.4278204853078,148.56534798374517,147.7076873779297,6054700,147.06669080475632
2023-02-09 00:00:00+00:00,147.725755820415,148.7820343674928,145.71249389648438,7949500,145.4145808344305
2023-02-10 00:00:00+00:00,146.04656187324798,146.9674117506107,146.38961791992188,7028000,145.66738596332954
2023-02-13 00:00:00+00:00,145.6493101810161,146.99449253880553,146.93128967285156,6414700,145.48679836548453
2023-02-14 00:00:00+00:00,146.92227204212,147.12991302595566,146.29029846191406,6316000,146.0375145401079
2023-02-15 00:00:00+00:00,146.20904147897937,146.23612448514908,143.8798065185547,12621800,143.80758057687214
2023-02-16 00:00:00+00:00,143.60896297638027,144.13257689697014,142.85963439941406,11177000,142.57073065980316
2023-02-17 00:00:00+00:00,142.77782132345155,146.49684278858686,145.84214782714844,12401900,142.4140941922239
2023-02-21 00:00:00+00:00,145.1692491779988,145.80576812817208,143.66891479492188,9423900,143.56889157773207
2023-02-22 00:00:00+00:00,144.1235976430016,144.44185719401534,143.46890258789062,9820200,143.09608742807984
2023-02-23 00:00:00+00:00,143.40524018699665,144.20541213565494,143.4234161376953,9385100,142.4595635093484
2023-02-24 00:00:00+00:00,142.4413437527981,142.6232142197406,141.82302856445312,8689700,141.13196796428488
2023-02-27 00:00:00+00:00,142.25951710412056,142.66869799133042,141.51390075683594,7267100,141.01378461701432
2023-02-28 00:00:00+00:00,140.92283275451862,141.18653663114833,139.3588409423828,9062300,139.15879451003266
2023-03-01 00:00:00+00:00,139.13152432431878,139.34067261716277,138.7314453125,6767000,138.13130598261583
2023-03-02 00:00:00+00:00,137.98580937593303,138.9041942819693,138.622314453125,8762500,137.51297108654612
2023-03-03 00:00:00+00:00,139.45887538745342,140.14084813225705,140.0499267578125,5747200,138.97694909110717
2023-03-06 00:00:00+00:00,140.63187932726925,141.6048199160681,141.4502410888672,8148200,140.55004592606372
2023-03-07 00:00:00+00:00,141.93218062080658,142.07767148635403,140.11358642578125,7457700,139.44071545347634
2023-03-08 00:00:00+00:00,140.01353241608723,140.21357884355305,139.0860595703125,6230500,138.64958706960368
2023-03-09 00:00:00+00:00,139.54071986187134,139.6680208833563,137.52207946777344,7439400,137.0401531810967
2023-03-10 00:00:00+00:00,138.0858447607523,139.56800332984673,137.8585205078125,8504300,137.39478402673294
2023-03-13 00:00:00+00:00,138.29495239504243,141.76847296688777,139.17697143554688,10799600,137.82212803036867
2023-03-14 00:00:00+00:00,139.37705007942958,140.05902286382454,139.95899963378906,8421200,138.1222157162159
2023-03-15 00:00:00+00:00,138.97694355998087,140.84100509654414,140.34999084472656,7757700,138.69506372331054
2023-03-16 00:00:00+00:00,139.5315966488915,140.36814807267743,140.05899047851562,7605500,138.758702663487
2023-03-17 00:00:00+00:00,140.46821620211014,140.89558696150235,138.55870056152344,20540700,138.48595512643826
2023-03-20 00:00:00+00:00,138.64050170614422,140.09538231969654,139.93170166015625,7129000,138.558668313759
2023-03-21 00:00:00+00:00,140.0317248757726,140.14993791462004,139.93170166015625,8376800,138.36770985675693
2023-03-22 00:00:00+00:00,139.89533838091185,140.08628296654607,137.34930419921875,7943500,137.33111437566356
2023-03-23 00:00:00+00:00,137.4675118550087,137.93126219830037,137.42205810546875,9051500,136.49457129365635
2023-03-24 00:00:00+00:00,137.74029297424275,138.90419191693974,138.80416870117188,5696200,137.14925552864986
2023-03-27 00:00:00+00:00,140.2135949060284,140.52275255670287,139.39523315429688,6772300,139.22246450398728
2023-03-28 00:00:00+00:00,138.5677763545286,139.5316290038091,138.0494842529297,6115300,137.967636973922
2023-03-29 00:00:00+00:00,138.43138677179692,139.46798484545585,139.40432739257812,6012000,138.27680793951475
2023-03-30 00:00:00+00:00,139.64981533131052,139.84986175322456,139.51341247558594,4555700,138.94965285461137
2023-03-31 00:00:00+00:00,139.8407996644972,141.1138239726965,140.94105529785156,9890000,139.34069734229107
2023-04-03 00:00:00+00:00,140.895557476977,142.7687069454228,142.62322998046875,6841900,139.97717256641215
2023-04-04 00:00:00+00:00,142.7323513677752,144.55094536991314,144.11448669433594,8314500,142.38681406744226
2023-04-05 00:00:00+00:00,149.46113560748896,150.6341364458106,150.5886688232422,16704200,147.99716695931608
2023-04-06 00:00:00+00:00,150.93421492685133,152.0617343337355,150.17039489746094,9615400,149.85214927042188
2023-04-10 00:00:00+00:00,149.697559763249,149.8885043508939,149.41567993164062,5354000,148.79735079718375
2023-04-11 00:00:00+00:00,149.50661300087185,150.28860898593587,149.37022399902344,5903800,149.16107569649412
2023-04-12 00:00:00+00:00,149.0701307402617,149.88849237144635,149.05194091796875,5764100,148.30632470118684
2023-04-13 00:00:00+00:00,149.28838442293596,151.2433814238138,151.0433349609375,5640600,148.95194895117677
2023-04-14 00:00:00+00:00,150.9160188318547,151.05240782709484,150.7978057861328,7225100,149.1792582936867
2023-04-17 00:00:00+00:00,150.70689170363448,151.161540209453,150.6432342529297,8046400,149.97945131937064
2023-04-18 00:00:00+00:00,149.35202620349546,149.7521190872611,146.40589904785156,14571500,145.16925462292616
2023-04-19 00:00:00+00:00,147.29702588649354,147.92442916109619,147.7880401611328,6752000,146.55139568730414
2023-04-20 00:00:00+00:00,147.6970980264277,148.96103411610196,148.7427978515625,9498800,146.36044426478122
2023-04-21 00:00:00+00:00,149.52478705875404,150.0067133141614,147.9335174560547,7014200,147.27882256667678
2023-04-24 00:00:00+00:00,147.9335146669517,148.95192275355214,148.83370971679688,5278900,147.18788455014098
2023-04-25 00:00:00+00:00,149.40657845319714,150.35225504359119,150.19766235351562,6263100,149.27018946168369
2023-04-26 00:00:00+00:00,149.2065407409521,149.47933261470132,147.869873046875,5518200,147.52434962324568
2023-04-27 00:00:00+00:00,148.12447307692796,148.5882234184123,148.2154083251953,5739700,147.42432438939855
2023-04-28 00:00:00+00:00,148.04265486750174,148.90648431558697,148.8519287109375,6024900,147.81533059828078
2023-05-01 00:00:00+00:00,148.76100158691406,149.39750674121342,148.76100158691406,4893400,147.52435705508745
2023-05-02 00:00:00+00:00,149.43384696656756,150.47044486197245,150.06126403808594,7541700,148.72459650522578
2023-05-03 00:00:00+00:00,150.5341371799039,151.1069849161556,148.0972137451172,5937200,147.76986623521367
2023-05-04 00:00:00+00:00,147.92443393087785,148.12448038712196,147.42433166503906,5128000,146.6241458400625
2023-05-05 00:00:00+00:00,148.06991406173623,148.33361795076513,147.92442321777344,5194500,147.02422810464105
2023-05-08 00:00:00+00:00,147.29704483304027,147.8244388253549,147.5880126953125,4994900,146.7059933827072
2023-05-09 00:00:00+00:00,147.0787810885386,147.42431836811667,146.44227600097656,5520500,146.20584991504617
2023-05-10 00:00:00+00:00,146.57868834655378,147.27885099180995,146.9878692626953,6756600,145.54209021743478
2023-05-11 00:00:00+00:00,147.15153196346336,147.47887943131002,146.38772583007812,5867600,144.93284511192172
2023-05-12 00:00:00+00:00,146.7241866070644,146.9060432595417,146.19679260253906,3904200,145.49662992198967
2023-05-15 00:00:00+00:00,146.21494449078008,146.42407889312472,145.0783233642578,5104500,144.52365169952415
2023-05-16 00:00:00+00:00,144.6327576060787,145.71482309897644,144.88735961914062,5599200,144.15083137601368
2023-05-17 00:00:00+00:00,145.29653341511468,145.54204744255188,144.56910705566406,6840700,143.45976382030292
2023-05-18 00:00:00+00:00,144.26907313977364,144.51457335319424,144.1053924560547,5173000,143.2688408358575
2023-05-19 00:00:00+00:00,144.20541720711108,145.4238719358054,144.49639892578125,6527100,143.79623630565666
2023-05-22 00:00:00+00:00,144.75289865447962,145.79731774382105,143.71763610839844,5675900,143.63518528068985
2023-05-23 00:00:00+00:00,143.92838277511999,145.00028562530315,143.66268920898438,5793000,143.25957757723194
2023-05-24 00:00:00+00:00,143.91002251153748,143.96498972510517,143.52523803710938,5015100,142.84727645104803
2023-05-25 00:00:00+00:00,142.96639560282637,143.18626447893968,141.46389770507812,6886100,140.8317467273413
2023-05-26 00:00:00+00:00,141.72041049308646,142.2609400804911,141.40892028808594,6845400,141.27148827097076
2023-05-30 00:00:00+00:00,141.0607886407252,142.35257422873957,141.42724609375,5593100,140.46529178469598
2023-05-31 00:00:00+00:00,141.7296156005438,142.63661689825884,142.05943298339844,11324600,140.95088982120598
2023-06-01 00:00:00+00:00,141.5829620361328,142.04104074775148,141.5829620361328,7901300,140.3095037770111
2023-06-02 00:00:00+00:00,141.7478954171471,144.1207400858233,143.8092498779297,7659700,141.17071169470253
2023-06-05 00:00:00+00:00,143.6077224725945,145.33926000255946,145.0460968017578,6430500,143.6077224725945
2023-06-06 00:00:00+00:00,146.20044531107538,146.22792892331793,144.91781616210938,5073600,144.20321428488901
2023-06-07 00:00:00+00:00,144.84452456116531,145.48583209594187,145.22930908203125,6504300,144.23985718003777
2023-06-08 00:00:00+00:00,145.21097771175096,146.96999860334287,146.8234100341797,5818400,144.58799726199052
2023-06-09 00:00:00+00:00,146.97001888716716,147.2540255419579,146.59439086914062,6264400,146.09967185425631
2023-06-12 00:00:00+00:00,146.5852279266196,146.81426734525496,146.4936065673828,6510600,145.4217037657042
2023-06-13 00:00:00+00:00,146.33788575941333,147.35482150633203,147.26321411132812,6066800,145.80651254233823
2023-06-14 00:00:00+00:00,148.0510584255757,148.49081011380514,148.014404296875,6699100,147.48303126634792
2023-06-15 00:00:00+00:00,148.46334905037708,150.16740282790363,150.0024871826172,7138300,147.89532180489738
2023-06-16 00:00:00+00:00,150.68958014414122,151.15682941121167,150.46054077148438,13426600,150.1307235156804
2023-06-20 00:00:00+00:00,150.48804850637865,151.4500168216655,150.36895751953125,7995800,150.075780365386
2023-06-21 00:00:00+00:00,149.8650577685734,151.0927055637792,150.13990783691406,7177500,149.049678086151
2023-06-22 00:00:00+00:00,150.1582468871023,151.82566067174818,151.73403930664062,5485900,150.05746897726704
2023-06-23 00:00:00+00:00,152.18295775646655,152.3295463451259,151.60577392578125,9450700,151.193505752202
2023-06-26 00:00:00+00:00,151.14769317711713,151.14769317711713,149.910888671875,6978800,147.80372316953347
2023-06-27 00:00:00+00:00,149.95666613174822,150.13990883149265,149.599365234375,4927500,148.82063967828225
2023-06-28 00:00:00+00:00,149.51689643402548,149.51689643402548,149.29702758789062,6780400,148.3350594476898
2023-06-29 00:00:00+00:00,149.0038649931351,150.5430169631888,150.34146118164062,4547500,148.62823703848125
2023-06-30 00:00:00+00:00,151.03774290560787,152.02719479383126,151.6424102783203,7580000,150.5705075609422
2023-07-03 00:00:00+00:00,150.561345037961,150.6071557164107,149.65435791015625,4033700,149.2970569853788
2023-07-05 00:00:00+00:00,149.32453783586152,150.1765577255571,149.1596221923828,7224600,149.08632790410962
2023-07-06 00:00:00+00:00,148.64656800481333,148.75650244146823,148.0510711669922,6332500,147.50137102480707
2023-07-07 00:00:00+00:00,147.01578447632082,147.53798694411523,145.8980712890625,7022200,145.85226062149556
2023-07-10 00:00:00+00:00,146.06301247063084,146.8600791596714,146.1363067626953,5739200,145.66907137767325
2023-07-11 00:00:00+00:00,145.78817221159704,146.86007499113296,145.33009338378906,6606700,144.3864521168611
2023-07-12 00:00:00+00:00,145.6140831857075,145.6140831857075,144.82618713378906,6940400,144.64295841974044
2023-07-13 00:00:00+00:00,144.75290965251736,145.7881722772557,145.4949951171875,6401700,144.21237999053002
2023-07-14 00:00:00+00:00,145.83394405933953,146.79591222969918,146.46609497070312,5362200,145.6507153553315
2023-07-17 00:00:00+00:00,146.3562111959429,146.46614566050363,145.7332305908203,5486800,144.8903530976585
2023-07-18 00:00:00+00:00,145.733200064114,147.4005996716702,145.72402954101562,6332500,144.9269768809911
2023-07-19 00:00:00+00:00,144.6704347623736,146.9608285215925,145.43084716796875,7522600,144.1390617327003
2023-07-20 00:00:00+00:00,148.3625325694225,154.9588630969574,154.26258850097656,21892900,147.77619238874058
2023-07-21 00:00:00+00:00,154.07941231006254,156.49808232573668,155.9208984375,12080000,154.07941231006254
2023-07-24 00:00:00+00:00,157.12105166127523,159.24654431808636,156.73626708984375,15155400,156.6538162487065
2023-07-25 00:00:00+00:00,156.1590383752238,158.20206562443576,157.93638610839844,13790100,155.5177309404323
2023-07-26 00:00:00+00:00,157.57911963007155,159.27401691554974,158.23875427246094,14288200,157.02941943492817
2023-07-27 00:00:00+00:00,157.74401913448392,159.67711235559827,159.12742614746094,12446400,157.61575762130624
2023-07-28 00:00:00+00:00,159.4114140607366,160.65738889073435,159.85116577148438,14138800,158.70596883139288
2023-07-31 00:00:00+00:00,155.46280601121646,155.94836848529602,153.48390197753906,22632700,152.73265991516328
2023-08-01 00:00:00+00:00,152.42112227282234,154.9130718479305,154.72984313964844,15810300,152.13711567806703
2023-08-02 00:00:00+00:00,154.69319720035475,156.8828130340963,155.66432189941406,14595600,154.69319720035475
2023-08-03 00:00:00+00:00,155.7009789118933,156.95612431047758,156.3331298828125,17424800,155.44445590622394
2023-08-04 00:00:00+00:00,156.05828676323043,158.2020922544497,154.86727905273438,23415100,153.8137033739048
2023-08-07 00:00:00+00:00,155.27956904467675,158.80676769840034,158.58689880371094,17736400,155.16046407374887
2023-08-08 00:00:00+00:00,158.48612854404,158.99917462900095,158.66018676757812,27378700,157.02027060461677
2023-08-09 00:00:00+00:00,158.49527997632933,159.6404770859849,158.55941772460938,42974400,157.6249329688825
2023-08-10 00:00:00+00:00,159.41144890432642,161.21628079476076,157.73487854003906,48213800,157.24931604966412
2023-08-11 00:00:00+00:00,158.01887181364944,159.36562471377783,159.27401733398438,45905600,157.2309756542509
2023-08-14 00:00:00+00:00,158.97167075041722,160.87728023696084,158.89837646484375,64036900,157.35006788331108
2023-08-15 00:00:00+00:00,158.31203085780427,159.92446314805323,158.44029235839844,88958100,157.70736350666522
2023-08-16 00:00:00+00:00,158.06464759535675,160.08019123875292,157.93638610839844,85832700,157.69819019817692
2023-08-17 00:00:00+00:00,158.36700236092724,160.684879956897,159.4205780029297,70904200,158.27538100968553
2023-08-18 00:00:00+00:00,158.650995538128,159.4022514121908,158.02801513671875,49631700,156.9469419973645
2023-08-21 00:00:00+00:00,155.4627750125175,155.6093635738105,153.3189697265625,151319500,152.0455113066708
2023-08-22 00:00:00+00:00,152.87007877862234,153.76790943620125,152.1005096435547,56834800,151.54165287130039
2023-08-23 00:00:00+00:00,151.9905286819275,152.5402287918782,150.7353973388672,119011400,149.76427259348148
2023-08-24 00:00:00+00:00,150.27733401712038,152.69598958644096,151.2484588623047,70755100,150.12158889850178
2023-08-25 00:00:00+00:00,151.6175627407821,154.8289349912841,153.4170379638672,18185500,151.39608345142096
2023-08-28 00:00:00+00:00,152.2635688664221,153.38017456706302,151.60836791992188,18458000,150.57482577655256
2023-08-29 00:00:00+00:00,152.14360213660328,152.89107560015688,151.6268310546875,12208600,150.20571057941913
2023-08-30 00:00:00+00:00,152.36506476469035,153.02948867733983,151.09158325195312,9939100,151.04543996450022
2023-08-31 00:00:00+00:00,150.75939478494902,150.94396796351833,149.19984436035156,15333000,148.83072616512604
2023-09-01 00:00:00+00:00,148.9598807696853,149.93805640923046,148.09243774414062,8610100,147.6587162313683
2023-09-05 00:00:00+00:00,148.16627543422962,149.46744007137488,148.27700805664062,9019800,147.90788992796797
2023-09-06 00:00:00+00:00,147.50185326790756,147.64950615349005,145.8131103515625,9753800,145.20406684020455
2023-09-07 00:00:00+00:00,146.85588526749387,148.62767760062098,147.67718505859375,9931800,146.7082323861615
2023-09-08 00:00:00+00:00,147.271148779857,148.27700764651877,148.16627502441406,6957000,146.9020306522053
2023-09-11 00:00:00+00:00,148.62768627413794,150.13187016846487,150.10418701171875,6309300,148.06477195204266
2023-09-12 00:00:00+00:00,149.69814936731748,151.27614563370176,150.9531707763672,6045800,149.0614085970045
2023-09-13 00:00:00+00:00,151.11927139686168,152.2174169021016,151.33152770996094,7397500,150.41794127967074
2023-09-14 00:00:00+00:00,151.96824381926422,152.51271206172365,151.10081481933594,7758400,150.82396918572084
2023-09-15 00:00:00+00:00,151.32230157014536,152.09747227063974,148.9875946044922,13392100,148.76612933088452
2023-09-18 00:00:00+00:00,149.60587456168795,150.55636723881142,149.92886352539062,5789000,148.34163002785408
2023-09-19 00:00:00+00:00,149.72583078792832,150.27952208115917,149.6796875,5550800,148.92299108560266
2023-09-20 00:00:00+00:00,149.67047593198726,150.916260315689,150.33489990234375,3837400,149.18138802060756
2023-09-21 00:00:00+00:00,150.02114121666924,150.87934725873208,149.18138122558594,4526700,149.11677780429264
2023-09-22 00:00:00+00:00,148.8491818458045,148.94145435137193,148.11093139648438,4976700,147.8802290111316
2023-09-25 00:00:00+00:00,147.714097609306,147.98170612191825,147.88941955566406,6722500,146.47752239388402
2023-09-26 00:00:00+00:00,147.47417623514903,147.72333872979553,146.7451629638672,4904800,146.5975100721541
2023-09-27 00:00:00+00:00,146.33913610817575,146.5052350637533,144.98260498046875,10211600,143.27540172749013
2023-09-28 00:00:00+00:00,145.34246195612846,145.76696042158753,144.77032470703125,7861900,144.16126720131038
2023-09-29 00:00:00+00:00,145.22248552469344,145.43474178807887,143.7275390625,7680700,143.35842099905398
2023-10-02 00:00:00+00:00,143.42302109864633,143.42302109864633,143.17385864257812,7259700,141.48512999853972
2023-10-03 00:00:00+00:00,142.740155046783,143.49686553385823,143.34921264648438,5740800,142.01114179692544
2023-10-04 00:00:00+00:00,143.56146310976445,143.89366097140424,143.51531982421875,4955200,142.638653722666
2023-10-05 00:00:00+00:00,144.2074143152447,145.84077664998287,145.01025390625,5993300,144.02285527007658
2023-10-06 00:00:00+00:00,144.954923858178,146.080752620544,145.47169494628906,5802200,144.50274211560279
2023-10-09 00:00:00+00:00,145.04717893379845,146.6159662239947,146.3022003173828,4414100,144.96412946482224
2023-10-10 00:00:00+00:00,146.15455326980933,146.9758530500481,146.13609313964844,5273500,145.71159463167
2023-10-11 00:00:00+00:00,146.22836194524572,146.77281603074394,144.1243438720703,6922900,143.99515113854613
2023-10-12 00:00:00+00:00,143.88443165364313,144.4750290723172,144.26278686523438,5792400,143.10005215748788
2023-10-13 00:00:00+00:00,144.63191381902962,145.2132882489435,144.74266052246094,5359800,144.00441018371953
2023-10-16 00:00:00+00:00,145.63778557392808,146.03458685518225,145.3701629638672,6408100,144.7334222279441
2023-10-17 00:00:00+00:00,143.93979595203,146.6805408000555,144.0413055419922,12244400,142.67555167055366
2023-10-18 00:00:00+00:00,143.41382583557586,143.91213676321863,140.94068908691406,9097300,140.3131853942561
2023-10-19 00:00:00+00:00,139.9624824113736,141.29133003325566,140.56231689453125,7733800,138.55980835705898
2023-10-20 00:00:00+00:00,140.9498787602772,141.99264355521234,141.18980407714844,7207000,140.57152361828938
2023-10-23 00:00:00+00:00,141.060632381326,141.65122977938304,139.7041015625,5874000,139.53800264474302
2023-10-24 00:00:00+00:00,139.11352817356942,140.23013383247337,139.5564727783203,6155300,138.54139080572637
2023-10-25 00:00:00+00:00,139.5656952149681,140.42390117652567,139.87022399902344,5880800,138.63364873259917
2023-10-26 00:00:00+00:00,140.23934114800653,140.23934114800653,137.49859619140625,7612500,137.38786357286193
2023-10-27 00:00:00+00:00,137.02797205356876,137.1848479609137,134.36105346679688,11385800,133.7612189118209
2023-10-30 00:00:00+00:00,134.8132209792567,135.87446023084422,135.6806640625,8205300,134.73017151323228
2023-10-31 00:00:00+00:00,136.1512912972853,137.0741006879109,136.88954162597656,7576900,135.32076847810376
2023-11-01 00:00:00+00:00,137.67391377865874,138.19990772722315,137.21250915527344,5733000,137.00026697118267
2023-11-02 00:00:00+00:00,136.30820675037694,138.7905526469168,138.64291381835938,5349100,136.1513167334206
2023-11-03 00:00:00+00:00,139.53800334793024,140.51617897330232,139.657958984375,4926800,138.55981364160542
2023-11-06 00:00:00+00:00,140.06403031004953,140.66385087633452,139.99020385742188,4851400,139.68567502069138
2023-11-07 00:00:00+00:00,140.20239973024448,140.49770544307015,139.2519073486328,4840400,139.048888191303
2023-11-08 00:00:00+00:00,139.66720943174383,140.110154004595,138.74440002441406,5460000,138.73516291853014
2023-11-09 00:00:00+00:00,138.88281245714222,138.88281245714222,136.04055786132812,6973600,135.89290498028367
2023-11-10 00:00:00+00:00,136.80649163807996,137.03719398485583,135.88368225097656,6930700,134.39795857450193
2023-11-13 00:00:00+00:00,135.88367243474988,136.48349286065462,136.23434448242188,5889300,135.32998121010496
2023-11-14 00:00:00+00:00,136.24357905393015,137.07410188033649,136.2620391845703,6713600,135.62529844654694
2023-11-15 00:00:00+00:00,135.97595521767107,137.8861631357628,137.31402587890625,6729100,135.90212878437467
2023-11-16 00:00:00+00:00,137.95999589913708,138.57827646529176,138.51368713378906,6875600,137.1663793059775
2023-11-17 00:00:00+00:00,138.9289441837892,139.1504094059764,138.22760009765625,7023300,137.56319035014212
2023-11-20 00:00:00+00:00,137.58579868242558,139.90198613848528,139.44619750976562,8851700,137.24161524764034
2023-11-21 00:00:00+00:00,139.6229232242863,140.72984848931165,140.57171630859375,5916300,139.16712044900632
2023-11-22 00:00:00+00:00,141.04612272728355,141.42749364853472,140.29266357421875,4633500,139.89267049923347
2023-11-24 00:00:00+00:00,140.32988127503606,142.02283679293316,141.85540771484375,3351400,140.32988127503606
2023-11-27 00:00:00+00:00,141.66003137018282,141.68795040468441,140.7205352783203,6449700,140.43217579436813
2023-11-28 00:00:00+00:00,140.83215602079164,141.213541106915,141.04611206054688,5909000,140.31124672936156
2023-11-29 00:00:00+00:00,140.76704525394203,141.57631400798965,141.4925994873047,5190000,140.5251985740589
2023-11-30 00:00:00+00:00,141.63216727964829,144.31114631580206,143.86465454101562,12481900,141.31590286391278
2023-12-01 00:00:00+00:00,145.52037755742177,147.39938407627056,147.32496643066406,10342900,144.61808312080063
2023-12-04 00:00:00+00:00,146.97150482695565,148.85051158442695,147.7900848388672,8920300,146.97150482695565
2023-12-05 00:00:00+00:00,147.7156583560199,148.48772551316588,147.4831085205078,7268200,147.176141034386
2023-12-06 00:00:00+00:00,147.45519230562098,147.58541963571741,145.68780517578125,6642900,145.2692183428794
2023-12-07 00:00:00+00:00,145.6506057942117,145.6506057942117,144.55296325683594,6532400,143.91113767270502
2023-12-08 00:00:00+00:00,144.57157197080724,144.97156504630047,143.64137268066406,6254700,143.10185538913524
2023-12-11 00:00:00+00:00,143.71583063472076,144.62742222049263,144.2367401123047,6090400,143.5763063795532
2023-12-12 00:00:00+00:00,144.18091194162793,144.4785825728141,144.24603271484375,5324400,142.92513703110117
2023-12-13 00:00:00+00:00,142.9344411834119,145.05529464983687,144.91575622558594,10764600,141.17636491009338
2023-12-14 00:00:00+00:00,145.54827510542427,146.19011484711095,145.92034912109375,9240700,144.22739389796948
2023-12-15 00:00:00+00:00,144.63669464590205,145.7529309700853,144.32972717285156,21727800,143.02743963320867
2023-12-18 00:00:00+00:00,144.37623758158787,145.52037873036636,144.59017944335938,7231400,143.95763654746298
2023-12-19 00:00:00+00:00,144.45993648456613,145.57617266948728,145.53897094726562,6651500,144.12506420971846
2023-12-20 00:00:00+00:00,145.6133812785185,145.72501483788955,142.57164001464844,7008300,142.42280473129625
2023-12-21 00:00:00+00:00,142.96233517966223,144.30182446600236,144.0320587158203,4598600,142.59955801408805
2023-12-22 00:00:00+00:00,144.41346229819968,145.60411643962144,144.6088104248047,3798900,144.19952040236902
2023-12-26 00:00:00+00:00,144.18087597020207,145.4366505674279,145.24130249023438,4170000,144.04135176771626
2023-12-27 00:00:00+00:00,144.6459857138312,145.59479293841275,145.43666076660156,5288100,144.57156806938224
2023-12-28 00:00:00+00:00,145.11108696505923,146.2645391763136,145.65060424804688,4377500,145.1017900820423
2023-12-29 00:00:00+00:00,145.58546718890335,145.94824429795804,145.79942321777344,4313700,145.09246276361654
2024-01-02 00:00:00+00:00,145.97618669768593,150.35743216700368,148.8040008544922,9622100,145.84595934794595
2024-01-03 00:00:00+00:00,149.42719394792215,150.17135612190214,149.73416137695312,8232000,148.64583005241397
2024-01-04 00:00:00+00:00,150.3109063822734,150.67368355335526,149.4179229736328,6766600,149.2225748690278
2024-01-05 00:00:00+00:00,149.29699598932405,150.07836003847734,149.88302612304688,5602500,148.33889179230414
2024-01-08 00:00:00+00:00,149.85511753717293,150.37602689027173,150.25509643554688,6569800,148.46911542761583
2024-01-09 00:00:00+00:00,150.34812927246094,151.88295256116447,150.34812927246094,6357000,149.39002505330632
2024-01-10 00:00:00+00:00,150.52486674357385,151.26901487410655,150.5713653564453,4945100,149.9481334905805
2024-01-11 00:00:00+00:00,150.75742251941514,150.87833878884456,149.90162658691406,4946000,149.557457353304
2024-01-12 00:00:00+00:00,150.5434564983361,151.1294866195393,151.05506896972656,4496900,150.40393227600933
2024-01-16 00:00:00+00:00,150.29232500910842,150.92485379291452,149.31561279296875,6923200,148.99933420734916
2024-01-17 00:00:00+00:00,149.06444349121261,150.04115563208222,149.23187255859375,5072100,148.71096320178742
2024-01-18 00:00:00+00:00,148.83191092449175,150.10627961979324,149.95745849609375,5368500,148.5435513680703
2024-01-19 00:00:00+00:00,149.9016487045071,150.61790631743355,150.3946533203125,7071300,149.09237965473568
2024-01-22 00:00:00+00:00,150.6923064786036,152.16202326972734,151.12950134277344,6824200,150.07837145312467
2024-01-23 00:00:00+00:00,148.51562714638357,149.30628805379786,148.6551513671875,9149800,145.95757901106663
2024-01-24 00:00:00+00:00,148.5993532293369,149.39002839192477,147.864501953125,7247900,147.12033959899225
2024-01-25 00:00:00+00:00,147.9016980519319,148.47841711240952,148.422607421875,5478900,147.40869352725608
2024-01-26 00:00:00+00:00,149.23190001713633,149.520273786879,148.3668212890625,5591900,148.2365939258992
2024-01-29 00:00:00+00:00,147.91099680843067,148.89702006398184,148.236572265625,6483200,147.86449819487373
2024-01-30 00:00:00+00:00,148.22729205708882,148.60866305471214,147.68777465820312,7200500,147.0924475617978
2024-01-31 00:00:00+00:00,149.20395365673562,149.40859862673105,147.80865478515625,8256800,147.5947129324207
2024-02-01 00:00:00+00:00,147.12032894017108,147.4272964212755,147.30636596679688,8012000,146.0878071196254
2024-02-02 00:00:00+00:00,146.94355340320672,147.2598176916644,145.67848205566406,8295900,145.0552503600403
2024-02-05 00:00:00+00:00,145.67853864063028,145.9389933550812,144.92507934570312,9121600,144.49718134698094
2024-02-06 00:00:00+00:00,144.95295752458105,147.65052979666757,147.0272979736328,9229900,144.73901566144133
2024-02-07 00:00:00+00:00,146.78545179901943,148.24585731351985,146.952880859375,8690300,146.68312930867495
2024-02-08 00:00:00+00:00,146.35755919698565,146.35755919698565,145.48316955566406,9755000,144.46925569230834
2024-02-09 00:00:00+00:00,145.36225036183663,146.22732890842636,145.8180389404297,6529200,144.80412509752935
2024-02-12 00:00:00+00:00,145.65058281707036,147.35284894385842,146.83193969726562,6701500,145.43664098944382
2024-02-13 00:00:00+00:00,146.63662560840297,147.390084814208,145.5482940673828,8621000,144.87854939695262
2024-02-14 00:00:00+00:00,145.43668490892736,145.53900741281583,144.8692626953125,9098800,144.03207470157497
2024-02-15 00:00:00+00:00,145.09249046000224,147.41798883213715,146.89707946777344,7462500,145.00877592509713
2024-02-16 00:00:00+00:00,146.77525952283972,147.39384167739834,146.7283935546875,8541000,145.90359827996195
2024-02-20 00:00:00+00:00,146.73773332332692,148.65912324292157,147.9561767578125,9501700,146.625266462184
2024-02-21 00:00:00+00:00,148.1061189865306,148.7340826990203,148.72470092773438,7472500,147.27195652647944
2024-02-22 00:00:00+00:00,149.0059059924075,150.6554962347666,150.38368225097656,8065000,147.87182700226853
2024-02-23 00:00:00+00:00,150.7867293240931,152.07077380843506,151.68649291992188,6726000,150.1118994764793
2024-02-26 00:00:00+00:00,151.64899055029952,151.8458075563944,150.7023468017578,5465400,150.49616232443842
2024-02-27 00:00:00+00:00,150.28060022158255,150.9366808249114,150.8804473876953,5078600,149.6245196182537
2024-02-28 00:00:00+00:00,150.8991759120633,151.4709062810565,151.4146728515625,6071100,150.23371362625838
2024-02-29 00:00:00+00:00,151.8364537357463,152.0145358154022,151.25535583496094,9849100,150.84295824028072
2024-03-01 00:00:00+00:00,151.67712911351737,152.37070822407398,151.9489288330078,5670100,150.98355000296075
2024-03-04 00:00:00+00:00,151.19912410403236,151.4709238118715,149.8119659423828,8532900,148.34047192821404
2024-03-05 00:00:00+00:00,150.54303728985678,151.12414952985304,149.93382263183594,8298200,149.21212679429178
2024-03-06 00:00:00+00:00,149.4558191885232,150.83358130368302,149.3433380126953,5773700,149.23087113835194
2024-03-07 00:00:00+00:00,149.96192746163356,150.29934237048158,148.90281677246094,5188700,148.31235140808977
2024-03-08 00:00:00+00:00,148.9028102998495,150.32745255322314,149.5120391845703,5284000,148.49041272901897
2024-03-11 00:00:00+00:00,149.48393448414626,151.19912580897804,151.11476135253906,4620800,148.91220404253568
2024-03-12 00:00:00+00:00,151.4427867498135,152.87679638117123,152.53001403808594,8018700,151.02102173496988
2024-03-13 00:00:00+00:00,152.33318237620043,152.47376594698787,150.99290466308594,6260000,149.78382874838488
2024-03-14 00:00:00+00:00,150.84294049201296,151.4052890810146,149.2214813232422,6988300,148.73410110492154
2024-03-15 00:00:00+00:00,148.14363664662227,149.20274733467747,148.256103515625,13165500,147.24387309163274
2024-03-18 00:00:00+00:00,148.62164239261728,148.73410925628485,146.92518615722656,6602300,146.6815031854524
2024-03-19 00:00:00+00:00,146.84086159072868,147.01894369021497,146.40972900390625,7840600,145.89423195315274
2024-03-20 00:00:00+00:00,145.931696863652,146.62527592224217,145.98793029785156,5982300,145.47244761669967
2024-03-21 00:00:00+00:00,145.82858080086245,147.10325760248134,145.97854614257812,5915800,145.36933160639617
2024-03-22 00:00:00+00:00,145.922327244915,146.55029108671098,145.49118041992188,7248600,145.3787135531774
2024-03-25 00:00:00+00:00,145.65049654541897,146.19411017481616,145.48179626464844,7498100,145.18186558574712
2024-03-26 00:00:00+00:00,145.84734909182365,146.4284469900114,145.997314453125,6864100,145.05067062370867
2024-03-27 00:00:00+00:00,146.20350421881622,148.2935944699733,148.04991149902344,8461600,145.68800725961162
2024-03-28 00:00:00+00:00,148.2748551429712,149.15588376826977,148.26548767089844,6181500,148.19050498986408
2024-04-01 00:00:00+00:00,147.82497689040005,148.22799272141984,147.88121032714844,4364700,146.93458077175345
2024-04-02 00:00:00+00:00,146.74712224633228,147.9280672503232,147.83433532714844,6102300,146.16601006531909
2024-04-03 00:00:00+00:00,147.89054936429255,148.13424661199213,144.58201599121094,8098200,144.57264852071543
2024-04-04 00:00:00+00:00,145.56616870825653,145.74425078845414,142.93246459960938,6947400,142.84811444630023
2024-04-05 00:00:00+00:00,142.49194605720672,143.41045884722197,142.82936096191406,6783000,142.09829771862874
2024-04-08 00:00:00+00:00,142.45447274975297,143.43858652062698,142.07955932617188,5935400,142.0514426070889
2024-04-09 00:00:00+00:00,142.04206148134256,142.96057425322957,142.73562622070312,6135300,141.47033107913583
2024-04-10 00:00:00+00:00,142.02329343168662,142.2951073893514,140.7767333984375,6809500,140.36433587748513
2024-04-11 00:00:00+00:00,141.33910588056057,141.4047067807354,139.4552001953125,8374400,139.08030113335838
2024-04-12 00:00:00+00:00,138.77102307401648,139.71766694002804,138.26490783691406,7100200,137.91811113781276
2024-04-15 00:00:00+00:00,139.06155330157475,140.11129642837182,138.3304901123047,8502300,138.12429133569182
2024-04-16 00:00:00+00:00,135.91236139515735,137.07457145724345,135.3874969482422,12774900,134.394001487798
2024-04-17 00:00:00+00:00,135.90298996157847,136.28727081382578,135.6874237060547,9378100,134.53458114931274
2024-04-18 00:00:00+00:00,135.88422940374656,136.65279104425244,136.5965576171875,9887700,134.1503034294895
2024-04-19 00:00:00+00:00,136.98082670404938,138.83661564087566,138.6304168701172,9750800,135.47183440976173
2024-04-22 00:00:00+00:00,139.1927958871638,140.84238641391303,139.7645263671875,10118700,138.05871670150907
2024-04-23 00:00:00+00:00,140.45807658727483,141.04855619304044,140.17689514160156,10110400,138.9022183158342
2024-04-24 00:00:00+00:00,138.84600096152445,139.64267943291833,139.21153259277344,9756300,137.64630666914402
2024-04-25 00:00:00+00:00,139.9988480742635,140.195679425876,137.6088409423828,7642700,137.1495773229443
2024-04-26 00:00:00+00:00,137.49631517112573,137.94619686988125,136.97145080566406,6183000,136.79336875992215
2024-04-29 00:00:00+00:00,136.97149521945826,137.9837400959954,137.6088409423828,6149600,136.83091161222504
2024-04-30 00:00:00+00:00,137.66507623548242,137.66507623548242,135.51873779296875,8817700,135.4625043493197
2024-05-01 00:00:00+00:00,139.40835938540687,142.32324486856393,141.6952667236328,14470900,138.35861618759114
2024-05-02 00:00:00+00:00,142.50128806834428,142.77310201879885,140.51429748535156,8459800,139.78323437268514
2024-05-03 00:00:00+00:00,140.4862034661683,140.4862034661683,139.9051055908203,6532700,138.5460785234672
2024-05-06 00:00:00+00:00,140.46745404440725,140.63616864439848,139.25839233398438,5042800,138.6304284981774
2024-05-07 00:00:00+00:00,140.00821432613523,140.3362474738052,139.38961791992188,7333500,139.13655315347378
2024-05-08 00:00:00+00:00,139.7645116645831,140.33624208446332,139.6051788330078,7735100,139.37086332160584
2024-05-09 00:00:00+00:00,139.63328755198117,140.68303070794119,140.44871520996094,6546200,139.5489374050642
2024-05-10 00:00:00+00:00,140.58930925964492,140.67365941284453,140.5049591064453,5710600,139.8301292778803
2024-05-13 00:00:00+00:00,140.6267961364024,142.4638361051482,141.73277282714844,5628500,140.31751223542773
2024-05-14 00:00:00+00:00,142.32321990910873,142.66063475254015,141.88270568847656,8254200,141.24536018355894
2024-05-15 00:00:00+00:00,142.29511753166173,143.35421382070746,143.09178161621094,5548000,141.80773730839
2024-05-16 00:00:00+00:00,143.4010900519776,144.6945162249996,144.6007843017578,7591000,142.77312621041168
2024-05-17 00:00:00+00:00,145.14441597858172,145.14441597858172,144.93821716308594,6521800,144.06657023515996
2024-05-20 00:00:00+00:00,144.65474546816156,144.9287422240118,142.92568969726562,7742300,142.9162320875925
2024-05-21 00:00:00+00:00,143.40754516705445,144.1728618253985,142.8973388671875,5492400,142.4721501306966
2024-05-22 00:00:00+00:00,142.51942589100912,145.58070760660317,145.03269958496094,6609800,142.02812028574948
2024-05-23 00:00:00+00:00,144.32405097108384,144.40908295836329,141.44229125976562,8000400,141.1399504992981
2024-05-24 00:00:00+00:00,141.28166823517878,141.5462218027961,138.86288452148438,9520600,138.6644621372273
2024-05-28 00:00:00+00:00,138.69280553584656,138.69280553584656,136.41575622558594,10499800,136.19843303969458
2024-05-29 00:00:00+00:00,135.8866475104397,137.39838009884903,136.47244262695312,8263800,135.78271472359816
2024-05-30 00:00:00+00:00,136.6425165149341,137.57791166440794,137.26611328125,8490300,136.07562215953791
2024-05-31 00:00:00+00:00,137.54013887902852,139.34476934569406,138.57945251464844,14621200,137.18109565771212
2024-06-03 00:00:00+00:00,139.1274323922783,140.68640973883723,139.5904083251953,7329200,138.67391406880276
2024-06-04 00:00:00+00:00,139.34472434387132,140.12894172727084,139.64707946777344,8876400,138.12588949121982
2024-06-05 00:00:00+00:00,139.80772160612355,139.82662240852997,137.9180450439453,5891300,137.80466906368278
2024-06-06 00:00:00+00:00,137.4739816383888,138.89123918105258,138.34323120117188,5016300,136.6803208745985
2024-06-07 00:00:00+00:00,138.58888339921194,140.1195313424389,138.96682739257812,5111600,138.2676418176676
2024-06-10 00:00:00+00:00,138.44714464009002,139.42032686328253,139.01405334472656,5749900,137.56845200669937
2024-06-11 00:00:00+00:00,138.71171928939165,139.04241848691092,138.6644744873047,5661200,137.41729533132772
2024-06-12 00:00:00+00:00,138.9479085960436,139.08964298161092,137.38893127441406,6180500,136.79367857262332
2024-06-13 00:00:00+00:00,137.06771376492154,137.94640655772307,137.42674255371094,6840400,135.9433537609016
2024-06-14 00:00:00+00:00,137.13381974346592,137.91803720223157,137.51174926757812,4075300,136.5102230533023
2024-06-17 00:00:00+00:00,137.0204770770294,138.35268834446978,137.899169921875,6666600,136.75592346242487
2024-06-18 00:00:00+00:00,137.9086041209842,138.3148776683367,137.61569213867188,6156600,137.2472057796661
2024-06-20 00:00:00+00:00,137.25665037732855,139.9116434324514,139.62818908691406,8749700,137.01098321655564
2024-06-21 00:00:00+00:00,139.7321163317987,140.85647606040752,140.544677734375,15172300,139.24079644680023
2024-06-24 00:00:00+00:00,140.78091112328104,141.46119587402237,140.894287109375,6914700,139.9966935795906
2024-06-25 00:00:00+00:00,140.9509740398478,140.9698748430839,139.0707550048828,5912500,138.8345454242419
2024-06-26 00:00:00+00:00,138.1353665555218,139.07076173024683,138.72117614746094,5267800,137.73853617090526
2024-06-27 00:00:00+00:00,138.7022693577553,139.23137651441095,137.75743103027344,5739200,136.85037989237182
2024-06-28 00:00:00+00:00,137.98420479401764,138.95740168874426,138.09759521484375,10495700,137.61571836478757
2024-07-01 00:00:00+00:00,138.0125360279779,140.49745092863293,138.36212158203125,5144400,137.58734726353785
2024-07-02 00:00:00+00:00,138.35267628714587,139.03296107029715,137.97474670410156,5492000,137.70074991895788
2024-07-03 00:00:00+00:00,138.13538110516996,138.56055553225016,137.6535186767578,3246200,136.7559250157905
2024-07-05 00:00:00+00:00,137.729075262143,138.46604794122288,138.39990234375,4888500,136.52912665201552
2024-07-08 00:00:00+00:00,138.32432767064935,139.09910203223689,137.455078125,5260200,137.2377693428599
2024-07-09 00:00:00+00:00,137.6345799638235,139.0140500903654,138.93846130371094,5890400,137.1716040519725
2024-07-10 00:00:00+00:00,139.13688219440405,141.2249811708162,141.1871795654297,6093200,138.58887425300588
2024-07-11 00:00:00+00:00,141.32891527672635,142.27375358095603,141.44229125976562,6350400,140.4407649640163
2024-07-12 00:00:00+00:00,141.72574170255015,142.55720400067327,141.61236572265625,5336400,141.0076698014089
2024-07-15 00:00:00+00:00,141.80133589455374,141.9619566778824,141.00767517089844,6711400,140.65807519109975
2024-07-16 00:00:00+00:00,141.43284416308643,142.74616879303215,142.68002319335938,6469600,140.9320810290337
2024-07-17 00:00:00+00:00,143.19024414827746,148.8025858355016,147.94277954101562,13801400,143.0674105584686
2024-07-18 00:00:00+00:00,147.01683435973635,148.40574771124963,146.8467559814453,10166200,146.09088251400266
2024-07-19 00:00:00+00:00,147.87662628104874,147.87662628104874,146.1570281982422,7398000,145.61846348659833
2024-07-22 00:00:00+00:00,146.23262042041404,146.55386196626014,145.7318572998047,6840600,145.11770378524147
2024-07-23 00:00:00+00:00,144.85314255811042,145.03266412336833,143.94610595703125,6261900,143.20913331224688
2024-07-24 00:00:00+00:00,144.3334973346563,147.78216587110714,147.65933227539062,7168200,143.92722377511504
2024-07-25 00:00:00+00:00,147.84829191184622,151.72213467631306,150.833984375,10019600,147.3947735684204
2024-07-26 00:00:00+00:00,150.93790316843095,152.66695881271127,151.77880859375,8356900,150.67334962453867
2024-07-29 00:00:00+00:00,151.14577826899392,151.1741222635513,149.8135528564453,5625000,149.33169053188183
2024-07-30 00:00:00+00:00,149.79466383614644,152.63863646185206,152.43077087402344,6545700,149.62459985542606
2024-07-31 00:00:00+00:00,151.03240730390812,151.5048264516625,149.14273071289062,8293200,149.03879792370114
2024-08-01 00:00:00+00:00,149.73796653091236,151.9394414526763,151.89219665527344,7213400,149.01045143584264
2024-08-02 00:00:00+00:00,152.9693265119362,155.7566112403105,155.0857696533203,11280400,152.11897774479485
2024-08-05 00:00:00+00:00,154.75507731722712,156.63531094919458,152.35519409179688,12032200,151.72215408515618
2024-08-06 00:00:00+00:00,152.16620835174064,152.57248189320478,150.20094299316406,7607100,150.17259899804276
2024-08-07 00:00:00+00:00,150.10646740360127,151.7599345530308,150.1348114013672,5993000,149.46398423145442
2024-08-08 00:00:00+00:00,149.82301114927333,151.83550685746494,151.38198852539062,5094800,149.31279041073788
2024-08-09 00:00:00+00:00,151.28751428949457,152.05283105790016,151.7599334716797,4579200,150.55054151865292
2024-08-12 00:00:00+00:00,152.09063084276278,152.7803588036995,151.06076049804688,7605400,149.9553013550368
2024-08-13 00:00:00+00:00,151.4292394730899,151.52371465352024,149.65293884277344,9711400,147.8105070278646
2024-08-14 00:00:00+00:00,149.12382172389806,150.74894465632747,149.7379608154297,5141200,148.717533782247
2024-08-15 00:00:00+00:00,149.63404628292417,150.70171824193116,150.3143310546875,7237800,149.133283106083
2024-08-16 00:00:00+00:00,150.36156874176774,151.1174422765287,150.5977783203125,5012800,149.45451761663693
2024-08-19 00:00:00+00:00,150.66393364962963,151.4481368139898,150.82455444335938,4408400,150.35213525576967
2024-08-20 00:00:00+00:00,151.17410929583775,152.05280188591829,151.32528686523438,7275100,150.8623109653647
2024-08-21 00:00:00+00:00,151.55207091446673,152.57249809848136,152.52525329589844,5019400,151.46703892007122
2024-08-22 00:00:00+00:00,153.06381679303217,153.52679278706455,153.39451599121094,6552100,151.9205560154414
2024-08-23 00:00:00+00:00,153.5362182171324,155.16134118793613,155.07630920410156,7093400,152.78034472095356
2024-08-26 00:00:00+00:00,155.11409977978255,156.5691588147038,155.5298309326172,6870600,154.51884704576128
2024-08-27 00:00:00+00:00,155.65359790454076,156.16767679035647,155.12998962402344,4388700,154.3779082949286
2024-08-28 00:00:00+00:00,155.17760422673675,157.08162391050038,156.05345153808594,5187000,154.90152776425865
2024-08-29 00:00:00+00:00,156.7293691328652,156.8150465236416,156.3485565185547,7390100,155.52031268801767
2024-08-30 00:00:00+00:00,156.2438274805486,158.01456610547956,157.90032958984375,7971000,155.9487067974793
2024-09-03 00:00:00+00:00,157.31009771883697,159.756755244312,159.13795471191406,6956500,156.86265197023562
2024-09-04 00:00:00+00:00,159.7567706679924,160.7468690472372,159.328369140625,6939100,158.07170916539525
2024-09-05 00:00:00+00:00,159.17604670633676,159.33788664039133,157.07211303710938,4600400,156.9197879721694
2024-09-06 00:00:00+00:00,157.25295968554767,157.9764963748187,156.49136352539062,6016900,156.24383169947552
2024-09-09 00:00:00+00:00,156.92930309092387,159.3759754234172,158.61436462402344,7538200,156.57706408839283
2024-09-10 00:00:00+00:00,159.461633372278,160.37556912536223,159.34739685058594,6559600,158.74762605867076
2024-09-11 00:00:00+00:00,158.78572445448836,158.78572445448836,156.9102783203125,5920200,156.21530063586
2024-09-12 00:00:00+00:00,156.3200049687657,157.1768224976273,156.7388916015625,4540900,154.90151967540524
2024-09-13 00:00:00+00:00,156.83409370267964,157.79561833447815,157.57666015625,3693400,155.9582464632509
2024-09-16 00:00:00+00:00,158.37636438040494,159.22365259341382,158.97613525390625,5187800,157.8241969062561
2024-09-17 00:00:00+00:00,158.26209158915472,159.67106182281475,159.05226135253906,5066500,157.9669563913851
2024-09-18 00:00:00+00:00,158.63338197837763,160.27083983501615,158.17640686035156,4722800,157.78609392099617
2024-09-19 00:00:00+00:00,158.25260123598983,158.38588204061446,156.9102783203125,4956100,156.52946564530052
2024-09-20 00:00:00+00:00,156.4152021683899,156.95784016286686,156.28192138671875,11839000,155.70119486804106
2024-09-23 00:00:00+00:00,156.51037302655178,156.6055797975205,155.3870086669922,4671600,154.911003865176
2024-09-24 00:00:00+00:00,154.97766977573121,155.6440882604939,154.96815490722656,6041600,153.79718691441477
2024-09-25 00:00:00+00:00,155.17759415081042,155.4822442531595,152.8927764892578,5420000,152.66428891249598
2024-09-26 00:00:00+00:00,152.550061441908,153.78766260823832,153.64486694335938,6122000,152.3406181157407
2024-09-27 00:00:00+00:00,154.22558484936437,155.58695186635615,153.6543731689453,7553800,153.5972549062067
2024-09-30 00:00:00+00:00,153.81622409891565,154.39693610782652,154.28269958496094,6010000,152.968921465942
2024-10-01 00:00:00+00:00,154.63493654036563,154.93958663273983,154.216064453125,4408000,153.44492435424627
2024-10-02 00:00:00+00:00,153.7590893742848,154.33981590239725,153.43540954589844,4684400,152.94036040885604
2024-10-03 00:00:00+00:00,153.06412320775254,153.69245311583617,152.7975616455078,4791200,152.53100008326308
2024-10-04 00:00:00+00:00,151.96932557760644,152.79756943634627,152.59764099121094,5331100,151.16011145534324
2024-10-07 00:00:00+00:00,152.55956317567225,153.14028970704277,151.87411499023438,4266000,151.57899429054896
2024-10-08 00:00:00+00:00,151.8360444315138,152.55956663186006,152.0264434814453,4766300,151.32195101753078
2024-10-09 00:00:00+00:00,152.24539037589315,153.48300589847233,152.9403533935547,6047200,151.8550629102347
2024-10-10 00:00:00+00:00,153.6162972459252,153.64485637693696,152.8070831298828,4793900,152.32156337616715
2024-10-11 00:00:00+00:00,154.39693573725992,154.85391088065782,153.7115020751953,5253500,153.46397024089242
2024-10-14 00:00:00+00:00,153.6543587788825,154.35885118188656,153.8447723388672,5964000,153.178353931951
2024-10-15 00:00:00+00:00,152.3215470272886,158.74761229250234,156.22479248046875,10548000,151.36953735836804
2024-10-16 00:00:00+00:00,156.12960236680277,157.07209726917264,156.3961639404297,5982100,154.8348684978223
2024-10-17 00:00:00+00:00,156.37711319079165,157.08160562130556,156.57704162597656,4798000,155.7773569382682
2024-10-18 00:00:00+00:00,156.97688838075024,157.35768647325938,157.1958465576172,5908000,156.06295262160583
2024-10-21 00:00:00+00:00,157.17681323865557,157.31960888846243,155.0157470703125,6082700,154.5206979401226
2024-10-22 00:00:00+00:00,154.53024158466624,155.87256439618176,155.6060028076172,5680300,154.13038467530228
2024-10-23 00:00:00+00:00,155.0062264904535,158.03361036692394,157.90032958984375,7441600,154.62541389414218
2024-10-24 00:00:00+00:00,157.0816351283861,157.56715495287267,155.81546020507812,5386300,155.50129519163914
2024-10-25 00:00:00+00:00,155.82494793759003,156.0534355057139,153.15933227539062,6400400,152.90228557706573
2024-10-28 00:00:00+00:00,153.39732662063037,154.19701127711167,153.8447723388672,4842500,153.27356071194336
2024-10-29 00:00:00+00:00,153.7114743159921,154.38739298794667,152.40721130371094,5216900,152.37865217822065
2024-10-30 00:00:00+00:00,151.79794794602444,153.54012748825258,152.90228271484375,5820500,151.39810560417928
2024-10-31 00:00:00+00:00,152.31204411339957,153.14980280976587,152.1882781982422,8613900,151.8074801113953
2024-11-01 00:00:00+00:00,152.87372924616452,153.33068986426392,152.44532775878906,5256400,152.20732531841202
2024-11-04 00:00:00+00:00,152.03595269802506,152.5881200908621,150.64602661132812,4644000,150.48418669857662
2024-11-05 00:00:00+00:00,150.103358312384,150.97920543868358,150.750732421875,6547100,148.84671314039386
2024-11-06 00:00:00+00:00,152.2263326677526,153.1307534293918,150.30328369140625,8926600,149.79871975413067
2024-11-07 00:00:00+00:00,150.8649829938127,151.1315445559476,149.20848083496094,7522800,148.9990375323527
2024-11-08 00:00:00+00:00,149.46553066371757,149.54169318685553,148.0089569091797,8926100,147.9518386484552
2024-11-11 00:00:00+00:00,148.15176154756742,150.01770716134166,147.59959411621094,7146800,147.4758427193067
2024-11-12 00:00:00+00:00,147.1140714790717,147.5995912417409,145.3147735595703,7181400,145.05772684920825
2024-11-13 00:00:00+00:00,145.18149384973438,146.1430185138817,145.885986328125,7161900,144.15332152715754
2024-11-14 00:00:00+00:00,145.82884121824145,146.21916868788168,144.5817108154297,7716400,143.52497945037655
2024-11-15 00:00:00+00:00,143.65827607550634,147.0188695791105,146.60951232910156,11328500,143.65827607550634
2024-11-18 00:00:00+00:00,145.26717091073542,147.87568297459592,147.34255981445312,7510600,145.0196535939596
2024-11-19 00:00:00+00:00,146.56190763670477,146.59999616403024,145.65750122070312,8233700,144.75309480470148
2024-11-20 00:00:00+00:00,145.6860445113977,145.89548780936272,145.76220703125,9061300,144.52459150505186
2024-11-21 00:00:00+00:00,146.2477232461909,148.570629203183,148.03750610351562,10141100,145.47659772513524
2024-11-22 00:00:00+00:00,148.4183059066828,149.57975889879177,147.7233428955078,8266000,146.71421494123626
2024-11-25 00:00:00+00:00,147.72336582104774,149.50361958169478,148.30409240722656,12256200,147.69480668783544
2024-11-26 00:00:00+00:00,148.89904068793396,148.98540552462555,148.2848663330078,5683500,146.97974399840578
2024-11-27 00:00:00+00:00,148.39044524651356,150.30974215604897,149.12936401367188,4140400,148.36165696431638
2024-11-29 00:00:00+00:00,148.63995855781212,149.3884832313656,148.75511169433594,5687800,147.94901045252058
2024-12-02 00:00:00+00:00,148.50561876803417,148.74553091467075,148.55360412597656,6946500,147.71869989839007
2024-12-03 00:00:00+00:00,148.55359616010614,148.55359616010614,146.21205139160156,8674400,146.1640660362323
2024-12-04 00:00:00+00:00,145.18520426766918,145.4443134433583,144.39830017089844,10333100,143.70735213110936
2024-12-05 00:00:00+00:00,143.9472757418836,144.31194685954674,143.4866485595703,7898100,142.93964188307558
2024-12-06 00:00:00+00:00,143.36189937523835,143.9952709461681,143.28512573242188,8389600,142.392659590446
2024-12-09 00:00:00+00:00,143.26591220444993,144.80135559825806,143.56341552734375,8410300,142.45021979898652
2024-12-10 00:00:00+00:00,143.88010986675965,144.74380240639618,143.20835876464844,9398700,142.34468086808772
2024-12-11 00:00:00+00:00,142.50780139932587,142.50780139932587,140.7228546142578,13446700,140.46374542074378
2024-12-12 00:00:00+00:00,141.2602742525365,141.80728099584104,140.33901977539062,6176300,140.11829004928043
2024-12-13 00:00:00+00:00,139.7823895344471,141.0011324600985,140.70364379882812,8324900,139.18739756883383
2024-12-16 00:00:00+00:00,140.80923392261204,141.30825529093318,138.0454559326172,8732400,137.7287701398216
2024-12-17 00:00:00+00:00,138.0358476209154,140.74206363319422,140.5021514892578,10343000,137.91110326335962
2024-12-18 00:00:00+00:00,139.80158471760046,140.81882441516754,138.90911865234375,9336100,138.83234501612696
2024-12-19 00:00:00+00:00,138.32373198524482,139.3601541057871,137.7863311767578,9516700,137.58479855203828
2024-12-20 00:00:00+00:00,137.27772745735842,139.60007518190608,138.6404266357422,17702800,136.9898299648943
2024-12-23 00:00:00+00:00,138.79398282539262,139.465733922206,139.4081573486328,8720800,137.66158985384234
2024-12-24 00:00:00+00:00,139.1490298716546,139.96473693847656,139.96473693847656,3164100,138.50606714596822
2024-12-26 00:00:00+00:00,139.6384602705986,140.46375863905968,139.7056427001953,4656300,139.23540962224445
2024-12-27 00:00:00+00:00,139.0242771354707,140.6844796267881,139.197021484375,5588300,138.8419415728229
2024-12-30 00:00:00+00:00,138.99548779121798,139.03388193204813,137.55601501464844,6268700,137.1817526784633
2024-12-31 00:00:00+00:00,137.95906448886848,138.83234814707063,138.78436279296875,5811400,137.52722558809984
2025-01-02 00:00:00+00:00,139.36973879962852,139.8879571571951,138.2085723876953,6051300,137.97825149065758
2025-01-03 00:00:00+00:00,138.25656622629964,138.73639047561466,138.37171936035156,5878800,137.82471268745692
2025-01-06 00:00:00+00:00,137.71915733581497,138.9763092291661,137.8631134033203,7910500,137.1625594228921
2025-01-07 00:00:00+00:00,137.9590585903311,141.24105459615257,140.3293914794922,8422000,137.79592010781911
2025-01-08 00:00:00+00:00,139.61927487028785,139.71523094085825,136.52920532226562,11175600,135.7326952568487
2025-01-10 00:00:00+00:00,135.31044214184166,137.87270194863527,136.32766723632812,8821500,135.00334758490075
2025-01-13 00:00:00+00:00,137.2105450304511,139.2162216206704,138.6404266357422,10376400,136.56758226169026
2025-01-14 00:00:00+00:00,138.66920653031897,138.9666952187379,138.90911865234375,8681700,137.0953835955594
2025-01-15 00:00:00+00:00,139.44651622184531,140.1566613580404,139.1202392578125,7434600,138.43888240414537
2025-01-16 00:00:00+00:00,138.49649666468872,142.0951790104138,141.80728149414062,8964000,138.24697865048316
2025-01-17 00:00:00+00:00,141.49058160401492,142.39265356509358,141.0971221923828,10773100,140.69407156695766
2025-01-21 00:00:00+00:00,141.60573167029443,142.8532776608308,142.1719207763672,11111700,141.11631620212424
2025-01-22 00:00:00+00:00,138.18939951672274,139.6000841415687,139.4081573486328,16834700,136.37566423378877
2025-01-23 00:00:00+00:00,139.57127934974673,141.94161230204338,140.7228546142578,10506400,138.96669611257198
2025-01-24 00:00:00+00:00,140.88600876644531,141.6729276479222,140.89561462402344,9887300,140.47336689670175
2025-01-27 00:00:00+00:00,142.4598157014795,147.25805816123344,146.7206573486328,15152300,142.02797680871643
2025-01-28 00:00:00+00:00,146.49994816140304,146.7974368629274,144.31195068359375,10320600,144.2351770439948
2025-01-29 00:00:00+00:00,144.42709190788477,145.75141145634518,145.0508575439453,7156400,143.9472676822772
2025-01-30 00:00:00+00:00,145.78020743033787,147.92021948940214,146.7014617919922,8911000,145.25239782570569
2025-01-31 00:00:00+00:00,146.4615492717637,146.99895008845922,146.01051330566406,8457800,145.92414845506815
2025-02-03 00:00:00+00:00,145.86658028693398,146.31761627900403,145.7418212890625,6687500,144.69580787897442
2025-02-04 00:00:00+00:00,145.25239184336863,147.9585928927294,147.29644775390625,9645000,144.8589324594774
2025-02-05 00:00:00+00:00,147.61313905660595,148.4864080614376,148.44802856445312,8947000,147.12370895084118
2025-02-06 00:00:00+00:00,148.54397689434217,148.59196224537988,147.3156280517578,7418100,147.1908837107477
2025-02-07 00:00:00+00:00,147.33483513737792,148.2561041534855,146.94137573242188,6204900,146.63429582243552
2025-02-10 00:00:00+00:00,147.41159113932193,148.14091865097276,148.01617431640625,6936200,146.14484822411143
2025-02-11 00:00:00+00:00,147.8914314599803,150.07942887651248,149.82992553710938,7554500,147.72829297155434
2025-02-12 00:00:00+00:00,149.00463149164224,149.3788938329671,148.99502563476562,7746000,148.04498296075036
2025-02-13 00:00:00+00:00,148.99503343196258,151.7492348170456,150.9047393798828,10704700,148.54399742739386
2025-02-14 00:00:00+00:00,150.94311989787084,151.11586425803483,149.84912109375,6411800,149.76275623520567
2025-02-18 00:00:00+00:00,149.1042467439278,150.37144669192276,149.92648315429688,9670700,148.23365564141838
2025-02-19 00:00:00+00:00,149.93616706059515,153.12835937587795,152.73175048828125,7974700,149.69433453307806
2025-02-20 00:00:00+00:00,151.82246490395653,154.72445536950636,154.46327209472656,7224000,151.82246490395653
2025-02-21 00:00:00+00:00,154.6567435562885,158.1681418378064,156.9976806640625,12546900,154.0763395829984
2025-02-24 00:00:00+00:00,157.3652730858589,159.48372862905183,158.39065551757812,10201900,156.7558650843274
2025-02-25 00:00:00+00:00,158.73890162307362,160.99276814057177,160.66387939453125,12303700,158.58412523895277
2025-02-26 00:00:00+00:00,159.68685749979707,159.73522695770862,157.752197265625,11396400,157.24918147186014
2025-02-27 00:00:00+00:00,157.00734397615628,158.5937647275845,158.38095092773438,8364600,156.4462907547592
2025-02-28 00:00:00+00:00,158.9420190357954,160.5187719477418,159.6288299560547,12037200,157.38461686027114
2025-03-03 00:00:00+00:00,159.57078889788036,161.86335664243504,161.8149871826172,9191500,159.4546992422602
2025-03-04 00:00:00+00:00,162.58884873827094,164.43645281445598,160.0157470703125,11999700,159.91902291424782
2025-03-05 00:00:00+00:00,159.13548341667513,161.02178908560785,159.72555541992188,8744800,158.1875039682792
2025-03-06 00:00:00+00:00,159.609482937494,160.45105548787242,160.41236877441406,8037900,158.16815562635495
2025-03-07 00:00:00+00:00,159.73523004513686,162.9564411685286,161.2442626953125,9637600,159.31927041140122
2025-03-10 00:00:00+00:00,162.00845388047253,164.34939113713583,162.2212677001953,17559000,161.59250898937893
2025-03-11 00:00:00+00:00,161.73759456237744,161.8343334793595,160.44137573242188,9890300,159.65784068984107
2025-03-12 00:00:00+00:00,158.3809646338741,158.84529374297648,157.52972412109375,8010700,156.92996937857492
2025-03-13 00:00:00+00:00,158.09075873979484,159.16449579270065,157.66514587402344,5286700,157.34592515447991
2025-03-14 00:00:00+00:00,156.82355243685853,157.81990126760087,157.4910125732422,6235800,155.83688635378243
2025-03-17 00:00:00+00:00,157.10410513767036,158.15849153879324,157.52005004882812,6669800,156.44631291035506
2025-03-18 00:00:00+00:00,158.10043713262183,159.4740441314241,158.88397216796875,7348800,157.6457907955192
2025-03-19 00:00:00+00:00,158.61312528460667,158.9903834512878,157.66514587402344,5936400,156.91062954066115
2025-03-20 00:00:00+00:00,157.67483261150022,157.86829571172657,157.69418334960938,7485900,156.63978214684212
2025-03-21 00:00:00+00:00,157.67481799117763,158.76790580851875,158.28424072265625,17047100,157.17180216900024
2025-03-24 00:00:00+00:00,157.52002668169055,159.01939125771872,157.955322265625,8046400,157.19113799696544
2025-03-25 00:00:00+00:00,158.17783162138625,158.8259410562263,155.75950622558594,7456200,155.31452785823248
2025-03-26 00:00:00+00:00,155.94331240569394,157.1814939155619,156.4366455078125,7223500,155.39192709130742
2025-03-27 00:00:00+00:00,157.04606649795912,158.7098756505802,157.8005828857422,6752500,156.04971755613565
2025-03-28 00:00:00+00:00,158.24555888756194,159.14518373425472,158.3616485595703,5760300,157.5877813740996
2025-03-31 00:00:00+00:00,159.0000510949498,161.18622666764645,160.42202758789062,12481400,158.86462546515958
2025-04-01 00:00:00+00:00,155.47897263911065,156.52369098418785,148.24334716796875,23303100,148.1272722719447
2025-04-02 00:00:00+00:00,148.97849187236895,150.70033813646018,150.28439331054688,10356900,148.43678941988426
2025-04-03 00:00:00+00:00,153.5636739347204,155.40159546667434,154.59872436523438,13249300,152.33516041036202
2025-04-04 00:00:00+00:00,153.96028149060214,154.59872297882245,148.2336883544922,16601700,147.93380358739154
2025-04-07 00:00:00+00:00,146.3377059768481,147.7209957862234,145.6992645263672,18083000,142.58446021857634
2025-04-08 00:00:00+00:00,148.57222940634315,148.57222940634315,145.09951782226562,12018400,143.1648575846354
2025-04-09 00:00:00+00:00,137.55435179128617,148.18531602643375,146.037841796875,18773700,136.87722360185043
2025-04-10 00:00:00+00:00,145.4574441517095,146.2603300259317,143.83233642578125,13830500,140.38864311678157
2025-04-11 00:00:00+00:00,144.45140861090906,147.3727497065952,146.7729949951172,9943900,143.34865286436727
2025-04-14 00:00:00+00:00,146.63758406137615,149.6169629011498,149.3170928955078,10685300,146.23130714144625
2025-04-15 00:00:00+00:00,150.61330586708985,151.1937098784076,148.60125732421875,10847700,147.13092608004487
2025-04-16 00:00:00+00:00,150.29408394503258,150.54559923607638,148.8817901611328,7986900,147.26635054679667
2025-04-17 00:00:00+00:00,149.12362468264067,154.23112687247226,152.3254852294922,10981100,149.12362468264067
2025-04-21 00:00:00+00:00,152.79948873031853,153.06065726348143,151.79345703125,6285400,150.41018189539062
2025-04-22 00:00:00+00:00,152.40286566048607,153.53464014675,152.59632873535156,7136300,151.15500152107364
2025-04-23 00:00:00+00:00,151.377493722798,151.9675656783417,150.3037567138672,9099400,149.28805714969707
2025-04-24 00:00:00+00:00,150.710056596656,150.80678076592883,149.86846923828125,8310400,148.42715660572296
2025-04-25 00:00:00+00:00,149.27840668298583,149.83944522171166,149.5299072265625,8643600,147.46948913401275
2025-04-28 00:00:00+00:00,150.41984337911984,150.71971337404963,150.27474975585938,5815200,148.7947357574537
2025-04-29 00:00:00+00:00,150.37147364868648,151.89018911743372,150.8164520263672,5246700,149.249367096524
2025-04-30 00:00:00+00:00,153.03163792568353,153.03163792568353,151.20338439941406,9598200,149.95553490953938
2025-05-01 00:00:00+00:00,149.9361854471306,150.0232416252437,149.41383361816406,7325800,148.34976446248862
2025-05-02 00:00:00+00:00,150.97122232750266,151.59998101560734,151.0195770263672,5974500,149.97485870190687
2025-05-05 00:00:00+00:00,151.5516120563787,151.66768695049498,149.93617248535156,5464100,149.67498921330326
2025-05-06 00:00:00+00:00,149.76207918837147,150.80678288883902,149.4235076904297,8644200,148.66899126215395
2025-05-07 00:00:00+00:00,149.68467834443936,152.7801319885972,152.16104125976562,7853100,149.45251378601978
2025-05-08 00:00:00+00:00,150.72939184579346,151.89985306765084,150.57461547851562,7606100,149.72336021877442
2025-05-09 00:00:00+00:00,150.34244910371697,150.96153980503095,149.18165588378906,6520400,148.78504698255867
2025-05-12 00:00:00+00:00,147.05354323449288,150.28442260611004,149.10427856445312,9023800,146.24097463708367
2025-05-13 00:00:00+00:00,146.74399107394777,146.74399107394777,143.5904998779297,10549600,143.24226040914402
2025-05-14 00:00:00+00:00,143.81296028436105,143.958068651586,141.57843017578125,10216000,141.3462656443927
2025-05-15 00:00:00+00:00,143.16487253592385,144.7609614945403,144.72227478027344,7945800,142.51676305986737
2025-05-16 00:00:00+00:00,144.78030623991705,146.55052224019147,146.38607788085938,8051200,144.34501061106303
2025-05-19 00:00:00+00:00,146.9277747214511,147.6726230638918,147.5081787109375,12639900,146.1152209443994
2025-05-20 00:00:00+00:00,147.35338762256558,149.007513734839,148.6399383544922,7351500,147.15024181845712
2025-05-21 00:00:00+00:00,148.1853114104131,149.3847913771101,148.17562866210938,7032200,148.00151631608705
2025-05-22 00:00:00+00:00,147.66293903016444,148.31106320890513,147.62425231933594,7535300,146.42475763964194
2025-05-23 00:00:00+00:00,148.00150363022289,148.46581794010436,147.94346618652344,6727300,147.23731935437036
2025-05-27 00:00:00+00:00,148.80202058666853,150.2849567928587,149.51422119140625,6990700,148.22639171638167
2025-05-28 00:00:00+00:00,149.5435037079232,149.89472861030907,148.71421813964844,8459300,148.22640660226955
2025-05-29 00:00:00+00:00,148.05078976999448,150.28495988254767,149.836181640625,6810600,147.8654190187034
2025-05-30 00:00:00+00:00,150.1483588696193,151.91424882960072,151.4264373779297,15529700,149.48494244102224
2025-06-02 00:00:00+00:00,150.7142298159004,151.74838776559352,151.61180114746094,6669300,148.58737892114664
2025-06-03 00:00:00+00:00,151.02644218444954,151.86547855329525,150.65570068359375,8209800,150.32399243905195
2025-06-04 00:00:00+00:00,151.1532618003879,151.1532618003879,149.48495483398438,6983900,149.39715233824217
2025-06-05 00:00:00+00:00,149.93371682694817,150.33372577998352,149.91421508789062,5295400,148.9190755834785
2025-06-06 00:00:00+00:00,150.2459335321907,152.22644691962358,151.25082397460938,5391500,150.2459335321907
2025-06-09 00:00:00+00:00,151.0752267540242,152.1874363730245,151.44595336914062,5319000,150.6849686238681
2025-06-10 00:00:00+00:00,151.64109074201698,153.60210269353445,152.63623046875,6791600,151.24109658644394
2025-06-11 00:00:00+00:00,152.48989133149666,152.78258123468572,151.47523498535156,6016000,150.9581559406759
2025-06-12 00:00:00+00:00,152.43135033586668,152.86061197193177,152.8411102294922,7075500,151.38742652912393
2025-06-13 00:00:00+00:00,152.16792694173967,153.82648313457608,153.2703857421875,6587500,152.16792694173967
2025-06-16 00:00:00+00:00,152.60696300040107,152.6850146345568,151.43621826171875,7024000,150.68498430894323
2025-06-17 00:00:00+00:00,151.19229575906564,151.49473650368915,148.66543579101562,6407100,148.3922625451089
2025-06-18 00:00:00+00:00,148.8508064155057,148.92884315413448,147.05564880371094,8325200,147.03614706246643
2025-06-20 00:00:00+00:00,147.57273208840428,147.7093187152152,146.13856506347656,22605500,145.40684780124104
2025-06-23 00:00:00+00:00,146.0897853209143,147.7385755950332,147.6312713623047,7397900,146.0897853209143
2025-06-24 00:00:00+00:00,147.8068897457009,148.99715103888957,148.48007202148438,9544200,147.29956159938453
2025-06-25 00:00:00+00:00,147.68981633757784,149.33862160994235,148.56787109375,7153700,147.0556524476084
2025-06-26 00:00:00+00:00,148.97762559532833,149.4849537116276,148.304443359375,7156900,147.83614849877387
2025-06-27 00:00:00+00:00,148.30445924257518,149.59228885568456,148.69471740722656,10010800,147.3288361611869
2025-06-30 00:00:00+00:00,148.4507989678105,149.24105121440112,149.0264129638672,9039300,147.82640084448238
2025-07-01 00:00:00+00:00,149.27032317180044,153.90453255131712,152.119140625,10896700,149.08495241472764
2025-07-02 00:00:00+00:00,152.1971903268143,152.4898802086541,151.76791381835938,5544000,151.28986806861928
2025-07-03 00:00:00+00:00,151.64106136571266,152.47034679181002,152.20692443847656,3482500,151.1044806760517
2025-07-07 00:00:00+00:00,152.2167025917727,152.53865996388424,151.4849853515625,6270900,151.11424385273855
2025-07-08 00:00:00+00:00,150.71423061646016,152.93864977319205,151.99229431152344,6438200,150.450823135907
2025-07-09 00:00:00+00:00,151.99229157205218,152.8703611518781,152.47035217285156,6147400,151.289856749746
2025-07-10 00:00:00+00:00,152.29475604694676,155.3582116672941,153.8459930419922,6732900,152.0215827982655
2025-07-11 00:00:00+00:00,153.2606118387534,153.34841433496518,153.0752410888672,7872000,151.39716835607928
2025-07-14 00:00:00+00:00,153.0459768826626,153.631356643652,152.99720764160156,10185600,151.72889475067498
2025-07-15 00:00:00+00:00,152.54839904211897,153.3581678451068,151.3874053955078,6873200,151.0264296820259
2025-07-16 00:00:00+00:00,156.39236630434038,162.07048429346574,160.76315307617188,22134800,155.9045548154852
2025-07-17 00:00:00+00:00,159.20217120427466,160.68512249289466,159.00704956054688,11295700,158.343632994507
2025-07-18 00:00:00+00:00,159.93387704486614,161.0753690966727,159.70948791503906,9792600,159.37777965584667
2025-07-21 00:00:00+00:00,159.77777956944612,160.899740041481,160.3533935546875,8254000,158.81190746019132
2025-07-22 00:00:00+00:00,160.97779647556757,163.96320050104055,163.83636474609375,9288000,160.69487235317746
2025-07-23 00:00:00+00:00,164.49004798452643,164.9973612390574,164.9778594970703,10617600,162.52903617653143
2025-07-24 00:00:00+00:00,165.36810074328554,165.84616137902782,165.4266357421875,6636900,164.76321923886425
2025-07-25 00:00:00+00:00,165.61200757880374,165.73884333513735,164.19735717773438,6254900,163.3583207853967
2025-07-28 00:00:00+00:00,163.76808146723806,163.84613309560726,162.16806030273438,8014600,161.0265831506335
2025-07-29 00:00:00+00:00,162.60709381823088,164.6656590727656,164.01199340820312,7663400,162.31440392251557
2025-07-30 00:00:00+00:00,163.61195467351877,164.49977507081863,163.18267822265625,6189200,162.71438340663522
2025-07-31 00:00:00+00:00,161.88511520296575,162.99733970029322,160.72413635253906,11036200,160.2265591012451
2025-08-01 00:00:00+00:00,161.44608338903257,163.53391592972537,163.25099182128906,8927800,160.77290116417123
2025-08-04 00:00:00+00:00,162.9583017254687,167.01689680960575,166.87054443359375,12679100,162.57780936675738
2025-08-05 00:00:00+00:00,166.38274434466635,167.3778839997418,166.577880859375,7934400,165.51444044678632
2025-08-06 00:00:00+00:00,165.76810208205814,167.9827555011224,166.4315185546875,8957200,165.54369808088197
2025-08-07 00:00:00+00:00,166.99737743981552,167.43640478699228,167.34860229492188,9315900,165.77784876053298
2025-08-08 00:00:00+00:00,166.8510495806607,169.71938358173364,169.104736328125,7686800,166.23640232705208
2025-08-11 00:00:00+00:00,169.17301943585167,170.34377892586957,169.58279418945312,7256800,168.83156032361754
2025-08-12 00:00:00+00:00,169.75839167169318,170.49985974732417,168.56813049316406,7916700,167.62177504979545
2025-08-13 00:00:00+00:00,168.78278419801117,170.28523711407902,170.1681671142578,5878700,168.49009431163208
2025-08-14 00:00:00+00:00,170.06085218102888,171.43648426017046,170.4608612060547,8241700,168.50961509782314
2025-08-15 00:00:00+00:00,171.2901365456328,172.94869266139256,172.33404541015625,9477600,170.69500592262676
2025-08-18 00:00:00+00:00,172.19745799396054,173.24138174050665,171.95355224609375,9284000,171.80721475210385
2025-08-19 00:00:00+00:00,171.74866850719522,173.8365011577051,173.4657745361328,9274200,171.69013350835883
2025-08-20 00:00:00+00:00,174.14869947915005,176.20726453345222,174.48040771484375,9030000,173.6608879960152
2025-08-21 00:00:00+00:00,174.19748019023484,175.69018210842182,174.56820678710938,8859600,173.816987836321
2025-08-22 00:00:00+00:00,175.6511508122673,176.74385864829407,174.91943359375,9524000,173.14380755129702
2025-08-25 00:00:00+00:00,175.14383992042025,175.8657913913847,174.06089782714844,6229100,173.94381294758855
2025-08-26 00:00:00+00:00,173.70710234835255,174.11004745781355,173.4515838623047,9145000,172.74397805899144
2025-08-27 00:00:00+00:00,173.92332314064308,174.63092897274024,173.7464141845703,5951100,173.12727032855804
2025-08-28 00:00:00+00:00,173.33363348366888,173.45157777748108,172.42947387695312,6424700,171.62359868239827
2025-08-29 00:00:00+00:00,172.94051986330464,174.35573137148032,174.11985778808594,6942300,172.4294679306645
2025-09-02 00:00:00+00:00,174.4146983239466,176.1149106462827,174.99453735351562,9049000,173.84468173694643
2025-09-03 00:00:00+00:00,174.6112568259705,175.22057819566584,174.93557739257812,7111700,173.4908835031877
2025-09-04 00:00:00+00:00,174.93558453686083,175.82008430293442,175.6824951171875,7854800,174.493334653824
2025-09-05 00:00:00+00:00,174.93557956719528,176.41957824245722,175.35816955566406,9733800,173.5203679848044
2025-09-08 00:00:00+00:00,174.30659126581332,176.36060646744886,175.06333923339844,8382500,173.65795015074036
2025-09-09 00:00:00+00:00,174.935586890376,175.02403386895398,173.9134979248047,6005700,173.41226838733596
2025-09-10 00:00:00+00:00,173.26485563285135,173.56951633226447,172.7636260986328,6891600,171.3287695795717
2025-09-11 00:00:00+00:00,172.72433003658006,175.77096717648928,175.42698669433594,5792500,172.60640072662915
2025-09-12 00:00:00+00:00,174.65057191045906,175.72180299819078,174.99453735351562,7220200,173.6776102367026
2025-09-15 00:00:00+00:00,174.69970438163585,175.90853967831688,174.3459014892578,4768100,173.8839917409838
2025-09-16 00:00:00+00:00,174.51299492702006,174.5621221393924,173.42210388183594,7959300,172.6260360952719
2025-09-17 00:00:00+00:00,173.66779837849663,175.43679789881932,174.14935302734375,6714900,173.5498540800044
2025-09-18 00:00:00+00:00,173.559677727712,173.972445249394,171.16168212890625,8200900,170.876666342636
2025-09-19 00:00:00+00:00,171.6825772149866,174.11005542992743,173.15675354003906,25621000,170.34599008042846
2025-09-22 00:00:00+00:00,173.0584700876504,173.59900440907833,171.21084594726562,7193900,171.12238397023404
2025-09-23 00:00:00+00:00,171.87911622148897,173.92330901529326,173.54002380371094,8350400,171.82015157295257
2025-09-24 00:00:00+00:00,173.1075980472891,173.9036508023601,173.64813232421875,6676800,172.71449038921074
2025-09-25 00:00:00+00:00,174.14935263823506,175.32869064784728,174.67022705078125,8475000,172.8815676520236
2025-09-26 00:00:00+00:00,175.52525887309972,176.81270373725064,176.61614990234375,8634400,174.26729633437998
2025-09-29 00:00:00+00:00,176.7340936629557,178.7389669367819,178.49327087402344,8597100,176.7046113351125
2025-09-30 00:00:00+00:00,178.57188582113764,182.78803842940496,182.22784423828125,11569000,177.95274197359174
2025-10-01 00:00:00+00:00,182.79784265904632,183.34819935584886,182.84698486328125,13063800,180.7438274884457
2025-10-02 00:00:00+00:00,181.019021152065,183.3776971939459,182.7781982421875,7728100,180.92073673527972
2025-10-03 00:00:00+00:00,183.83960944789652,186.51278366279104,185.3924102783203,8675100,183.69219781682014
2025-10-06 00:00:00+00:00,184.7634204923522,186.6503642638064,184.92066955566406,5806100,184.14426167812178
2025-10-07 00:00:00+00:00,180.60625698475295,185.9722503293924,185.6381072998047,8776800,179.7905442976322
2025-10-08 00:00:00+00:00,185.61844144726052,186.9452060756144,186.42433166503906,5751200,185.0287799427337
2025-10-09 00:00:00+00:00,186.7289813736248,188.79283400829777,187.79039001464844,7484800,186.46362546434503
2025-10-10 00:00:00+00:00,188.704369361487,188.76334900411925,187.43658447265625,9598000,186.5815671056796
2025-10-13 00:00:00+00:00,186.56192359331942,188.0066175446105,187.61349487304688,7979500,186.0213892924798
2025-10-14 00:00:00+00:00,189.59871697072126,191.05323331805099,187.56436157226562,13613300,182.6799231328508
2025-10-15 00:00:00+00:00,188.18350590368544,190.23753618579482,187.87884521484375,9473000,186.04104364273672
2025-10-16 00:00:00+00:00,188.04591430941218,189.72648179210694,188.81248474121094,10611800,187.1515771402817
2025-10-17 00:00:00+00:00,189.18594889971985,190.2670174632995,189.8935546875,7764400,188.38005869848845
2025-10-20 00:00:00+00:00,190.16871977405776,191.13184397504045,190.3849334716797,8034700,189.01886419821113
2025-10-21 00:00:00+00:00,189.68716554341688,190.21787738824742,188.57662963867188,6716000,188.46852278110242
2025-10-22 00:00:00+00:00,188.69455817842297,190.1195922071137,189.61837768554688,6343100,188.4783444641558
2025-10-23 00:00:00+00:00,189.244925862039,190.66013752967604,189.15647888183594,8882500,188.2424817647799
2025-10-24 00:00:00+00:00,188.89111534343255,188.99922220247353,187.12210083007812,6903400,186.158976537956
2025-10-27 00:00:00+00:00,186.7191735291991,187.5152263231801,187.02383422851562,7126000,186.2670862038253
2025-10-28 00:00:00+00:00,186.00172668504106,186.2474227276328,183.7118377685547,8329500,183.40717707511635
2025-10-29 00:00:00+00:00,183.4857968826683,183.87891953834813,183.3875274658203,10551100,181.48092382503702
2025-10-30 00:00:00+00:00,183.85926311918394,186.1196696946016,185.79534912109375,7072500,183.6921916109095
2025-10-31 00:00:00+00:00,184.23272445795735,186.23759753765293,185.61843872070312,8791700,183.54476355197036
2025-11-03 00:00:00+00:00,185.7462092852839,185.77569161087956,183.05337524414062,7542600,182.32612455131903
2025-11-04 00:00:00+00:00,183.6135688219617,184.58653055172488,183.64305114746094,7209400,182.4243933744734
2025-11-05 00:00:00+00:00,183.42683281749487,184.59634835321097,182.7978515625,5049400,182.2081750751503
2025-11-06 00:00:00+00:00,183.5447683915115,184.29169396716964,183.75115966796875,6767400,182.17869897867467
2025-11-07 00:00:00+00:00,184.50788779575745,185.10738668186028,183.3580322265625,6959200,182.50299988324198
2025-11-10 00:00:00+00:00,182.79785316025624,185.1761890201216,185.16636657714844,5323800,181.93299830354297
2025-11-11 00:00:00+00:00,186.1294782325719,190.58148896123765,190.4930419921875,7465600,185.7953352409857
2025-11-12 00:00:00+00:00,190.03112959717126,192.18342912368828,191.04339599609375,8803000,189.74612881332007
2025-11-13 00:00:00+00:00,190.86652189255162,192.62569897367158,191.88861083984375,8631600,190.11959631943768
2025-11-14 00:00:00+00:00,191.64291792168322,193.78538026750178,192.55690002441406,8824800,190.2178838389208
2025-11-17 00:00:00+00:00,193.56918366728473,196.83201943079428,196.14407348632812,13257000,192.5274198129824
2025-11-18 00:00:00+00:00,195.5838620544085,196.85166196528357,196.55682373046875,12468600,195.11212987636216
2025-11-19 00:00:00+00:00,196.5568226213758,199.976907136081,199.0236053466797,14690800,195.9475012700001
2025-11-20 00:00:00+00:00,198.5224036014558,200.98918648523562,199.57398986816406,10612600,198.09981360379683
2025-11-21 00:00:00+00:00,200.44865859984768,203.3773511207127,200.38967895507812,13189100,199.49535679003293
2025-11-24 00:00:00+00:00,200.20295905358444,202.5714573782998,202.50267028808594,14803900,199.50517573229783
2025-11-25 00:00:00+00:00,202.92795996900742,205.44008966354016,204.401611328125,10275300,202.92795996900742
2025-11-26 00:00:00+00:00,204.22358194574548,205.52908584700302,205.28182983398438,6729000,203.6796156988426
2025-11-28 00:00:00+00:00,204.72798848496785,205.18294621066644,204.64886474609375,5638300,202.38400619964904
2025-12-01 00:00:00+00:00,204.23346843115957,205.42029428513683,203.08619689941406,8473700,203.08619689941406
2025-12-02 00:00:00+00:00,202.98731188517345,203.3532459732576,203.1653289794922,8393600,200.870800913071
2025-12-03 00:00:00+00:00,203.64004506291835,204.7477622566812,203.07630920410156,8363300,202.74004465032948
2025-12-04 00:00:00+00:00,202.34444036635384,202.61148110336723,200.25759887695312,9049900,199.49606117301593
2025-12-05 00:00:00+00:00,200.7521013377821,201.21694385760424,199.713623046875,7785300,198.6059209186059
2025-12-08 00:00:00+00:00,200.4356216823513,201.02902706966685,199.4070281982422,7785700,198.78395329612633
2025-12-09 00:00:00+00:00,200.69276157197945,203.28399979452115,197.7652587890625,7509400,197.7158045675227
2025-12-10 00:00:00+00:00,198.38833529328133,204.53018143025886,204.2730255126953,11599800,197.98283180120782
2025-12-11 00:00:00+00:00,205.61809939160463,208.9214512752855,207.70494079589844,9009000,205.54887555375637
2025-12-12 00:00:00+00:00,207.97198659864534,209.9401499910654,209.25772094726562,6922700,206.66648263376283
2025-12-15 00:00:00+00:00,208.04121095151095,212.82808363950187,211.81927490234375,8467000,206.71590728061338
2025-12-16 00:00:00+00:00,211.65114121961685,212.37312453185555,207.0027313232422,9949800,206.5181041184195
2025-12-17 00:00:00+00:00,207.0917383491056,209.19836433487143,208.02142333984375,8457600,206.1719532569767
2025-12-18 00:00:00+00:00,207.49724130266728,208.74340612832017,206.02359008789062,7499900,205.47962386154296
2025-12-19 00:00:00+00:00,205.2818453000544,206.9434136802042,204.1049041748047,24803900,203.76863959367918
