datetime,open,high,close,volume,low
2007-01-03 00:00:00+00:00,21.289843965172015,21.705679790505343,21.285009384155273,15740226,21.26083261295322
2007-01-04 00:00:00+00:00,21.09159293546194,21.976454546993867,21.812053680419922,13115930,21.09159293546194
2007-01-05 00:00:00+00:00,21.807219332909455,21.807219332909455,21.420394897460938,11168431,21.362372198673157
2007-01-08 00:00:00+00:00,20.869169059431453,21.526770582859335,21.415559768676758,7384522,20.869169059431453
2007-01-09 00:00:00+00:00,21.420391322414375,21.517096448606996,21.217308044433594,9037114,21.193131279620772
2007-01-10 00:00:00+00:00,21.202809551597102,21.463915607094304,21.333362579345703,7949080,21.096433296847774
2007-01-11 00:00:00+00:00,21.39621980140026,21.565455263507687,21.40105438232422,8051889,21.2366554341999
2007-01-12 00:00:00+00:00,21.507423002205535,21.802376767848784,21.657316207885742,9872579,21.430058143448562
2007-01-16 00:00:00+00:00,21.662161336749985,21.841067885425332,21.734689712524414,6580497,21.618642378226273
2007-01-17 00:00:00+00:00,21.73468720520764,21.870076712799776,21.763700485229492,8045391,21.613805304155843
2007-01-18 00:00:00+00:00,21.783036294686255,22.247225483626195,22.11667251586914,11123053,21.783036294686255
2007-01-19 00:00:00+00:00,22.17469909789349,22.31975969474333,22.048982620239258,9909050,21.966781228745926
2007-01-22 00:00:00+00:00,21.961940013093393,22.198869156800917,21.903915405273438,8492678,21.773362454001273
2007-01-23 00:00:00+00:00,22.015132266534664,22.227886624639012,22.11183738708496,8743988,21.908756054011768
2007-01-24 00:00:00+00:00,22.136023324716103,22.40196589930125,22.348777770996094,6476011,22.08767171093101
2007-01-25 00:00:00+00:00,22.247231888896096,22.508337899586046,22.24239730834961,8482512,22.10700778939916
2007-01-26 00:00:00+00:00,22.237558364868164,22.43097056147843,22.237558364868164,7392906,21.961946709595583
2007-01-29 00:00:00+00:00,22.334264331077417,22.353604583257702,22.005462646484375,7784125,21.90875751946557
2007-01-30 00:00:00+00:00,22.12634263595768,22.20854207632724,21.715341567993164,13092874,21.565446424081003
2007-01-31 00:00:00+00:00,21.710505952519252,21.802378420683997,21.637977600097656,10228585,21.51709379096427
2007-02-01 00:00:00+00:00,21.71050929572296,21.971617203824046,21.82172203063965,8337574,21.608969586696613
2007-02-02 00:00:00+00:00,21.816881084254327,21.908751606698576,21.62830352783203,15398474,21.23180816802672
2007-02-05 00:00:00+00:00,21.570287991400168,21.61380501125497,21.555782318115234,11738543,21.39621604586334
2007-02-06 00:00:00+00:00,21.633150445766567,21.652490702030708,21.584796905517578,8284126,21.376879002117835
2007-02-07 00:00:00+00:00,21.700844793029113,21.70567937395307,21.40105438232422,9068239,21.26083220493798
2007-02-08 00:00:00+00:00,21.284994438627866,21.637970797600882,21.23664093017578,7576726,21.183452844101616
2007-02-09 00:00:00+00:00,21.304344586126845,21.410720807727298,21.188297271728516,5758131,21.110932395462964
2007-02-12 00:00:00+00:00,21.275334867370876,21.391382190641455,21.202804565429688,9276896,21.13027619654737
2007-02-13 00:00:00+00:00,21.323684233685963,21.347860996273667,21.25115394592285,7480729,21.125435553690195
2007-02-14 00:00:00+00:00,21.343018971389192,21.386535972972272,21.304336547851562,6874146,21.22697170077631
2007-02-15 00:00:00+00:00,21.231813716709553,21.304344011148025,21.217308044433594,10005885,21.110931825704107
2007-02-16 00:00:00+00:00,21.309182979987426,21.637984729495454,21.410724639892578,14396690,21.23181808987484
2007-02-20 00:00:00+00:00,21.463899848077943,21.613794957395157,21.517087936401367,8807287,21.37686584885302
2007-02-21 00:00:00+00:00,21.49291963874139,21.49291963874139,21.25115394592285,9869854,21.18346017051238
2007-02-22 00:00:00+00:00,21.202805784749856,21.285007184955507,20.888511657714844,12994676,20.854663794917343
2007-02-23 00:00:00+00:00,20.88850525071114,20.898176341838212,20.762786865234375,9807813,20.69509309346165
2007-02-26 00:00:00+00:00,21.43973150110831,21.72501423203012,21.507427215576172,20305210,21.21247339215057
2007-02-27 00:00:00+00:00,21.4107264897073,21.517102739537894,20.878843307495117,16185102,20.477513146994884
2007-02-28 00:00:00+00:00,21.401048418171122,21.61380278153928,21.347862243652344,21879725,21.115765695860436
2007-03-01 00:00:00+00:00,21.251154210583643,21.507425577534693,21.27049446105957,13205953,21.038401790055836
2007-03-02 00:00:00+00:00,21.39621410272421,21.48325006758828,21.367202758789062,13230476,21.06257784829413
2007-03-05 00:00:00+00:00,21.246324091098305,21.686336628698143,21.396217346191406,14573907,21.120605670910088
2007-03-06 00:00:00+00:00,21.396213303744485,21.739520637686006,21.59929656982422,12507042,21.372036540348464
2007-03-07 00:00:00+00:00,21.584674318605554,21.86752877068149,21.389604568481445,12159001,21.370096423682217
2007-03-08 00:00:00+00:00,21.44811863155389,21.648066332365318,21.63343620300293,8774380,21.44811863155389
2007-03-09 00:00:00+00:00,21.716345317078904,21.87240264739609,21.755359649658203,8667694,21.604178379796807
2007-03-12 00:00:00+00:00,21.66757497300828,21.799248089962862,21.599300384521484,8647153,21.511517656670378
2007-03-13 00:00:00+00:00,21.433479476494902,21.70170165126308,21.150625228881836,12910417,21.092104736075427
2007-03-14 00:00:00+00:00,21.28718909532571,21.28718909532571,21.101871490478516,12927290,20.853153397561357
2007-03-15 00:00:00+00:00,21.04821891708003,21.106741377603022,21.062849044799805,9623784,20.906793699240893
2007-03-16 00:00:00+00:00,21.111624451436988,21.277435870092862,21.014089584350586,12068663,20.960445115006383
2007-03-19 00:00:00+00:00,21.136002078575146,21.311567514201037,21.175016403198242,11557868,21.023835164167274
2007-03-20 00:00:00+00:00,21.111627673469812,21.36034386459014,21.27743911743164,6212439,21.03847699940197
2007-03-21 00:00:00+00:00,21.214027309951923,21.667569004329135,21.57978630065918,11802366,21.184767058609808
2007-03-22 00:00:00+00:00,21.360337588015522,21.638315916725976,21.54077911376953,9352771,21.34083139721079
2007-03-23 00:00:00+00:00,21.613925780461344,21.80899738316023,21.677324295043945,8785594,21.57003345132677
2007-03-26 00:00:00+00:00,21.58466124474366,21.682198010372243,21.492002487182617,10087105,21.3359452218917
2007-03-27 00:00:00+00:00,21.379836793850842,21.43835729145364,21.28717803955078,9776582,21.25791584110594
2007-03-28 00:00:00+00:00,21.170143954096904,21.282308937989484,21.082361221313477,11105237,21.077485161020498
2007-03-29 00:00:00+00:00,21.301817625439703,21.477381145870435,21.433490753173828,12218213,21.223788960882864
2007-03-30 00:00:00+00:00,21.496888722225687,21.55540924428415,21.54077911376953,8228267,21.131129610427546
2007-04-02 00:00:00+00:00,21.745607975058775,22.086982935329626,21.9504337310791,14062274,21.711469699173875
2007-04-03 00:00:00+00:00,22.086974715509026,22.223523868941836,22.1308650970459,8245874,21.960177680432977
2007-04-04 00:00:00+00:00,22.057719137446895,22.145501868774627,22.125993728637695,6175235,21.96506034590704
2007-04-05 00:00:00+00:00,22.06746761550975,22.355197987285468,22.208892822265625,5892694,21.99919109197633
2007-04-09 00:00:00+00:00,22.16987638643841,22.26741119559209,22.26253318786621,6363351,22.06258556183297
2007-04-10 00:00:00+00:00,22.28693294247099,22.428360171711642,22.364961624145508,6899089,22.199152137820715
2007-04-11 00:00:00+00:00,22.335685756964004,22.374700070554148,22.26253318786621,8498127,22.1113539412315
2007-04-12 00:00:00+00:00,22.1991419356148,22.677065928994978,22.60879135131836,12325842,22.165003671954572
2007-04-13 00:00:00+00:00,24.086465110255116,24.774091003933254,24.486360549926758,48973774,24.018188567208874
2007-04-16 00:00:00+00:00,24.388825414405733,24.69118599568776,24.54000473022461,15047394,24.383947404447532
2007-04-17 00:00:00+00:00,24.530245866101925,24.603398454380606,24.38882064819336,12249758,24.296161872826694
2007-04-18 00:00:00+00:00,24.183994898345283,24.364436389252138,24.232763290405273,13989857,24.01818353512765
2007-04-19 00:00:00+00:00,24.26689674829949,24.574135242534954,24.45709228515625,17947838,24.140099723728316
2007-04-20 00:00:00+00:00,24.769203774270963,25.17397704143064,25.110578536987305,19576745,24.55462407079788
2007-04-23 00:00:00+00:00,25.022798847554853,25.408065978655394,25.1983642578125,15446158,24.871619580012393
2007-04-24 00:00:00+00:00,25.188603088784365,25.48608743088103,25.16421890258789,9350780,24.876488624898432
2007-04-25 00:00:00+00:00,25.20811138189176,25.603132501900546,25.549488067626953,12653657,25.04717807907097
2007-04-26 00:00:00+00:00,25.544617955711093,25.666538934601917,25.569002151489258,10736970,25.39831473068597
2007-04-27 00:00:00+00:00,25.48609869523835,25.53486513954202,25.291027069091797,11739591,25.134969768174553
2007-04-30 00:00:00+00:00,25.26663836511842,25.31540675036687,25.086196899414062,10758558,24.944769751979734
2007-05-01 00:00:00+00:00,25.188614546313083,25.227628872045244,24.86186981201172,11230682,24.64729004566283
2007-05-02 00:00:00+00:00,25.0179277109151,25.11546255274698,24.983789443969727,8261384,24.9252689287994
2007-05-03 00:00:00+00:00,25.066699961243554,25.261771624548167,25.139850616455078,8609739,24.91064263059986
2007-05-04 00:00:00+00:00,25.183736641881453,25.50072728411767,25.32028579711914,9098107,25.13984431012061
2007-05-07 00:00:00+00:00,25.286158668973286,25.388571555323924,25.37394142150879,6984396,25.261776412377863
2007-05-08 00:00:00+00:00,25.29590356127861,25.49585125038216,25.47634506225586,8267148,25.1837385928534
2007-05-09 00:00:00+00:00,25.451960648000135,25.529989299128474,25.383686065673828,9351199,25.256889020179283
2007-05-10 00:00:00+00:00,25.19837115411329,25.295906003449193,24.910640716552734,9791254,24.871626386889535
2007-05-11 00:00:00+00:00,24.92039085945489,25.42757710483433,25.359302520751953,10144326,24.92039085945489
2007-05-14 00:00:00+00:00,25.3592953920412,25.661655850533414,25.3983097076416,8657947,25.29589688548512
2007-05-15 00:00:00+00:00,25.388558995440306,25.69092144352142,25.661659240722656,12289686,25.349544674685685
2007-05-16 00:00:00+00:00,25.846972400655613,25.846972400655613,25.69579315185547,11380127,25.432447018760758
2007-05-17 00:00:00+00:00,25.69579650709511,25.837223658057475,25.583629608154297,9680481,25.520231095678504
2007-05-18 00:00:00+00:00,25.63241506076157,25.968914031982422,25.968914031982422,14401092,25.481233741920477
2007-05-21 00:00:00+00:00,25.861598128833155,26.671144461378045,26.23223304748535,20620134,25.84696605867953
2007-05-22 00:00:00+00:00,26.383426014403266,26.890614187963106,26.40781021118164,15245256,26.334659570490462
2007-05-23 00:00:00+00:00,26.51997260916673,26.676029882251218,26.505342483520508,10507353,26.383421520395995
2007-05-24 00:00:00+00:00,26.2858924961691,26.622391309168524,26.21274185180664,10597271,25.95914775229935
2007-05-25 00:00:00+00:00,26.18348220436962,26.212744414619603,26.1883602142334,13246510,26.081069342605264
2007-05-29 00:00:00+00:00,26.24687508741151,26.33953385915341,26.042049407958984,10423513,25.84697779649082
2007-05-30 00:00:00+00:00,25.92014047288317,25.92014047288317,25.705562591552734,15706166,25.339803421361623
2007-05-31 00:00:00+00:00,25.661668692815883,25.934769038690675,25.578763961791992,11751958,25.578763961791992
2007-06-01 00:00:00+00:00,25.612897492164482,25.798215062272764,25.42757797241211,11650616,25.300782868974075
2007-06-04 00:00:00+00:00,25.383684204170866,25.383684204170866,25.237380981445312,15318826,25.061815554459585
2007-06-05 00:00:00+00:00,25.198363795556766,25.208115912891564,25.086196899414062,15301534,24.73994604329476
2007-06-06 00:00:00+00:00,25.05672630358775,25.209030720974084,24.938812255859375,12255102,24.879854249918264
2007-06-07 00:00:00+00:00,24.78159518421696,24.938813925044304,24.732463836669922,14175667,24.67842014002977
2007-06-08 00:00:00+00:00,24.712800852749968,24.80615116226405,24.634191513061523,11885473,24.38362448832376
2007-06-11 00:00:00+00:00,24.712811906984154,25.22868715704035,25.0812931060791,13044142,24.585073145966792
2007-06-12 00:00:00+00:00,24.894587184738775,25.081283890372813,24.673498153686523,11830767,24.66858580612108
2007-06-13 00:00:00+00:00,24.742295456454325,24.992862629333082,24.89459991455078,12061537,24.42294359756621
2007-06-14 00:00:00+00:00,24.88476726965028,24.88476726965028,24.678417205810547,10972979,24.614546854424262
2007-06-15 00:00:00+00:00,25.002677750169113,25.341680843638233,24.924070358276367,14308449,24.786503003118433
2007-06-18 00:00:00+00:00,25.00757858471922,25.056709896807348,24.87492561340332,7820595,24.707880330795224
2007-06-19 00:00:00+00:00,24.884772150459604,25.051815602375314,24.722639083862305,9811062,24.65385637047618
2007-06-20 00:00:00+00:00,24.565419681987166,24.609638682688427,24.201852798461914,14710776,24.177287123439896
2007-06-21 00:00:00+00:00,24.098672107179326,24.334500175194997,24.221498489379883,12389980,23.808800352429266
2007-06-22 00:00:00+00:00,24.034802191552828,24.270630263803795,23.853017807006836,15201240,23.710538101169337
2007-06-25 00:00:00+00:00,23.92672524753166,24.196943803864325,23.749853134155273,11768516,23.582807685778576
2007-06-26 00:00:00+00:00,23.794068673704853,24.43768278187944,24.133071899414062,16883385,23.779329659215893
2007-06-27 00:00:00+00:00,24.11341829903465,24.90933875672194,24.727554321289062,19820195,23.96111188984651
2007-06-28 00:00:00+00:00,24.855286516911047,25.105853602038827,24.80124282836914,13367659,24.702982112153045
2007-06-29 00:00:00+00:00,25.032154154824592,25.032154154824592,24.46714973449707,15128404,24.30501673322349
2007-07-02 00:00:00+00:00,24.521192298568902,24.712801340243473,24.35414695739746,13771768,24.182189268956044
2007-07-03 00:00:00+00:00,24.540843841691714,24.693150178078476,24.481887817382812,5454211,24.359059493150504
2007-07-05 00:00:00+00:00,24.418020306718493,24.51136866544327,24.476978302001953,8491106,24.250974944927762
2007-07-06 00:00:00+00:00,24.516284668007238,24.550675033819964,24.300107955932617,9678909,24.010236199863858
2007-07-09 00:00:00+00:00,24.319751615161763,24.35414393424212,24.28044891357422,9621059,24.093750278191855
2007-07-10 00:00:00+00:00,24.08393649590565,24.33450360799995,23.90706443786621,12887256,23.877586416244267
2007-07-11 00:00:00+00:00,23.828457110485452,24.14780695508523,24.024980545043945,14496250,23.794064772879942
2007-07-12 00:00:00+00:00,24.172356127586472,24.99284164328489,24.943710327148438,17484308,24.024964143329832
2007-07-13 00:00:00+00:00,24.835636348407427,25.120595778138625,24.983028411865234,10625567,24.796331667208424
2007-07-16 00:00:00+00:00,24.815979236223694,24.987936944691413,24.97319793701172,8825942,24.658760535435665
2007-07-17 00:00:00+00:00,24.884765403071533,25.105852495854897,24.69806671142578,8095381,24.629284016689766
2007-07-18 00:00:00+00:00,24.565404825384814,24.752101485657324,24.535926818847656,11154598,24.236228514645525
2007-07-19 00:00:00+00:00,24.55559502997119,24.594899717250303,24.24115753173828,11842819,24.13306816860516
2007-07-20 00:00:00+00:00,24.344318863409303,24.565407868128492,24.083927154541016,14354142,23.980752154728517
2007-07-23 00:00:00+00:00,25.32202875247767,26.211297312486483,25.710161209106445,41864561,25.145156724425057
2007-07-24 00:00:00+00:00,26.01477636602445,26.43730119108049,25.41046714782715,17923630,25.31711681284617
2007-07-25 00:00:00+00:00,25.71997640187889,26.37341660924429,26.226024627685547,19905607,25.646279429023178
2007-07-26 00:00:00+00:00,26.039327618971388,26.39798388520694,25.533281326293945,22877316,25.29745335568131
2007-07-27 00:00:00+00:00,25.533286511686185,25.63154720398685,24.624366760253906,17475190,24.59980109614044
2007-07-30 00:00:00+00:00,24.74719311666804,24.74719311666804,24.624366760253906,12122740,24.29519039660921
2007-07-31 00:00:00+00:00,24.71279560676383,24.791404929765235,24.39344596862793,15072546,24.319748991756818
2007-08-01 00:00:00+00:00,24.37871838478966,25.189377653464007,25.06654930114746,17262656,24.35415271432635
2007-08-02 00:00:00+00:00,25.267987382757724,25.611902845965414,25.37116241455078,13222721,24.968288948538316
2007-08-03 00:00:00+00:00,25.380983279357892,25.410463258386056,24.7078914642334,11747137,24.68332579711998
2007-08-06 00:00:00+00:00,25.154980751633698,25.341677456249897,25.22867774963379,13726494,24.791412037478636
2007-08-07 00:00:00+00:00,24.99776041760246,25.719983486753154,25.366241455078125,14165187,24.958455747416348
2007-08-08 00:00:00+00:00,25.631552833698542,25.911599894779016,25.72490119934082,11980526,25.017418952586368
2007-08-09 00:00:00+00:00,25.341678502135107,25.79368323971445,25.27289581298828,15497510,24.688240009010133
2007-08-10 00:00:00+00:00,25.272906966306547,25.400647705491316,24.997774124145508,16039430,24.589988192890402
2007-08-13 00:00:00+00:00,24.76686772888222,25.35152396653539,24.84056282043457,8458513,24.76686772888222
2007-08-14 00:00:00+00:00,24.840540336133092,24.928976330103367,24.531017303466797,8880438,24.491712635497024
2007-08-15 00:00:00+00:00,24.589972262801204,24.860192579996472,24.457319259643555,10967320,24.26571023915052
2007-08-16 00:00:00+00:00,24.368890651711695,24.550675033819964,24.300107955932617,21263396,23.636842739217187
2007-08-17 00:00:00+00:00,24.604711131889246,24.693147121559246,24.37870979309082,17209942,23.87757579188252
2007-08-20 00:00:00+00:00,24.37871953324536,25.051811471864568,24.555591583251953,8505463,24.260805487958898
2007-08-21 00:00:00+00:00,24.575234187106116,24.820888851643325,24.452407836914062,8716530,23.946359502948845
2007-08-22 00:00:00+00:00,24.698065786556594,24.938808155347953,24.742284774780273,11241162,24.37871602969168
2007-08-23 00:00:00+00:00,24.914250263089837,24.928989275713324,24.81107521057129,10289264,24.54576905504024
2007-08-24 00:00:00+00:00,24.811081075038942,24.98795123248082,24.968299865722656,7490475,24.609645236033412
2007-08-27 00:00:00+00:00,24.983021135173484,25.027238152085804,24.624366760253906,8010388,24.565408773550946
2007-08-28 00:00:00+00:00,24.48188345092236,24.609624099679504,24.17727279663086,8198294,24.12814147570074
2007-08-29 00:00:00+00:00,24.182194247744178,24.565414374146435,24.52610969543457,6599046,23.941453827191634
2007-08-30 00:00:00+00:00,24.285369112504185,24.609633200747364,24.39836883544922,7698818,24.20184740735754
2007-08-31 00:00:00+00:00,24.585078350133664,24.811079859631835,24.64894676208496,7681002,24.511381309052855
2007-09-04 00:00:00+00:00,24.806156812777488,24.806156812777488,24.585067749023438,10004418,24.383630042591207
2007-09-05 00:00:00+00:00,24.52564978806517,24.604860637283362,24.456340789794922,8506616,24.273165453580017
2007-09-06 00:00:00+00:00,24.4563481664089,25.08508323473052,24.98607063293457,13023496,24.406840875919286
2007-09-07 00:00:00+00:00,24.852405679527017,25.198952798478086,24.540512084960938,12171891,24.481104912196077
2007-09-10 00:00:00+00:00,24.733585579801474,24.75338730797297,24.659324645996094,9319026,24.426643949269053
2007-09-11 00:00:00+00:00,24.802883336614205,24.86724238752307,24.728622436523438,8005986,24.51079362961557
2007-09-12 00:00:00+00:00,24.624659379983893,24.79793482346419,24.59000587463379,11917437,24.34742342045328
2007-09-13 00:00:00+00:00,25.0009294271371,25.189054808672605,24.684085845947266,12863047,24.560319564238924
2007-09-14 00:00:00+00:00,24.624668342446014,24.698929273822927,24.52565574645996,7623676,24.342480365743445
2007-09-17 00:00:00+00:00,24.38208711615358,24.580114297998634,24.4612979888916,7201646,24.24346907845368
2007-09-18 00:00:00+00:00,24.159302577327644,25.149438334427742,25.035573959350586,10200289,24.159302577327644
2007-09-19 00:00:00+00:00,25.164289302198085,25.609850873148826,25.52569007873535,12927290,24.81279235688733
2007-09-20 00:00:00+00:00,25.495985907733672,25.81282935687939,25.43657875061035,9903495,25.35241795162465
2007-09-21 00:00:00+00:00,25.456386024393737,25.783131397329825,25.6544132232666,14918385,25.436584294098168
2007-09-24 00:00:00+00:00,25.67916091686,25.783125419562214,25.585098266601562,8625983,25.520739194491476
2007-09-25 00:00:00+00:00,25.58510510869321,26.04551860985059,25.882144927978516,11139402,25.510844164280126
2007-09-26 00:00:00+00:00,25.981167764596204,26.154441377357884,26.040576934814453,11081447,25.872253261577573
2007-09-27 00:00:00+00:00,26.00096050360166,26.055417732119437,25.892044067382812,7114558,25.703918736288077
2007-09-28 00:00:00+00:00,25.619751483646375,25.74351770105363,25.590045928955078,13304570,25.372217069649064
2007-10-01 00:00:00+00:00,25.743522859181912,26.085119983522457,25.956401824951172,11636887,25.644510261253906
2007-10-02 00:00:00+00:00,26.03066030159197,26.104919248235273,25.555395126342773,11491215,25.500937905743346
2007-10-03 00:00:00+00:00,25.535591512560128,26.09996940498537,25.817781448364258,8664759,25.46628250238384
2007-10-04 00:00:00+00:00,25.550447693621276,26.293051144635374,26.169282913208008,10116239,25.550447693621276
2007-10-05 00:00:00+00:00,26.337603788205996,26.75345985678476,26.491073608398438,9296074,26.32275199781209
2007-10-08 00:00:00+00:00,26.49107250126134,26.525727996854197,26.312849044799805,4206567,26.139575525201646
2007-10-09 00:00:00+00:00,26.342560349491468,26.713861140257443,26.55048942565918,6659516,26.278201255478432
2007-10-10 00:00:00+00:00,26.550482306415265,26.659396753609794,26.352455139160156,6023275,26.312849705709134
2007-10-11 00:00:00+00:00,26.278201696154557,26.580193459656808,26.258399963378906,7812630,26.129681773194275
2007-10-12 00:00:00+00:00,26.332653851135746,26.575236392874764,26.491073608398438,8186452,26.13957661764869
2007-10-15 00:00:00+00:00,26.73365917038863,26.73365917038863,26.382160186767578,7411351,26.283147587224732
2007-10-16 00:00:00+00:00,26.327701715633335,26.392060792926394,26.253442764282227,8524118,26.080169238885443
2007-10-17 00:00:00+00:00,26.362357139974804,26.48612337800879,26.446517944335938,11323745,26.124724537937688
2007-10-18 00:00:00+00:00,26.23859576820555,26.560391237740898,26.431673049926758,7104602,26.233645829898716
2007-10-19 00:00:00+00:00,26.29304313659668,26.852469038877974,26.29304313659668,15173573,26.213832284281658
2007-10-22 00:00:00+00:00,26.570287504139554,27.20397452212761,27.050504684448242,20319672,26.134627679272764
2007-10-23 00:00:00+00:00,27.154471826311923,27.936678819760957,27.902023315429688,19709841,26.733663752959426
2007-10-24 00:00:00+00:00,27.902027746218984,28.095105050981694,27.822816848754883,18176093,27.595086013341557
2007-10-25 00:00:00+00:00,27.822805855628005,28.34262840183794,28.248563766479492,13313058,27.70894147250248
2007-10-26 00:00:00+00:00,28.253512345414773,28.639664777572044,28.505996704101562,11795974,28.21885685336644
2007-10-29 00:00:00+00:00,28.54560419602973,28.798088572968265,28.600061416625977,13872481,28.372330681628103
2007-10-30 00:00:00+00:00,28.614913501725862,28.78818701791849,28.644617080688477,10659837,28.510948996173678
2007-11-01 00:00:00+00:00,28.654525357731096,28.892158001075174,28.3970890045166,12644749,28.312928185526047
2007-11-02 00:00:00+00:00,28.733734905993163,28.733734905993163,27.74359893798828,17646958,27.51091822249675
2007-11-05 00:00:00+00:00,27.228732497272375,28.144607668863,27.689146041870117,12336637,27.228732497272375
2007-11-06 00:00:00+00:00,27.713895429771807,27.857465392924293,27.71884536743164,9805822,27.565375528959482
2007-11-07 00:00:00+00:00,27.322791086524504,27.68914189192697,26.832674026489258,14087111,26.798020504367443
2007-11-08 00:00:00+00:00,26.961384943009357,27.302982009729035,27.114856719970703,18793574,26.76335780137352
2007-11-09 00:00:00+00:00,27.48616815444842,28.585218727228412,27.674293518066406,26584616,27.48616815444842
2007-11-12 00:00:00+00:00,27.679239928602794,28.05549258706852,27.71884536743164,11320810,27.392101981481208
2007-11-13 00:00:00+00:00,27.931718651248367,28.48124474500209,28.461441040039062,16533248,27.718839708402236
2007-11-14 00:00:00+00:00,27.971329571747386,28.555511274248566,28.36738395690918,10995721,27.971329571747386
2007-11-15 00:00:00+00:00,28.199070086769655,29.15455081168577,28.674335479736328,16544357,28.139660923056862
2007-11-16 00:00:00+00:00,28.92681129356001,28.92681129356001,28.902057647705078,13664034,28.27827250138398
2007-11-19 00:00:00+00:00,28.664430132145572,29.010977277522397,28.837703704833984,14248608,28.609972893230672
2007-11-20 00:00:00+00:00,28.827805359225202,28.911966197035746,28.674335479736328,14977597,28.38719547668965
2007-11-21 00:00:00+00:00,28.38223214664239,28.491148573125592,27.98122787475586,13831190,27.491110882722392
2007-11-23 00:00:00+00:00,28.109956223510675,28.65948057549208,28.545616149902344,7040569,28.109956223510675
2007-11-26 00:00:00+00:00,28.540659396608913,28.921862015016742,28.510955810546875,15960516,28.129753192139045
2007-11-27 00:00:00+00:00,28.40203580063796,29.70406318721318,29.179292678833008,19122646,28.40203580063796
2007-11-28 00:00:00+00:00,29.337712390954163,29.709013056250328,29.68425941467285,20290852,29.12483146922447
2007-11-29 00:00:00+00:00,29.605052065029234,29.847634614570698,29.664459228515625,12765793,29.39217309723097
2007-11-30 00:00:00+00:00,29.80307649819426,29.946646435646514,29.387218475341797,19403825,29.184241379872358
2007-12-03 00:00:00+00:00,29.09018479730074,29.451583695141853,29.095134735107422,9902028,29.02582570989659
2007-12-04 00:00:00+00:00,28.411945868206445,29.26841188167136,28.907012939453125,20122962,28.001039625108433
2007-12-05 00:00:00+00:00,29.126260947775606,29.71426732277439,29.59965705871582,11433470,28.84720683853829
2007-12-06 00:00:00+00:00,29.789020255679805,29.87373237899539,29.649494171142578,10454429,29.405320534979932
2007-12-07 00:00:00+00:00,29.644506999069954,30.441804526800738,30.232513427734375,12496352,29.524912369910336
2007-12-10 00:00:00+00:00,30.232505608089447,30.3869827111873,30.282337188720703,11940807,29.858772737650256
2007-12-11 00:00:00+00:00,30.391968411064102,30.551427892883257,30.097965240478516,12975183,29.96342155171208
2007-12-12 00:00:00+00:00,30.396951206338617,30.70590343848453,29.759113311767578,22524874,29.440194364482053
2007-12-13 00:00:00+00:00,29.55481136056254,29.858781300579324,29.79400062561035,9398569,29.26579249274091
2007-12-14 00:00:00+00:00,29.6494857110888,29.898639646976843,29.68436622619629,9676918,29.465110443871172
2007-12-17 00:00:00+00:00,29.823901309876526,30.192649939292142,29.644508361816406,13183945,29.60962783846733
2007-12-18 00:00:00+00:00,29.798975451558775,29.91358569265259,29.76907730102539,10275011,29.559786262996603
2007-12-19 00:00:00+00:00,29.714264043633705,29.89863930876569,29.569753646850586,8425815,29.41527852709105
2007-12-20 00:00:00+00:00,29.838836518158704,29.878701377844703,29.171100616455078,12240326,29.06147075820811
2007-12-21 00:00:00+00:00,29.56975349609471,29.818909420041802,29.47507667541504,24238982,28.767473771719384
2007-12-24 00:00:00+00:00,29.430224954488537,29.878705181079496,29.76907730102539,4478209,29.430224954488537
2007-12-26 00:00:00+00:00,29.504977418236447,29.749149010004754,29.609622955322266,8840928,29.405314243050753
2007-12-27 00:00:00+00:00,29.455149276172204,29.49999651496305,29.18606185913086,7397622,29.131247903226004
2007-12-28 00:00:00+00:00,28.911982694081328,29.38537872623637,29.255817413330078,7478947,28.911982694081328
2007-12-31 00:00:00+00:00,29.07645238603865,29.29570834869838,28.956857681274414,8486599,28.95187332348253
2008-01-02 00:00:00+00:00,28.976772972239143,29.15616592539164,28.588090896606445,12287276,28.453547177816212
2008-01-03 00:00:00+00:00,28.62795014459069,28.872121735527728,28.563169479370117,8831810,28.453541580757395
2008-01-04 00:00:00+00:00,28.378803466488268,28.62795949281622,28.32897186279297,10469625,28.279142251246213
2008-01-07 00:00:00+00:00,28.448565545078253,29.111319476722567,28.862165451049805,11874783,28.37880249757582
2008-01-08 00:00:00+00:00,28.94685988955302,30.242466804532857,29.72920799255371,21523824,28.91197739104636
2008-01-09 00:00:00+00:00,29.749147928899582,30.33715426625332,30.147796630859375,17504220,29.475078191394616
2008-01-10 00:00:00+00:00,29.95843448574337,30.27236904618692,30.132843017578125,14409476,29.77405923982298
2008-01-11 00:00:00+00:00,29.9135934564778,30.486652779269907,30.17271614074707,9895426,29.8986443773312
2008-01-14 00:00:00+00:00,29.838848315979778,29.838848315979778,29.789016723632812,15168333,29.230908467361445
2008-01-15 00:00:00+00:00,29.365443510905987,29.699311495281368,28.991710662841797,19071714,28.931914363382326
2008-01-16 00:00:00+00:00,28.822294851009552,29.390367829329247,29.076433181762695,16879088,28.777445621251413
2008-01-17 00:00:00+00:00,28.82229669275902,29.10134884525051,27.34231185913086,31305751,27.142987470102504
2008-01-18 00:00:00+00:00,27.476860410953517,27.48184277413973,26.569934844970703,30517970,26.136403506872554
2008-01-22 00:00:00+00:00,25.663000316823435,26.136396408283154,25.588254928588867,30991456,24.467056175739476
2008-01-23 00:00:00+00:00,25.503548120401977,25.503548120401977,25.070018768310547,23097606,24.277703481573397
2008-01-24 00:00:00+00:00,25.10987344995175,25.762660386671758,24.69627571105957,42295498,23.64484011129317
2008-01-25 00:00:00+00:00,24.8856471898979,24.8856471898979,23.814279556274414,68103022,21.088518053395802
2008-01-28 00:00:00+00:00,23.799325381181315,24.591640684218127,24.54180908203125,24323975,23.480406314622876
2008-01-29 00:00:00+00:00,24.671362616400227,24.686311693879475,23.92389678955078,21376370,23.345855168898034
2008-01-30 00:00:00+00:00,22.77280152016033,23.375759029788284,22.997041702270508,34979934,22.583443852475526
2008-01-31 00:00:00+00:00,23.086740192867,23.22626627847607,22.97212791442871,26332048,22.45886882332951
2008-02-01 00:00:00+00:00,23.0219470472744,23.151508336720386,22.91231918334961,20235308,22.453872309981993
2008-02-04 00:00:00+00:00,22.832602249733185,23.903969687315744,23.654815673828125,17087535,22.832602249733185
2008-02-05 00:00:00+00:00,23.580068074171763,23.590034792428145,22.897382736206055,20064903,22.852533500126526
2008-02-06 00:00:00+00:00,23.007004950299663,23.13158192506545,22.777782440185547,17132599,22.329302143592116
2008-02-07 00:00:00+00:00,22.737925638206963,23.256169144892315,22.77280616760254,21594459,22.44890472297991
2008-02-08 00:00:00+00:00,22.698052059612323,22.772797445509692,22.189775466918945,14534502,22.060214141833086
2008-02-11 00:00:00+00:00,22.199728376354948,22.648208421665043,22.578445434570312,12429909,22.025319912544745
2008-02-12 00:00:00+00:00,22.747878326100818,23.47043023175904,23.186391830444336,21690666,22.66815059018588
2008-02-13 00:00:00+00:00,23.375767025323604,23.884043882813923,23.70465087890625,20315585,23.375767025323604
2008-02-14 00:00:00+00:00,23.81924976565828,23.983691599795492,23.370769500732422,13190442,23.296024118009928
2008-02-15 00:00:00+00:00,23.42059885144884,23.86409472048586,23.684703826904297,16393130,23.291037544216437
2008-02-19 00:00:00+00:00,23.8939940690391,24.03352009361732,23.455480575561523,13947622,23.395682284922664
2008-02-20 00:00:00+00:00,23.33090552476351,23.45050013384065,23.43056869506836,14091827,23.011986567224465
2008-02-21 00:00:00+00:00,23.46545620714939,23.619933370319938,22.987079620361328,12777740,22.932263665061676
2008-02-22 00:00:00+00:00,23.03691170226061,23.16149071566383,22.957181930541992,13047286,22.603382313633514
2008-02-25 00:00:00+00:00,23.01199376955727,23.380744427660947,23.315963745117188,11296811,22.98209560596736
2008-02-26 00:00:00+00:00,23.196367943963757,23.365794182787113,23.11663818359375,10225860,23.007010261122065
2008-02-27 00:00:00+00:00,23.02195915223167,23.041890596085565,22.64324378967285,16659951,22.568496392887045
2008-02-28 00:00:00+00:00,22.633273304320408,22.717985412858518,22.523645401000977,10876354,22.339270113337584
2008-02-29 00:00:00+00:00,22.349232679780386,22.409028982433945,22.07516098022461,17982527,21.9904488874162
2008-03-03 00:00:00+00:00,22.26950103733847,22.26950103733847,21.955564498901367,12245775,21.850918986089
2008-03-04 00:00:00+00:00,21.781162162058788,21.925672578318288,21.80607795715332,14885792,21.566888714823392
2008-03-05 00:00:00+00:00,21.99709287725561,22.057412990140886,21.7407283782959,18069930,21.474309857322424
2008-03-06 00:00:00+00:00,21.750780732420125,21.75580673824228,21.308425903320312,16148422,21.268209818349114
2008-03-07 00:00:00+00:00,21.142545539325738,21.615060510899244,20.986717224121094,16117402,20.871100982208922
2008-03-10 00:00:00+00:00,21.011856407782037,21.06715254894738,20.74041175842285,12954957,20.624797486821485
2008-03-11 00:00:00+00:00,20.75045798437755,21.30340110177073,21.27324104309082,17351002,20.65997579873902
2008-03-12 00:00:00+00:00,21.207892450351473,21.896557826491843,21.33858871459961,16401619,21.202866443879913
2008-03-13 00:00:00+00:00,21.26319419119175,21.46929268407359,21.07720375061035,21246418,20.8811612934782
2008-03-14 00:00:00+00:00,21.273246659469486,21.599985403828466,20.594633102416992,17797450,20.403616667548643
2008-03-17 00:00:00+00:00,20.358372091731944,21.142545709630163,21.036983489990234,15763073,20.167355698859154
2008-03-18 00:00:00+00:00,21.283298365916462,21.715599306021296,21.7105712890625,15363366,20.99174572787404
2008-03-19 00:00:00+00:00,21.77089704209473,22.117743857110586,21.61004066467285,16114782,21.56982657031738
2008-03-20 00:00:00+00:00,21.911642386751573,21.911642386751573,21.79602813720703,17209522,21.11238862616411
2008-03-24 00:00:00+00:00,21.926723392838742,22.509828712369796,22.243410110473633,18329520,21.745760989618272
2008-03-25 00:00:00+00:00,22.293678168372452,22.620416900627976,22.45453453063965,14061121,22.24341005276414
2008-03-26 00:00:00+00:00,22.38414844153981,22.640512881035157,22.469602584838867,21383497,22.218264150385284
2008-03-27 00:00:00+00:00,22.4796627877163,22.80640143565909,22.509822845458984,20682804,22.218270261683084
2008-03-28 00:00:00+00:00,22.4997718098185,22.987366843248,22.374103546142578,11887778,22.30875540595942
2008-03-31 00:00:00+00:00,19.478688458776073,19.85569725101456,19.076547622680664,85731011,18.50852444529548
2008-04-01 00:00:00+00:00,19.297723166647113,19.533981625695343,19.262535095214844,43345804,19.126812834773894
2008-04-02 00:00:00+00:00,19.317830234921253,19.40328641023264,18.649272918701172,41527734,18.578898781667274
2008-04-03 00:00:00+00:00,18.669382744560572,19.332916198749885,19.28264808654785,54516646,18.599008593237194
2008-04-04 00:00:00+00:00,19.257511055075373,20.147246857507454,20.107032775878906,31954149,19.141894816793748
2008-04-07 00:00:00+00:00,20.393560388446446,20.911317520055864,20.499122619628906,24007479,20.33826626917927
2008-04-08 00:00:00+00:00,20.36339811075,20.82586107280241,20.5594425201416,18868506,20.267889914256315
2008-04-09 00:00:00+00:00,20.574527596087997,20.66500980796723,20.579553604125977,11941750,20.29805495241232
2008-04-10 00:00:00+00:00,20.93141997325298,21.2078925318248,20.96660804748535,17382757,20.80072571810151
2008-04-11 00:00:00+00:00,20.861046593556363,21.03698295192333,20.680084228515625,14684471,20.609708077489774
2008-04-14 00:00:00+00:00,20.675059081614982,20.86607750571128,20.81078338623047,14222932,20.50415071580124
2008-04-15 00:00:00+00:00,21.05206732101508,21.23303173295692,20.72030258178711,19685527,20.489072063949635
2008-04-16 00:00:00+00:00,20.856020362656714,20.856020362656714,20.262863159179688,27563658,19.966284557441178
2008-04-17 00:00:00+00:00,20.162329619322026,20.333239991804874,19.714948654174805,24721062,19.644574504187425
2008-04-18 00:00:00+00:00,19.805436260433954,20.17238915162201,19.986398696899414,27103271,19.604365770139207
2008-04-21 00:00:00+00:00,20.4287464532128,20.494094590335624,19.921043395996094,23383395,19.47366246904619
2008-04-22 00:00:00+00:00,19.916026535155257,19.991428730215898,19.358055114746094,20458427,19.28265492928528
2008-04-23 00:00:00+00:00,19.48874549935621,19.544039621680188,19.413345336914062,18825329,19.101684633489143
2008-04-24 00:00:00+00:00,19.453557817603212,20.26286555500016,20.091955184936523,17999819,19.438475776763116
2008-04-25 00:00:00+00:00,20.147247150640453,20.579548032037422,20.46895980834961,14503901,20.107033068426812
2008-04-28 00:00:00+00:00,20.484045752427093,20.961588870196774,20.83089256286621,14188767,20.484045752427093
2008-04-29 00:00:00+00:00,19.222325281533458,19.30275345442019,18.669382095336914,84372908,18.5839279152444
2008-04-30 00:00:00+00:00,18.800079135108394,19.177085959484145,19.12179183959961,39215741,18.49847447944744
2008-05-01 00:00:00+00:00,19.00617061788591,19.62446180911531,19.579221725463867,25145083,19.00114461179084
2008-05-02 00:00:00+00:00,19.564149250244608,19.855701927480748,19.790353775024414,17978335,19.493775089752933
2008-05-05 00:00:00+00:00,19.79034752657499,19.805427555519145,19.594303131103516,10946674,19.554089050719526
2008-05-06 00:00:00+00:00,19.589281557255124,19.60436158961154,19.52393341064453,10940806,19.358049035525575
2008-05-07 00:00:00+00:00,19.528960169379882,19.850672897622076,19.60938835144043,17530525,19.528960169379882
2008-05-08 00:00:00+00:00,19.71997322016124,19.971311748430928,19.649599075317383,11881386,19.418368593916757
2008-05-09 00:00:00+00:00,19.604360826437443,19.916019505402314,19.599332809448242,13198617,19.353022274550046
2008-05-12 00:00:00+00:00,19.609379257203877,19.956225882682936,19.916011810302734,10744515,19.594299231261093
2008-05-13 00:00:00+00:00,19.855697970793667,20.021580318096753,19.6898136138916,13219158,19.57419937532241
2008-05-14 00:00:00+00:00,19.7400811550541,20.102007910253796,20.02157974243164,13692854,19.689813047765522
2008-05-15 00:00:00+00:00,20.01655058981497,20.152274873710272,20.107032775878906,14361687,19.840614233889923
2008-05-16 00:00:00+00:00,20.212594991353694,20.212594991353694,20.107032775878906,12546551,19.92104239714702
2008-05-19 00:00:00+00:00,20.081896432164523,20.157298580213645,20.117084503173828,15046974,19.991416266023865
2008-05-20 00:00:00+00:00,20.001471486242437,20.333238177434648,19.976337432861328,11582915,19.905963289153554
2008-05-21 00:00:00+00:00,19.971316768710604,20.152281197626277,19.66971206665039,13393859,19.604363912297476
2008-05-22 00:00:00+00:00,19.664678260499336,19.78029450103003,19.61943817138672,11380966,19.428421782335
2008-05-23 00:00:00+00:00,19.59932775411086,19.72499800243946,19.47365951538086,10843237,19.46360549359485
2008-05-27 00:00:00+00:00,19.56917367902731,19.790352177922436,19.413345336914062,19701247,19.27762102531977
2008-05-28 00:00:00+00:00,19.50382102269767,19.533983090300485,19.433446884155273,12375832,19.21729645246156
2008-05-29 00:00:00+00:00,19.438477660698567,19.850672589766138,19.56414794921875,16980220,19.3630774971857
2008-05-30 00:00:00+00:00,19.659651652272753,19.73505179848677,19.58424949645996,14605662,19.368099061315153
2008-06-02 00:00:00+00:00,19.584254311754712,19.59933434470533,19.18714141845703,20430446,19.051419112302195
2008-06-03 00:00:00+00:00,19.242426628771508,19.388202892564983,19.277612686157227,12858122,19.1217844114526
2008-06-04 00:00:00+00:00,19.358850642376446,19.511162160971637,19.379159927368164,12106496,19.333465050992135
2008-06-05 00:00:00+00:00,19.480694839719025,19.790396126791034,19.74470329284668,14073382,19.338538003196522
2008-06-06 00:00:00+00:00,19.592393340524094,19.627933570955896,19.033916473388672,23024455,19.003454578567396
2008-06-09 00:00:00+00:00,19.089772710875994,19.20654402539167,18.780071258544922,15823438,18.63791231645521
2008-06-10 00:00:00+00:00,18.622678110409225,18.74452774103778,18.47544288635254,18458110,18.33836230560927
2008-06-11 00:00:00+00:00,18.531288604348738,18.597290734995426,18.14035415649414,27080530,17.988042640230592
2008-06-12 00:00:00+00:00,18.206361124907815,18.32821077623849,17.972816467285156,23016910,17.73419550199874
2008-06-13 00:00:00+00:00,18.0997346300776,18.262198713942784,18.038808822631836,20006215,17.729107539915233
2008-06-16 00:00:00+00:00,17.952504080048342,18.07435369658124,17.77480697631836,26747266,17.510798458975117
2008-06-17 00:00:00+00:00,17.830657488813607,17.977892720819174,17.60726547241211,15808451,17.58695821439976
2008-06-18 00:00:00+00:00,17.60726263947839,17.93219495308329,17.698650360107422,16413776,17.592031690991988
2008-06-19 00:00:00+00:00,17.67833951976872,18.31297314263757,18.074352264404297,28315178,17.65803226681098
2008-06-20 00:00:00+00:00,17.972812076894783,18.19112572848545,17.835731506347656,21629567,17.769729374285948
2008-06-23 00:00:00+00:00,17.876348185690503,18.27235895142534,18.191125869750977,19792947,17.830655338390187
2008-06-24 00:00:00+00:00,18.160670467219052,18.861306554690053,18.80038070678711,26481912,18.089592002758476
2008-06-25 00:00:00+00:00,18.65822068041672,18.886686990418664,18.774991989135742,23204292,18.444983292723073
2008-06-26 00:00:00+00:00,18.683607696612007,18.861304856621224,18.378982543945312,16760350,18.33836599223717
2008-06-27 00:00:00+00:00,18.434828648139785,19.231928668561814,18.774991989135742,38082434,18.404366744101004
2008-06-30 00:00:00+00:00,18.774987358643475,19.363928183268037,19.135459899902344,22680606,18.774987358643475
2008-07-01 00:00:00+00:00,18.993292603868657,19.663466209449822,19.475614547729492,24465350,18.957754416868394
2008-07-02 00:00:00+00:00,19.73455439212154,19.749785341198926,19.31315803527832,18647483,19.267463158335477
2008-07-03 00:00:00+00:00,19.435009041514395,19.648246403203103,19.521318435668945,11196727,19.435009041514395
2008-07-07 00:00:00+00:00,19.084691245636137,19.287773965543966,18.582061767578125,34836358,18.38405535452642
2008-07-08 00:00:00+00:00,18.65822152806656,19.003461192182982,18.769916534423828,26804382,18.65314319068866
2008-07-09 00:00:00+00:00,18.835914449098755,19.23700152624573,18.81560516357422,21444490,18.76483600918433
2008-07-10 00:00:00+00:00,18.85622516621864,19.16592660448712,18.785146713256836,16704910,18.439907063363005
2008-07-11 00:00:00+00:00,18.60744909899161,18.78006993446168,18.658220291137695,15066048,18.323133264568984
2008-07-14 00:00:00+00:00,18.688681012342066,18.967918492059596,18.71914291381836,10522549,18.617602565660416
2008-07-15 00:00:00+00:00,18.597292637049062,18.85622285009259,18.57190704345703,19261087,18.45005741204179
2008-07-16 00:00:00+00:00,18.460211369873534,18.78514370824733,18.597291946411133,19624114,18.378978285280084
2008-07-17 00:00:00+00:00,18.55159612994149,18.764833450317383,18.764833450317383,17984099,18.297742273765923
2008-07-18 00:00:00+00:00,18.846070511138457,19.135464689704936,19.130386352539062,19737508,18.582063958979163
2008-07-21 00:00:00+00:00,18.927292961805108,19.46546243772733,17.937265396118164,59019378,17.652951744359207
2008-07-22 00:00:00+00:00,16.424309782621144,16.688317337033613,15.906449317932129,81811596,15.81506158013083
2008-07-23 00:00:00+00:00,16.08922341242882,16.40907845774127,16.129838943481445,33357002,15.845524136980194
2008-07-24 00:00:00+00:00,16.332924209698092,16.764474289039782,16.358308792114258,26514086,16.048608361850224
2008-07-25 00:00:00+00:00,16.434465222574843,16.75432029065695,16.591854095458984,14460933,16.42938790026102
2008-07-28 00:00:00+00:00,16.591855508625677,16.591855508625677,16.277076721191406,14052108,16.221229215549332
2008-07-29 00:00:00+00:00,16.28722566142846,16.485231030617335,16.454769134521484,13714966,16.02321816422487
2008-07-30 00:00:00+00:00,16.480158696379185,16.987865575397684,16.739089965820312,16576006,16.44969679106587
2008-07-31 00:00:00+00:00,16.693392895839917,17.165560456610464,16.70354652404785,18484519,16.65277635329741
2008-08-01 00:00:00+00:00,16.80001540466957,17.05894669920578,16.88632583618164,21520680,16.62231823350495
2008-08-04 00:00:00+00:00,16.911705507052314,17.12494284957326,16.957399368286133,17054942,16.72893107697236
2008-08-05 00:00:00+00:00,17.003098367446544,17.663116874143487,17.61742401123047,16830880,17.003098367446544
2008-08-06 00:00:00+00:00,17.58695600145848,18.05404520378972,17.922040939331055,14446261,17.51587553308185
2008-08-07 00:00:00+00:00,17.800190775569536,18.221587118010785,17.708805084228516,17830672,17.64280295400847
2008-08-08 00:00:00+00:00,17.72403540639138,18.29774324383593,18.252050399780273,14812432,17.571723896495296
2008-08-11 00:00:00+00:00,18.19621226787247,18.252059782553353,18.23175048828125,13773864,18.084515208799104
2008-08-12 00:00:00+00:00,18.074356428548807,18.4500579473635,18.36374855041504,12185620,18.074356428548807
2008-08-13 00:00:00+00:00,18.22667225704608,18.64806875677212,18.14543914794922,12596122,18.120053547642527
2008-08-14 00:00:00+00:00,18.084510657969947,18.404366739429225,18.246976852416992,11555877,17.901737204072568
2008-08-15 00:00:00+00:00,18.307905708836653,18.607452550524425,18.35867691040039,9323532,18.307905708836653
2008-08-18 00:00:00+00:00,18.42975194028465,18.531292294778137,18.130205154418945,8298064,18.023586462888606
2008-08-19 00:00:00+00:00,18.008356888182163,18.120051895578904,17.89665985107422,10759921,17.769733890824394
2008-08-20 00:00:00+00:00,17.8966590226107,17.98804676520992,17.73927116394043,10150614,17.61742151704517
2008-08-21 00:00:00+00:00,17.698655924752202,17.7646580754188,17.678346633911133,14778582,17.338183264868864
2008-08-22 00:00:00+00:00,17.76973207645428,18.028662307941143,17.90681266784668,10114038,17.642806129164168
2008-08-25 00:00:00+00:00,17.856037086277812,17.93219385375166,17.76972770690918,11772708,17.546337769856024
2008-08-26 00:00:00+00:00,17.759583061494848,18.211441473950817,17.982973098754883,13519410,17.693580906019456
2008-08-27 00:00:00+00:00,17.98296633391571,18.21143462316635,18.14035415649414,8385258,17.774807329345883
2008-08-28 00:00:00+00:00,18.231739021130753,18.566825928169255,18.480514526367188,9808546,18.22158438038163
2008-08-29 00:00:00+00:00,18.434824202089963,18.44497884422419,18.109891891479492,12124417,18.028658813826876
2008-09-02 00:00:00+00:00,18.084507254768248,18.31805388761962,17.683420181274414,18179132,17.475259140242134
2008-09-03 00:00:00+00:00,17.86307874314402,17.899008953195654,17.796348571777344,9457781,17.48323102248732
2008-09-04 00:00:00+00:00,17.688547353123596,17.878471143829334,17.539688110351562,14468374,17.49349126346317
2008-09-05 00:00:00+00:00,17.380562565414248,17.642350859317286,17.60641860961914,16092774,17.241969969876628
2008-09-08 00:00:00+00:00,17.945214673023667,18.232666722921312,18.212133407592773,17110277,17.719358464911096
2008-09-09 00:00:00+00:00,18.222395984060874,18.40205321849727,17.62696075439453,15416290,17.611559745297292
2008-09-10 00:00:00+00:00,17.673160159741407,17.70395807815272,17.206050872802734,18333083,17.077723818638795
2008-09-11 00:00:00+00:00,17.0007212021366,17.503763617322114,17.447298049926758,17416607,17.0007212021366
2008-09-12 00:00:00+00:00,17.354900735712956,17.580754750172748,17.36003303527832,11515005,17.21630812645827
2008-09-15 00:00:00+00:00,16.9955881836011,17.375434846696614,16.795398712158203,16216123,16.790265385698216
2008-09-16 00:00:00+00:00,16.564404791704597,16.82619101533796,16.569538116455078,22961994,16.17429160560513
2008-09-17 00:00:00+00:00,16.30262550492147,16.5284806035026,15.979242324829102,23541853,15.907378825892044
2008-09-18 00:00:00+00:00,16.133236594166007,16.446354198252674,16.389890670776367,20807202,15.722590892429372
2008-09-19 00:00:00+00:00,16.754336526174573,16.872396895182003,16.343690872192383,26693294,15.666125543121767
2008-09-22 00:00:00+00:00,16.420684643496912,16.744067799471946,16.14349937438965,12337894,16.092168160969976
2008-09-23 00:00:00+00:00,16.1537655103578,16.425818487533697,15.784184455871582,18463454,15.753386547689255
2008-09-24 00:00:00+00:00,15.789318879000126,16.282093652533508,16.153766632080078,11903079,15.75852096867918
2008-09-25 00:00:00+00:00,16.23589403580799,16.749201037028936,16.615741729736328,16323648,16.179430522186106
2008-09-26 00:00:00+00:00,16.441215523438743,16.74406637346355,16.48741340637207,13415343,16.323155179097654
2008-09-29 00:00:00+00:00,16.369349133955378,16.48740944996609,15.573723793029785,25067846,15.573723793029783
2008-09-30 00:00:00+00:00,15.886843221826995,16.318021047128926,16.199960708618164,15752174,15.794448486572781
2008-10-01 00:00:00+00:00,16.128098928616243,16.651672570536608,16.472015380859375,14831191,16.117833301858806
2008-10-02 00:00:00+00:00,16.28722749823263,16.66194089133485,15.963844299316406,18309608,15.943312016432046
2008-10-03 00:00:00+00:00,16.11269963412019,16.57980872780551,16.312889099121094,18125684,16.04083717019151
2008-10-06 00:00:00+00:00,16.06137288613985,16.56954664682353,15.41973876953125,24766126,14.906432707504191
2008-10-07 00:00:00+00:00,15.419736190462848,16.03570459312973,14.844833374023438,21661531,14.793502160776358
2008-10-08 00:00:00+00:00,14.670304310757277,15.36326831029598,14.639505386352539,23559250,14.377719146134488
2008-10-09 00:00:00+00:00,14.603576165216325,14.665171966044696,13.453768730163574,26672124,13.10472004452256
2008-10-10 00:00:00+00:00,12.966128905433738,14.53684880559407,13.46403694152832,40341398,12.134573121907065
2008-10-13 00:00:00+00:00,13.97734325663307,15.291409085758568,15.101485252380371,21405819,13.920879747050234
2008-10-14 00:00:00+00:00,16.076767217666255,16.1332307246001,14.952625274658203,20725248,14.454718311987683
2008-10-15 00:00:00+00:00,14.798641399714205,14.937234089172852,13.633434295654297,19094665,13.556438471071724
2008-10-16 00:00:00+00:00,13.992745536643758,14.526584906677309,14.470121383666992,20571926,13.14065628596128
2008-10-17 00:00:00+00:00,14.136467287809669,15.501863216203873,14.629241943359375,24122654,14.028672575395788
2008-10-20 00:00:00+00:00,15.019365304639624,16.071644454556072,15.912519454956055,28478981,14.695981976149207
2008-10-21 00:00:00+00:00,15.594255606413707,16.13836032461571,15.38379955291748,14933371,15.317069409556597
2008-10-22 00:00:00+00:00,14.93723157309593,15.353009571436846,14.377726554870605,21661636,14.115940179755974
2008-10-23 00:00:00+00:00,14.59844855611604,15.080956709236801,14.808903694152832,23369352,13.787422838293038
2008-10-24 00:00:00+00:00,13.607765342298146,14.495786849707375,14.03894329071045,18036604,13.58210075776336
2008-10-27 00:00:00+00:00,13.874686232491658,14.557384966755064,13.766891479492188,17051170,13.243318723866066
2008-10-28 00:00:00+00:00,13.807949196760609,15.347869810890616,15.24007511138916,24089223,13.397303699659274
2008-10-29 00:00:00+00:00,15.122017674979697,15.76365061718097,14.721637725830078,19345242,14.644641936933862
2008-10-30 00:00:00+00:00,15.0604242922667,15.804718799025643,15.496735572814941,16199355,15.0604242922667
2008-10-31 00:00:00+00:00,15.409471762677379,16.266694266589266,15.886846542358398,17296087,14.952628238633412
2008-11-03 00:00:00+00:00,15.876574101952949,15.963836518190309,15.38379955291748,12403394,15.173343499421252
2008-11-04 00:00:00+00:00,15.671258099491192,16.066503752470858,15.979242324829102,15302896,15.481334237353709
2008-11-05 00:00:00+00:00,15.748247941306545,15.912506132676587,14.742166519165039,15375732,14.65490512453673
2008-11-06 00:00:00+00:00,14.66003833241612,15.055284886418281,14.300724029541016,20313594,14.17753037837536
2008-11-07 00:00:00+00:00,14.42392111917623,15.075820755486259,14.844833374023438,11336321,14.372590931978827
2008-11-10 00:00:00+00:00,15.173351946591696,15.322211264330095,14.326395988464355,13801217,14.121073145394112
2008-11-11 00:00:00+00:00,14.275058999000533,14.39311932108326,14.14159870147705,12315991,13.869545807332567
2008-11-12 00:00:00+00:00,14.064606815684687,14.074872442766367,13.715558052062988,13757830,13.612896650997785
2008-11-13 00:00:00+00:00,14.059475193268408,14.747306150752452,14.644644737243652,20931390,13.387043191298233
2008-11-14 00:00:00+00:00,14.35206122562372,14.767839202447453,14.028676986694336,16958736,13.987612419152496
2008-11-17 00:00:00+00:00,13.720687941471462,13.843881591888579,13.340840339660645,12557346,13.299775789521606
2008-11-18 00:00:00+00:00,13.181717042745072,13.705289606684966,13.412705421447754,19086490,12.868600579979836
2008-11-19 00:00:00+00:00,13.258711355111235,13.807948392949402,12.991790771484375,16291789,12.935327275432241
2008-11-20 00:00:00+00:00,12.925065618165046,13.653961043752275,12.093507766723633,24342525,11.898451620119888
2008-11-21 00:00:00+00:00,12.268035671208564,12.55548766123043,12.524688720703125,25517962,11.713663976166393
2008-11-24 00:00:00+00:00,12.750545538158748,13.325449594061249,13.0585298538208,17992588,12.514424742509535
2008-11-25 00:00:00+00:00,13.268976830620279,13.345972599471702,13.248444557189941,14305095,12.90966255861407
2008-11-26 00:00:00+00:00,13.037990269090178,13.546163849008682,13.505099296569824,13383484,12.832667506895886
2008-11-28 00:00:00+00:00,13.181718766523923,13.71555805206299,13.715558052062988,6205522,13.161186486310882
2008-12-01 00:00:00+00:00,13.535902031679141,13.730958197609807,12.755675315856934,15388518,12.709477424855017
2008-12-02 00:00:00+00:00,13.279249398648417,13.741225243699438,13.695027351379395,16288121,13.017462026201377
2008-12-03 00:00:00+00:00,13.356554931771258,13.898107456955001,13.778341293334961,15567516,13.241995223314278
2008-12-04 00:00:00+00:00,13.18992550324812,13.55443154866867,13.018086433410645,21624222,12.82021196095374
2008-12-05 00:00:00+00:00,12.84624860973276,14.01787723100679,13.793966293334961,24317582,12.565058323516965
2008-12-08 00:00:00+00:00,14.064739661808952,14.413624217806332,14.059532165527344,16085018,13.929351003735503
2008-12-09 00:00:00+00:00,14.246996515124996,14.299068369393265,13.700236320495605,20390936,13.622128018655696
2008-12-10 00:00:00+00:00,13.752308215754354,14.27303088407708,14.04911994934082,13838735,13.752308215754354
2008-12-11 00:00:00+00:00,13.955385737793709,14.460487834351976,13.767925262451172,13150828,13.642951612222811
2008-12-12 00:00:00+00:00,13.486739577717644,14.137644534004469,14.080365180969238,13955063,13.44508271804432
2008-12-15 00:00:00+00:00,14.033497957429006,14.184508087495093,13.851244926452637,13112471,13.6429554508011
2008-12-16 00:00:00+00:00,14.085570123302752,14.632329188148695,14.533391952514648,16542680,13.78875737552577
2008-12-17 00:00:00+00:00,14.158473030376681,14.491736224079553,14.12202262878418,14852151,14.02308537837239
2008-12-18 00:00:00+00:00,14.262612248570436,14.75209185410511,14.444865226745605,19715290,14.090773220723328
2008-12-19 00:00:00+00:00,14.611496400813067,15.137427421790065,14.871857643127441,27899751,14.398000536012633
2008-12-22 00:00:00+00:00,14.82500085322459,15.298859242433817,15.147849082946777,17876784,14.731270050482602
2008-12-23 00:00:00+00:00,15.288433859079305,15.736256535160917,15.314470291137695,19325120,15.199910614605415
2008-12-24 00:00:00+00:00,15.288443413730267,15.444661062835847,15.241579055786133,3538258,15.153055755988806
2008-12-26 00:00:00+00:00,15.309267245694585,15.361340124944663,15.10097885131836,4039726,14.970797694067858
2008-12-29 00:00:00+00:00,15.158255562403427,15.231156331687203,14.736469268798828,13581032,14.554216304714876
2008-12-30 00:00:00+00:00,14.923929667394033,15.444653163283908,15.413409233093262,11546130,14.923929667394033
2008-12-31 00:00:00+00:00,15.465489064574296,15.91851844970122,15.829995155334473,12601362,15.460281567052727
2009-01-02 00:00:00+00:00,15.861234269495455,16.204912369815275,16.142425537109375,12793355,15.783127029706492
2009-01-05 00:00:00+00:00,16.376749766328153,16.486101972740293,15.897684097290039,15686988,15.77271044449749
2009-01-06 00:00:00+00:00,16.184083970690256,16.277813702468737,15.606081008911133,15752698,15.387377607511503
2009-01-07 00:00:00+00:00,15.418619337405008,15.55921444486811,15.356132507324219,13325530,15.184293464383382
2009-01-08 00:00:00+00:00,15.455069386522434,15.46027688246609,15.288437843322754,11092137,15.121807340997735
2009-01-09 00:00:00+00:00,15.048903811691392,15.41861724596812,14.960380554199219,11125987,14.814579011329114
2009-01-12 00:00:00+00:00,14.960385272851997,15.074945002364762,14.840619087219238,9313157,14.736474351696213
2009-01-13 00:00:00+00:00,14.793755265945379,15.095774489325548,14.80937671661377,11330138,14.700024480185213
2009-01-14 00:00:00+00:00,14.543807746501148,14.71564683706023,14.486528396606445,12828987,14.26782495115623
2009-01-15 00:00:00+00:00,14.481318104184727,14.726057931442485,14.642742156982422,13285810,14.252198683544856
2009-01-16 00:00:00+00:00,14.788551482640392,14.97601101948796,14.67919921875,15213711,14.273034113246473
2009-01-20 00:00:00+00:00,14.647955362962888,15.03849901638843,14.522981643676758,15407067,14.491738734292815
2009-01-21 00:00:00+00:00,14.700019313970193,14.78333507608744,14.356342315673828,19101477,14.002250326675533
2009-01-22 00:00:00+00:00,14.189712849074965,14.424038741416492,14.29385757446289,15980428,13.991838391275293
2009-01-23 00:00:00+00:00,14.44486530183723,14.762506922050653,14.684398651123047,15603986,14.335514138888422
2009-01-26 00:00:00+00:00,14.616711784478507,14.96038897634547,14.470909118652344,14818720,14.330313951110181
2009-01-27 00:00:00+00:00,14.507357486768418,14.929143971013742,14.772926330566406,10106178,14.50214998921601
2009-01-28 00:00:00+00:00,15.028072784648888,15.158253905136528,14.986414909362793,14200505,14.778125532932329
2009-01-29 00:00:00+00:00,14.851032970381578,15.132224275406692,15.069737434387207,12581974,14.77813217629628
2009-01-30 00:00:00+00:00,15.022875785451983,15.10098513683875,14.866659164428711,17210675,14.75730690518734
2009-02-02 00:00:00+00:00,14.627120245673549,15.069735575173038,14.804166793823242,14703021,14.58025590134693
2009-02-03 00:00:00+00:00,15.559210282863715,16.01744691421368,15.746670722961426,24482538,15.06452327060224
2009-02-04 00:00:00+00:00,15.751884595766617,16.06952628587908,15.569631576538086,13599372,15.413413959431612
2009-02-05 00:00:00+00:00,14.892688794612418,15.861234175368796,15.673774719238281,14368499,14.892688794612418
2009-02-06 00:00:00+00:00,15.626905642446069,16.10597124382149,16.022655487060547,11599788,15.626905642446069
2009-02-09 00:00:00+00:00,15.965379195528747,16.074730366381914,15.960171699523926,9146839,15.71022438178867
2009-02-10 00:00:00+00:00,15.866447871862114,15.960178677429962,15.106191635131836,15057140,15.028083324408716
2009-02-11 00:00:00+00:00,15.153057090616711,15.590465089412627,15.475906372070312,10812321,15.106191687669794
2009-02-12 00:00:00+00:00,15.220749997495133,15.324895797199968,15.278030395507812,11389769,14.856243862028643
2009-02-13 00:00:00+00:00,15.241580598238148,15.309273913521938,14.970804214477539,11000751,14.8510369563886
2009-02-17 00:00:00+00:00,14.653162553797676,15.11660701330445,14.897902488708496,21584922,14.517773840309676
2009-02-18 00:00:00+00:00,14.949970341343315,14.996834688605505,14.913518905639648,15041210,14.580256814651024
2009-02-19 00:00:00+00:00,15.06452973985534,15.10098117729482,14.856240272521973,10332651,14.819789875957348
2009-02-20 00:00:00+00:00,14.632328987121582,14.851032401880321,14.632328987121582,18552639,14.470904914219318
2009-02-23 00:00:00+00:00,14.382380288915652,14.783337726200575,14.517767906188965,18829730,14.382380288915652
2009-02-24 00:00:00+00:00,14.533392118592682,14.87186172235326,14.856240272521973,18588586,14.340724101090604
2009-02-25 00:00:00+00:00,14.67919457798187,14.814583250638854,14.533391952514648,22865054,14.434454716880603
2009-02-26 00:00:00+00:00,14.668779598331486,14.668779598331486,13.559638977050781,20846816,13.554431480203258
2009-02-27 00:00:00+00:00,13.26282496166351,13.42425006238786,12.601506233215332,34071738,12.585884785040314
2009-03-02 00:00:00+00:00,12.403632648380263,12.66399395271861,12.205757141113281,17418808,12.19534318855966
2009-03-03 00:00:00+00:00,12.330730753268792,12.549434146051127,12.002674102783203,18975402,11.903736878450117
2009-03-04 00:00:00+00:00,12.28857691416453,12.458000495330717,12.267398834228516,22605674,11.880898610815793
2009-03-05 00:00:00+00:00,11.965615334222925,12.11915674842707,11.722067832946777,21628205,11.610883656271529
2009-03-06 00:00:00+00:00,11.833248805716385,12.145625250268548,12.039734840393066,18906130,11.669118934989894
2009-03-09 00:00:00+00:00,10.668454726268697,11.912666827778654,11.113194465637207,88189724,10.615510048362049
2009-03-10 00:00:00+00:00,11.452044844447151,11.812072285629542,11.753832817077637,36396411,11.324976335794542
2009-03-11 00:00:00+00:00,11.72206212869273,12.034438533749718,11.616172790527344,29498685,11.542048983825309
2009-03-12 00:00:00+00:00,11.573814194672915,12.75449054397217,12.722723960876465,40235864,11.46792276216279
2009-03-13 00:00:00+00:00,12.84449909123561,14.665812676634834,14.332258224487305,60001249,12.84449909123561
2009-03-16 00:00:00+00:00,14.284607434420371,14.52815585451483,13.876930236816406,34252203,13.829279297922868
2009-03-17 00:00:00+00:00,13.771043458906805,14.10459800194413,14.088713645935059,23637326,13.659858258453673
2009-03-18 00:00:00+00:00,13.924580554122366,14.559921791613707,14.274018287658691,22185531,13.83457346430174
2009-03-19 00:00:00+00:00,14.311088490918992,14.369329031060435,13.786931037902832,25223683,13.596328231504009
2009-03-20 00:00:00+00:00,14.094006898129354,14.40108959772467,14.146952629089355,26895977,13.92987703713287
2009-03-23 00:00:00+00:00,14.401096550012197,14.81406879425049,14.814068794250488,20397014,14.173432336949485
2009-03-24 00:00:00+00:00,14.618162796496934,14.888183016885627,14.692285537719727,15464917,14.565217074204837
2009-03-25 00:00:00+00:00,14.803481300577017,14.835247910025595,14.559932708740234,18255950,14.194611408468877
2009-03-26 00:00:00+00:00,14.702880173146479,14.724058257698408,14.602283477783203,16516061,14.337557950045166
2009-03-27 00:00:00+00:00,14.258142451962065,14.623463669379088,14.379916191101074,17048340,14.18931340267042
2009-03-30 00:00:00+00:00,14.17872431243776,14.242258577411071,14.056950569152832,15245256,13.839874899246768
2009-03-31 00:00:00+00:00,14.194602769592022,14.337554541754841,14.162835121154785,22948370,14.041061428509492
2009-04-01 00:00:00+00:00,14.025181919180532,14.416975966848284,14.289907455444336,18880244,13.633386813190597
2009-04-02 00:00:00+00:00,14.40638256472714,14.612869634599786,14.295198440551758,18833608,13.998705326106931
2009-04-03 00:00:00+00:00,14.29520291319427,14.459332816891107,14.009299278259277,16227232,13.813401716057312
2009-04-06 00:00:00+00:00,13.913992624206202,14.58110158415971,14.120478630065918,13312430,13.913992624206202
2009-04-07 00:00:00+00:00,14.0516450358794,14.0675283253947,13.908693313598633,13959779,13.771036373930142
2009-04-08 00:00:00+00:00,13.966941514881695,14.168132781982422,14.168132781982422,11073168,13.87693439407879
2009-04-09 00:00:00+00:00,14.43286027248751,14.533455919782199,13.92458724975586,15819979,13.808107243686544
2009-04-13 00:00:00+00:00,13.829280536302461,14.041061329991772,13.792219161987305,11654494,13.696918333988062
2009-04-14 00:00:00+00:00,13.718092868325087,13.861044613571709,13.596319198608398,13162042,13.538079755481506
2009-04-15 00:00:00+00:00,13.564553091929803,13.972230266489467,13.898107528686523,16521406,13.516902155729776
2009-04-16 00:00:00+00:00,13.998705296853423,14.0357666715011,13.686328887939453,19463980,13.426897148761896
2009-04-17 00:00:00+00:00,13.712802112350758,14.025179611904692,13.622796058654785,19709212,13.575145110136795
2009-04-20 00:00:00+00:00,13.501024178014388,13.718098751550823,13.352776527404785,13786650,13.336894286848107
2009-04-21 00:00:00+00:00,12.923920912723556,12.99804473690984,12.463297843933105,42417590,12.14033179388556
2009-04-22 00:00:00+00:00,12.389177534711779,12.442123289626519,12.161513328552246,55546934,11.822664942052148
2009-04-23 00:00:00+00:00,12.214456245209819,12.352113271020572,12.299168586730957,37293290,11.986791033630116
2009-04-24 00:00:00+00:00,12.320345705466595,12.468592291497275,12.41564655303955,23124749,12.203865715852862
2009-04-27 00:00:00+00:00,12.389174621587472,12.542716004750393,12.41035270690918,16986718,12.288580039212102
2009-04-28 00:00:00+00:00,12.39976104008716,12.505651439767226,12.267398834228516,24059041,12.17739172991998
2009-04-29 00:00:00+00:00,12.299170292762732,12.73861536077901,12.653903007507324,29254710,12.25681411612689
2009-04-30 00:00:00+00:00,12.770378601203316,13.013927081885667,12.83391284942627,29434023,12.706844352980363
2009-05-01 00:00:00+00:00,12.828625970301006,12.90804355839166,12.865687370300293,15816835,12.606255453660028
2009-05-04 00:00:00+00:00,13.02451518139094,13.151583673810462,13.035104751586914,20048659,12.881563391999483
2009-05-05 00:00:00+00:00,12.97157141160243,13.225708414196099,13.019221305847168,17891875,12.897447590018226
2009-05-06 00:00:00+00:00,13.066875156329862,13.199238472449561,13.029813766479492,23711000,12.833916185621018
2009-05-07 00:00:00+00:00,13.077455828777333,13.538078670041683,13.3474760055542,28997846,12.945092602747287
2009-05-08 00:00:00+00:00,13.421605764486717,13.506318104183306,13.140996932983398,19570038,13.050989807475231
2009-05-11 00:00:00+00:00,13.01393062003251,13.130409577614474,12.918628692626953,16962614,12.881567302334725
2009-05-12 00:00:00+00:00,12.971571013027646,13.368659802798465,13.2257080078125,24452250,12.855091027923553
2009-05-13 00:00:00+00:00,13.178057079108996,13.898111898889983,13.591029167175293,26484846,13.15687899617426
2009-05-14 00:00:00+00:00,13.64397260640479,13.892814774409254,13.792219161987305,21327114,13.580438368297996
2009-05-15 00:00:00+00:00,13.898114992462197,13.898114992462197,13.48514175415039,18947840,13.416313763033678
2009-05-18 00:00:00+00:00,13.559264674690082,13.659860319649818,13.628093719482422,15679023,13.352777540313067
2009-05-19 00:00:00+00:00,13.628091959840667,13.71280323545666,13.643975257873535,16363053,13.395131983188824
2009-05-20 00:00:00+00:00,13.755161643092137,14.00400495831253,13.81340217590332,16231005,13.65456705305678
2009-05-21 00:00:00+00:00,13.622800475881801,13.86634796581662,13.829286575317383,23725567,13.453375766945456
2009-05-22 00:00:00+00:00,13.845162423503286,13.95105280958124,13.855751991271973,15340100,13.749861605194019
2009-05-26 00:00:00+00:00,13.765750265004854,14.083421547080604,14.062243461608887,16681330,13.58573706765636
2009-05-27 00:00:00+00:00,14.014587121499595,14.18930652410941,14.099299430847168,20609549,14.014587121499595
2009-05-28 00:00:00+00:00,13.982825768091343,14.295202261145096,14.173428535461426,29002981,13.951058111035238
2009-05-29 00:00:00+00:00,14.26343412495234,14.618167834938763,14.602283477783203,43884581,14.215784228452112
2009-06-01 00:00:00+00:00,14.671108395963216,14.74523114191241,14.575807571411133,21212673,14.36402678538222
2009-06-02 00:00:00+00:00,14.56522067979678,14.755823422252451,14.665816307067871,15295560,14.401090805040464
2009-06-03 00:00:00+00:00,14.501683120920509,14.618163077206793,14.607573509216309,20421014,14.326963715651985
2009-06-04 00:00:00+00:00,14.747159656324635,14.79010735283752,14.269366264343262,23123806,14.210313449913597
2009-06-05 00:00:00+00:00,14.349892027908677,14.441155065628873,13.995573043823242,26622763,13.753993088967235
2009-06-08 00:00:00+00:00,13.882835964145455,14.054625651050893,13.920414924621582,18534299,13.678833900085548
2009-06-09 00:00:00+00:00,13.920413303030864,14.027782515528088,13.8076753616333,12226702,13.711043606936759
2009-06-10 00:00:00+00:00,13.915040118962004,14.027778024264354,13.73788070678711,13460198,13.641248983029078
2009-06-11 00:00:00+00:00,13.791566552753295,14.263989888059127,14.059988975524902,17891037,13.791566552753295
2009-06-12 00:00:00+00:00,14.022417031367347,14.532420640466777,14.000943183898926,31199170,13.786204709214728
2009-06-15 00:00:00+00:00,13.866729392800249,13.95799241964597,13.399672508239746,28282586,13.308408408292092
2009-06-16 00:00:00+00:00,13.42651783786699,13.52851834358863,13.115147590637207,28060305,13.08293628335018
2009-06-17 00:00:00+00:00,13.125883409258018,13.41041214004648,13.297674179077148,24599704,13.115147022695375
2009-06-18 00:00:00+00:00,13.421145631010331,13.90967525900818,13.770095825195312,21459058,13.356724106227038
2009-06-19 00:00:00+00:00,13.909679412841797,14.247892250678785,13.909679412841797,27901009,13.85599532937503
2009-06-22 00:00:00+00:00,13.818410227867847,13.818410227867847,13.517776489257812,19518790,13.501671378679132
2009-06-23 00:00:00+00:00,13.571463798046805,13.684201745291716,13.48020076751709,14780782,13.421146892754246
2009-06-24 00:00:00+00:00,13.501672186976478,13.780831030724903,13.662725448608398,15980742,13.447987051031316
2009-06-25 00:00:00+00:00,13.684198777197608,14.280097539938973,14.263991355895996,21087332,13.523145521581775
2009-06-26 00:00:00+00:00,14.21568156045999,14.527051810051775,14.494841575622559,23773356,14.140523631390378
2009-06-29 00:00:00+00:00,14.527049423267568,15.004842715916395,14.951157569885254,23050026,14.42504893353078
2009-06-30 00:00:00+00:00,14.951157117438179,15.058526333149304,15.010210990905762,22760254,14.650523313447023
2009-07-01 00:00:00+00:00,15.085364789305537,15.149786301154782,15.05852222442627,16136475,14.90820643654636
2009-07-02 00:00:00+00:00,14.886740025950868,15.02631950137339,14.500210762023926,15229012,14.484104571200323
2009-07-06 00:00:00+00:00,14.478740574517238,15.031692031933373,14.972638130187988,24246214,14.366002575760778
2009-07-07 00:00:00+00:00,14.951155860857693,15.241053255464077,14.827681541442871,23592995,14.773997474650198
2009-07-08 00:00:00+00:00,14.972633888735366,15.32158417631522,15.05316162109375,22403515,14.886739572470312
2009-07-09 00:00:00+00:00,14.902845143672275,14.978003075106972,14.500210762023926,28109980,14.269366091240911
2009-07-10 00:00:00+00:00,14.441150534885884,14.489466939939197,14.199570655822754,18809294,14.097570190900429
2009-07-13 00:00:00+00:00,14.183467461870276,14.441152486406477,14.398204803466797,16515222,14.027781842938476
2009-07-14 00:00:00+00:00,14.44115373475889,14.661260897127171,14.580734252929688,14570763,13.447989285752037
2009-07-15 00:00:00+00:00,14.677366130035185,14.902842023333804,14.875999450683594,21509886,14.398206164538113
2009-07-16 00:00:00+00:00,14.86526512378431,15.031687165675484,14.961896896362305,13268938,14.79010612457732
2009-07-17 00:00:00+00:00,14.940426193818015,14.961900044809902,14.859899520874023,11335273,14.71495022185203
2009-07-20 00:00:00+00:00,14.897481609563748,15.031693474626346,14.999482154846191,11851098,14.731059497823562
2009-07-21 00:00:00+00:00,15.423582063759797,15.99263945823428,15.91748046875,27961059,15.343055418178194
2009-07-22 00:00:00+00:00,15.874531618529806,16.13758645280272,15.810110092163086,19869451,15.713478339163958
2009-07-23 00:00:00+00:00,15.847691737633884,16.448959419117486,16.23958969116211,26678517,15.820850235251356
2009-07-24 00:00:00+00:00,16.25032791032203,16.674436115777766,16.636856079101562,26308678,16.07316840618407
2009-07-27 00:00:00+00:00,16.706645114140542,16.738855345364748,16.518749237060547,21026758,16.330853359980548
2009-07-28 00:00:00+00:00,16.486538609871022,16.593907840198337,16.11611557006836,23627265,15.981903763883693
2009-07-29 00:00:00+00:00,16.110742473502274,16.180532722574092,16.03558349609375,16696736,15.842320006990239
2009-07-30 00:00:00+00:00,16.218112143776683,16.62611512023234,16.073163986206055,24300290,16.040952688356008
2009-07-31 00:00:00+00:00,16.21275263958489,16.41675478043134,16.11075210571289,16269362,16.057066936452394
2009-08-03 00:00:00+00:00,16.34695914699656,16.357695533478246,16.11611557006836,16298286,15.96042991781823
2009-08-04 00:00:00+00:00,16.180532177198504,16.250322423917993,16.01947784423828,16077892,15.826213288547073
2009-08-05 00:00:00+00:00,16.03558891742142,16.20201204041129,15.89600944519043,13375100,15.751061242807662
2009-08-06 00:00:00+00:00,15.933583867661614,15.933583867661614,15.76179313659668,11499494,15.702740341068573
2009-08-07 00:00:00+00:00,15.949684194195042,16.373791064332927,16.159053802490234,13656278,15.8101037399306
2009-08-10 00:00:00+00:00,16.26106248665716,16.642222956132255,16.4274845123291,19050963,16.164429650394737
2009-08-11 00:00:00+00:00,16.352330485624535,16.524122365931493,16.282541275024414,11423829,16.185909482522984
2009-08-12 00:00:00+00:00,16.28791267046606,16.636861999856194,16.50265121459961,12899518,16.105384371401282
2009-08-13 00:00:00+00:00,16.49727320249077,16.631484985351562,16.631484985351562,14137939,15.402107243474612
2009-08-14 00:00:00+00:00,16.642221369967434,16.69053778349362,16.631484985351562,16942178,16.38453526196363
2009-08-17 00:00:00+00:00,16.427481956111816,16.830116207314855,16.57779884338379,19584290,16.395270658002612
2009-08-18 00:00:00+00:00,16.572433314086762,16.572433314086762,16.48653793334961,12926032,16.26643182503719
2009-08-19 00:00:00+00:00,16.459698534526243,17.136124207697954,16.899911880493164,21322294,16.346960564630226
2009-08-20 00:00:00+00:00,16.98580720296963,16.98580720296963,16.824752807617188,16164562,16.63148925015775
2009-08-21 00:00:00+00:00,16.991179745543352,17.56560503587735,17.47970962524414,21721372,16.883810482251835
2009-08-24 00:00:00+00:00,17.71054554062886,17.715914269725058,17.447490692138672,14227229,17.345490204820706
2009-08-25 00:00:00+00:00,17.66760162210805,17.742760626178423,17.689075469970703,20081566,17.447494413240324
2009-08-26 00:00:00+00:00,17.61928252283625,17.705177901254288,17.544124603271484,10438080,17.431386650822308
2009-08-27 00:00:00+00:00,17.501173821567487,17.715912229667836,17.646121978759766,10302154,17.291804141945107
2009-08-28 00:00:00+00:00,17.672970218552962,17.672970218552962,17.350862503051758,12640452,17.243493264551358
2009-08-31 00:00:00+00:00,17.32401673439498,17.549491557166537,17.409912109375,13569294,17.264963932371714
2009-09-01 00:00:00+00:00,17.3347477170977,17.463589658334417,17.06632423400879,16841465,16.996535072735064
2009-09-02 00:00:00+00:00,17.044594872336646,17.060894825027237,16.740324020385742,14240853,16.7077230289203
2009-09-03 00:00:00+00:00,16.751191011870834,16.7729246450851,16.430620193481445,17347754,16.267618487416584
2009-09-04 00:00:00+00:00,16.544719882228296,16.68055534362793,16.68055534362793,12744309,16.41431809994485
2009-09-08 00:00:00+00:00,16.805523525889207,16.859858145138453,16.82725715637207,14400358,16.463219117305172
2009-09-09 00:00:00+00:00,16.89789624055049,17.18043351229608,17.142398834228516,13018780,16.78379437851673
2009-09-10 00:00:00+00:00,17.196735998002794,17.424938669559392,17.365171432495117,15584913,16.99026587984718
2009-09-11 00:00:00+00:00,17.468404690107576,17.723774664145505,17.680307388305664,15100108,17.34343654358917
2009-09-14 00:00:00+00:00,17.57164042414388,17.89221131448388,17.8704776763916,19285296,17.54990569996704
2009-09-15 00:00:00+00:00,17.832439518508465,17.88677414618823,17.76723861694336,16012602,17.712905075347944
2009-09-16 00:00:00+00:00,17.783538819857156,17.805273540100917,17.47926902770996,15582712,17.310832548411362
2009-09-17 00:00:00+00:00,17.40319834955565,17.587934757311398,17.392332077026367,15921426,17.229329300413404
2009-09-18 00:00:00+00:00,17.484700848400365,17.582502740834403,17.321699142456055,21274086,17.26736451641841
2009-09-21 00:00:00+00:00,17.272796880139797,17.43036598034183,17.28909683227539,14210251,17.169562401835385
2009-09-22 00:00:00+00:00,17.294529407250813,17.294529407250813,17.022859573364258,14417546,17.001125943209967
2009-09-23 00:00:00+00:00,17.055459475553615,17.169561305384683,17.022859573364258,21497834,16.930491373687484
2009-09-24 00:00:00+00:00,16.96852966472476,17.06089789003928,16.848995208740234,16095079,16.734893347239034
2009-09-25 00:00:00+00:00,16.79466603146818,17.22933889641799,16.979402542114258,22122442,16.79466603146818
2009-09-28 00:00:00+00:00,16.95766306658861,17.615105820230987,17.403202056884766,15006941,16.85442856818985
2009-09-29 00:00:00+00:00,17.397769075655727,17.50643725888624,17.305400848388672,14767997,17.2130337072061
2009-09-30 00:00:00+00:00,17.370597990436476,17.381464262680854,17.185861587524414,21388946,16.92505802064916
2009-10-01 00:00:00+00:00,17.24563631587755,17.27823623084914,16.941364288330078,17994894,16.85986450090111
2009-10-02 00:00:00+00:00,16.941356796608897,17.294528540435923,17.196727752685547,21461154,16.89245694577576
2009-10-05 00:00:00+00:00,17.071765223493188,17.278235323109488,17.261934280395508,18305730,16.941363398288534
2009-10-06 00:00:00+00:00,17.35429695757568,17.69116877458822,17.66400146484375,21649794,17.207595222690237
2009-10-07 00:00:00+00:00,17.59880528219082,17.647706235598932,17.490137100219727,12144329,17.354301601234738
2009-10-08 00:00:00+00:00,17.59879936042082,17.68573387674535,17.620532989501953,11952545,17.511864844096294
2009-10-09 00:00:00+00:00,17.636842722281806,17.756378291571945,17.691177368164062,11900354,17.566209203153463
2009-10-12 00:00:00+00:00,17.778106482663915,17.924808243837685,17.85417366027832,11445208,17.658570950018504
2009-10-13 00:00:00+00:00,17.788978442613107,17.903080331588605,17.615110397338867,21154404,17.57707571029055
2009-10-14 00:00:00+00:00,17.78897525519525,17.935678123056785,17.87590980529785,38314042,17.560772604218187
2009-10-15 00:00:00+00:00,17.832442805625654,18.147581097656396,18.093246459960938,23478973,17.723774616319282
2009-10-16 00:00:00+00:00,18.076943034594535,18.136710255724136,18.044342041015625,21300914,17.90307396506526
2009-10-19 00:00:00+00:00,17.990013268831603,18.381217692893145,18.326885223388672,29333310,17.990013268831603
2009-10-20 00:00:00+00:00,18.424679952844947,18.571383879835142,18.32144546508789,24308989,18.272545604203597
2009-10-21 00:00:00+00:00,18.33774777315723,18.36491509008171,17.75637435913086,25395241,17.7183396810028
2009-10-22 00:00:00+00:00,17.598807836644387,17.881345150779307,17.85961151123047,25450575,16.984832247868493
2009-10-23 00:00:00+00:00,17.799835700942317,17.903070167556667,17.620532989501953,17948153,17.48469753622385
2009-10-26 00:00:00+00:00,17.65857551644961,17.951980200754704,17.39777183532715,19226084,17.316270956497544
2009-10-27 00:00:00+00:00,17.70746750582648,17.875902859684224,17.620532989501953,19670541,17.47926494351665
2009-10-28 00:00:00+00:00,17.70747174178676,17.767238964536293,17.4140682220459,15802268,17.386900907674523
2009-10-29 00:00:00+00:00,17.40319877841345,17.40319877841345,17.011993408203125,42898518,16.7892244980632
2009-10-30 00:00:00+00:00,16.93592854118415,17.26736565474288,16.805526733398438,42406377,16.751192103778866
2009-11-02 00:00:00+00:00,16.908765565983206,17.115235691009683,16.984832763671875,22417244,16.821831005147775
2009-11-03 00:00:00+00:00,16.89245881569746,16.99569329366272,16.664255142211914,71181522,16.457786186281396
2009-11-04 00:00:00+00:00,17.022858335155263,17.84873622094559,17.734634399414062,37948290,16.979391078008405
2009-11-05 00:00:00+00:00,17.653140910597525,18.16388196909592,17.772676467895508,23830786,17.653140910597525
2009-11-06 00:00:00+00:00,17.718338121697002,17.903074557224336,17.70747184753418,20797141,17.50643545772043
2009-11-09 00:00:00+00:00,17.865036544865458,18.196473572985948,18.16387367248535,30584098,17.767234671195464
2009-11-10 00:00:00+00:00,18.20734325187384,18.332311363199008,18.261676788330078,16626520,18.10954136573467
2009-11-11 00:00:00+00:00,18.32688266349694,18.337747852578637,18.04977798461914,18316210,17.995443350534856
2009-11-12 00:00:00+00:00,17.951979282154095,18.185615629683323,17.91937828063965,14775542,17.854177363695356
2009-11-13 00:00:00+00:00,18.093245361665073,18.201913544375067,17.984577178955078,15211930,17.93024363064232
2009-11-16 00:00:00+00:00,18.462718940917263,18.66375536959476,18.370351791381836,26302180,18.212782639927337
2009-11-17 00:00:00+00:00,18.364910949460736,18.636581885284656,18.631149291992188,17354985,18.120408410520277
2009-11-18 00:00:00+00:00,18.62028007454894,19.23425428638531,19.092985153198242,29544482,18.517045607117847
2009-11-19 00:00:00+00:00,19.065822405934,19.408127963117554,19.196224212646484,25142358,18.886520736267617
2009-11-20 00:00:00+00:00,19.26142336946781,19.924299665814694,19.810197830200195,38112721,19.19622138961591
2009-11-23 00:00:00+00:00,19.967773186235508,20.081875057609583,19.788469314575195,23842629,19.663502253294343
2009-11-24 00:00:00+00:00,19.71239230198932,20.011230491070457,19.679792404174805,22260673,19.48418867295165
2009-11-25 00:00:00+00:00,19.717837841289747,19.924306869831486,19.869972229003906,11693374,19.538533960992577
2009-11-27 00:00:00+00:00,19.54939609267905,19.853666958861574,19.717832565307617,9402551,19.35379230690597
2009-11-30 00:00:00+00:00,19.647204661804953,19.739571820148328,19.67436981201172,19246834,19.489635495324965
2009-12-01 00:00:00+00:00,19.717839258317692,20.228579271161443,20.038410186767578,17421533,19.717839258317692
2009-12-02 00:00:00+00:00,19.831939678761866,20.103610739946657,19.994943618774414,12601990,19.80477235542644
2009-12-03 00:00:00+00:00,19.946041590837552,20.12534331845418,19.978641510009766,13639406,19.859107024932015
2009-12-04 00:00:00+00:00,20.217706833779275,20.375275960656634,19.940603256225586,17412415,19.908001174266634
2009-12-07 00:00:00+00:00,19.842801354686394,20.12533752648216,19.940603256225586,10448036,19.821066633380426
2009-12-08 00:00:00+00:00,19.913438525111268,20.098174991512398,19.750436782836914,16286234,19.701534739636227
2009-12-09 00:00:00+00:00,19.723266272279336,20.22857354651668,20.18510627746582,18611537,19.614597013567806
2009-12-10 00:00:00+00:00,20.326372407802374,20.603475964688872,20.39700698852539,15336642,20.31550722012858
2009-12-11 00:00:00+00:00,20.517773277812303,20.517773277812303,20.347614288330078,14402769,20.237835923205857
2009-12-14 00:00:00+00:00,20.457385334859786,20.74830104901339,20.731834411621094,12981262,20.457385334859786
2009-12-15 00:00:00+00:00,20.67694091826011,20.858076095581055,20.858076095581055,13495096,20.457382130122166
2009-12-16 00:00:00+00:00,20.869065326270004,20.912977106501888,20.720863342285156,17476238,20.594616151225203
2009-12-17 00:00:00+00:00,20.720855897932932,20.77574615209797,20.462873458862305,19433483,20.451897163534348
2009-12-18 00:00:00+00:00,20.506788668138146,20.74281416743883,20.528745651245117,26643618,20.41896512447363
2009-12-21 00:00:00+00:00,20.572660461063148,21.088623307689527,20.687929153442383,15497090,20.567172311666805
2009-12-22 00:00:00+00:00,20.742818135210047,20.847110533345113,20.720863342285156,14771350,20.611084988896497
2009-12-23 00:00:00+00:00,20.781238681687014,20.781238681687014,20.4464111328125,13358542,20.38603271825211
2009-12-24 00:00:00+00:00,20.386032697551595,20.386032697551595,20.303699493408203,6586890,20.177452321212638
2009-12-28 00:00:00+00:00,20.303692356095922,20.5177608059995,20.468360900878906,10443634,20.19391186331993
2009-12-29 00:00:00+00:00,20.38054134527166,20.583633540872444,20.36407470703125,7869013,20.34760587440941
2009-12-30 00:00:00+00:00,20.243317482152623,20.41347420340401,20.342117309570312,9838205,20.204893864124823
2009-12-31 00:00:00+00:00,20.199405912466556,20.347605655032446,20.056692123413086,7403072,20.03473514307498
2010-01-04 00:00:00+00:00,20.21038229897216,20.44640776956851,20.314672470092773,14563532,20.062180361359633
2010-01-05 00:00:00+00:00,20.47385394256038,20.556189331826737,20.397008895874023,15452550,20.27076173787524
2010-01-06 00:00:00+00:00,20.424447672023554,20.709872982803855,20.671451568603516,15971415,20.254288798225115
2010-01-07 00:00:00+00:00,20.567168023754387,20.80319350870181,20.704391479492188,12488597,20.52874440284466
2010-01-08 00:00:00+00:00,20.786718718552407,20.797697206292277,20.69340705871582,11283921,20.54520515456081
2010-01-11 00:00:00+00:00,20.792212028616383,20.814166812850214,20.775745391845703,10041726,20.58363170367945
2010-01-12 00:00:00+00:00,20.759276355820752,20.85258801819719,20.611074447631836,11445942,20.484827321139324
2010-01-13 00:00:00+00:00,21.02823754704646,21.610068955254903,21.368553161621094,26593419,20.912968894900917
2010-01-14 00:00:00+00:00,21.538713515922097,22.021742941322355,21.95038604736328,23081466,21.46186627973147
2010-01-15 00:00:00+00:00,21.944896193694458,22.104076623088346,21.664958953857422,21854258,21.412466842644996
2010-01-19 00:00:00+00:00,21.70887065531331,22.41694926630123,22.29619026184082,20908334,21.648492250273815
2010-01-20 00:00:00+00:00,22.307169540808935,22.587106789699014,22.521240234375,21843150,21.939408755232503
2010-01-21 00:00:00+00:00,22.548682603899138,22.81215318170907,21.999784469604492,26803019,21.983317832789027
2010-01-22 00:00:00+00:00,21.900985441311846,22.115056137871562,21.335622787475586,18301853,21.280732527683625
2010-01-25 00:00:00+00:00,21.56067301773948,21.81316517855905,21.27524757385254,16116039,21.253290588886383
2010-01-26 00:00:00+00:00,21.132537039645218,21.379541089809496,21.176448822021484,20817158,20.94591141595053
2010-01-27 00:00:00+00:00,21.12704788695691,21.286228364813233,21.209381103515625,18322289,20.836132068224536
2010-01-28 00:00:00+00:00,21.264262852344523,21.37404335625312,20.841611862182617,14008197,20.82514522547257
2010-01-29 00:00:00+00:00,21.00079042091721,21.412462885443013,20.956878662109375,16893655,20.67145332704898
2010-02-01 00:00:00+00:00,21.165466288892457,21.203889914032757,21.022754669189453,9666647,20.89650749605571
2010-02-02 00:00:00+00:00,21.055684480954795,21.802184515870177,21.70338249206543,15857288,20.91297069039032
2010-02-03 00:00:00+00:00,21.626539417671466,21.63751790895622,21.25328826904297,18305311,21.11606480831928
2010-02-04 00:00:00+00:00,21.07215112327607,21.138017676237713,20.36407470703125,26547307,20.210382426151696
2010-02-05 00:00:00+00:00,20.336629195724914,20.353095833655388,20.160982131958008,24074970,19.661486068668545
2010-02-08 00:00:00+00:00,20.078646620694332,20.353095704686403,20.084136962890625,10705949,19.881044772399378
2010-02-09 00:00:00+00:00,20.270754899597794,20.402490161354567,20.01826286315918,17965864,19.935929696049186
2010-02-10 00:00:00+00:00,20.034738103123445,20.13902828918437,19.87006950378418,17627884,19.62855365628909
2010-02-11 00:00:00+00:00,19.88105716077099,20.309196594178662,20.243330001831055,15123478,19.688943340580146
2010-02-12 00:00:00+00:00,20.10608982356652,20.391517370242855,20.265270233154297,18766955,19.809685982311226
2010-02-16 00:00:00+00:00,20.70438483631262,20.95687687938382,20.671451568603516,21768951,20.451892793241424
2010-02-17 00:00:00+00:00,20.70987804183662,20.814168211312136,20.49580955505371,12534918,20.397007533410086
2010-02-18 00:00:00+00:00,20.462870559611506,20.5836295405413,20.468360900878906,12942590,20.325647138022518
2010-02-19 00:00:00+00:00,20.435434365328735,20.65499322885569,20.57814598083496,13004003,20.391522592623343
2010-02-22 00:00:00+00:00,20.781235899492156,20.781235899492156,20.375051498413086,18421115,20.08962610466934
2010-02-23 00:00:00+00:00,20.254296404899932,20.386031719591514,20.04022789001465,16699670,19.979847284030377
2010-02-24 00:00:00+00:00,20.144514632325688,20.331137983808983,20.27075958251953,17913988,19.908489174782808
2010-02-25 00:00:00+00:00,20.00180517253792,20.122562001210106,20.073162078857422,17854252,19.78773445357942
2010-02-26 00:00:00+00:00,20.144527918926904,20.342129890352467,20.243330001831055,13800483,20.001814042996767
2010-03-01 00:00:00+00:00,20.325658299199446,20.545217210934094,20.457393646240234,12373107,20.325658299199446
2010-03-02 00:00:00+00:00,20.627550313663836,20.6879287333255,20.52326011657715,12842402,20.484836488437015
2010-03-03 00:00:00+00:00,20.687926275954545,20.775749820372663,20.424455642700195,13186879,20.36407723021045
2010-03-04 00:00:00+00:00,20.468367500622097,20.517767421671017,20.386032104492188,12421839,20.24332049000141
2010-03-05 00:00:00+00:00,20.42994402225198,20.616569604845328,20.57814598083496,10342502,20.27076357189722
2010-03-08 00:00:00+00:00,20.578145864973923,20.605590997057984,20.501300811767578,12625570,20.36956549439311
2010-03-09 00:00:00+00:00,20.424454399943468,20.473854317779708,20.331140518188477,15401198,20.21587404323725
2010-03-10 00:00:00+00:00,20.2817380197494,20.353094910465725,20.128047943115234,20357505,20.03473407323329
2010-03-11 00:00:00+00:00,20.161337272840598,20.494123138610387,20.455299377441406,16049177,20.022674647636286
2010-03-12 00:00:00+00:00,20.549583142612136,20.6327784799453,20.610593795776367,17172738,20.372096799821733
2010-03-15 00:00:00+00:00,20.54403513476582,20.965566304007115,20.937833786010742,18251863,20.52185045078455
2010-03-16 00:00:00+00:00,20.948927914969463,21.076494841051513,21.043216705322266,19187937,20.74370904903945
2010-03-17 00:00:00+00:00,21.070943862574687,21.131954501673675,21.120861053466797,12983986,20.837992537026384
2010-03-18 00:00:00+00:00,21.115315888633468,21.331628155167067,21.326080322265625,13097275,21.00993367181739
2010-03-19 00:00:00+00:00,21.109771728515625,21.54239407405092,21.109771728515625,32252934,20.99329605522546
2010-03-22 00:00:00+00:00,21.120863984457557,21.653322963967533,21.242887496948242,16215914,21.093133686131004
2010-03-23 00:00:00+00:00,21.392644865321728,21.492479277562474,21.353818893432617,12927185,21.21515850930276
2010-03-24 00:00:00+00:00,21.314989933340396,21.359361516124572,21.082040786743164,12930643,21.065401720369046
2010-03-25 00:00:00+00:00,21.259528985432187,21.26507460225752,20.9544734954834,13808029,20.94338004447295
2010-03-26 00:00:00+00:00,20.97665774824989,21.043214011187278,20.760345458984375,14149782,20.715973877906283
2010-03-29 00:00:00+00:00,20.84353967083106,21.082036603805307,21.015478134155273,11693898,20.84353967083106
2010-03-30 00:00:00+00:00,21.054301765237657,21.054301765237657,20.887908935546875,10397313,20.80471141202203
2010-03-31 00:00:00+00:00,20.793622609273385,20.849087637343676,20.715972900390625,13588787,20.55512564940243
2010-04-01 00:00:00+00:00,20.876818042827473,21.009932766335982,20.91564178466797,10621794,20.799168341787304
2010-04-05 00:00:00+00:00,21.04321432565704,21.059853391640043,20.738161087036133,10966796,20.70488073771059
2010-04-06 00:00:00+00:00,20.81581267560751,20.81581267560751,20.660511016845703,12864095,20.616139431108007
2010-04-07 00:00:00+00:00,20.732622439534687,20.749261512890012,20.40538215637207,19274921,20.27781297083388
2010-04-08 00:00:00+00:00,20.433102268946396,20.5329388657766,20.399824142456055,12922154,20.311080993575693
2010-04-09 00:00:00+00:00,20.410920192918145,20.660508390778848,20.50520896911621,10552941,20.399826743553827
2010-04-12 00:00:00+00:00,20.499659166892958,20.571761029638516,20.43864631652832,11175662,20.410916024819493
2010-04-13 00:00:00+00:00,20.349903751476027,20.483018468360687,20.355451583862305,12493942,20.28889311674044
2010-04-14 00:00:00+00:00,20.377639279026038,20.377639279026038,20.083677291870117,20934534,19.972749453385287
2010-04-15 00:00:00+00:00,20.08922603084494,20.2445254551976,19.989389419555664,21771152,19.945017838689264
2010-04-16 00:00:00+00:00,19.961655846173926,20.06149245217085,19.80635643005371,21576538,19.617776667028274
2010-04-19 00:00:00+00:00,19.78971995417665,19.956112841032827,19.911741256713867,13147998,19.57340764911185
2010-04-20 00:00:00+00:00,19.994929005373393,20.189054335947606,20.000476837158203,10639506,19.895094641552706
2010-04-21 00:00:00+00:00,20.01712581985145,20.067043026504674,19.268354415893555,38975015,19.246169729834318
2010-04-22 00:00:00+00:00,19.174064454862616,19.218436041645266,18.730348587036133,40059695,18.724802970198223
2010-04-23 00:00:00+00:00,18.76916945916354,19.834085035349943,19.667692184448242,43319185,18.602776608261838
2010-04-26 00:00:00+00:00,19.734254035520685,19.945018497255468,19.412559509277344,27871979,19.35709447702306
2010-04-27 00:00:00+00:00,19.329364355143696,19.67878918335229,19.1241455078125,20457694,19.085319541407284
2010-04-28 00:00:00+00:00,19.13523200252781,19.301627059613388,19.16851234436035,17689716,18.968839162801274
2010-04-29 00:00:00+00:00,19.401462665610016,19.75088738956368,19.55121421813965,19118454,19.401462665610016
2010-04-30 00:00:00+00:00,19.595585059798104,19.85626885243051,19.43474006652832,16476342,19.429192234697705
2010-05-03 00:00:00+00:00,19.573400804328386,19.65105049539269,19.562307357788086,13021190,19.43474048333078
2010-05-04 00:00:00+00:00,19.745344865621792,20.166873733162706,19.861818313598633,33995967,19.745344865621792
2010-05-05 00:00:00+00:00,19.645510719294528,19.83963611332728,19.73979949951172,22489661,19.35709432768503
2010-05-06 00:00:00+00:00,19.63996898625256,19.734257785112447,19.007673263549805,32246750,17.02759185729221
2010-05-07 00:00:00+00:00,18.807991003033155,18.97993166653029,18.575040817260742,27703775,18.27553327717057
2010-05-10 00:00:00+00:00,18.813546251535744,19.334911844878523,18.996578216552734,24561976,18.79690718356691
2010-05-11 00:00:00+00:00,18.49739651400991,18.91892654749946,18.586139678955078,25819786,18.31991018411957
2010-05-12 00:00:00+00:00,18.841275421817564,18.880099167724506,18.658241271972656,20002442,18.541766708212712
2010-05-13 00:00:00+00:00,18.68042710146997,18.719250845155702,18.475208282470703,15354353,18.364279340941323
2010-05-14 00:00:00+00:00,18.49739423988253,18.49739423988253,18.236711502075195,22117621,18.125782559531682
2010-05-17 00:00:00+00:00,18.258894699585753,18.336544394007632,18.181243896484375,16146222,17.8484571160774
2010-05-18 00:00:00+00:00,18.28662540220053,18.30326446240749,17.942745208740234,19165195,17.91501270260905
2010-05-19 00:00:00+00:00,17.859556143952652,18.247806954743854,18.092506408691406,22192134,17.787452041829766
2010-05-20 00:00:00+00:00,17.876191141202856,18.05367743914093,17.648786544799805,25881198,17.609961694295748
2010-05-21 00:00:00+00:00,17.30491134976993,17.831823639963964,17.77081298828125,26721694,17.21616818052968
2010-05-24 00:00:00+00:00,17.67652527207358,17.920569017557806,17.670978546142578,13930016,17.532318158627433
2010-05-25 00:00:00+00:00,17.360374192991546,17.792997670383823,17.781904220581055,21679766,17.2494463470425
2010-05-26 00:00:00+00:00,17.737533999321197,18.220075820480684,17.981578826904297,27518803,17.659884279464638
2010-05-27 00:00:00+00:00,18.258896300142563,18.67488064362568,18.64714813232422,32049098,18.181245490234396
2010-05-28 00:00:00+00:00,18.658241606457683,18.92447108613258,18.68597412109375,26192454,18.580591895892365
2010-06-01 00:00:00+00:00,18.54176508915123,18.869004070961168,18.59722900390625,21756061,18.475207726237446
2010-06-02 00:00:00+00:00,18.652693082844095,19.06867630282165,19.05758285522461,16971522,18.597228062217994
2010-06-03 00:00:00+00:00,19.096414216280927,19.1685183200242,19.01876449584961,13739385,18.85236938689141
2010-06-04 00:00:00+00:00,18.774718575166677,18.813544541805417,18.397560119628906,19078316,18.297724612208807
2010-06-07 00:00:00+00:00,18.408650917553075,18.591683948246466,18.475208282470703,14809288,18.358732616694944
2010-06-08 00:00:00+00:00,18.53067583110784,18.785813000974873,18.752534866333008,16223983,18.35873621520519
2010-06-09 00:00:00+00:00,18.780258754241665,18.93001474371372,18.697063446044922,13463761,18.575041073770915
2010-06-10 00:00:00+00:00,18.935564830731384,19.290537475833194,19.218433380126953,19612901,18.85236728552584
2010-06-11 00:00:00+00:00,19.263292295860182,19.683888070244482,19.549297332763672,18989865,19.195995806146833
2010-06-14 00:00:00+00:00,19.655850205629996,19.768008044840656,19.639026641845703,14311802,19.5997701650516
2010-06-15 00:00:00+00:00,19.67267303219674,20.216643127973178,20.199819564819336,22954658,19.64463301295832
2010-06-16 00:00:00+00:00,20.025983547795093,20.289555811106982,20.19422149658203,18167394,20.02037419626906
2010-06-17 00:00:00+00:00,20.267123509548124,20.328810677770353,20.11009979248047,18747358,19.796054600292027
2010-06-18 00:00:00+00:00,20.132525588287454,20.18860562753334,20.003541946411133,20582510,19.8969912170116
2010-06-21 00:00:00+00:00,20.2110307256675,20.27271785505174,19.695100784301758,16317989,19.577333631133488
2010-06-22 00:00:00+00:00,19.734365060658458,20.03158664779263,19.70071792602539,17187095,19.667070791392323
2010-06-23 00:00:00+00:00,19.739962317078444,19.99792726113022,19.86333656311035,13624629,19.588548062049245
2010-06-24 00:00:00+00:00,19.728760472981794,20.020372746972555,19.96990203857422,17217592,19.72315112186183
2010-06-25 00:00:00+00:00,19.96428777291034,20.272723505803913,20.149349212646484,35498904,19.78483344033732
2010-06-28 00:00:00+00:00,20.26150946741265,20.267118817191246,20.154958724975586,14404341,19.94746658988005
2010-06-29 00:00:00+00:00,19.936250208811025,20.076448082672513,19.868953704833984,23962206,19.627812195980116
2010-06-30 00:00:00+00:00,19.807266536992582,19.818482994638746,19.61098861694336,22218753,19.487614308674654
2010-07-01 00:00:00+00:00,19.53247923718531,19.566126370485534,19.31376838684082,26815386,18.870741819863827
2010-07-02 00:00:00+00:00,19.32498421865939,19.34741489281674,19.190393447875977,17809188,18.870741207995284
2010-07-06 00:00:00+00:00,19.22403944057478,19.453966728250634,19.431533813476562,15630396,19.095058027435943
2010-07-07 00:00:00+00:00,19.49883077977253,19.885777270341652,19.868953704833984,17699882,19.302550617641536
2010-07-08 00:00:00+00:00,20.115709143557773,20.115709143557773,20.11009979248047,16314426,19.812878169630192
2010-07-09 00:00:00+00:00,20.13813690940426,20.41292557209579,20.356847763061523,12569083,20.031586157708634
2010-07-12 00:00:00+00:00,20.300758022189967,20.323190928653315,20.239070892333984,13223245,20.098873073747246
2010-07-13 00:00:00+00:00,20.26151317300637,20.581167700724997,20.440967559814453,13523497,20.205435358588918
2010-07-14 00:00:00+00:00,20.306367375428756,20.396094527322568,20.30076026916504,11736657,20.093265950167382
2010-07-15 00:00:00+00:00,20.328810995676644,20.50265604285422,20.463401794433594,11518673,20.13253302773279
2010-07-16 00:00:00+00:00,20.485824292797574,20.637240842638615,20.138132095336914,17374792,20.12130853245369
2010-07-19 00:00:00+00:00,20.154964906058318,20.250301462068517,20.076454162597656,10604188,20.014766989739492
2010-07-20 00:00:00+00:00,19.91943123305052,19.997941970825195,19.997941970825195,14684262,19.739976837024475
2010-07-21 00:00:00+00:00,19.89698473482744,20.014751882098334,19.73435401916504,13429491,19.616589113839495
2010-07-22 00:00:00+00:00,19.829699586533874,19.919426764417913,19.728755950927734,16482944,19.627812315321595
2010-07-23 00:00:00+00:00,19.723138955879392,19.723138955879392,19.554901123046875,16431802,19.296936147110948
2010-07-26 00:00:00+00:00,19.62781386605045,19.796051777388353,19.77922821044922,10096956,19.521263114138225
2010-07-27 00:00:00+00:00,19.807266671089675,19.958681003525697,19.728755950927734,13285810,19.627812315321595
2010-07-28 00:00:00+00:00,19.706320170397483,19.857736722765548,19.48200225830078,10175870,19.414708005644794
2010-07-29 00:00:00+00:00,19.62781183871332,19.7960497326741,19.66145896911621,15270722,19.403493899450172
2010-07-30 00:00:00+00:00,19.263300244941423,19.42032171582499,19.324987411499023,22764656,18.966078630111653
2010-08-02 00:00:00+00:00,19.54930317804238,19.69511041439637,19.667070388793945,12688031,19.375455916085965
2010-08-03 00:00:00+00:00,19.683892503590307,19.76801033224525,19.52686882019043,15282146,19.33620024727497
2010-08-04 00:00:00+00:00,19.504429071888037,19.768001134972334,19.73435401916504,13764013,19.375445472032933
2010-08-05 00:00:00+00:00,19.627813904561236,19.717541089710377,19.667070388793945,10545710,19.459575992893242
2010-08-06 00:00:00+00:00,19.526874405178425,19.627818070382197,19.61660385131836,12218422,19.347419996792627
2010-08-09 00:00:00+00:00,19.661456540150624,19.874560237583644,19.829696655273438,10796496,19.661456540150624
2010-08-10 00:00:00+00:00,19.739971502453876,20.18299802170198,20.05962371826172,12434206,19.526867783302375
2010-08-11 00:00:00+00:00,19.801656420099718,19.908207146681,19.56612205505371,13039321,19.5268655802307
2010-08-12 00:00:00+00:00,19.43153482483182,19.768010628385035,19.650245666503906,9597479,19.403494800877983
2010-08-13 00:00:00+00:00,19.515655482000668,19.711933413617817,19.6278133392334,9172306,19.43153540761625
2010-08-16 00:00:00+00:00,19.49883076632082,19.627812182439424,19.61098861694336,7217052,19.397887131398075
2010-08-17 00:00:00+00:00,19.734359473896692,19.9755009404113,19.93063735961914,11189496,19.594161624650937
2010-08-18 00:00:00+00:00,19.902598842561755,19.95867663500529,19.835302352905273,9571174,19.64463158114878
2010-08-19 00:00:00+00:00,19.79605391548612,19.818486835125565,19.465185165405273,12061327,19.347417942165176
2010-08-20 00:00:00+00:00,19.375455545206737,19.45396851216928,19.31376838684082,12782875,19.2072176367591
2010-08-23 00:00:00+00:00,19.45957428553243,19.75118649070813,19.61098861694336,10455477,19.38106356590201
2010-08-24 00:00:00+00:00,19.493222753704035,19.515655670535196,19.31376838684082,11799642,19.162354045043298
2010-08-25 00:00:00+00:00,19.302551743440738,19.470791892222575,19.369848251342773,11114878,19.078233787011452
2010-08-26 00:00:00+00:00,19.38106621623328,19.45957694659992,19.33620262145996,8903074,19.224042513553332
2010-08-27 00:00:00+00:00,19.420318949309028,19.689500497003376,19.6278133392334,10004313,19.24647393430632
2010-08-30 00:00:00+00:00,19.582945378599057,19.745576140954817,19.476394653320312,7099466,19.47078754639101
2010-08-31 00:00:00+00:00,19.437146492297938,19.82970467778929,19.717544555664062,17379194,19.353028642650965
2010-09-01 00:00:00+00:00,19.840918842538255,20.05402038366087,19.975509643554688,13684470,19.779231672315756
2010-09-02 00:00:00+00:00,20.014761778065903,20.059625368639477,19.8240909576416,12121482,19.358631485684093
2010-09-03 00:00:00+00:00,20.037189912283157,20.09887930320466,19.95867919921875,12049904,19.784834209000863
2010-09-07 00:00:00+00:00,20.05962760808337,20.05962760808337,19.885780334472656,26548250,19.857742548937203
2010-09-08 00:00:00+00:00,19.824092843035352,20.188610952330095,20.08205795288086,23207750,19.81848573441031
2010-09-09 00:00:00+00:00,20.182997980392138,20.317588740764112,20.233470916748047,12119596,20.070840134388625
2010-09-10 00:00:00+00:00,20.267124026233105,20.586776335701114,20.553129196166992,11760656,20.25590756573942
2010-09-13 00:00:00+00:00,20.75145598969559,20.75145598969559,20.52478790283203,11453173,20.400121021415792
2010-09-14 00:00:00+00:00,20.456795353484548,20.796798766239093,20.69479751586914,13468058,20.43412966753338
2010-09-15 00:00:00+00:00,20.694796637969525,20.89313100973113,20.689130783081055,12042882,20.536130046734552
2010-09-16 00:00:00+00:00,20.67779658060507,20.745795900262475,20.643796920776367,9526006,20.513461870851998
2010-09-17 00:00:00+00:00,20.68345122123355,20.876119631527754,20.58711814880371,17186571,20.49078507637387
2010-09-20 00:00:00+00:00,20.604124039729957,20.76279058994005,20.706125259399414,11028942,20.530456618048415
2010-09-21 00:00:00+00:00,20.706119536063543,20.932787591878824,20.808120727539062,12841039,20.609784196445442
2010-09-22 00:00:00+00:00,20.802459041916883,20.995127515287432,20.944128036499023,12992790,20.75712541673765
2010-09-23 00:00:00+00:00,20.779792264252816,20.961126755389877,20.774124145507812,11111525,20.694790871994137
2010-09-24 00:00:00+00:00,20.86478663934431,21.187790044018598,21.159456253051758,12195052,20.813787174864775
2010-09-27 00:00:00+00:00,21.19913098124439,21.23879875896202,21.040464401245117,11592766,21.040464401245117
2010-09-28 00:00:00+00:00,21.131123598124972,21.23879065032653,21.108455657958984,13333285,20.978122931026196
2010-09-29 00:00:00+00:00,21.02346214609302,21.114129400039147,21.034793853759766,9904858,20.88746126517383
2010-09-30 00:00:00+00:00,21.085795174974088,21.29546347867763,20.859127044677734,14353408,20.762791673404713
2010-10-01 00:00:00+00:00,20.830794822460174,20.876128451951978,20.740127563476562,12305511,20.598460820852978
2010-10-04 00:00:00+00:00,20.677797685046794,20.82513257275496,20.69479751586914,9678175,20.5644647244192
2010-10-05 00:00:00+00:00,20.887464977862823,21.051799688029636,20.978132247924805,11181322,20.79679770780084
2010-10-06 00:00:00+00:00,20.98946152842916,21.09146276180291,20.972461700439453,7903282,20.864794612880974
2010-10-07 00:00:00+00:00,21.165124848794047,21.18779279067991,20.80245590209961,14564894,20.757122283762804
2010-10-08 00:00:00+00:00,20.86479072530809,20.96112608654769,20.91579246520996,9097478,20.74578968611717
2010-10-11 00:00:00+00:00,20.887466430664062,20.96679973112728,20.887466430664062,5843858,20.77979932315628
2010-10-12 00:00:00+00:00,20.77979658896726,20.864795733480904,20.762794494628906,11570339,20.581462231187924
2010-10-13 00:00:00+00:00,20.887456474416098,21.187791967406955,21.057456970214844,10230890,20.842122857840774
2010-10-14 00:00:00+00:00,21.119795267257665,21.182128721205714,21.051795959472656,10002531,20.876127305302443
2010-10-15 00:00:00+00:00,21.119791968699435,21.21612506149437,20.938457489013672,15746619,20.830790424879623
2010-10-18 00:00:00+00:00,20.915791529838593,21.10279185995576,21.097126007080078,11109953,20.915791529838593
2010-10-19 00:00:00+00:00,20.966799339898426,20.995133146414293,20.69479751586914,10869961,20.575796434676846
2010-10-20 00:00:00+00:00,20.74578992460864,21.108458899479675,20.96112632751465,10133426,20.723124246396754
2010-10-21 00:00:00+00:00,21.02346420288086,21.051798005690422,21.02346420288086,10870904,20.728794466009855
2010-10-22 00:00:00+00:00,21.006462108846655,21.051798005690422,21.02346420288086,6634469,20.938462794452168
2010-10-25 00:00:00+00:00,21.136790464379835,21.352124579112516,21.204792022705078,11167488,21.131124611783928
2010-10-26 00:00:00+00:00,21.142463337055023,21.153795044795185,21.006460189819336,7444363,20.904461227545628
2010-10-27 00:00:00+00:00,20.89879348509638,20.89879348509638,20.660791397094727,12701131,20.47378878562121
2010-10-28 00:00:00+00:00,20.779790078600943,21.00079005053213,20.932790756225586,10344074,20.77412196045212
2010-10-29 00:00:00+00:00,20.813792497915358,20.819458351383894,20.575790405273438,15961669,20.411455734898553
2010-11-01 00:00:00+00:00,20.649466665317274,20.813801406025878,20.541799545288086,10131540,20.388798781802603
2010-11-02 00:00:00+00:00,20.72313242380608,20.887467151070876,20.745798110961914,10462813,20.68913276035433
2010-11-03 00:00:00+00:00,20.813797714113644,20.836463399103305,20.689130783081055,9966690,20.422794825478903
2010-11-04 00:00:00+00:00,20.887460368946037,20.938459847564218,20.76845932006836,12430433,20.64945827119068
2010-11-05 00:00:00+00:00,20.77978931191178,20.819454810315467,20.230117797851562,23583144,20.071451273367156
2010-11-08 00:00:00+00:00,20.201791750589642,20.292456742438763,20.184789657592773,14344186,20.15645812194736
2010-11-09 00:00:00+00:00,20.145117729061063,20.252784779598276,19.86178207397461,22320933,19.82211657744942
2010-11-10 00:00:00+00:00,19.86178285466805,19.935450263812204,19.81078338623047,19982216,19.7087821839205
2010-11-11 00:00:00+00:00,19.77678497077716,20.065788805976844,19.95245361328125,14792939,19.748453438038474
2010-11-12 00:00:00+00:00,19.85612343092654,19.86745513951383,19.66912078857422,24896602,19.487786265951083
2010-11-15 00:00:00+00:00,19.669115606705557,19.810784581079112,19.572782516479492,13741795,19.56144854544262
2010-11-16 00:00:00+00:00,19.44245270182075,19.516120135067904,19.323453903198242,23091213,19.23278437614089
2010-11-17 00:00:00+00:00,19.725789617613504,20.201793901762127,19.53312110900879,20993746,19.52178713428247
2010-11-18 00:00:00+00:00,19.912787979292652,20.026123184148542,19.99778938293457,16417654,19.748455556948333
2010-11-19 00:00:00+00:00,20.003456485384692,20.037458408224733,20.020456314086914,16375105,19.788122301242403
2010-11-22 00:00:00+00:00,20.111122221554524,20.196121349760155,20.167787551879883,15256050,19.935453580870906
2010-11-23 00:00:00+00:00,20.026123698514695,20.048789380806763,19.725788116455078,19217176,19.669120512571638
2010-11-24 00:00:00+00:00,19.731450608687293,19.92978492305024,19.918453216552734,11182894,19.725784755438543
2010-11-26 00:00:00+00:00,19.561452036251282,19.771120343392223,19.714452743530273,7456101,19.55011806319182
2010-11-29 00:00:00+00:00,19.595451604161735,19.68611885736957,19.657787322998047,13967220,19.431119189978446
2010-11-30 00:00:00+00:00,19.52178713428247,19.657790300126948,19.53312110900879,40543452,19.448121962150594
2010-12-01 00:00:00+00:00,19.691788131314453,19.901456449831905,19.867454528808594,34710598,19.64645450205218
2010-12-02 00:00:00+00:00,19.924118788837394,20.037453975695215,19.958118438720703,39504255,19.83911966412912
2010-12-03 00:00:00+00:00,19.9977826341716,20.014782456075867,20.003448486328125,11352774,19.84478197159849
2010-12-06 00:00:00+00:00,20.003450524274978,20.03178431881363,19.975116729736328,11176082,19.861783817016644
2010-12-07 00:00:00+00:00,20.099785110103486,20.184784225033837,20.04311752319336,19084394,19.975115965814243
2010-12-08 00:00:00+00:00,20.02611807494925,20.133785132832326,20.060117721557617,8952750,19.94678481105144
2010-12-09 00:00:00+00:00,20.1167921091187,20.213125228881836,20.213125228881836,9241054,19.98079121128128
2010-12-10 00:00:00+00:00,20.23011840137934,20.40012116681484,20.394453048706055,12588576,20.116785489857236
2010-12-13 00:00:00+00:00,20.526182186878717,20.74954051401214,20.675086975097656,19718330,20.446000043672335
2010-12-14 00:00:00+00:00,20.732362831281165,21.05308459020807,20.93281364440918,17262866,20.68081912148611
2010-12-15 00:00:00+00:00,20.84690815247607,21.1848134859251,20.99581527709961,15964184,20.84690815247607
2010-12-16 00:00:00+00:00,20.955717568980972,21.121805862013662,21.098896026611328,10479476,20.846899285234564
2010-12-17 00:00:00+00:00,20.984348295459906,21.075985333776313,20.89271354675293,19634385,20.68653650696695
2010-12-20 00:00:00+00:00,20.995813412614023,21.00154201819744,20.904178619384766,11236132,20.829725063684677
2010-12-21 00:00:00+00:00,21.001534372361565,21.01298700013786,20.720901489257812,10432002,20.709448861481516
2010-12-22 00:00:00+00:00,20.749540783139935,20.83544924214245,20.74381446838379,9043297,20.675087243259767
2010-12-23 00:00:00+00:00,20.76099519161568,20.949991049240516,20.783905029296875,7592865,20.743813958159787
2010-12-27 00:00:00+00:00,20.698000433693412,20.818271379931648,20.749544143676758,4548110,20.64645443409964
2010-12-28 00:00:00+00:00,20.82972001811353,20.869811089044045,20.732358932495117,5679846,20.67508662819723
2010-12-29 00:00:00+00:00,20.760992720696713,20.818265018473298,20.738082885742188,5243144,20.715175340397394
2010-12-30 00:00:00+00:00,20.680813176901417,20.73235687188053,20.6235408782959,5359158,20.600631043009784
2010-12-31 00:00:00+00:00,20.59490489345194,20.760993186968374,20.640722274780273,5755406,20.57772366165504
2011-01-03 00:00:00+00:00,20.783903022437432,21.06453362446981,20.640722274780273,20498356,20.612086125248844
2011-01-04 00:00:00+00:00,20.75526349734037,20.846895955484463,20.818262100219727,14594553,20.531902941087676
2011-01-05 00:00:00+00:00,20.640725714201746,20.949992517299542,20.93853759765625,15217274,20.61781816452532
2011-01-06 00:00:00+00:00,20.938532479177532,21.27070904036049,21.224891662597656,12565834,20.938532479177532
2011-01-07 00:00:00+00:00,21.28789199348331,21.390981674194336,21.390981674194336,13365668,21.110351071291323
2011-01-10 00:00:00+00:00,21.339439447448004,21.545616533451536,21.30507469177246,11238438,21.282167144265376
2011-01-11 00:00:00+00:00,21.32798213139806,21.373799510871812,21.161893844604492,10725861,21.01871539235265
2011-01-12 00:00:00+00:00,21.305075437079736,21.32798527499821,21.27644157409668,13507567,21.144715730090514
2011-01-13 00:00:00+00:00,20.382999446792898,20.491815442464656,19.867555618286133,77860531,19.764465936740855
2011-01-14 00:00:00+00:00,19.833193846726925,19.901921074627225,19.604106903076172,43755467,19.541108279773486
2011-01-18 00:00:00+00:00,19.512474392942288,19.644200259451665,19.397932052612305,61805800,19.174572542799982
2011-01-19 00:00:00+00:00,19.54111409177909,19.55829533146175,19.42084312438965,31174437,19.300574446611037
2011-01-20 00:00:00+00:00,19.35783397382569,19.55255840053981,19.501014709472656,22645184,19.31201659634058
2011-01-21 00:00:00+00:00,19.57547355130934,19.598381101469403,19.415111541748047,21779850,19.403656621862908
2011-01-24 00:00:00+00:00,19.466653683144518,19.466653683144518,19.357837677001953,20575908,19.340656443359446
2011-01-25 00:00:00+00:00,19.340659690378715,19.386477084320827,19.105846405029297,34185760,19.065755326726045
2011-01-26 00:00:00+00:00,19.134475697155217,19.31774636293788,19.014205932617188,27418195,19.002751015153642
2011-01-27 00:00:00+00:00,19.10011899466792,19.145936388730167,19.0428466796875,16217695,19.037120364033626
2011-01-28 00:00:00+00:00,19.180295186414128,19.203203879055334,18.939754486083984,16927191,18.899664560163124
2011-01-31 00:00:00+00:00,19.065752524292716,19.071479983894918,18.997026443481445,14836431,18.93975528187457
2011-02-01 00:00:00+00:00,19.094381985364482,19.49528341052114,19.472375869750977,22434012,18.842386444041697
2011-02-02 00:00:00+00:00,19.415110600599967,19.489564141828907,19.369293212890625,14453492,19.24329596909247
2011-02-03 00:00:00+00:00,18.893936811628496,18.951207969952474,18.842391967773438,42170367,18.619032504141483
2011-02-04 00:00:00+00:00,18.836666107177734,18.968389660016285,18.836666107177734,26485894,18.773666343256906
2011-02-07 00:00:00+00:00,18.865306026603154,18.916850885120972,18.899669647216797,15175354,18.750762532566494
2011-02-08 00:00:00+00:00,18.98557802273379,19.071485361771217,19.054304122924805,12437874,18.928306844977293
2011-02-09 00:00:00+00:00,19.031387195237183,19.065749658074473,18.95120620727539,14831610,18.85384513269982
2011-02-10 00:00:00+00:00,18.968385505748277,18.97984042206332,18.922569274902344,11355394,18.836661981758507
2011-02-11 00:00:00+00:00,18.88248332688347,18.974116952643296,18.939754486083984,11196832,18.819483563516417
2011-02-14 00:00:00+00:00,18.88248208929369,18.911117094614664,18.796573638916016,13018990,18.756483715622718
2011-02-15 00:00:00+00:00,18.785123517228378,18.79657729262219,18.779396057128906,17764858,18.699215050151693
2011-02-16 00:00:00+00:00,18.750758280818076,19.00848137016298,18.87675666809082,14758146,18.716395812801444
2011-02-17 00:00:00+00:00,18.876757929317705,18.9855739450475,18.956937789916992,11475600,18.72785083848315
2011-02-18 00:00:00+00:00,18.934034396720687,19.01994174136305,18.813764572143555,17840418,18.78512840899429
2011-02-22 00:00:00+00:00,18.75648646248123,18.78512261680084,18.52167320251465,18610174,18.475854668720224
2011-02-23 00:00:00+00:00,18.624758585703628,18.67630228094092,18.378490447998047,17581458,18.349854298551847
2011-02-24 00:00:00+00:00,18.372763805748264,18.41858118897664,18.344127655029297,14612159,18.24103797036299
2011-02-25 00:00:00+00:00,18.36131077115888,18.475854240980414,18.43576431274414,9403180,18.326948302614948
2011-02-28 00:00:00+00:00,18.441490157091977,18.676303391054347,18.65339469909668,17470894,18.43576269790132
2011-03-01 00:00:00+00:00,18.6705778788026,18.888209889347962,18.590396881103516,23209008,18.578943107035077
2011-03-02 00:00:00+00:00,18.584674629959192,18.72212682613099,18.659128189086914,13020876,18.49876729355315
2011-03-03 00:00:00+00:00,18.71066960332689,19.042845110503404,18.956937789916992,39781451,18.682033448196382
2011-03-04 00:00:00+00:00,18.985577299566785,19.105848256521234,18.934032440185547,40663238,18.808035167037314
2011-03-07 00:00:00+00:00,18.899667466455842,18.934029938299233,18.802305221557617,40392016,18.73930659330795
2011-03-08 00:00:00+00:00,18.88821029663086,18.951208917378207,18.88821029663086,12103771,18.796575522887434
2011-03-09 00:00:00+00:00,18.84811624708146,19.17456534334657,19.06574821472168,14253848,18.84811624708146
2011-03-10 00:00:00+00:00,19.019934046824226,19.0485701983887,18.842391967773438,16065106,18.808029501740048
2011-03-11 00:00:00+00:00,18.81342154959448,19.068361761076538,18.964067459106445,12846698,18.81342154959448
2011-03-14 00:00:00+00:00,18.830800409237675,18.888741935828406,18.761272430419922,14451501,18.68594890912475
2011-03-15 00:00:00+00:00,18.442598014713415,18.56427430498792,18.459980010986328,16905602,18.373068871439706
2011-03-16 00:00:00+00:00,18.425218198179422,18.459982194837895,18.00804328918457,24262143,17.996455676359144
2011-03-17 00:00:00+00:00,18.11233662822997,18.320925243107922,18.216630935668945,14366613,18.05439624712781
2011-03-18 00:00:00+00:00,18.41362910104985,18.52951101816271,18.48895263671875,20414830,18.3441011089643
2011-03-21 00:00:00+00:00,18.593248459491548,18.877158310964834,18.767070770263672,15995834,18.564277688302106
2011-03-22 00:00:00+00:00,18.84238945202484,18.98144772804784,18.848182678222656,17273241,18.807624303928108
2011-03-23 00:00:00+00:00,18.830808191958578,18.929308132963403,18.906131744384766,12905491,18.778662186293463
2011-03-24 00:00:00+00:00,19.022003865399356,19.062562234924336,18.958269119262695,12035442,18.853974845419224
2011-03-25 00:00:00+00:00,18.95827307788668,19.06256621532548,18.871360778808594,11066042,18.853978782265806
2011-03-28 00:00:00+00:00,18.853979348473157,18.917714109832122,18.80183219909668,9491526,18.7670682049671
2011-03-29 00:00:00+00:00,18.825003441211532,19.0046212224447,18.993032455444336,10397837,18.784446231255615
2011-03-30 00:00:00+00:00,19.137894090843925,19.39862873092743,19.294334411621094,18077057,19.126306476577852
2011-03-31 00:00:00+00:00,19.161070534898062,19.34068724292722,19.126306533813477,13218424,19.120512147571933
2011-04-01 00:00:00+00:00,19.14947844370613,19.265359192351614,19.16106605529785,11993312,19.120507677453723
2011-04-04 00:00:00+00:00,19.317511131434397,19.334893132224398,19.276952743530273,12070864,19.242187583767915
2011-04-05 00:00:00+00:00,19.20162344857275,19.253770593516805,19.213211059570312,9685930,19.12630108163357
2011-04-06 00:00:00+00:00,19.2827448395694,19.381243604468576,19.32330322265625,13667911,19.207421300849383
2011-04-07 00:00:00+00:00,19.369655711520668,19.369655711520668,19.31171417236328,13178705,19.15527386972986
2011-04-08 00:00:00+00:00,19.410215496295393,19.526098582982037,19.508716583251953,19267585,19.352275111134354
2011-04-11 00:00:00+00:00,19.514502957273784,19.61300169327164,19.46235466003418,11719365,19.41600306309405
2011-04-12 00:00:00+00:00,19.363865745172426,19.566658862140137,19.444982528686523,15280050,19.346483742731184
2011-04-13 00:00:00+00:00,19.4797479415838,19.49712994321451,19.39283561706543,8199447,19.334894067386518
2011-04-14 00:00:00+00:00,19.317507393591992,19.723093510519014,19.618799209594727,15740960,19.276949013535717
2011-04-15 00:00:00+00:00,20.221382992600372,20.26194252649555,19.99541473388672,38676230,19.96064842639199
2011-04-18 00:00:00+00:00,19.815795428256607,19.867943727393296,19.65935516357422,18642558,19.61300240676596
2011-04-19 00:00:00+00:00,19.665160359305936,19.76366147520643,19.555072784423828,15922474,19.421809975213232
2011-04-20 00:00:00+00:00,19.740482665960933,19.833188230094937,19.723100662231445,14903294,19.67095465104298
2011-04-21 00:00:00+00:00,19.856365779310988,19.867954553919017,19.723100662231445,16567832,19.67674788016444
2011-04-25 00:00:00+00:00,19.52609810717578,19.93168426796669,19.891124725341797,10088258,19.485538564550886
2011-04-26 00:00:00+00:00,19.954857376379696,20.372032264539722,20.314090728759766,22532000,19.925886608489716
2011-04-27 00:00:00+00:00,20.395208063637607,20.70808862394642,20.64435386657715,21360860,20.308295767390014
2011-04-28 00:00:00+00:00,20.650155568254192,20.742861129087107,20.725479125976562,14096962,20.545861233225907
2011-04-29 00:00:00+00:00,20.847151134021672,21.00359144588788,20.829769134521484,19843880,20.644358051366787
2011-05-02 00:00:00+00:00,21.113672671156696,21.194789416681,21.038349151611328,19269890,20.96302563206596
2011-05-03 00:00:00+00:00,20.997801341183095,21.229562913231874,21.09630012512207,18571713,20.89930024087924
2011-05-04 00:00:00+00:00,21.06732199794324,21.29329257892946,21.183202743530273,18234257,21.015176009883685
2011-05-05 00:00:00+00:00,21.119472306770312,21.22955984832789,21.003591537475586,17279214,20.95723876648479
2011-05-06 00:00:00+00:00,21.165827855617835,21.29329972984568,21.0847110748291,13386733,21.026771840759924
2011-05-09 00:00:00+00:00,20.92246708209081,21.19478806390495,21.1368465423584,11247974,20.916671540117935
2011-05-10 00:00:00+00:00,21.177414412388128,21.316472729055988,21.30488395690918,10061743,21.14844364020341
2011-05-11 00:00:00+00:00,21.30488118128612,21.409175484290593,21.223764419555664,12463759,21.131058887188203
2011-05-12 00:00:00+00:00,21.264320735215797,21.59458327557488,21.55402374267578,16706692,21.19479043829791
2011-05-13 00:00:00+00:00,21.455533923636356,21.61197426132606,21.48450469970703,12047284,21.35123959305491
2011-05-16 00:00:00+00:00,21.472908797634947,21.762614145803163,21.611967086791992,19638682,21.438144804436725
2011-05-17 00:00:00+00:00,21.54824026796172,21.635152599349816,21.594593048095703,21363061,21.258534813033084
2011-05-18 00:00:00+00:00,21.583003318876788,21.79738520705522,21.77420997619629,13604822,21.501886536323163
2011-05-19 00:00:00+00:00,21.785795143866277,21.814763598553917,21.658323287963867,11948353,21.525060520761354
2011-05-20 00:00:00+00:00,21.65832291315033,21.716264454251927,21.472911834716797,11870696,21.37441306793566
2011-05-23 00:00:00+00:00,21.24693481479446,21.43234581716964,21.380197525024414,13201761,21.2179640561279
2011-05-24 00:00:00+00:00,21.37441416576519,21.46132416551697,21.362825393676758,12074742,21.31647262168761
2011-05-25 00:00:00+00:00,21.241141946924888,21.35702499617766,21.25852394104004,11801947,21.20058473277747
2011-05-26 00:00:00+00:00,21.25852440766308,21.322261475969423,21.078908920288086,17826794,20.916673111045903
2011-05-27 00:00:00+00:00,21.073113229080718,21.19478950606222,20.98040771484375,10996559,20.90508651134459
2011-05-31 00:00:00+00:00,21.084708187512167,21.299090041668986,21.293296813964844,15506732,21.055737416262378
2011-06-01 00:00:00+00:00,21.206384621014767,21.29329693525922,21.003591537475586,11847011,20.97462076606077
2011-06-02 00:00:00+00:00,20.963034009303474,21.003593556455936,20.94565200805664,11086478,20.81818245467001
2011-06-03 00:00:00+00:00,20.73705640679187,20.87611467096909,20.754438400268555,10359690,20.719672096951445
2011-06-06 00:00:00+00:00,20.684914680041473,20.760238219940902,20.603797912597656,10100310,20.563240687057984
2011-06-07 00:00:00+00:00,20.748654183504925,20.92827207474498,20.60959815979004,10531457,20.603802614558585
2011-06-08 00:00:00+00:00,20.58641727183414,20.829769906585785,20.737064361572266,12646635,20.551653271545224
2011-06-09 00:00:00+00:00,20.78921334069774,21.07891878946533,20.85874366760254,14247979,20.737067332792854
2011-06-10 00:00:00+00:00,20.789211643416028,20.789211643416028,20.54006576538086,12472248,20.487919761733302
2011-06-13 00:00:00+00:00,20.516631314315124,20.7860494080936,20.692337036132812,8365136,20.516631314315124
2011-06-14 00:00:00+00:00,20.797761673744244,21.01446641474513,20.8739013671875,13224607,20.692337302710275
2011-06-15 00:00:00+00:00,20.774335154458264,20.774335154458264,20.5986270904541,12733305,20.493205061807167
2011-06-16 00:00:00+00:00,20.58105778582522,20.709910840857894,20.6044864654541,10610057,20.49906209005031
2011-06-17 00:00:00+00:00,20.733341657178784,20.95004645396771,20.72748565673828,15770828,20.604490915778968
2011-06-20 00:00:00+00:00,20.66891507459767,20.97347156745504,20.961759567260742,11300165,20.62791604952727
2011-06-21 00:00:00+00:00,21.03203415425014,21.067174826431753,20.955894470214844,9013953,20.85632845187937
2011-06-22 00:00:00+00:00,20.832907130592695,20.909044491486195,20.774337768554688,8071277,20.74505308753568
2011-06-23 00:00:00+00:00,20.57520495357762,20.68648534528533,20.481494903564453,20409695,20.229649436836986
2011-06-24 00:00:00+00:00,20.51077441626127,20.540059092190866,20.23550033569336,17395647,20.206215659763764
2011-06-27 00:00:00+00:00,20.294076309126016,20.32336099461065,20.22379493713379,11374887,20.130084880168404
2011-06-28 00:00:00+00:00,20.258928145553647,20.49905919984614,20.446348190307617,10468577,20.20621479455237
2011-06-29 00:00:00+00:00,20.469774607212724,20.668908990927633,20.557628631591797,13420793,20.393634921043414
2011-06-30 00:00:00+00:00,20.627913866841038,20.77433726841091,20.668912887573242,13363258,20.557632507258067
2011-07-01 00:00:00+00:00,20.59863131751465,20.926616492913677,20.850479125976562,10356231,20.592775317431315
2011-07-05 00:00:00+00:00,20.79776852027612,20.90319292601533,20.786056518554688,9417747,20.756771831323586
2011-07-06 00:00:00+00:00,20.791906513446467,20.862187869328565,20.809476852416992,11326050,20.71576681693214
2011-07-07 00:00:00+00:00,20.944179374761912,21.05546206841632,20.92660903930664,12800482,20.762617680749038
2011-07-08 00:00:00+00:00,21.014469947731246,21.196034042733316,21.1550350189209,15752383,20.95004458278558
2011-07-11 00:00:00+00:00,21.06132070958265,21.06132070958265,20.897329330444336,10741895,20.797760961751948
2011-07-12 00:00:00+00:00,20.93246924911617,21.10231896231028,20.868043899536133,12410835,20.83875922400651
2011-07-13 00:00:00+00:00,20.909043210167297,21.360023055589785,21.10232162475586,14150201,20.8680465324236
2011-07-14 00:00:00+00:00,21.18431785384624,21.412734611193464,21.266313552856445,16066888,21.096463813966125
2011-07-15 00:00:00+00:00,21.27802969570046,21.34245506048507,21.04375457763672,15304678,20.89733350689565
2011-07-18 00:00:00+00:00,20.89733692515461,20.973474302198962,20.786056518554688,11136782,20.680632112815477
2011-07-19 00:00:00+00:00,20.832908833415832,21.043755275938096,20.961759567260742,11879918,20.68062941625542
2011-07-20 00:00:00+00:00,21.020323577436905,21.020323577436905,20.84461784362793,8728058,20.803621165901603
2011-07-21 00:00:00+00:00,20.991045801900206,21.365883689477492,21.19017791748047,11933576,20.92076208822322
2011-07-22 00:00:00+00:00,21.254593662922748,21.354159664650812,21.137454986572266,7946250,21.049600979309407
2011-07-25 00:00:00+00:00,20.903182635191982,21.114029001405093,21.02031898498535,12667805,20.897326637214224
2011-07-26 00:00:00+00:00,21.037899275840946,21.09061030110565,20.961759567260742,10009762,20.879763858583384
2011-07-27 00:00:00+00:00,20.844611322653957,20.944177327656345,20.610336303710938,14979378,20.563481299922334
2011-07-28 00:00:00+00:00,20.651341099723957,20.704052115715392,20.458065032958984,14503796,20.434636353765207
2011-07-29 00:00:00+00:00,20.288217687213766,20.32335836866942,19.989517211914062,20214348,19.942662189485418
2011-08-01 00:00:00+00:00,20.05980602799124,20.08323471864209,19.585399627685547,26725048,19.210559308985488
2011-08-02 00:00:00+00:00,19.421401336362802,19.421401336362802,19.269123077392578,27555483,19.075845789975297
2011-08-03 00:00:00+00:00,19.26911506290847,19.462392269937155,19.1519775390625,23115002,18.85913431481324
2011-08-04 00:00:00+00:00,18.882559761214193,18.929414765644964,18.455007553100586,27442194,18.414009716906463
2011-08-05 00:00:00+00:00,18.60729377457664,18.742002848587454,18.572153091430664,31972698,18.00989279524133
2011-08-08 00:00:00+00:00,18.226595254601946,18.478440687496377,17.535484313964844,39977218,17.500342464565016
2011-08-09 00:00:00+00:00,17.804904225993397,18.296882036859284,18.285167694091797,38925445,17.260215384869333
2011-08-10 00:00:00+00:00,17.863466576477997,18.103598817238083,17.45934295654297,35195822,17.406631943550217
2011-08-11 00:00:00+00:00,17.447631998562198,18.47844127210819,18.27345085144043,31264774,17.418347318257776
2011-08-12 00:00:00+00:00,18.38472863062897,18.69514338818221,18.355443954467773,20668132,18.273448266094146
2011-08-15 00:00:00+00:00,18.537008040702172,18.83570845999176,18.818138122558594,19320509,18.419870506595327
2011-08-16 00:00:00+00:00,18.747858513815732,18.941135767792687,18.800569534301758,16943016,18.548724089540904
2011-08-17 00:00:00+00:00,18.964562868929384,19.05827173801473,18.85913848876953,14691178,18.665861238964194
2011-08-18 00:00:00+00:00,18.59558342695308,18.619010942851066,18.19145965576172,24211630,18.02160987281834
2011-08-19 00:00:00+00:00,18.033318887009536,18.425730565861603,18.308591842651367,21733634,18.009891376513814
2011-08-22 00:00:00+00:00,18.56044114823619,18.742004088206528,18.337879180908203,19959055,18.26759663923596
2011-08-23 00:00:00+00:00,18.419875340150522,18.864998086561084,18.70686149597168,23822298,18.36716314328739
2011-08-24 00:00:00+00:00,18.700997574848934,18.911845102263882,18.8767032623291,14063217,18.548718219683625
2011-08-25 00:00:00+00:00,18.888422757233606,18.888422757233606,18.660003662109375,16844294,18.57215079437859
2011-08-26 00:00:00+00:00,18.507726474603196,18.777142262956893,18.695146560668945,19337067,18.144600643216616
2011-08-29 00:00:00+00:00,18.78885096680394,19.075837009443877,19.011411666870117,12101046,18.78885096680394
2011-08-30 00:00:00+00:00,18.91770249137056,19.26911506290847,19.1519775390625,13414086,18.800564967524586
2011-08-31 00:00:00+00:00,19.298406199356975,19.509253812890055,19.386259078979492,15088475,19.26912151590556
2011-09-01 00:00:00+00:00,19.35697713486614,19.614678623780083,19.269123077392578,13169063,19.245695562879327
2011-09-02 00:00:00+00:00,19.134409718249522,19.187121903591684,18.958703994750977,14013018,18.917704977967357
2011-09-06 00:00:00+00:00,18.52529130354716,18.917701699318776,18.888418197631836,18298604,18.455008792182184
2011-09-07 00:00:00+00:00,19.06412987930879,19.33354684287233,19.304262161254883,14616351,19.046559538630984
2011-09-08 00:00:00+00:00,19.18711648562787,19.438961831202295,19.198829650878906,34980354,19.12268997918812
2011-09-09 00:00:00+00:00,19.09341917558718,19.09341917558718,18.648296356201172,29058839,18.513588427227862
2011-09-12 00:00:00+00:00,18.48429797527591,18.77128525939848,18.742000579833984,15848590,18.390587937254796
2011-09-13 00:00:00+00:00,18.70643239102177,18.91388627178416,18.81312370300293,15363470,18.641232803033727
2011-09-14 00:00:00+00:00,18.93166927519522,19.23395937529946,19.038360595703125,16398894,18.659015784654386
2011-09-15 00:00:00+00:00,19.198397411378412,19.263597008040236,19.25766944885254,13376567,18.985015943829836
2011-09-16 00:00:00+00:00,19.370290756225586,19.441417920968668,19.370290756225586,20506426,19.228036426739425
2011-09-19 00:00:00+00:00,19.02650574319048,19.1746876082723,19.115415573120117,13971202,18.907960488085205
2011-09-20 00:00:00+00:00,19.097630338783745,19.459193614636106,19.263593673706055,14426454,19.062067359415053
2011-09-21 00:00:00+00:00,19.364368489052076,19.50662285741983,18.878332138061523,15321131,18.86055063821591
2011-09-22 00:00:00+00:00,18.481204039065165,18.65902257636904,18.451568603515625,24532213,18.23818706963177
2011-09-23 00:00:00+00:00,18.32709337279238,18.51083826253309,18.40414810180664,19813593,18.202620531277212
2011-09-26 00:00:00+00:00,18.53453933452138,18.783484910311564,18.736066818237305,16230481,18.38043112768037
2011-09-27 00:00:00+00:00,18.98501707426066,19.263598155058705,19.050216674804688,15967642,18.937598967537546
2011-09-28 00:00:00+00:00,19.168758995199926,19.37028531294009,18.93166732788086,15477598,18.896104347903503
2011-09-29 00:00:00+00:00,19.174691696087496,19.453272808774827,19.358436584472656,20233526,19.09763696764169
2011-09-30 00:00:00+00:00,19.204323826649702,19.749631989014475,19.38214111328125,25393250,19.174687217277484
2011-10-03 00:00:00+00:00,19.316948423843158,19.394003161827797,18.71236801147461,24962941,18.706440450521644
2011-10-04 00:00:00+00:00,18.534544480210414,18.635308250043117,18.58196258544922,30077600,18.101853973706103
2011-10-05 00:00:00+00:00,18.63530827238887,18.830907068132728,18.64716339111328,26487152,18.38043625262494
2011-10-06 00:00:00+00:00,18.593817713071076,18.70643541686696,18.62345314025879,19494058,18.36858112067832
2011-10-07 00:00:00+00:00,18.91388407111544,19.13319304315905,18.736066818237305,22922590,18.71235777220018
2011-10-10 00:00:00+00:00,19.257671344172913,19.30508945273944,19.17469024658203,15690342,18.990945372087012
2011-10-11 00:00:00+00:00,19.18061897053912,19.21025558639229,18.92574691772461,16332975,18.860546125887407
2011-10-12 00:00:00+00:00,19.115413030378253,19.4236306526527,19.305084228515625,17136267,19.056139818309717
2011-10-13 00:00:00+00:00,19.2517419277249,19.482904874266268,19.38214111328125,14256468,19.121341557367664
2011-10-14 00:00:00+00:00,19.542180772370518,19.55996226651145,19.548107147216797,11304357,19.37621621105162
2011-10-17 00:00:00+00:00,19.46512524155295,19.666651597968592,19.15097999572754,12003582,19.115417008925192
2011-10-18 00:00:00+00:00,19.18654517939016,19.56589004423037,19.435489654541016,13546134,19.07985384375332
2011-10-19 00:00:00+00:00,19.441413337572488,19.595521565783606,19.287303924560547,12487339,19.216177961386823
2011-10-20 00:00:00+00:00,19.382142563563566,19.524396877433436,19.441415786743164,14220941,19.150979599725268
2011-10-21 00:00:00+00:00,19.654799003839102,19.808908459247405,19.767417907714844,18822499,19.61330845230654
2011-10-24 00:00:00+00:00,19.714069643764155,19.891886946838437,19.87410545349121,14994050,19.6370149261915
2011-10-25 00:00:00+00:00,19.868179958750982,19.903742947020312,19.506616592407227,16442701,19.453270925202187
2011-10-26 00:00:00+00:00,19.7496331152486,19.96894095662688,19.880033493041992,16029265,19.60737761910992
2011-10-27 00:00:00+00:00,20.20010024664773,20.484608800949864,20.33642578125,21681024,20.045990854000404
2011-10-28 00:00:00+00:00,20.76318981502674,21.04177201251314,20.81060791015625,26889898,20.520172966088584
2011-10-31 00:00:00+00:00,20.757269800888107,20.887669010042696,20.449050903320312,18217803,20.449050903320312
2011-11-01 00:00:00+00:00,20.04006890520104,20.53795780034561,20.188249588012695,28063868,19.974869309979837
2011-11-02 00:00:00+00:00,20.437201257288663,20.466837876525666,20.265310287475586,13182373,20.128982312905883
2011-11-03 00:00:00+00:00,20.44905496861139,20.585382949576534,20.466838836669922,15536181,20.354221100047702
2011-11-04 00:00:00+00:00,20.348285374176925,20.395703476994477,20.164539337158203,11241896,20.022285028705536
2011-11-07 00:00:00+00:00,20.09341578801678,20.354216569728134,20.342361450195312,10046233,20.04599767948764
2011-11-08 00:00:00+00:00,20.360144615535685,20.514254073302826,20.431270599365234,15022870,20.176398541305453
2011-11-09 00:00:00+00:00,20.16454482472131,20.484618883045897,20.02821922302246,22488927,19.89189125172111
2011-11-10 00:00:00+00:00,20.490545752954407,20.828398947017806,20.727636337280273,27712159,20.32458352872758
2011-11-11 00:00:00+00:00,20.95879539025882,21.48632092202481,21.320356369018555,31843375,20.95879539025882
2011-11-14 00:00:00+00:00,20.97657778747112,21.18995808527228,21.142539978027344,14826894,20.810613227312807
2011-11-15 00:00:00+00:00,21.065479095675656,21.261080211846885,21.178096771240234,9350990,20.946935047039766
2011-11-16 00:00:00+00:00,20.840255017894396,21.11290860988769,20.798763275146484,13459778,20.763200278278376
2011-11-17 00:00:00+00:00,20.697988005804497,20.852097390812084,20.650569915771484,17371858,20.40162435069788
2011-11-18 00:00:00+00:00,20.70985388244544,20.875816099001483,20.71578025817871,13199979,20.70985388244544
2011-11-21 00:00:00+00:00,20.38384118352123,20.48460609753918,20.235660552978516,17291790,20.152679494658635
2011-11-22 00:00:00+00:00,20.20603560713678,20.283090337733995,20.04007339477539,17795564,20.0104367776532
2011-11-23 00:00:00+00:00,19.820760685253493,19.897815401705763,19.672578811645508,14395957,19.672578811645508
2011-11-25 00:00:00+00:00,19.731847488970857,19.79704826052432,19.65479278564453,5141907,19.637011295584852
2011-11-28 00:00:00+00:00,19.99858003750559,20.336433180056698,20.306798934936523,16308662,19.968943422783216
2011-11-29 00:00:00+00:00,20.4490494809554,20.692068757042318,20.437196731567383,12725235,20.371997131525145
2011-11-30 00:00:00+00:00,20.863958680581092,21.219593276281046,21.189956665039062,19327426,20.863958680581092
2011-12-01 00:00:00+00:00,21.178098440174107,21.33220784818656,21.14846420288086,13166758,21.077335872412966
2011-12-02 00:00:00+00:00,21.284792587743848,21.284792587743848,21.02992057800293,15180490,20.964720981985664
2011-12-05 00:00:00+00:00,21.20774509588281,21.255163215462225,20.89952850341797,18033774,20.780982019668084
2011-12-06 00:00:00+00:00,21.000287293742904,21.101052260496612,20.982505798339844,14559759,20.893595951722265
2011-12-07 00:00:00+00:00,20.911382433949157,21.20774388722848,21.10698127746582,21849228,20.863964317072156
2011-12-08 00:00:00+00:00,21.14252928200726,21.178092252049108,20.858020782470703,44441698,20.786894842387003
2011-12-09 00:00:00+00:00,20.929155207540425,21.255153144180333,21.14846420288086,42265002,20.869881993750777
2011-12-12 00:00:00+00:00,21.08919834816148,21.142542837425765,20.988435745239258,13216433,20.852107779871776
2011-12-13 00:00:00+00:00,21.12639580028131,21.210375357788077,20.988433837890625,19198102,20.91045419051755
2011-12-14 00:00:00+00:00,20.952448561729632,21.450314115533025,21.330347061157227,23624330,20.934451225429427
2011-12-15 00:00:00+00:00,21.546287983605662,22.002166081216526,21.810216903686523,33435602,21.528290649922155
2011-12-16 00:00:00+00:00,21.894189635696602,21.966171761716627,21.744230270385742,27763930,21.606265927707124
2011-12-19 00:00:00+00:00,21.852203462962617,22.07414496650738,21.876195907592773,17299126,21.79821626596525
2011-12-20 00:00:00+00:00,22.026159449477834,22.28409083972089,22.236101150512695,21423740,21.894192600246573
2011-12-21 00:00:00+00:00,22.230100632802394,22.44004470349776,22.392057418823242,13790108,22.206108189487786
2011-12-22 00:00:00+00:00,22.422053474318044,22.64399500234519,22.530025482177734,12090252,22.320081376811824
2011-12-23 00:00:00+00:00,22.60200948605725,22.733976364135742,22.733976364135742,10008505,22.578017034254167
2011-12-27 00:00:00+00:00,22.66199022022783,22.73397235904815,22.64399528503418,7927386,22.62000043941216
2011-12-28 00:00:00+00:00,22.608000897219416,22.673983112427102,22.452041625976562,7624410,22.43404669437858
2011-12-29 00:00:00+00:00,22.554022709064753,22.64399739341051,22.631999969482422,7189909,22.488038076483257
2011-12-30 00:00:00+00:00,22.54802000143148,22.715974323409377,22.614002227783203,8237175,22.476040262882574
2012-01-03 00:00:00+00:00,22.721971710319885,23.12986244557294,22.973905563354492,18100427,22.67998193546565
2012-01-04 00:00:00+00:00,22.943913303668793,22.99789810180664,22.99789810180664,14374682,22.73396922462773
2012-01-05 00:00:00+00:00,22.877935229564127,23.393798054278236,23.237838745117188,21995005,22.81795051095667
2012-01-06 00:00:00+00:00,23.243830529013252,23.243830529013252,23.075876235961914,17530630,23.05188139521444
2012-01-09 00:00:00+00:00,22.99790261400088,23.075882269752114,23.027894973754883,14574431,22.72797377426072
2012-01-10 00:00:00+00:00,23.2438235636154,23.273815906539415,23.10586166381836,11911778,23.033879561191814
2012-01-11 00:00:00+00:00,23.04589161718064,23.105876341132166,23.039894104003906,12519198,22.9379195936771
2012-01-12 00:00:00+00:00,23.165856706358532,23.201846574739427,23.15985679626465,10407898,23.045887281028087
2012-01-13 00:00:00+00:00,23.06388052003044,23.093872874158627,22.98590087890625,10141915,22.805949152182578
2012-01-17 00:00:00+00:00,23.11185823485953,23.32780213592746,23.285812377929688,17349326,23.01588370061699
2012-01-18 00:00:00+00:00,23.183854321931424,23.363806082694232,23.315818786621094,15416709,23.177854411143606
2012-01-19 00:00:00+00:00,23.333813465511277,23.651729598244824,23.549755096435547,17341046,23.23184136174785
2012-01-20 00:00:00+00:00,23.585745564573283,23.633732856450663,23.513763427734375,16069927,23.345809105186373
2012-01-23 00:00:00+00:00,23.369802193701155,23.45377935728068,23.25583267211914,14147895,23.201847866542103
2012-01-24 00:00:00+00:00,23.37580271548065,23.51976459883021,23.26183319091797,13775646,23.18385353768123
2012-01-25 00:00:00+00:00,23.135868654124717,23.26783312810184,23.20185089111328,15170010,22.949916969487102
2012-01-26 00:00:00+00:00,23.29782306224391,23.363805292356734,23.26183319091797,12983462,23.117871307568407
2012-01-27 00:00:00+00:00,23.231828544881417,23.273815906539415,23.10586166381836,12702389,22.925910004318787
2012-01-30 00:00:00+00:00,23.021883607382208,23.333802075177804,23.327804565429688,13324586,22.955903806018902
2012-01-31 00:00:00+00:00,23.375797868871388,23.38779289146252,22.955909729003906,17268525,22.907922444503473
2012-02-01 00:00:00+00:00,23.123859115460007,23.399785343234186,23.171846389770508,15276801,22.985894802550522
2012-02-02 00:00:00+00:00,23.357801510940117,23.375796441773524,23.057880401611328,21778174,22.793949153949352
2012-02-03 00:00:00+00:00,23.093869752041897,23.147854543347034,23.01589012145996,15730690,22.841935929861044
2012-02-07 00:00:00+00:00,22.95590485439565,23.261823428369492,23.171846389770508,13044875,22.943907436306826
2012-02-08 00:00:00+00:00,23.123857070278323,23.15384941382532,23.04587745666504,11877194,22.925910480521623
2012-02-09 00:00:00+00:00,23.027892076175927,23.105871722115054,22.883930206298828,10058390,22.87793269432104
2012-02-10 00:00:00+00:00,22.757960370528757,22.799950143159567,22.739965438842773,11026113,22.661985802839993
2012-02-13 00:00:00+00:00,22.85393585099957,22.937913001569957,22.859935760498047,12179437,22.781956121380773
2012-02-14 00:00:00+00:00,22.85993384930169,22.937911083854342,22.9199161529541,11704378,22.76395688775847
2012-02-15 00:00:00+00:00,22.949919709729883,22.961917135536503,22.805957794189453,12769670,22.72797812351593
2012-02-16 00:00:00+00:00,22.841939330574903,22.883929106538194,22.877931594848633,10933574,22.673985022812655
2012-02-17 00:00:00+00:00,23.165856004349468,23.321812895289153,23.129863739013672,18826586,22.98590187180706
2012-02-21 00:00:00+00:00,23.075877642654827,23.17185221540479,22.871931076049805,11373106,22.841938722309767
2012-02-22 00:00:00+00:00,22.829932608882487,22.931904643626137,22.925907135009766,10304984,22.733958082755212
2012-02-23 00:00:00+00:00,22.85393295793995,23.105866775804383,23.09986686706543,10823954,22.85393295793995
2012-02-24 00:00:00+00:00,23.087875572902256,23.093873084564365,22.913921356201172,8896996,22.87793149013762
2012-02-27 00:00:00+00:00,22.75796327040067,22.9499124302368,22.883930206298828,17304052,22.691981046462693
2012-02-28 00:00:00+00:00,22.883930585467763,23.087877170684283,23.021892547607422,9916071,22.793953516036634
2012-02-29 00:00:00+00:00,23.075883010148438,23.087880434044152,22.895931243896484,15971520,22.865938883180167
2012-03-01 00:00:00+00:00,22.883929917248512,22.889927429150546,22.667985916137695,18920068,22.590008669229086
2012-03-02 00:00:00+00:00,22.566009147434073,22.84793531320411,22.75196075439453,13676819,22.53001928739174
2012-03-05 00:00:00+00:00,22.7999444942847,23.105863053243127,23.063873291015625,19558929,22.787947076784747
2012-03-06 00:00:00+00:00,22.781963955630054,23.021898068898032,22.45804786682129,19487874,22.374070687372875
2012-03-07 00:00:00+00:00,22.392053309007313,22.45203800335226,22.38005828857422,17679760,22.1401219092393
2012-03-08 00:00:00+00:00,22.566012135299346,22.67998163922029,22.43404769897461,42886256,22.40405534561983
2012-03-09 00:00:00+00:00,22.482030186286924,22.733963982259354,22.554012298583984,46658008,22.470032767896605
2012-03-12 00:00:00+00:00,22.626003793223873,22.85994278243523,22.85394287109375,11395323,22.58401400601791
2012-03-13 00:00:00+00:00,22.969175869909062,23.22998469676317,23.217853546142578,15722725,22.866067151572157
2012-03-14 00:00:00+00:00,23.284571963127753,23.290636326239433,23.18146324157715,12322384,23.10261439724861
2012-03-15 00:00:00+00:00,23.13900005811155,23.19965337426047,23.084413528442383,12833808,23.017693425813704
2012-03-16 00:00:00+00:00,23.15113443677492,23.24817878624473,23.066221237182617,19446164,23.029827787550108
2012-03-19 00:00:00+00:00,23.011628919236074,23.072282235003147,22.98130226135254,10215275,22.950975603469004
2012-03-20 00:00:00+00:00,22.835740499631875,22.99950254638415,22.90245819091797,14515848,22.817544986078875
2012-03-21 00:00:00+00:00,22.975243395895628,22.975243395895628,22.86606788635254,12048856,22.823612494979084
2012-03-22 00:00:00+00:00,22.76902646415039,23.005573027869946,22.805419921875,13615092,22.76296210025078
2012-03-23 00:00:00+00:00,22.866071835502744,23.0783561033592,23.054096221923828,11283292,22.811485283691344
2012-03-26 00:00:00+00:00,23.205722846978897,23.472596041947575,23.448333740234375,12576734,23.139005154430556
2012-03-27 00:00:00+00:00,23.502920329203704,23.65455365327796,23.533246994018555,13298596,23.46046493828316
2012-03-28 00:00:00+00:00,23.430136444595913,23.612093994506758,23.236047744750977,17066470,23.187525569789745
2012-03-29 00:00:00+00:00,23.151140597216823,23.22998945523935,23.054096221923828,18432434,22.91459402314924
2012-03-30 00:00:00+00:00,23.132946483828526,23.302772938509744,23.29064178466797,14794302,23.078357503928498
2012-04-02 00:00:00+00:00,23.229982719140935,23.387677964682663,23.357351303100586,11990063,23.175393758383176
2012-04-03 00:00:00+00:00,23.381613428657776,23.484722137451172,23.484722137451172,11473609,23.327026893080397
2012-04-04 00:00:00+00:00,23.411937435758666,23.62422161641479,23.593894958496094,15940918,23.35128411992127
2012-04-05 00:00:00+00:00,23.508993589509505,23.599973609002607,23.581775665283203,14547078,23.405882415795457
2012-04-09 00:00:00+00:00,23.399811327449562,23.642422218277524,23.49079132080078,12287066,23.387680176714344
2012-04-10 00:00:00+00:00,23.478656753470485,23.587832244649757,23.320959091186523,14655337,23.320959091186523
2012-04-11 00:00:00+00:00,23.418007857880117,23.47259682617099,23.33915901184082,11224709,23.29063683156859
2012-04-12 00:00:00+00:00,23.478655072373037,23.478655072373037,23.21178436279297,13421107,23.16326219516252
2012-04-13 00:00:00+00:00,23.102615195836886,23.108679559158197,22.91459083557129,21859289,22.90852647224998
2012-04-16 00:00:00+00:00,22.975235282188997,23.08441075317676,23.017690658569336,14607129,22.975235282188997
2012-04-17 00:00:00+00:00,23.114742859994074,23.375549239869876,23.357351303100586,11738019,23.04195838724208
2012-04-18 00:00:00+00:00,23.314904092351515,23.411948473533897,23.29064178466797,8033339,23.278510630826197
2012-04-19 00:00:00+00:00,23.381618284936028,23.424076104609014,23.26637840270996,11256358,23.145071732087445
2012-04-20 00:00:00+00:00,23.2360492792376,23.581768889376715,23.49079132080078,15591306,23.22998491625763
2012-04-23 00:00:00+00:00,23.381610737112148,23.387675098775418,23.21178436279297,11183522,23.169326556825794
2012-04-24 00:00:00+00:00,23.254239743985384,23.308826273279102,23.21178436279297,13084699,23.151131047061224
2012-04-25 00:00:00+00:00,23.229978144328904,23.345217980780927,23.30882453918457,13457054,23.126867030301092
2012-04-26 00:00:00+00:00,23.339156098326065,23.387678272541088,23.333091735839844,10683731,23.223916237662266
2012-04-27 00:00:00+00:00,23.533239931704998,23.618155537613575,23.327022552490234,16259196,23.25423809382211
2012-04-30 00:00:00+00:00,23.43620185909341,23.93355478096318,23.800119400024414,20759413,23.405875195284555
2012-05-01 00:00:00+00:00,23.61816466960292,23.95781995024157,23.878971099853516,15290320,23.56964248665454
2012-05-02 00:00:00+00:00,23.848639847948448,23.915357533580273,23.8304443359375,12082182,23.70913768949778
2012-05-03 00:00:00+00:00,23.84257502409301,23.885032838798136,23.757661819458008,11076731,23.690944128332273
2012-05-04 00:00:00+00:00,23.721268592450127,23.721268592450127,23.557506561279297,12505155,23.41800440427913
2012-05-07 00:00:00+00:00,23.357357097168645,23.53931711179844,23.37555503845215,12129238,23.351292733257914
2012-05-08 00:00:00+00:00,23.363414237662617,23.448327421225247,23.430131912231445,9183205,23.217847740937547
2012-05-09 00:00:00+00:00,23.25425010324545,23.345230117372676,23.102619171142578,12539844,23.102619171142578
2012-05-10 00:00:00+00:00,23.229986057491093,23.424074779688574,23.28457260131836,9906430,23.199659391550814
2012-05-11 00:00:00+00:00,23.16932994920362,23.254243148795926,23.066221237182617,12692747,23.017696637672604
2012-05-14 00:00:00+00:00,22.957047859590233,23.284571963127753,23.18146324157715,17053790,22.872132227374674
2012-05-15 00:00:00+00:00,23.09654872134005,23.1693332060611,22.890331268310547,11164030,22.793286905199448
2012-05-16 00:00:00+00:00,23.02375140033532,23.260295363143214,23.18751335144043,16105245,22.90851159862335
2012-05-17 00:00:00+00:00,23.17539431175482,23.32096083595953,23.066221237182617,14573488,23.048023299978805
2012-05-18 00:00:00+00:00,23.169335907950302,23.175400272061143,22.93885612487793,19587749,22.823616233341742
2012-05-21 00:00:00+00:00,22.884266351672537,22.981310722720206,22.805419921875,9746400,22.77509325282565
2012-05-22 00:00:00+00:00,22.841809521981528,22.890331704461616,22.720502853393555,12919325,22.65378515558037
2012-05-23 00:00:00+00:00,22.720494742870954,22.82360585931831,22.64771270751953,11776166,22.4536240468829
2012-05-24 00:00:00+00:00,22.68411324567759,22.847875318723574,22.805419921875,9066982,22.611328755004017
2012-05-25 00:00:00+00:00,22.78721798959097,22.896393494092123,22.775089263916016,6907997,22.665913759414863
2012-05-29 00:00:00+00:00,22.86000598267629,22.896397014847413,22.799352645874023,9214435,22.702308276900634
2012-05-30 00:00:00+00:00,22.684110641479492,22.835741544542962,22.684110641479492,10132274,22.61739294714055
2012-05-31 00:00:00+00:00,22.811486610247535,22.96918191068729,22.793291091918945,14088369,22.59313554075265
2012-06-01 00:00:00+00:00,22.55068016052246,22.738702133276462,22.55068016052246,14013437,22.453635779495915
2012-06-04 00:00:00+00:00,22.550676427100992,22.726569641688254,22.720502853393555,11439758,22.514282971659302
2012-06-05 00:00:00+00:00,22.684114800444316,22.775094813828133,22.744768142700195,11067404,22.599201576151575
2012-06-06 00:00:00+00:00,22.89639336136468,22.98737335205078,22.98737335205078,13219367,22.7629579815119
2012-06-07 00:00:00+00:00,23.09048270444749,23.333093594852087,23.248180389404297,55932703,23.054091677080617
2012-06-08 00:00:00+00:00,23.339151274956105,23.381609077910394,23.327022552490234,53368666,23.19965156840195
2012-06-11 00:00:00+00:00,23.42407172178367,23.51504928295241,23.333091735839844,49061386,23.314896223606095
2012-06-12 00:00:00+00:00,23.418005404366017,23.56357192993164,23.56357192993164,10969416,23.28457002879131
2012-06-13 00:00:00+00:00,23.545181274414062,23.784313040543864,23.545181274414062,12121692,23.46547313698
2012-06-14 00:00:00+00:00,23.618759488340324,23.876285609686718,23.784311294555664,13529261,23.51452144093666
2012-06-15 00:00:00+00:00,23.925335579401086,23.97438805709934,23.876285552978516,16823544,23.833363715764165
2012-06-18 00:00:00+00:00,23.7413782456774,23.949851790760075,23.821088790893555,8651135,23.7413782456774
2012-06-19 00:00:00+00:00,23.882415686610006,24.170599906199538,24.05409812927246,12472353,23.827232569598994
2012-06-20 00:00:00+00:00,24.017306416628067,24.14606945835066,24.041833877563477,11939026,23.913070835840884
2012-06-21 00:00:00+00:00,24.133804081579733,24.397460786635595,24.188989639282227,18166766,24.090884704783527
2012-06-22 00:00:00+00:00,24.280961859109766,24.716303431913456,24.636592864990234,25306999,24.25030376019505
2012-06-25 00:00:00+00:00,24.471048516870503,24.55075910797949,24.39746856689453,16084704,24.342285442869514
2012-06-26 00:00:00+00:00,24.415855671921307,25.01674902125553,24.563013076782227,11988177,24.354541925019
2012-06-27 00:00:00+00:00,24.57528151769152,24.98609571193755,24.8512020111084,13757620,24.507834667276942
2012-06-28 00:00:00+00:00,24.77761253939006,24.95542800903815,24.943166732788086,13165500,24.642718890441415
2012-06-29 00:00:00+00:00,25.071931710499012,25.599245071411136,25.599245071411133,24811924,25.071931710499012
2012-07-02 00:00:00+00:00,25.29266457773858,25.660556793212894,25.66055679321289,15022137,25.28040085021617
2012-07-03 00:00:00+00:00,25.5869777413754,25.72800447093682,25.636030197143555,7912924,25.48274219209604
2012-07-05 00:00:00+00:00,25.550194649484602,25.62990276282852,25.525667190551758,9695467,25.323326685093882
2012-07-06 00:00:00+00:00,25.34173014419674,25.476623862890833,25.452098846435547,10543509,25.31720267646545
2012-07-09 00:00:00+00:00,25.57472070740066,25.911957348287974,25.832246780395508,21190350,25.464354491495925
2012-07-10 00:00:00+00:00,25.862903010553843,25.881297378541927,25.36624526977539,17512499,25.298798436727402
2012-07-11 00:00:00+00:00,25.372378815015423,25.427561919969396,25.26814079284668,12955586,25.17616895125672
2012-07-12 00:00:00+00:00,26.285983718438214,26.476060509398756,26.310508728027344,48160945,26.21853442669864
2012-07-13 00:00:00+00:00,26.40248047606847,26.71518963855965,26.653873443603516,17782988,26.322769912880506
2012-07-16 00:00:00+00:00,26.500592607294564,26.690669431514443,26.580303192138672,15964603,26.36569645148682
2012-07-17 00:00:00+00:00,26.543514924647084,27.20572469038438,27.095355987548828,21110702,26.46380433100341
2012-07-18 00:00:00+00:00,26.93592547275223,27.04629413736876,26.942058563232422,16989233,26.78263743115023
2012-07-19 00:00:00+00:00,26.94818920243744,26.9972416699031,26.942058563232422,14661625,26.696796225904116
2012-07-20 00:00:00+00:00,26.74584699638537,26.770374456447517,26.61708641052246,13641606,26.55577021164234
2012-07-23 00:00:00+00:00,26.50058998987201,26.635483681080764,26.531248092651367,15069297,26.40248504148828
2012-07-24 00:00:00+00:00,26.500582444019887,26.586423636594105,26.175609588623047,21354886,25.911952921325568
2012-07-25 00:00:00+00:00,26.310509763184353,26.359562235567843,26.132694244384766,12818717,25.973273096319563
2012-07-26 00:00:00+00:00,26.39635025147165,26.82555876021056,26.568035125732422,17085858,26.35343087136297
2012-07-27 00:00:00+00:00,26.82554783750543,27.696230682315527,27.653308868408203,31419983,26.647734847269955
2012-07-30 00:00:00+00:00,27.371273522004447,27.549086613806203,27.273168563842773,13571914,27.181194246337796
2012-07-31 00:00:00+00:00,27.25476513713877,27.4019225254987,27.083080291748047,13242423,27.083080291748047
2012-08-01 00:00:00+00:00,27.254771716780276,27.46324289549485,27.15053367614746,11781092,27.04016744668993
2012-08-02 00:00:00+00:00,27.003370840024857,27.119870137508414,26.923660278320312,10318503,26.684531044481712
2012-08-03 00:00:00+00:00,27.248630973114395,27.395788355673446,27.070817947387695,10496139,27.027896124913237
2012-08-06 00:00:00+00:00,27.101477557275146,27.371267357092066,27.279293060302734,9532608,27.083083188172317
2012-08-07 00:00:00+00:00,27.30995491023752,27.316085550355435,26.978851318359375,11407899,26.966587586848007
2012-08-08 00:00:00+00:00,26.966597303088363,27.144412894606916,27.015649795532227,11308968,26.874622960527464
2012-08-09 00:00:00+00:00,26.911404394380618,27.175061139099487,27.15053367614746,10466586,26.794905073547316
2012-08-10 00:00:00+00:00,26.966586479624848,27.32834815979004,27.32834815979004,9736025,26.95432274861702
2012-08-13 00:00:00+00:00,27.334483212543528,27.352877584737595,27.23637580871582,8943318,27.13214021585758
2012-08-14 00:00:00+00:00,27.28541150672143,27.3712551258745,27.230228424072266,6572742,27.150517892729617
2012-08-15 00:00:00+00:00,27.13827980100367,27.211859765307672,27.015649795532227,7808229,26.978861039018433
2012-08-16 00:00:00+00:00,26.991111030698082,27.076952235944198,26.942058563232422,8798903,26.88687300528657
2012-08-17 00:00:00+00:00,27.00337966063976,27.00337966063976,26.57417106628418,15549071,26.420882982950282
2012-08-20 00:00:00+00:00,26.580311043824366,26.85622917504432,26.825571060180664,9150612,26.51286172035844
2012-08-21 00:00:00+00:00,26.672264696054324,26.825552714262894,26.32889747619629,11281615,26.310503110113245
2012-08-22 00:00:00+00:00,26.33503373761647,26.41474430851295,26.310508728027344,9025900,26.243061887563087
2012-08-23 00:00:00+00:00,26.310523202031174,26.353445056518567,26.24307632446289,10531876,26.12657694945616
2012-08-24 00:00:00+00:00,26.144960874638226,26.56803880227239,26.43927574157715,10649252,26.144960874638226
2012-08-27 00:00:00+00:00,26.353429575249248,26.512848259816515,26.39634895324707,8122943,26.267588367978377
2012-08-28 00:00:00+00:00,26.34729865758783,26.451536694054944,26.261457443237305,8419842,26.212404970569082
2012-08-29 00:00:00+00:00,26.335033694820225,26.512849206334902,26.402482986450195,7973289,26.175615004561656
2012-08-30 00:00:00+00:00,26.279854575832978,26.531250056723948,26.43927574157715,8964173,26.144960874638226
2012-08-31 00:00:00+00:00,26.56803381906404,26.721321864281684,26.39634895324707,28906355,26.3105077459762
2012-09-04 00:00:00+00:00,26.451542704154193,26.60483079684294,26.51898956298828,25771368,26.28599087769307
2012-09-05 00:00:00+00:00,26.60483040179412,26.690671634374144,26.635488510131836,8734870,26.41475111061069
2012-09-06 00:00:00+00:00,26.764247289143793,27.13827026777322,27.126008987426758,10349419,26.74585046607298
2012-09-07 00:00:00+00:00,27.242512535564355,27.248643176688585,27.00951385498047,8738538,26.929803263985786
2012-09-10 00:00:00+00:00,26.9604506676304,27.21184362304845,27.138263702392578,9427284,26.91139820428481
2012-09-11 00:00:00+00:00,27.19344658878053,27.328340236932842,27.181182861328125,8975596,27.150524768334467
2012-09-12 00:00:00+00:00,27.193454793248065,27.328348482098807,27.303823471069336,9378028,27.16892733094313
2012-09-13 00:00:00+00:00,27.285256476452734,27.67522130495836,27.64427375793457,12429175,27.24192595123391
2012-09-14 00:00:00+00:00,27.57617599776984,27.57617599776984,27.000511169433594,17331195,26.88909408623204
2012-09-17 00:00:00+00:00,26.913854833010625,27.235733032226562,27.235733032226562,11538899,26.913854833010625
2012-09-18 00:00:00+00:00,27.087179174410814,27.322396376773543,27.28525733947754,7895632,27.043848647821456
2012-09-19 00:00:00+00:00,27.310011558274468,27.718548327836572,27.551420211791992,10289369,27.29144204256014
2012-09-20 00:00:00+00:00,27.458571031074083,27.83615779490455,27.786638259887695,10443320,27.45238201717787
2012-09-21 00:00:00+00:00,27.823775481103382,28.009475581288854,27.79901695251465,21226821,27.76806693581707
2012-09-24 00:00:00+00:00,27.82377668539315,28.00947679361623,27.94138526916504,10468786,27.724737617520432
2012-09-25 00:00:00+00:00,27.990902459662365,28.288019638405423,27.922813415527344,13419850,27.768065812912795
2012-09-26 00:00:00+00:00,27.922821340934945,28.083760477087743,27.860923767089844,13260134,27.854732277474028
2012-09-27 00:00:00+00:00,27.898050342541627,28.127078439834374,27.997089385986328,10306346,27.86091131990363
2012-09-28 00:00:00+00:00,27.88566262273293,27.984701640532425,27.91661262512207,13097170,27.718534589523077
2012-10-01 00:00:00+00:00,27.83616193445652,28.219937769255004,27.990909576416016,8964278,27.83616193445652
2012-10-02 00:00:00+00:00,28.12089176858716,28.226122316901915,28.145652770996094,7786116,27.916624634483092
2012-10-03 00:00:00+00:00,28.164218761440004,28.393246869295805,28.337535858154297,8861678,28.02184920194135
2012-10-04 00:00:00+00:00,28.411827930023556,28.715134209866015,28.548006057739258,9383582,28.3808779056125
2012-10-05 00:00:00+00:00,28.733696066573717,28.783215597501762,28.647037506103516,12463864,28.38705935007741
2012-10-08 00:00:00+00:00,28.578956921680362,28.758465583767986,28.684185028076172,7371318,28.343739698786056
2012-10-09 00:00:00+00:00,28.60370750321111,28.80797711859929,28.578948974609375,10512383,28.492290412579976
2012-10-10 00:00:00+00:00,28.57894375961575,28.715121828614834,28.226118087768555,9930114,28.102318043503857
2012-10-11 00:00:00+00:00,28.405623120230377,28.424192629628322,28.133264541625977,7359685,28.071364527222958
2012-10-12 00:00:00+00:00,28.226120661880923,28.47371829837515,28.23849868774414,7172826,28.201359660923835
2012-10-15 00:00:00+00:00,28.312784740464863,28.863688661177594,28.838930130004883,10774802,28.28183472053712
2012-10-16 00:00:00+00:00,28.931788781556687,29.259856148737285,29.197956085205078,12528002,28.913219257420376
2012-10-17 00:00:00+00:00,29.14223449009595,29.40221266106218,29.334123611450195,10619279,29.14223449009595
2012-10-18 00:00:00+00:00,29.27221735628512,29.711701578517985,29.68694305419922,11513433,29.266028343859208
2012-10-19 00:00:00+00:00,29.67457058340284,29.705520603136392,29.111286163330078,13599372,29.018436104129417
2012-10-22 00:00:00+00:00,28.97511836865664,29.111296524258464,28.770851135253906,14694427,28.591342441680286
2012-10-23 00:00:00+00:00,28.59132772599426,28.801783867380323,28.405630111694336,13104402,28.39324961084357
2012-10-24 00:00:00+00:00,28.4427655535418,28.59132412117442,28.39943504333496,10102406,28.349915520790752
2012-10-25 00:00:00+00:00,28.53563133479158,28.684189997295118,28.65943145751953,11498132,28.479922764334006
2012-10-26 00:00:00+00:00,28.343737396933744,28.950352399790205,28.566574096679688,12513644,28.343737396933744
2012-10-31 00:00:00+00:00,28.733687901686118,28.913196459618547,28.24468421936035,14184680,28.127075676152515
2012-11-01 00:00:00+00:00,28.318970174522477,28.777026452160353,28.43657875061035,12749968,28.27564213179381
2012-11-02 00:00:00+00:00,28.628468157605194,28.814165781010004,28.47372055053711,11580924,28.46752906250045
2012-11-05 00:00:00+00:00,28.36229736381019,28.473716913467186,28.269447326660156,9412298,28.046610701961367
2012-11-06 00:00:00+00:00,28.281845664934355,28.671813097393013,28.42421531677246,9154594,28.27565664840013
2012-11-07 00:00:00+00:00,28.195177513283113,28.269455585009812,27.52047348022461,25223159,27.34715632978503
2012-11-08 00:00:00+00:00,27.55141973048442,27.712358830017923,27.136693954467773,17113735,27.136693954467773
2012-11-09 00:00:00+00:00,27.04384633191465,27.43381361397583,27.266685485839844,14666970,27.000515809035917
2012-11-12 00:00:00+00:00,27.526662692492312,27.557612714139513,27.248117446899414,7681630,27.161456396440876
2012-11-13 00:00:00+00:00,27.09336915668844,27.520475524694056,27.037660598754883,10059857,27.031469109240412
2012-11-14 00:00:00+00:00,27.05003566489337,27.17383326028443,26.647687911987305,14888831,26.561029347752
2012-11-15 00:00:00+00:00,26.591993372477933,26.70341299925065,26.49295425415039,12872794,26.338206559744947
2012-11-16 00:00:00+00:00,26.517705194796797,26.759111407354656,26.660072326660156,17435052,26.220585478097313
2012-11-19 00:00:00+00:00,26.814817525948502,26.86433706179655,26.827198028564453,9630806,26.672450407020204
2012-11-20 00:00:00+00:00,26.87670321729156,27.031450756229635,26.963361740112305,11428545,26.76528370245664
2012-11-21 00:00:00+00:00,27.11192776855005,27.19239730293542,27.167638778686523,7637824,27.006699709915786
2012-11-23 00:00:00+00:00,27.229535689337094,27.415235752625726,27.40904426574707,4692734,27.186207654261796
2012-11-26 00:00:00+00:00,27.235735703598703,27.44000286763323,27.359533309936523,9831393,27.186216166140408
2012-11-27 00:00:00+00:00,27.2542918180331,27.353330844245477,27.161441802978516,9294922,27.142872294890523
2012-11-28 00:00:00+00:00,27.080982802880044,27.613319631487677,27.607128143310547,11124310,26.950996195778384
2012-11-29 00:00:00+00:00,27.823771433877244,27.823771433877244,27.675212860107422,10018356,27.53284577354584
2012-11-30 00:00:00+00:00,27.56998918517651,27.675217263692964,27.421430587768555,15738026,27.310011021058695
2012-12-03 00:00:00+00:00,27.526658580843165,27.749497713571206,27.508089065551758,12177865,27.495708563818962
2012-12-04 00:00:00+00:00,27.470947365071048,27.718545002585117,27.483327865600586,10476751,27.470947365071048
2012-12-05 00:00:00+00:00,27.440001394190233,27.706168584409234,27.477140426635742,12206056,27.378101357037245
2012-12-06 00:00:00+00:00,27.514281180363337,27.600939745235408,27.551420211791992,9240216,27.470950660619483
2012-12-07 00:00:00+00:00,27.56381004454702,27.63189911675388,27.625707626342773,8247236,27.334781815514955
2012-12-10 00:00:00+00:00,27.52047167017275,27.749499833959845,27.532852172851562,9796180,27.49571066481512
2012-12-11 00:00:00+00:00,27.644265407258196,28.028041105352724,27.97233009338379,14235508,27.545223883159558
2012-12-12 00:00:00+00:00,27.984707416150002,28.158026970376845,28.015657424926758,11790000,27.867098867567286
2012-12-13 00:00:00+00:00,28.084404773434567,28.084404773434567,27.465723037719727,14404131,27.43447615734456
2012-12-14 00:00:00+00:00,27.434486839176046,27.471982110884785,27.20951271057129,13818928,27.12827128963414
2012-12-17 00:00:00+00:00,27.265758514404297,27.396994477677577,27.265758514404297,13917650,27.190767963021045
2012-12-18 00:00:00+00:00,27.24074663421202,27.74694260112233,27.646953582763672,14756888,27.09701398179105
2012-12-19 00:00:00+00:00,27.59071427730438,27.784441464044924,27.284496307373047,12254369,27.253249422787093
2012-12-20 00:00:00+00:00,26.52833165309793,26.734558104679827,26.34710121154785,35263104,26.247112174716904
2012-12-21 00:00:00+00:00,26.5095883248072,26.53458433889712,25.9471492767334,30087242,25.903403129135754
2012-12-24 00:00:00+00:00,25.890909691564843,26.090887823338672,25.884658813476562,6793870,25.81591664297338
2012-12-26 00:00:00+00:00,25.903395997130847,25.984637392671218,25.834653854370117,7471716,25.75966333439534
2012-12-27 00:00:00+00:00,25.753414057533572,25.87840159638582,25.74716567993164,11948877,25.49719310057884
2012-12-28 00:00:00+00:00,25.622181360642696,25.728421281687062,25.397207260131836,11862731,25.39095888174476
2012-12-31 00:00:00+00:00,25.17223146570815,25.603432004199895,25.584684371948242,15004635,25.009748655058015
2013-01-02 00:00:00+00:00,26.159619436531603,26.165867813745653,25.834653854370117,16722831,25.584681290534956
2013-01-03 00:00:00+00:00,26.178375683539706,26.51583813121024,26.453344345092773,24673483,25.690929648198676
2013-01-04 00:00:00+00:00,26.534582367179357,26.55958087776393,26.22836685180664,16169068,26.134626184642563
2013-01-07 00:00:00+00:00,26.27210137027804,26.365839497609272,26.32209587097168,12055773,26.153362245073577
2013-01-09 00:00:00+00:00,26.49082919605766,26.653309463027277,26.615814208984375,10556609,26.37209255935438
2013-01-10 00:00:00+00:00,26.790797766073506,26.965777293905724,26.73455238342285,13593084,26.715804755323063
2013-01-11 00:00:00+00:00,26.69080504527876,27.078261801705228,27.01576805114746,12722825,26.69080504527876
2013-01-14 00:00:00+00:00,27.06575936523557,27.22199122488451,27.08450698852539,11650721,26.90327663225626
2013-01-15 00:00:00+00:00,27.109510936626148,27.209499946512523,26.790796279907227,12446677,26.753298527436474
2013-01-16 00:00:00+00:00,26.803295598805892,26.897036241431753,26.584569931030273,12481156,26.559573925340878
2013-01-17 00:00:00+00:00,26.753304130380435,26.778302637263042,26.715808868408203,16255109,26.58457295315371
2013-01-18 00:00:00+00:00,26.79705098350542,26.85954475402832,26.85954475402832,17222937,26.6533158109731
2013-01-22 00:00:00+00:00,26.728302477477584,27.009521879585947,26.99702262878418,12819765,26.628313467765775
2013-01-23 00:00:00+00:00,26.872043521339872,26.92203804183089,26.759557723999023,14854666,26.59082652963582
2013-01-24 00:00:00+00:00,26.84079481678485,27.003277621969577,26.872041702270508,13096122,26.828298061271994
2013-01-25 00:00:00+00:00,26.947047494639136,27.15952491760254,27.15952491760254,13799330,26.697074790668346
2013-01-29 00:00:00+00:00,26.990777590946436,27.334490823040237,27.284496307373047,16474874,26.86579255095431
2013-01-30 00:00:00+00:00,27.28450023040342,27.353242387035753,27.184511184692383,13280885,27.15951517244065
2013-01-31 00:00:00+00:00,27.140776224586062,27.272009703022697,27.028287887573242,15237291,27.028287887573242
2013-02-01 00:00:00+00:00,26.397097759718537,26.71581252683018,26.14087677001953,39497024,25.940898680980695
2013-02-04 00:00:00+00:00,25.86589704179579,26.034628185984705,25.52843475341797,30821366,25.51593550242404
2013-02-05 00:00:00+00:00,25.65342573483912,25.922148451128468,25.890901565551758,22330050,25.578435208136433
2013-02-06 00:00:00+00:00,25.840907644612766,25.903398918856485,25.678424835205078,18218222,25.60968268469071
2013-02-07 00:00:00+00:00,25.684674714970413,25.809662267469836,25.622180938720703,16950666,25.547190405902626
2013-02-08 00:00:00+00:00,25.659668691388603,25.73465919494629,25.73465919494629,15365566,25.59092656367706
2013-02-11 00:00:00+00:00,25.740913015080558,25.934640170343155,25.859649658203125,11959776,25.678419256063012
2013-02-12 00:00:00+00:00,25.85340399616966,25.97839153940627,25.903398513793945,10475808,25.703420443296803
2013-02-13 00:00:00+00:00,25.884646838260327,25.928392971229446,25.71591567993164,16561858,25.628425912344806
2013-02-14 00:00:00+00:00,25.647174651620205,25.75966292815995,25.740915298461914,17116774,25.51593874538242
2013-02-15 00:00:00+00:00,25.90965732912457,25.93465334642002,25.884658813476562,16326897,25.7721729881182
2013-02-19 00:00:00+00:00,25.997135228042605,26.384592056274414,26.384592056274414,13944793,25.98463597594444
2013-02-20 00:00:00+00:00,26.472091248157934,26.715815508255105,26.65957260131836,17607343,26.384601449027784
2013-02-21 00:00:00+00:00,26.559581756591793,26.60332540403416,26.559581756591797,12390504,26.415846561854572
2013-02-22 00:00:00+00:00,26.60956510024332,27.04076800491981,26.853286743164062,16132807,26.578318223284025
2013-02-25 00:00:00+00:00,27.065760032127105,27.1532497757522,26.572063446044922,20338850,26.565815070911242
2013-02-26 00:00:00+00:00,26.715810881619355,26.747057768401433,26.509584426879883,14570449,26.309606350156077
2013-02-27 00:00:00+00:00,26.415835462436146,26.965775000547293,26.853286743164062,13537121,26.415835462436146
2013-02-28 00:00:00+00:00,26.87829590824194,27.003280967316808,26.70331382751465,14893442,26.703313827514645
2013-03-01 00:00:00+00:00,26.453343916293054,26.665821286636834,26.640825271606445,15527482,26.453343916293054
2013-03-04 00:00:00+00:00,26.822035265766605,27.090757861855767,27.08450698852539,14839890,26.72204627598713
2013-03-05 00:00:00+00:00,27.24701368277143,27.278260581850148,27.028287887573242,15843769,26.934547190337085
2013-03-06 00:00:00+00:00,27.059516169328038,27.334484694674035,27.29698944091797,19301121,26.90953265595264
2013-03-07 00:00:00+00:00,27.38448217845181,27.453224317267175,27.040771484375,14392813,26.928283212517407
2013-03-08 00:00:00+00:00,27.12200688699267,27.18450064091125,26.853286743164062,30678418,26.82203986620477
2013-03-11 00:00:00+00:00,26.84079404394487,27.290744684949562,27.284496307373047,40492729,26.790802026629375
2013-03-12 00:00:00+00:00,28.384379254014316,28.384379254014316,28.14690589904785,58695860,28.046916855024914
2013-03-13 00:00:00+00:00,28.102738799674764,28.222619993324354,28.134286880493164,18781418,28.06488211166624
2013-03-14 00:00:00+00:00,28.209993967641587,28.235233435643224,27.932374954223633,27136283,27.509635305879616
2013-03-15 00:00:00+00:00,27.654747219895878,27.818796157836914,27.818796157836914,25499831,27.62951027998414
2013-03-18 00:00:00+00:00,27.623208677257203,27.72416150735819,27.528564453125,12699350,27.490707772445482
2013-03-19 00:00:00+00:00,27.572731018066403,27.66106410981064,27.572731018066406,16248297,27.509634871491965
2013-03-20 00:00:00+00:00,27.762015147299966,27.944992447120914,27.83772850036621,15693066,27.68629927180058
2013-03-21 00:00:00+00:00,27.780942007373486,27.875586216103518,27.629512786865234,12476021,27.610584449605827
2013-03-22 00:00:00+00:00,27.673684258065524,27.831422104430672,27.69892120361328,10463232,27.635825056093886
2013-03-25 00:00:00+00:00,27.730480084039808,27.762028170093906,27.566431045532227,13746721,27.452860962658654
2013-03-26 00:00:00+00:00,27.730475710006417,28.01440591727359,28.008094787597656,12694110,27.698927628928516
2013-03-27 00:00:00+00:00,27.8440397274943,27.919753080830883,27.825111389160156,11497503,27.70522770898866
2013-03-28 00:00:00+00:00,27.793566686141713,27.95761314572976,27.888208389282227,17440502,27.736779141823952
2013-04-01 00:00:00+00:00,27.762017037056175,27.995470762290157,27.982851028442383,10377191,27.61689640389001
2013-04-02 00:00:00+00:00,28.08381095610618,28.392978117741453,28.336193084716797,13400252,28.027023400647575
2013-04-03 00:00:00+00:00,28.3929663823711,29.124875514046444,28.6201114654541,27114066,28.3929663823711
2013-04-04 00:00:00+00:00,28.639043141007065,28.94821021090342,28.59487533569336,14637835,28.399280820579964
2013-04-05 00:00:00+00:00,28.41820773873888,28.538088892959824,28.474992752075195,13206372,28.32356352741194
2013-04-08 00:00:00+00:00,28.449764128016042,28.69583511352539,28.69583511352539,10640868,28.367739625368323
2013-04-09 00:00:00+00:00,28.853571258268715,28.986072175947246,28.71476173400879,11108066,28.60750028752315
2013-04-10 00:00:00+00:00,28.967143499465763,29.63595668672119,29.553932189941406,19634385,28.885119002685983
2013-04-11 00:00:00+00:00,29.45298877665147,29.97668147989715,29.787395477294922,18379719,29.45298877665147
2013-04-12 00:00:00+00:00,29.446666123979945,29.73690485920296,29.724285125732422,10547491,29.434046390509405
2013-04-15 00:00:00+00:00,29.585479360545264,29.970362361745753,29.31416893005371,16083970,29.31416893005371
2013-04-16 00:00:00+00:00,29.427735563752407,29.686426206989427,29.629638671875,10674614,29.33939995855953
2013-04-17 00:00:00+00:00,29.47820582693969,29.598086954789892,29.503442764282227,12342506,29.282608842196854
2013-04-18 00:00:00+00:00,29.566553791498823,29.642267164115072,29.377267837524414,11813685,29.333100021875744
2013-04-19 00:00:00+00:00,29.566548209562207,29.964048385620117,29.964048385620117,13315154,29.440355915780874
2013-04-22 00:00:00+00:00,29.938811837949828,30.266907265758864,30.23535919189453,14950139,29.76845425702911
2013-04-23 00:00:00+00:00,30.254291792774286,30.72750788306675,30.683340072631836,18500868,30.24167205801667
2013-04-24 00:00:00+00:00,30.70858315189472,30.784296524473433,30.254295349121094,16292418,30.20381892659069
2013-04-25 00:00:00+00:00,30.254281888098838,30.285827431015232,29.875707626342773,16702081,29.83154235280022
2013-04-26 00:00:00+00:00,29.82523165624811,30.329995664244713,30.203805923461914,11110477,29.724278854648787
2013-04-29 00:00:00+00:00,30.210118867201977,30.361548091353107,30.17226219177246,11921943,30.109166051101223
2013-05-01 00:00:00+00:00,28.266778091796912,29.219518706216196,28.828327178955078,41648358,28.140585811912853
2013-05-02 00:00:00+00:00,28.960832991400196,29.030237748172084,28.85356903076172,14929389,28.702142305029206
2013-05-03 00:00:00+00:00,29.18166275421118,29.263687233681402,28.81570816040039,13492581,28.68320979464568
2013-05-06 00:00:00+00:00,28.714760510854717,29.023930146412905,28.380353927612305,14772922,28.374045321299636
2013-05-07 00:00:00+00:00,28.45607396115812,28.5822637628303,28.563335418701172,15226078,28.317264422588536
2013-05-08 00:00:00+00:00,28.46868218786256,28.771540616347604,28.38665771484375,19187098,28.374037983048645
2013-05-09 00:00:00+00:00,28.550713465122776,28.784164685587594,28.7021427154541,14856134,28.36142501038349
2013-05-10 00:00:00+00:00,28.733696393305546,28.992389678955078,28.992389678955078,14592142,28.702150831029613
2013-05-13 00:00:00+00:00,28.922980765965324,29.169051755624864,29.131195068359375,10738018,28.822027918301444
2013-05-14 00:00:00+00:00,29.099648685670903,29.509771229750815,29.43405532836914,14057767,29.023935306723224
2013-05-15 00:00:00+00:00,29.484521865844727,29.818928396380834,29.484521865844727,13831294,29.314164297917493
2013-05-16 00:00:00+00:00,29.38987660358961,29.465592476876076,29.257375717163086,12536910,28.39927930280355
2013-05-17 00:00:00+00:00,29.20690411000174,29.471905926414458,29.01761817932129,22773459,28.443449258716054
2013-05-20 00:00:00+00:00,28.998700344442504,29.03655703980701,28.525484085083008,17533040,28.456079302769954
2013-05-21 00:00:00+00:00,28.54439539350048,29.989282787601827,29.86309051513672,49277694,28.5128473253842
2013-05-22 00:00:00+00:00,30.033453918222943,30.475124435494884,29.471904754638672,44670895,29.333095245820846
2013-05-23 00:00:00+00:00,29.31416119272557,29.93249777845226,29.86309051513672,23663421,29.288921729259393
2013-05-24 00:00:00+00:00,29.68643934030681,29.755844116210938,29.755844116210938,16554208,29.402509106422723
2013-05-28 00:00:00+00:00,30.24797957267633,30.68964757135385,30.04607391357422,18511767,29.98297776449646
2013-05-29 00:00:00+00:00,29.837866400618466,29.951438990172363,29.572864532470703,16822182,29.345721875796883
2013-05-30 00:00:00+00:00,29.667508543936616,29.900962328568465,29.69905662536621,15933268,29.49083979241767
2013-05-31 00:00:00+00:00,29.61071718909416,30.08393330495272,29.465599060058594,22768953,29.459287931122073
2013-06-03 00:00:00+00:00,30.872619714121086,31.143930082747524,30.569761276245117,39805450,30.481428195806203
2013-06-04 00:00:00+00:00,30.412040207855444,31.64871158263967,31.19442367553711,38785013,30.393111860363803
2013-06-05 00:00:00+00:00,30.92940864717451,31.37738519694791,30.746431350708008,26119409,30.58238239216106
2013-06-06 00:00:00+00:00,30.68964467389094,30.74643221167287,30.66440773010254,20850903,30.12809555844255
2013-06-07 00:00:00+00:00,30.77167635320903,31.005130119416002,30.40572166442871,52852631,30.348936635797454
2013-06-10 00:00:00+00:00,30.695967247481978,30.847396533976355,30.576086044311523,50887946,30.512989877663674
2013-06-11 00:00:00+00:00,30.330007538380066,30.412032037096022,30.008220672607422,56749305,30.001909543516234
2013-06-12 00:00:00+00:00,30.216431480938237,30.348932384952754,29.812620162963867,17662887,29.800002951102215
2013-06-13 00:00:00+00:00,29.761668537592904,30.52576816863749,30.50029945373535,15482314,29.602482069058123
2013-06-14 00:00:00+00:00,30.417540339217908,30.901469129677704,30.532155990600586,14286650,30.24561813494402
2013-06-17 00:00:00+00:00,30.774111832235015,30.914196175210904,30.436634063720703,13084490,30.283814086219856
2013-06-18 00:00:00+00:00,30.48757823239082,30.595824776681635,30.404800415039062,12384006,30.34749387022626
2013-06-19 00:00:00+00:00,30.379318996759558,30.672223234993748,30.296541213989258,18857922,30.213763431218954
2013-06-20 00:00:00+00:00,30.194674160912175,30.194674160912175,29.48788070678711,18680495,29.424205070429913
2013-06-21 00:00:00+00:00,29.844460646377986,30.309287190528554,29.92723846435547,25453614,29.71711191952026
2013-06-24 00:00:00+00:00,29.58977145508866,29.83810499972797,29.55156707763672,18948574,29.328704815032598
2013-06-25 00:00:00+00:00,29.627961673725846,29.72347511731192,29.43693733215332,12600104,29.34142643416687
2013-06-26 00:00:00+00:00,29.67253469433617,29.86992812332133,29.729841232299805,11984823,29.468774720777137
2013-06-27 00:00:00+00:00,29.946335002538436,30.15646405337348,30.10552406311035,12198510,29.84445502201218
2013-06-28 00:00:00+00:00,30.2201247249371,30.23286035367405,29.577007293701172,17124110,29.577007293701172
2013-07-01 00:00:00+00:00,29.456044340163647,29.831726540224356,29.494251251220703,13741586,29.430575611725654
2013-07-02 00:00:00+00:00,29.347789370736734,29.755309273642997,29.64069366455078,11859063,29.3095850162391
2013-07-03 00:00:00+00:00,29.59612276616998,29.755309273642997,29.64069366455078,7203952,29.39236281471685
2013-07-05 00:00:00+00:00,29.882664134313302,30.118261944976986,30.029117584228516,8491944,29.67890414083118
2013-07-08 00:00:00+00:00,30.162822833906198,30.328378396048645,30.188291549682617,11504315,30.080045052834976
2013-07-09 00:00:00+00:00,30.385693295076504,30.56398199147368,30.322017669677734,10811902,30.315651125377652
2013-07-10 00:00:00+00:00,30.322019479027716,30.678599438699084,30.538515090942383,8154174,30.30291729938813
2013-07-11 00:00:00+00:00,30.837784141282974,30.882357588204144,30.761375427246094,11991216,30.646759810591288
2013-07-12 00:00:00+00:00,30.818688095132913,30.9842437359547,30.907835006713867,9280564,30.684970273361472
2013-07-15 00:00:00+00:00,30.88873500122247,31.130699388337018,30.89510154724121,10117811,30.72954589475224
2013-07-16 00:00:00+00:00,30.920552777466096,31.0924748786747,30.710426330566406,16006733,30.583077663063218
2013-07-17 00:00:00+00:00,30.74227820880509,31.054284750795066,30.646764755249023,9964174,30.646764755249023
2013-07-18 00:00:00+00:00,30.58308002482635,30.6467530906957,30.181926727294922,18677456,30.150088921560787
2013-07-19 00:00:00+00:00,30.226507365223828,30.513042593893754,30.430267333984375,14911678,30.05458520978206
2013-07-22 00:00:00+00:00,30.468474223520186,30.72317420563529,30.385696411132812,11861998,30.277447327734055
2013-07-23 00:00:00+00:00,30.443001730018786,30.704070792202938,30.519412994384766,9685616,30.271079567194885
2013-07-24 00:00:00+00:00,30.513040949022532,30.589452205988387,30.417530059814453,9370378,30.25197445772126
2013-07-25 00:00:00+00:00,30.26471550050526,30.684968579328793,30.6722354888916,10522339,30.150099867371637
2013-07-26 00:00:00+00:00,30.595820589700956,30.875991821289062,30.875991821289062,10318818,30.423898433189876
2013-07-29 00:00:00+00:00,30.735904077001216,31.067015291878086,30.78047752380371,10785597,30.659495363167768
2013-07-30 00:00:00+00:00,30.74865094646388,31.251684496869583,30.5958309173584,17583554,30.462113073691047
2013-07-31 00:00:00+00:00,30.88236202830337,31.028815478729655,30.6722354888916,22612067,30.54488421972095
2013-08-01 00:00:00+00:00,30.84414615377932,30.996966092386955,30.933290481567383,14198094,30.58944625609993
2013-08-02 00:00:00+00:00,30.844159368613184,30.907835006713867,30.907835006713867,9350466,30.678603727791398
2013-08-05 00:00:00+00:00,30.81232010049167,30.98424227879821,30.901464462280273,7114977,30.60856010463209
2013-08-06 00:00:00+00:00,30.869626899500133,30.939671626054842,30.844158172607422,10421836,30.621295993496663
2013-08-07 00:00:00+00:00,30.786858057455337,31.041560674234116,30.914209365844727,10130282,30.786858057455337
2013-08-08 00:00:00+00:00,30.9842405343466,31.09885616196458,30.863258361816406,9045707,30.68496710267736
2013-08-09 00:00:00+00:00,30.844160436730018,31.060656086409484,30.81232261657715,8266834,30.729544793299706
2013-08-12 00:00:00+00:00,30.665864922340983,31.0797539816282,30.863258361816406,10411985,30.621294016756018
2013-08-13 00:00:00+00:00,30.895087161314734,31.105213629292372,30.837778091430664,7812945,30.614918537344554
2013-08-14 00:00:00+00:00,30.91420337312985,31.04792120277727,30.926939010620117,8940383,30.825059001898286
2013-08-15 00:00:00+00:00,30.74227333447501,30.793213325841492,30.544879913330078,11885892,30.4684711990801
2013-08-16 00:00:00+00:00,30.430262488004207,30.563977718809745,30.372953414916992,13834019,30.232869095102252
2013-08-19 00:00:00+00:00,30.22649906216796,30.436625517631846,30.296541213989258,8780458,30.213763431218954
2013-08-21 00:00:00+00:00,30.283823733858494,30.58946378622916,30.22014808654785,11318400,30.118268069090963
2013-08-22 00:00:00+00:00,30.328395319504597,30.551257525701736,30.443008422851562,9044554,30.1819418488721
2013-08-23 00:00:00+00:00,30.551250304319748,30.551250304319748,30.392061233520508,9616762,30.21377252894488
2013-08-26 00:00:00+00:00,30.436633286275622,30.50030891167439,30.322017669677734,9662770,30.264711134178533
2013-08-27 00:00:00+00:00,30.13099602049841,30.258344737029482,29.997278213500977,11362835,29.882662586703216
2013-08-28 00:00:00+00:00,29.787151952448934,30.181936286510172,29.984542846679688,10283186,29.58975851261845
2013-08-29 00:00:00+00:00,29.908135575094008,30.181937749680916,29.99091339111328,10160779,29.793519941713487
2013-08-30 00:00:00+00:00,29.984533845758556,30.232867207231514,30.11188507080078,8725962,29.93996295347295
2013-09-03 00:00:00+00:00,30.258351707589018,30.347498629857053,30.06096076965332,14894595,29.933609478184863
2013-09-04 00:00:00+00:00,30.010011016189143,30.487573112903068,30.36022186279297,11596330,29.997275382058238
2013-09-05 00:00:00+00:00,30.430259583846166,30.430259583846166,30.251968383789062,8277314,30.092781903337162
2013-09-06 00:00:00+00:00,30.290182549438054,30.44937162708511,30.239242553710938,27944815,29.96544039487765
2013-09-09 00:00:00+00:00,30.309288679312182,30.468477777703555,30.398435592651367,30580850,30.232879948564356
2013-09-10 00:00:00+00:00,30.474848707167304,30.818693136194184,30.551259994506836,32287413,30.474848707167304
2013-09-11 00:00:00+00:00,30.583096921307593,30.88873697049594,30.653139114379883,14021297,30.53852345953417
2013-09-12 00:00:00+00:00,30.710962997114848,30.82661166058961,30.743087768554688,9958515,30.614588682795326
2013-09-13 00:00:00+00:00,30.762353747675203,30.8330271981962,30.704530715942383,8049688,30.627430771755986
2013-09-16 00:00:00+00:00,31.000072401893764,31.12856887364024,30.96152114868164,9880754,30.903698121677092
2013-09-17 00:00:00+00:00,30.910133862486692,30.98723125489203,30.845884323120117,8073058,30.800909131854876
2013-09-18 00:00:00+00:00,30.717373244412997,31.295613735731777,31.0964412689209,14681118,30.60172720098299
2013-09-19 00:00:00+00:00,31.141409816535976,31.154260230363583,31.006486892700195,9775744,30.903688719162616
2013-09-20 00:00:00+00:00,31.051480794258605,31.096453416980655,30.845884323120117,29303128,30.755936509132823
2013-09-23 00:00:00+00:00,30.704531841356264,30.878003511455628,30.63385581970215,13210774,30.543908021973355
2013-09-24 00:00:00+00:00,30.60174420940068,30.980812444594317,30.537494659423828,13939029,30.531068163299977
2013-09-25 00:00:00+00:00,30.627428054809567,30.83302446301141,30.62742805480957,11901402,30.46680682410528
2013-09-26 00:00:00+00:00,30.698105347455314,30.839452253678093,30.63385581970215,10753633,30.52463367735595
2013-09-27 00:00:00+00:00,30.56318124635776,30.781628091586146,30.704530715942383,11014794,30.38328565749389
2013-09-30 00:00:00+00:00,30.608170150281627,30.755943611239694,30.588895797729492,17023712,30.383299279115025
2013-10-01 00:00:00+00:00,31.430544269751035,31.62971421606223,31.314895629882812,28651482,30.935827513938516
2013-10-02 00:00:00+00:00,31.128583804184224,31.19283335514539,31.077184677124023,14646114,30.91656336826476
2013-10-03 00:00:00+00:00,30.980791976677647,31.32131128433352,31.07073974609375,18759724,30.839442546404435
2013-10-04 00:00:00+00:00,31.012917121150284,31.070742710861285,30.987218856811523,12126198,30.800896808322385
2013-10-07 00:00:00+00:00,30.788067459657846,30.98724006087803,30.7687931060791,9637198,30.633870062484
2013-10-08 00:00:00+00:00,30.736654134500085,30.93582664375161,30.678831100463867,14693694,30.608157647127584
2013-10-09 00:00:00+00:00,30.64027204931101,30.723795893701638,30.370426177978516,16090363,30.286902333587896
2013-10-10 00:00:00+00:00,30.582462789056194,30.60173970604735,30.511789321899414,18090995,30.171269839385307
2013-10-11 00:00:00+00:00,30.466799828439157,30.51177242706788,30.383275985717773,10745668,30.293328219918518
2013-10-14 00:00:00+00:00,30.06845974630539,30.248355291216704,30.036334991455078,21666876,29.837162538799976
2013-10-15 00:00:00+00:00,29.888567682495083,30.087740175464013,29.920692443847656,14840728,29.824318159789943
2013-10-16 00:00:00+00:00,29.946400457144357,30.306194305419922,30.306194305419922,11635630,29.920702180824925
2013-10-17 00:00:00+00:00,30.28048385537547,30.37685813205035,30.26763343811035,14544668,30.126286553821057
2013-10-18 00:00:00+00:00,30.434688734795873,30.486087848111765,29.946395874023438,21622755,29.85644806785637
2013-10-21 00:00:00+00:00,30.004221315054565,30.017071735447846,29.88214874267578,17478544,29.605878831206482
2013-10-22 00:00:00+00:00,29.753647095355138,30.017069132128047,29.8564453125,16601892,29.64442495284225
2013-10-23 00:00:00+00:00,29.93997057956145,30.01707053028267,29.91427230834961,10113934,29.862873197383077
2013-10-24 00:00:00+00:00,30.068479431500883,30.10702813514147,29.69583511352539,11738753,29.6765607617051
2013-10-25 00:00:00+00:00,29.71509092115676,29.927111227408925,29.901412963867188,18752912,29.45809544302895
2013-10-28 00:00:00+00:00,29.278201060626756,29.43882486029466,29.13685417175293,28607885,29.046906385064354
2013-10-29 00:00:00+00:00,29.17541338508258,29.342458586354805,29.284635543823242,16652720,28.963390425380624
2013-10-30 00:00:00+00:00,29.393848214509365,29.400274707300536,29.066179275512695,10436508,28.982655417565734
2013-10-31 00:00:00+00:00,29.111159298539693,29.207533589575185,28.969812393188477,15713922,28.969812393188477
2013-11-01 00:00:00+00:00,28.828458092971967,29.136852690404336,29.059755325317383,21896388,28.667836870012632
2013-11-04 00:00:00+00:00,29.503073698018166,29.727944443811555,29.374574661254883,16954020,29.33602597764284
2013-11-05 00:00:00+00:00,29.291050839517805,29.413123383477757,29.143280029296875,10920684,29.117579194493537
2013-11-06 00:00:00+00:00,29.271790080988406,29.567334407117222,29.528785705566406,12954642,29.130443129606395
2013-11-07 00:00:00+00:00,29.650847867076003,29.708670899044616,29.438827514648438,12235819,29.41312667696729
2013-11-08 00:00:00+00:00,29.509505571455755,30.113444528716936,30.068471908569336,18260142,29.464530382765105
2013-11-11 00:00:00+00:00,30.139145038256586,30.293342381084113,30.19696807861328,7895003,30.119868122928008
2013-11-12 00:00:00+00:00,30.164841654277048,30.60173538589621,30.576034545898438,14620229,30.06846992564258
2013-11-13 00:00:00+00:00,30.029914521170976,30.434683431201577,30.415409088134766,14836955,29.97209149197054
2013-11-14 00:00:00+00:00,30.53106348288929,30.755936873335187,30.723812103271484,11822069,30.518215629698386
2013-11-15 00:00:00+00:00,30.601737986249354,31.019354839085338,30.884431838989258,12567092,30.601737986249354
2013-11-18 00:00:00+00:00,30.86515867122145,31.006505602993364,30.845884323120117,8310745,30.69811089628563
2013-11-19 00:00:00+00:00,30.87158141789842,30.94868137590036,30.884431838989258,8745874,30.6145858387971
2013-11-20 00:00:00+00:00,30.826605720304403,31.109299544830588,30.922977447509766,8647991,30.67883231386573
2013-11-21 00:00:00+00:00,30.980793678360783,31.289188249191124,31.237789154052734,13453281,30.942242430600448
2013-11-22 00:00:00+00:00,31.154265841664277,31.50763302150735,31.44338607788086,14638359,31.122141085579976
2013-11-25 00:00:00+00:00,31.449804330118457,32.02161820709031,31.905969619750977,19159641,31.44338040747691
2013-11-26 00:00:00+00:00,31.905988579581013,31.96381419188382,31.854589462280273,24040386,31.58474602285878
2013-11-27 00:00:00+00:00,31.861008069572616,32.06660448787684,32.01520538330078,12120644,31.841733726424412
2013-11-29 00:00:00+00:00,31.98950454674149,32.0923027558936,32.01520538330078,7231200,31.79033462184836
2013-12-02 00:00:00+00:00,31.957374034450396,32.39426762899729,32.24007034301758,15541735,31.957374034450396
2013-12-03 00:00:00+00:00,32.00878517655336,32.16298250819299,31.970233917236328,14257411,31.726088784275948
2013-12-04 00:00:00+00:00,31.867426704259632,31.899551460354584,31.68110466003418,12001277,31.36628615997103
2013-12-05 00:00:00+00:00,31.42411787206372,31.64256473280886,31.35987091064453,9140551,31.3341700712426
2013-12-06 00:00:00+00:00,31.565463788757054,31.848157579012504,31.732511520385742,7758554,31.456239086441744
2013-12-09 00:00:00+00:00,31.72609290599962,32.02806368289493,31.84174156188965,9779412,31.61044425010959
2013-12-10 00:00:00+00:00,31.661836847710212,31.83530851155339,31.758211135864258,10727747,31.546190784176517
2013-12-11 00:00:00+00:00,31.80960755890169,31.8224579766133,31.449813842773438,15200192,31.321317371284554
2013-12-12 00:00:00+00:00,31.488719914389257,31.624866698391443,31.32663917541504,12169062,31.13862966514958
2013-12-13 00:00:00+00:00,31.598937946806164,31.702668600094796,31.36554527282715,8799322,31.15808396624988
2013-12-16 00:00:00+00:00,31.31367516698993,31.501687271360677,31.177528381347656,11893962,31.047863788606275
2013-12-17 00:00:00+00:00,31.073793345035963,31.119173872598967,31.054344177246094,14567200,30.866332099490634
2013-12-18 00:00:00+00:00,31.034899070061602,31.72211259196546,31.70266342163086,14200086,30.892267501207236
2013-12-19 00:00:00+00:00,31.605408670990826,31.73507063399337,31.63134002685547,9182995,31.46277714229646
2013-12-20 00:00:00+00:00,31.67671954573883,32.05922841532194,31.974946975708008,17611745,31.527608422593826
2013-12-23 00:00:00+00:00,32.05274268075937,32.221305554981164,32.000877380371094,8660567,31.92956291631715
2013-12-24 00:00:00+00:00,32.046265467502586,32.201861392834225,32.03329849243164,4457039,31.916600900472933
2013-12-26 00:00:00+00:00,32.05276112492339,32.253740251517485,32.234291076660156,5313150,32.00089579469017
2013-12-27 00:00:00+00:00,32.26669107435738,32.3509725177622,32.27965545654297,4448026,32.11109516157302
2013-12-30 00:00:00+00:00,32.24724277814385,32.37690734863281,32.37690734863281,6625351,31.981434037217447
2013-12-31 00:00:00+00:00,32.2472478495816,32.467676098975005,32.44822692871094,8881695,32.11110365773313
2014-01-02 00:00:00+00:00,32.33800746166544,32.441738076340485,32.08516311645508,8265052,31.961983335508446
2014-01-03 00:00:00+00:00,32.08516487269328,32.41580590108821,32.240760803222656,6743880,32.0657157053571
2014-01-06 00:00:00+00:00,32.29261363058658,32.506556980424,32.247230529785156,10408107,32.098119440567196
2014-01-07 00:00:00+00:00,32.38986813519111,32.675125988817534,32.48711395263672,10475598,32.37690116225187
2014-01-08 00:00:00+00:00,32.48063448249598,32.506565838706855,32.27965545654297,14353094,32.15647568290198
2014-01-09 00:00:00+00:00,32.299114953981146,32.415809972655595,32.104618072509766,9771447,31.98792305383532
2014-01-10 00:00:00+00:00,32.30560035987362,32.46119632542275,32.338016510009766,8533969,32.09165428734322
2014-01-13 00:00:00+00:00,32.99929115292315,34.6460140962986,34.43855285644531,39081282,32.927976675703576
2014-01-14 00:00:00+00:00,34.05604882365932,34.42558821021082,34.360755920410156,22207854,33.82265361711299
2014-01-15 00:00:00+00:00,34.13383939834733,34.29592009388572,34.049560546875,10991424,33.93934515554095
2014-01-16 00:00:00+00:00,33.80968400350172,34.347786223574126,34.03659439086914,8142541,33.77726786361498
2014-01-17 00:00:00+00:00,34.11439871478169,34.133847884713816,33.68002700805664,17563222,33.530915841296896
2014-01-21 00:00:00+00:00,33.73188440902577,33.87451334961638,33.60222244262695,11565204,33.524423189315876
2014-01-22 00:00:00+00:00,33.56331794709471,33.69946468201589,33.2910270690918,11164973,33.245643960171584
2014-01-23 00:00:00+00:00,33.200260420132686,33.55035051128812,33.453102111816406,16639934,32.973347488032
2014-01-24 00:00:00+00:00,33.239171290539716,33.82265413210955,33.6994743347168,19137842,33.14840763854088
2014-01-27 00:00:00+00:00,34.26998511902189,35.07389601418159,34.0560417175293,32490096,34.0560417175293
2014-01-28 00:00:00+00:00,33.952318949371566,34.419106780971845,34.2764778137207,15801954,33.85507051251476
2014-01-29 00:00:00+00:00,34.166261104203556,34.25702475338946,33.84858703613281,20274713,33.56981130459316
2014-01-30 00:00:00+00:00,34.01067480051329,34.79513690469364,34.69140625,18205646,33.958809473166475
2014-01-31 00:00:00+00:00,34.561732996608086,34.671945809465754,34.341304779052734,17071920,34.205158015028545
2014-02-03 00:00:00+00:00,34.302411277651785,34.45800723105568,33.76430892944336,16232053,33.660578293840764
2014-02-04 00:00:00+00:00,34.09495628143198,34.697891035818884,34.69140625,19054631,33.97177645296339
2014-02-05 00:00:00+00:00,35.190613382504544,35.78706599431713,34.704376220703125,25682602,34.45153434799739
2014-02-06 00:00:00+00:00,34.5293138325001,34.924787114388295,34.859954833984375,12832550,34.23108897121778
2014-02-07 00:00:00+00:00,34.782156025096796,35.5406838100343,35.508270263671875,15192961,34.64600928138402
2014-02-10 00:00:00+00:00,35.197086267923,35.65738931225629,35.58607482910156,11118861,35.15170314598808
2014-02-11 00:00:00+00:00,35.469365693705825,36.14361456016012,36.11119842529297,16089525,35.294320638894725
2014-02-12 00:00:00+00:00,35.94264343876941,36.104721545103175,35.65738296508789,14283926,35.56013713802353
2014-02-13 00:00:00+00:00,35.30081667062443,35.793535857210166,35.72222137451172,10735083,35.27488271773035
2014-02-14 00:00:00+00:00,35.62496560944132,36.059337200408066,35.94264221191406,9098631,35.62496560944132
2014-02-18 00:00:00+00:00,35.80001024359354,36.26031315129132,36.10471725463867,11738753,35.74166016244915
2014-02-19 00:00:00+00:00,35.942637948024434,36.08526686715674,35.683311462402344,10791361,35.65089532771967
2014-02-20 00:00:00+00:00,35.72869091050835,36.30569394368584,36.18251419067383,10619489,35.6768256149328
2014-02-21 00:00:00+00:00,36.20845195246922,36.526125972167065,36.32514953613281,12226597,36.18900278716524
2014-02-24 00:00:00+00:00,36.221428752367,36.90216009002638,36.42240524291992,11541100,36.221428752367
2014-02-25 00:00:00+00:00,36.389989208752446,36.55855214342754,36.24736022949219,8923196,36.176045739862055
2014-02-26 00:00:00+00:00,36.305709727606434,36.59745246603405,36.48075485229492,10626196,36.25384440948242
2014-02-27 00:00:00+00:00,36.46130582442328,36.740081586448895,36.73359680175781,9490164,36.30570986944337
2014-02-28 00:00:00+00:00,36.778984957023795,37.25225507953728,36.947547912597656,12457157,36.727119631604204
2014-03-03 00:00:00+00:00,36.37053785150595,36.804909547946124,36.577999114990234,10293246,36.273292004147876
2014-03-04 00:00:00+00:00,36.97993647058834,37.20684677599881,36.99290084838867,11523703,36.89565505569209
2014-03-05 00:00:00+00:00,37.21335160537035,37.23928296858638,36.87622833251953,9476330,36.642833104373246
2014-03-06 00:00:00+00:00,36.99291311153865,37.37541940390331,37.12257766723633,11114774,36.96049697261423
2014-03-07 00:00:00+00:00,37.180936381475945,37.32356536230968,37.25873565673828,11144642,37.018858229786744
2014-03-10 00:00:00+00:00,37.23926897280652,37.355966543020756,37.16147232055664,7737594,36.95401112543774
2014-03-11 00:00:00+00:00,37.2133381899947,37.239269543862505,36.75303268432617,11408004,36.6752360308833
2014-03-12 00:00:00+00:00,36.558547526189464,36.90863773719125,36.830841064453125,9954218,36.47426606949642
2014-03-13 00:00:00+00:00,36.987647212853346,37.105253075570566,36.45187759399414,10605760,36.40614023933488
2014-03-14 00:00:00+00:00,36.28199334910913,36.60214694585878,36.39306640625,12699454,36.11211475765947
2014-03-17 00:00:00+00:00,36.5564231524434,36.88311224638433,36.758968353271484,9965851,36.5564231524434
2014-03-18 00:00:00+00:00,36.79163731761907,36.954983169709266,36.82430648803711,7410303,36.69363241843583
2014-03-19 00:00:00+00:00,37.033388062528886,37.183665727987936,36.582557678222656,10530723,36.35387609135606
2014-03-20 00:00:00+00:00,36.47801558635739,36.510684756032326,36.321205139160156,8866918,36.13826092346546
2014-03-21 00:00:00+00:00,36.91577266219968,36.981110992529864,35.71356201171875,24549295,35.6874256347585
2014-03-24 00:00:00+00:00,35.844237401705335,35.844237401705335,35.13859176635742,16244838,35.00138231235743
2014-03-25 00:00:00+00:00,35.203933002382264,36.24933604228642,36.05985641479492,14793254,35.158198251930806
2014-03-26 00:00:00+00:00,36.21665423868255,36.88963319041744,36.60214614868164,13701133,36.19052047783568
2014-03-27 00:00:00+00:00,36.51722188266089,36.660964146365856,36.412681579589844,11657742,36.15133082191221
2014-03-28 00:00:00+00:00,36.72630963896341,37.216344725427405,36.57603454589844,9390394,36.438825035137114
2014-03-31 00:00:00+00:00,36.64790612757369,37.13793860772535,37.092201232910156,14861898,36.61523694728736
2014-04-01 00:00:00+00:00,37.01378911385707,37.13793040428041,36.83084487915039,8085739,36.59562787787485
2014-04-02 00:00:00+00:00,36.90269754911662,36.95496767745864,36.88962936401367,7398880,36.62174332371721
2014-04-03 00:00:00+00:00,36.935386337152416,37.07912861347515,36.72630310058594,8712129,36.55642705223688
2014-04-04 00:00:00+00:00,36.98765972369828,37.05952825606531,36.667503356933594,10912614,36.647902373184145
2014-04-07 00:00:00+00:00,36.177464909801884,36.69363364028117,36.05985641479492,11974762,35.95531611080451
2014-04-08 00:00:00+00:00,36.11865199594209,36.33426533386468,35.96184158325195,11283606,35.73969284559004
2014-04-09 00:00:00+00:00,36.07945694603851,37.34047327639993,37.307804107666016,16881708,36.06638875613079
2014-04-10 00:00:00+00:00,37.82397259423343,37.98731844831925,36.491085052490234,18883388,36.445347690932024
2014-04-11 00:00:00+00:00,36.29507728209031,36.981122120788676,36.536827087402344,14286022,36.13173401918249
2014-04-14 00:00:00+00:00,36.73284150410125,37.06606345010946,36.30814743041992,11304776,35.90305172830635
2014-04-15 00:00:00+00:00,36.45187768646984,36.79163231085459,36.62175369262695,11677759,36.0075801637315
2014-04-16 00:00:00+00:00,36.88311224638433,37.20979872825437,36.758968353271484,10098004,36.54335496178875
2014-04-17 00:00:00+00:00,36.88309836676268,37.24245388400344,36.89616394042969,11804358,36.765489919270294
2014-04-21 00:00:00+00:00,36.95498096426413,37.438477866212104,37.40581130981445,6530088,36.850440669993645
2014-04-22 00:00:00+00:00,37.301269749064986,38.10492296375121,37.745567321777344,14642866,37.25553500121603
2014-04-23 00:00:00+00:00,37.73250371744171,37.7455719093029,37.56916046142578,8107433,37.29474149269642
2014-04-24 00:00:00+00:00,37.451543293962374,37.77823234248201,37.58875274658203,7037110,37.144455222664035
2014-04-25 00:00:00+00:00,37.58875634744988,37.6867638550157,37.39927673339844,6526630,37.255534478625194
2014-04-28 00:00:00+00:00,37.64103091688923,37.79784138017035,37.033390045166016,17807826,36.902715965133964
2014-04-29 00:00:00+00:00,37.569150459772956,38.45774286456381,38.366268157958984,14317252,37.41887282355397
2014-04-30 00:00:00+00:00,38.22908389806264,38.54923772403242,38.26175308227539,14211299,37.90892746002088
2014-05-01 00:00:00+00:00,38.255194746870366,39.09804979086742,38.954307556152344,12287276,38.255194746870366
2014-05-02 00:00:00+00:00,38.85630775743204,38.89551232999427,38.039588928222656,12659106,37.85664209247839
2014-05-05 00:00:00+00:00,37.96771377260623,38.33360218117406,38.30746841430664,8525480,37.732496810446165
2014-05-06 00:00:00+00:00,38.38587153011785,38.3989397193156,37.314334869384766,14502538,37.26860012529853
2014-05-07 00:00:00+00:00,36.71323204852221,37.14445881321631,36.48455047607422,24009575,36.27546988274226
2014-05-08 00:00:00+00:00,36.29507355125144,36.432283027301345,35.824642181396484,15061227,35.75277104862196
2014-05-09 00:00:00+00:00,36.00103920483842,36.39959928234726,36.07291030883789,12979480,35.543676209167266
2014-05-12 00:00:00+00:00,36.34081562070186,36.34081562070186,36.12520217895508,8473080,35.83771758995937
2014-05-13 00:00:00+00:00,36.13826996139507,36.62830240493126,36.42575454711914,9389032,36.066398814964046
2014-05-14 00:00:00+00:00,36.34734529702817,36.95498616957373,36.83084487915039,8171780,36.34734529702817
2014-05-15 00:00:00+00:00,36.46495320450677,36.974586549552356,36.5172233581543,9346588,36.26893816927528
2014-05-16 00:00:00+00:00,36.366933328025816,36.75895804112183,36.50414276123047,9496976,36.366933328025816
2014-05-19 00:00:00+00:00,36.419211708766646,36.83084010156815,36.817771911621094,7880226,36.34080518115508
2014-05-20 00:00:00+00:00,36.73281919662437,36.75895295491533,36.58907699584961,8232983,36.412665638158806
2014-05-21 00:00:00+00:00,36.71977311754793,36.99419211119308,36.968055725097656,6970143,36.67403574791661
2014-05-22 00:00:00+00:00,36.850449217108626,37.09873182057017,36.90925216674805,7522544,36.61523219440829
2014-05-23 00:00:00+00:00,37.00071199283258,37.22939353706375,37.11832046508789,6343544,36.88310613264771
2014-05-27 00:00:00+00:00,37.196727430733006,37.26860116729486,37.0399169921875,7652286,36.89617474320512
2014-05-28 00:00:00+00:00,37.05298233264281,37.06605052120109,36.85043716430664,7171569,36.85043716430664
2014-05-29 00:00:00+00:00,37.18366678677334,37.75863847106083,37.699832916259766,8922358,36.98111896391816
2014-05-30 00:00:00+00:00,37.58222588240721,38.072260872526556,37.80437469482422,12071912,37.58222588240721
2014-06-02 00:00:00+00:00,37.837037096177525,38.02651670120184,37.85010528564453,6733924,37.55608538902547
2014-06-03 00:00:00+00:00,37.5822181990117,37.8697052996129,37.8370361328125,7417849,37.48421331068107
2014-06-04 00:00:00+00:00,37.75209778274796,37.90237543144191,37.85010528564453,7205419,37.57568636719065
2014-06-05 00:00:00+00:00,37.87624231986822,38.20293141230102,37.961181640625,8007349,37.71289907968726
2014-06-06 00:00:00+00:00,38.026521709883795,38.065723671377675,37.7978401184082,7024954,37.68676702348523
2014-06-09 00:00:00+00:00,37.56261616648709,37.87623702447896,37.85663604736328,8470879,37.39927294914276
2014-06-10 00:00:00+00:00,37.843587094427654,38.222543838581366,38.21601104736328,8031558,37.843587094427654
2014-06-11 00:00:00+00:00,38.23560352445295,38.56882543178429,38.42508316040039,12258246,38.157196986925584
2014-06-12 00:00:00+00:00,38.3658311030722,38.655482705074625,38.378997802734375,10022967,38.22100530207099
2014-06-13 00:00:00+00:00,38.25390822803496,38.60939058036056,38.33948516845703,8801628,38.16832865585286
2014-06-16 00:00:00+00:00,38.220998991306054,38.43165562407518,38.22758102416992,8102612,38.00375769391261
2014-06-17 00:00:00+00:00,38.14859539459934,38.32633664282059,38.22100830078125,6567502,38.036682386331854
2014-06-18 00:00:00+00:00,38.20125163476674,38.47773915220729,38.45140838623047,8213176,38.05642584249244
2014-06-19 00:00:00+00:00,38.45799273718562,38.45799273718562,38.378997802734375,6300471,38.24733606963445
2014-06-20 00:00:00+00:00,38.583076666773664,39.024138813934,38.78715133666992,15110064,38.47116627914359
2014-06-23 00:00:00+00:00,38.71473290496802,38.82664327664661,38.510658264160156,7393011,38.45141206122931
2014-06-24 00:00:00+00:00,38.43166352879367,38.681817673719216,38.12884521484375,8550108,38.10251181445107
2014-06-25 00:00:00+00:00,38.00375960045506,39.0504607839469,38.747642517089844,13911466,37.99717756726099
2014-06-26 00:00:00+00:00,38.681813594093796,38.68839562761729,38.53040313720703,7585738,38.346079880942085
2014-06-27 00:00:00+00:00,38.42507320756937,38.52381949686737,37.872100830078125,18115414,37.839185400312125
2014-06-30 00:00:00+00:00,37.924759765732404,38.31315757263725,38.0827522277832,9154280,37.87209561171547
2014-07-01 00:00:00+00:00,37.98401232323256,38.60281557878468,38.51723861694336,9262224,37.83918653333411
2014-07-02 00:00:00+00:00,38.49091810341618,38.905649511593346,38.87273406982422,7274168,38.42508721987792
2014-07-03 00:00:00+00:00,39.09654695351212,39.136047054700846,38.97146987915039,5470665,38.88589290597738
2014-07-07 00:00:00+00:00,38.78056278781083,39.26770702734059,38.523826599121094,9721458,38.50407786397274
2014-07-08 00:00:00+00:00,38.61598592529714,38.62256795936496,38.293418884277344,8667065,38.1222596809048
2014-07-09 00:00:00+00:00,38.477748223459535,38.65548948892847,38.5435791015625,7271758,38.300006957990604
2014-07-10 00:00:00+00:00,38.365826401527265,38.68839339727566,38.563316345214844,5851718,38.00375931163292
2014-07-11 00:00:00+00:00,38.60940466093948,38.668650864013756,38.471160888671875,6399926,38.28683498172808
2014-07-14 00:00:00+00:00,38.589661150359056,38.62257395757054,38.30000686645508,8781297,38.22101191832938
2014-07-15 00:00:00+00:00,38.26708685613386,38.444828099945205,38.12226104736328,10645689,37.84577349842962
2014-07-16 00:00:00+00:00,38.14200298478859,38.31974419692486,38.28024673461914,7131640,38.00375923495804
2014-07-17 00:00:00+00:00,38.09592239715055,38.33949182889308,37.91817855834961,6968886,37.898429827762946
2014-07-18 00:00:00+00:00,38.12884952782416,38.46458331436128,38.40533447265625,7789470,37.93135689782245
2014-07-21 00:00:00+00:00,38.10910182140247,38.30659447038168,38.181514739990234,7436294,37.99060939012878
2014-07-22 00:00:00+00:00,38.26708412504168,38.76081035189434,38.464576721191406,6821642,38.26708412504168
2014-07-23 00:00:00+00:00,38.37899475153635,38.51065384240826,38.2539176940918,6594435,38.21441759824562
2014-07-24 00:00:00+00:00,38.39216082332993,38.51065585353523,38.31974792480469,10547282,38.12884262783494
2014-07-25 00:00:00+00:00,38.26708003659706,38.4184904844497,38.28024673461914,5790305,38.12883891852705
2014-07-28 00:00:00+00:00,38.29342016269083,38.4053305361454,38.16175842285156,9013534,38.08276348435681
2014-07-29 00:00:00+00:00,38.72130882651701,39.0241270910727,38.563316345214844,10823744,38.273664778707804
2014-07-30 00:00:00+00:00,38.56332070420619,38.741061936791986,38.234169006347656,8438286,37.92476867367496
2014-07-31 00:00:00+00:00,38.02351321609141,38.227585206563276,37.35204315185547,10604712,37.33887645292675
2014-08-01 00:00:00+00:00,37.24671971303333,37.602204840206134,37.39154815673828,10627768,37.049229730222486
2014-08-04 00:00:00+00:00,37.49029689260357,37.7009536045053,37.56270980834961,9064676,37.10189890900492
2014-08-05 00:00:00+00:00,37.33886958242194,37.50344670934624,36.8846435546875,9464698,36.74639982077518
2014-08-06 00:00:00+00:00,36.78591314318338,36.95707237629635,36.81882858276367,12865038,36.68058478923099
2014-08-07 00:00:00+00:00,37.003153346962215,37.23356143311939,36.62792205810547,7561844,36.58184254628322
2014-08-08 00:00:00+00:00,36.77934161509648,37.26648604923406,37.226985931396484,7421412,36.588433590048986
2014-08-11 00:00:00+00:00,37.325710838171865,37.556116216948176,37.29937744140625,5763057,37.16771835286005
2014-08-12 00:00:00+00:00,37.22695713937989,37.61535492617271,37.54294204711914,7430530,37.2072084116162
2014-08-13 00:00:00+00:00,37.7799340001259,38.10908298891155,38.0827522277832,11172414,37.62852357041713
2014-08-14 00:00:00+00:00,38.2144297827089,38.701574100955696,38.69499206542969,8313050,38.18151434155585
2014-08-15 00:00:00+00:00,38.70814591194255,38.839807641777064,38.58306884765625,9481046,38.20125298924914
2014-08-18 00:00:00+00:00,38.70815052680468,38.754232664092925,38.4579963684082,9897207,38.411916862881085
2014-08-19 00:00:00+00:00,38.741062072806265,38.80689293896126,38.78055953979492,7791880,38.40532833988097
2014-08-20 00:00:00+00:00,38.6291656394372,39.2150537169705,39.15580749511719,7376243,38.53041930458652
2014-08-21 00:00:00+00:00,39.10312929725343,39.27428849695634,38.74106216430664,8013846,38.7015646972247
2014-08-22 00:00:00+00:00,38.86612636110456,39.076782958132554,38.95170593261719,5436605,38.773964757844816
2014-08-25 00:00:00+00:00,39.06363090965775,39.41253399003541,39.320369720458984,5418998,39.01096937241548
2014-08-26 00:00:00+00:00,39.280879304413084,39.76143894594048,39.62977981567383,9663189,39.274297269016266
2014-08-27 00:00:00+00:00,39.76143283639825,39.8799278776639,39.682437896728516,6860942,39.57052488984832
2014-08-28 00:00:00+00:00,39.42569120463801,39.64951454193227,39.498104095458984,5492568,39.39277577576293
2014-08-29 00:00:00+00:00,39.77460461085925,39.77460461085925,39.57052993774414,5990158,39.38620663382714
2014-09-02 00:00:00+00:00,39.32037724896718,39.5639494062131,39.3598747253418,6345116,39.28087977259257
2014-09-03 00:00:00+00:00,39.577099523367544,40.06424100195173,39.8140869140625,9532818,39.537599431784734
2014-09-04 00:00:00+00:00,39.87334328828348,40.15641285689665,39.55077362060547,11327832,39.445445286620995
2014-09-05 00:00:00+00:00,39.77460281227683,40.2749137878418,40.2749137878418,11259922,39.5968615516223
2014-09-08 00:00:00+00:00,40.30123377969432,40.373646671572914,40.18932342529297,8824579,40.044495009775225
2014-09-09 00:00:00+00:00,40.05109765880625,40.17617476746529,39.86677169799805,7800998,39.80752547761063
2014-09-10 00:00:00+00:00,39.939175691129456,40.0708374382303,39.9984245300293,9655014,39.72851900117704
2014-09-11 00:00:00+00:00,39.925487821636835,40.078002779889935,39.85254669189453,8158890,39.660246144865404
2014-09-12 00:00:00+00:00,39.70664177223753,39.87241673150409,39.487815856933594,7358846,39.295518070605574
2014-09-15 00:00:00+00:00,39.55412603593291,39.779581990331955,39.46792221069336,8110367,39.45466212293125
2014-09-16 00:00:00+00:00,39.46130449840202,39.82601004497324,39.77959442138672,9479579,39.3087895828626
2014-09-17 00:00:00+00:00,39.47457510731115,39.79286509372107,39.706661224365234,10764218,39.30879741587358
2014-09-18 00:00:00+00:00,39.872427575156614,40.011679745232534,39.99178695678711,8388297,39.66686699391527
2014-09-19 00:00:00+00:00,40.28354623294857,40.376382768422886,40.111141204833984,15175774,40.111141204833984
2014-09-22 00:00:00+00:00,40.03157378382731,40.436067564070775,40.17082595825195,9767884,39.958632673596895
2014-09-23 00:00:00+00:00,39.88570468770978,40.27030580543912,39.97190856933594,8396681,39.58067740338878
2014-09-24 00:00:00+00:00,39.99178877285261,40.14430369247064,40.02494430541992,12015949,39.93874045093652
2014-09-25 00:00:00+00:00,39.97189480253633,40.11777702075598,39.547508239746094,9109006,39.540875542853755
2014-09-26 00:00:00+00:00,39.600547424387116,39.646963037135635,39.38172149658203,11303938,38.82471558689816
2014-09-29 00:00:00+00:00,39.14300260173324,39.60054455743328,39.394981384277344,9137722,38.997120427729506
2014-09-30 00:00:00+00:00,39.388362103187895,39.77296042602005,39.30878829956055,9691170,39.288895511393186
2014-10-01 00:00:00+00:00,39.18279931934987,39.2690031696938,38.93082046508789,9525167,38.791568295375235
2014-10-02 00:00:00+00:00,38.97723931445951,39.16290710951398,39.02365493774414,8499070,38.65231669667721
2014-10-03 00:00:00+00:00,39.23584970083381,39.85253677727621,39.71991729736328,9056606,39.23584970083381
2014-10-06 00:00:00+00:00,39.89895581395836,39.95200413712653,39.50772476196289,7456101,39.322054305395234
2014-10-07 00:00:00+00:00,39.335313932148,39.388362251112824,38.765045166015625,9977065,38.758412469296324
2014-10-08 00:00:00+00:00,38.89766437447403,39.938737958476686,39.905582427978516,12909474,38.837986010152065
2014-10-09 00:00:00+00:00,39.78623699503255,40.12441981331938,39.262386322021484,9008398,39.19607523778046
2014-10-10 00:00:00+00:00,39.32868741100991,39.733181238002004,38.89767074584961,11826890,38.89767074584961
2014-10-13 00:00:00+00:00,38.82472216722439,38.82472216722439,37.22664260864258,15518470,37.120545974439025
2014-10-14 00:00:00+00:00,37.51178322241068,37.76376210782558,37.352638244628906,11460718,36.95477712565362
2014-10-15 00:00:00+00:00,36.71606221996714,37.04761495484755,36.29167556762695,19687518,35.99991106962234
2014-10-16 00:00:00+00:00,35.81423124568463,35.86727956339555,35.429630279541016,22905298,34.806313209177205
2014-10-17 00:00:00+00:00,35.70812868841968,36.22535168854315,35.820858001708984,20664569,35.495935452766176
2014-10-20 00:00:00+00:00,35.953482139686834,35.98663766845347,35.840755462646484,12643177,35.75455161804478
2014-10-21 00:00:00+00:00,36.18556943023675,36.65637424351739,36.556907653808594,18119815,36.01979443167994
2014-10-22 00:00:00+00:00,36.623212099519236,37.04096586874322,36.80887985229492,13520982,36.470697219701265
2014-10-23 00:00:00+00:00,37.30621825013359,37.84333418230141,37.55156707763672,12419953,37.25980262393018
2014-10-24 00:00:00+00:00,37.66429512353614,38.234563918637484,38.20140838623047,8966059,37.551565783160676
2014-10-27 00:00:00+00:00,37.73723620142895,37.95605953397413,37.43220901489258,15111007,37.08076355283538
2014-10-28 00:00:00+00:00,37.53167524824071,37.53167524824071,37.03434753417969,25111338,35.87391443406516
2014-10-29 00:00:00+00:00,37.14707051940401,37.5383041956474,37.26642990112305,13092559,36.88846161846371
2014-10-30 00:00:00+00:00,36.941520488671124,38.05553551731449,38.00248718261719,13484197,36.93488778998477
2014-10-31 00:00:00+00:00,38.42685974703159,38.546216468044946,38.42022705078125,14741273,38.23455927301088
2014-11-03 00:00:00+00:00,38.426873559108536,39.07671366583976,39.07008361816406,10667487,38.17489198305167
2014-11-04 00:00:00+00:00,39.036916583903064,39.59392260437714,39.36846923828125,11882643,39.036916583903064
2014-11-05 00:00:00+00:00,39.779583830528715,39.95199148898337,39.50107955932617,13287382,39.37509016305771
2014-11-06 00:00:00+00:00,39.520985616153375,39.719918820086285,39.2955322265625,14003481,39.24911394878652
2014-11-07 00:00:00+00:00,39.38172348826215,39.53423837590274,39.348567962646484,11122424,39.16290020034774
2014-11-10 00:00:00+00:00,38.6191679724923,39.24911787945081,38.99713897705078,15299228,38.26109241108612
2014-11-11 00:00:00+00:00,39.600555301058606,39.75306756036372,39.36846923828125,13942173,39.26237260095686
2014-11-12 00:00:00+00:00,39.308800595502674,39.487838395970535,39.32869338989258,6988902,39.18944382916326
2014-11-13 00:00:00+00:00,39.454670710226395,39.75306516513399,39.48119354248047,6965951,39.24247744836284
2014-11-14 00:00:00+00:00,39.27564087223041,39.487831525791556,39.1695442199707,7472869,38.97061100876503
2014-11-17 00:00:00+00:00,39.593925189535845,39.71991727417297,39.42815017700195,8982722,39.32868357890678
2014-11-18 00:00:00+00:00,39.44803435668515,39.87242084106704,39.71327590942383,8030824,39.22258102507539
2014-11-19 00:00:00+00:00,39.540875542853755,39.607186606029224,39.547508239746094,7655011,39.20932552889238
2014-11-20 00:00:00+00:00,39.26236108804403,39.3883504765531,39.37508773803711,7064673,39.030275093321315
2014-11-21 00:00:00+00:00,39.74643974238386,39.79948806401936,39.56077194213867,11800899,39.341945958543484
2014-11-24 00:00:00+00:00,39.66023672732124,39.66023672732124,39.28889846801758,8895424,39.116493407273744
2014-11-25 00:00:00+00:00,39.33530787316622,39.56076385677828,39.348567962646484,10824373,39.209318466401186
2014-11-26 00:00:00+00:00,39.587301157820974,39.633719440842604,39.62045669555664,6582069,39.355215044629794
2014-11-28 00:00:00+00:00,39.5872881917616,40.36312009798354,40.05146026611328,6505355,39.5872881917616
2014-12-01 00:00:00+00:00,40.05146105481282,40.66151798962467,40.13103485107422,8671257,39.97188990950909
2014-12-02 00:00:00+00:00,40.20398377240961,40.43606985930501,40.30344772338867,6755408,39.97189768551421
2014-12-03 00:00:00+00:00,40.29018534360993,40.40291203197366,40.17082595825195,10197564,39.991788205694
2014-12-04 00:00:00+00:00,40.124407891817796,40.70130938158355,40.39628219604492,7456101,40.124407891817796
2014-12-05 00:00:00+00:00,40.46921148995274,40.95990898272933,40.77423858642578,11708046,40.329959355464396
2014-12-08 00:00:00+00:00,40.562058752116194,41.24505691078803,41.03286361694336,11941646,40.436069315265684
2014-12-09 00:00:00+00:00,39.38835678702104,39.87905168115629,39.792850494384766,19679554,38.95733759837565
2014-12-10 00:00:00+00:00,39.865804856655586,40.131046502942525,39.77296829223633,13889878,39.58730046531469
2014-12-11 00:00:00+00:00,39.93998391049031,40.474477042222944,39.64601135253906,11857177,39.545795559712076
2014-12-12 00:00:00+00:00,39.50572356145309,39.853142887503324,38.56367874145508,12702179,38.556998576510914
2014-12-15 00:00:00+00:00,38.630483416648815,38.7908313824989,38.04922103881836,12759610,37.94900522953521
2014-12-16 00:00:00+00:00,38.06259541250921,38.94450815275616,37.94901657104492,11752272,37.935653568814466
2014-12-17 00:00:00+00:00,38.11603935560537,38.617126493845724,38.50354766845703,13271662,37.78866320878094
2014-12-18 00:00:00+00:00,39.14494230015165,39.4055061340332,39.4055061340332,14000651,38.81088329489571
2014-12-19 00:00:00+00:00,39.585889651976665,40.0201670761795,39.80636978149414,18208162,39.425541680962645
2014-12-22 00:00:00+00:00,39.49903809278134,39.79301073768899,39.39213943481445,10491004,39.11821262539832
2014-12-23 00:00:00+00:00,39.21174591384253,39.418863052761516,38.22293472290039,14845339,38.10267307220558
2014-12-24 00:00:00+00:00,38.27638623528225,38.65721170140791,38.38996505737305,5293448,38.24966290637746
2014-12-26 00:00:00+00:00,38.536957728566804,38.76411540230201,38.60376739501953,4897094,38.47682555646229
2014-12-29 00:00:00+00:00,38.38327556242426,38.69729129445613,38.57034683227539,6291982,38.38327556242426
2014-12-30 00:00:00+00:00,38.43673027410625,38.597078244058835,38.516902923583984,5486070,38.28306246794445
2014-12-31 00:00:00+00:00,38.263010009944395,38.65051817760435,37.94231414794922,7842813,37.90222783294894
2015-01-02 00:00:00+00:00,38.229611185023685,38.61043926351347,38.20956802368164,7415962,38.10266938252608
2015-01-05 00:00:00+00:00,38.89105227206358,39.071443423334536,38.77747344970703,16727338,38.46345764060729
2015-01-06 00:00:00+00:00,38.93782090175259,40.42103909149756,40.300777435302734,25453510,38.91777773755301
2015-01-07 00:00:00+00:00,40.38095427399341,41.16933122666241,41.16265106201172,19528956,40.32750494379555
2015-01-08 00:00:00+00:00,41.423204796948895,42.0512336061925,41.99110412597656,20038808,41.322988996589004
2015-01-09 00:00:00+00:00,41.96437612908702,42.17817338764682,41.79734802246094,13245358,41.53678161196742
2015-01-12 00:00:00+00:00,42.15813131322777,42.42537789330357,41.62363815307617,12124312,41.490016198536644
2015-01-13 00:00:00+00:00,42.03119188139845,42.50555558928982,41.550148010253906,10516890,41.24281509366078
2015-01-14 00:00:00+00:00,41.236141262370914,42.03119833544573,41.850807189941406,10331289,41.0757932807007
2015-01-15 00:00:00+00:00,41.951022366885155,42.084644338891756,41.34303665161133,10023701,41.3096304908604
2015-01-16 00:00:00+00:00,41.32968464017597,42.198237037604336,42.11138153076172,11917018,41.10920445480692
2015-01-20 00:00:00+00:00,41.89756945689511,42.29175784641293,41.83075714111328,13734983,41.34303311209902
2015-01-21 00:00:00+00:00,41.703820379125794,41.9443410055857,41.53010940551758,9517307,41.47666008063791
2015-01-22 00:00:00+00:00,41.596913024528384,41.89756574793463,41.81739044189453,8902131,41.109186367693006
2015-01-23 00:00:00+00:00,41.730541630423545,42.09132655866404,41.750587463378906,6528097,41.6971354701607
2015-01-26 00:00:00+00:00,41.8107251525111,42.07797181605055,41.971073150634766,7036901,41.50339215719013
2015-01-27 00:00:00+00:00,42.01114528102074,42.10468091389148,41.79734802246094,8347425,41.510058290145786
2015-01-28 00:00:00+00:00,41.971061596463564,42.06459723520364,41.05574035644531,9293769,40.9688875518275
2015-01-29 00:00:00+00:00,41.11589011197202,41.523441670039624,41.48335266113281,9527682,40.59475970616344
2015-01-30 00:00:00+00:00,41.10920281922602,41.37644949464833,40.2740592956543,12667071,40.10702845414179
2015-02-02 00:00:00+00:00,40.42104688238425,40.708336742947,40.674930572509766,9711502,39.940002835884286
2015-02-03 00:00:00+00:00,40.68159507717499,40.79517386868218,40.76844787597656,12028420,40.046883466878334
2015-02-04 00:00:00+00:00,40.06694418687855,40.086987354694166,39.45227813720703,20380142,38.97791426224478
2015-02-05 00:00:00+00:00,39.59924104421103,39.65269035221651,39.53242874145508,13268099,39.09147395365707
2015-02-06 00:00:00+00:00,39.48566628556325,39.93330395179964,39.27854919433594,10338310,39.13824441266539
2015-02-09 00:00:00+00:00,39.185015372786545,39.418855796035366,38.97121810913086,10494777,38.70397152956125
2015-02-10 00:00:00+00:00,39.41886396703124,39.64602160350454,39.31864547729492,9997291,39.265196150301676
2015-02-11 00:00:00+00:00,39.258522150765934,39.39214415373288,39.24515914916992,10987127,39.01799880602862
2015-02-12 00:00:00+00:00,39.41885557625623,39.49234805135352,39.338680267333984,7553670,39.14492883534843
2015-02-13 00:00:00+00:00,39.35205301629476,39.37877901622438,39.29192352294922,8278466,39.15829886529592
2015-02-17 00:00:00+00:00,39.245143039557554,39.398810817338784,39.27854919433594,10676290,39.218419718332825
2015-02-18 00:00:00+00:00,39.19837706867461,39.425537336998225,39.28523254394531,11039842,38.90440715637086
2015-02-19 00:00:00+00:00,39.31863807421512,39.412176382089484,38.951175689697266,10308338,38.6237969541306
2015-02-20 00:00:00+00:00,38.85096017037567,39.071437617836274,38.98458480834961,12161830,38.570350567428
2015-02-23 00:00:00+00:00,39.01130516961924,39.19837644337437,38.951175689697266,9002215,38.8643202158121
2015-02-24 00:00:00+00:00,39.07811982234516,39.131569142473666,38.99126434326172,8084377,38.7841472261399
2015-02-25 00:00:00+00:00,39.05808183617081,39.398820963261635,39.078125,8861050,38.790835200119446
2015-02-26 00:00:00+00:00,39.19170511887589,39.51908392827286,39.39213943481445,12040577,39.19170511887589
2015-02-27 00:00:00+00:00,39.34537077148701,39.4589495876891,39.11153030395508,13686775,39.07812414130805
2015-03-02 00:00:00+00:00,39.11152893171911,39.345369391046695,39.13825225830078,10131226,38.93781796044815
2015-03-03 00:00:00+00:00,39.178343410682125,39.21843241198958,38.977909088134766,8647362,38.71734527012245
2015-03-04 00:00:00+00:00,39.024680170382666,39.18502817049359,38.67057800292969,13975290,38.53695600500273
2015-03-05 00:00:00+00:00,38.8108887509427,38.937830603166006,38.737396240234375,12087737,38.61713455407619
2015-03-06 00:00:00+00:00,38.65052896108724,38.663891960147765,37.975730895996094,11595806,37.89555557263018
2015-03-09 00:00:00+00:00,37.97572661848067,38.32982869221719,38.2563362121582,8742416,37.61494438146494
2015-03-10 00:00:00+00:00,38.04921297804268,38.20956090992285,37.80200958251953,13755000,37.74188010968815
2015-03-11 00:00:00+00:00,38.41000241167556,38.41000241167556,37.45459747314453,16417234,37.39446798895625
2015-03-12 00:00:00+00:00,37.596035349890066,37.86544451854715,37.83176803588867,13576106,37.48827168242723
2015-03-13 00:00:00+00:00,37.73748040018429,38.00688960382388,37.85197830200195,13700399,37.47480541690652
2015-03-16 00:00:00+00:00,38.10792556433446,38.606333384441626,38.47163009643555,12073798,38.10792556433446
2015-03-17 00:00:00+00:00,38.316705225965094,38.316705225965094,38.0338249206543,10479371,37.8789163287828
2015-03-18 00:00:00+00:00,37.97995197120938,39.044117782275265,38.828590393066406,15645068,37.85871714162654
2015-03-19 00:00:00+00:00,38.68042494024625,39.293330758613706,39.205772399902344,15149783,38.41101564136977
2015-03-20 00:00:00+00:00,39.225968972884196,39.643555312049216,39.4549674987793,27367472,38.902680579271305
2015-03-23 00:00:00+00:00,39.333720262510646,39.832127869729206,39.55598449707031,11170108,39.09125337062172
2015-03-24 00:00:00+00:00,40.01397552183806,40.20929747916622,39.48862838745117,13692434,39.40780699413491
2015-03-25 00:00:00+00:00,40.07459923326027,40.21603668911813,39.23942947387695,14712243,39.18554764077515
2015-03-26 00:00:00+00:00,39.09125806702379,39.19902174139011,38.79490661621094,11090879,38.66693758947729
2015-03-27 00:00:00+00:00,38.949828354320005,39.21923761249231,38.89594650268555,8932628,38.815125071539676
2015-03-30 00:00:00+00:00,39.23270363668707,39.428025659988755,39.29331970214844,8582072,39.165350657766915
2015-03-31 00:00:00+00:00,39.192298518242026,39.27311995038858,38.71409606933594,10960718,38.71409606933594
2015-04-01 00:00:00+00:00,38.56592186679158,38.60633258309342,38.296512603759766,13322386,37.86545778290888
2015-04-02 00:00:00+00:00,38.39081121557532,38.693897020769796,38.45816421508789,7947508,38.28978171630645
2015-04-06 00:00:00+00:00,38.3436491198831,38.61979523671865,38.51203155517578,13256362,38.19547473091443
2015-04-07 00:00:00+00:00,38.83532359841088,38.983497991189694,38.68041229248047,9723658,38.59285396239903
2015-04-08 00:00:00+00:00,39.00370509561155,39.09799765046454,38.49182891845703,14210566,38.40427058444664
2015-04-09 00:00:00+00:00,38.538972120242086,38.88246852741623,38.68041229248047,12582288,38.46488492385268
2015-04-10 00:00:00+00:00,38.42448286076709,38.828595421562575,38.55918884277344,16251860,37.93281195018984
2015-04-13 00:00:00+00:00,38.44467510883798,38.63999710056986,38.20894241333008,10983983,38.05403112537421
2015-04-14 00:00:00+00:00,38.350386086824976,39.05758423821602,38.90267562866211,15359698,38.12812450305922
2015-04-15 00:00:00+00:00,39.11145928195691,39.704159428272476,39.36739730834961,12690022,39.11145928195691
2015-04-16 00:00:00+00:00,39.20575555117244,39.32699035671903,38.9565544128418,6717051,38.8892014439147
2015-04-17 00:00:00+00:00,38.62652495042996,38.63325917001153,38.30997085571289,12223243,38.101177737354845
2015-04-20 00:00:00+00:00,38.727552374918076,39.06431180338291,38.801639556884766,10439547,38.65346519295139
2015-04-21 00:00:00+00:00,39.07106373069932,39.084532174334335,38.835330963134766,9699764,38.66694849158031
2015-04-22 00:00:00+00:00,38.7679524226933,38.99021390751941,38.85551071166992,8294501,38.60630697210797
2015-04-23 00:00:00+00:00,38.74102529666894,38.96328956090111,38.734291076660156,8742416,38.417736961861245
2015-04-24 00:00:00+00:00,38.96328904029014,39.19228752147131,38.79490661621094,8244092,38.73429055910897
2015-04-27 00:00:00+00:00,38.949835187783044,39.08453849419608,38.45816421508789,11108381,38.30998977024992
2015-04-28 00:00:00+00:00,38.458152116663086,40.73465801199812,40.39789581298828,36398298,38.458152116663086
2015-04-29 00:00:00+00:00,39.960102408141026,40.70097700972204,40.19583511352539,18017216,39.89275212989619
2015-04-30 00:00:00+00:00,40.269906404441365,40.50563901675017,40.11499786376953,13636995,39.89947059621748
2015-05-01 00:00:00+00:00,40.24971703632677,40.66730330242215,40.31707000732422,9806660,40.195835198051014
2015-05-04 00:00:00+00:00,40.50565649662487,41.05121181092697,40.8424186706543,9484819,40.431569303008395
2015-05-05 00:00:00+00:00,40.626893443775316,40.882831524730406,40.74139404296875,12662041,40.451776780969745
2015-05-06 00:00:00+00:00,40.714440562853426,40.808733088931106,40.58647155761719,12126303,40.36421002630326
2015-05-07 00:00:00+00:00,40.4450399624509,40.903036944584024,40.61342239379883,9433048,40.364218549492726
2015-05-08 00:00:00+00:00,41.08488378525454,41.34082182465846,40.909767150878906,10630283,40.8828248874623
2015-05-11 00:00:00+00:00,40.85588752383868,40.876092876187315,40.41136169433594,10185407,40.303598020069266
2015-05-12 00:00:00+00:00,40.10828979059515,40.22952463891036,40.034202575683594,13825111,39.81194093094892
2015-05-13 00:00:00+00:00,40.15542623065213,40.310337532129495,39.85907745361328,7672303,39.7176372854407
2015-05-14 00:00:00+00:00,40.0543980742592,40.33727841981709,40.26319122314453,7469410,39.77152042131248
2015-05-15 00:00:00+00:00,40.370954536945746,40.56627655029297,40.56627655029297,8033654,40.28339620733416
2015-05-18 00:00:00+00:00,40.525862123554695,40.71444720648266,40.41809844970703,7535539,40.41809844970703
2015-05-19 00:00:00+00:00,40.38443514224327,41.03101739630504,40.7616081237793,8518878,40.37096400546403
2015-05-20 00:00:00+00:00,40.86263655334531,40.98387140398645,40.72119903564453,6324575,40.707727898326205
2015-05-21 00:00:00+00:00,40.781811184437544,40.943456738843665,40.47872543334961,8424872,40.47199121164539
2015-05-22 00:00:00+00:00,40.45849783468903,40.45849783468903,39.99376678466797,9421939,39.966824527438554
2015-05-26 00:00:00+00:00,39.926426551685225,40.03419022970777,39.71763610839844,11378870,39.636812003576026
2015-05-27 00:00:00+00:00,39.79846457088145,40.26319585125687,40.04766845703125,10193582,39.650290160504206
2015-05-28 00:00:00+00:00,40.04093267850366,40.31034191080839,40.209312438964844,9987545,39.993785053121066
2015-05-29 00:00:00+00:00,40.330537116322354,41.16570417996765,41.01079559326172,20976349,40.05439103982795
2015-06-01 00:00:00+00:00,40.983856876354984,41.55635173702548,40.91650390625,12374155,40.64036049847488
2015-06-02 00:00:00+00:00,40.71444582998908,40.72118274225862,40.57300567626953,9424664,40.29012806144125
2015-06-03 00:00:00+00:00,40.855896466295945,41.00407087769201,40.67404556274414,9078195,40.58648722166151
2015-06-04 00:00:00+00:00,40.38443323857163,40.552813016233586,40.054405212402344,11350154,39.919701928795114
2015-06-05 00:00:00+00:00,39.98031078344736,40.01398727142126,39.731109619140625,11404126,39.603137887795334
2015-06-08 00:00:00+00:00,39.66375876260545,39.85234387420282,39.65028762817383,8434094,39.57620042771691
2015-06-09 00:00:00+00:00,39.71090259588955,39.93316688372432,39.63008117675781,6754570,39.54252284429093
2015-06-10 00:00:00+00:00,39.724383891986236,40.182381026265475,40.148704528808594,10713914,39.67723625702422
2015-06-11 00:00:00+00:00,40.17582301031898,40.2911945147699,39.9790153503418,12199034,39.93151183064866
2015-06-12 00:00:00+00:00,39.89758836725659,39.90437381074657,39.27323532104492,16571290,39.218943633848596
2015-06-15 00:00:00+00:00,39.09001451126201,39.117161722523804,38.76426696777344,10591612,38.69640165271223
2015-06-16 00:00:00+00:00,38.84568908347272,39.17822466569074,39.16465377807617,7303407,38.601377836210816
2015-06-17 00:00:00+00:00,39.16465284223866,39.4768293724831,39.30038070678711,8297330,39.00177777692518
2015-06-18 00:00:00+00:00,39.30037166234017,39.951871773660166,39.7618522644043,7797644,39.30037166234017
2015-06-19 00:00:00+00:00,39.63971027498112,39.931527804169775,39.38861083984375,13218948,39.32753369876681
2015-06-22 00:00:00+00:00,39.897583909535435,40.17582775791911,39.92472839355469,8763900,39.65327270099471
2015-06-23 00:00:00+00:00,39.95866502197006,40.07403655157059,40.060462951660156,8772808,39.714353789042825
2015-06-24 00:00:00+00:00,39.98580309666945,40.0604538095027,39.524322509765625,8288003,39.524322509765625
2015-06-25 00:00:00+00:00,39.53113166594341,39.76865752744347,39.29360580444336,10428858,39.17144879441412
2015-06-26 00:00:00+00:00,39.510766115790545,39.721144734629426,39.694000244140625,13711718,39.2596666915797
2015-06-29 00:00:00+00:00,39.313956949783666,39.51076467273637,38.87962341308594,10062058,38.85247892358853
2015-06-30 00:00:00+00:00,39.16465331549619,39.16465331549619,38.63530731201172,12415970,38.48600584527662
2015-07-01 00:00:00+00:00,38.635307592264965,39.273236978564604,39.09000015258789,9830345,38.41814354740645
2015-07-02 00:00:00+00:00,39.32074634711103,39.58541939005554,39.13751220703125,8927283,39.02214336715662
2015-07-06 00:00:00+00:00,38.84568711593279,39.25287612486817,39.056068420410156,8440697,38.43850082008956
2015-07-07 00:00:00+00:00,39.19180401457212,39.42932985286413,39.354679107666016,9467946,38.80497668588388
2015-07-08 00:00:00+00:00,39.178226350759694,39.18501450795122,38.92034149169922,9548957,38.764254572680066
2015-07-09 00:00:00+00:00,39.38859995163834,39.47682427309002,38.94069290161133,9094334,38.92033386021354
2015-07-10 00:00:00+00:00,39.408958442285105,39.53111540205654,39.32752227783203,8433675,39.076422915615346
2015-07-13 00:00:00+00:00,39.53112015695443,39.73471330566761,39.27323532104492,9572222,39.14429290309017
2015-07-14 00:00:00+00:00,39.29360969844379,39.551494634989645,39.49041748046875,7582385,39.14430817866389
2015-07-15 00:00:00+00:00,39.47004046061785,39.74150161070569,39.51076126098633,6024533,39.40896332970339
2015-07-16 00:00:00+00:00,39.707574866962425,39.951886140013855,39.91795349121094,5580286,39.59899147603011
2015-07-17 00:00:00+00:00,39.83651730455798,39.98581878881678,39.91795349121094,7324367,39.76186656242859
2015-07-20 00:00:00+00:00,40.01296433675172,40.17583942745175,40.04011154174805,5970666,39.94510175044619
2015-07-21 00:00:00+00:00,40.03333547564119,40.05369452761162,39.816165924072266,7265574,39.80259503148749
2015-07-22 00:00:00+00:00,39.7075717108522,40.06046634678652,39.449684143066406,9031454,39.368247962886315
2015-07-23 00:00:00+00:00,39.721146455303554,39.721146455303554,39.40896987915039,6750797,39.320745533328115
2015-07-24 00:00:00+00:00,39.16466311959446,39.28003197038966,38.96106719970703,8223761,38.89999005159656
2015-07-27 00:00:00+00:00,38.97463599136992,38.98820959363838,38.67603302001953,15601576,38.43171903155776
2015-07-28 00:00:00+00:00,38.35707584822738,39.11715974176362,39.03572082519531,17173681,37.88880953896573
2015-07-29 00:00:00+00:00,39.151078641675696,39.9179477116944,39.727928161621094,13494048,39.117145997785705
2015-07-30 00:00:00+00:00,39.78222840051231,39.91795629215511,39.71436309814453,7324996,39.55148800031751
2015-07-31 00:00:00+00:00,40.04010954495109,40.26406176608541,40.012962341308594,9172620,39.836516370002386
2015-08-03 00:00:00+00:00,40.24369997459662,40.34549791167289,40.074039459228516,7133736,39.68720946881259
2015-08-04 00:00:00+00:00,40.338709619810906,40.35906866453963,39.83651351928711,7268718,39.612558601086576
2015-08-05 00:00:00+00:00,40.09439759082011,40.230125457404746,40.10797119140625,5976325,39.884016277557826
2015-08-06 00:00:00+00:00,40.14868513196536,40.2097622586542,39.65327453613281,7356646,39.57862109716825
2015-08-07 00:00:00+00:00,39.59899017994058,39.666852762232686,39.341102600097656,10178595,39.13750942703638
2015-08-10 00:00:00+00:00,39.53791533139664,39.77544118220319,39.639713287353516,5294915,39.53791533139664
2015-08-11 00:00:00+00:00,39.313954330844176,39.490402996646424,39.198585510253906,7418058,39.0628549325315
2015-08-12 00:00:00+00:00,38.87283549579299,39.55148024715983,39.537906646728516,7886514,38.76425211852692
2015-08-13 00:00:00+00:00,39.73471752365842,40.34549974772697,40.02653503417969,11483146,39.70078487642212
2015-08-14 00:00:00+00:00,40.04689423392226,40.42693608610105,40.16226577758789,9920787,39.951884449150675
2015-08-17 00:00:00+00:00,39.904374524897854,40.549089339301965,40.521942138671875,6407158,39.75507306070901
2015-08-18 00:00:00+00:00,40.494795849803715,40.68481539339284,40.48801040649414,7123675,40.42014512102999
2015-08-19 00:00:00+00:00,40.25727006377128,40.76625427856823,40.48801040649414,8369642,40.169045735286296
2015-08-20 00:00:00+00:00,39.55827290648473,39.73472160500041,38.648887634277344,24831731,38.506371586483354
2015-08-21 00:00:00+00:00,38.4045701803025,39.11036214793453,37.848079681396484,18478860,37.841294237578865
2015-08-24 00:00:00+00:00,36.01574641352192,36.91834636115874,36.64010238647461,26030853,31.00733859064897
2015-08-25 00:00:00+00:00,37.59020510130242,37.603775992644735,34.726318359375,23946590,34.61094950440713
2015-08-26 00:00:00+00:00,36.23969034432949,37.06085390091619,36.93191146850586,23989978,35.622122672373024
2015-08-27 00:00:00+00:00,37.51554657525275,37.59698275880937,37.29159164428711,16910109,36.4025655039675
2015-08-28 00:00:00+00:00,37.17621357962931,37.60375886329556,37.57661437988281,13411256,37.04727117896223
2015-08-31 00:00:00+00:00,37.40696375551564,37.52912074579487,36.545082092285156,13537121,36.38899516707129
2015-09-01 00:00:00+00:00,35.737497266953575,36.12432459720545,35.64927291870117,16503275,35.42531796910887
2015-09-02 00:00:00+00:00,36.08360093181322,36.15146622200681,35.95465850830078,13761078,35.527110435791926
2015-09-03 00:00:00+00:00,36.15146019036072,36.341479715488454,35.73069763183594,12732257,35.69676770549242
2015-09-04 00:00:00+00:00,35.35744257530478,35.4524523339752,35.01133346557617,15186882,34.733086918845466
2015-09-08 00:00:00+00:00,35.975005890627,35.981791332209795,35.75783920288086,15679233,35.42530101658745
2015-09-09 00:00:00+00:00,36.11075168650024,36.19219059148347,35.24208450317383,11650302,35.160648311283346
2015-09-10 00:00:00+00:00,35.30316561123087,36.10396752096492,35.77821731567383,14740539,35.19458220946717
2015-09-11 00:00:00+00:00,35.73712731439569,35.90140453632827,35.65498733520508,12671158,35.39488241792399
2015-09-14 00:00:00+00:00,35.67552893270531,36.09306729912327,35.82611846923828,9213387,35.58654781370979
2015-09-15 00:00:00+00:00,36.127293719939914,36.88707708744589,36.65435028076172,12358226,36.052000316458134
2015-09-16 00:00:00+00:00,36.6269842788216,36.941851213402444,36.8734016418457,9098107,36.4969344711845
2015-09-17 00:00:00+00:00,36.85970033192414,37.304619679646606,36.934993743896484,23894295,36.291575075401276
2015-09-18 00:00:00+00:00,36.7433416904087,36.87339420827804,35.6823844909668,30389799,35.53179765306018
2015-09-21 00:00:00+00:00,35.89457984266805,35.89457984266805,34.895225524902344,18070978,34.696723433695794
2015-09-22 00:00:00+00:00,34.60088546809692,34.908905674759986,34.73093795776367,13409789,34.40238343551631
2015-09-23 00:00:00+00:00,34.730945100666936,35.21008652670746,34.929447174072266,10538164,34.49137438764668
2015-09-24 00:00:00+00:00,34.58719674763017,34.813076966840235,34.628265380859375,11012698,34.37500424853021
2015-09-25 00:00:00+00:00,34.85415675598582,35.12795227106839,33.95063018798828,16058190,33.62892216804757
2015-09-28 00:00:00+00:00,33.74527523496904,33.793190463496934,33.14292526245117,21117724,32.91704504892548
2015-09-29 00:00:00+00:00,33.25245020971427,33.74528210575488,33.30036544799805,13417439,32.99234517091642
2015-09-30 00:00:00+00:00,33.81372862628639,33.90955635779429,33.806884765625,13287697,33.43725882446654
2015-10-01 00:00:00+00:00,33.77950717271684,33.930094013677014,33.79319763183594,15100213,33.225072311118076
2015-10-02 00:00:00+00:00,33.39618594117399,34.327090431689726,34.32024383544922,25453719,33.09500959072364
2015-10-05 00:00:00+00:00,34.95681940747615,35.12794327083995,35.06633758544922,16643917,34.69671441890246
2015-10-06 00:00:00+00:00,35.175859719798645,35.175859719798645,34.0875244140625,17285188,33.758969843189384
2015-10-07 00:00:00+00:00,34.539282237898206,34.99104542218518,34.87468338012695,15204594,34.066987473018074
2015-10-08 00:00:00+00:00,34.67617386053104,35.03895310181912,34.92258834838867,13144016,34.32023847796578
2015-10-09 00:00:00+00:00,34.90206155736733,35.25799701663873,34.87468338012695,11445627,34.69671565049125
2015-10-12 00:00:00+00:00,34.02591349008282,34.80623116004104,34.71040344238281,12212658,34.01222577073828
2015-10-13 00:00:00+00:00,34.75832075772477,34.84730462806241,33.86164093017578,15621383,33.78634751753231
2015-10-14 00:00:00+00:00,33.94378211972951,34.306561474312026,33.9095573425293,14390298,33.847954385438776
2015-10-15 00:00:00+00:00,33.998535028227764,34.96366426569102,34.717247009277344,14711300,33.71104914122822
2015-10-16 00:00:00+00:00,35.114266587969794,35.401752602027166,35.23747253417969,11624940,34.963679718301826
2015-10-19 00:00:00+00:00,35.13478969301113,35.285376514593345,35.18270492553711,8847111,34.86099422811183
2015-10-20 00:00:00+00:00,35.17585067039231,35.2306097514504,34.491363525390625,10422255,34.29286151449891
2015-10-21 00:00:00+00:00,34.73778356043688,34.895216969748084,34.628265380859375,11810855,34.32709175524595
2015-10-22 00:00:00+00:00,34.78568891511257,35.9766980957986,35.6002311706543,19335181,34.42975356430487
2015-10-23 00:00:00+00:00,35.83297181291012,36.449012368149525,36.19575119018555,16457268,35.68922883425759
2015-10-26 00:00:00+00:00,36.03831035471076,36.39424579763299,36.216278076171875,11502010,35.91510445811402
2015-10-27 00:00:00+00:00,36.798092331516095,37.030816396081654,36.59959030151367,14626831,36.127292839861234
2015-10-28 00:00:00+00:00,36.95552847411932,37.74269005648855,37.715309143066406,15416080,36.654352108723124
2015-10-29 00:00:00+00:00,37.619482275291425,38.08493318601729,37.55787658691406,9334850,37.284081128707804
2015-10-30 00:00:00+00:00,37.503116105474255,37.83167064314611,37.41413497924805,11546235,37.41413497924805
2015-11-02 00:00:00+00:00,37.434665754334866,37.87273842978734,37.72214889526367,11065937,37.243007590599824
2015-11-03 00:00:00+00:00,37.70161458065798,37.90696046316403,37.72214889526367,9658578,37.29092281564588
2015-11-04 00:00:00+00:00,37.968586347713995,38.17393233949114,38.0096549987793,8121162,37.77008421896419
2015-11-05 00:00:00+00:00,37.961726829270965,38.11231639268016,37.681087493896484,9481046,37.42782633776478
2015-11-06 00:00:00+00:00,37.50312306693518,37.564728764465016,37.37991714477539,11237704,36.96922252822628
2015-11-09 00:00:00+00:00,36.98290500128854,37.24300998494827,37.12664794921875,9578930,36.78440296540633
2015-11-10 00:00:00+00:00,37.22248527163479,37.3730721182387,37.256710052490234,7820490,36.97607068050566
2015-11-11 00:00:00+00:00,37.51680285576921,37.64685533869381,36.77070999145508,8954741,36.74333181757845
2015-11-12 00:00:00+00:00,36.6817347096326,36.941842472714896,36.298423767089844,8989220,36.298423767089844
2015-11-13 00:00:00+00:00,36.5927535714029,36.77071858431209,36.298423767089844,11941436,36.209439892410344
2015-11-16 00:00:00+00:00,35.72345151559119,36.83232390260901,36.75703048706055,7239374,35.6823828773738
2015-11-17 00:00:00+00:00,36.76387405395508,37.1677220449127,36.76387405395508,7468677,36.47638811583278
2015-11-18 00:00:00+00:00,36.86655734028253,37.1814215346637,37.119815826416016,11330347,36.75703912167601
2015-11-19 00:00:00+00:00,37.26355185900617,37.32515755572846,37.15403366088867,7167482,36.90761908334924
2015-11-20 00:00:00+00:00,37.3799143835887,37.551035531581284,37.03082275390625,9362098,36.96237593657906
2015-11-23 00:00:00+00:00,37.017138261574715,37.09927554411265,36.96922302246094,9105129,36.8117923187799
2015-11-24 00:00:00+00:00,36.66120059510756,36.74334060928971,36.606441497802734,11011546,36.346336469717265
2015-11-25 00:00:00+00:00,36.70226318853892,36.907609070185714,36.77070999145508,6370687,36.59274502013408
2015-11-27 00:00:00+00:00,36.52430190832921,37.09927102541332,36.934993743896484,3124717,36.52430190832921
2015-11-30 00:00:00+00:00,36.98974669502484,37.03766192034548,36.284725189208984,14004634,36.27787859333507
2015-12-01 00:00:00+00:00,36.80494050561385,37.400446665429584,37.35253143310547,13620646,36.57906027419216
2015-12-02 00:00:00+00:00,37.41415206438673,37.64003238601564,36.83917999267578,10584066,36.79126747766699
2015-12-03 00:00:00+00:00,37.01029551455763,37.023985975221734,35.99725341796875,14247665,35.757682670373065
2015-12-04 00:00:00+00:00,36.18889623400004,36.74333092186534,36.71595001220703,14343976,36.16151532434173
2015-12-07 00:00:00+00:00,36.97606637945044,37.11980661129337,36.74333953857422,9113408,36.401094506279755
2015-12-08 00:00:00+00:00,36.668039843538494,37.23616502215612,36.59959030151367,7936714,36.42846918290088
2015-12-09 00:00:00+00:00,36.469542447015456,36.69542268065648,36.15467834472656,10854346,35.94933242901203
2015-12-10 00:00:00+00:00,36.29158355881564,36.94869283848694,36.75019073486328,12001591,36.15468716044259
2015-12-11 00:00:00+00:00,36.59138020825524,36.78469462054623,36.004539489746094,10896999,35.91478666547849
2015-12-14 00:00:00+00:00,36.00454472573579,36.14952710591734,36.0390625,12575162,35.659342142219806
2015-12-15 00:00:00+00:00,36.232391359417406,36.72257927828683,36.522361755371094,12142023,36.05979137902021
2015-12-16 00:00:00+00:00,36.881360995333,37.35774002033831,37.29560470581055,10494986,36.591390674008466
2015-12-17 00:00:00+00:00,37.35773186987825,37.45438770253288,36.35664749145508,14165921,36.35664749145508
2015-12-18 00:00:00+00:00,36.004548555935656,36.12191617717211,35.652442932128906,22114686,35.63172840123081
2015-12-21 00:00:00+00:00,36.00454797837568,36.00454797837568,35.81123352050781,12194633,35.34866328645261
2015-12-22 00:00:00+00:00,35.907896419452484,36.05978459443236,35.97003173828125,13830351,35.4038998241499
2015-12-23 00:00:00+00:00,36.163339617838226,36.74328023902883,36.57758331298828,7469515,36.149530850643835
2015-12-24 00:00:00+00:00,36.44640862376851,36.681146654402305,36.48783493041992,3123145,36.322137984107435
2015-12-28 00:00:00+00:00,36.44640597402096,36.61900867227555,36.480926513671875,5068442,36.29451780763493
2015-12-29 00:00:00+00:00,36.570695275641185,37.01255395925739,36.82614517211914,6925708,36.52927171407685
2015-12-30 00:00:00+00:00,36.82613144345023,36.99182838803499,36.76399612426758,5827194,36.64662573012565
2015-12-31 00:00:00+00:00,36.45330854290077,36.79160538567224,36.46711730957031,8690959,36.35665269640853
2016-01-04 00:00:00+00:00,35.907888051349985,36.3221289338676,36.23237609863281,17998981,35.63172378287553
2016-01-05 00:00:00+00:00,36.44641091799122,36.9158870088113,36.6949577331543,11607124,36.36356381966879
2016-01-06 00:00:00+00:00,36.25310288991166,36.55688205506039,36.19096755981445,13064263,36.045982362822805
2016-01-07 00:00:00+00:00,35.569595836857964,36.12191896787265,35.873374938964844,13330560,35.514363523756494
2016-01-08 00:00:00+00:00,36.253083658247824,36.259989420216236,35.26580810546875,14835698,35.113917223420906
2016-01-11 00:00:00+00:00,35.383182525634766,35.5833999796132,35.383182525634766,15057035,34.94132407826092
2016-01-12 00:00:00+00:00,35.562686798527515,35.94931292463559,35.735286712646484,11864408,35.196772441305946
2016-01-13 00:00:00+00:00,35.83885829742361,35.94241717069476,34.975852966308594,17340837,34.920620647198014
2016-01-14 00:00:00+00:00,34.982754549451876,35.97693625303847,35.76291275024414,14219788,34.92752223258596
2016-01-15 00:00:00+00:00,34.865381071550146,35.41770414770084,35.3072395324707,16233939,34.589219533474804
2016-01-19 00:00:00+00:00,35.62483732733328,35.838863630773744,35.44533157348633,11454116,35.07941705991305
2016-01-20 00:00:00+00:00,34.72039665019663,35.22439043276083,34.89990234375,16684579,34.036897174079066
2016-01-21 00:00:00+00:00,35.05869493177799,35.43151510126105,35.15535354614258,12499706,34.58231866428394
2016-01-22 00:00:00+00:00,35.5143676853234,35.721488193699855,35.452232360839844,11331814,35.17607076297194
2016-01-25 00:00:00+00:00,35.45222687288275,35.51436218774784,35.15535354614258,9725964,35.04488892409519
2016-01-26 00:00:00+00:00,35.24510915360537,35.62483238637025,35.521270751953125,9450340,35.04489440988894
2016-01-27 00:00:00+00:00,34.97584075340916,35.60410781890082,34.7756233215332,13748817,34.402805987742006
2016-01-28 00:00:00+00:00,34.74800767177172,34.892990040054954,33.96784973144531,18996991,33.8159616007983
2016-01-29 00:00:00+00:00,34.38209654807121,34.98274612426758,34.98274612426758,17734990,34.23020564319773
2016-02-01 00:00:00+00:00,34.78944271031035,35.19678070089447,35.037986755371094,11979898,34.409719498022845
2016-02-02 00:00:00+00:00,34.706594544839874,34.87229150297956,34.803253173828125,15614466,34.45114748279354
2016-02-03 00:00:00+00:00,34.257829418044345,34.59612630398655,34.55470275878906,20507893,33.539809340864814
2016-02-04 00:00:00+00:00,34.31306530373445,34.340680083374984,33.54671859741211,21598442,33.160092361759155
2016-02-05 00:00:00+00:00,33.55361444461765,34.32686675097284,34.09212875366211,17693384,33.32577945072002
2016-02-08 00:00:00+00:00,33.78145105661283,34.05761263038834,33.71240997314453,13985665,33.11866327955161
2016-02-09 00:00:00+00:00,33.615759460876625,34.223315019849565,33.940250396728516,11160257,33.415541943021005
2016-02-10 00:00:00+00:00,34.18188520134757,34.80324941732873,34.19569396972656,11565833,34.16807643296857
2016-02-11 00:00:00+00:00,33.698596776413254,34.099031662996964,33.72621154785156,11620643,33.4914763302861
2016-02-12 00:00:00+00:00,33.815981462356476,33.905734345026346,33.850502014160156,14251018,33.33269925730194
2016-02-16 00:00:00+00:00,34.1059485358088,34.5132865908813,34.36830139160156,11964178,33.99548388493835
2016-02-17 00:00:00+00:00,34.52018162880361,34.96894589444539,34.934425354003906,9770818,34.49256685250897
2016-02-18 00:00:00+00:00,34.934418562849594,35.20367430979451,34.74110412597656,10074319,34.692777586831085
2016-02-19 00:00:00+00:00,34.69278401074707,34.79634287101796,34.603031158447266,9394482,34.43042845783319
2016-02-22 00:00:00+00:00,34.71348771693841,35.05868751776245,35.05178451538086,8143274,34.609926120633055
2016-02-23 00:00:00+00:00,34.90680650937781,35.1691592947836,34.89299774169922,8278676,34.8170536596132
2016-02-24 00:00:00+00:00,34.63064538926369,34.94823048925697,34.90680694580078,7936190,34.264730981839854
2016-02-25 00:00:00+00:00,34.90679988764163,35.21057891845703,35.21057891845703,9110998,34.78943228488168
2016-02-26 00:00:00+00:00,35.24509297676639,35.30032803118201,34.96202850341797,9695362,34.95512550166435
2016-02-29 00:00:00+00:00,34.87918350630454,35.093206934397024,34.665157318115234,13507358,34.62373378494854
2016-03-01 00:00:00+00:00,34.7894404181081,35.859566138476275,35.728389739990234,12686774,34.58231993418791
2016-03-02 00:00:00+00:00,35.6455362550039,36.204765092681555,36.08739471435547,12548857,35.56959217731501
2016-03-03 00:00:00+00:00,36.02526405282826,36.12191991326113,35.97003173828125,10279622,35.31414696799879
2016-03-04 00:00:00+00:00,35.7974323945938,36.10121153320116,35.95622634887695,9521918,35.55579134075277
2016-03-07 00:00:00+00:00,35.790515307295195,36.543055712636765,36.342838287353516,7824682,35.728380007074946
2016-03-08 00:00:00+00:00,36.14953565598621,36.54306763270541,36.211673736572266,8665912,36.10120910452789
2016-03-09 00:00:00+00:00,36.30141941249907,36.51544286967715,36.14952850341797,9589829,35.970025581935715
2016-03-10 00:00:00+00:00,36.377366103441986,36.75708650321322,36.6190071105957,12856340,36.19786040895154
2016-03-11 00:00:00+00:00,36.925435927814526,37.23187259416962,37.05079650878906,16277955,36.75828941459644
2016-03-14 00:00:00+00:00,37.015972414794255,37.13436959683349,36.967220306396484,6846479,36.80007380020325
2016-03-15 00:00:00+00:00,36.54936574574442,36.66079678131444,36.5075798034668,9495614,36.18025009238815
2016-03-16 00:00:00+00:00,36.43096721205945,36.43096721205945,36.173282623291016,10460402,35.908634639675306
2016-03-17 00:00:00+00:00,36.16631866351637,36.194177813103494,35.88774108886719,10038163,35.7484536936648
2016-03-18 00:00:00+00:00,36.034000739592706,36.5075840884735,36.38918685913086,15116666,35.9295358716373
2016-03-21 00:00:00+00:00,36.444898526113164,36.793121212346556,36.7722282409668,8014161,36.284718150786794
2016-03-22 00:00:00+00:00,36.61900349176278,37.231874064430926,36.932403564453125,9748810,36.59811052481596
2016-03-23 00:00:00+00:00,37.32937246193704,37.32937246193704,36.967220306396484,10424980,36.80703997811366
2016-03-24 00:00:00+00:00,36.765264209961565,37.15527564599547,36.960269927978516,7929378,36.62597679787353
2016-03-28 00:00:00+00:00,36.99508276963556,37.1134771780562,36.793113708496094,6337046,36.66775312153987
2016-03-29 00:00:00+00:00,36.84882899900148,37.19705161216938,37.13437271118164,7730782,36.612037399307795
2016-03-30 00:00:00+00:00,37.2458202593224,37.29457239709595,37.06474685668945,6711287,36.98813834322062
2016-03-31 00:00:00+00:00,36.96722559147974,37.24580314162912,36.84883117675781,8735080,36.74436355136023
2016-04-01 00:00:00+00:00,36.563295995880914,37.46170769264909,37.39902877807617,9099889,36.5215100528323
2016-04-04 00:00:00+00:00,37.54528294529781,38.046722622392025,37.886539459228516,10741581,37.43385190594354
2016-04-05 00:00:00+00:00,37.67063688999639,38.10939760627966,37.77510452270508,9432838,37.60099458576829
2016-04-06 00:00:00+00:00,37.85170832059395,38.85458744716941,38.74315643310547,13079459,37.78902941927449
2016-04-07 00:00:00+00:00,38.541185435708684,38.84761931686674,38.596900939941406,11042566,38.33921638483456
2016-04-08 00:00:00+00:00,38.82674145351552,38.93817250532508,38.55513000488281,7322795,38.37405384963104
2016-04-11 00:00:00+00:00,38.56209167739506,38.81977632121405,38.339229583740234,7404749,38.29047745666143
2016-04-12 00:00:00+00:00,38.283506508089005,38.82673205814861,38.54119110107422,6221976,38.262613538961055
2016-04-13 00:00:00+00:00,38.624773018827014,38.993888732616114,38.97299575805664,8849836,38.49244899045366
2016-04-14 00:00:00+00:00,39.0147813699912,39.41871963263674,39.31425476074219,8757822,38.959068627810765
2016-04-15 00:00:00+00:00,39.3699647219234,39.38389151337736,39.098350524902344,8839251,38.917274393554976
2016-04-18 00:00:00+00:00,39.09833734663472,39.578883880185316,39.356021881103516,8168322,38.945120418326894
2016-04-19 00:00:00+00:00,39.50924679761129,39.96193428068172,39.59978485107422,8011122,39.15406076279163
2016-04-20 00:00:00+00:00,39.80175611970557,39.975866057192924,39.404781341552734,8929903,39.30727988792959
2016-04-21 00:00:00+00:00,39.23762889690743,39.71817548180967,39.418704986572266,11040994,39.21673593029133
2016-04-22 00:00:00+00:00,39.481389918950065,39.71818155051956,39.516212463378906,7433988,39.35603210009949
2016-04-25 00:00:00+00:00,39.33515179820654,39.44658286256754,39.154075622558594,8677650,39.00085860512354
2016-04-26 00:00:00+00:00,39.28638253957698,39.293345933972404,39.0286979675293,7573477,38.91030355734266
2016-04-27 00:00:00+00:00,39.042637322232125,39.43264597521338,39.21674728393555,7274587,39.042637322232125
2016-04-28 00:00:00+00:00,38.92424609858359,39.16103499784669,38.81977844238281,9531246,38.687454415075486
2016-04-29 00:00:00+00:00,38.750125426706376,38.750125426706376,38.192970275878906,13862944,37.9979673652115
2016-05-02 00:00:00+00:00,38.19993606447697,38.55512212146394,38.513336181640625,10143487,38.09546843067429
2016-05-03 00:00:00+00:00,38.40189995498394,38.6177958043462,38.360111236572266,7966058,38.199930894181556
2016-05-04 00:00:00+00:00,38.10243970474656,38.33226798978764,38.17208480834961,8075888,37.935293126646215
2016-05-05 00:00:00+00:00,37.802970699376466,37.88654538408425,37.67064666748047,11764010,37.14831393685334
2016-05-06 00:00:00+00:00,37.482600831456104,37.58706847378847,37.329383850097656,11031562,36.953304792492524
2016-05-09 00:00:00+00:00,37.30848423406565,37.83778017876484,37.67759704589844,8358219,37.26669551402825
2016-05-10 00:00:00+00:00,37.93527797918844,38.11635406255518,38.0815315246582,6797538,37.87956247540205
2016-05-11 00:00:00+00:00,38.0954667040926,38.158145610986814,37.8238525390625,6888399,37.78903278028412
2016-05-12 00:00:00+00:00,38.018857995368954,38.03975096420852,37.6915283203125,8640026,37.55920432816575
2016-05-13 00:00:00+00:00,37.6776081736391,37.963151982462236,37.524391174316406,7467210,37.48957140703439
2016-05-16 00:00:00+00:00,37.447767888194036,38.14421307524816,38.060638427734375,6968257,37.322407309045275
2016-05-17 00:00:00+00:00,37.89350472430091,38.00493576915183,37.83082580566406,12360112,37.594034139294656
2016-05-18 00:00:00+00:00,37.87957542420492,38.26958408403073,38.074581146240234,7745978,37.72635843247741
2016-05-19 00:00:00+00:00,37.71939088205569,38.29047284000762,38.011898040771484,9153127,37.663675365359566
2016-05-20 00:00:00+00:00,38.18600904118975,38.680482525374195,38.381011962890625,9047489,38.04672163772406
2016-05-23 00:00:00+00:00,38.3043994418145,38.46458258397313,38.24868392944336,5837674,38.15118247885494
2016-05-24 00:00:00+00:00,38.46458255830382,38.924236231120034,38.722267150878906,6614138,38.42976001506456
2016-05-25 00:00:00+00:00,38.86851974258871,39.467460789075055,39.3978157043457,10052626,38.840660594999285
2016-05-26 00:00:00+00:00,39.328180276813086,39.50229024714568,39.272464752197266,5995084,39.237642201281766
2016-05-27 00:00:00+00:00,39.34905557089263,39.585847140180086,39.33512878417969,7869222,39.16101610783142
2016-05-31 00:00:00+00:00,39.34210224427927,39.502282606413786,39.18191909790039,9922988,39.05656127994582
2016-06-01 00:00:00+00:00,39.140136677493494,39.36299875288617,39.230674743652344,7012168,38.9660267251847
2016-06-02 00:00:00+00:00,39.30728571119206,39.599792899639965,39.57193374633789,7645684,39.25157018883268
2016-06-03 00:00:00+00:00,39.5858625759424,39.66943725002667,39.44657516479492,5697871,39.195853926786846
2016-06-06 00:00:00+00:00,39.46048407408476,39.9549601456959,39.815670013427734,7235392,39.45352068116874
2016-06-07 00:00:00+00:00,39.8365710344974,40.00371476055727,39.69728088378906,6552515,39.64156538035449
2016-06-08 00:00:00+00:00,39.67639800437698,40.30319827341902,40.129085540771484,8164025,39.67639800437698
2016-06-09 00:00:00+00:00,40.052472534807116,40.26837118524223,39.82264709472656,9670630,39.64853438171624
2016-06-10 00:00:00+00:00,39.57192768957093,39.75300380558509,39.564964294433594,9989222,39.397817752938444
2016-06-13 00:00:00+00:00,39.445604965061754,39.79667029038245,39.39645767211914,6502630,39.38241438543276
2016-06-14 00:00:00+00:00,39.15772897281601,39.53687802528759,39.4947509765625,9006722,39.052408544030406
2016-06-15 00:00:00+00:00,39.607093302020935,39.68432716357344,39.38241195678711,8015942,39.28411456999056
2016-06-16 00:00:00+00:00,40.01434322314716,40.49178984868358,40.37242889404297,23110706,39.41050978709294
2016-06-17 00:00:00+00:00,40.32326996879198,40.32326996879198,39.24199295043945,18323651,39.1085859271425
2016-06-20 00:00:00+00:00,39.55795070903951,39.74050503841469,39.41752624511719,9116238,39.40348295663291
2016-06-21 00:00:00+00:00,39.69836878803094,39.78964593158389,39.4947509765625,6710344,39.48773073743261
2016-06-22 00:00:00+00:00,39.41751018485455,40.21091495983608,40.0494270324707,13076420,39.38942361932956
2016-06-23 00:00:00+00:00,40.35836732488739,40.49879455566406,40.49879455566406,7302883,40.098579193528714
2016-06-24 00:00:00+00:00,39.347303130241414,40.0704972257836,39.234962463378906,18087013,39.157728605782545
2016-06-27 00:00:00+00:00,38.96113508514565,39.09453928042895,38.83475112915039,13721778,38.68730364831808
2016-06-28 00:00:00+00:00,38.92603654806814,39.08752454179906,39.02433395385742,13372585,38.6943321116684
2016-06-29 00:00:00+00:00,39.41752027053644,40.11964809767237,40.05645751953125,10284862,39.30517959363685
2016-06-30 00:00:00+00:00,40.12666728283187,40.498796090122376,40.44964599609375,9723030,39.95815628369877
2016-07-01 00:00:00+00:00,40.400502809465166,40.723481577947744,40.68135452270508,8245978,40.31624869897984
2016-07-05 00:00:00+00:00,40.5690086889763,40.84284012724947,40.72347640991211,7749017,40.5690086889763
2016-07-06 00:00:00+00:00,40.913062178985264,41.615190114175775,41.53795623779297,15015430,40.772634907763056
2016-07-07 00:00:00+00:00,41.34836727234645,41.43964440546929,41.27113342285156,9800791,40.927088412315875
2016-07-08 00:00:00+00:00,41.41156802154796,41.82582393814612,41.671356201171875,9934411,41.28518405176301
2016-07-11 00:00:00+00:00,41.608154380207914,41.95219657543729,41.66432189941406,7688862,41.56602453034459
2016-07-12 00:00:00+00:00,41.61518029199379,41.98028605844548,41.84688186645508,8804562,41.48177610000339
2016-07-13 00:00:00+00:00,41.97326979992715,42.09263071803495,41.8117790222168,7119274,41.76263172980682
2016-07-14 00:00:00+00:00,42.03646670564914,42.07859376180597,41.881996154785156,7698084,41.76263522668302
2016-07-15 00:00:00+00:00,41.98730651646197,42.078583654191846,41.867942810058594,8554510,41.601134442523694
2016-07-18 00:00:00+00:00,41.425608203229274,41.76965046560379,41.43965148925781,9190122,41.22901061974882
2016-07-19 00:00:00+00:00,41.48177697968217,41.77667194032137,41.18688201904297,9307602,41.116671205487904
2016-07-20 00:00:00+00:00,41.42561523550667,41.509869352034556,41.278167724609375,6786848,41.2571041954774
2016-07-21 00:00:00+00:00,41.42561523550667,41.502849111315065,41.278167724609375,6337361,41.1166797322731
2016-07-22 00:00:00+00:00,41.41859240178598,41.48178298522586,41.29922866821289,6570436,41.10965411091992
2016-07-25 00:00:00+00:00,41.16582362548373,41.34135489171025,41.116676330566406,8422986,40.70944064911081
2016-07-26 00:00:00+00:00,41.214974353820466,41.29220822441298,40.97624969482422,7494038,40.82178195363919
2016-07-27 00:00:00+00:00,40.99730122993607,41.2290027739359,41.14474868774414,8267462,40.674322554580165
2016-07-28 00:00:00+00:00,41.088577373427306,41.13772746050581,41.025386810302734,7639606,40.800705509896574
2016-07-29 00:00:00+00:00,41.432626883918,41.56603107873742,41.18688201904297,8898778,40.9130533901405
2016-08-01 00:00:00+00:00,41.30624292836221,41.425606644654366,41.18688201904297,9297018,41.07454134898736
2016-08-02 00:00:00+00:00,41.20092599079438,41.23603280164312,40.95518112182617,7153962,40.899010785862785
2016-08-03 00:00:00+00:00,40.84284606419449,40.93412322355366,40.47773742675781,10099890,40.14773841196904
2016-08-04 00:00:00+00:00,40.54092377099205,40.88496601364435,40.61113739013672,5807387,40.54092377099205
2016-08-05 00:00:00+00:00,40.6111397109635,44.93625286308979,44.837955474853516,76374048,40.6111397109635
2016-08-08 00:00:00+00:00,43.995397864949645,44.24816296388607,44.13582229614258,26248103,43.49688509922309
2016-08-09 00:00:00+00:00,44.13581910221495,44.33241666002553,43.876033782958984,12821651,43.8339039303743
2016-08-10 00:00:00+00:00,43.59518923138793,44.30434015718471,43.981361389160156,9259499,43.581148750975814
2016-08-11 00:00:00+00:00,43.96028924055806,44.74667388229749,44.67646026611328,10862520,43.86901210091314
2016-08-12 00:00:00+00:00,44.332429961070424,44.55008830001833,44.47987747192383,6544026,44.18498245021703
2016-08-15 00:00:00+00:00,44.47986378445059,44.760715431324606,44.458797454833984,6969305,44.38156360281521
2016-08-16 00:00:00+00:00,44.234142328688755,44.4588209579917,44.26222610473633,5952745,44.121798803576105
2016-08-17 00:00:00+00:00,44.25518503539707,44.53603669857092,44.43773651123047,8668532,43.95326704138398
2016-08-18 00:00:00+00:00,44.29029099104564,44.68348050494261,44.67646026611328,7259077,44.29029099104564
2016-08-19 00:00:00+00:00,44.3605125365676,44.54306686003997,44.48689651489258,8887040,44.14285420347985
2016-08-22 00:00:00+00:00,44.409658405800855,44.68348705792073,44.620296478271484,6756666,44.29029748636123
2016-08-23 00:00:00+00:00,44.73263074712764,44.851991649461404,44.641353607177734,6076723,44.49390613548735
2016-08-24 00:00:00+00:00,44.655386037694505,44.7817699551343,44.044532775878906,7842079,43.89006510288142
2016-08-25 00:00:00+00:00,44.13582479355998,44.30433580471038,43.756675720214844,8329190,43.72156890868688
2016-08-26 00:00:00+00:00,43.869011308863634,44.227096815176054,44.12879943847656,8167902,43.6583732710868
2016-08-29 00:00:00+00:00,44.177963128349624,44.437748530952156,44.241153717041016,5843438,43.98136550746493
2016-08-30 00:00:00+00:00,44.20604504039591,44.25519514529425,44.030513763427734,6474544,43.89008649627444
2016-08-31 00:00:00+00:00,44.29029920648658,44.31838297398589,44.0866813659668,9285804,43.82689318347512
2016-09-01 00:00:00+00:00,44.02348267061909,44.22008024731091,44.163909912109375,6858846,43.805824376071236
2016-09-02 00:00:00+00:00,43.94624609484806,44.42369251106991,44.22007751464844,7978634,43.94624609484806
2016-09-06 00:00:00+00:00,44.22710621406797,44.56412826892198,44.40263748168945,8310954,44.072638474003206
2016-09-07 00:00:00+00:00,44.45177674390347,44.5781606853969,44.14284133911133,9084169,43.95326402338488
2016-09-08 00:00:00+00:00,43.84795710410053,44.43774429660841,44.40263748168945,9627242,43.76370018690039
2016-09-09 00:00:00+00:00,44.01645820398998,44.030501488184875,43.876033782958984,13191700,43.75667007776135
2016-09-12 00:00:00+00:00,43.5319884900203,44.578161227092934,44.367523193359375,11139716,43.46879792199202
2016-09-13 00:00:00+00:00,44.11289914018911,44.40288197368842,43.71682357788086,10714123,43.40561993657495
2016-09-14 00:00:00+00:00,43.794638350265465,44.0916958277063,43.3914909362793,10922046,43.35612668157853
2016-09-15 00:00:00+00:00,43.31368513416503,44.28265484358057,44.11997985839844,9429694,43.22881036829191
2016-09-16 00:00:00+00:00,44.169487737686985,44.289723918977494,44.049251556396484,13029050,43.89364829950967
2016-09-19 00:00:00+00:00,44.23315141591095,44.23315141591095,43.37734603881836,11829510,43.370274318677644
2016-09-20 00:00:00+00:00,43.78048432569833,44.1411957011543,43.80877685546875,9653757,43.631958440851186
2016-09-21 00:00:00+00:00,44.03511256648976,44.431188251391255,44.3463134765625,7565512,43.752201362988686
2016-09-22 00:00:00+00:00,44.50191378984347,44.89091490147898,44.57263946533203,8853294,44.438257006080065
2016-09-23 00:00:00+00:00,44.46656224264803,44.735327237939515,44.530216217041016,8048430,44.34632318760684
2016-09-26 00:00:00+00:00,44.22608231938431,44.26144657729984,43.95731735229492,7319022,43.76635262159682
2016-09-27 00:00:00+00:00,44.070473864398046,44.34631050208713,44.254364013671875,7693158,43.73098044296787
2016-09-28 00:00:00+00:00,44.558492992051605,44.89798356292263,44.77067565917969,12361160,44.204853328467145
2016-09-29 00:00:00+00:00,44.572640105357195,44.572640105357195,43.78756332397461,11454640,43.54001638731835
2016-09-30 00:00:00+00:00,43.77341409794292,44.36752614023612,44.141197204589844,14258354,43.75219611367065
2016-10-03 00:00:00+00:00,44.00681626489149,44.254363193317566,44.21900177001953,7881065,43.61781516060336
2016-10-04 00:00:00+00:00,44.19071334480448,44.52313507168391,44.17656707763672,8276475,43.808783924173234
2016-10-05 00:00:00+00:00,44.346301845259084,44.58677701205154,44.417030334472656,8249122,44.190701431034135
2016-10-06 00:00:00+00:00,44.19777606768258,44.33923021884545,44.31801223754883,11979164,43.66731522504243
2016-10-07 00:00:00+00:00,44.395809173583984,44.5514095766648,44.395809173583984,11292410,43.87242291497839
2016-10-10 00:00:00+00:00,45.41430270639939,45.87403233531793,45.195045471191406,21322503,44.86969830568665
2016-10-11 00:00:00+00:00,44.933349100616184,44.9474953661788,43.80170440673828,14625259,43.674396499344454
2016-10-12 00:00:00+00:00,44.13411932979505,44.29679428993438,43.61073303222656,10607751,43.55415080620717
2016-10-13 00:00:00+00:00,44.028032540310605,44.52312920549508,44.2119255065918,15239492,43.80877815210444
2016-10-14 00:00:00+00:00,44.36045537100273,44.45947357557863,43.950233459472656,12790002,43.94316174041602
2016-10-17 00:00:00+00:00,43.88657253691596,43.88657253691596,43.511714935302734,13681221,43.00247490005468
2016-10-18 00:00:00+00:00,43.78048114865919,44.28972119956448,43.91486358642578,10467424,43.73097346648827
2016-10-19 00:00:00+00:00,43.94316268936515,44.06339888126405,43.75926971435547,5850670,43.71683374398605
2016-10-20 00:00:00+00:00,43.815857575310794,44.04218654974358,43.794639587402344,6626923,43.63196740425192
2016-10-21 00:00:00+00:00,43.53293968563393,43.780486610037386,43.28539276123047,7762222,43.16515657232372
2016-10-24 00:00:00+00:00,43.42685744639443,43.48343969134291,42.967124938964844,10420264,42.88932470560532
2016-10-25 00:00:00+00:00,42.62762983522412,43.985603661932274,43.81585693359375,15917548,42.11838965020856
2016-10-26 00:00:00+00:00,43.66732439319227,43.745127444356505,43.05199432373047,10435774,42.82566537230619
2016-10-27 00:00:00+00:00,43.25002659992978,43.89364914045136,43.34904479980469,10847534,43.14393668133398
2016-10-28 00:00:00+00:00,43.158082360201135,43.19344661075521,41.61621856689453,21335603,41.34037910910673
2016-10-31 00:00:00+00:00,41.79303089189458,41.83546968289897,41.53133773803711,14939030,41.28379084784776
2016-11-01 00:00:00+00:00,41.72938378770348,42.14667742765155,41.941566467285156,15036075,41.38281865013486
2016-11-02 00:00:00+00:00,41.771819007287164,42.090094434717216,41.61621856689453,11239486,41.552561784874555
2016-11-03 00:00:00+00:00,41.85668325059276,41.88497294738951,41.32622528076172,11866504,41.22720427308336
2016-11-04 00:00:00+00:00,41.51012718048025,41.92034910733157,41.602073669433594,11861893,41.45354494324409
2016-11-07 00:00:00+00:00,42.09717291662313,42.585195128578455,42.47203063964844,10981258,42.06888320816916
2016-11-08 00:00:00+00:00,42.30935160524399,42.98833560135705,42.79737091064453,8323321,42.09716610217976
2016-11-09 00:00:00+00:00,45.237486001724115,45.97305517864843,45.393089294433594,29187953,44.388752336042224
2016-11-10 00:00:00+00:00,45.64769812843378,46.298392384575116,45.94475555419922,18719690,45.63355186350294
2016-11-11 00:00:00+00:00,45.322354202054896,45.62648336799202,45.23040771484375,14734566,44.96871451914049
2016-11-14 00:00:00+00:00,45.265775145218,45.32942910503966,44.933353424072266,10610476,44.728242450126686
2016-11-15 00:00:00+00:00,45.03944460940027,45.07480886169438,45.018226623535156,7640339,44.61507923698448
2016-11-16 00:00:00+00:00,45.053589580936006,45.23040800976782,44.29680252075195,11297650,44.169491781663574
2016-11-17 00:00:00+00:00,44.211931008344095,44.40997026457329,44.3463134765625,8762642,43.9360943521536
2016-11-18 00:00:00+00:00,44.25436357548308,44.289727826643144,43.75926971435547,8066351,43.66025150764128
2016-11-21 00:00:00+00:00,43.80878540341931,44.12706087387786,44.06340408325195,7164862,43.65318494199064
2016-11-22 00:00:00+00:00,44.20485278023818,44.31094269870824,43.63903045654297,10052626,43.29246534361333
2016-11-23 00:00:00+00:00,42.67006203545685,43.63903173278924,43.596595764160156,9588152,42.30935064699653
2016-11-25 00:00:00+00:00,43.7239049559686,44.13412687159853,43.9997444152832,3669362,43.67439726696416
2016-11-28 00:00:00+00:00,43.695620120552,43.89365655374862,43.70976638793945,7806971,43.58245563656623
2016-11-29 00:00:00+00:00,43.81586040542807,44.17657187828446,43.9856071472168,10516575,43.794642416149124
2016-11-30 00:00:00+00:00,44.07046770373742,44.07753942202823,43.278316497802734,13132174,43.13685951153625
2016-12-01 00:00:00+00:00,43.356130664152666,43.405638363235816,42.97420120239258,8802047,42.89639813836996
2016-12-02 00:00:00+00:00,43.17930719416936,43.51172609073624,43.23588943481445,8376769,42.882249723893395
2016-12-05 00:00:00+00:00,43.51171301801222,43.5187847356344,42.61347198486328,13608490,42.32348632145785
2016-12-06 00:00:00+00:00,42.56396465402993,42.712493355623685,42.63469314575195,11171261,42.16081734081562
2016-12-07 00:00:00+00:00,42.22447681403413,42.479095458984375,42.479095458984375,14723981,41.46061805162678
2016-12-08 00:00:00+00:00,42.245694510656314,42.69128067072563,42.52153396606445,8998757,42.08302235257888
2016-12-09 00:00:00+00:00,42.78323033123571,43.50465317270063,43.30661392211914,11021187,42.71957354504029
2016-12-12 00:00:00+00:00,43.455139930527636,43.92194408063411,43.65317916870117,8641808,43.356121725219175
2016-12-13 00:00:00+00:00,44.045165179136575,44.15919516056259,44.03803634643555,8218626,43.653176255205
2016-12-14 00:00:00+00:00,44.08080544982951,44.7293640373979,44.045169830322266,11612574,43.89550136809341
2016-12-15 00:00:00+00:00,44.18770330331891,44.643834610661784,44.4514045715332,8917851,44.073670476483194
2016-12-16 00:00:00+00:00,44.65809908496199,44.921800410209485,44.501304626464844,18406758,44.22334848246647
2016-12-19 00:00:00+00:00,44.045165654441284,44.38013531739409,43.57477951049805,12512072,43.382349462806204
2016-12-20 00:00:00+00:00,43.61040776036322,43.959632180630514,43.1186408996582,10875201,43.02598888322432
2016-12-21 00:00:00+00:00,43.18278508546909,43.33958234632678,42.356048583984375,12630706,42.29190334341653
2016-12-22 00:00:00+00:00,42.49146988912957,42.76229716714634,42.46296310424805,10584800,42.1636261920959
2016-12-23 00:00:00+00:00,42.59837603415105,42.662518436007126,42.448707580566406,7955892,42.22776789208358
2016-12-27 00:00:00+00:00,42.669652025141986,42.86207925215874,42.612632751464844,6094749,42.44871231203253
2016-12-28 00:00:00+00:00,42.562733494249144,42.66251149732629,42.24201583862305,6470981,42.199254244340466
2016-12-29 00:00:00+00:00,42.25628404123237,42.47009492964055,42.07810592651367,6833065,42.03534431868289
2016-12-30 00:00:00+00:00,41.89278967908706,42.01394847431909,41.956932067871094,11289685,41.73599527366837
2017-01-03 00:00:00+00:00,42.15649038377051,43.03311726570376,42.86919403076172,12564158,42.08521916429543
2017-01-04 00:00:00+00:00,43.11864357353725,43.325328415437,42.854942321777344,9863671,42.790799929154694
2017-01-05 00:00:00+00:00,42.919091647555575,43.17566695800019,42.840694427490234,10581446,42.76229720742489
2017-01-06 00:00:00+00:00,42.82643856385558,43.090139834225624,42.9547233581543,10730053,42.42732366666782
2017-01-09 00:00:00+00:00,42.97611470086207,43.81710624390752,43.5462760925293,10201861,42.819317397668115
2017-01-10 00:00:00+00:00,43.6175507911093,43.646060430041466,42.70528793334961,16036706,42.68390712877766
2017-01-11 00:00:00+00:00,44.430029215312466,45.01444823674992,43.924007415771484,34281862,43.29682679134576
2017-01-12 00:00:00+00:00,44.565441314581975,45.071460247348675,44.33737564086914,26079899,44.273233238607595
2017-01-13 00:00:00+00:00,44.42288673282121,44.67233313928103,44.430015563964844,10447617,44.25896635531356
2017-01-17 00:00:00+00:00,44.13069707584877,44.237603944152866,43.817108154296875,11101150,43.617549236646745
2017-01-18 00:00:00+00:00,43.74583316648967,44.03091527499212,43.59616470336914,8522022,43.53202229742634
2017-01-19 00:00:00+00:00,43.51062609883005,43.53200689324521,42.99747848510742,11944999,42.81217446783878
2017-01-20 00:00:00+00:00,44.472789095869665,44.843397238758186,44.5654411315918,26451834,44.29461385748331
2017-01-23 00:00:00+00:00,44.052284240722656,44.47277988162555,44.052284240722656,10691382,43.9239966140522
2017-01-24 00:00:00+00:00,43.89550305026141,43.966774292007166,43.62467575073242,10990900,43.28257720945768
2017-01-25 00:00:00+00:00,43.703062167784545,43.74582376255405,43.532012939453125,15255736,43.303947301677894
2017-01-26 00:00:00+00:00,43.48925081175367,43.731571277109666,43.61753845214844,13317460,43.14715518612352
2017-01-27 00:00:00+00:00,43.74583542303999,44.1805860170888,44.00953674316406,6972554,43.68881899839842
2017-01-30 00:00:00+00:00,43.84560602142534,43.98101965083788,43.781463623046875,8230573,43.42511031713018
2017-01-31 00:00:00+00:00,43.51776769219579,44.358759204071276,44.18058395385742,10292513,43.417989666046196
2017-02-01 00:00:00+00:00,44.23046253815609,44.38013097153897,44.25897216796875,11547702,43.87411211027188
2017-02-02 00:00:00+00:00,44.643842438698705,45.762790104381814,45.74140930175781,19901730,44.56544521265935
2017-02-03 00:00:00+00:00,45.51333086726119,45.84830048027243,45.819793701171875,12209724,45.09283236918843
2017-02-06 00:00:00+00:00,45.55609957031985,46.29018415007785,46.283058166503906,9598422,45.541844753918234
2017-02-07 00:00:00+00:00,46.15476442846669,46.275926078015694,45.75564956665039,8840194,45.6487455808758
2017-02-08 00:00:00+00:00,45.541845803675066,45.95521554407422,45.841182708740234,6190326,45.49195821900007
2017-02-09 00:00:00+00:00,45.84118469818338,46.19753803638078,45.891075134277344,7391439,45.82692988083454
2017-02-10 00:00:00+00:00,45.84116666131182,46.019341835677956,45.72000503540039,8940907,45.58459144700168
2017-02-13 00:00:00+00:00,45.79129521806432,46.20466498503298,46.161903381347656,7494353,45.76991441622167
2017-02-14 00:00:00+00:00,46.06924505283287,46.838965211130315,46.79620361328125,10629550,45.919576611107566
2017-02-15 00:00:00+00:00,46.25454864826499,46.94587158719905,46.439849853515625,18662050,46.21891303399469
2017-02-16 00:00:00+00:00,46.42559664996261,46.61802668249115,46.5111198425293,12938922,45.94095572790639
2017-02-17 00:00:00+00:00,46.468361394174416,46.724933838509095,46.60377502441406,9482618,46.226040916730675
2017-02-21 00:00:00+00:00,46.254548488488396,46.88172902912157,46.66791534423828,7740633,46.254548488488396
2017-02-22 00:00:00+00:00,46.682169658813955,46.86034487838453,46.532501220703125,9096221,46.38996161489737
2017-02-23 00:00:00+00:00,46.696418505738954,47.11691413561317,46.931610107421875,7184669,46.57525686457396
2017-02-24 00:00:00+00:00,46.78908187454679,47.15256118774414,47.15256118774414,8849626,46.77482705755278
2017-02-27 00:00:00+00:00,46.88172253393025,46.995752494448176,46.931610107421875,7476222,46.724925283555145
2017-02-28 00:00:00+00:00,46.903119283996084,47.14543695024564,46.94588088989258,8112044,46.78908643543601
2017-03-01 00:00:00+00:00,47.08842102381128,47.608697681651094,47.188201904296875,11193374,46.96013335551134
2017-03-02 00:00:00+00:00,47.309365253206714,47.45190490438862,47.09555435180664,9062790,47.03853792148299
2017-03-03 00:00:00+00:00,47.09553481860551,47.48039485135314,47.45188522338867,8716111,46.90310480223169
2017-03-06 00:00:00+00:00,47.0955475470916,47.59444052802615,47.37350082397461,9104500,46.967259885085745
2017-03-07 00:00:00+00:00,46.632271923308565,47.259452358944465,47.010005950927734,8728478,46.461222713589684
2017-03-08 00:00:00+00:00,47.010002188221144,47.124034985573154,46.89596939086914,8821645,46.51823539348401
2017-03-09 00:00:00+00:00,47.01714805276615,47.05990965495212,46.96012878417969,8106280,46.696430337863625
2017-03-10 00:00:00+00:00,47.08842202353996,47.18107407209845,46.75345230102539,9247447,46.682181056095146
2017-03-13 00:00:00+00:00,46.832393016807536,46.868285781780926,46.0499382019043,14880133,45.94944018186727
2017-03-14 00:00:00+00:00,46.0355945452829,46.30837618139335,46.08584213256836,8271759,45.97816668137466
2017-03-15 00:00:00+00:00,46.22942082011294,46.63859334148241,46.44477462768555,9458200,46.10020738764328
2017-03-16 00:00:00+00:00,46.35145414608682,46.50938008090271,46.071495056152344,10074634,45.9351013453765
2017-03-17 00:00:00+00:00,46.121741423905775,46.44477356276559,45.8704948425293,15142762,45.86331743470704
2017-03-20 00:00:00+00:00,46.042767693227255,46.157623410419816,46.02123260498047,13593818,45.9422696581374
2017-03-21 00:00:00+00:00,46.17198607408325,46.38016244268203,45.87766647338867,11057134,45.669492974604736
2017-03-22 00:00:00+00:00,45.92792602160084,46.021246679085706,45.58335876464844,10007352,45.403897727833176
2017-03-23 00:00:00+00:00,45.48284289273879,45.813052333923906,45.4254150390625,9915128,45.36080977985702
2017-03-24 00:00:00+00:00,45.339286695151564,45.604888077623876,45.353641510009766,9575052,45.123930034498
2017-03-27 00:00:00+00:00,45.16699827747517,45.518742860705224,45.360816955566406,8400663,45.088032455091025
2017-03-28 00:00:00+00:00,45.368000174726866,45.51156841511557,45.46849822998047,10673880,45.13828869425286
2017-03-29 00:00:00+00:00,45.70537966283942,46.021231442231546,45.683841705322266,8525794,45.5546311791061
2017-03-30 00:00:00+00:00,45.58334378882113,45.71255718518072,45.54745101928711,5577456,45.45413039246154
2017-03-31 00:00:00+00:00,45.41107299896326,45.67667727242404,45.6120719909668,7979472,45.403895590961994
2017-04-03 00:00:00+00:00,45.53310085782112,45.734096943962896,45.56181335449219,6962493,45.3823523583074
2017-04-04 00:00:00+00:00,45.647959248969094,45.7771697962541,45.705387115478516,6650189,45.49003046370699
2017-04-05 00:00:00+00:00,45.719746330178765,46.049955876936224,45.63360595703125,8083538,45.5905357704575
2017-04-06 00:00:00+00:00,45.56899304022571,45.92074051328774,45.39670944213867,7915125,45.36081953695857
2017-04-07 00:00:00+00:00,45.42543500197637,45.46132778502447,45.31775665283203,8091713,45.18854607763749
2017-04-10 00:00:00+00:00,45.41824564214416,45.4613186950788,44.901397705078125,7595590,44.88704002076657
2017-04-11 00:00:00+00:00,44.85832639808169,45.05214221726437,44.92293167114258,6858950,44.635792341180434
2017-04-12 00:00:00+00:00,44.772183328286175,45.375174488509344,45.260318756103516,9965642,44.70757805498849
2017-04-13 00:00:00+00:00,45.073675224245164,45.224423714634035,44.944461822509766,6217260,44.90856905148245
2017-04-17 00:00:00+00:00,45.01624724275932,45.10956500340033,45.08085250854492,5590242,44.78653580465775
2017-04-18 00:00:00+00:00,44.83679979309585,44.83679979309585,44.700408935546875,7749436,44.49941278857438
2017-04-19 00:00:00+00:00,44.693214179354236,44.96599578857422,44.96599578857422,10845857,44.506572922597606
2017-04-20 00:00:00+00:00,44.98036066406918,45.044965938748696,44.901397705078125,9392490,44.686041049849806
2017-04-21 00:00:00+00:00,44.76499437841887,44.958813018150195,44.42760467529297,11002323,44.41324699499068
2017-04-24 00:00:00+00:00,44.86551306686179,44.87987075377752,44.607086181640625,9270922,44.52094579977723
2017-04-25 00:00:00+00:00,44.858332799196994,45.17418467231878,44.72193908691406,11205006,44.68604630682017
2017-04-26 00:00:00+00:00,44.95883138263063,45.1382924153647,45.00907897949219,9284546,44.815260260591096
2017-04-27 00:00:00+00:00,45.066499901216204,45.15982054218077,44.92293167114258,6920258,44.82961103017802
2017-04-28 00:00:00+00:00,44.92292928892786,44.97317687537235,44.743465423583984,9915862,44.607074607811484
2017-05-01 00:00:00+00:00,44.686041081484845,44.86550496096882,44.779361724853516,10707521,44.57836562360943
2017-05-02 00:00:00+00:00,44.872688135443845,45.39671641729438,45.00907897949219,13647580,44.72911988321965
2017-05-03 00:00:00+00:00,44.86549881895349,45.705381624477965,45.676666259765625,11978430,44.779355594631056
2017-05-04 00:00:00+00:00,45.70539933085206,45.86332528850705,45.497222900390625,9023280,45.38236713667506
2017-05-05 00:00:00+00:00,45.583352234631356,46.006882401902516,45.92074203491211,9795237,45.53310464382528
2017-05-08 00:00:00+00:00,45.877669707725616,46.30838015893966,45.94945526123047,11684676,45.82024470869979
2017-05-09 00:00:00+00:00,46.07149259620282,46.13609787431925,45.4326057434082,10712970,45.339287964956185
2017-05-10 00:00:00+00:00,45.31774533177004,45.90638166104077,45.89920425415039,10094126,45.2890328343937
2017-05-11 00:00:00+00:00,46.480653655624394,46.839578475265164,46.25094223022461,19404663,46.1648018806069
2017-05-12 00:00:00+00:00,46.22224236286165,46.423238480082645,45.63360595703125,10838521,45.418249284532074
2017-05-15 00:00:00+00:00,45.525933681322954,45.65514712806068,45.59054183959961,8710347,45.46850580164125
2017-05-16 00:00:00+00:00,45.54028782847907,45.848962299045496,45.791534423828125,8248494,45.32493401386779
2017-05-17 00:00:00+00:00,45.79153620987902,45.79153620987902,45.22443771362305,8296911,45.138294462529394
2017-05-18 00:00:00+00:00,45.15982346094636,46.301203447496064,45.86331558227539,12528316,45.15982346094636
2017-05-19 00:00:00+00:00,45.970993598119385,45.970993598119385,45.78435516357422,9739798,45.58335617353641
2017-05-22 00:00:00+00:00,45.726919148616204,46.25812472594178,45.970985412597656,6525372,45.633598513052526
2017-05-23 00:00:00+00:00,45.942263413928025,46.365793454785,46.33707809448242,6009861,45.942263413928025
2017-05-24 00:00:00+00:00,46.49501899372805,46.80369341371314,46.6098747253418,7289259,46.329912803352705
2017-05-25 00:00:00+00:00,46.63141109136308,46.74626682611739,46.688838958740234,7436503,46.416057306152474
2017-05-26 00:00:00+00:00,46.66013097094365,46.81087950538129,46.60270309448242,3862614,46.53092040126746
2017-05-30 00:00:00+00:00,46.45911889586511,46.76061586128219,46.573974609375,5120109,46.32272809479892
2017-05-31 00:00:00+00:00,46.71755581715315,47.01187545856103,46.73909378051758,8162138,46.681663037966075
2017-06-01 00:00:00+00:00,46.724730472141154,46.846763610839844,46.846763610839844,7923404,46.559624281712146
2017-06-02 00:00:00+00:00,46.990328726298905,47.07647195423568,46.99750900268555,6600933,46.789332644137616
2017-06-05 00:00:00+00:00,46.91136902087431,46.94008438877848,46.71037292480469,6254988,46.44476868585813
2017-06-06 00:00:00+00:00,46.660125734560985,46.68884110447676,46.42323684692383,8218206,46.27248832940378
2017-06-07 00:00:00+00:00,46.37299668313949,46.408889468597835,45.98535919189453,7971717,45.94228899727081
2017-06-08 00:00:00+00:00,45.985348914875374,46.12173974724639,45.36800003051758,19411056,45.10239577333688
2017-06-09 00:00:00+00:00,45.36799606646249,46.258126537786644,46.22223663330078,11266419,45.32492588522757
2017-06-12 00:00:00+00:00,46.22223663330078,46.43041013254114,46.22223663330078,9851514,46.08584294303215
2017-06-13 00:00:00+00:00,46.08483380146797,46.16437735327492,45.752193450927734,12631544,45.57864598583325
2017-06-14 00:00:00+00:00,45.57141854261296,46.01975629495086,45.82451248168945,10834853,45.57141854261296
2017-06-15 00:00:00+00:00,45.77389475675309,45.875131752714914,45.69435119628906,8244406,45.47018087795137
2017-06-16 00:00:00+00:00,45.74496630226978,46.070373602722555,45.53525924682617,15617296,45.332785263518204
2017-06-19 00:00:00+00:00,45.622042625971,46.14269380554424,46.04868698120117,8831391,45.57142267719656
2017-06-20 00:00:00+00:00,46.04868356391443,46.97428559224433,46.6633415222168,10755624,45.97637018272207
2017-06-21 00:00:00+00:00,46.68504172435714,47.43709348136848,47.335853576660156,11679960,46.68504172435714
2017-06-22 00:00:00+00:00,47.372016098683126,47.99390729626903,47.74081039428711,14087111,47.27800925613041
2017-06-23 00:00:00+00:00,47.755260565844864,48.008354507552404,47.842037200927734,14769988,47.61063669526183
2017-06-26 00:00:00+00:00,47.834816342010555,48.01559984004436,47.66849899291992,7940067,47.603415777260935
2017-06-27 00:00:00+00:00,47.921580967703484,47.921580967703484,47.393699645996094,8511437,47.393699645996094
2017-06-28 00:00:00+00:00,47.55278916039137,47.654026164408364,47.11891174316406,7056498,47.10445137895911
2017-06-29 00:00:00+00:00,47.01044972725763,47.061066789374756,46.52595520019531,8751114,46.34517171858615
2017-06-30 00:00:00+00:00,46.63441973049392,46.80797012836058,46.34516906738281,8762223,46.28008875227655
2017-07-03 00:00:00+00:00,46.171608868860936,46.735646819472436,46.47532272338867,4895627,46.171608868860936
2017-07-05 00:00:00+00:00,46.61995662020445,46.858587319125064,46.39578628540039,6820174,46.222235897753635
2017-07-06 00:00:00+00:00,46.113763088341514,46.215000085739625,45.629268646240234,11887150,45.54972508464769
2017-07-07 00:00:00+00:00,45.70881844633349,45.802825274932225,45.672664642333984,7591083,45.41956777792072
2017-07-10 00:00:00+00:00,45.83897569110115,45.84620587272737,45.434024810791016,7036062,45.27493768768396
2017-07-11 00:00:00+00:00,45.42680511937396,45.54250539760929,45.07970428466797,7207620,45.00739088804165
2017-07-12 00:00:00+00:00,45.31110297984842,45.65097072638052,45.39787673950195,8610368,45.31110297984842
2017-07-13 00:00:00+00:00,45.40510268610194,45.54972655979491,45.477413177490234,7125562,45.03630848363103
2017-07-14 00:00:00+00:00,45.50635402193502,45.84622182218075,45.60036087036133,6309903,45.455734060192455
2017-07-17 00:00:00+00:00,45.66542814103974,45.781128399720096,45.274940490722656,7741890,45.217090361382475
2017-07-18 00:00:00+00:00,45.19539707583981,45.289403897697476,45.130313873291016,6408415,45.02907686933525
2017-07-19 00:00:00+00:00,45.195403210813495,45.434033943441,45.28217697143555,5972657,45.15201633050247
2017-07-20 00:00:00+00:00,45.49188306789588,45.73051379520998,45.51357650756836,6974545,45.45572637146947
2017-07-21 00:00:00+00:00,45.40510991118289,45.55696688182037,45.28940963745117,7237907,45.25325294054541
2017-07-24 00:00:00+00:00,45.224327830118646,45.484654899552254,45.24602127075195,8157318,45.195404206246536
2017-07-25 00:00:00+00:00,45.44849296165868,45.556963043236394,45.09416198730469,6241783,45.01461552626441
2017-07-26 00:00:00+00:00,45.0579955049438,45.07968893836329,44.68920135498047,9816302,44.6313512355565
2017-07-27 00:00:00+00:00,46.04146309535801,46.677811733166585,46.05592346191406,22894922,45.41234174991052
2017-07-28 00:00:00+00:00,46.14270091194129,46.54041881743353,46.35963821411133,13982521,45.71605649100398
2017-07-31 00:00:00+00:00,46.4608593216324,46.504249079937274,46.193302154541016,12277215,45.925747878365634
2017-08-01 00:00:00+00:00,46.30900656118813,46.47532675569698,46.222232818603516,6802463,46.11376274945649
2017-08-02 00:00:00+00:00,46.243927713861794,46.25115789566663,45.8751335144043,7372575,45.679889696510116
2017-08-03 00:00:00+00:00,45.70881307267794,46.084840342866066,45.9329833984375,7355702,45.687119636461915
2017-08-04 00:00:00+00:00,46.012526090943396,46.05591296255455,45.629268646240234,5597368,45.51356839466631
2017-08-07 00:00:00+00:00,45.5208115763755,45.622048596256114,45.44126510620117,7018246,45.31110446246193
2017-08-08 00:00:00+00:00,45.2243146206665,45.35447811736419,45.06522750854492,8048745,44.97845377135718
2017-08-09 00:00:00+00:00,45.1592372491066,45.35448106136857,45.18816375732422,6866810,44.992917054145984
2017-08-10 00:00:00+00:00,45.10138675813949,45.25324369776083,44.963993072509766,8137825,44.95676000005584
2017-08-11 00:00:00+00:00,45.137550016831774,45.52803769502195,45.10862350463867,6341448,45.02184974989271
2017-08-14 00:00:00+00:00,45.491875421851795,45.55695862084719,45.31832504272461,5771860,45.260474916348876
2017-08-15 00:00:00+00:00,45.36171373652675,45.5786538873354,45.195396423339844,6619168,45.188166241346124
2017-08-16 00:00:00+00:00,45.14479060078399,45.506354741002134,45.34003448486328,6352138,45.072477194556896
2017-08-17 00:00:00+00:00,45.376180740698885,45.57142457982581,44.718135833740234,9589305,44.696442395050205
2017-08-18 00:00:00+00:00,44.6675151959772,44.70366899695361,44.46503829956055,8825942,44.22640760216748
2017-08-21 00:00:00+00:00,44.45781801389359,44.86276900595288,44.81214904785156,7542666,44.421661313952235
2017-08-22 00:00:00+00:00,44.812135415050044,45.195392848732894,45.137542724609375,5779930,44.77597872610831
2017-08-23 00:00:00+00:00,45.01459791357761,45.26769178064863,44.94228744506836,6743775,44.94228744506836
2017-08-24 00:00:00+00:00,45.01461528145777,45.49187959052095,45.34725570678711,8122105,44.97122840542928
2017-08-25 00:00:00+00:00,45.46295944530483,45.76667049163638,45.51357650756836,5528095,45.39064605245203
2017-08-28 00:00:00+00:00,45.63649892496591,45.88959284842519,45.788352966308594,7858114,45.542492114952566
2017-08-29 00:00:00+00:00,45.650964160230394,45.708814288650885,45.643733978271484,6879806,45.35448333616901
2017-08-30 00:00:00+00:00,45.65819723310571,45.679890669898846,45.643733978271484,5263580,45.48464684784423
2017-08-31 00:00:00+00:00,45.81005027602981,46.222231321791604,46.1788444519043,13522344,45.52079965858745
2017-09-01 00:00:00+00:00,46.128231386434614,46.352401732464735,46.15715789794922,6481985,45.99083768403172
2017-09-05 00:00:00+00:00,46.099297790813694,46.35962188353293,46.00529098510742,7583538,45.88959074591755
2017-09-06 00:00:00+00:00,46.200535333902735,46.5187095500496,46.28007888793945,7491838,46.11375870800704
2017-09-07 00:00:00+00:00,46.3451620485755,46.58379561632486,46.51148223876953,7185507,46.1282248068257
2017-09-08 00:00:00+00:00,46.27284585673151,46.66333633723118,46.47532272338867,7719358,46.23669206106889
2017-09-11 00:00:00+00:00,46.95982386562877,47.227381072012214,47.09721755981445,10785597,46.77181022477828
2017-09-12 00:00:00+00:00,47.08999267044017,47.45155673788635,47.335853576660156,7707202,47.08999267044017
2017-09-13 00:00:00+00:00,47.26353678665208,47.40093047799728,47.328617095947266,5898878,47.220147022872254
2017-09-14 00:00:00+00:00,47.335893405970474,48.19535375301426,48.158935546875,10437137,47.27762485851283
2017-09-15 00:00:00+00:00,48.19536231177514,48.348317639992224,48.188079833984375,15390718,47.88945165534098
2017-09-18 00:00:00+00:00,48.086105104773424,48.37016540083192,48.06425476074219,11049274,47.933152696554785
2017-09-19 00:00:00+00:00,48.08610890191192,48.18808106454492,48.035125732421875,7345746,47.838469708785524
2017-09-20 00:00:00+00:00,48.12252905548908,48.297334740416005,47.9185905456543,9903600,47.48157487742371
2017-09-21 00:00:00+00:00,47.962289113379576,48.020557672439594,47.78020095825195,6255198,47.72193239919194
2017-09-22 00:00:00+00:00,47.80204923193103,47.85303531083346,47.437870025634766,7824263,47.394169336190586
2017-09-25 00:00:00+00:00,47.45971344607042,47.63451909016963,47.474281311035156,5840923,47.37231207993375
2017-09-26 00:00:00+00:00,47.41601901234321,47.57625681259673,47.16837692260742,7311058,47.13924410066418
2017-09-27 00:00:00+00:00,47.11010623170057,47.16109230757323,47.02998733520508,7013111,46.84789919879044
2017-09-28 00:00:00+00:00,46.81148193816767,47.09554223208647,46.8260498046875,7359894,46.73864551739471
2017-09-29 00:00:00+00:00,46.82605414987934,47.00085982885968,46.636680603027344,11999181,46.12683143395796
2017-10-02 00:00:00+00:00,46.76777604749426,47.11010194575604,47.01541519165039,7067083,46.534701856411395
2017-10-03 00:00:00+00:00,47.01542519663068,47.037275542716266,46.88432312011719,6819441,46.45459285283889
2017-10-04 00:00:00+00:00,46.92073966399311,47.0664096033205,47.051841735839844,6722606,46.85518571624335
2017-10-05 00:00:00+00:00,46.92073966399311,47.19751458699364,47.051841735839844,9589200,46.85518571624335
2017-10-06 00:00:00+00:00,47.12466981065519,47.27034263599492,47.01541519165039,7847843,46.88431314303569
2017-10-09 00:00:00+00:00,47.10281706163474,47.15380313026275,46.85517501831055,5712962,46.702219724252245
2017-10-10 00:00:00+00:00,46.84062695164789,46.95716408324341,46.94987869262695,5157208,46.753222647037866
2017-10-11 00:00:00+00:00,46.86246973852236,46.86246973852236,46.45458984375,10586477,46.45458984375
2017-10-12 00:00:00+00:00,46.46187302399313,46.60026048354825,46.49100875854492,6454108,46.29434982988621
2017-10-13 00:00:00+00:00,46.57841214507393,46.731367478494036,46.1705322265625,7693787,46.16324974852401
2017-10-16 00:00:00+00:00,46.243371775375024,46.41817746653529,46.134117126464844,7806762,46.07584856274475
2017-10-17 00:00:00+00:00,46.03943320660282,46.112269643734514,46.04671859741211,7365868,45.799076458260494
2017-10-18 00:00:00+00:00,46.68037942707593,46.6949472943647,46.2579345703125,8265471,46.18509814569501
2017-10-19 00:00:00+00:00,46.352621253451055,46.63668157967774,46.432743072509766,10554618,46.31620595074905
2017-10-20 00:00:00+00:00,46.505573513735996,46.60754276057547,46.52742385864258,10798802,46.30163502005706
2017-10-23 00:00:00+00:00,46.636672776499886,46.99356655258955,46.17780685424805,12137936,46.10497335076562
2017-10-24 00:00:00+00:00,46.11225698911059,46.11225698911059,45.96658706665039,10711713,45.427602238712936
2017-10-25 00:00:00+00:00,45.95930509904575,45.981155443450014,45.48587417602539,11545502,45.398469886582056
2017-10-26 00:00:00+00:00,45.36933949746858,45.660682291525085,45.15083312988281,11260026,45.019728144600776
2017-10-27 00:00:00+00:00,44.10201230549909,44.10201230549909,42.41950607299805,30980242,42.11359823131111
2017-10-30 00:00:00+00:00,40.60589537870061,40.8244017992159,39.84840393066406,40860891,39.629897510148766
2017-10-31 00:00:00+00:00,40.183436399290805,40.635016954070444,40.12516784667969,19313802,40.08146424835175
2017-11-01 00:00:00+00:00,40.4529323695395,40.64230592373419,40.3072624206543,17206483,40.26356172717139
2017-11-02 00:00:00+00:00,40.40923956027913,40.474793525120276,40.32912063598633,12909788,40.088763863107914
2017-11-03 00:00:00+00:00,40.278122878451185,40.99191045905598,40.83167266845703,10281718,40.198001071325606
2017-11-06 00:00:00+00:00,40.81711008702128,40.91907933862014,40.7005729675293,9136988,40.49663446433157
2017-11-07 00:00:00+00:00,40.70057709440644,40.92636887825148,40.48935317993164,15008513,40.336397831111036
2017-11-08 00:00:00+00:00,40.42379840798633,41.312391768404595,41.21042251586914,15859279,40.39466267193248
2017-11-09 00:00:00+00:00,41.188571518075406,41.26869042321612,40.9409294128418,14818825,40.51119915154533
2017-11-10 00:00:00+00:00,40.99920121145161,40.99920121145161,40.40923309326172,17547607,40.168876358849545
2017-11-13 00:00:00+00:00,40.28541307597567,40.43836841879703,40.1324577331543,14135738,40.10332490738324
2017-11-14 00:00:00+00:00,40.03776977811326,40.19072511644355,40.052337646484375,13315678,39.87753196151069
2017-11-15 00:00:00+00:00,39.88481232388545,40.13245442575069,39.91394805908203,12290315,39.62260526624835
2017-11-16 00:00:00+00:00,39.957641815519324,40.32910344793789,40.183433532714844,12572122,39.87752292537276
2017-11-17 00:00:00+00:00,40.059622693345695,40.372815868360235,40.20529556274414,10358537,39.8775345184244
2017-11-20 00:00:00+00:00,39.36039400650903,39.615318577903494,39.40409469604492,18003278,39.061768745578675
2017-11-21 00:00:00+00:00,39.593470807853656,39.950367560475556,39.52791976928711,14369442,39.46236873072056
2017-11-22 00:00:00+00:00,39.49876640624719,39.74640840558447,39.600738525390625,7730258,39.45506573337156
2017-11-24 00:00:00+00:00,39.69544774061092,39.790134526687126,39.5861930847168,4549682,39.411387382382316
2017-11-27 00:00:00+00:00,39.62989185439092,39.76827933136162,39.73186111450195,10584905,39.476936508311006
2017-11-28 00:00:00+00:00,40.00863265991211,40.15430259251186,40.00863265991211,13446783,39.62988559386546
2017-11-29 00:00:00+00:00,40.08875649917273,40.533054652859754,40.32183074951172,10980525,40.00863758959703
2017-11-30 00:00:00+00:00,40.19800280758592,40.707854845244796,40.25627136230469,16139619,40.08146569814839
2017-12-01 00:00:00+00:00,40.350969393360735,40.77341726097232,40.69329833984375,12672835,40.21986729251055
2017-12-04 00:00:00+00:00,40.7369915894456,41.305109324703714,40.94821548461914,14085120,40.693290897154945
2017-12-05 00:00:00+00:00,40.89722780364927,41.15943777079599,40.620452880859375,12405386,40.584034668098646
2017-12-06 00:00:00+00:00,39.65174413115715,40.73699656379542,39.5861930847168,21217703,39.46965594982714
2017-12-07 00:00:00+00:00,39.95036985162927,40.67144296452088,39.8921012878418,17250604,39.82654733368922
2017-12-08 00:00:00+00:00,40.28541509736416,40.474788665771484,40.474788665771484,10923723,39.81198408817266
2017-12-11 00:00:00+00:00,41.035621643066406,41.25413095359294,41.035621643066406,10239170,40.4675038417165
2017-12-12 00:00:00+00:00,41.421645110603066,41.64015147684178,41.567317962646484,14454750,41.246839435246805
2017-12-13 00:00:00+00:00,41.472633122337584,41.78582627462294,41.450782775878906,13982940,41.26140922413493
2017-12-14 00:00:00+00:00,41.42874186526371,41.67848748598092,41.14226531982422,10623890,41.105537331696496
2017-12-15 00:00:00+00:00,41.30385945922923,41.4066989840447,41.31120681762695,23664574,40.951274353960976
2017-12-18 00:00:00+00:00,41.414052441917654,41.64176187004901,41.29652404785156,12151560,41.28183226444462
2017-12-19 00:00:00+00:00,41.29652673090188,41.59034773515677,41.303871154785156,9921521,41.1422703365937
2017-12-20 00:00:00+00:00,41.340590113972844,41.49484647457415,41.21571731567383,13766423,41.12022514308281
2017-12-21 00:00:00+00:00,41.19369482464924,41.722572692792795,41.575660705566406,10439966,41.19369482464924
2017-12-22 00:00:00+00:00,41.57565707877142,41.744605262024756,41.39936447143555,11890608,41.23041628818221
2017-12-26 00:00:00+00:00,41.494858056762716,41.575658470755876,41.384674072265625,4616754,41.3332572287764
2017-12-27 00:00:00+00:00,41.421402067097986,41.597694680336275,41.384674072265625,5931994,41.325909867852864
2017-12-28 00:00:00+00:00,41.3846762968102,41.722572692792795,41.575660705566406,6061108,41.35529566132207
2017-12-29 00:00:00+00:00,41.74460518417215,41.86213358884355,41.333255767822266,8841557,41.333255767822266
2018-01-02 00:00:00+00:00,41.56830882620375,41.68583722026984,41.29652404785156,10556504,41.171648293784635
2018-01-03 00:00:00+00:00,41.30385961334176,41.325895815428986,41.23775100708008,11090460,41.10553085796262
2018-01-04 00:00:00+00:00,41.458130606720324,42.17799285438494,41.90620803833008,15751650,41.41405818698038
2018-01-05 00:00:00+00:00,42.15595403385193,42.15595403385193,41.86213302612305,9955057,41.56831201839417
2018-01-08 00:00:00+00:00,42.023736919471865,42.053120490691086,41.61973190307617,11642546,41.50220349138963
2018-01-09 00:00:00+00:00,41.72991293595016,41.942933534125444,41.72256851196289,11142022,41.553620330901126
2018-01-10 00:00:00+00:00,41.53892971085158,42.14126352913726,42.08984375,9497395,41.472821083327986
2018-01-11 00:00:00+00:00,42.0898385511249,42.31755091212676,42.310203552246094,7447402,41.98700194214763
2018-01-12 00:00:00+00:00,42.567306183024925,43.19902065613144,43.088836669921875,12935569,42.52323082658402
2018-01-16 00:00:00+00:00,45.3585864604891,46.849727211585304,45.59364318847656,50399682,44.9913095888602
2018-01-17 00:00:00+00:00,45.75525821940782,45.97562323644823,45.564273834228516,22940615,45.461437217822315
2018-01-18 00:00:00+00:00,45.54223414827782,45.63038191031937,44.903175354003906,20861278,44.535898395921
2018-01-19 00:00:00+00:00,45.16026720930771,45.16026720930771,45.01335525512695,12745671,44.54324170029985
2018-01-22 00:00:00+00:00,44.77094896470257,45.13087851297426,44.99131393432617,12835380,44.60200082392106
2018-01-23 00:00:00+00:00,44.82971912621875,45.63772608024017,45.321868896484375,11718212,44.7121907352122
2018-01-24 00:00:00+00:00,45.54957075329859,45.62302671962595,44.93989562988281,14129241,44.77829191664379
2018-01-25 00:00:00+00:00,45.028045654296875,45.08680984684462,45.028045654296875,9853610,44.770952678974766
2018-01-26 00:00:00+00:00,45.16761218412718,45.60099775570314,45.571617126464844,11060278,45.05742821714565
2018-01-29 00:00:00+00:00,45.50550354717135,45.64506813718218,45.27044677734375,9198191,45.21902994431552
2018-01-30 00:00:00+00:00,44.65341859732987,44.99131192722491,44.55057907104492,13666654,44.39632565480576
2018-01-31 00:00:00+00:00,44.63873655645376,44.660772763581626,43.522216796875,15582712,43.26512379825687
2018-02-01 00:00:00+00:00,43.46344205750343,44.32286861002119,43.97028350830078,14009664,43.389989030423884
2018-02-02 00:00:00+00:00,43.63973245116569,44.05108171617237,43.01536560058594,12852777,42.80968949978565
2018-02-05 00:00:00+00:00,42.80234621944591,43.30184030054403,41.428733825683594,20546774,41.00269276999221
2018-02-06 00:00:00+00:00,40.50321212072832,41.70052942811038,40.73826599121094,32494498,39.90822274244137
2018-02-07 00:00:00+00:00,40.5252416340061,41.656450128729944,41.04677200317383,14349740,40.46647744194534
2018-02-08 00:00:00+00:00,41.16430110600056,41.472813853854646,40.2020378112793,21871760,40.187346028858975
2018-02-09 00:00:00+00:00,40.51056590094792,40.701547398360844,40.30488967895508,19472364,39.1957169497578
2018-02-12 00:00:00+00:00,40.65745285763571,41.054113297895654,40.716217041015625,13259506,40.37097929902991
2018-02-13 00:00:00+00:00,40.5693275788557,40.672164215122315,40.32692337036133,17857291,40.231434095925124
2018-02-14 00:00:00+00:00,39.89353767639909,40.47383536782403,40.32692337036133,11996142,39.82742903949815
2018-02-15 00:00:00+00:00,40.716217997932795,41.127567291259766,41.127567291259766,10584695,40.275488080522386
2018-02-16 00:00:00+00:00,41.11288469940399,41.86212743489281,41.347938537597656,12294402,41.076156711269014
2018-02-20 00:00:00+00:00,41.22307176941451,41.237763554140834,40.38568115234375,14113416,40.363644943551755
2018-02-21 00:00:00+00:00,40.42239789034363,40.723566178696295,40.0698127746582,11244935,40.0698127746582
2018-02-22 00:00:00+00:00,40.10653937572474,40.45178005749122,40.084503173828125,11334958,39.97432216434505
2018-02-23 00:00:00+00:00,40.26816167729223,40.40038189595936,40.30488967895508,9499177,40.08452460557361
2018-02-26 00:00:00+00:00,40.40037066875123,41.274489230262056,41.17899703979492,12725026,40.40037066875123
2018-02-27 00:00:00+00:00,41.06880228511444,41.10553026692976,40.19468688964844,9734453,40.179995109603496
2018-02-28 00:00:00+00:00,40.44444869440961,40.52524910631736,39.827423095703125,11807606,39.82007867156424
2018-03-01 00:00:00+00:00,39.8567991720371,40.2608011556201,39.44544982910156,13648523,39.239773689336566
2018-03-02 00:00:00+00:00,39.28384221409713,39.98166802450275,39.93024826049805,9355706,39.0194048452302
2018-03-05 00:00:00+00:00,39.84210449836896,40.18734226504825,39.959632873535156,13743577,39.724576123202766
2018-03-06 00:00:00+00:00,40.025753126112484,40.187353954824204,39.88618850708008,9716951,39.53360327902082
2018-03-07 00:00:00+00:00,39.548288789642015,40.09185833080656,40.01105499267578,12817564,39.48218017109281
2018-03-08 00:00:00+00:00,40.04778273242158,40.268147729474464,40.22407531738281,7705001,39.930254342447434
2018-03-09 00:00:00+00:00,40.42240482134768,40.53993321339476,40.50320816040039,9240006,40.18000361397358
2018-03-12 00:00:00+00:00,40.93659112227716,41.23040914701894,40.6648063659668,11269039,40.57665860926868
2018-03-13 00:00:00+00:00,40.94393056677028,40.95127498868775,40.67214584350586,12272080,40.40036112024144
2018-03-14 00:00:00+00:00,40.95372560795508,41.072281764338655,40.60546875,11692222,40.24238866965365
2018-03-15 00:00:00+00:00,40.71661640607898,41.294579934313305,40.93891143798828,10560277,40.67215858460707
2018-03-16 00:00:00+00:00,40.8944346397826,41.383479371285944,41.25010299682617,22010620,40.812927678244336
2018-03-19 00:00:00+00:00,41.2427070309861,41.25752729098808,40.4795036315918,12391762,40.19052189178908
2018-03-20 00:00:00+00:00,40.56841875926035,40.70920382183035,40.48691177368164,8153440,40.279437023074806
2018-03-21 00:00:00+00:00,40.57582657841068,40.961135552113305,40.52396011352539,10489746,40.32389697805462
2018-03-22 00:00:00+00:00,40.190515415684715,40.73883532465795,40.10159683227539,13387990,40.034910116424015
2018-03-23 00:00:00+00:00,40.24979581195757,40.53877455963586,39.57550811767578,12408634,39.52363869416398
2018-03-26 00:00:00+00:00,40.04972804628084,40.131235015008805,40.04231643676758,10448770,39.24947269120572
2018-03-27 00:00:00+00:00,40.00527255901689,40.42762768391023,39.82743835449219,16956535,39.619963634742966
2018-03-28 00:00:00+00:00,40.04973940160693,41.00559735563969,40.82035446166992,13302788,40.02751049131254
2018-03-29 00:00:00+00:00,41.02041327944036,41.0574594844975,40.36094284057617,10218524,40.36094284057617
2018-04-02 00:00:00+00:00,40.30907676543517,40.494319641607994,39.47177505493164,14041104,39.24207140016673
2018-04-03 00:00:00+00:00,39.52364082498358,40.123830221541766,40.07937240600586,9688341,39.145743468379415
2018-04-04 00:00:00+00:00,39.61997489186761,40.523966428952214,40.412818908691406,9330030,39.56810545662423
2018-04-05 00:00:00+00:00,40.79811689973896,41.035226213356026,40.405399322509766,13074638,40.33870964349397
2018-04-06 00:00:00+00:00,40.220163895375315,40.442458933153134,39.53846740722656,13100838,39.19761916315219
2018-04-09 00:00:00+00:00,40.7536562141695,42.54681854503187,41.613189697265625,24352376,40.42762831525318
2018-04-10 00:00:00+00:00,41.9985006672866,42.08000765172313,41.85771560668945,13481891,41.52427605800167
2018-04-11 00:00:00+00:00,41.53909781326924,41.894766283039154,41.6428337097168,9445834,41.413133007745394
2018-04-12 00:00:00+00:00,41.939225221387126,42.37640069020526,42.04296112060547,12511967,41.59837700265558
2018-04-13 00:00:00+00:00,42.294896975543196,42.48013987865318,42.3615837097168,10536278,41.96886899210562
2018-04-16 00:00:00+00:00,42.806170146122845,43.90281321027115,43.458229064941406,23627998,42.36158303851818
2018-04-17 00:00:00+00:00,44.33999213832269,44.428910751636685,43.91763687133789,16070451,43.68793316902896
2018-04-18 00:00:00+00:00,44.02135646319457,44.176961757093984,43.65827941894531,11779730,43.41375850697426
2018-04-19 00:00:00+00:00,43.65829571290833,43.95468615422144,43.45082092285156,11041204,43.28780692069814
2018-04-20 00:00:00+00:00,43.61383419864845,43.91763326444745,43.59160232543945,10109951,43.46563750938802
2018-04-23 00:00:00+00:00,44.49559070519872,44.917945907782524,44.6437873840332,20767587,44.036186332906304
2018-04-24 00:00:00+00:00,44.762342719673256,45.19951817456226,44.525230407714844,13974975,44.28811809575643
2018-04-25 00:00:00+00:00,44.38445334832207,44.39927064878606,44.18438720703125,14057034,43.665704671636995
2018-04-26 00:00:00+00:00,44.32517196743207,44.52523513158821,44.02136993408203,14148105,43.79907785860576
2018-04-27 00:00:00+00:00,43.96949916170918,44.19920284215338,44.065826416015625,8034073,43.94727025106537
2018-04-30 00:00:00+00:00,44.199203089998036,44.443724070726006,43.62124252319336,13730267,43.62124252319336
2018-05-01 00:00:00+00:00,43.71755993435504,43.8953941427355,42.96176528930664,13756782,42.14669257479808
2018-05-02 00:00:00+00:00,42.73947405781212,42.97658337775245,42.45790100097656,10921837,42.250429235175915
2018-05-03 00:00:00+00:00,42.339356078732614,42.828401030953415,42.62833786010742,11864932,41.76880709046259
2018-05-04 00:00:00+00:00,42.32453447326794,42.90990366412329,42.79134750366211,9149983,42.1096510621477
2018-05-07 00:00:00+00:00,42.80616695771367,43.050687923204435,42.51718521118164,10513955,42.29489315507415
2018-05-08 00:00:00+00:00,42.509776947101436,42.546826117167306,42.05778121948242,10749546,41.68729248109843
2018-05-09 00:00:00+00:00,42.21339119620094,43.280396747377665,42.93954849243164,8684042,42.109655285960855
2018-05-10 00:00:00+00:00,43.07291596627129,43.51750303181908,43.02104949951172,8624097,42.924722252605115
2018-05-11 00:00:00+00:00,43.095148501890094,44.436315498012256,44.228843688964844,13344498,43.07291959108322
2018-05-14 00:00:00+00:00,44.28810996500249,44.51781062362033,44.22142028808594,9942062,44.03617743922974
2018-05-15 00:00:00+00:00,44.04359504069646,44.31034787804452,43.865760803222656,7148932,43.64346874694908
2018-05-16 00:00:00+00:00,43.95468842967145,44.46596233768864,44.27330780029297,8941222,43.79908306964228
2018-05-17 00:00:00+00:00,44.117692741154926,44.29552697605274,43.76943588256836,8222398,43.62864785461725
2018-05-18 00:00:00+00:00,43.68793170163278,44.058420480492615,43.82130813598633,10151242,42.59869723934141
2018-05-21 00:00:00+00:00,43.850936693693335,43.95467257553756,43.39894104003906,8882219,43.26556464208263
2018-05-22 00:00:00+00:00,43.55455199788003,43.821301866146186,43.310028076171875,9357068,43.27297890735929
2018-05-23 00:00:00+00:00,43.31002230514323,44.080637211847154,43.84352493286133,10375619,43.295205009412285
2018-05-24 00:00:00+00:00,43.90280417566302,44.02136031832368,43.81388854980469,7261382,43.57677626448337
2018-05-25 00:00:00+00:00,43.82130897096201,44.05842131998626,43.78425979614258,6985339,43.599016884320555
2018-05-29 00:00:00+00:00,43.406359980608535,43.63606366698646,43.27298355102539,9228269,42.9988220422114
2018-05-30 00:00:00+00:00,43.45822420694726,44.31034619213691,44.251068115234375,11572016,43.36189696169631
2018-05-31 00:00:00+00:00,44.1843744510061,44.3696202760773,44.11027908325195,12786019,43.94726216473443
2018-06-01 00:00:00+00:00,44.37703205110695,45.05873140330971,44.87348556518555,11556925,44.17696891575248
2018-06-04 00:00:00+00:00,45.607047232668684,46.33320433504174,45.95530700683594,20410534,45.332888749283505
2018-06-05 00:00:00+00:00,45.94049441993308,46.1850153901104,45.48849868774414,13098218,45.24397771756682
2018-06-06 00:00:00+00:00,45.57741460267454,45.896033894951614,45.88862228393555,7912190,45.36253120415113
2018-06-07 00:00:00+00:00,45.940487413917495,45.97012793065953,45.93307876586914,7910933,45.57741033861058
2018-06-08 00:00:00+00:00,45.94790018461204,46.42212479683961,46.37025833129883,10142754,45.9182626274851
2018-06-11 00:00:00+00:00,46.511047563358616,46.57773429457988,46.18501663208008,7542666,45.99977373717114
2018-06-12 00:00:00+00:00,46.21465202714532,46.392486252948146,46.26652145385742,8308230,45.947899207303834
2018-06-13 00:00:00+00:00,46.362846213849814,46.651827944622156,46.37766647338867,9873732,46.19983224574597
2018-06-14 00:00:00+00:00,46.34779395730942,46.579269799524944,45.966976165771484,12528211,45.71309664302376
2018-06-15 00:00:00+00:00,45.98938456165223,46.370202416954754,46.31793212890625,17246517,45.71310429727892
2018-06-18 00:00:00+00:00,45.81016945446791,45.81763535805313,45.54135513305664,9990270,45.242674212137096
2018-06-19 00:00:00+00:00,45.28747510204231,45.78029936238921,45.571224212646484,10501589,45.27254329503735
2018-06-20 00:00:00+00:00,45.593637877009556,45.90725367599608,45.757911682128906,12757094,45.39202857342341
2018-06-21 00:00:00+00:00,45.75042198085424,45.75042198085424,45.68321990966797,9336527,45.406939752846704
2018-06-22 00:00:00+00:00,45.75789577559125,46.23578521357135,45.8997688293457,12885998,45.71309438707241
2018-06-25 00:00:00+00:00,45.85497695733933,46.011784834865566,45.60856628417969,11057238,45.280015734799065
2018-06-26 00:00:00+00:00,45.421889088808555,45.5637621728525,45.339752197265625,12571913,45.2576153057227
2018-06-27 00:00:00+00:00,45.32481815853062,45.60856731651712,44.7125244140625,10948770,44.652788220565526
2018-06-28 00:00:00+00:00,44.884254634626416,45.362144081773586,45.02613067626953,10691591,44.79465185586992
2018-06-29 00:00:00+00:00,45.197886975158234,45.89978661284502,45.324825286865234,14956951,45.063479772359564
2018-07-02 00:00:00+00:00,45.21281290496157,45.220278809420705,45.14561080932617,9546337,44.74238928001065
2018-07-03 00:00:00+00:00,45.354687534026574,45.772840886533906,45.3322868347168,5106590,45.21281444828613
2018-07-05 00:00:00+00:00,45.84751716870241,46.26566758432889,46.02672576904297,9517098,45.61603827382445
2018-07-06 00:00:00+00:00,46.14618526338558,46.67634202539196,46.44486618041992,8543191,46.138716374730144
2018-07-09 00:00:00+00:00,46.639018179217814,46.81076086881914,46.31047058105469,8724600,46.295535785183255
2018-07-10 00:00:00+00:00,46.58674777846739,46.765956361522505,46.5195426940918,11266524,46.377669605652486
2018-07-11 00:00:00+00:00,46.400056613670394,46.44486098508922,46.220848083496094,6055344,45.989372264416986
2018-07-12 00:00:00+00:00,46.62407919251073,46.92275715296088,46.788352966308594,8424453,46.400066244421694
2018-07-13 00:00:00+00:00,46.497135937578356,47.07209710646432,46.96009063720703,7705106,46.48220114464389
2018-07-16 00:00:00+00:00,46.98996354152008,47.004898335509246,46.736083984375,4729938,46.54194061801889
2018-07-17 00:00:00+00:00,46.691280364990234,46.90035553021547,46.691280364990234,5292086,46.639010081100146
2018-07-18 00:00:00+00:00,46.743537957608225,47.02728703030537,46.99741744995117,6645578,46.571798318655866
2018-07-19 00:00:00+00:00,46.84808848590894,46.997427463999756,46.67634582519531,7631641,46.48220246702643
2018-07-20 00:00:00+00:00,46.340337252155024,46.698754442560094,46.68382263183594,7204686,46.30300175500848
2018-07-23 00:00:00+00:00,46.72115470869607,46.87796260118393,46.810760498046875,7266413,46.676353306604696
2018-07-24 00:00:00+00:00,46.96756644242636,47.37078501486024,47.35585021972656,9931058,46.907830247059564
2018-07-25 00:00:00+00:00,47.36330591519965,48.214544223158825,48.154808044433594,11023598,47.31103563937742
2018-07-26 00:00:00+00:00,48.244421063267644,48.68497507449973,47.7963981628418,11677235,47.78146336962185
2018-07-27 00:00:00+00:00,46.63154868332495,47.8038718581885,47.408119201660156,8815357,46.57927839438368
2018-07-30 00:00:00+00:00,47.6321212693611,48.46096193895401,48.39375686645508,10129130,47.43797792573562
2018-07-31 00:00:00+00:00,48.46096068240926,49.37193522278631,49.18526077270508,16184683,48.44602589055592
2018-08-01 00:00:00+00:00,49.06579354748192,49.386875187539474,48.901519775390625,7949604,48.87165018855534
2018-08-02 00:00:00+00:00,48.75964922014894,48.856720910570644,48.699913024902344,7226379,48.438567543844485
2018-08-03 00:00:00+00:00,48.684972823852085,49.29726648072165,49.230064392089844,7333066,48.51323017268091
2018-08-06 00:00:00+00:00,49.349556857337745,49.64077199699443,49.44662857055664,8600202,49.05087581095985
2018-08-07 00:00:00+00:00,49.34954054256921,50.021573421040145,49.715423583984375,8471298,49.30473914671585
2018-08-08 00:00:00+00:00,49.66315365037755,50.02157076853382,49.79755783081055,6821746,49.39433931917661
2018-08-09 00:00:00+00:00,49.931962502505584,49.931962502505584,49.28233337402344,7495086,49.1329914230003
2018-08-10 00:00:00+00:00,49.20767549602609,49.6556954980095,49.33461380004883,7796806,49.04340169431005
2018-08-13 00:00:00+00:00,49.37940754628639,49.94689982451696,49.81996154785156,9973606,49.33460316760965
2018-08-14 00:00:00+00:00,49.737819824811396,49.991699353842534,49.625816345214844,6912608,49.47647439219627
2018-08-15 00:00:00+00:00,49.82743039081582,50.454658892445366,50.30531692504883,11413873,49.63328702726739
2018-08-16 00:00:00+00:00,50.47705269498409,51.522440353616865,51.410430908203125,19378358,50.30531005297292
2018-08-17 00:00:00+00:00,51.35817955123004,51.701664961800134,51.5672607421875,8223761,51.29844633262554
2018-08-20 00:00:00+00:00,51.522444711603896,52.433416336526435,52.39608383178711,10919426,51.470174428700844
2018-08-21 00:00:00+00:00,52.42595701195553,52.45582062966036,51.649383544921875,10285701,51.58965033917681
2018-08-22 00:00:00+00:00,51.6568553371481,51.82112912509693,51.55231475830078,6176178,51.41044167005699
2018-08-23 00:00:00+00:00,51.42537694651193,51.664315741621316,51.50004196166992,5806654,51.328305262404
2018-08-24 00:00:00+00:00,51.5224511389179,51.70912562657176,51.55231475830078,5194098,51.350708460955474
2018-08-27 00:00:00+00:00,51.77632194908953,51.843524040707,51.514976501464844,5327822,51.17149118386208
2018-08-28 00:00:00+00:00,51.41044383882409,51.42538161948143,51.24617004394531,6219251,51.05949554841652
2018-08-29 00:00:00+00:00,51.059494579369876,51.44778134371559,51.38057327270508,5753206,50.9773546983214
2018-08-30 00:00:00+00:00,51.26857314370708,51.47764834966956,51.17897033691406,4972341,51.03709723604635
2018-08-31 00:00:00+00:00,51.03709155601634,51.33576953553131,51.2162971496582,6018978,50.895218470938
2018-09-04 00:00:00+00:00,51.05202672958244,51.08189632060295,50.73841094970703,6045178,50.72347913936478
2018-09-05 00:00:00+00:00,50.73841437198655,51.29097497662399,51.238704681396484,6664337,50.70855074928775
2018-09-06 00:00:00+00:00,51.50004147667931,51.925666687017234,51.80619430541992,10099995,51.388037984661636
2018-09-07 00:00:00+00:00,51.64190422893777,52.10486185391733,52.022727966308594,9971930,51.41042840161509
2018-09-10 00:00:00+00:00,52.26914892373244,52.70970596709354,51.94060134887695,7616759,51.918200649242976
2018-09-11 00:00:00+00:00,52.1198065958303,52.1198065958303,51.582183837890625,6094644,51.5747149479509
2018-09-12 00:00:00+00:00,51.82112482989197,52.28408253598323,52.16460418701172,6382320,51.612049659862315
2018-09-13 00:00:00+00:00,52.38861438540523,52.97104443955493,52.8889045715332,10750594,51.95552628929417
2018-09-14 00:00:00+00:00,53.1821242179777,53.1821242179777,52.61075973510742,7792928,52.37018458325965
2018-09-17 00:00:00+00:00,52.51300890990217,52.97160552214121,52.941532135009766,7018770,52.362647985315746
2018-09-18 00:00:00+00:00,52.93401228545921,53.30239474737471,52.941532135009766,7126819,52.55059613551338
2018-09-19 00:00:00+00:00,52.73856115191406,53.054316790098355,52.61075973510742,8325522,52.35514487934872
2018-09-20 00:00:00+00:00,52.88889811850782,53.24976068248527,53.21217346191406,6435454,52.66336277294065
2018-09-21 00:00:00+00:00,53.30991009669024,53.81361374157016,53.45275115966797,17850689,53.30991009669024
2018-09-24 00:00:00+00:00,53.317421286155415,53.603103397920485,53.21217346191406,6747862,53.0993997780605
2018-09-25 00:00:00+00:00,53.26480947747046,53.66325933007637,53.11444854736328,6770499,53.01671454390072
2018-09-26 00:00:00+00:00,53.324951453800445,53.4903460762458,52.87387466430664,7260963,52.761106969700975
2018-09-27 00:00:00+00:00,52.87386650961971,53.5128913619238,53.16706848144531,6315458,52.685918377240284
2018-09-28 00:00:00+00:00,53.16707532196902,53.5279379465517,53.33246994018555,7135622,53.1144483954749
2018-10-01 00:00:00+00:00,53.43020095908925,54.04667232083411,53.776023864746094,7994668,53.08437204236174
2018-10-02 00:00:00+00:00,54.106812300679906,54.257173219785656,53.9414176940918,10894589,53.445233874327485
2018-10-03 00:00:00+00:00,54.197031914788425,54.44512081664513,53.65573501586914,10037325,53.640701328537695
2018-10-04 00:00:00+00:00,53.467795907894384,53.64823024170904,53.54297637939453,10837054,52.971612009279255
2018-10-05 00:00:00+00:00,53.550499808027645,53.89632278674984,53.40013885498047,7790308,53.06182971616028
2018-10-08 00:00:00+00:00,53.324954049613744,53.90383826188766,53.72340393066406,9279830,53.29488065923124
2018-10-09 00:00:00+00:00,53.7234099002645,54.62556963448517,54.38499450683594,8249122,53.35503336866369
2018-10-10 00:00:00+00:00,54.49024111914789,54.79848287837853,52.96409606933594,13259191,52.918988985319736
2018-10-11 00:00:00+00:00,52.903945915651725,53.02423345539462,51.40034866333008,13491952,50.986859118388075
2018-10-12 00:00:00+00:00,51.64845143333314,52.67089267083055,52.48294448852539,10648938,51.43794970959424
2018-10-15 00:00:00+00:00,52.01681502290455,52.783653274337176,52.21980285644531,6896783,51.8213530494009
2018-10-16 00:00:00+00:00,52.51301534087844,53.6106370004232,53.54297637939453,10719992,52.43783486937829
2018-10-17 00:00:00+00:00,53.44524206034511,54.0842670478159,53.99405288696289,9793036,53.22722049756934
2018-10-18 00:00:00+00:00,54.24214725355758,54.430095423658514,54.287254333496094,12812848,53.693336432877146
2018-10-19 00:00:00+00:00,54.35491621891092,54.62556471591472,54.39250946044922,15210043,54.084267721907125
2018-10-22 00:00:00+00:00,54.858619162308436,55.24955520654033,54.55790328979492,12486186,54.01660630377054
2018-10-23 00:00:00+00:00,54.24967242160391,54.44513445014003,54.204559326171875,12116871,53.54298074079544
2018-10-24 00:00:00+00:00,53.994065623074235,54.610543226817896,53.03176498413086,15348170,52.79870967659704
2018-10-25 00:00:00+00:00,50.325279616154845,53.05429973649201,52.595703125,21553692,49.693768542777185
2018-10-26 00:00:00+00:00,52.45285076036985,53.212169057110984,52.92648696899414,17764229,51.7837526054573
2018-10-29 00:00:00+00:00,53.65574981838524,54.903732554373995,53.71589660644531,19743901,53.039278301666414
2018-10-30 00:00:00+00:00,53.896315929144414,54.851102449545074,54.7834358215332,19845976,53.75347484524584
2018-10-31 00:00:00+00:00,55.189414128119914,56.00135969105487,55.33977508544922,16624529,54.70826387352383
2018-11-01 00:00:00+00:00,55.4826133929976,55.6630477349059,54.97138977050781,14507988,54.63308665018935
2018-11-02 00:00:00+00:00,55.30968948405086,55.407423483636265,54.33235549926758,13517838,53.84369151241132
2018-11-05 00:00:00+00:00,54.099309486345,55.309698901898074,54.97138977050781,12922364,52.71599956862061
2018-11-06 00:00:00+00:00,54.83607037149825,55.48261526391745,55.11423873901367,10737913,54.69322926774536
2018-11-07 00:00:00+00:00,55.70814918060575,56.632856304717,56.444908142089844,19566684,55.51268116793073
2018-11-08 00:00:00+00:00,56.30205784656343,56.903495475217554,56.74562072753906,13634690,56.09907602811965
2018-11-09 00:00:00+00:00,57.031293656657546,57.12902763125159,56.27949523925781,15359802,56.23438817576352
2018-11-12 00:00:00+00:00,56.48249811993982,56.58774595917697,56.151702880859375,14679022,55.65551903884495
2018-11-13 00:00:00+00:00,56.55017619495024,56.58776343248318,56.09157943725586,16587430,55.64050253149715
2018-11-14 00:00:00+00:00,56.34717886211169,56.35469871279032,55.70063400268555,9936193,55.39239826879388
2018-11-15 00:00:00+00:00,55.257065642973636,56.28702649774513,56.26447296142578,12549171,54.97889734694106
2018-11-16 00:00:00+00:00,56.18930492139147,57.32451987058712,57.181678771972656,14384010,56.04646382277701
2018-11-19 00:00:00+00:00,57.30194930071825,57.59514525053747,57.39967727661133,17210675,56.82831305194722
2018-11-20 00:00:00+00:00,57.14408665893011,57.40721532005781,56.21937942504883,14240014,56.12164540710952
2018-11-21 00:00:00+00:00,56.32461693455333,56.43738462258344,56.22688293457031,9489116,55.76828632182016
2018-11-23 00:00:00+00:00,55.730703255356076,56.61030330977713,56.13667297363281,3690846,55.640489098199296
2018-11-26 00:00:00+00:00,56.37724799838983,56.94861234111811,56.71555709838867,11407061,56.22688706259673
2018-11-27 00:00:00+00:00,56.437391011478006,57.52749882274204,57.39217758178711,15325533,56.437391011478006
2018-11-28 00:00:00+00:00,57.73800006111883,58.15900949242312,58.061275482177734,12625675,57.33955018086018
2018-11-29 00:00:00+00:00,58.031208905845084,59.0010292718261,58.572505950927734,11429174,57.9710681292093
2018-11-30 00:00:00+00:00,58.51987270624634,59.7603354499797,59.64756774902344,22380669,58.42965253440985
2018-12-03 00:00:00+00:00,59.78287406018767,59.827981129305286,59.55733871459961,13183106,58.85064727259375
2018-12-04 00:00:00+00:00,59.61748237866088,60.28658062166953,58.79802322387695,15482942,58.71532893014974
2018-12-06 00:00:00+00:00,57.858285331908256,58.91831970214844,58.91831970214844,17329518,57.00123882451031
2018-12-07 00:00:00+00:00,58.80555920015031,58.86569997471181,57.67786407470703,13228799,57.21174752479979
2018-12-10 00:00:00+00:00,58.2266665451843,58.4747614807729,58.2041130065918,16163618,57.03131096656842
2018-12-11 00:00:00+00:00,58.579997881880914,58.873199837385705,57.971046447753906,13867660,57.54251727605543
2018-12-12 00:00:00+00:00,58.46723482870638,59.21151353781046,58.64766311645508,11219678,58.42964159471183
2018-12-13 00:00:00+00:00,58.82809937523049,59.452090576267956,59.39946365356445,11272498,58.640151232207
2018-12-14 00:00:00+00:00,58.92253968325049,59.0739546945902,57.90049743652344,13896375,57.71123169895413
2018-12-17 00:00:00+00:00,57.51438559164132,58.21089212802181,56.95415496826172,15831822,56.67404268317683
2018-12-18 00:00:00+00:00,57.234274150188554,57.37054401198822,56.27280044555664,16163828,55.689858170285966
2018-12-19 00:00:00+00:00,56.53776119119566,56.96928837829391,55.84882736206055,19765594,55.31888105651443
2018-12-20 00:00:00+00:00,55.60656043538695,56.12136761614276,55.636844635009766,20321454,54.993340198971005
2018-12-21 00:00:00+00:00,55.22802323217896,56.36362309136276,55.19016647338867,37919994,54.67536540078245
2018-12-24 00:00:00+00:00,54.91006806877598,55.190180309293076,53.86531448364258,11565833,53.66847623756727
2018-12-26 00:00:00+00:00,53.72905222644774,56.045676120428496,56.02296447753906,14074011,53.72905222644774
2018-12-27 00:00:00+00:00,55.477869520886344,57.06771469116211,57.06771469116211,13577154,55.08419905067414
2018-12-28 00:00:00+00:00,57.446257999786084,57.97620448205843,57.06015396118164,13180696,56.651338276377565
2018-12-31 00:00:00+00:00,57.40081073503685,58.06702681627462,57.847476959228516,9687502,57.279679988156516
2019-01-02 00:00:00+00:00,56.99958339973575,57.529529805868954,57.22669982910156,15120125,56.47720350577491
2019-01-03 00:00:00+00:00,57.20395761049244,57.51435393352452,56.053218841552734,13910628,55.909376495435275
2019-01-04 00:00:00+00:00,56.58318903154119,57.91562746680442,57.74150085449219,14753115,56.50748154561373
2019-01-07 00:00:00+00:00,57.650667160584696,57.89292874834294,57.10557556152344,15795142,57.09043648224245
2019-01-08 00:00:00+00:00,57.438650286236474,57.696056856604436,57.529502868652344,11896686,56.999556710657465
2019-01-09 00:00:00+00:00,57.45380052760727,57.77176946136867,57.09040832519531,11916284,57.02227342221946
2019-01-10 00:00:00+00:00,57.294810911343156,57.294810911343156,56.38633346557617,19134070,55.62169838294242
2019-01-11 00:00:00+00:00,56.552892616987315,56.73459175462691,56.704307556152344,9878029,56.136504560887346
2019-01-14 00:00:00+00:00,56.24251333593718,56.356071548247485,55.54601287841797,15669486,55.34160204304981
2019-01-15 00:00:00+00:00,55.3415853434272,56.69673512984161,56.4014778137207,13102096,55.3415853434272
2019-01-16 00:00:00+00:00,56.58319085807743,57.36297132977197,56.484771728515625,15272504,56.3787800341539
2019-01-17 00:00:00+00:00,56.25764570473864,57.362967701190165,57.2342643737793,16969321,56.25764570473864
2019-01-18 00:00:00+00:00,57.643093414920536,57.78693585138322,57.438682556152344,14980741,57.13585860425575
2019-01-22 00:00:00+00:00,57.211548000083724,57.68849844865767,57.40838623046875,10568766,57.05256048175348
2019-01-23 00:00:00+00:00,57.1964125230565,57.31753723053286,57.11313247680664,14369233,56.583186155460304
2019-01-24 00:00:00+00:00,56.90115731319285,56.90115731319285,55.39459228515625,21986621,54.796511023257764
2019-01-25 00:00:00+00:00,55.88669232571053,55.90183140261202,55.22804260253906,14054099,54.599677086380076
2019-01-28 00:00:00+00:00,54.88735327509856,55.31888045752425,55.205322265625,13376672,54.54667264619227
2019-01-29 00:00:00+00:00,55.1901722030556,55.78068685454775,55.440006256103516,11966693,54.993340039099536
2019-01-30 00:00:00+00:00,55.61414780580415,55.879121003334596,55.54601287841797,13941230,55.281039680887524
2019-01-31 00:00:00+00:00,55.379451627423585,56.643749035591654,56.34849166870117,16797658,55.34916742366868
2019-02-01 00:00:00+00:00,57.5143771773925,58.665122464601055,57.877769470214844,15941757,57.029854120296044
2019-02-04 00:00:00+00:00,57.49925065683004,58.21089632228236,58.19575119018555,11824165,57.29483979920525
2019-02-05 00:00:00+00:00,58.58185292770749,59.33892185357004,58.4077262878418,12955690,58.33959135568827
2019-02-06 00:00:00+00:00,58.17301699314909,58.839233057247334,58.58940505981445,8375721,58.01403554023726
2019-02-07 00:00:00+00:00,58.24871778043402,58.39256014382197,58.15787124633789,9661407,57.62035249759041
2019-02-08 00:00:00+00:00,58.10488216576495,58.70296332230622,58.68782424926758,9266940,57.9686123487934
2019-02-11 00:00:00+00:00,58.89981542981739,58.93009963624536,58.07461166381836,13803942,57.69608026970148
2019-02-12 00:00:00+00:00,58.51369608999394,59.75528769508479,59.44488525390625,13676086,58.37742627670173
2019-02-13 00:00:00+00:00,59.47518350541671,59.93699494163606,59.82343673706055,10980106,59.3919095064644
2019-02-14 00:00:00+00:00,59.9067093808217,60.22467839964934,59.76286697387695,8577042,59.57360128612954
2019-02-15 00:00:00+00:00,60.30794679430581,60.663766460630605,60.421504974365234,10886100,60.01268947294342
2019-02-19 00:00:00+00:00,60.40638222609517,60.66378285486101,59.989994049072266,9653547,59.868863273204305
2019-02-20 00:00:00+00:00,59.80828565116555,60.21710725334007,60.133827209472656,8993517,59.66444325529251
2019-02-21 00:00:00+00:00,59.9445484462504,60.58805280518058,60.43663787841797,7740633,59.92183681255674
2019-02-22 00:00:00+00:00,60.39122761260672,61.216431271950874,61.14829635620117,8337469,60.39122761260672
2019-02-25 00:00:00+00:00,61.216442569538515,61.31486170596545,60.853050231933594,9741265,60.557798875862474
2019-02-26 00:00:00+00:00,60.959029617581024,61.398129360122866,61.12558364868164,8927912,60.565353151411315
2019-02-27 00:00:00+00:00,60.974179662526545,61.54198282575497,61.03474807739258,7852978,60.8909056585977
2019-02-28 00:00:00+00:00,60.96661108769702,61.897800495775485,61.5419807434082,11588365,60.96661108769702
2019-03-01 00:00:00+00:00,61.89780184568754,62.026505185822714,61.81452178955078,10624205,61.45113551756344
2019-03-04 00:00:00+00:00,62.10221109487006,62.17034601913198,61.602542877197266,8522755,60.96661086420996
2019-03-05 00:00:00+00:00,61.68581337211183,62.10220147124407,61.85236740112305,8698190,61.48897514149628
2019-03-06 00:00:00+00:00,61.77665831855683,61.89778906861837,61.14072036743164,8167169,60.79247324425983
2019-03-07 00:00:00+00:00,61.34514382263463,61.405706183565854,60.906044006347656,10925505,60.59564753020259
2019-03-08 00:00:00+00:00,60.72435058698816,61.01960193161558,60.41394805908203,11716326,59.84615095851214
2019-03-11 00:00:00+00:00,60.83790651658384,61.345141237496684,61.2240104675293,9126613,60.61835661769238
2019-03-12 00:00:00+00:00,61.45114729445457,61.74639869702815,61.4965705871582,9261281,61.15588983867035
2019-03-13 00:00:00+00:00,61.78422585268492,62.087049676584115,61.77665328979492,8059749,61.46625690300573
2019-03-14 00:00:00+00:00,61.974817977699146,62.317810355038525,62.11201858520508,8530406,61.685181053596324
2019-03-15 00:00:00+00:00,62.11964487521147,62.43214759395393,62.17300033569336,17341046,61.58610245896151
2019-03-18 00:00:00+00:00,61.94433446513328,62.37117203938468,62.005313873291016,14357914,61.677563266582744
2019-03-19 00:00:00+00:00,62.15014635682194,62.500762797038036,62.432159423828125,10224393,61.708066878040114
2019-03-20 00:00:00+00:00,62.3864288378163,63.04954806590898,62.561737060546875,11894590,62.028194535217786
2019-03-21 00:00:00+00:00,62.577004872439936,63.392560728465334,63.224876403808594,9473291,62.386448686237244
2019-03-22 00:00:00+00:00,63.19436714415638,63.605956921837354,62.721797943115234,10639191,62.516006101417624
2019-03-25 00:00:00+00:00,62.55410667034315,63.072407333762406,62.76752853393555,7878654,62.43977788219371
2019-03-26 00:00:00+00:00,63.08003166599209,63.62119809031492,63.20198440551758,9242731,62.93521316869838
2019-03-27 00:00:00+00:00,63.20199109564784,63.308695945099494,62.721797943115234,10020766,62.355945780097265
2019-03-28 00:00:00+00:00,63.10289832843206,63.18673741002242,62.9809455871582,7161298,62.63795312143264
2019-03-29 00:00:00+00:00,63.26297089025298,63.4916346097946,63.392547607421875,10147994,63.04193112298199
2019-04-01 00:00:00+00:00,63.81938282966972,63.91085197920679,63.49163818359375,8820282,63.217242923556
2019-04-02 00:00:00+00:00,63.61358853862733,63.81176254699877,63.423038482666016,5875088,63.18675080653041
2019-04-03 00:00:00+00:00,63.46875138247008,63.766012307790504,63.40015411376953,6550734,63.072403482042844
2019-04-04 00:00:00+00:00,63.27060327877105,63.41542182550435,62.386444091796875,10257719,61.898632967161085
2019-04-05 00:00:00+00:00,62.47789015187467,62.62270864507221,61.85287857055664,10324162,61.822388862966385
2019-04-08 00:00:00+00:00,61.70804051299306,61.9367041059954,61.700416564941406,10586267,61.24309547321973
2019-04-09 00:00:00+00:00,61.41079715156963,61.72329988496507,61.58610534667969,10785282,61.17451563753877
2019-04-10 00:00:00+00:00,61.63182867052358,61.98244501415788,61.60134506225586,6894268,61.47176839712424
2019-04-11 00:00:00+00:00,61.685188695633045,61.685188695633045,60.85438537597656,10410518,60.51139295614464
2019-04-12 00:00:00+00:00,60.98397247065802,61.31171704694235,60.541893005371094,10164762,60.442806018521075
2019-04-15 00:00:00+00:00,60.45043320783049,60.58762776884038,59.85591125488281,13822491,59.81017973454618
2019-04-16 00:00:00+00:00,60.38944626126742,60.435177775906865,59.11656951904297,12531250,59.00985858869427
2019-04-17 00:00:00+00:00,59.154685113564014,59.16230906513389,56.34214782714844,34181463,56.21257721617545
2019-04-18 00:00:00+00:00,56.00678347690433,56.44123905181374,55.785743713378906,32768445,55.05402713638845
2019-04-22 00:00:00+00:00,55.76287529668336,56.2583102765669,55.991539001464844,14548441,55.442748547703694
2019-04-23 00:00:00+00:00,56.174477022939236,57.35589727384893,56.8604621887207,19281523,55.94581936387028
2019-04-24 00:00:00+00:00,56.95953369140625,57.24917071019531,56.95953369140625,12779102,56.38788360514962
2019-04-25 00:00:00+00:00,56.845210895651825,58.552549571960014,58.18669128417969,13994154,56.75374784727831
2019-04-26 00:00:00+00:00,58.41534414506132,58.68211541060337,58.4077262878418,8888193,57.99613650941365
2019-04-29 00:00:00+00:00,58.37723045250027,58.8269277527114,58.52204895019531,7395317,58.293385277594396
2019-04-30 00:00:00+00:00,59.116568130675105,60.13792151839588,59.99310302734375,11269039,57.92752440083463
2019-05-01 00:00:00+00:00,59.97786284745156,60.77055876938723,60.000728607177734,15288643,59.779688866967646
2019-05-02 00:00:00+00:00,59.9168747807203,60.84675893798612,60.610477447509766,11579142,59.9168747807203
2019-05-03 00:00:00+00:00,60.62573095414452,61.08305217275858,60.976341247558594,7942582,60.404691247862196
2019-05-06 00:00:00+00:00,59.85591080908358,60.81629101185726,60.58000946044922,9906534,59.680602586241676
2019-05-07 00:00:00+00:00,60.13031866370345,60.435197559195956,59.375736236572266,10523387,59.009877905409056
2019-05-08 00:00:00+00:00,59.70346300607253,59.99310609728314,59.589134216308594,10567508,59.37571844398751
2019-05-09 00:00:00+00:00,59.20803189405011,59.84066133004658,59.703460693359375,8105861,58.87266339421016
2019-05-10 00:00:00+00:00,59.51291080916986,59.703460816550056,59.59675598144531,9027158,58.54491287133609
2019-05-13 00:00:00+00:00,58.55254179745756,59.09370825228951,58.819313049316406,9641705,58.55254179745756
2019-05-14 00:00:00+00:00,59.16229961907752,59.51290992102495,59.009857177734375,8113826,58.9641256641884
2019-05-15 00:00:00+00:00,58.59063951585909,59.360469526147526,59.10894012451172,7284543,58.53728405559884
2019-05-16 00:00:00+00:00,59.27663332735571,60.8925087135485,60.313228607177734,9910831,59.24614361769718
2019-05-17 00:00:00+00:00,59.764447058578746,60.26749986684017,60.000728607177734,8259707,59.33760938654746
2019-05-20 00:00:00+00:00,59.726325128564575,60.419933964245516,60.12267303466797,8281191,59.64248605260258
2019-05-21 00:00:00+00:00,60.27512245282485,60.77055739281205,60.59524917602539,10873734,59.85590874162688
2019-05-22 00:00:00+00:00,60.480917667279726,61.85288144109358,61.723304748535156,13491847,60.45042795827447
2019-05-23 00:00:00+00:00,61.43367270381365,61.88337614148638,61.75379943847656,9831498,61.288854192214444
2019-05-24 00:00:00+00:00,61.96723199762565,62.45503699364811,61.86814498901367,6071588,61.822407366796256
2019-05-28 00:00:00+00:00,62.02819935501348,62.455030970728686,61.174530029296875,13779733,61.15166426753664
2019-05-29 00:00:00+00:00,61.067810846944504,61.258366961643155,60.4885368347168,11278890,60.023591615879994
2019-05-30 00:00:00+00:00,60.64097791584434,60.8391518827588,60.73244094848633,7483768,60.35896486710314
2019-05-31 00:00:00+00:00,60.4656581139827,60.91536142872603,60.37419509887695,7142749,60.0616924010763
2019-06-03 00:00:00+00:00,60.70958474779048,61.67758288230827,61.174530029296875,9218103,60.61049774873406
2019-06-04 00:00:00+00:00,61.54801047195397,61.99008997883015,61.79953384399414,9368806,61.06019944288868
2019-06-05 00:00:00+00:00,62.02821042313292,62.706571633541564,62.26449203491211,9821961,61.799546670442325
2019-06-06 00:00:00+00:00,62.62271928574153,62.83613508656643,62.07392883300781,11393961,62.06630488124357
2019-06-07 00:00:00+00:00,62.36356456285595,63.17150232151155,62.851375579833984,8797436,62.36356456285595
2019-06-10 00:00:00+00:00,63.019043999754395,63.019043999754395,62.866607666015625,7536273,62.23397219914821
2019-06-11 00:00:00+00:00,63.17913296627586,63.575480983130845,63.24773025512695,7789679,62.84375828585967
2019-06-12 00:00:00+00:00,63.36966365256074,64.23095061757218,63.80411911010742,11057762,63.36966365256074
2019-06-13 00:00:00+00:00,64.07090755769013,64.16237060613373,63.18674850463867,10194001,62.9047354071755
2019-06-14 00:00:00+00:00,63.462954602218126,63.96937322922391,63.516666412353516,7989952,63.27113196743764
2019-06-17 00:00:00+00:00,63.455281524503555,63.93867551265539,63.91565704345703,6427279,63.324839442388594
2019-06-18 00:00:00+00:00,63.86194881549276,64.96685380388615,64.82874298095703,11425086,63.86194881549276
2019-06-19 00:00:00+00:00,64.64458881040586,65.64974504413084,65.49628448486328,9825419,64.613895471555
2019-06-20 00:00:00+00:00,65.97202285512446,66.37101793439616,64.91315460205078,12490483,64.69831345743833
2019-06-21 00:00:00+00:00,64.79039556568925,65.04360495730478,64.89014434814453,15034294,64.17655926403704
2019-06-24 00:00:00+00:00,65.19706568147276,66.01039954947028,65.61140441894531,7891440,65.02058659412604
2019-06-25 00:00:00+00:00,65.6420572182929,66.18683780166532,65.4041976928711,9348894,65.07426430405833
2019-06-26 00:00:00+00:00,65.35820439149025,65.37354800063628,64.09983825683594,12604401,63.754554903638045
2019-06-27 00:00:00+00:00,64.19955943483399,64.98219972939009,64.32232666015625,11721670,63.99239319303285
2019-06-28 00:00:00+00:00,64.4297738090018,64.80575049101988,64.33769989013672,46684837,63.670151708386385
2019-07-01 00:00:00+00:00,64.70600964554633,65.16638543138845,65.02827453613281,10260863,64.36839500993808
2019-07-02 00:00:00+00:00,64.80574542191599,65.61140441894531,65.61140441894531,10381593,64.52951755193803
2019-07-03 00:00:00+00:00,66.03339419644206,66.8083595649084,66.67791748046875,6533232,65.97968238902652
2019-07-05 00:00:00+00:00,66.50913552128632,66.6012094304487,65.68045806884766,8767358,65.5960528954564
2019-07-08 00:00:00+00:00,65.22773924556299,65.6037158194939,64.48346710205078,13693273,64.06912845128431
2019-07-09 00:00:00+00:00,64.63690751900276,65.38118563600369,65.11263275146484,8490791,64.52181517848216
2019-07-10 00:00:00+00:00,65.06661135198355,65.30447095751808,65.08195495605469,5996132,64.72132811298822
2019-07-11 00:00:00+00:00,64.06912525134035,64.19956121405657,62.15088653564453,22146126,61.214785649745785
2019-07-12 00:00:00+00:00,62.03580430461615,62.07416638579916,61.17643356323242,18910636,60.33240642732426
2019-07-15 00:00:00+00:00,61.84397327726225,62.358060729621336,62.120201110839844,10922570,61.47567154415479
2019-07-16 00:00:00+00:00,62.396406645552624,62.74935851261057,62.603572845458984,8448662,62.066467110165156
2019-07-17 00:00:00+00:00,62.88749723854873,63.17906867388371,62.85680389404297,9848999,62.59592580321375
2019-07-18 00:00:00+00:00,63.23277165092874,63.65477900517339,63.44761276245117,8472661,62.611260652787976
2019-07-19 00:00:00+00:00,63.45528672667612,63.5473606110179,62.450130462646484,12053782,62.265976558975964
2019-07-22 00:00:00+00:00,62.67265615740943,62.7800736608013,62.3120231628418,7261697,62.189255919688286
2019-07-23 00:00:00+00:00,62.519198134476554,63.248126753419996,62.94121170043945,7420469,62.06649122271915
2019-07-24 00:00:00+00:00,62.91820442395304,63.156064092474864,62.726375579833984,7720197,62.242981371228595
2019-07-25 00:00:00+00:00,62.49619078287392,63.73153221986428,62.726375579833984,9670106,62.18926954027482
2019-07-26 00:00:00+00:00,62.595922018035324,62.63428409510684,62.4808235168457,7638977,62.08183460234929
2019-07-29 00:00:00+00:00,62.994914978646804,63.532020849763164,63.29415512084961,11123682,62.61893841487042
2019-07-30 00:00:00+00:00,64.4450962563314,65.35050380951857,63.89264678955078,14286965,63.54736357219267
2019-07-31 00:00:00+00:00,63.60874911206347,64.95152001161797,63.67781066894531,12443428,63.56271216413407
2019-08-01 00:00:00+00:00,63.731519794595684,64.83642500955646,64.21492004394531,10550006,63.409261141680005
2019-08-02 00:00:00+00:00,64.36069954323138,65.04359113337182,64.81340026855469,10913767,64.10749020543128
2019-08-05 00:00:00+00:00,64.33768173473403,64.71365217566803,63.777557373046875,11885578,63.040953960009304
2019-08-06 00:00:00+00:00,63.777551520537585,64.8210698590892,64.72132110595703,11025274,63.762201783140654
2019-08-07 00:00:00+00:00,64.61390657042766,64.98220829494171,64.64459991455078,11509660,63.532026006218686
2019-08-08 00:00:00+00:00,65.02827393921679,65.2584587625299,65.01292419433594,8699762,64.69833417914805
2019-08-09 00:00:00+00:00,65.29679049971611,66.07175586344367,65.61904907226562,8968260,64.9975442616479
2019-08-12 00:00:00+00:00,65.39656333706702,65.93366933582847,65.23542785644531,8761909,64.85178246732679
2019-08-13 00:00:00+00:00,65.57302646642374,66.59353261918339,66.04875183105469,8413658,65.57302646642374
2019-08-14 00:00:00+00:00,65.50396227847695,65.86458908737181,63.992393493652344,11411148,63.95402528462869
2019-08-15 00:00:00+00:00,64.08448147200559,64.33769084828845,64.03844451904297,9543612,63.60108733090961
2019-08-16 00:00:00+00:00,64.79807034783937,65.49630568908067,65.26612091064453,9156271,64.56787943441448
2019-08-19 00:00:00+00:00,65.67277258694449,66.39403240715166,66.13314819335938,7655221,65.56535508860735
2019-08-20 00:00:00+00:00,65.99503119784725,66.54748678201832,65.71880340576172,6176598,65.66509159410799
2019-08-21 00:00:00+00:00,66.20990526049064,66.94650898264999,66.68563079833984,6486072,66.0871379734641
2019-08-22 00:00:00+00:00,66.56282101945578,66.90810417723566,66.53980255126953,6588776,66.17917579302755
2019-08-23 00:00:00+00:00,66.15617361522303,66.70862930893463,65.17404174804688,10608694,64.82108360289844
2019-08-26 00:00:00+00:00,65.51164125568496,65.9106362986255,65.8952865600586,6041825,65.28145039206832
2019-08-27 00:00:00+00:00,66.30961542627334,66.69326680904793,65.61904907226562,6527049,65.56534340016506
2019-08-28 00:00:00+00:00,65.41957977795212,66.42473631033334,66.35567474365234,6159934,65.2507694316081
2019-08-29 00:00:00+00:00,66.80835543676653,67.0231965181669,66.53980255126953,6321012,66.1254639889309
2019-08-30 00:00:00+00:00,66.84672960096268,66.92345988712948,66.34799194335938,6795127,66.11780108485895
2019-09-03 00:00:00+00:00,66.17149419450479,66.76231170949896,66.486083984375,6695882,66.01803366554864
2019-09-04 00:00:00+00:00,66.86210162909357,66.88512010911859,66.02574920654297,7868070,65.54235499102836
2019-09-05 00:00:00+00:00,66.47844089107963,66.49379063230305,66.06410217285156,7524954,65.60372650093021
2019-09-06 00:00:00+00:00,66.401717545818,66.70095774852376,66.42473602294922,7047695,66.22523846448634
2019-09-09 00:00:00+00:00,66.37101472904448,66.38635833328007,64.04611206054688,12040786,63.624098526697175
2019-09-10 00:00:00+00:00,63.21744586301257,63.21744586301257,62.68033981323242,18087432,60.50122226227
2019-09-11 00:00:00+00:00,62.810773523668765,63.76989309377714,63.624107360839844,10602197,62.626619572333546
2019-09-12 00:00:00+00:00,64.05379109698899,64.51417291795276,63.92335510253906,8416698,63.52435997836593
2019-09-13 00:00:00+00:00,64.08555636589166,64.54899159833019,63.807498931884766,7521496,63.4290236345838
2019-09-16 00:00:00+00:00,63.68390885017923,63.68390885017923,63.3595085144043,6191270,63.096890484429935
2019-09-17 00:00:00+00:00,63.43672697134918,64.49490607681483,63.7302360534668,7375405,63.43672697134918
2019-09-18 00:00:00+00:00,63.85382311230938,64.32498408277722,64.12416076660156,6943734,63.629828350094876
2019-09-19 00:00:00+00:00,64.12416784203636,65.11283278413862,64.85794067382812,6922774,64.01603029808422
2019-09-20 00:00:00+00:00,65.45267792861534,66.32547936016437,65.77708435058594,23631247,65.12827150664475
2019-09-23 00:00:00+00:00,65.58399934225899,65.82344592151715,65.15918731689453,8909572,65.14373556456543
2019-09-24 00:00:00+00:00,65.30595333927423,65.56083936395086,64.57217407226562,9377085,64.40997387474413
2019-09-25 00:00:00+00:00,64.47175597071093,64.90429386359327,64.18596649169922,7290936,64.07010923034863
2019-09-26 00:00:00+00:00,64.58760591283057,64.9506294077638,64.7884292602539,8104918,64.13961631869535
2019-09-27 00:00:00+00:00,64.78842438802853,64.87338430508186,64.03919982910156,7827093,63.784307726423506
2019-09-30 00:00:00+00:00,64.27091564540305,65.73074145634877,65.02013397216797,9806974,64.27091564540305
2019-10-01 00:00:00+00:00,65.02013579644793,65.34454222751097,64.57987213134766,7050001,64.52580336354403
2019-10-02 00:00:00+00:00,64.16279407217945,64.27093163164997,63.04281997680664,8762433,62.208635356137286
2019-10-03 00:00:00+00:00,63.282262610521094,64.01603550196141,63.90789794921875,5790095,63.05054192996955
2019-10-04 00:00:00+00:00,64.43312538973336,65.74619684583253,65.65351104736328,7504518,64.23230204254367
2019-10-07 00:00:00+00:00,65.67670571447611,65.73849421004542,65.182373046875,5086154,64.84252088183965
2019-10-08 00:00:00+00:00,64.71890369009465,65.19778435021895,64.33270263671875,6416694,64.17050251733177
2019-10-09 00:00:00+00:00,65.01241427395458,65.25958048347175,65.02013397216797,4660875,64.51808185492023
2019-10-10 00:00:00+00:00,64.98923975099913,65.53763473459875,64.69572448730469,8580290,64.564421690549
2019-10-11 00:00:00+00:00,65.11283138722115,65.9933587664806,65.14372253417969,6229626,65.08193406450351
2019-10-14 00:00:00+00:00,65.16690386170076,65.73847662771261,65.41407012939453,5513214,65.10511538265733
2019-10-15 00:00:00+00:00,65.57627109241574,65.73075154100458,65.68440246582031,5205102,65.3368307201347
2019-10-16 00:00:00+00:00,65.69986750029382,65.72303895469133,65.22870635986328,5686134,65.20553490546577
2019-10-17 00:00:00+00:00,65.20551037212677,65.38316223950737,64.72662353515625,7178486,64.68028064379756
2019-10-18 00:00:00+00:00,64.65711697554373,65.58398726572504,65.40634155273438,7883056,64.6184999533525
2019-10-21 00:00:00+00:00,65.63033853450546,65.69985288223123,65.28276062011719,5352136,64.94290858072937
2019-10-22 00:00:00+00:00,63.33634893233321,63.86157273919871,62.79567337036133,18629038,61.98465385164208
2019-10-23 00:00:00+00:00,62.78791393869834,64.00829315185547,64.00829315185547,8511961,62.68750228721297
2019-10-24 00:00:00+00:00,64.19366658034053,64.60303285650538,63.78429412841797,5232769,63.367201979346596
2019-10-25 00:00:00+00:00,63.54486576693647,63.99285531606027,63.537139892578125,7868384,63.359494188407375
2019-10-28 00:00:00+00:00,63.90017149163279,64.47174416927064,63.49079895019531,15557665,62.05414446938432
2019-10-29 00:00:00+00:00,64.91973177659729,66.24825497822334,65.73075103759766,17371019,63.87700419600727
2019-10-30 00:00:00+00:00,65.6535093095519,66.80437441210762,66.5958251953125,10026845,65.12827950586286
2019-10-31 00:00:00+00:00,66.50314777137005,67.19057780462741,66.9356918334961,12419429,66.0474384330831
2019-11-01 00:00:00+00:00,67.25237560063157,67.38368461815566,65.607177734375,9281298,65.49131429359946
2019-11-04 00:00:00+00:00,66.10923222929861,66.1941983436819,64.80388641357422,8947195,64.7884408363048
2019-11-05 00:00:00+00:00,64.62622850190499,64.6880231567838,64.04693603515625,9937974,63.9001814495191
2019-11-06 00:00:00+00:00,64.54125774605626,64.85021244135126,64.30181121826172,9735606,64.20912542724912
2019-11-07 00:00:00+00:00,64.28635937644773,64.87337756329937,64.01602172851562,9251325,63.85382161005971
2019-11-08 00:00:00+00:00,64.0392080203248,64.65712366967325,64.56443786621094,6653123,63.88472756404774
2019-11-11 00:00:00+00:00,64.23230496978921,64.60305435632179,64.32499694824219,3725221,64.07782451479403
2019-11-12 00:00:00+00:00,64.5566932302589,65.51446066447834,64.97378540039062,8616656,64.5566932302589
2019-11-13 00:00:00+00:00,65.3059299250958,65.7384677472493,65.51447296142578,6516883,64.96607789686672
2019-11-14 00:00:00+00:00,65.5917220157134,65.79254538010333,65.30593872070312,7911247,64.64939984854219
2019-11-15 00:00:00+00:00,65.41405712294723,66.1169387588406,65.57626342773438,9675870,65.3754401031934
2019-11-18 00:00:00+00:00,65.39088029091634,65.51446339001365,64.98151397705078,10701757,64.76524509757009
2019-11-19 00:00:00+00:00,65.1900826541465,65.61490088253751,65.38318634033203,9691380,64.8579564183984
2019-11-20 00:00:00+00:00,65.29048777404792,66.02426688584814,65.862060546875,8160147,65.22869929426774
2019-11-21 00:00:00+00:00,66.19419738342488,66.24826616672438,66.00881958007812,7195568,65.08966879126828
2019-11-22 00:00:00+00:00,66.15556528037885,66.7039665645051,66.00109100341797,7800159,65.90067932672557
2019-11-25 00:00:00+00:00,66.45681813725487,66.88163640831254,66.19420623779297,9021289,65.91614258345832
2019-11-26 00:00:00+00:00,66.42591558170629,67.53816393585267,67.46092987060547,19233420,66.3564012175273
2019-11-27 00:00:00+00:00,67.50726394946115,67.87028747652725,67.66946411132812,6037318,67.19057715002556
2019-11-29 00:00:00+00:00,67.32961397891805,67.79304920195729,67.33733367919922,4880222,67.22147641737946
2019-12-02 00:00:00+00:00,67.61538958706095,67.96296750871765,67.22919464111328,5597997,66.85071939456809
2019-12-03 00:00:00+00:00,66.9511306391116,67.5613203790069,67.49180603027344,7466162,66.81210194164466
2019-12-04 00:00:00+00:00,67.60765617849715,68.53453259155468,68.48818969726562,7293766,67.33731851130513
2019-12-05 00:00:00+00:00,68.53454221795585,68.58088511875425,68.54998779296875,8267462,67.94752390682983
2019-12-06 00:00:00+00:00,68.74309267707467,68.92847047599828,68.62723541259766,7245872,68.54999517769285
2019-12-09 00:00:00+00:00,68.66585984679288,68.74309390731952,68.52682495117188,8054823,68.12517819278305
2019-12-10 00:00:00+00:00,68.43411761578103,69.1524447940048,68.8203125,8663711,68.36460327771265
2019-12-11 00:00:00+00:00,68.85121372628707,69.12155139572991,68.72763061523438,6821746,68.62721895151914
2019-12-12 00:00:00+00:00,68.7739846432725,69.4845922786802,69.18335723876953,6863876,68.67357296330228
2019-12-13 00:00:00+00:00,69.37000102768766,69.67330164777086,69.36222839355469,7571800,68.77895749200182
2019-12-16 00:00:00+00:00,69.71994978433352,69.99214116460331,69.43997955322266,10355183,69.3544370663955
2019-12-17 00:00:00+00:00,69.4711085087366,69.56442987296246,69.23002624511719,11690545,68.84118308210418
2019-12-18 00:00:00+00:00,69.48664412371113,69.99213883129998,69.69661712646484,11578199,69.31554671954828
2019-12-19 00:00:00+00:00,69.90659751780366,70.06213100530118,69.98436737060547,7602716,69.59551810659644
2019-12-20 00:00:00+00:00,71.12758154425936,72.04526227475883,71.22090911865234,17849641,70.64541705804565
2019-12-23 00:00:00+00:00,71.41531265481838,71.56307350433744,71.34532165527344,7895946,71.1120121053511
2019-12-24 00:00:00+00:00,71.26754683020349,71.33753782486244,71.11200714111328,2343223,70.8242643125913
2019-12-26 00:00:00+00:00,71.2364487357166,71.3297700764527,71.03424835205078,3062675,70.82427533539455
2019-12-27 00:00:00+00:00,71.29867201570129,71.3142235008589,71.15868377685547,3758966,70.97981993416903
2019-12-30 00:00:00+00:00,71.18200251339681,71.30643302870024,70.79315948486328,3932934,70.55984993687967
2019-12-31 00:00:00+00:00,70.70761143925733,70.76205095610102,70.73094177246094,4710760,70.33431988989389
2020-01-02 00:00:00+00:00,70.8320529547745,71.65640603155727,71.5786361694336,8251428,70.279897504478
2020-01-03 00:00:00+00:00,70.52098128837585,71.60196809422298,70.96426391601562,5903698,70.38877189802282
2020-01-06 00:00:00+00:00,70.94871078450451,71.34533272825513,71.26756286621094,7522963,70.76206187197707
2020-01-07 00:00:00+00:00,70.61429269800409,70.86315374004631,69.36998748779297,11132275,69.30777533633545
2020-01-08 00:00:00+00:00,69.28446714200102,69.60331928811135,68.90339660644531,15200506,68.75563570414765
2020-01-09 00:00:00+00:00,69.17556948536105,70.03103169271071,69.50997924804688,9714750,69.04336010688903
2020-01-10 00:00:00+00:00,69.77439355677919,70.07769414079338,69.62663269042969,5945304,69.56441431612119
2020-01-13 00:00:00+00:00,69.61886283669556,69.70441155789948,69.611083984375,10261492,69.23001971038607
2020-01-14 00:00:00+00:00,69.42443995985789,69.93771362304688,69.93771362304688,8625669,69.11336670831805
2020-01-15 00:00:00+00:00,70.06990655398369,71.24422070517127,71.18978118896484,9614038,70.06212770363825
2020-01-16 00:00:00+00:00,71.43866724394705,71.5942069967065,70.90983581542969,7252474,70.80873559794685
2020-01-17 00:00:00+00:00,70.98758028572969,71.2597716465889,70.74649810791016,10131226,70.66094940907749
2020-01-21 00:00:00+00:00,70.55208183350372,70.7465033602508,69.96881103515625,10022129,69.7666106575453
2020-01-22 00:00:00+00:00,70.12434088390769,70.34987156429314,69.71994018554688,7800474,69.69660985434184
2020-01-23 00:00:00+00:00,69.72773088122229,69.72773088122229,68.87226867675781,13198093,68.63896532507215
2020-01-24 00:00:00+00:00,68.92669319690998,69.08223287625287,66.86581420898438,14954960,66.55473485029862
2020-01-27 00:00:00+00:00,66.18148114887332,67.27801962259585,66.95916748046875,10847534,65.87818049485925
2020-01-28 00:00:00+00:00,67.22358181343031,67.43355487041232,67.07582092285156,9496347,66.80362948135873
2020-01-29 00:00:00+00:00,67.34799629886152,68.56119232634589,67.84571838378906,8511227,67.21578692689448
2020-01-30 00:00:00+00:00,67.62020975696295,67.7601918072705,67.27024841308594,11016471,67.03693877779855
2020-01-31 00:00:00+00:00,67.17691025416235,67.40244100067484,66.44588470458984,9621583,66.10370226784921
2020-02-03 00:00:00+00:00,66.91250552954858,68.60787264415731,67.92350769042969,9729318,66.91250552954858
2020-02-04 00:00:00+00:00,68.77115387281135,69.3699760450802,68.71672058105469,15091305,68.48341106083518
2020-02-05 00:00:00+00:00,65.85483201588981,67.45687113840197,66.74917602539062,29290133,65.32600073029361
2020-02-06 00:00:00+00:00,66.89692603317619,67.06023835026907,66.63250732421875,16110170,66.30588269003296
2020-02-07 00:00:00+00:00,66.79584802548146,66.83472985070466,66.1659164428711,11419427,65.97149488054036
2020-02-10 00:00:00+00:00,66.16589724230931,66.86581963807664,66.61695861816406,10590983,66.05702443241353
2020-02-11 00:00:00+00:00,66.77250270094898,66.881375518004,66.29811096191406,10252689,66.06480140861451
2020-02-12 00:00:00+00:00,66.13479528049355,66.28256235667291,64.74272918701172,19630926,64.47053780539771
2020-02-13 00:00:00+00:00,64.49386463278464,64.49386463278464,63.74728775024414,19388734,63.34288701620088
2020-02-14 00:00:00+00:00,63.949476929672265,64.3927656634443,64.27610778808594,8743464,63.51397326385763
2020-02-18 00:00:00+00:00,64.45498017460615,64.63385020103205,64.12834930419922,10017308,63.97280961008056
2020-02-19 00:00:00+00:00,64.61055379661617,64.63388414117449,63.77064895629883,11740220,63.43623906015104
2020-02-20 00:00:00+00:00,63.941714605167874,64.41610637860785,64.15168762207031,10941330,63.55286532146751
2020-02-21 00:00:00+00:00,63.91839773784063,64.26058020511117,64.03504943847656,9295970,63.54510607769794
2020-02-24 00:00:00+00:00,62.689647380476906,64.22947479191541,63.24958801269531,13734145,62.65853818577409
2020-02-25 00:00:00+00:00,63.4051147937023,63.723966905632885,62.425228118896484,13171683,62.09859715459208
2020-02-26 00:00:00+00:00,62.728519592422636,63.482875401297576,62.1685791015625,11940283,62.03636972103315
2020-02-27 00:00:00+00:00,62.76741239437296,63.57620786721663,60.722084045410156,15734253,60.65987187893338
2020-02-28 00:00:00+00:00,59.63329935650185,60.263230764530256,59.53997802734375,29246117,57.68907183581148
2020-03-02 00:00:00+00:00,59.98328981294355,63.42068514901187,63.280696868896484,18840525,59.94440797953346
2020-03-03 00:00:00+00:00,63.30401619007562,64.08170868584371,61.538658142089844,17394599,60.58988063461972
2020-03-04 00:00:00+00:00,63.381773568043926,64.60274849375337,64.52497863769531,20224199,62.12191682335863
2020-03-05 00:00:00+00:00,63.40510076489135,64.36944195779726,63.44398880004883,15017840,62.9462667203965
2020-03-06 00:00:00+00:00,62.19190661033278,64.25278599213617,63.92615509033203,14208574,61.77195437032923
2020-03-09 00:00:00+00:00,60.65985760418565,62.77517647443893,61.40644073486328,18942810,59.87438643776721
2020-03-10 00:00:00+00:00,62.58853391824359,63.91060912324228,63.78617858886719,17527486,60.27101443824419
2020-03-11 00:00:00+00:00,62.083036165777365,62.33967609946383,61.631980895996094,14274179,60.6831972446595
2020-03-12 00:00:00+00:00,57.86016744542434,60.70651794768894,57.89905548095703,22664782,56.97360231427934
2020-03-13 00:00:00+00:00,59.76525350875999,60.557207284257316,60.18083190917969,25857094,56.66015196226352
2020-03-16 00:00:00+00:00,55.49183188238227,59.66332787206731,54.82533645629883,20808354,52.62980994139458
2020-03-17 00:00:00+00:00,56.18183271845054,59.64761623498991,58.400875091552734,24745795,55.97011888265367
2020-03-18 00:00:00+00:00,56.02502978077178,58.54203610374415,56.166168212890625,18558508,53.97064805383929
2020-03-19 00:00:00+00:00,55.946606879118015,57.13062217863316,55.460453033447266,19268738,54.0333639458339
2020-03-20 00:00:00+00:00,54.53520020591146,56.84834166174993,55.95445251464844,23075912,53.71188026471673
2020-03-23 00:00:00+00:00,55.09977699018678,56.150490976606356,52.065250396728516,18375003,51.16351796348146
2020-03-24 00:00:00+00:00,54.09610799896803,54.69203419897729,54.14315414428711,19901939,52.68469856149291
2020-03-25 00:00:00+00:00,53.64131399115721,55.18601857074349,53.492332458496094,18311494,52.33968322391802
2020-03-26 00:00:00+00:00,53.42960546886042,58.16566134648837,57.65599060058594,18052848,53.39824555212605
2020-03-27 00:00:00+00:00,56.29948384553907,57.57759197571324,56.24459457397461,12467218,55.86821905828877
2020-03-30 00:00:00+00:00,57.72655696196557,60.839495619797106,60.33766174316406,15803316,57.14631075842421
2020-03-31 00:00:00+00:00,59.788778038888715,60.84732871321362,60.32981491088867,15079672,59.21636871468895
2020-04-01 00:00:00+00:00,58.542041054855744,59.177176592057236,57.86770248413086,11665288,57.232573216405385
2020-04-02 00:00:00+00:00,59.57705240912995,60.470941419685765,60.2749137878418,12843345,58.048028103483965
2020-04-03 00:00:00+00:00,59.81229565053628,60.72186471076066,59.78877258300781,10039211,59.05954495067688
2020-04-06 00:00:00+00:00,61.41973093946292,63.39570638235899,62.9722785949707,14314108,61.08256485551086
2020-04-07 00:00:00+00:00,64.04652564578213,64.27391950972023,61.60008239746094,10657950,61.47462393009767
2020-04-08 00:00:00+00:00,62.08624773849365,65.08156527975294,63.99948501586914,11481888,61.42758909622068
2020-04-09 00:00:00+00:00,63.646620705920704,65.30894052747315,64.68164825439453,13876568,62.870346909828065
2020-04-13 00:00:00+00:00,64.15631308780392,64.66599019144347,63.152645111083984,7706678,62.595921854720274
2020-04-14 00:00:00+00:00,64.55620195631708,65.23838360727777,64.95610046386719,12155333,63.30161717390977
2020-04-15 00:00:00+00:00,63.69367318919791,65.05018698726201,64.35232543945312,10809072,63.1683162499898
2020-04-16 00:00:00+00:00,64.8071030067981,65.34030297582363,65.08154296875,9145058,64.50129686561547
2020-04-17 00:00:00+00:00,65.82647165395275,65.99113316046375,65.44225311279297,15433162,64.64245611364551
2020-04-20 00:00:00+00:00,64.94042236867864,65.9676132969088,65.15997314453125,11675768,63.32514206392355
2020-04-21 00:00:00+00:00,63.99947323473013,64.53267328839279,61.60008239746094,17876574,61.325642391946
2020-04-22 00:00:00+00:00,62.10192286441316,63.238892304891515,62.71353530883789,11933890,61.81180287070963
2020-04-23 00:00:00+00:00,62.87819204602392,64.20334597215145,63.41923522949219,8152497,62.86251208818186
2020-04-24 00:00:00+00:00,63.983784503178455,64.37584607834668,63.85048294067383,7686451,63.5289968376679
2020-04-27 00:00:00+00:00,63.69368857104839,66.39104313071907,65.85000610351562,12786753,63.380039192774134
2020-04-28 00:00:00+00:00,63.65447998046875,64.47780020349032,63.65447998046875,20273560,62.862525949522976
2020-04-29 00:00:00+00:00,64.44642353371792,64.44642353371792,63.332977294921875,13687194,61.968614123676744
2020-04-30 00:00:00+00:00,62.58806436247324,63.042852048084455,62.21168899536133,11638878,62.05486435836272
2020-05-01 00:00:00+00:00,61.83532796525301,61.83532796525301,60.90222930908203,9518565,60.321983033232215
2020-05-04 00:00:00+00:00,61.176655130232604,61.18449824292001,60.267086029052734,8850255,59.76525220655022
2020-05-05 00:00:00+00:00,60.5728819258473,61.78826337746001,61.16880798339844,7401395,60.19650658379276
2020-05-06 00:00:00+00:00,61.43541958509705,61.66281344416106,60.47095489501953,12414922,60.43959498095727
2020-05-07 00:00:00+00:00,60.37686231860037,60.47095459927702,59.27910232543945,12602410,59.1458007481642
2020-05-08 00:00:00+00:00,59.98480728262767,60.345496450262885,59.906394958496094,8791672,59.56922259167782
2020-05-11 00:00:00+00:00,59.61626298997497,61.2158629631293,61.09040451049805,10622528,59.53001383037035
2020-05-12 00:00:00+00:00,61.27858764302642,61.709852239537724,60.52583694458008,9544660,60.47094769729194
2020-05-13 00:00:00+00:00,60.1102676532358,61.78827388832533,61.07472610473633,10935146,60.0475352841515
2020-05-14 00:00:00+00:00,60.59642886516302,62.83115873083746,62.7684326171875,11407585,60.58074890411969
2020-05-15 00:00:00+00:00,62.81546935959979,63.16047860668134,62.55670928955078,9367234,61.81180153574388
2020-05-18 00:00:00+00:00,63.513330443747655,63.513330443747655,62.50966262817383,12552630,62.12544408331333
2020-05-19 00:00:00+00:00,62.31362996013827,62.51750075258996,60.808128356933594,10591822,60.65130370589766
2020-05-20 00:00:00+00:00,61.18451592955555,61.34917745726785,60.290626525878906,11027685,60.125958728690236
2020-05-21 00:00:00+00:00,60.18868511477266,60.400392772174484,60.024017333984375,9000329,59.804466562409075
2020-05-22 00:00:00+00:00,59.72605268728709,60.110271229732156,59.882877349853516,6357482,59.647640356003876
2020-05-26 00:00:00+00:00,61.36484350737254,61.63144036391906,60.580726623535156,19146017,60.306286654613224
2020-05-27 00:00:00+00:00,60.376863701322335,60.87869756905723,60.808128356933594,12828987,59.592746715617785
2020-05-28 00:00:00+00:00,61.631450275809954,62.95660419823395,61.97645950317383,13180906,61.56088106150489
2020-05-29 00:00:00+00:00,62.3057933984701,63.46628590700667,63.29378128051758,13517104,61.40406096440506
2020-06-01 00:00:00+00:00,62.87035113043272,63.089901873380455,62.38419723510742,6269241,62.04702487279754
2020-06-02 00:00:00+00:00,62.36851928002994,63.403546931206854,63.38786697387695,11352984,61.811796156904016
2020-06-03 00:00:00+00:00,63.51333443497657,64.57189157626185,64.34449768066406,13675457,63.40355590969625
2020-06-04 00:00:00+00:00,63.725042101052395,64.42291001686668,63.94459915161133,9292930,63.38787594965294
2020-06-05 00:00:00+00:00,64.38368927704079,65.18348619207423,64.50130462646484,10413347,63.89754165310474
2020-06-08 00:00:00+00:00,63.63093576530066,65.2383726393589,65.00313568115234,9956838,63.63093576530066
2020-06-09 00:00:00+00:00,65.23053233184385,65.48144925693178,64.50130462646484,8846168,64.3915323901607
2020-06-10 00:00:00+00:00,64.64243751261584,64.90903434579253,64.11708068847656,9080920,63.505468444191834
2020-06-11 00:00:00+00:00,63.364326466226636,64.03082164620263,60.65128707885742,14303838,60.651287078857415
2020-06-12 00:00:00+00:00,61.56020250779028,61.59181801874649,60.303550720214844,17000656,59.64756204425427
2020-06-15 00:00:00+00:00,59.204975375096105,59.568531665479554,58.50156021118164,17684162,58.145903059749
2020-06-16 00:00:00+00:00,59.576424838097104,61.1808280985093,60.83307647705078,21437050,59.14173215161902
2020-06-17 00:00:00+00:00,61.14132210957111,61.212452271396884,60.29564666748047,13983045,59.77401916144738
2020-06-18 00:00:00+00:00,59.77401767958555,60.28774603444263,60.240325927734375,7750903,59.56062088008781
2020-06-19 00:00:00+00:00,60.9595277083881,61.631320851368386,61.56809616088867,17691393,59.91626660134293
2020-06-22 00:00:00+00:00,61.149216989875164,61.354701982057286,60.65919876098633,7474231,60.40628734981332
2020-06-23 00:00:00+00:00,61.25196500678562,62.137155071338064,60.95163345336914,11428650,60.769858485266944
2020-06-24 00:00:00+00:00,60.64340826039707,60.76986399537051,59.96370315551758,8084901,59.63176238060953
2020-06-25 00:00:00+00:00,59.78983106806006,60.82518706827768,60.5169563293457,7583328,59.52111498409245
2020-06-26 00:00:00+00:00,60.34307272088391,60.64341063259142,59.426273345947266,12328882,59.2761075497492
2020-06-29 00:00:00+00:00,59.987414675251976,60.46952757156428,60.16129684448242,7230990,59.68708308727239
2020-06-30 00:00:00+00:00,60.65921571004189,61.378429181912026,61.117618560791016,9940804,60.22452291575831
2020-07-01 00:00:00+00:00,61.19665154131537,62.39007241017857,61.74198913574219,9948769,60.95163920935578
2020-07-02 00:00:00+00:00,62.097640467318584,62.682498978877234,62.26361083984375,6827825,61.82101896690294
2020-07-06 00:00:00+00:00,62.62717703847005,63.243651096424564,62.89589309692383,8058282,62.35846098001628
2020-07-07 00:00:00+00:00,62.437482444933515,62.97492081368967,62.2161865234375,6956414,62.113440860008964
2020-07-08 00:00:00+00:00,62.145075749917304,62.40589271831746,61.583927154541016,8211394,61.23617540954887
2020-07-09 00:00:00+00:00,61.59973323194866,61.92377489246452,60.61179733276367,7966058,60.09806889578022
2020-07-10 00:00:00+00:00,60.659210510825226,61.13341791880235,60.64340591430664,5161400,60.38258899622932
2020-07-13 00:00:00+00:00,60.85678232746539,62.105534742911665,61.13340377807617,8114245,60.64339188692478
2020-07-14 00:00:00+00:00,61.283589466712236,62.129265005860674,61.8447380065918,8397100,61.14132912673354
2020-07-15 00:00:00+00:00,62.62717656046879,63.20412964349623,62.785247802734375,7709717,62.31104039524848
2020-07-16 00:00:00+00:00,63.053951658309565,63.077661708130464,62.75362014770508,5850774,62.23989186940286
2020-07-17 00:00:00+00:00,63.006526055195906,63.42540777831655,63.12507629394531,8191378,62.68248452307479
2020-07-20 00:00:00+00:00,63.12511492714955,63.38593193132998,62.761558532714844,5434194,62.49283606800987
2020-07-21 00:00:00+00:00,63.00655183767767,63.3226880434764,62.350563049316406,8967526,62.27152741803881
2020-07-22 00:00:00+00:00,62.69039811707616,63.038156096456,62.26361083984375,12362103,61.6629477325767
2020-07-23 00:00:00+00:00,62.55604485331736,62.59555950325307,61.69456481933594,11558916,61.25987207348951
2020-07-24 00:00:00+00:00,61.52860222211305,61.639253378185145,60.93584442138672,9068763,60.350985760871126
2020-07-27 00:00:00+00:00,60.3904928033259,62.54814583942018,62.38217544555664,10958307,60.31146349531274
2020-07-28 00:00:00+00:00,62.587662074907584,63.39381656555664,62.98283386230469,8494564,62.413779916369535
2020-07-29 00:00:00+00:00,62.6350871446155,63.02235350475707,62.7141227722168,6398040,62.23200986736682
2020-07-30 00:00:00+00:00,62.22410838094405,62.65880120084453,62.42959976196289,7152600,61.35472274114311
2020-07-31 00:00:00+00:00,63.9312290738406,64.55560839516608,63.41750717163086,12291154,62.55602737830365
2020-08-03 00:00:00+00:00,64.92710682543525,66.23117911873229,65.23534393310547,10601463,64.69790535967887
2020-08-04 00:00:00+00:00,65.24320978710432,65.24320978710432,64.5477066040039,7218729,64.07349931377097
2020-08-05 00:00:00+00:00,64.86387124860103,65.18001379415026,64.5240249633789,6492465,64.13675224087471
2020-08-06 00:00:00+00:00,64.38174136945464,65.11675925198024,64.05769348144531,7256562,63.68623181189316
2020-08-07 00:00:00+00:00,63.85222159786731,64.03399658203125,64.03399658203125,6977584,63.251552118648306
2020-08-10 00:00:00+00:00,64.02611053038162,64.184175491559,63.94707489013672,5782445,63.46496190816154
2020-08-11 00:00:00+00:00,64.61096289343152,64.70580945331284,63.94707489013672,7636671,63.725772569726054
2020-08-12 00:00:00+00:00,64.31060677411524,65.5277437958563,65.34596252441406,7295652,64.28689672299755
2020-08-13 00:00:00+00:00,64.91129517419402,66.09681703550667,66.02568054199219,7455262,64.816448622612
2020-08-14 00:00:00+00:00,65.89921297703312,66.72908381853975,65.9782485961914,7390496,65.73324260031822
2020-08-17 00:00:00+00:00,66.61050871851307,67.32182277394662,66.98987579345703,8764319,66.3971182934684
2020-08-18 00:00:00+00:00,67.09262685743468,67.18746705400436,66.8318099975586,6551572,66.2074369443956
2020-08-19 00:00:00+00:00,66.83182479568099,67.74072495911416,67.20329284667969,6896050,66.83182479568099
2020-08-20 00:00:00+00:00,67.02151155013088,67.42458879411217,67.20329284667969,6380434,66.69746992722781
2020-08-21 00:00:00+00:00,67.2586114807174,67.3218361794766,67.16376495361328,6890495,66.48406626557328
2020-08-24 00:00:00+00:00,67.33765347170778,67.55105029879296,67.51153564453125,7582280,66.76860579833298
2020-08-25 00:00:00+00:00,67.89878413289122,68.19911564802078,67.71700286865234,10245982,67.33763574649242
2020-08-26 00:00:00+00:00,67.42459533376905,67.7170214727417,67.60637664794922,7844175,66.91086690658845
2020-08-27 00:00:00+00:00,67.5352487170544,68.09639095691273,67.82767486572266,6464902,67.24281624907444
2020-08-28 00:00:00+00:00,67.87507961890952,67.87507961890952,67.69329833984375,6134049,67.10843985556313
2020-08-31 00:00:00+00:00,67.65379943614623,67.91461638938232,67.39298248291016,7929273,67.29023679341181
2020-09-01 00:00:00+00:00,67.45619900998894,67.81185611726056,66.72908020019531,6797433,66.32600298786218
2020-09-02 00:00:00+00:00,66.76859789027066,68.92625068474405,68.70494842529297,11571597,66.60262119568235
2020-09-03 00:00:00+00:00,69.30561345126301,69.3925545297719,67.56684875488281,12983672,67.1321623202709
2020-09-04 00:00:00+00:00,67.61426103806136,68.6733268574484,67.36925506591797,9359688,66.58681072713767
2020-09-08 00:00:00+00:00,67.9225094909105,67.9225094909105,65.85970306396484,9095592,65.59888613391473
2020-09-09 00:00:00+00:00,66.20745498906844,67.8276695057268,67.0847396850586,8862307,66.12052022495554
2020-09-10 00:00:00+00:00,66.96617528690417,67.08472553992998,66.04936981201172,6907578,65.82017476259847
2020-09-11 00:00:00+00:00,66.26276996998998,67.08472896511924,66.76859283447266,7171254,66.2153498663585
2020-09-14 00:00:00+00:00,67.03130376541546,67.74779143603477,66.99945831298828,8575994,66.65713402125657
2020-09-15 00:00:00+00:00,67.4532403296511,67.80352125306293,67.03926849365234,10826678,66.59345756663221
2020-09-16 00:00:00+00:00,67.27012978888777,68.54388425301937,68.12195587158203,10380230,67.27012978888777
2020-09-17 00:00:00+00:00,67.97070268805341,68.28118155392252,68.17768859863281,8090455,67.2303324560855
2020-09-18 00:00:00+00:00,68.12195119556428,68.70310043644476,68.3130111694336,12308446,67.62041239888633
2020-09-21 00:00:00+00:00,67.60450176888432,67.93886316398924,66.17948913574219,10445311,65.35155178641722
2020-09-22 00:00:00+00:00,66.15559657746464,66.5297599641546,66.0282211303711,8143170,65.43910889190451
2020-09-23 00:00:00+00:00,66.1476181933595,66.72877370694722,65.78141784667969,7085842,65.74160944828343
2020-09-24 00:00:00+00:00,65.35949635339335,66.4581038728672,66.19539642333984,7844280,65.16046707126937
2020-09-25 00:00:00+00:00,65.39930473625878,66.26705033937371,66.02025604248047,6932101,65.12067135257455
2020-09-28 00:00:00+00:00,66.23523740872162,66.63328347649023,65.88495635986328,6123674,65.72573538664608
2020-09-29 00:00:00+00:00,65.82126132586016,66.19543122614894,65.20030975341797,6742413,65.04108879011525
2020-09-30 00:00:00+00:00,65.48687600446014,66.33073916437482,66.03618621826172,11593605,65.29581601028336
2020-10-01 00:00:00+00:00,66.2192909293295,66.34666638305096,64.99330139160156,8410305,64.68282252966706
2020-10-02 00:00:00+00:00,64.32456970214844,65.07290277542995,64.32456970214844,5255406,64.0459363338005
2020-10-05 00:00:00+00:00,64.66690150371073,64.91368945049585,64.67485809326172,8807182,64.1812821996915
2020-10-06 00:00:00+00:00,64.58728278835311,64.59523937688617,63.39313888549805,10273230,63.3055654894677
2020-10-07 00:00:00+00:00,63.75934549939066,63.966331396311055,63.71954345703125,9845226,63.297615073881445
2020-10-08 00:00:00+00:00,63.99820720693229,65.14458677308902,64.06985473632812,9217160,63.815103721626635
2020-10-09 00:00:00+00:00,64.38827605678716,64.54749061600604,63.97430419921875,5956098,63.72751622194792
2020-10-12 00:00:00+00:00,64.09371670995101,64.26090059024861,63.97430419921875,8276370,63.61606030174953
2020-10-13 00:00:00+00:00,63.92653887899117,64.42807778686043,64.25293731689453,9125774,63.719552951229915
2020-10-14 00:00:00+00:00,64.36439633882011,64.42808089220796,64.09371948242188,9166122,63.74343852560702
2020-10-15 00:00:00+00:00,63.52846350389256,63.63991938307286,62.93935775756836,9151974,62.71644599920776
2020-10-16 00:00:00+00:00,63.13044351344294,63.926541803107575,63.552371978759766,7903492,62.979185538586655
2020-10-19 00:00:00+00:00,63.78322657717997,64.0777858721102,62.62889099121094,8614455,62.35821419421869
2020-10-20 00:00:00+00:00,62.867718300468745,62.867718300468745,62.31045150756836,11144746,62.15919355993172
2020-10-21 00:00:00+00:00,62.302499260669656,62.77219268044238,62.151241302490234,9689808,62.119395846749306
2020-10-22 00:00:00+00:00,62.17511553902875,63.249840648673036,63.058780670166016,6075990,62.17511553902875
2020-10-23 00:00:00+00:00,63.09859805419091,64.18129274657844,63.552371978759766,7309381,63.09859805419091
2020-10-26 00:00:00+00:00,63.1543270922991,63.52849055774751,62.764244079589844,9122840,62.302507191024844
2020-10-27 00:00:00+00:00,62.83587274458286,63.870795772692574,62.08753967285156,12241374,62.08753967285156
2020-10-28 00:00:00+00:00,61.402907675047935,61.880564046755914,60.6466178894043,8989954,60.51924243259737
2020-10-29 00:00:00+00:00,60.63865787981074,60.97301926582996,60.41575241088867,9314310,59.44451370989765
2020-10-30 00:00:00+00:00,60.00974332536574,60.41575221451104,59.87440490722656,11096748,58.863364162142744
2020-11-02 00:00:00+00:00,60.861548976926855,61.187953695556615,61.06853485107422,8145475,60.216715223913205
2020-11-03 00:00:00+00:00,61.6735771716893,62.27861535603766,61.2357292175293,7693578,61.108353762709406
2020-11-04 00:00:00+00:00,63.63992722249726,65.98841300529465,64.1812744140625,14731422,63.3214918167518
2020-11-05 00:00:00+00:00,65.32767942278228,65.99639595150082,64.05392456054688,9277210,64.03799864647306
2020-11-06 00:00:00+00:00,63.24985344847401,64.59525562029894,63.97430419921875,6945515,63.24985344847401
2020-11-09 00:00:00+00:00,67.49305426377242,67.80352680090296,64.08576202392578,11184046,63.96634314437219
2020-11-10 00:00:00+00:00,65.10474196821505,65.30377125902515,64.57135772705078,8593914,64.49175364905183
2020-11-11 00:00:00+00:00,65.17639530545858,65.17639530545858,64.53155517578125,5741678,64.15739182412693
2020-11-12 00:00:00+00:00,64.12553660583063,64.48378036049476,63.57623291015625,7464799,62.915466973442726
2020-11-13 00:00:00+00:00,63.87877109110755,65.16048228483581,64.55545043945312,7694206,63.46479925362588
2020-11-16 00:00:00+00:00,64.66691694250495,65.19233841553493,63.831016540527344,9503474,63.44889009688559
2020-11-17 00:00:00+00:00,64.53157025902632,65.24805804496431,64.88185119628906,9509133,64.01410544356615
2020-11-18 00:00:00+00:00,64.82612345552222,65.25602122075276,63.8867301940918,8678174,63.870810647897926
2020-11-19 00:00:00+00:00,64.30068863147976,64.30068863147976,63.998172760009766,7037110,63.15430968235982
2020-11-20 00:00:00+00:00,64.06185612705423,64.33253290783739,64.04593658447266,8415440,63.4727503030141
2020-11-23 00:00:00+00:00,64.17330109291058,64.61115527468658,63.910587310791016,9498548,63.19410617229463
2020-11-24 00:00:00+00:00,63.70363761862415,64.3962365885325,63.79916763305664,12790840,63.424997801074696
2020-11-25 00:00:00+00:00,63.79914163848197,64.05389248335379,63.735450744628906,6023590,63.369250383419555
2020-11-27 00:00:00+00:00,63.926513712188324,64.22902952896783,63.57623291015625,5644528,63.33740161862353
2020-11-30 00:00:00+00:00,63.68769393446813,64.11758524472923,63.998172760009766,14501910,63.21800058439089
2020-12-01 00:00:00+00:00,64.44399859647584,65.64610577304705,64.92166137695312,10166543,64.34051199583887
2020-12-02 00:00:00+00:00,65.23211353550272,65.86899067861779,65.14454650878906,7165805,64.7146552328452
2020-12-03 00:00:00+00:00,65.23211627665684,65.25600513796863,64.84203338623047,7085109,64.34049460409896
2020-12-04 00:00:00+00:00,64.59526218993618,65.24806550063467,65.23213958740234,8651554,64.57137968536077
2020-12-07 00:00:00+00:00,65.32765401365373,66.45015044723435,65.68589782714844,8829190,65.319691059714
2020-12-08 00:00:00+00:00,65.51076809355756,66.66511027826012,66.21929931640625,8664969,65.48688559078941
2020-12-09 00:00:00+00:00,66.72880588637915,66.77657089527298,66.4501724243164,7168320,65.70980205591586
2020-12-10 00:00:00+00:00,66.60141561222365,66.82432105930131,66.06803131103516,7349205,65.85308245349023
2020-12-11 00:00:00+00:00,65.95656901408644,66.41034281907832,66.04413604736328,7979158,65.69385518371386
2020-12-14 00:00:00+00:00,66.30090963639176,66.6619825333454,64.44740295410156,13139300,64.22273722715252
2020-12-15 00:00:00+00:00,64.59184971428488,65.02513599977145,64.57579803466797,10087838,64.1906539569533
2020-12-16 00:00:00+00:00,64.41529494180509,64.79241945011607,64.0542221069336,9487649,63.90979553919978
2020-12-17 00:00:00+00:00,64.50356851714193,64.63997568191768,64.04621124267578,11710038,63.93387517573835
2020-12-18 00:00:00+00:00,63.95795657856192,64.3350811980216,63.81352996826172,33161759,62.94695747538287
2020-12-21 00:00:00+00:00,63.22778915282896,63.653049545927054,63.62095260620117,11140764,62.37726195109416
2020-12-22 00:00:00+00:00,63.38022526678755,64.18261005996332,63.72524642944336,9052414,62.77843506802147
2020-12-23 00:00:00+00:00,63.86166640344786,64.53567002171435,63.99807357788086,6056078,63.845621142265614
2020-12-24 00:00:00+00:00,64.19065767275055,64.53568540247434,64.30299377441406,2957456,64.08634741136008
2020-12-28 00:00:00+00:00,64.71219030203672,65.10535371330198,64.55171203613281,4804242,64.29494937690174
2020-12-29 00:00:00+00:00,64.83256738366843,65.46644840487906,65.33004760742188,5708037,64.80047043669143
2020-12-30 00:00:00+00:00,65.52260922418174,65.57877727130526,64.6640625,5933357,64.62393971682347
2020-12-31 00:00:00+00:00,64.70417471008874,65.74727077256418,65.63494110107422,5511118,64.49555421448586
2021-01-04 00:00:00+00:00,65.79542721096892,65.86764052598063,64.96094512939453,10502637,64.09437251817475
2021-01-05 00:00:00+00:00,64.72822225767455,65.31396075073488,65.07324981689453,10956526,64.11841267123017
2021-01-06 00:00:00+00:00,64.65601977295897,66.38916444813431,66.10031127929688,10521396,64.43937348079321
2021-01-07 00:00:00+00:00,66.2367409720182,67.6970783762906,67.41624450683594,10447931,65.85159682971974
2021-01-08 00:00:00+00:00,67.69704949268562,67.69704949268562,66.62185668945312,9563105,66.2367127114801
2021-01-11 00:00:00+00:00,66.99898620645745,68.68398882903594,68.20256042480469,13488179,66.7983851571177
2021-01-12 00:00:00+00:00,68.29883903176572,68.31488429151568,66.66999816894531,10128606,66.23671200031991
2021-01-13 00:00:00+00:00,66.89469357233104,66.89469357233104,66.0682373046875,10093812,65.97195288161366
2021-01-14 00:00:00+00:00,66.13242605029545,66.43733742177878,65.93183135986328,11366398,65.69913972261077
2021-01-15 00:00:00+00:00,65.66702248586074,66.99897787405543,66.9026870727539,10203538,65.44235036502795
2021-01-19 00:00:00+00:00,67.05515668013476,67.31994522440915,66.75025177001953,8467316,66.3249913468428
2021-01-20 00:00:00+00:00,66.79840125560129,67.0391187234992,66.16452026367188,11097901,66.01206779199846
2021-01-21 00:00:00+00:00,65.64296476057498,66.036128221043,65.13745880126953,9043716,64.96093525289922
2021-01-22 00:00:00+00:00,64.90476881088689,65.33805506129977,64.97698211669922,9436926,64.80045856397832
2021-01-25 00:00:00+00:00,64.76034096282223,65.14548500200685,65.11338806152344,9957677,64.23878973823719
2021-01-26 00:00:00+00:00,65.11340429520065,65.11340429520065,64.3912582397461,7748283,64.29497380982959
2021-01-27 00:00:00+00:00,64.0783271586113,64.24682489338947,61.83967590332031,16230376,61.65512648820347
2021-01-28 00:00:00+00:00,61.84770065525377,62.9951070799933,62.521697998046875,12972039,61.83967481522565
2021-01-29 00:00:00+00:00,62.577867148247975,62.88277208820636,61.83967590332031,10671470,61.29405349813913
2021-02-01 00:00:00+00:00,62.57784902178979,62.8506569375883,62.072349548339844,8224599,62.05629787265074
2021-02-02 00:00:00+00:00,62.417374301589504,63.324069485672936,62.401329040527344,9866710,62.345161003502476
2021-02-03 00:00:00+00:00,62.29702300246634,62.70623813473803,62.040260314941406,10034810,61.903853132337964
2021-02-04 00:00:00+00:00,61.75940767024618,61.79150460027173,61.005165100097656,18867563,60.6120017655473
2021-02-05 00:00:00+00:00,61.32614394497204,61.76745604334788,60.82064437866211,13901825,60.50771363169348
2021-02-08 00:00:00+00:00,60.86075560050765,61.13356354336436,60.21082305908203,16718534,59.90591817720145
2021-02-09 00:00:00+00:00,60.2589652598486,60.315133299255756,60.21082305908203,13484616,59.665207173368614
2021-02-10 00:00:00+00:00,60.43550470345116,60.48364691177475,60.090476989746094,11721566,59.80964316416548
2021-02-11 00:00:00+00:00,60.02629134094621,60.25897654973344,59.970123291015625,8780982,59.56090809229237
2021-02-12 00:00:00+00:00,59.95403125959519,60.26696182813277,60.17870330810547,6738116,59.80960472744032
2021-02-16 00:00:00+00:00,60.475611831501304,60.52375403246901,59.576942443847656,9734453,59.4164641635963
2021-02-17 00:00:00+00:00,59.74545366311763,61.029267226624,60.61202621459961,13876463,59.67323393754474
2021-02-18 00:00:00+00:00,60.39538103776034,60.884835369290506,60.50771713256836,10004627,60.210831631521195
2021-02-19 00:00:00+00:00,60.53177913869642,60.5879471776586,59.625083923339844,12388198,59.58496756153168
2021-02-22 00:00:00+00:00,59.777519589660365,60.22685735973639,60.1225471496582,8612464,59.159684165516225
2021-02-23 00:00:00+00:00,60.41142166388522,60.94901810467244,59.80963134765625,10900458,59.745443887752714
2021-02-24 00:00:00+00:00,60.01825911169169,60.39537732523223,59.833709716796875,9838834,59.68928310281258
2021-02-25 00:00:00+00:00,59.5448502770926,60.17873761022871,59.87383270263672,10906955,59.44054002812281
2021-02-26 00:00:00+00:00,59.7293873673278,59.94603365995186,58.26905059814453,17644862,58.204863143446325
2021-03-01 00:00:00+00:00,58.74246243511579,58.88688902695651,58.07648468017578,12594864,57.91600641221631
2021-03-02 00:00:00+00:00,58.44557981340945,58.96713100163409,58.45360565185547,16047290,58.09253273932124
2021-03-03 00:00:00+00:00,58.42952660280843,59.159691751446736,58.81467056274414,13939972,58.10857009509327
2021-03-04 00:00:00+00:00,58.71840038921461,58.830730061673925,57.907989501953125,15975188,57.54691655114594
2021-03-05 00:00:00+00:00,58.18079478479054,58.90293415794335,58.67826843261719,12241164,57.77959911577454
2021-03-08 00:00:00+00:00,59.67322821605399,60.62806566527531,59.51275634765625,15391347,58.89492072848591
2021-03-09 00:00:00+00:00,59.825681024469134,60.547826891030056,59.488685607910156,14189920,59.48065976900299
2021-03-10 00:00:00+00:00,59.98615646362305,60.363274641288555,59.98615646362305,12827310,59.45658584718605
2021-03-11 00:00:00+00:00,60.09047934696254,60.467597603983855,59.881858825683594,13205324,59.84976188036227
2021-03-12 00:00:00+00:00,59.9223179750402,60.618429732401204,60.38369369506836,11493940,59.88993902839625
2021-03-15 00:00:00+00:00,61.11219409518469,61.9701942499903,61.70307922363281,17999295,60.77223128124985
2021-03-16 00:00:00+00:00,61.638315284916004,62.463936320413204,62.17253875732422,15697887,61.63021893063673
2021-03-17 00:00:00+00:00,62.107807500225235,62.7310651844036,62.569183349609375,17533878,61.492633229138384
2021-03-18 00:00:00+00:00,62.53679881593378,63.28957225585689,62.54489517211914,14274179,62.49632350691441
2021-03-19 00:00:00+00:00,62.52870133390315,63.33813630873484,62.73915481567383,58225203,61.533101945419524
2021-03-22 00:00:00+00:00,61.35502741589987,63.13577918300374,62.73915481567383,11352879,61.14457393412919
2021-03-23 00:00:00+00:00,62.399191292184206,62.585362175641166,61.73545837402344,11651245,61.541191134618316
2021-03-24 00:00:00+00:00,61.57356071120552,62.06731538262568,61.71116638183594,9135416,61.4440513952905
2021-03-25 00:00:00+00:00,61.85685619043468,62.01064808430649,61.57355499267578,10700918,60.95838741718854
2021-03-26 00:00:00+00:00,61.63831047247424,62.70675733387115,62.642005920410156,10389767,61.39547811020836
2021-03-29 00:00:00+00:00,62.585358862417316,63.580964658859045,63.37860107421875,11448562,62.46394588915865
2021-03-30 00:00:00+00:00,63.13576283632332,63.20051425215306,62.293949127197266,10123366,62.156349941594456
2021-03-31 00:00:00+00:00,62.40727009024257,62.88483199058735,62.399173736572266,13598219,62.034928428084605
2021-04-01 00:00:00+00:00,62.455835268453534,62.698667631413784,62.399173736572266,9121373,62.18063043462292
2021-04-05 00:00:00+00:00,62.74723513354562,63.06291527551392,62.32632827758789,9828144,62.148253793584
2021-04-06 00:00:00+00:00,62.253489080934166,62.277771674283116,61.346923828125,13394698,61.22551086138028
2021-04-07 00:00:00+00:00,61.581661425508315,61.84068007567522,61.61404037475586,8970566,61.29026382609387
2021-04-08 00:00:00+00:00,61.58166010172553,61.84067874632448,61.10409164428711,12007984,60.93411349022818
2021-04-09 00:00:00+00:00,61.120275745338674,61.82447732772671,61.767822265625,8177439,61.05551785735721
2021-04-12 00:00:00+00:00,61.816378294658605,62.0025491051634,61.69496536254883,9970672,61.50069819926848
2021-04-13 00:00:00+00:00,61.49261799798894,62.132074709502845,61.864959716796875,8627346,61.41167386468694
2021-04-14 00:00:00+00:00,61.759738842426984,62.156363191615014,61.84068298339844,8415545,61.533099130851106
2021-04-15 00:00:00+00:00,61.557385075088405,62.59345978084127,62.05113983154297,14541734,61.557385075088405
2021-04-16 00:00:00+00:00,62.52867831314043,62.93339888750668,62.70675277709961,12512806,62.180625738280874
2021-04-19 00:00:00+00:00,62.8929441364529,62.96579192206117,62.860565185546875,8536903,62.302059023976426
2021-04-20 00:00:00+00:00,62.87675071861685,64.05852080865277,63.597145080566406,11009345,62.87675071861685
2021-04-21 00:00:00+00:00,63.88855981372614,64.34183930872499,64.13138580322266,11817248,63.6781063082238
2021-04-22 00:00:00+00:00,63.94518932404589,63.99376097442871,63.1033821105957,13330560,62.77961209677808
2021-04-23 00:00:00+00:00,63.02243873158881,63.29765004207658,63.038631439208984,8598840,62.69866871395707
2021-04-26 00:00:00+00:00,63.02243761210754,63.062912908533484,62.75532913208008,7834219,62.5691583010937
2021-04-27 00:00:00+00:00,62.66630582259297,63.087212778044496,62.617740631103516,9095802,62.50441753635666
2021-04-28 00:00:00+00:00,62.8200805769412,63.16004329632338,62.399173736572266,11628398,62.2130093773987
2021-04-29 00:00:00+00:00,61.1121906225501,61.306451378384374,59.63902282714844,30602753,58.967193593376834
2021-04-30 00:00:00+00:00,59.558076459148154,60.77222555339052,60.30275344848633,18052114,59.47713232327778
2021-05-03 00:00:00+00:00,60.10847489754107,61.53307702873938,61.50069808959961,12543302,60.076095958401304
2021-05-04 00:00:00+00:00,61.581652092125104,61.8973322376537,61.50880432128906,10418587,61.136462641141634
2021-05-05 00:00:00+00:00,61.59785475080411,62.91723074738738,62.892948150634766,16795143,61.30645711786535
2021-05-06 00:00:00+00:00,62.682476067174804,63.022438792756674,62.95768737792969,12871641,62.07540485656151
2021-05-07 00:00:00+00:00,63.143859578357514,63.66999320372085,63.46763610839844,12237496,63.04672920810776
2021-05-10 00:00:00+00:00,63.799503627422006,64.09090121512942,63.27337646484375,10939758,63.265280109880464
2021-05-11 00:00:00+00:00,62.99816069805678,63.669989843336836,62.698673248291016,12148102,62.44774450918095
2021-05-12 00:00:00+00:00,62.90103285066626,63.56476566811787,63.13576889038086,13379711,62.56916644194046
2021-05-13 00:00:00+00:00,63.046720771426,63.93709963798497,63.69426727294922,10830451,62.844363703182275
2021-05-14 00:00:00+00:00,63.993762583197096,64.0666103527445,63.37049865722656,8273122,63.31383712361004
2021-05-17 00:00:00+00:00,63.6780972981337,64.89224648954513,64.6494140625,12532508,63.61333939549215
2021-05-18 00:00:00+00:00,64.22040578345286,64.59274100561892,64.2527847290039,7943106,63.856160443745104
2021-05-19 00:00:00+00:00,63.888527329738444,64.26895883445874,64.23657989501953,9132796,63.09527890895391
2021-05-20 00:00:00+00:00,63.88854607574975,64.74654615526012,64.47943115234375,7345222,63.86426348202159
2021-05-21 00:00:00+00:00,64.69796785928348,65.02983425413039,64.09089660644531,10863987,64.00995247835236
2021-05-24 00:00:00+00:00,64.37421077317836,64.47134115767358,63.96949005126953,8737910,63.91283497491885
2021-05-25 00:00:00+00:00,63.945182065016304,64.14754558157372,62.73103332519531,14331714,62.698660857822276
2021-05-26 00:00:00+00:00,62.77151937775381,62.949593866450456,62.51250076293945,9686454,62.30204732941455
2021-05-27 00:00:00+00:00,62.73104500744093,62.811989134756985,61.452144622802734,17675149,61.41976567749513
2021-05-28 00:00:00+00:00,61.53308315406305,61.84066692674764,61.4278564453125,13969735,61.35500867892489
2021-06-01 00:00:00+00:00,61.56547298599774,61.63022441027138,60.85316848754883,15798914,60.731755522094204
2021-06-02 00:00:00+00:00,60.95839890116354,61.58975930351991,61.411678314208984,11830453,60.92601995111547
2021-06-03 00:00:00+00:00,62.11146590189179,62.773127562314116,62.69678497314453,15974400,61.840014798336355
2021-06-04 00:00:00+00:00,62.942786228240124,63.180311622440534,62.8664436340332,12728500,62.688304442311825
2021-06-07 00:00:00+00:00,62.891914664553234,62.94280974637443,61.75521469116211,16794400,61.738245349283275
2021-06-08 00:00:00+00:00,61.88244302045237,62.0690669213999,61.415889739990234,13657700,61.14443855822292
2021-06-09 00:00:00+00:00,61.92486509707641,63.027639256061214,62.80708312988281,12258700,61.88244821715114
2021-06-10 00:00:00+00:00,63.81652632571239,64.86839862115316,64.58846282958984,17236700,63.40086173633461
2021-06-11 00:00:00+00:00,65.07198582296498,65.19922995387243,64.69873809814453,13928400,64.13887298281921
2021-06-14 00:00:00+00:00,64.80141712849966,64.85275620067256,64.55329895019531,7841400,64.06562019353812
2021-06-15 00:00:00+00:00,64.59606859400432,64.8270715301059,64.76718139648438,14185700,63.92871952578312
2021-06-16 00:00:00+00:00,65.21210174803103,66.35002110440395,65.5457763671875,17576900,65.18643547387079
2021-06-17 00:00:00+00:00,65.31475562213761,66.28156196629888,66.07622528076172,14233200,65.01530492915934
2021-06-18 00:00:00+00:00,65.6569990643941,66.06767903356796,65.5457763671875,19351900,65.16076919971054
2021-06-21 00:00:00+00:00,65.78533051797137,66.12756270416618,65.6655502319336,10880800,65.4944374026042
2021-06-22 00:00:00+00:00,65.52864988865994,65.65698776491104,65.1864242553711,10957500,65.0324201093769
2021-06-23 00:00:00+00:00,64.89553087048931,65.24632066411746,64.6645278930664,9539100,64.63886162085677
2021-06-24 00:00:00+00:00,64.7928749165003,65.57144690261663,65.3318862915039,8601900,64.7928749165003
2021-06-25 00:00:00+00:00,65.07520247087842,66.70935812459291,66.0505599975586,50285200,65.06665139834593
2021-06-28 00:00:00+00:00,66.09335637669872,66.51258748911219,65.75968170166016,8796200,65.69979154274394
2021-06-29 00:00:00+00:00,65.87943451768955,66.1617765179452,66.0591049194336,7696600,65.72543038368966
2021-06-30 00:00:00+00:00,66.22167912686523,66.81202297879608,66.53823852539062,13811900,66.07623256389213
2021-07-01 00:00:00+00:00,66.43556260992908,66.8633511566414,66.72645568847656,9212000,66.31578233905245
2021-07-02 00:00:00+00:00,66.76924616142965,67.393813868465,67.24836730957031,7668000,66.52968558735932
2021-07-06 00:00:00+00:00,66.85480598263972,67.03447642234555,66.82913970947266,6720500,66.35856960962185
2021-07-07 00:00:00+00:00,67.0858028746177,67.25691568189568,67.2141342163086,8275100,66.84623580587926
2021-07-08 00:00:00+00:00,66.53822742777187,66.99168876867357,66.83768463134766,8400400,66.14466274961346
2021-07-09 00:00:00+00:00,67.09435409975056,67.32536357039491,66.72645568847656,6006500,66.68368075032645
2021-07-12 00:00:00+00:00,66.35000610351562,67.10291159465261,66.35000610351562,11087900,66.21311063556243
2021-07-13 00:00:00+00:00,66.2216890954682,66.5382485416465,66.40135955810547,6465800,66.08479358438993
2021-07-14 00:00:00+00:00,66.39278928059481,66.49546089430072,66.40990447998047,7163200,65.77677265343141
2021-07-15 00:00:00+00:00,66.40989928649057,66.7692401150555,66.64945983886719,7041300,66.05910952941375
2021-07-16 00:00:00+00:00,66.74356990069698,67.06012924296948,66.75212097167969,7638200,66.4184464323716
2021-07-19 00:00:00+00:00,66.57245222047455,67.02590704014708,65.9222183227539,9830600,65.15219762541602
2021-07-20 00:00:00+00:00,66.04200389294245,66.84624199464929,65.1693115234375,11627600,64.98108350148405
2021-07-21 00:00:00+00:00,65.29765380043507,65.41743409018993,65.3575439453125,7429300,64.7158610241103
2021-07-22 00:00:00+00:00,65.53720794905925,65.69976969529058,65.4773178100586,8708900,65.09231070613086
2021-07-23 00:00:00+00:00,65.70834339679921,66.4612491183896,66.34146881103516,6560800,65.64845324312199
2021-07-26 00:00:00+00:00,66.27300585112809,66.40134373028827,66.08477783203125,5071800,65.84521727228461
2021-07-27 00:00:00+00:00,66.02489664589804,66.84625004535906,66.606689453125,8136000,65.65699815709957
2021-07-28 00:00:00+00:00,66.61523458477497,67.30824995795548,67.0173568725586,11037900,66.28156003268543
2021-07-29 00:00:00+00:00,66.35001742749104,66.6665768279735,65.8195571899414,11583000,65.71688557145352
2021-07-30 00:00:00+00:00,65.9820979768809,66.52966671299325,65.76820373535156,13004500,65.68264081671245
2021-08-02 00:00:00+00:00,65.81955460751782,66.10189665162962,65.17787170410156,9083400,65.14364783261503
2021-08-03 00:00:00+00:00,65.3318675820314,65.71687466427194,65.37464904785156,9952400,65.18642104229922
2021-08-04 00:00:00+00:00,65.44309242937175,65.44309242937175,64.57896423339844,10893400,64.56184903548753
2021-08-05 00:00:00+00:00,64.61319029863188,64.75864339037287,64.67308044433594,8701600,64.10840286020284
2021-08-06 00:00:00+00:00,64.6987505568435,64.73297442832923,64.54474639892578,8670700,64.15973274036344
2021-08-09 00:00:00+00:00,64.89553253078671,65.21209846038903,64.44207763671875,7867000,64.16829318025113
2021-08-10 00:00:00+00:00,64.29663244950854,64.47630289095785,64.33085632324219,11243100,64.01429038685826
2021-08-11 00:00:00+00:00,64.66451967767141,64.82707489019243,64.34795379638672,6952200,64.288063659661
2021-08-12 00:00:00+00:00,64.27096830007834,65.07520651301945,65.05809783935547,6077100,64.219629224013
2021-08-13 00:00:00+00:00,65.33186903567619,65.68265225857263,65.63987731933594,6810400,65.21208876175689
2021-08-16 00:00:00+00:00,65.64843519063403,66.7435728581755,66.67512512207031,9368400,65.57142985563185
2021-08-17 00:00:00+00:00,66.64946522514025,67.6419313834117,67.44515228271484,10311600,66.58957508220608
2021-08-18 00:00:00+00:00,67.48791953701436,67.65048127540116,66.55534362792969,7459100,66.52111976050429
2021-08-19 00:00:00+00:00,66.48691047680106,67.7103862636,67.12859344482422,8865400,66.48691047680106
2021-08-20 00:00:00+00:00,67.18848034439998,67.76171553483313,67.31681823730469,6284200,66.92325348592358
2021-08-23 00:00:00+00:00,67.68470908136565,67.78738068961624,67.06013488769531,6492600,67.02591101827845
2021-08-24 00:00:00+00:00,66.96602405006553,66.96602405006553,66.4954605102539,8698100,66.34145635435252
2021-08-25 00:00:00+00:00,66.57246402413406,66.57246402413406,65.93933868408203,7045800,65.36610349068982
2021-08-26 00:00:00+00:00,65.97354804320754,66.15321844365916,65.51153564453125,6640400,65.4602031094122
2021-08-27 00:00:00+00:00,65.71688012174104,65.85377560170586,65.2805404663086,6010000,65.16931125695322
2021-08-30 00:00:00+00:00,65.2805473158757,65.74255329039362,65.45166015625,7339700,65.20354196843174
2021-08-31 00:00:00+00:00,65.69976117291631,65.96498796443831,65.27197265625,10949500,65.04952079987379
2021-09-01 00:00:00+00:00,65.21209557558808,65.70833192083863,65.17787170410156,9187200,64.87842098801451
2021-09-02 00:00:00+00:00,65.43454024165433,65.99921773990782,65.98210906982422,6559400,65.16930689884353
2021-09-03 00:00:00+00:00,66.10189056396484,66.20455564143342,66.10189056396484,6629800,65.61421186338279
2021-09-07 00:00:00+00:00,65.52863266723905,65.76819968613098,65.0067367553711,13979500,64.31371501676078
2021-09-08 00:00:00+00:00,64.99820575353213,64.99820575353213,64.47630310058594,8243000,63.99718192183001
2021-09-09 00:00:00+00:00,64.33084974224553,64.33084974224553,63.15870666503906,14628700,62.970478642527794
2021-09-10 00:00:00+00:00,63.295609263066424,63.492388379610254,62.84214782714844,11084500,62.55981228917092
2021-09-13 00:00:00+00:00,63.11593247674105,63.16727155178056,62.61114501953125,11245200,62.33736055362127
2021-09-14 00:00:00+00:00,63.06002539563445,63.137714254167086,62.248573303222656,15202800,62.20540843557066
2021-09-15 00:00:00+00:00,62.22268307453016,63.146354692310375,62.852848052978516,12555900,62.05003017314825
2021-09-16 00:00:00+00:00,63.03413057064519,63.03413057064519,62.12772750854492,14818900,61.88602002531818
2021-09-17 00:00:00+00:00,61.45440746658512,62.15363373861299,61.87739562988281,43406600,61.19543135825982
2021-09-20 00:00:00+00:00,61.42848619520062,62.68018817572772,62.09318161010742,15989400,61.3939556223955
2021-09-21 00:00:00+00:00,62.56798418787074,62.74063050845128,62.12772750854492,11995900,61.95507460192942
2021-09-22 00:00:00+00:00,62.4384940799814,62.50755524033314,62.18815231323242,9028700,62.03276799545839
2021-09-23 00:00:00+00:00,62.740628961034346,63.914642352924375,63.06003189086914,12813500,62.64567151124657
2021-09-24 00:00:00+00:00,63.526173190586434,64.42394845306653,63.54344177246094,14714700,63.318996310332345
2021-09-27 00:00:00+00:00,63.45712475118027,64.1131860330331,63.32763671875,8630600,63.31036813520735
2021-09-28 00:00:00+00:00,63.491655273448806,63.724728462779574,63.29310607910156,11836200,62.723367957384745
2021-09-29 00:00:00+00:00,63.54344638388461,65.34762474467914,64.821044921875,16054500,63.51755009522781
2021-09-30 00:00:00+00:00,65.2440209520573,66.16769230448537,64.83829498291016,16248600,64.82966069381283
2021-10-01 00:00:00+00:00,70.40625847227791,72.80607846328734,70.26814270019531,102497300,69.6034403773109
2021-10-04 00:00:00+00:00,72.6593054233472,72.99597033226769,71.73563385009766,53553300,71.14862718576859
2021-10-05 00:00:00+00:00,71.45940211813652,71.98598196290844,70.4407730102539,28977800,70.18180352684749
2021-10-06 00:00:00+00:00,70.35443288989647,70.50981717689832,69.62931060791016,17608000,69.18905403039936
2021-10-07 00:00:00+00:00,70.3889690139061,71.36443308998622,70.73426818847656,14190500,69.94871240167794
2021-10-08 00:00:00+00:00,70.50118397601722,70.61340998760576,69.60340881347656,12121100,69.51708567181629
2021-10-11 00:00:00+00:00,70.47529307690134,70.47529307690134,68.9991455078125,11279700,68.94735293606576
2021-10-12 00:00:00+00:00,69.21495281337894,69.21495281337894,68.70563507080078,10945000,68.4121350658837
2021-10-13 00:00:00+00:00,68.70565150745786,68.76608496696353,68.1531753540039,9462600,68.00642531643791
2021-10-14 00:00:00+00:00,68.17043414291534,68.77470279079117,67.61795806884766,14607900,67.31582374490975
2021-10-15 00:00:00+00:00,67.50573204421764,68.24812300362753,67.61795806884766,12866800,67.31582374490975
2021-10-18 00:00:00+00:00,67.9718829406829,67.9718829406829,66.59932708740234,13075500,66.564796510548
2021-10-19 00:00:00+00:00,67.96325490216677,68.64521238707924,68.61931610107422,15577100,67.42804084260472
2021-10-20 00:00:00+00:00,68.47256766165034,70.13863015524082,69.98324584960938,11465500,68.46393337077242
2021-10-21 00:00:00+00:00,70.01778749673764,70.14727553624131,70.069580078125,9893600,69.30129271938125
2021-10-22 00:00:00+00:00,70.05232238769531,70.33719477491518,70.05232238769531,7543600,69.8192425850479
2021-10-25 00:00:00+00:00,69.94872056584103,70.54436154684528,70.49256896972656,9365900,69.0164146614956
2021-10-26 00:00:00+00:00,70.69974250217199,71.09683427527989,71.00187683105469,9352500,70.53572390104948
2021-10-27 00:00:00+00:00,71.20042921576673,71.20042921576673,70.38897705078125,8465400,70.18180015679752
2021-10-28 00:00:00+00:00,71.97733107331291,74.98142512475498,74.71382141113281,28854700,71.79605050092046
2021-10-29 00:00:00+00:00,74.66203881048712,76.36263207247929,76.00870513916016,18678600,74.38580074568866
2021-11-01 00:00:00+00:00,76.00869501137662,76.50937190921204,75.82740783691406,10943900,75.35262722513497
2021-11-02 00:00:00+00:00,76.16408887587274,78.05459044170604,76.8460464477539,14671400,75.51665529904498
2021-11-03 00:00:00+00:00,76.63022486813391,77.19133520919893,76.55253601074219,10883900,76.14680997049466
2021-11-04 00:00:00+00:00,78.01142259530546,78.9005635447608,78.15817260742188,19519800,77.0618481968249
2021-11-05 00:00:00+00:00,71.03641621922034,72.51256405428695,70.44940948486328,37623900,70.22496399012918
2021-11-08 00:00:00+00:00,69.41349241522713,71.54570076751638,71.37305450439453,18655700,68.95596730449195
2021-11-09 00:00:00+00:00,72.18452192572262,72.26221078499458,71.40760040283203,10512000,70.70837432524759
2021-11-10 00:00:00+00:00,71.91691917166789,72.52982216370154,72.52119445800781,9855900,71.39033933881569
2021-11-11 00:00:00+00:00,72.44349252237076,72.73699914056697,72.52981567382812,5761500,72.10682762146301
2021-11-12 00:00:00+00:00,72.37443566403817,72.68520429656408,72.51255798339844,8206700,71.6924781168096
2021-11-15 00:00:00+00:00,72.64204877442805,72.66794506378446,72.24495697021484,7108200,71.99461519637795
2021-11-16 00:00:00+00:00,72.22767605652723,73.10818926054122,72.60750579833984,10565200,71.86511489536092
2021-11-17 00:00:00+00:00,72.83196303211409,73.09093250941746,71.30401611328125,10286300,71.29538182156067
2021-11-18 00:00:00+00:00,71.04503328519482,71.77015558862111,71.69246673583984,9833600,70.80331926468575
2021-11-19 00:00:00+00:00,71.105464831419,71.43349543039902,69.6638412475586,17581100,69.59478668032295
2021-11-22 00:00:00+00:00,69.92280480618216,70.84647616178547,70.47528076171875,10880200,69.5257131247673
2021-11-23 00:00:00+00:00,70.34580668004465,72.15861917926537,71.4766616821289,12130800,70.21631866166442
2021-11-24 00:00:00+00:00,71.47666959409094,71.5629927538884,71.02777862548828,8537000,70.75154056251547
2021-11-26 00:00:00+00:00,67.96326189246382,68.99915295541471,68.33445739746094,18022000,66.56480303004884
2021-11-29 00:00:00+00:00,65.96917056331016,66.90147659194974,64.64840698242188,34192400,63.88011958457137
2021-11-30 00:00:00+00:00,64.52751951804962,64.76922689859957,64.66564178466797,30179900,63.74196394523009
2021-12-01 00:00:00+00:00,65.20085923218323,66.39214091572865,64.25992584228516,21435900,64.21676098075288
2021-12-02 00:00:00+00:00,64.20813666800689,64.55343585581862,63.78514862060547,15345300,63.275837422759686
2021-12-03 00:00:00+00:00,63.95780115471044,64.09592347770997,63.310367584228516,14508900,62.72336746958504
2021-12-06 00:00:00+00:00,63.27584370711807,63.75062437473299,63.37942886352539,13506800,62.844221325994575
2021-12-07 00:00:00+00:00,62.17952874203923,62.7751698272065,62.39533996582031,17635100,61.72201000138908
2021-12-08 00:00:00+00:00,62.61976308377361,63.37078824486563,63.19813537597656,14331400,62.22267136437904
2021-12-09 00:00:00+00:00,63.396706410170665,63.50029158122317,62.89602279663086,11938000,62.749272746949266
2021-12-10 00:00:00+00:00,63.120449830426985,63.21540726678098,62.68882751464844,11398800,62.36942463000012
2021-12-13 00:00:00+00:00,62.47302581478698,63.40532515262722,63.37942886352539,17486100,62.127726592681206
2021-12-14 00:00:00+00:00,63.05699046878048,64.5210004513324,64.24214172363281,18949700,62.88270625716193
2021-12-15 00:00:00+00:00,64.23344511864802,65.69745554792712,65.61031341552734,14263400,64.23344511864802
2021-12-16 00:00:00+00:00,65.7932976913017,66.69087406624153,66.15058898925781,16601700,65.5928648524576
2021-12-17 00:00:00+00:00,66.7170213019421,67.74531424874449,65.95887756347656,28040600,65.79330288564275
2021-12-20 00:00:00+00:00,65.96757189617969,66.66472197493174,66.58629608154297,11818800,65.31399619054311
2021-12-21 00:00:00+00:00,66.44688084621033,66.47302281753454,65.82816314697266,14947800,65.2617293903834
2021-12-22 00:00:00+00:00,65.7410276399154,66.71703012629895,66.36846160888672,9256000,65.47087839584712
2021-12-23 00:00:00+00:00,66.4904536560388,66.4904536560388,65.99373626708984,9894900,65.6625869087789
2021-12-27 00:00:00+00:00,66.22902113283506,66.76059670275632,66.72573852539062,6334700,66.02858827511166
2021-12-28 00:00:00+00:00,66.82159140745945,67.22245044173312,66.93487548828125,5727100,66.41201616742502
2021-12-29 00:00:00+00:00,66.92617490427354,67.25731763389369,67.056884765625,5926100,66.6385999122646
2021-12-30 00:00:00+00:00,67.2050168659744,67.63201781937337,67.22244262695312,5859100,67.07430038882723
2021-12-31 00:00:00+00:00,67.22246043765294,67.57975179328574,66.7867431640625,6019500,66.76931739846678
2022-01-03 00:00:00+00:00,66.73445817524005,67.04817513920106,66.98717498779297,9441200,65.66259077362028
2022-01-04 00:00:00+00:00,66.57758588981437,67.33572952177032,67.10916137695312,11981700,66.13315250826042
2022-01-05 00:00:00+00:00,67.32701962420461,69.54917322368756,68.73873901367188,17447900,67.32701962420461
2022-01-06 00:00:00+00:00,68.66033224821236,69.34876637318024,68.6951904296875,11359200,67.92832373427098
2022-01-07 00:00:00+00:00,68.72132842272352,70.17662251028625,69.9761962890625,15212000,68.37275327668291
2022-01-10 00:00:00+00:00,70.18531821609861,71.84975424569559,71.78004455566406,19636800,69.42716799355537
2022-01-11 00:00:00+00:00,71.8236274272571,71.94562772118505,71.17005157470703,11585100,70.2811913405866
2022-01-12 00:00:00+00:00,70.6559072790359,70.95219180274951,70.7604751586914,13057000,70.29861596083357
2022-01-13 00:00:00+00:00,70.52517717041606,71.21361105552991,70.86503601074219,9678100,70.00231792749248
2022-01-14 00:00:00+00:00,71.1090445093843,71.32690310570503,70.91732788085938,9478000,70.38575237395544
2022-01-18 00:00:00+00:00,70.67332183858946,71.59704673637938,71.05675506591797,14493100,70.42060508862443
2022-01-19 00:00:00+00:00,70.56874758915843,71.4401818280299,70.8388900756836,11448200,70.1330304697227
2022-01-20 00:00:00+00:00,70.35091377301474,71.33563241581562,70.36833953857422,12069600,70.16790666779137
2022-01-21 00:00:00+00:00,70.82147894472952,71.03933756989895,69.69733428955078,18461700,69.0524679721166
2022-01-24 00:00:00+00:00,69.51433442453929,69.81062564281885,68.6951904296875,17289000,66.79546275466122
2022-01-25 00:00:00+00:00,68.3378861700657,69.52303752267349,69.24417877197266,13662400,67.78016866866405
2022-01-26 00:00:00+00:00,69.18319067594021,70.0110508663557,68.96533203125,13046600,68.60804731118753
2022-01-27 00:00:00+00:00,68.33789028850946,71.10905219933167,70.2201919555664,20187200,68.33789028850946
2022-01-28 00:00:00+00:00,69.31390997785094,70.57748750842396,70.49906158447266,13915300,69.00019298500881
2022-01-31 00:00:00+00:00,70.60360519008857,71.21361319895644,71.00447082519531,13035000,70.41189522577533
2022-02-01 00:00:00+00:00,71.4227594784381,71.56219216758112,71.38790130615234,10803300,70.65589963370117
2022-02-02 00:00:00+00:00,71.28334628961638,71.71906354896973,71.46634674072266,13988200,70.81277085169262
2022-02-03 00:00:00+00:00,71.15262974826558,71.28334625571297,68.85204315185547,19181400,68.32046756381578
2022-02-04 00:00:00+00:00,68.41630928793018,69.3226017648172,68.45987701416016,10716200,68.14616013183327
2022-02-07 00:00:00+00:00,68.66032328675514,68.77360737537494,67.60588836669922,23615300,67.4838880717187
2022-02-08 00:00:00+00:00,67.18760173308502,67.38803460271878,67.02203369140625,17486500,66.07216658516994
2022-02-09 00:00:00+00:00,67.2486050513897,67.38803777570327,66.69088745117188,15183100,66.58631955645492
2022-02-10 00:00:00+00:00,66.54273390007978,66.90001856072624,66.7170181274414,12437600,66.16801682758691
2022-02-11 00:00:00+00:00,66.57760073432411,67.88475255509546,66.7867431640625,9342300,66.3771678631246
2022-02-14 00:00:00+00:00,66.77802164027347,66.83902178777869,66.63859558105469,9881100,65.45344415936661
2022-02-15 00:00:00+00:00,67.54487861464912,68.13745424108629,67.80630493164062,11425600,67.37930395992629
2022-02-16 00:00:00+00:00,67.27474287924471,67.79760891468062,67.29217529296875,9981300,67.03945848211282
2022-02-17 00:00:00+00:00,66.96974091745886,67.03945727406308,66.54273986816406,8889300,66.22902291196283
2022-02-18 00:00:00+00:00,66.50787825396282,66.97845366395403,66.55145263671875,8780500,66.13316116722078
2022-02-22 00:00:00+00:00,66.62988883060065,66.97846400089247,66.18545532226562,9052500,65.88917074905453
2022-02-23 00:00:00+00:00,66.39459172161028,66.61245033033218,66.08958435058594,9659100,65.89787435966504
2022-02-24 00:00:00+00:00,65.44474392107348,65.63646061672962,64.05916595458984,21135600,63.510157844571076
2022-02-25 00:00:00+00:00,64.66043762023745,67.3531736982766,66.50788116455078,13665900,64.63429564884677
2022-02-28 00:00:00+00:00,66.08088301584739,66.89131740707874,66.73445892333984,14126100,65.16587408595079
2022-03-01 00:00:00+00:00,66.66472412251964,67.76273320494566,66.5252914428711,9807300,66.18543259687287
2022-03-02 00:00:00+00:00,66.49914933093609,67.29215773552744,66.8128662109375,9697500,66.28129075585268
2022-03-03 00:00:00+00:00,66.9000288926383,67.5710372334957,67.2311782836914,8191100,66.586318564642
2022-03-04 00:00:00+00:00,66.82159476720886,67.84988769761873,67.82374572753906,12216300,66.24644483138694
2022-03-07 00:00:00+00:00,67.10919159106439,68.22462700118432,67.73662567138672,14008400,66.29875701206797
2022-03-08 00:00:00+00:00,67.31831778536366,68.0503196030033,67.056884765625,10184100,66.71702582907547
2022-03-09 00:00:00+00:00,67.64073714956021,68.1635964337922,67.78887939453125,9746000,67.14401983226236
2022-03-10 00:00:00+00:00,67.64947035355996,68.14618784448905,67.87604522705078,8972200,67.38804394431872
2022-03-11 00:00:00+00:00,68.2507550158258,69.3923321709751,68.19847106933594,9424500,68.14618047432796
2022-03-14 00:00:00+00:00,68.48858425357055,69.11280544951892,68.3830795288086,10085400,67.9698610747279
2022-03-15 00:00:00+00:00,68.29516533157765,69.46448426291562,69.1391830444336,11403000,68.0489943371184
2022-03-16 00:00:00+00:00,69.42051979283433,69.55239902303913,68.6820068359375,10944000,68.26878837820206
2022-03-17 00:00:00+00:00,68.70838871238065,69.78099672856722,69.40294647216797,10279400,68.62925848270514
2022-03-18 00:00:00+00:00,69.61394906389194,70.10629108674617,69.55240631103516,21064800,69.13039407169082
2022-03-21 00:00:00+00:00,70.04475744565346,70.7305215545957,69.50845336914062,10478300,69.37658081561932
2022-03-22 00:00:00+00:00,69.69307831659175,70.14146510008038,69.7194595336914,10016600,69.25348527213634
2022-03-23 00:00:00+00:00,69.71946099703106,70.8448181412318,70.0975112915039,8470400,69.65791823782189
2022-03-24 00:00:00+00:00,70.37004181255668,70.92392652717089,70.69534301757812,7605000,70.08870258657952
2022-03-25 00:00:00+00:00,70.85358817773682,71.54814584087562,71.51297760009766,7125600,70.73050268884197
2022-03-28 00:00:00+00:00,71.53938517315197,71.80313701469325,71.39871215820312,7071900,70.97670652867367
2022-03-29 00:00:00+00:00,71.7943401979771,71.88225746650963,71.7152099609375,7398700,70.98548388756808
2022-03-30 00:00:00+00:00,71.9525822867159,72.70868281765271,72.44493103027344,9326600,71.8031222697686
2022-03-31 00:00:00+00:00,72.88452913456396,73.30653470687226,72.13722229003906,12466800,72.04051128228974
2022-04-01 00:00:00+00:00,72.26030644073458,73.48237456173307,73.42961883544922,10086700,71.77675141113481
2022-04-04 00:00:00+00:00,73.41203775750806,73.75491979245747,73.40324401855469,9039600,72.73506742656261
2022-04-05 00:00:00+00:00,73.55271210123121,75.10886854169014,73.60546112060547,12040900,73.42083284513798
2022-04-06 00:00:00+00:00,74.16813324659286,75.22315378842308,74.70443725585938,13924300,73.95713047975822
2022-04-07 00:00:00+00:00,75.39019135013031,76.58588471748538,76.31333923339844,13104300,74.69563368029492
2022-04-08 00:00:00+00:00,76.17267426140384,77.22769477498953,77.08702850341797,11409300,75.83858599722164
2022-04-11 00:00:00+00:00,77.64971363247211,78.66957269595319,76.16388702392578,14381000,75.768255974478
2022-04-12 00:00:00+00:00,75.61000739952395,76.09356245549104,75.28470611572266,12543000,74.92424328935819
2022-04-13 00:00:00+00:00,75.43417785407364,75.82101521681989,75.72430419921875,12743800,74.58136617576812
2022-04-14 00:00:00+00:00,75.7242863661101,76.93756731659309,76.4100570678711,22096100,75.09127809223776
2022-04-18 00:00:00+00:00,75.97925306736592,76.88481358078185,75.67153930664062,7995100,75.32865730073861
2022-04-19 00:00:00+00:00,75.58361536878397,75.68911338733521,75.42536163330078,8494700,74.83630867086862
2022-04-20 00:00:00+00:00,75.18798258225405,76.3309270472825,76.01441955566406,8719400,75.1528210455469
2022-04-21 00:00:00+00:00,75.97046382787322,76.69139606389194,75.81221008300781,8562400,75.07369037108364
2022-04-22 00:00:00+00:00,75.48690838499512,75.7330793848838,74.3703384399414,7914000,74.29121492183005
2022-04-25 00:00:00+00:00,74.37034699131146,75.44295507786453,75.11766052246094,10573400,73.4384118966737
2022-04-26 00:00:00+00:00,75.39900835545303,75.78584571180627,74.27365112304688,9009600,74.1945208791999
2022-04-27 00:00:00+00:00,74.11539378600186,74.84511317946821,74.21210479736328,10781300,73.49995946755116
2022-04-28 00:00:00+00:00,75.39021273073578,78.57286902403803,77.87831115722656,21092300,74.73082311501506
2022-04-29 00:00:00+00:00,77.94864685117462,79.13554680563358,77.97502136230469,15914200,77.44750430907139
2022-05-02 00:00:00+00:00,78.00138243144183,78.10688045778161,77.06065368652344,12124900,76.16388021669435
2022-05-03 00:00:00+00:00,76.48038404046376,77.5793664798046,76.57709503173828,8425600,75.98804205408915
2022-05-04 00:00:00+00:00,76.11112122601399,78.04532747546293,77.82553100585938,10763500,75.92649299646571
2022-05-05 00:00:00+00:00,77.73762187846783,77.94863134083735,77.37715911865234,9548300,76.51555391645172
2022-05-06 00:00:00+00:00,77.13978563471468,78.1772254889017,77.71125793457031,12227400,76.91120208089846
2022-05-09 00:00:00+00:00,76.92878673126059,77.42112881989013,77.05187225341797,11901500,76.41007013183416
2022-05-10 00:00:00+00:00,77.47386904171067,78.50251500283925,77.2013168334961,12370800,76.72655561120833
2022-05-11 00:00:00+00:00,76.85842620115687,79.83886572722196,78.41458892822266,16338600,76.85842620115687
2022-05-12 00:00:00+00:00,78.99487049253858,79.87405660087548,79.85647583007812,14210200,77.68488506926076
2022-05-13 00:00:00+00:00,79.74217118375142,80.04989166402694,79.48721313476562,10308100,78.47614784674207
2022-05-16 00:00:00+00:00,79.82129700616294,81.65000547907566,81.16645050048828,13999000,79.72458601044546
2022-05-17 00:00:00+00:00,81.15766457550889,83.13583324763984,81.7643051147461,17582800,80.45431973890123
2022-05-18 00:00:00+00:00,81.37746251706801,81.90497953831625,80.97303771972656,12717600,80.68290469957154
2022-05-19 00:00:00+00:00,80.22572795727075,81.4214215352191,80.96424102783203,11121600,79.900426700386
2022-05-20 00:00:00+00:00,81.2807385972044,82.71381599217958,82.24784851074219,11757100,81.2807385972044
2022-05-23 00:00:00+00:00,82.2830014891975,83.45232029385059,82.49401092529297,9067000,82.11596073685836
2022-05-24 00:00:00+00:00,82.86329469568437,83.34684976158712,83.2061767578125,9021000,82.26544784495826
2022-05-25 00:00:00+00:00,82.95999481395633,83.31167056955024,82.42369079589844,11177700,81.88738677784056
2022-05-26 00:00:00+00:00,82.854490768346,82.86328450691514,81.15766143798828,17249500,80.00592986874565
2022-05-27 00:00:00+00:00,81.1312738405427,81.86099974793572,81.83462524414062,9802000,80.66530638641292
2022-05-31 00:00:00+00:00,80.8060009800178,81.43022233166334,80.9114990234375,22860800,79.89164659365227
2022-06-01 00:00:00+00:00,80.59498057735924,80.82357081994817,80.12901306152344,10492500,79.16190978424915
2022-06-02 00:00:00+00:00,80.120224986129,80.12901872506546,79.12674713134766,11066200,78.0189707933647
2022-06-03 00:00:00+00:00,78.89814072118267,79.72457761293423,79.047607421875,7051600,78.8453917136772
2022-06-06 00:00:00+00:00,79.27620937910633,79.70701539953237,78.98607635498047,8336900,78.85420380552112
2022-06-07 00:00:00+00:00,79.25861124110874,79.84766419181166,79.54874420166016,10243300,78.75747554000003
2022-06-08 00:00:00+00:00,79.63665879262477,79.69820153605176,78.6695556640625,10266000,78.4849207261256
2022-06-09 00:00:00+00:00,78.46734484759244,78.94210605831177,77.36836242675781,7381100,77.29802594198686
2022-06-10 00:00:00+00:00,76.63864431090849,77.40353856862762,76.6474380493164,8861600,76.2342195436862
2022-06-13 00:00:00+00:00,75.35503334514866,76.05838484771975,74.7308120727539,12016100,74.4055108289748
2022-06-14 00:00:00+00:00,75.13854331422539,75.37787006336703,74.89922332763672,11226900,74.34080551722784
2022-06-15 00:00:00+00:00,74.95239602710544,75.67036943518222,75.01444244384766,11357100,74.2344293815809
2022-06-16 00:00:00+00:00,74.25216166140147,75.5108283000993,75.24491119384766,12925200,73.61397277899277
2022-06-17 00:00:00+00:00,75.02331699768573,76.01606654519314,75.0055923461914,32989100,73.91534030908267
2022-06-21 00:00:00+00:00,76.27312856325265,78.32066760472654,78.02816009521484,11778600,75.58174533280122
2022-06-22 00:00:00+00:00,78.03702028203536,80.07569347100731,79.02976989746094,11935400,78.02815457440515
2022-06-23 00:00:00+00:00,79.77432582689367,81.68004718526905,81.54708862304688,14718400,79.38431584772289
2022-06-24 00:00:00+00:00,82.6550742684264,83.13372108642031,82.5487060546875,25248400,81.28118024848722
2022-06-27 00:00:00+00:00,82.61075337513924,84.84443854974477,83.68328094482422,11949000,82.4778015597317
2022-06-28 00:00:00+00:00,83.41735271847449,83.61235770526513,81.4495849609375,13523300,81.07730640209355
2022-06-29 00:00:00+00:00,81.82186516963122,82.41574584934672,81.9991455078125,8657100,81.44958660328068
2022-06-30 00:00:00+00:00,81.23684446263235,82.34482104624011,80.8113784790039,18551400,80.58092421865122
2022-07-01 00:00:00+00:00,80.92662965568903,81.9814189900253,81.91937255859375,11413800,80.1200192845251
2022-07-05 00:00:00+00:00,81.93709867865863,82.38914832306098,82.11437225341797,9574400,80.24410696072727
2022-07-06 00:00:00+00:00,82.7082549940188,83.7719168437455,82.5487060546875,10455300,82.16756174198241
2022-07-07 00:00:00+00:00,82.38029823143816,83.27553867150287,82.44234466552734,8140100,82.0346099897193
2022-07-08 00:00:00+00:00,82.35370590439052,83.1603095283114,82.23847198486328,7161500,81.9105151678801
2022-07-11 00:00:00+00:00,82.32708788278471,84.01121360655782,83.58575439453125,9507700,82.28277287791441
2022-07-12 00:00:00+00:00,83.12483515539913,83.53256973170694,82.96528625488281,7826500,82.557551678575
2022-07-13 00:00:00+00:00,82.95642551619908,83.63894292804879,83.11597442626953,6415600,82.45118842806814
2022-07-14 00:00:00+00:00,82.03460356244253,83.37303464472437,83.21348571777344,6271000,81.60027179529334
2022-07-15 00:00:00+00:00,84.07326625228136,84.51645690913318,84.17076873779297,9731900,83.64780700873314
2022-07-18 00:00:00+00:00,84.11759053645122,84.29486409946784,81.84844970703125,8653700,81.47617116716455
2022-07-19 00:00:00+00:00,82.56642248418207,82.77915211049121,81.86618041992188,8233600,81.65345079361273
2022-07-20 00:00:00+00:00,81.86618105851801,81.92822748178187,79.4640884399414,11844000,79.08294419344827
2022-07-21 00:00:00+00:00,79.02091405713718,80.1377566686314,79.89842987060547,8197000,78.80818438532306
2022-07-22 00:00:00+00:00,79.87183380126953,80.1732002512651,79.87183380126953,6354500,79.29568450048252
2022-07-25 00:00:00+00:00,79.9516102128842,80.42139809793636,80.2441177368164,6364500,79.55274123483433
2022-07-26 00:00:00+00:00,81.0152728946857,81.50277867684888,80.91777038574219,6414100,80.30616496828824
2022-07-27 00:00:00+00:00,80.21751684835017,80.98867110229553,80.86457824707031,6966300,79.7831918550619
2022-07-28 00:00:00+00:00,80.69615609894636,80.77592717163662,79.72113800048828,13909800,77.4874532894215
2022-07-29 00:00:00+00:00,79.84523524782416,80.73161661577278,79.1893081665039,14938600,78.24974608049538
2022-08-01 00:00:00+00:00,79.18931076169116,79.79205038215129,78.47134399414062,7343300,78.31179507217902
2022-08-02 00:00:00+00:00,78.94111874825698,79.41089976913989,77.65586853027344,7443000,77.60268781471774
2022-08-03 00:00:00+00:00,77.33678555733543,78.01929633400816,77.66474914550781,8187600,76.90246051763462
2022-08-04 00:00:00+00:00,77.8331430719042,77.90405520190784,76.95562744140625,7993800,76.79607853017454
2022-08-05 00:00:00+00:00,76.69857960714896,77.58496098573625,77.47859954833984,8801200,76.24652321055454
2022-08-08 00:00:00+00:00,77.38110090332378,78.69294162183202,78.4358901977539,8149400,77.04427163467834
2022-08-09 00:00:00+00:00,78.66635854064813,79.98706508911116,79.34886932373047,13215500,76.94677625754507
2022-08-10 00:00:00+00:00,79.80091545897002,79.88955224545855,79.05635833740234,8140200,78.16997694741036
2022-08-11 00:00:00+00:00,77.83316269293073,79.61479152372499,78.82591247558594,7396800,77.43429369557668
2022-08-12 00:00:00+00:00,78.87907556579775,80.6872943570434,80.67842864990234,12317300,78.84361949978668
2022-08-15 00:00:00+00:00,80.51002303836992,80.5188819832053,80.30615234375,6339800,79.67682237021948
2022-08-16 00:00:00+00:00,79.73886914533644,80.57206981712844,80.29728698730469,5661200,79.65909806614955
2022-08-17 00:00:00+00:00,80.07568835682198,81.44958216195847,80.69615936279297,6486000,80.04023905367215
2022-08-18 00:00:00+00:00,81.10390321153264,81.40526966050048,81.01526641845703,6111600,80.2441121173362
2022-08-19 00:00:00+00:00,81.1482227684727,82.4511977923872,81.61800384521484,8828700,81.13049135281055
2022-08-22 00:00:00+00:00,81.37868622544391,81.74210589930665,80.80254364013672,6652100,80.66958505792952
2022-08-23 00:00:00+00:00,80.55434642708519,80.65184893084013,79.95160675048828,5208800,79.526147427334
2022-08-24 00:00:00+00:00,79.95158808006752,80.05795626729383,79.7831802368164,5553300,79.3665799567039
2022-08-25 00:00:00+00:00,80.22638539978948,80.22638539978948,80.0136489868164,5884300,78.94999397216569
2022-08-26 00:00:00+00:00,80.02251428469083,80.43024893030316,79.118408203125,5695300,78.967718220736
2022-08-29 00:00:00+00:00,78.73727101564734,78.88795424906512,77.63815307617188,7850200,77.61156271292806
2022-08-30 00:00:00+00:00,77.53178048202793,77.62041726762179,77.0088119506836,6754000,76.742901593902
2022-08-31 00:00:00+00:00,77.15065081339243,77.2304219067524,75.66152954101562,11602000,75.48425593629045
2022-09-01 00:00:00+00:00,75.9096856593342,77.52289917776973,77.24812316894531,7528600,75.66150000458288
2022-09-02 00:00:00+00:00,77.32789549480479,77.80654216359774,76.43265533447266,6997500,76.1224164984119
2022-09-06 00:00:00+00:00,76.74289847998814,77.35449700955691,76.60107421875,8244300,76.3706199380675
2022-09-07 00:00:00+00:00,76.72515618829064,77.11516608884858,76.99993896484375,6121700,75.40445006488125
2022-09-08 00:00:00+00:00,76.671988042918,77.51404763432187,77.48745727539062,8109200,76.34402450347541
2022-09-09 00:00:00+00:00,77.6381450367752,78.15224788143463,77.41654968261719,7480100,77.35450325395509
2022-09-12 00:00:00+00:00,78.11679734528738,79.03863489537322,78.14339447021484,6351500,77.84202125068967
2022-09-13 00:00:00+00:00,77.39882725742898,77.6558786871569,76.47698974609375,7650000,76.32630652394232
2022-09-14 00:00:00+00:00,77.73684063207715,78.30869730515448,77.6921615600586,9418700,77.18285149756568
2022-09-15 00:00:00+00:00,77.87090103217113,78.12108757089749,77.51348876953125,8006800,77.02204605626743
2022-09-16 00:00:00+00:00,77.37945037779586,78.51423368393931,78.38020324707031,14842500,77.20074767335134
2022-09-19 00:00:00+00:00,77.60283153364759,77.68325252194123,77.41519165039062,7748600,76.52166450131679
2022-09-20 00:00:00+00:00,76.90586173623261,77.24539951170756,76.84331512451172,5454800,76.47696581509689
2022-09-21 00:00:00+00:00,77.0667217096848,77.29010351174185,75.52985382080078,7190800,75.52091663993846
2022-09-22 00:00:00+00:00,75.54773363806413,78.7644304565592,78.19257354736328,12329700,75.54773363806413
2022-09-23 00:00:00+00:00,78.09427247753088,78.63932457186236,77.540283203125,9038500,76.9237473023403
2022-09-26 00:00:00+00:00,76.9505790771963,77.47775695000368,77.00418853759766,8841000,76.20894972863795
2022-09-27 00:00:00+00:00,77.57601500210518,78.2997697012299,76.70035552978516,6532100,76.54845757365999
2022-09-28 00:00:00+00:00,77.72792308226143,77.96024204469886,77.540283203125,6840000,77.02203583194573
2022-09-29 00:00:00+00:00,77.73686196942289,78.11214173593683,77.41519165039062,6601300,77.04884906414735
2022-09-30 00:00:00+00:00,77.96025249025043,78.29086002658993,76.95056915283203,9035600,76.93269479028832
2022-10-03 00:00:00+00:00,77.48668041408827,78.54104279011017,78.22830963134766,9186900,76.86120727949167
2022-10-04 00:00:00+00:00,78.21938495267132,79.21120085546724,78.9788818359375,7373000,77.7368793661431
2022-10-05 00:00:00+00:00,79.14865421371762,79.32735695669578,78.9788818359375,6065700,78.64827426264797
2022-10-06 00:00:00+00:00,78.41594857142607,78.63933037025996,78.13002014160156,8055500,77.94238024862968
2022-10-07 00:00:00+00:00,78.52317391019842,78.89846054398411,78.27298736572266,8837400,77.84409809435623
2022-10-10 00:00:00+00:00,80.35488614164998,81.83813746770069,80.84632873535156,14485000,80.15830910416936
2022-10-11 00:00:00+00:00,80.80166255387928,82.18663239931729,81.35565185546875,9743500,80.59614830450973
2022-10-12 00:00:00+00:00,81.53435379229518,81.9543126505047,80.792724609375,8522200,80.74805234137541
2022-10-13 00:00:00+00:00,79.97066724991791,82.8478253076294,82.6423110961914,9382800,79.76515303847991
2022-10-14 00:00:00+00:00,82.44574772901805,83.41969587445969,82.3653335571289,9847600,81.97217942681435
2022-10-17 00:00:00+00:00,82.95504976757911,84.3221519087272,84.09877014160156,12139700,82.60657475622877
2022-10-18 00:00:00+00:00,84.36683349172851,85.1710093056304,84.53660583496094,9530400,84.00942126143086
2022-10-19 00:00:00+00:00,84.80466633659124,84.80466633659124,83.3303451538086,8546100,83.18737753549381
2022-10-20 00:00:00+00:00,83.27673049359348,83.45544001993163,83.04441833496094,7626000,82.52617093418736
2022-10-21 00:00:00+00:00,82.95505085767154,85.74285780217865,85.48373413085938,10297200,82.77634816845095
2022-10-24 00:00:00+00:00,86.18068125616857,87.94093063561422,87.00273132324219,11414900,86.01984611446616
2022-10-25 00:00:00+00:00,86.54704469020943,87.82478885229067,87.3065414428711,8747900,86.09134391178384
2022-10-26 00:00:00+00:00,87.82478112777665,88.70937106462331,87.9320068359375,10374700,87.56565744585774
2022-10-27 00:00:00+00:00,89.20975846717891,90.69301699265232,89.12040710449219,12218400,88.90596247062962
2022-10-28 00:00:00+00:00,89.56717259933507,90.37134851439858,90.04074096679688,11228000,88.05711613240308
2022-10-31 00:00:00+00:00,89.30803311413824,90.56790962831091,90.42494201660156,11043800,88.73617630144271
2022-11-01 00:00:00+00:00,89.93349841210951,90.30877813478513,89.13825988769531,11079300,88.41449834588337
2022-11-02 00:00:00+00:00,89.03999406176159,90.2730592435787,88.81661224365234,9503500,88.4413324253261
2022-11-03 00:00:00+00:00,88.45919112193434,88.6736357370863,88.23580932617188,9912700,87.5656639388845
2022-11-04 00:00:00+00:00,88.4591909672888,88.79872884210846,88.63789367675781,8877600,87.52992188049296
2022-11-07 00:00:00+00:00,88.01242298272197,89.67438400268526,89.4152603149414,8644500,87.27079382301417
2022-11-08 00:00:00+00:00,89.41526428765957,91.1129672865755,90.69300842285156,8503900,88.93275879425791
2022-11-09 00:00:00+00:00,90.51430536003991,92.71238138777319,90.77342224121094,10602900,90.49643099901833
2022-11-10 00:00:00+00:00,91.76524352013665,91.86353206050887,91.04148864746094,9556000,89.88883770615443
2022-11-11 00:00:00+00:00,89.82627925540766,90.0764657554146,87.52991485595703,13342800,86.96699523094141
2022-11-14 00:00:00+00:00,88.19112984103106,90.8627810145494,89.66545104980469,8958200,88.19112984103106
2022-11-15 00:00:00+00:00,89.71011702917336,90.01391295345725,88.99529266357422,7965900,88.20005413580712
2022-11-16 00:00:00+00:00,88.97742801908217,90.06753214443128,89.2901611328125,8757700,88.89700703722545
2022-11-17 00:00:00+00:00,89.71905963515839,91.4524975784184,91.41675567626953,8496800,89.59395956910195
2022-11-18 00:00:00+00:00,91.7026830465285,93.46293250943489,93.13233184814453,11626300,91.7026830465285
2022-11-21 00:00:00+00:00,93.82035770381016,94.59772883607324,94.36540985107422,8899300,93.13234474682709
2022-11-22 00:00:00+00:00,94.83002386833594,95.69674620219175,95.5180435180664,8295700,94.75854688492807
2022-11-23 00:00:00+00:00,95.38401709692896,95.87545972449082,95.44656372070312,5749600,94.98193263224793
2022-11-25 00:00:00+00:00,95.21425856072455,96.0541763305664,96.0541763305664,3163700,95.21425856072455
2022-11-28 00:00:00+00:00,95.72355959031555,97.30510643801344,96.90301513671875,9524500,95.72355959031555
2022-11-29 00:00:00+00:00,96.50092822901307,97.44806478757589,97.2514877319336,9352400,96.0988437548872
2022-11-30 00:00:00+00:00,97.12640408824635,98.58285778979746,98.39521789550781,20305800,96.17033025520584
2022-12-01 00:00:00+00:00,98.06459673717626,99.16363804180557,98.1092758178711,10110500,97.18893720187994
2022-12-02 00:00:00+00:00,97.3944538378995,98.36839510408453,98.32372283935547,6943600,97.13533016101623
2022-12-05 00:00:00+00:00,98.11819603035627,98.4934825449872,98.29690551757812,6961900,97.58208120283054
2022-12-06 00:00:00+00:00,98.60965323036552,98.96706544077138,97.3319091796875,7458700,96.87620844099327
2022-12-07 00:00:00+00:00,97.52848968917199,98.92238986032656,98.36840057373047,8270400,97.3944592533907
2022-12-08 00:00:00+00:00,98.53817513775427,99.19938333424344,99.0474853515625,7354800,98.39521433554613
2022-12-09 00:00:00+00:00,99.1636396691955,99.51211468970817,97.1978759765625,9667800,97.17107125453394
2022-12-12 00:00:00+00:00,96.43838385555905,97.48380896635318,97.3676528930664,10956600,95.8933317583954
2022-12-13 00:00:00+00:00,99.41382258506421,99.41382258506421,99.10108947753906,15836900,97.39444952107682
2022-12-14 00:00:00+00:00,99.40690707386285,100.89099640915752,100.33334350585938,10788300,98.97517623661514
2022-12-15 00:00:00+00:00,99.15505523570502,99.63176114331017,98.60639190673828,9871400,98.24661852440508
2022-12-16 00:00:00+00:00,98.25561372252157,98.6693586258584,98.21963500976562,29465900,97.38314880934355
2022-12-19 00:00:00+00:00,98.21064691668755,99.02914034160071,98.43550872802734,6949500,97.83287385833587
2022-12-20 00:00:00+00:00,98.88523587854938,99.53283901627005,98.67835998535156,8022000,98.18366810009805
2022-12-21 00:00:00+00:00,99.02914028462311,100.00954134986426,99.93758392333984,6640900,98.52545202342789
2022-12-22 00:00:00+00:00,99.74869564105336,100.45925975101599,100.05450439453125,8373700,99.12807487845261
2022-12-23 00:00:00+00:00,100.06348882538563,100.85499979467784,100.61215209960938,4547400,99.72170140137604
2022-12-27 00:00:00+00:00,101.10686407369043,101.26875798358815,100.84602355957031,5125800,100.31534613781211
2022-12-28 00:00:00+00:00,101.53859602570589,101.53859602570589,99.91059875488281,5107800,99.89260596764585
2022-12-29 00:00:00+00:00,100.18941186716192,100.46823827209904,99.67672729492188,4467200,99.61376627244456
2022-12-30 00:00:00+00:00,100.04552165112996,100.21641196404063,99.79367065429688,5498600,99.04713464452945
2023-01-03 00:00:00+00:00,99.30796884791951,100.01852609859611,99.96456146240234,8062500,98.4804722069354
2023-01-04 00:00:00+00:00,101.02590874048951,101.28674925069541,100.81004333496094,8698600,100.05450412225464
2023-01-05 00:00:00+00:00,100.36930352218863,102.45602748437183,102.21317291259766,9578900,100.21639915461948
2023-01-06 00:00:00+00:00,102.82480147152846,103.87715302650577,103.29251098632812,8632300,102.58195375200962
2023-01-09 00:00:00+00:00,103.32848757367684,103.37346267670375,99.28097534179688,12858800,98.88522325655663
2023-01-10 00:00:00+00:00,99.44289329741862,100.74709602606177,99.66775512695312,12122800,98.83126884659526
2023-01-11 00:00:00+00:00,98.3455569693101,100.11746911280018,99.90160369873047,8626500,97.81488639675585
2023-01-12 00:00:00+00:00,99.76668309537243,100.8280310798865,100.53121185302734,8914800,98.96617562577359
2023-01-13 00:00:00+00:00,100.01851420683832,101.13383354531199,100.96293640136719,5757800,99.7936524331159
2023-01-17 00:00:00+00:00,100.76506896123007,101.17881385076011,99.34394073486328,10241100,99.22701506898662
2023-01-18 00:00:00+00:00,98.86724115834893,99.02914193961567,97.85086822509766,8799500,97.6619851239928
2023-01-19 00:00:00+00:00,97.53604362040349,99.10107961928901,98.84923553466797,6772900,97.2302280446232
2023-01-20 00:00:00+00:00,98.38155108219644,98.93021452811364,98.88524627685547,9216500,97.72495834346857
2023-01-23 00:00:00+00:00,98.87622815537235,99.26299071485028,98.83125305175781,8998800,98.19264638140817
2023-01-24 00:00:00+00:00,98.93919424395489,98.93919424395489,97.6080093383789,7424200,95.69218922933335
2023-01-25 00:00:00+00:00,97.77890323529365,98.87622990543167,97.67096710205078,6168000,97.43711577338078
2023-01-26 00:00:00+00:00,97.61701077946759,97.63500356765904,96.12393188476562,9672700,95.17950950961796
2023-01-27 00:00:00+00:00,95.53027995606774,95.95302121000329,94.78373718261719,7784900,94.54088947409947
2023-01-30 00:00:00+00:00,94.95463850829374,95.79112466009676,95.42234802246094,6476600,94.89167748018976
2023-01-31 00:00:00+00:00,95.43135381140651,96.63661671950985,96.60963439941406,7938900,95.25146710260927
2023-02-01 00:00:00+00:00,96.2138734791157,96.6276183908564,96.22286987304688,10103200,95.4133659751899
2023-02-02 00:00:00+00:00,93.56048904780772,95.17050026158836,93.05680084228516,16229900,91.51874704707548
2023-02-03 00:00:00+00:00,92.84093253479801,93.35361711710954,92.5890884399414,11210800,92.17534358950026
2023-02-06 00:00:00+00:00,93.0298215927914,94.10016592704999,93.56948852539062,9054500,92.49914419113203
2023-02-07 00:00:00+00:00,93.27265777325593,95.27842774495895,95.0535659790039,7904700,93.14673573330002
2023-02-08 00:00:00+00:00,95.17049522572947,96.70854893955445,95.91703796386719,8596300,94.7297680692179
2023-02-09 00:00:00+00:00,96.11492810118732,96.9963825121352,95.98900604248047,7976800,95.82710527239489
2023-02-10 00:00:00+00:00,96.21386291941212,97.8328636751989,97.6529769897461,7609600,96.12391957668572
2023-02-13 00:00:00+00:00,97.77889990442658,98.5524250107231,98.53443908691406,7383100,97.45509837796584
2023-02-14 00:00:00+00:00,98.89421558910033,98.9391906934014,97.8058853149414,6983900,97.31119347881688
2023-02-15 00:00:00+00:00,97.61702217984308,97.85088041797712,96.85249328613281,6416600,96.74455713109275
2023-02-16 00:00:00+00:00,96.07894391216773,96.65458953693394,95.80011749267578,5959300,95.5482733896202
2023-02-17 00:00:00+00:00,95.63822202860875,98.52544670523586,98.50745391845703,9474600,94.90966513329116
2023-02-21 00:00:00+00:00,97.94978729542743,98.83124158117478,98.10269165039062,6741500,97.706932743675
2023-02-22 00:00:00+00:00,99.12807788383978,99.22701762760879,98.18366241455078,7213900,97.96779013965237
2023-02-23 00:00:00+00:00,98.27360431481715,100.0545059519102,99.46986389160156,6922800,98.12968946700805
2023-02-24 00:00:00+00:00,99.02014243874007,99.23601471514785,98.84025573730469,5787900,97.94080850565229
2023-02-27 00:00:00+00:00,98.96617626774376,99.0561196170682,98.3635482788086,5654800,97.60800904756043
2023-02-28 00:00:00+00:00,97.8868301785175,97.89581970876566,95.55725860595703,10209900,95.4853080527876
2023-03-01 00:00:00+00:00,95.30543507534668,96.73555985057278,95.92605590820312,6099000,95.30543507534668
2023-03-02 00:00:00+00:00,95.90805308208033,96.57364895516973,96.24984741210938,5097500,95.43134716097413
2023-03-03 00:00:00+00:00,96.58265060021495,96.59164699482766,96.13292694091797,6124300,95.45834145197249
2023-03-06 00:00:00+00:00,96.83448757666865,100.05450329516351,99.92858123779297,17776600,96.64559762837538
2023-03-07 00:00:00+00:00,100.53120551116622,100.8999821386495,100.08148193359375,13805300,99.58679011560635
2023-03-08 00:00:00+00:00,99.77567192332651,100.0904770511684,97.39213562011719,8440800,96.77151489505952
2023-03-09 00:00:00+00:00,98.30958193911042,98.84924888794862,96.780517578125,5842500,96.33979037050152
2023-03-10 00:00:00+00:00,96.63661127903984,99.58679705554798,96.8614730834961,9738500,96.54666106746718
2023-03-13 00:00:00+00:00,93.9652586511703,97.89583888178964,95.09856414794922,10687100,93.90229761591803
2023-03-14 00:00:00+00:00,95.50611337570336,97.02769046684438,96.88278198242188,9806900,94.66381164828698
2023-03-15 00:00:00+00:00,96.4389949678772,97.84282663603044,97.48054504394531,10942700,95.61480417313489
2023-03-16 00:00:00+00:00,96.45710277890791,97.55299954936203,97.21788787841797,9441500,94.40116569432544
2023-03-17 00:00:00+00:00,97.0457980692488,97.19070653832591,94.28340911865234,26402100,93.73093132853306
2023-03-20 00:00:00+00:00,94.93552256994514,96.82844013706159,95.86839294433594,12865800,94.93552256994514
2023-03-21 00:00:00+00:00,96.00425262476398,96.39370411463966,95.58763122558594,11571800,94.88118594393853
2023-03-22 00:00:00+00:00,95.52422922682305,96.00424936807202,94.55513000488281,5705800,94.54607106544051
2023-03-23 00:00:00+00:00,94.28342333254886,94.76344350552326,94.40116882324219,6801700,93.7037755489632
2023-03-24 00:00:00+00:00,94.27436596891478,95.10761571795567,94.91741943359375,6661800,92.77996560465019
2023-03-27 00:00:00+00:00,96.0767059825692,97.46242657396121,96.84654998779297,7563100,95.9951893483982
2023-03-28 00:00:00+00:00,96.55671023556953,96.93710270593955,95.57855224609375,6679500,95.49704253527659
2023-03-29 00:00:00+00:00,95.66010237069686,95.88652752664062,95.02610778808594,6310200,94.67288509760948
2023-03-30 00:00:00+00:00,95.20724454640529,96.18539589134046,95.93180084228516,5017400,94.68193656767826
2023-03-31 00:00:00+00:00,96.21255917655647,96.48426515805627,96.35746765136719,7184300,95.56950579413143
2023-04-03 00:00:00+00:00,95.95897897501978,99.15610800295906,98.60363006591797,6964100,95.61481522323493
2023-04-04 00:00:00+00:00,98.44962970994351,99.0292774072243,98.56737518310547,6108200,97.96055757969364
2023-04-05 00:00:00+00:00,99.54554031337113,101.74638578519756,101.35694122314453,8006100,99.24665750487146
2023-04-06 00:00:00+00:00,102.34415286010938,103.40382074903494,101.73733520507812,6894500,101.11239967112122
2023-04-10 00:00:00+00:00,102.30791477361949,102.42565333621937,101.99092102050781,6446500,100.686710253482
2023-04-11 00:00:00+00:00,102.09055443644374,102.62491437787764,101.88224029541016,5639800,101.72827287939829
2023-04-12 00:00:00+00:00,101.66487161824992,103.5306122626004,103.02342224121094,6136700,101.32975997700571
2023-04-13 00:00:00+00:00,104.12838458490945,104.89822860569849,104.68086242675781,7332300,102.9328602358163
2023-04-14 00:00:00+00:00,104.82577657444538,105.21522807564858,104.43632507324219,5005100,103.84762526137746
2023-04-17 00:00:00+00:00,104.7804960799718,105.46882350467433,104.16461944580078,6575500,103.4309973208661
2023-04-18 00:00:00+00:00,103.68460834296204,104.26425617760209,104.00160217285156,5454500,103.00533288893567
2023-04-19 00:00:00+00:00,103.69365223243337,104.50878409525507,103.36759948730469,4683400,103.25891984555959
2023-04-20 00:00:00+00:00,103.41288279227378,103.7208176437899,103.40382385253906,4657900,102.34415593180924
2023-04-21 00:00:00+00:00,104.03782659648027,104.74427193299671,104.49067687988281,6554600,103.78422463341941
2023-04-24 00:00:00+00:00,104.73519933286211,105.3148470672233,105.00691223144531,4299100,103.94723745492766
2023-04-25 00:00:00+00:00,105.26051008893675,105.8401578389232,105.54127502441406,5662800,104.97974515345945
2023-04-26 00:00:00+00:00,104.3366989686667,104.3366989686667,102.73361206054688,6607900,102.09056550927019
2023-04-27 00:00:00+00:00,103.7932638954158,104.48159813046959,104.30046081542969,9975200,100.22480903752111
2023-04-28 00:00:00+00:00,103.57589457352285,104.6355623450437,104.58122253417969,8050400,102.76076286083548
2023-05-01 00:00:00+00:00,104.88011424206643,105.60467045173327,105.36918640136719,5238900,104.40008720210393
2023-05-02 00:00:00+00:00,105.66807740838948,107.22588339951153,106.77303314208984,8175600,104.88917441282845
2023-05-03 00:00:00+00:00,107.18965325077365,108.36706666978047,107.07191467285156,6738600,106.8092606975363
2023-05-04 00:00:00+00:00,106.87266711783036,106.87266711783036,106.30207824707031,6490200,105.5050573241645
2023-05-05 00:00:00+00:00,106.31112703947905,106.7730362502805,106.58283996582031,4534000,105.5684528720859
2023-05-08 00:00:00+00:00,106.0394208370408,107.27117412371908,107.21682739257812,5157300,105.45977304448003
2023-05-09 00:00:00+00:00,107.09908896206645,107.44325268002967,106.35641479492188,4933100,106.27489815306807
2023-05-10 00:00:00+00:00,106.33829033006282,107.02661767863997,106.7820816040039,5605400,105.44164193319021
2023-05-11 00:00:00+00:00,106.49226542916806,106.68246170315415,106.46509552001953,5596700,105.4054206936022
2023-05-12 00:00:00+00:00,106.87265293861952,107.37079094934575,106.09375,5233100,105.69523959141902
2023-05-15 00:00:00+00:00,106.0937562804359,106.6371751997949,105.39636993408203,5697200,104.59934906973879
2023-05-16 00:00:00+00:00,104.95257614388406,105.74959704187727,105.13372039794922,4278200,104.41821614177204
2023-05-17 00:00:00+00:00,105.39637267422638,105.65902665590023,103.93819427490234,7210400,102.77889870747751
2023-05-18 00:00:00+00:00,103.37664491753911,104.21894658071994,103.24984741210938,6437100,102.64302979184625
2023-05-19 00:00:00+00:00,103.54874097705296,105.27862535815393,104.59934997558594,7647000,103.34042681935564
2023-05-22 00:00:00+00:00,104.59029777064313,106.0394172023742,103.69364929199219,5607400,103.54874080379233
2023-05-23 00:00:00+00:00,103.22267852539159,103.96535259736821,102.58868408203125,7733000,102.38943579291946
2023-05-24 00:00:00+00:00,103.34947475855789,103.53967101623854,102.88756561279297,4509500,101.93658432438966
2023-05-25 00:00:00+00:00,102.79699703506655,102.79699703506655,101.71015930175781,7037500,100.61425571957442
2023-05-26 00:00:00+00:00,101.43846268558397,102.51624856280131,100.59616088867188,6378200,100.21576831198819
2023-05-30 00:00:00+00:00,99.74479207225629,100.27010001271647,98.87532043457031,7768100,98.69418310128228
2023-05-31 00:00:00+00:00,98.2413216147796,100.66859891675706,99.99838256835938,14563500,98.2413216147796
2023-06-01 00:00:00+00:00,100.22482424815202,101.06711910986961,100.4693603515625,6959900,99.51837202841207
2023-06-02 00:00:00+00:00,100.63237456590545,102.09961173894396,101.90940856933594,5792800,100.27915195368347
2023-06-05 00:00:00+00:00,102.34415901085383,103.68459882411585,102.44378662109375,5185500,102.26264928062841
2023-06-06 00:00:00+00:00,102.84230456911672,102.99627201074591,99.63612365722656,6960200,98.97495918736722
2023-06-07 00:00:00+00:00,99.29194503038987,99.32817388020482,98.36813354492188,12420500,96.79221658267811
2023-06-08 00:00:00+00:00,98.09642531790216,100.59616079511436,99.91688537597656,8352700,97.81566035584154
2023-06-09 00:00:00+00:00,99.79913463234709,100.99465894798062,100.27009582519531,6521900,98.73945985603302
2023-06-12 00:00:00+00:00,99.79914222855842,100.52369849654728,99.50025939941406,7468500,98.35907481264705
2023-06-13 00:00:00+00:00,98.3500065995662,100.20669524924766,99.61798858642578,7304200,97.86093444701146
2023-06-14 00:00:00+00:00,100.03741574956332,100.22888280649637,99.07096099853516,6137300,98.78831319020235
2023-06-15 00:00:00+00:00,98.83389185864313,100.20151949426241,99.74564361572266,7305700,98.77918202306093
2023-06-16 00:00:00+00:00,99.83683749033676,100.71211851853191,99.67272186279297,15844300,99.43566441053743
2023-06-20 00:00:00+00:00,99.45387975571921,101.07679671198864,100.50239562988281,7744400,99.40828938705894
2023-06-21 00:00:00+00:00,100.39298443071144,101.67855076415125,101.35032653808594,6854800,99.855047288096
2023-06-22 00:00:00+00:00,101.7515013686965,103.79382349071763,103.68441772460938,7884100,101.7515013686965
2023-06-23 00:00:00+00:00,104.0855893073996,104.76940316055612,104.48675537109375,16407900,103.0461858509766
2023-06-26 00:00:00+00:00,104.34085862615308,104.48673526958284,103.10087585449219,7685100,101.91559595460335
2023-06-27 00:00:00+00:00,102.87294576408895,103.67528475420052,103.3197021484375,7093900,101.99766496866359
2023-06-28 00:00:00+00:00,103.43824411653513,103.54765684222494,102.51737976074219,8173800,101.60562791500415
2023-06-29 00:00:00+00:00,102.34413360108562,103.83028644449952,103.52029418945312,6281800,101.94296060644788
2023-06-30 00:00:00+00:00,103.74822987763504,105.40761774297148,105.20703125,8090600,103.41999869933872
2023-07-03 00:00:00+00:00,104.36823002310464,104.50499418480463,104.24058532714844,2834600,103.51118110215798
2023-07-05 00:00:00+00:00,103.9761750683687,104.33175771032852,103.66617584228516,5861500,103.41088645381289
2023-07-06 00:00:00+00:00,102.93677581020087,103.42912259875428,101.88825988769531,7257400,101.85178898230832
2023-07-07 00:00:00+00:00,101.26826141670735,101.66031492740736,99.38093566894531,11316600,99.16211720784473
2023-07-10 00:00:00+00:00,99.50858182692241,100.83973849887542,100.25621795654297,5949200,99.47211092351243
2023-07-11 00:00:00+00:00,99.81859415082069,100.31093402129845,99.107421875,6084400,98.69713633089702
2023-07-12 00:00:00+00:00,98.80653988219953,99.42653135189042,97.9859619140625,8376700,97.73067253644517
2023-07-13 00:00:00+00:00,97.85831781716846,98.38713550606806,96.93744659423828,9764400,96.88274371473621
2023-07-14 00:00:00+00:00,96.88274501579477,98.17743085956549,97.867431640625,7209900,96.88274501579477
2023-07-17 00:00:00+00:00,97.5939077720192,97.95860986181178,96.25363159179688,7376400,95.9983422157762
2023-07-18 00:00:00+00:00,96.53626768597162,97.5847835343033,96.60009002685547,7499100,96.05304039697782
2023-07-19 00:00:00+00:00,96.79156400562042,97.90389523872247,96.60009002685547,6608600,96.56362608016194
2023-07-20 00:00:00+00:00,97.14716831744727,99.33536732584483,98.88861083984375,8073000,96.70040487533119
2023-07-21 00:00:00+00:00,99.13477296246246,100.85798325039853,100.64827728271484,8194000,98.8156542782333
2023-07-24 00:00:00+00:00,100.28355992896374,100.60267160853701,99.18946075439453,6045500,98.92505194671584
2023-07-25 00:00:00+00:00,98.1409655591507,99.1256591963336,98.0406723022461,6498700,97.84920525436848
2023-07-26 00:00:00+00:00,97.37509683250066,98.47831569627411,97.68508911132812,7042700,96.70039547955676
2023-07-27 00:00:00+00:00,97.7762623506993,98.12273249109992,95.98011016845703,9813100,95.88893637849897
2023-07-28 00:00:00+00:00,96.1259903453953,97.23832862883663,96.95568084716797,6903800,95.95275528141586
2023-07-31 00:00:00+00:00,97.14716086342668,97.34774042411799,97.23833465576172,7397500,96.34481479620358
2023-08-01 00:00:00+00:00,99.92799474770057,99.92799474770057,95.98922729492188,10009200,95.86158260086859
2023-08-02 00:00:00+00:00,96.67303397357611,98.5968306635428,96.37215423583984,10873500,95.62451810202201
2023-08-03 00:00:00+00:00,95.80686564782285,96.44508902435028,96.39950561523438,6039300,95.6153986348646
2023-08-04 00:00:00+00:00,96.31746840277421,97.02863375882485,95.73394775390625,6700700,95.28719127876684
2023-08-07 00:00:00+00:00,95.9983326465987,96.90096483787218,96.72772979736328,8259100,95.2051062020777
2023-08-08 00:00:00+00:00,96.36306113554923,97.73068899404473,97.01952362060547,10152200,96.36306113554923
2023-08-09 00:00:00+00:00,96.89185831529453,97.3659731349257,96.73686218261719,6479500,96.45422135760393
2023-08-10 00:00:00+00:00,96.83715215301949,97.5939077720192,96.25363159179688,6525700,96.11686743861043
2023-08-11 00:00:00+00:00,96.6000954147621,98.20478044720342,97.95861053466797,5904300,96.2718642273056
2023-08-14 00:00:00+00:00,98.3962498944499,99.77299702249461,99.29888916015625,8427200,97.84008075517733
2023-08-15 00:00:00+00:00,99.28066003207934,99.76388740759343,99.07096099853516,5118700,98.85213554251337
2023-08-16 00:00:00+00:00,98.9250672860933,99.80946761812693,99.13477325439453,5332900,98.72448078322621
2023-08-17 00:00:00+00:00,99.07094060012177,100.5479738655213,99.30799102783203,6457800,98.76094141264282
2023-08-18 00:00:00+00:00,99.35359443913028,99.83682177859636,99.56329345703125,6711400,98.66066112564906
2023-08-21 00:00:00+00:00,99.46298843935611,100.2926858154914,99.9644546508789,6012500,99.33534375935272
2023-08-22 00:00:00+00:00,99.9279982439209,99.9279982439209,97.76715087890625,6026000,97.73979248112553
2023-08-23 00:00:00+00:00,100.28356685948557,102.01589646903423,101.47796630859375,10588200,100.1285707409973
2023-08-24 00:00:00+00:00,101.1588569140655,102.1344310375809,99.79122924804688,6487700,99.46299805171329
2023-08-25 00:00:00+00:00,100.23799146062525,100.59357409316215,100.48416137695312,4839100,99.36271059929487
2023-08-28 00:00:00+00:00,100.50241125073657,100.84887445561826,99.31713104248047,4335600,99.06184163297662
2023-08-29 00:00:00+00:00,99.63623403219354,100.76680429879357,100.28357696533203,5673100,99.31712229840895
2023-08-30 00:00:00+00:00,100.56622265313838,101.02209853650507,100.48416137695312,4785000,100.03740495896567
2023-08-31 00:00:00+00:00,100.4021054867425,100.78503955331466,99.36270904541016,9212000,99.28064777050822
2023-09-01 00:00:00+00:00,99.97359194666565,100.63005439297658,100.14682006835938,4941300,99.6088898147024
2023-09-05 00:00:00+00:00,99.80035127838713,100.03740869430129,98.0224380493164,6379900,98.0041991178769
2023-09-06 00:00:00+00:00,97.33862225024119,97.55744073033561,97.09244537353516,7926100,95.66099535321311
2023-09-07 00:00:00+00:00,97.47538652197971,99.09830358378231,98.41448974609375,8532600,97.42979615035485
2023-09-08 00:00:00+00:00,98.04977434701568,99.50857561173179,99.42652130126953,6807500,98.04977434701568
2023-09-11 00:00:00+00:00,99.68181716752166,99.7821104131609,99.0162353515625,5069300,98.77917795676852
2023-09-12 00:00:00+00:00,98.85212786592682,99.8185894980169,99.39917755126953,4605400,98.05890825681983
2023-09-13 00:00:00+00:00,99.36270665463665,99.99181061855005,98.29595184326172,6761500,98.1683071574756
2023-09-14 00:00:00+00:00,98.85591617586418,99.608649198968,99.36079406738281,6872400,98.18579686093156
2023-09-15 00:00:00+00:00,99.25064570579029,99.99419711781692,98.69985961914062,9639000,98.46119311869752
2023-09-18 00:00:00+00:00,98.92934907019601,99.08540885948618,98.97525024414062,3911300,98.08482069648757
2023-09-19 00:00:00+00:00,98.81918989635335,99.30571148737796,98.552978515625,5818300,98.13989599587758
2023-09-20 00:00:00+00:00,99.33324445069434,99.50766048542421,98.50707244873047,4593600,98.45199664977787
2023-09-21 00:00:00+00:00,98.47036667707783,99.03032738980562,97.97467041015625,5856600,97.69009573421422
2023-09-22 00:00:00+00:00,98.42446926551074,98.42446926551074,97.61665344238281,5027200,97.26782833919121
2023-09-25 00:00:00+00:00,97.35045603460841,97.47897092413831,97.15767669677734,6052200,96.48756434473376
2023-09-26 00:00:00+00:00,96.49675023466273,97.8094440957607,96.74459838867188,5400500,96.4875685982812
2023-09-27 00:00:00+00:00,96.79966957650787,96.86392702103646,95.41354370117188,5635500,94.82604506447164
2023-09-28 00:00:00+00:00,95.99185906323324,96.35904745578658,95.74401092529297,4758800,95.26666391391281
2023-09-29 00:00:00+00:00,95.79909067399535,96.0928399994153,94.50475311279297,7232700,94.28444286961209
2023-10-02 00:00:00+00:00,94.39459538044942,94.39459538044942,94.13756561279297,7079700,93.03600046114774
2023-10-03 00:00:00+00:00,93.85297744099373,94.0365751082985,93.4215316772461,5924000,92.64126085092173
2023-10-04 00:00:00+00:00,93.24712940678708,94.02740028966976,93.78872680664062,6720500,93.01763755867245
2023-10-05 00:00:00+00:00,93.96314750883062,95.20240214935579,95.10142517089844,6449100,93.9447842380916
2023-10-06 00:00:00+00:00,95.2207623348591,95.86333671918973,95.35845184326172,6854900,94.47720397180734
2023-10-09 00:00:00+00:00,95.00962961005253,96.56099681776357,95.92759704589844,5061100,94.83521355611036
2023-10-10 00:00:00+00:00,95.7623593492354,95.89087422557174,95.11060333251953,7177200,94.69752080194351
2023-10-11 00:00:00+00:00,95.46860359587393,95.66137589732601,94.972900390625,5375100,94.41293975155871
2023-10-12 00:00:00+00:00,95.02798194217587,95.42270820338572,95.09223937988281,5124000,94.48638453915108
2023-10-13 00:00:00+00:00,95.11061007341368,95.94595682880447,95.47779846191406,5787500,94.34869539289417
2023-10-16 00:00:00+00:00,95.652213261516,96.7262405879813,95.59713745117188,6473500,95.52369836835544
2023-10-17 00:00:00+00:00,95.46861152634034,95.9184136004264,95.62466430664062,5827200,94.68834062130334
2023-10-18 00:00:00+00:00,95.5695904984585,95.89087770094376,93.62349700927734,7136400,93.5500649369491
2023-10-19 00:00:00+00:00,93.32057800407564,93.38483544796496,92.19147491455078,7647600,91.00729601698826
2023-10-20 00:00:00+00:00,91.78755827199234,94.88111092813008,94.24771118164062,12467500,91.78755827199234
2023-10-23 00:00:00+00:00,94.3945929988706,95.60630973263358,94.87193298339844,8493000,94.24771484760929
2023-10-24 00:00:00+00:00,94.84441274002062,95.52370680724279,94.57820129394531,6347900,94.2569140326603
2023-10-25 00:00:00+00:00,94.87194512049702,96.02858619727554,95.12897491455078,7849200,94.50475669890453
2023-10-26 00:00:00+00:00,94.64243984645128,98.43364978313468,96.89146423339844,11335700,94.54146286970686
2023-10-27 00:00:00+00:00,96.68034059248112,96.90983247643625,94.38542175292969,8933800,93.83464263214464
2023-10-30 00:00:00+00:00,94.8076837096523,95.92760519711263,94.25690460205078,6915500,94.19264715622288
2023-10-31 00:00:00+00:00,94.33951073656335,95.05553122280413,94.27525329589844,7522600,93.08189982590201
2023-11-01 00:00:00+00:00,95.05553001038736,95.67974814182865,94.41294860839844,5838100,94.3027969992554
2023-11-02 00:00:00+00:00,94.31197163099354,94.60572092793441,94.41294860839844,5379100,93.31139049575411
2023-11-03 00:00:00+00:00,94.89028520813315,95.69809393542822,94.89945983886719,6005900,94.3486808428235
2023-11-06 00:00:00+00:00,95.54204184858101,95.80825321599062,95.78070831298828,5951200,94.67915031308328
2023-11-07 00:00:00+00:00,95.78990752559632,96.12955802293772,95.46862030029297,6616400,95.2207721560693
2023-11-08 00:00:00+00:00,95.45024793615372,96.54262431797926,95.8357925415039,8152100,95.32172606416859
2023-11-09 00:00:00+00:00,96.12036441442682,96.12036441442682,93.98149871826172,7377000,93.77037014087551
2023-11-10 00:00:00+00:00,94.403765711225,94.88111268958299,93.07271575927734,7627100,92.34752066012487
2023-11-13 00:00:00+00:00,92.79733303332098,94.13757177271873,94.06413269042969,5878200,92.32917464168516
2023-11-14 00:00:00+00:00,94.2385358714908,94.75259537013625,93.78872680664062,6944400,93.5408786922324
2023-11-15 00:00:00+00:00,93.5225170895084,93.78872847849102,93.03599548339844,7392600,92.4576785371134
2023-11-16 00:00:00+00:00,93.47662586108511,93.68775444977439,93.62349700927734,7889700,92.74224910951673
2023-11-17 00:00:00+00:00,93.63267483348051,94.01821946076986,93.40318298339844,6767000,92.67798789671488
2023-11-20 00:00:00+00:00,92.68718099379511,94.48639648051277,94.25690460205078,7449900,92.61374191183856
2023-11-21 00:00:00+00:00,94.55064985706734,95.12896684462886,93.82545471191406,7403500,93.49498586086861
2023-11-22 00:00:00+00:00,93.816275871374,94.25690335374148,93.33893585205078,5724000,92.81569465622854
2023-11-24 00:00:00+00:00,93.8713582039759,94.10085007822533,93.51335144042969,3168000,93.11862513657923
2023-11-27 00:00:00+00:00,93.55006347994183,93.77037370056678,93.10943603515625,7356500,92.4393167345218
2023-11-28 00:00:00+00:00,92.99928346156744,93.03600300131176,91.96198272705078,8738500,91.8059299357895
2023-11-29 00:00:00+00:00,92.05377448077626,92.870764948467,92.83404541015625,10286800,91.61315402811886
2023-11-30 00:00:00+00:00,92.56783773487473,94.2660831832873,94.07331085205078,29299700,92.05377818491068
2023-12-01 00:00:00+00:00,94.41293975155871,95.17485432648957,94.972900390625,6863400,94.2385307189316
2023-12-04 00:00:00+00:00,95.2207666346606,96.73540732376891,96.44165802001953,10169900,95.2207666346606
2023-12-05 00:00:00+00:00,96.31315143943563,97.67174646359574,97.51569366455078,10789100,95.63385742912378
2023-12-06 00:00:00+00:00,97.53403180972956,97.8277810842151,96.96488952636719,9954800,96.7812988561394
2023-12-07 00:00:00+00:00,96.92817527087128,96.9373569059433,95.35845184326172,9602200,95.2207623348591
2023-12-08 00:00:00+00:00,95.27583238854051,95.47778632672426,95.2391128540039,7530300,94.22935016662028
2023-12-11 00:00:00+00:00,96.24887081296872,96.8180130650231,95.8082504272461,7429700,95.07387377966204
2023-12-12 00:00:00+00:00,95.90923086781598,96.19379850239055,95.799072265625,7933500,94.93618072396656
2023-12-13 00:00:00+00:00,95.6154927861783,98.32349395751953,98.32349395751953,10995000,95.44107672985241
2023-12-14 00:00:00+00:00,98.63786481544992,99.12790932046575,97.8981704711914,10723000,97.21395778801353
2023-12-15 00:00:00+00:00,96.98279435556209,98.2587595630963,97.18621063232422,26393300,96.40028988012749
2023-12-18 00:00:00+00:00,98.15706069031704,99.12790150457987,98.04610443115234,12805600,97.66700916969197
2023-12-19 00:00:00+00:00,98.05536316820523,98.61937853510396,98.46218872070312,8043100,97.49134780130649
2023-12-20 00:00:00+00:00,99.06318615900757,99.06318615900757,97.41737365722656,8441600,97.30641738980104
2023-12-21 00:00:00+00:00,97.81496084435844,98.57314439051099,98.3697280883789,5919400,97.39888012065691
2023-12-22 00:00:00+00:00,99.07242188202441,99.91381721175121,99.5809555053711,6028700,98.78578665726828
2023-12-26 00:00:00+00:00,99.39604565132652,99.94156474839714,99.51624298095703,4727700,99.13715475412366
2023-12-27 00:00:00+00:00,99.22035446098397,99.92306327715664,99.83985137939453,5387000,98.94297441419658
2023-12-28 00:00:00+00:00,100.13574202952856,100.83844389227932,100.57030487060547,5530400,99.97855222079008
2023-12-29 00:00:00+00:00,100.77372296238516,101.00487656578359,100.80146026611328,5889200,100.5888029013657
2024-01-02 00:00:00+00:00,100.93089495464785,104.77728656791083,104.70331573486328,11920100,100.93089495464785
2024-01-03 00:00:00+00:00,105.6556813994854,107.16280734362967,106.11798858642578,10721900,105.55398030826653
2024-01-04 00:00:00+00:00,107.18129177002864,108.78087766971426,108.18912506103516,11492200,107.12581716741732
2024-01-05 00:00:00+00:00,108.27234451404362,108.5959581422522,108.38330078125,6861500,107.8470227377912
2024-01-08 00:00:00+00:00,108.72539527388383,109.00278239355015,108.5312271118164,8193100,107.42169274164614
2024-01-09 00:00:00+00:00,108.65143170619822,110.89824480639513,109.5020751953125,8822300,108.37404458597737
2024-01-10 00:00:00+00:00,109.28017589059304,110.18629403312029,109.89966583251953,7129100,108.86409518681191
2024-01-11 00:00:00+00:00,109.84418503635189,109.936645058343,109.5020751953125,5754400,108.25384726281368
2024-01-12 00:00:00+00:00,109.1692070942708,109.72397424805139,109.6869888305664,6823300,108.7808707920491
2024-01-16 00:00:00+00:00,109.55756378173828,110.34348465035006,109.55756378173828,6832300,109.04903006875344
2024-01-17 00:00:00+00:00,110.19554121129237,110.39895750194891,109.22469329833984,5591400,108.74389692844531
2024-01-18 00:00:00+00:00,108.78086889887416,109.67774585809669,109.60377502441406,10524700,107.82851734151318
2024-01-19 00:00:00+00:00,109.2986530604347,110.04758836897211,109.9273910522461,7605600,108.84559403897046
2024-01-22 00:00:00+00:00,110.0660901254377,110.92598173009922,110.42668914794922,8786200,109.89965926472102
2024-01-23 00:00:00+00:00,109.233951998192,110.94448734238449,110.80579376220703,6501400,108.42953487656162
2024-01-24 00:00:00+00:00,110.67634302553994,110.90749663006633,109.91815948486328,5859900,109.5113339377856
2024-01-25 00:00:00+00:00,109.71475154774119,111.1201623761641,111.07392883300781,6689800,109.71475154774119
2024-01-26 00:00:00+00:00,111.42527823953166,111.89682648297611,111.71190643310547,8300300,111.02769378348682
2024-01-29 00:00:00+00:00,112.2019602771086,112.30366842929911,112.13723754882812,9138200,111.40679129866372
2024-01-30 00:00:00+00:00,112.13723605982013,112.58105408659897,112.48859405517578,7469500,111.12016160566853
2024-01-31 00:00:00+00:00,113.29300970723354,113.5888860550113,111.67493438720703,10779000,111.41604346468256
2024-02-01 00:00:00+00:00,114.32857452629467,116.89900148706856,116.85276794433594,11650700,113.51490932138907
2024-02-02 00:00:00+00:00,117.15788085979489,117.94380162912343,116.88050079345703,10175600,116.60311367287166
2024-02-05 00:00:00+00:00,117.40754870806416,118.16573229260896,116.66785430908203,8027700,116.22403625884304
2024-02-06 00:00:00+00:00,117.06542832486174,117.90682375042167,117.31507110595703,6153000,116.56613570842322
2024-02-07 00:00:00+00:00,117.333565790681,118.40611479923024,117.860595703125,6742800,116.9637186292252
2024-02-08 00:00:00+00:00,117.72189739247068,117.8698390727912,117.06542205810547,6308300,116.45517320815473
2024-02-09 00:00:00+00:00,116.70483118687716,117.13940108538219,115.99287414550781,7891200,115.6137859081245
2024-02-12 00:00:00+00:00,115.57679356515884,116.02061155631802,115.89115905761719,5257400,115.0220263668956
2024-02-13 00:00:00+00:00,116.48291355455784,117.2965716055718,115.97437286376953,7273400,115.09599209340502
2024-02-14 00:00:00+00:00,116.14080041437141,116.52913671941764,116.33496856689453,6622400,115.41035428578608
2024-02-15 00:00:00+00:00,116.4736720015218,117.63868806974746,117.00070190429688,5756700,116.45517576395201
2024-02-16 00:00:00+00:00,116.96372542036745,118.43385897834713,118.15647888183594,6266800,116.6586009653817
2024-02-20 00:00:00+00:00,118.47084396852897,119.54338591731569,117.76813507080078,6952800,117.62019338527996
2024-02-21 00:00:00+00:00,117.83285501265934,118.49857847328981,118.46158599853516,4849200,117.24110239304284
2024-02-22 00:00:00+00:00,118.48933294130676,119.94098436089179,119.51565551757812,6517400,118.02703278297324
2024-02-23 00:00:00+00:00,120.00570311202821,120.4217909008204,119.69133758544922,5177400,119.14581844665094
2024-02-26 00:00:00+00:00,119.62660370431125,119.92247294650485,119.12730407714844,5158400,118.78520129784796
2024-02-27 00:00:00+00:00,118.59104432663713,119.42320579707695,119.3030014038086,4780200,118.16572958022073
2024-02-28 00:00:00+00:00,119.5896146228791,119.64508922558278,118.52631378173828,5697200,118.07324767883306
2024-02-29 00:00:00+00:00,118.44310036339499,119.13656110531535,117.56471252441406,11246100,117.48149356717494
2024-03-01 00:00:00+00:00,117.30581855574113,118.2119366176263,117.38903045654297,6023400,116.88973788899007
2024-03-04 00:00:00+00:00,115.07749823986956,117.00069773217923,114.69841003417969,12706200,113.99570117078817
2024-03-05 00:00:00+00:00,115.28091628404673,115.61377801104835,113.57038116455078,8277800,113.16354859727156
2024-03-06 00:00:00+00:00,113.57961810228198,115.35488293320694,114.4210205078125,8251400,113.2745007421558
2024-03-07 00:00:00+00:00,114.06043217800634,115.14222932568065,114.64293670654297,8982200,113.56113955886866
2024-03-08 00:00:00+00:00,113.94022996993858,114.68916533946819,114.18987274169922,9822700,112.85842581431528
2024-03-11 00:00:00+00:00,115.25317194730395,115.25317194730395,113.514892578125,7769300,112.6550010115676
2024-03-12 00:00:00+00:00,113.72758117474012,113.92174936926033,113.41321563720703,11621800,112.27593672159023
2024-03-13 00:00:00+00:00,113.8755039145255,113.92173039833315,112.95088958740234,9186000,111.69341353817507
2024-03-14 00:00:00+00:00,112.88576615806254,112.88576615806254,112.132080078125,10132500,111.3411739684505
2024-03-15 00:00:00+00:00,111.50864043680382,113.4626527254205,113.07184600830078,46477400,110.94105457180821
2024-03-18 00:00:00+00:00,113.37889881908477,113.99301855124395,112.99740600585938,8311900,112.70895260181786
2024-03-19 00:00:00+00:00,112.99742296686722,113.7604158068374,113.70458221435547,11696600,112.05763676552768
2024-03-20 00:00:00+00:00,112.84853647522837,115.29570175338931,115.2398681640625,9793200,112.01110362526825
2024-03-21 00:00:00+00:00,115.0909969201783,115.55623661072927,115.02586364746094,8156300,114.50479036672772
2024-03-22 00:00:00+00:00,115.1840416737299,115.83537439092433,115.2398681640625,7022500,114.65366871858751
2024-03-25 00:00:00+00:00,115.453887706197,116.84960683098468,116.59837341308594,7605800,115.16543425975789
2024-03-26 00:00:00+00:00,117.03569646539337,117.31484312181709,116.79376983642578,8864400,116.17035034927311
2024-03-27 00:00:00+00:00,123.63277708408927,123.84679754050997,122.59064483642578,16061600,121.0646593889241
2024-03-28 00:00:00+00:00,122.82328309708903,123.21408274863926,122.7767562866211,10189700,121.96724373683772
2024-04-01 00:00:00+00:00,122.5255179916504,122.75813783674208,121.88349914550781,5377600,121.06467274742879
2024-04-02 00:00:00+00:00,121.05536692208345,121.66947249149204,121.2879867553711,6584200,120.2923670538658
2024-04-03 00:00:00+00:00,121.28798976400738,123.1024216690617,120.8692626953125,7741400,120.43193626204452
2024-04-04 00:00:00+00:00,121.73461383876261,121.83696713415175,118.78499603271484,6753200,118.48723582867807
2024-04-05 00:00:00+00:00,118.77569668631357,119.65965637464238,119.09205627441406,5692900,118.17088365724531
2024-04-08 00:00:00+00:00,118.76637871041306,119.02691178170296,117.76145935058594,6282500,117.12873313502742
2024-04-09 00:00:00+00:00,117.78007936209623,118.17087899043197,117.90103912353516,4696600,116.78446672857756
2024-04-10 00:00:00+00:00,117.11012927264515,118.1708751430173,117.9382553100586,5787700,116.35644328553704
2024-04-11 00:00:00+00:00,117.75216753436476,118.30114695711156,117.37997436523438,6187200,116.7379413259593
2024-04-12 00:00:00+00:00,118.20810014298391,118.27323341499374,116.99847412109375,7370000,116.40296789157699
2024-04-15 00:00:00+00:00,117.88243788283026,118.93387705298436,117.41719818115234,6241000,117.11944505603824
2024-04-16 00:00:00+00:00,117.76147229399652,117.98479246449953,116.36575317382812,5587300,116.33783992726389
2024-04-17 00:00:00+00:00,116.93333723614813,117.41719046955208,116.6541976928711,6122800,116.04007791947238
2024-04-18 00:00:00+00:00,116.79376617800908,116.79376617800908,116.52393341064453,5992700,115.84468035408725
2024-04-19 00:00:00+00:00,116.91473817050415,117.35206462486957,117.03569793701172,8404300,116.20757183793464
2024-04-22 00:00:00+00:00,117.90103027934346,119.17578946547422,118.11504364013672,7805800,117.44509741381962
2024-04-23 00:00:00+00:00,119.1944124213001,119.1944124213001,118.05921936035156,7744000,117.92895281707754
2024-04-24 00:00:00+00:00,118.00338898505053,118.71985494946937,118.1708755493164,7128300,116.63558322671155
2024-04-25 00:00:00+00:00,120.67387057777746,123.56766195787965,121.63226318359375,12750100,119.80851738925125
2024-04-26 00:00:00+00:00,121.08328241742537,122.73953452538746,122.07888793945312,7758200,121.08328241742537
2024-04-29 00:00:00+00:00,122.5627473239561,123.00937345913489,121.073974609375,6788000,120.33890213276847
2024-04-30 00:00:00+00:00,121.81836152012751,121.81836152012751,120.2365493774414,6945000,120.01322920984298
2024-05-01 00:00:00+00:00,119.66894792652013,120.89717326663113,119.84574127197266,5895700,118.91526193631758
2024-05-02 00:00:00+00:00,120.08765562425795,120.6738621238702,119.34326934814453,7422500,119.0920430618776
2024-05-03 00:00:00+00:00,119.11064880578827,119.54797520794254,118.64541625976562,6221900,118.33835639029643
2024-05-06 00:00:00+00:00,118.33836179717186,118.85012826966978,118.70124816894531,6552000,117.94756218126105
2024-05-07 00:00:00+00:00,118.26392446588503,121.36241531926736,121.31590270996094,6682300,118.23601122110591
2024-05-08 00:00:00+00:00,121.50200226935267,122.36734129997583,120.54360961914062,6659100,120.33890301443621
2024-05-09 00:00:00+00:00,119.97601081111681,121.42755633935745,121.17632293701172,9216700,119.97601081111681
2024-05-10 00:00:00+00:00,121.72531609706172,121.78114258671155,121.01814270019531,5722600,120.91578940317456
2024-05-13 00:00:00+00:00,120.50637284808755,120.69248007237134,120.30166625976562,7109700,119.11996773389286
2024-05-14 00:00:00+00:00,120.21792959335727,120.21792959335727,119.7154769897461,6154300,119.12927045387625
2024-05-15 00:00:00+00:00,119.92018666656021,122.79536453434324,122.5720443725586,7237100,119.77130655870378
2024-05-16 00:00:00+00:00,122.2370689881952,122.61856893333845,121.78114318847656,5518100,121.69738925559975
2024-05-17 00:00:00+00:00,121.60434803438956,122.19055456588951,122.06958770751953,8281600,120.78552166632463
2024-05-20 00:00:00+00:00,121.71600547408774,122.58135868078283,121.88349914550781,4860400,121.56712536571182
2024-05-21 00:00:00+00:00,122.52551101818038,123.55834363952386,121.66947174072266,6254700,121.40893866488716
2024-05-22 00:00:00+00:00,121.1204943017211,122.45108714436478,121.98584747314453,4407500,121.10188073943564
2024-05-23 00:00:00+00:00,121.79973863801449,122.74883153020856,121.97653198242188,6830900,121.25075924074048
2024-05-24 00:00:00+00:00,122.31150930880888,122.31150930880888,120.48777770996094,5983800,120.18071781670844
2024-05-28 00:00:00+00:00,119.882952973571,120.10627312312243,117.32413482666016,10263400,116.99846848230663
2024-05-29 00:00:00+00:00,117.37065954316424,117.65910585745766,117.14734649658203,8527800,116.57044676900142
2024-05-30 00:00:00+00:00,117.22178839086733,118.96178018383344,115.87258911132812,13000300,114.16981024421686
2024-05-31 00:00:00+00:00,116.43087799037252,117.80799054578553,116.8123779296875,18150500,115.8912053650159
2024-06-03 00:00:00+00:00,117.02640021750157,119.98532522615382,119.49217224121094,7702500,117.02640021750157
2024-06-04 00:00:00+00:00,118.3104635265882,120.3668222598917,119.76201629638672,6440100,118.05923009956766
2024-06-05 00:00:00+00:00,119.54798017994021,120.9064862470023,120.45054626464844,5009400,119.16649444563117
2024-06-06 00:00:00+00:00,120.1807296262478,121.82766803645421,121.44618225097656,8088500,119.93879588161498
2024-06-07 00:00:00+00:00,121.28797789504956,122.23705652297984,121.58572387695312,4945600,121.15771136584422
2024-06-10 00:00:00+00:00,121.54854194282261,122.52553406195791,122.3487548828125,6033700,120.63666180791033
2024-06-11 00:00:00+00:00,121.89279346260868,122.98145258595892,122.67439270019531,11453200,120.72039460622872
2024-06-12 00:00:00+00:00,123.4746286553636,123.48394253721665,121.14842987060547,5822000,121.11121693716522
2024-06-13 00:00:00+00:00,120.98093401264201,121.07397343265605,120.37611389160156,5004200,119.650341104744
2024-06-14 00:00:00+00:00,120.18071621029918,120.84134859768827,120.47846221923828,7338500,119.70616265525743
2024-06-17 00:00:00+00:00,120.01045460566222,120.6937641332693,119.34585571289062,8524000,119.22417231328676
2024-06-18 00:00:00+00:00,120.066618519271,120.49719165967315,119.80451965332031,6532400,118.96207686642423
2024-06-20 00:00:00+00:00,119.2428841017957,122.08845729298316,121.37706756591797,10348400,118.64381530981272
2024-06-21 00:00:00+00:00,121.84510379896314,122.80923001807354,122.35993194580078,17170800,120.83417242415328
2024-06-24 00:00:00+00:00,122.87476783228836,124.78429547192128,124.4566879272461,8553800,122.55650132324196
2024-06-25 00:00:00+00:00,124.60643393597981,126.01987248018497,124.41922760009766,6750600,124.1197003192718
2024-06-26 00:00:00+00:00,124.84979758941402,124.89658845465333,123.09002685546875,8492100,123.08067153900606
2024-06-27 00:00:00+00:00,123.54871223459298,123.82951459814244,121.51749420166016,11927600,118.67190646565003
2024-06-28 00:00:00+00:00,121.25537872198979,122.59393177640263,115.88248443603516,57055500,113.13986968327009
2024-07-01 00:00:00+00:00,117.36144361508852,120.92778369196304,119.72028350830078,11533000,117.09935188061253
2024-07-02 00:00:00+00:00,120.01044832283348,120.03852855654402,119.5517807006836,5645400,118.55957435510679
2024-07-03 00:00:00+00:00,119.52369678975796,119.75770825209739,117.8013687133789,4002100,117.28654778111
2024-07-05 00:00:00+00:00,118.4378843469389,118.50340727304255,118.36299896240234,6786700,116.92149458812186
2024-07-08 00:00:00+00:00,118.69062594362606,119.30841253950855,117.73585510253906,5743400,117.3146372935948
2024-07-09 00:00:00+00:00,117.23038558803613,118.03538562697835,117.9792251586914,6339000,115.78887405647592
2024-07-10 00:00:00+00:00,117.82944748339006,119.32712653693945,119.15863800048828,4588500,117.78264947638101
2024-07-11 00:00:00+00:00,119.44882446854218,120.86224871376453,120.72184753417969,7048800,119.4300995502883
2024-07-12 00:00:00+00:00,121.1243487815994,121.62045202754493,119.58924102783203,7022300,119.17737849544056
2024-07-15 00:00:00+00:00,119.81387230255756,120.13212447295884,119.92619323730469,6918500,119.06503274408125
2024-07-16 00:00:00+00:00,119.69218663408041,120.7779961176202,117.41759490966797,8194400,117.19293876151781
2024-07-17 00:00:00+00:00,117.44569143890979,118.5876686886729,117.83882904052734,7628000,116.59388616060761
2024-07-18 00:00:00+00:00,117.28655436166078,117.5673638473455,116.30370330810547,9501400,114.54393958350526
2024-07-19 00:00:00+00:00,117.28655064494346,118.86846331278934,117.72648620605469,6848800,117.17422256935106
2024-07-22 00:00:00+00:00,117.89497812000623,118.40044376243131,117.651611328125,4341800,117.03381760689543
2024-07-23 00:00:00+00:00,116.99638074905162,117.58609426535739,116.4253921508789,4285400,116.23818581833144
2024-07-24 00:00:00+00:00,116.97766440968013,118.10091670169386,117.86690521240234,6338500,116.7062102251263
2024-07-25 00:00:00+00:00,117.96985725192182,119.67346041209439,117.8013687133789,7357100,117.67032286578588
2024-07-26 00:00:00+00:00,119.10248967922774,120.49719620367836,117.2491226196289,6467000,117.05255381885111
2024-07-29 00:00:00+00:00,117.73584892525304,119.80450945045291,119.60794067382812,9139500,116.9308489020487
2024-07-30 00:00:00+00:00,115.5829484579214,116.01352870594428,107.87928771972656,35509400,106.6249896678508
2024-07-31 00:00:00+00:00,108.58132116730481,110.3036421441252,105.89486694335938,22733000,105.04306891328021
2024-08-01 00:00:00+00:00,105.89487461237725,107.14917988543304,106.5407485961914,14117500,104.28488159454207
2024-08-02 00:00:00+00:00,107.79504583395914,109.79818342475532,107.83248138427734,16562300,107.04620628125674
2024-08-05 00:00:00+00:00,107.59847228684535,107.75760551578757,105.12731170654297,13334000,104.21934604986681
2024-08-06 00:00:00+00:00,105.11796583504353,105.84808055281175,104.04151153564453,9761900,103.8262178191791
2024-08-07 00:00:00+00:00,104.53761195075818,105.35197449794444,105.29580688476562,9756500,103.63900869599945
2024-08-08 00:00:00+00:00,105.69830768130797,106.92453274037084,106.63435363769531,8278200,105.37069302486518
2024-08-09 00:00:00+00:00,106.50330072069639,107.38318614668829,107.22406005859375,5914100,105.65150267036539
2024-08-12 00:00:00+00:00,107.37382853556845,107.37382853556845,106.22249603271484,6536000,105.87615646522926
2024-08-13 00:00:00+00:00,106.30672250553539,107.52358491683171,107.07427978515625,9040300,105.62340592103085
2024-08-14 00:00:00+00:00,106.3909711948863,106.64370042372383,106.31608581542969,11029400,104.37847125613257
2024-08-15 00:00:00+00:00,106.86836219329531,107.17725906437536,106.06336212158203,9685100,105.37069013247887
2024-08-16 00:00:00+00:00,106.34416912435775,106.44713473872412,106.40032958984375,10102300,105.41748573652342
2024-08-19 00:00:00+00:00,106.39098146668799,107.27085976513345,107.10237121582031,6177500,106.06335968529989
2024-08-20 00:00:00+00:00,107.42061894555908,107.9260845389481,107.77631378173828,5392300,107.22405018281826
2024-08-21 00:00:00+00:00,107.4393481330632,109.14295139925838,108.60940551757812,8144100,107.22406157353204
2024-08-22 00:00:00+00:00,108.86214178265209,109.25527934943126,109.09615325927734,8201200,107.85121048967976
2024-08-23 00:00:00+00:00,109.33017307518479,109.33952839310966,109.14295959472656,8368200,108.5064480440967
2024-08-26 00:00:00+00:00,109.2646480951997,110.35982015487089,108.83406066894531,6518700,108.7311021834524
2024-08-27 00:00:00+00:00,108.83404561109359,109.16166736506267,109.0493392944336,5502600,107.87928200586671
2024-08-28 00:00:00+00:00,109.14294512831927,110.47212852680714,109.89178466796875,5403200,108.80596804962332
2024-08-29 00:00:00+00:00,110.38789499299826,110.82783771548868,109.94795227050781,7202500,109.32080322168524
2024-08-30 00:00:00+00:00,109.77009934348952,111.15545041511764,110.8746337890625,8876500,109.65777840623822
2024-09-03 00:00:00+00:00,110.69678678118639,111.23968795923254,109.12422943115234,7640300,108.97445866378565
2024-09-04 00:00:00+00:00,109.19911163076614,109.26463455421272,108.39411163330078,7693400,107.14916894635283
2024-09-05 00:00:00+00:00,109.15231694859558,112.39103502366164,111.00568389892578,12009700,108.90894300611556
2024-09-06 00:00:00+00:00,111.48306207282262,112.60632140557075,110.30364227294922,8577300,110.12579841323145
2024-09-09 00:00:00+00:00,105.91359463766241,109.42376675021333,108.02906036376953,14880200,105.22092267372881
2024-09-10 00:00:00+00:00,107.84186501783391,108.66558297437675,107.95419311523438,12734500,106.08210100734775
2024-09-11 00:00:00+00:00,107.58911877397232,108.47835952852549,107.37382507324219,7836600,106.96196258913072
2024-09-12 00:00:00+00:00,107.14917307562416,108.12266164824848,107.87928771972656,8330900,106.7466730613801
2024-09-13 00:00:00+00:00,108.66556579499107,109.3020772967024,108.45027923583984,6709600,107.64527918539719
2024-09-16 00:00:00+00:00,109.11932625783199,111.54105879489167,111.15470886230469,7846100,109.11932625783199
2024-09-17 00:00:00+00:00,112.1064377599692,112.26662847149842,111.46566772460938,7914900,110.93797729169292
2024-09-18 00:00:00+00:00,111.3808683852143,112.49279276828216,111.79548645019531,11135600,111.06991202572227
2024-09-19 00:00:00+00:00,112.0404808446992,112.32316907801663,110.46682739257812,9963000,109.58105511184839
2024-09-20 00:00:00+00:00,110.5045153624815,110.72124948218179,110.41028594970703,21200900,109.69413666122644
2024-09-23 00:00:00+00:00,110.43855339183096,111.34317587891822,108.9591293334961,6665300,108.85547482329325
2024-09-24 00:00:00+00:00,109.16643564682272,109.55278557331515,108.3277816772461,9840400,107.72470482697173
2024-09-25 00:00:00+00:00,108.64816900484392,109.32662506139567,108.11105346679688,7902300,108.00739896039805
2024-09-26 00:00:00+00:00,107.31009078611169,107.42317039570848,106.56566619873047,11132100,106.41490057517815
2024-09-27 00:00:00+00:00,106.6410456892981,107.74354485170535,107.13105010986328,11920100,106.4808549780238
2024-09-30 00:00:00+00:00,107.05567085266777,107.43259569612347,107.00855255126953,10936900,106.19816665407501
2024-10-01 00:00:00+00:00,107.38546870844694,108.16758643723534,108.12046813964844,7715500,106.58450797416947
2024-10-02 00:00:00+00:00,107.94144050056498,107.98855161156067,105.61393737792969,9041800,105.51970796669508
2024-10-03 00:00:00+00:00,105.36892493376963,105.61392713060256,103.82353973388672,10280600,103.49373323194388
2024-10-04 00:00:00+00:00,103.17334960994904,103.93662433893542,103.43719482421875,9704700,103.079120203316
2024-10-07 00:00:00+00:00,103.37123456590727,104.57739542643247,102.32527160644531,8654800,101.93892887857035
2024-10-08 00:00:00+00:00,101.74104253735511,102.47604196392095,102.25930786132812,8832400,101.59026973742223
2024-10-09 00:00:00+00:00,102.15566100648697,103.93662337554252,103.9083480834961,8627800,101.95776990837605
2024-10-10 00:00:00+00:00,104.3135434349013,104.43604813556857,103.08854675292969,6006700,102.871812644302
2024-10-11 00:00:00+00:00,102.8058467122441,103.57853932552752,103.39950561523438,8578400,101.67507948913172
2024-10-14 00:00:00+00:00,103.1168141957282,103.71989102990267,103.36181640625,8130700,102.41008285668845
2024-10-15 00:00:00+00:00,103.61623341094214,105.14277564551655,105.09565734863281,9109500,103.55027210885055
2024-10-16 00:00:00+00:00,104.59623850529643,104.78469732059976,104.04969787597656,8729200,102.73046460112423
2024-10-17 00:00:00+00:00,103.78584993238388,103.8329682295934,103.41835021972656,8541700,103.18277311216454
2024-10-18 00:00:00+00:00,103.55971442942361,103.5785574377653,102.42893981933594,9523000,102.2970171932123
2024-10-21 00:00:00+00:00,102.78700848009447,102.87181279060657,100.205078125,11444900,100.05431250989749
2024-10-22 00:00:00+00:00,99.79989653199755,100.7327799325714,100.48777770996094,11576100,99.61143051874207
2024-10-23 00:00:00+00:00,100.58200659622227,101.16624045039548,100.2427749633789,8271700,100.07315914695721
2024-10-24 00:00:00+00:00,99.93181961342782,100.46893517253895,99.77162170410156,8295900,99.18739503338898
2024-10-25 00:00:00+00:00,100.34643625073535,100.34643625073535,97.98124694824219,9625500,97.86816733324198
2024-10-28 00:00:00+00:00,98.56546931290698,98.94239415706832,98.2168197631836,6968900,97.93412433275174
2024-10-29 00:00:00+00:00,98.30163275584952,99.04605741173656,97.74567413330078,9296200,97.71739883636698
2024-10-30 00:00:00+00:00,97.49123088675036,98.94238675520248,98.78219604492188,13897200,96.963540457947
2024-10-31 00:00:00+00:00,95.1071991790706,97.27451165003652,96.41700744628906,17413100,92.9116186027932
2024-11-01 00:00:00+00:00,95.90815858773956,96.79393088391286,96.00238800048828,10180600,95.3710430269042
2024-11-04 00:00:00+00:00,96.11546321028466,96.61488554531412,95.99296569824219,9182600,95.12603644859922
2024-11-05 00:00:00+00:00,95.51239707187771,95.86105383032705,95.7856674194336,6741400,94.72085413598414
2024-11-06 00:00:00+00:00,97.22739229127075,97.27451059243994,94.91873931884766,9551300,94.79623461150508
2024-11-07 00:00:00+00:00,95.58777081158675,95.82334792246763,95.33334350585938,8676100,95.03180509150155
2024-11-08 00:00:00+00:00,95.62546445179841,97.2745042355482,96.98238372802734,9208000,95.17315323356014
2024-11-11 00:00:00+00:00,96.61489032228806,97.43470131362581,94.91873931884766,10075300,94.66431199532339
2024-11-12 00:00:00+00:00,94.947001571384,94.95641947964262,92.89276885986328,12282900,92.81738245833668
2024-11-13 00:00:00+00:00,92.82680791003752,93.71257296900458,92.8173828125,8869700,92.25199917737905
2024-11-14 00:00:00+00:00,93.45814792705708,93.66545692650597,92.68545532226562,8704500,92.2991054252486
2024-11-15 00:00:00+00:00,92.27084030119485,92.27084030119485,90.75372314453125,16464500,89.02930417097119
2024-11-18 00:00:00+00:00,90.98929595947266,91.67718424835888,90.98929595947266,14139900,89.91506496857608
2024-11-19 00:00:00+00:00,91.14949224672853,91.92218482640207,90.97045135498047,13093100,89.76429778566003
2024-11-20 00:00:00+00:00,91.38508902683897,93.13777636722254,91.81855010986328,12136800,91.08355056955058
2024-11-21 00:00:00+00:00,92.08237574850551,94.68314888195087,94.09891510009766,15670300,91.35679427225722
2024-11-22 00:00:00+00:00,94.5418089311268,95.91757841148885,93.4581527709961,14031200,93.2225756574565
2024-11-25 00:00:00+00:00,94.31565941123871,95.87046995811357,95.32393646240234,34659100,93.76912591552747
2024-11-26 00:00:00+00:00,95.62547788660044,95.9270163447093,95.75740051269531,9324100,93.94816257479819
2024-11-27 00:00:00+00:00,95.78565805073639,97.48180899447726,97.17085266113281,9802200,95.77623295298561
2024-11-29 00:00:00+00:00,96.94469804070441,97.09547085488316,95.77623748779297,6081200,95.67258297535595
2024-12-02 00:00:00+00:00,95.86103680100237,95.97410920801185,94.80564880371094,13703100,94.66430110570653
2024-12-03 00:00:00+00:00,94.93758316208708,96.53950476654401,95.97412109375,11395600,94.8150856429088
2024-12-04 00:00:00+00:00,96.14372461329847,96.20026081657126,95.52180480957031,11315000,95.2202664100446
2024-12-05 00:00:00+00:00,95.63488189349175,98.13200070597992,97.57604217529297,11062700,95.50295928657475
2024-12-06 00:00:00+00:00,97.63258256245582,97.95296399604807,97.142578125,11470700,96.76566048294869
2024-12-09 00:00:00+00:00,96.92586068369758,99.00836177354434,97.80220794677734,19162500,96.42643828879348
2024-12-10 00:00:00+00:00,97.7833480716978,97.7833480716978,95.17315673828125,11359400,94.92815451982827
2024-12-11 00:00:00+00:00,94.8904522431181,95.5971835374489,93.9952621459961,21613000,93.53353304668786
2024-12-12 00:00:00+00:00,95.823355229944,97.05777708453897,95.40873718261719,9554400,94.34393114836105
2024-12-13 00:00:00+00:00,95.29565986995551,96.6525864653779,96.11547088623047,10118200,94.73027618494405
2024-12-16 00:00:00+00:00,96.17246273064318,97.15080859942871,95.0421371459961,11701100,95.03264384884854
2024-12-17 00:00:00+00:00,94.89016467692628,95.74503246166812,95.0421371459961,13975100,94.37724400608117
2024-12-18 00:00:00+00:00,95.16561717495811,96.40992023038693,93.40838623046875,11993400,93.34189692018151
2024-12-19 00:00:00+00:00,93.61734887505557,94.92814840593759,94.52920532226562,12110800,92.91446088910445
2024-12-20 00:00:00+00:00,93.87380982786613,94.68118201885345,93.13292694091797,29289700,92.99044779032242
2024-12-23 00:00:00+00:00,94.12076953573462,94.59569522457404,94.38673400878906,8460500,93.27540238934375
2024-12-24 00:00:00+00:00,94.2442533936449,94.64318922686367,94.46271514892578,3713500,93.84531756042612
2024-12-26 00:00:00+00:00,94.12076605447443,94.92814549307147,94.86165618896484,4760300,93.95929306547127
2024-12-27 00:00:00+00:00,94.51021267569226,95.31758490245808,94.70018005371094,6173600,94.26324928683522
2024-12-30 00:00:00+00:00,94.5767007660747,94.5767007660747,93.43688201904297,6848700,93.3418910844646
2024-12-31 00:00:00+00:00,93.5603685791971,94.538714421097,94.49122619628906,6598200,93.4938792670328
2025-01-02 00:00:00+00:00,95.25109772414612,95.31758703261765,94.19676208496094,6153300,93.87381608575379
2025-01-03 00:00:00+00:00,94.35823367581462,94.74767622447011,94.16826629638672,6070300,93.74083606927844
2025-01-06 00:00:00+00:00,93.81681412061987,95.29858714606193,94.71917724609375,10111100,93.48436759935714
2025-01-07 00:00:00+00:00,95.1086123765646,97.80619395932258,95.9539794921875,10890900,95.03262977667683
2025-01-08 00:00:00+00:00,95.6500235271841,95.7165128286711,94.8426513671875,8654700,93.13292336604006
2025-01-10 00:00:00+00:00,94.23475592911727,95.37458194999179,94.27275085449219,11328500,93.85481392215908
2025-01-13 00:00:00+00:00,94.47222213777621,96.0869739130837,95.91600036621094,8168100,94.02579080723116
2025-01-14 00:00:00+00:00,96.18195605597093,96.40041782263633,94.65269470214844,10927400,94.04479037790993
2025-01-15 00:00:00+00:00,95.0801258484929,95.7640200315005,95.07062530517578,9170300,94.61470068103154
2025-01-16 00:00:00+00:00,95.40307589982615,95.84000666947041,95.65003204345703,7749600,94.93764350118663
2025-01-17 00:00:00+00:00,95.43156910293926,95.43156910293926,93.00944519042969,16182000,93.00944519042969
2025-01-21 00:00:00+00:00,93.1614266254053,93.34189346276247,91.4136962890625,17756100,90.95777167734946
2025-01-22 00:00:00+00:00,91.14774741682123,92.13559382851516,90.88179016113281,13070900,90.37837003475234
2025-01-23 00:00:00+00:00,91.29022198299451,92.28756888830156,91.78414154052734,11522800,90.44485478572301
2025-01-24 00:00:00+00:00,91.93611444418774,92.23056604822447,90.75830078125,12244800,90.62532216995659
2025-01-27 00:00:00+00:00,91.78413972929266,93.67434926502945,93.02845001220703,15093400,91.16674210625797
2025-01-28 00:00:00+00:00,92.4680274837808,93.92129888996149,92.5630111694336,12840900,91.74613842859635
2025-01-29 00:00:00+00:00,92.53451430501146,94.17776028518763,93.35138702392578,10225500,92.50601992475941
2025-01-30 00:00:00+00:00,94.42472332430788,94.42472332430788,93.98778533935547,10164700,93.30389847535668
2025-01-31 00:00:00+00:00,94.130276090907,95.04213260210591,93.86431884765625,11420200,93.63635653155436
2025-02-03 00:00:00+00:00,93.20891069442932,95.12761448637933,94.7856674194336,13363900,93.08543262733976
2025-02-04 00:00:00+00:00,84.53677475031893,86.65494656467342,86.18951416015625,50837600,82.9505246487282
2025-02-05 00:00:00+00:00,85.85706615410494,86.18951268966595,85.17317199707031,21670600,83.5869219225428
2025-02-06 00:00:00+00:00,84.92621309487562,85.07818554328335,83.63441467285156,19509700,83.43493951120588
2025-02-07 00:00:00+00:00,83.1309927061542,84.15683397424974,82.90303039550781,15815000,82.75105793734062
2025-02-10 00:00:00+00:00,82.82703832412011,83.56792849575726,82.0671615600586,21212100,81.94367624139024
2025-02-11 00:00:00+00:00,81.74421762834024,82.62757981166999,82.20014953613281,20922300,81.43077214144917
2025-02-12 00:00:00+00:00,81.75371369536897,82.32362311380602,81.37377166748047,14785300,81.3167828996742
2025-02-13 00:00:00+00:00,81.29778692520374,81.40227117061367,80.18646240234375,20415100,80.08197815693381
2025-02-14 00:00:00+00:00,80.18645469523733,80.52840178429605,78.84716796875,26779000,77.97329915960484
2025-02-18 00:00:00+00:00,77.06143860657491,79.3980720940404,79.11312103271484,25897800,76.97595546221449
2025-02-19 00:00:00+00:00,79.06563152483356,81.33577587774168,81.30728149414062,17435100,78.6951900444371
2025-02-20 00:00:00+00:00,81.59223237115137,83.30196045217157,83.28296661376953,14851500,81.59223237115137
2025-02-21 00:00:00+00:00,83.58691883619937,85.04019024284223,85.0116958618164,15678900,82.64656802839352
2025-02-24 00:00:00+00:00,85.21116629738859,87.2438476676775,86.69293212890625,19452300,84.47028338162976
2025-02-25 00:00:00+00:00,87.14886946776066,88.39317253301375,86.84491729736328,18417300,85.90456640250756
2025-02-26 00:00:00+00:00,86.72144063588148,86.78792994777982,84.89772033691406,13534200,84.40380076949656
2025-02-27 00:00:00+00:00,84.86922380324646,86.40798572836687,86.03754425048828,10717500,84.77424010962474
2025-02-28 00:00:00+00:00,86.16102248154263,87.71877824945557,87.62379455566406,15482100,86.16102248154263
2025-03-03 00:00:00+00:00,87.17736153864732,88.53564934931141,88.4786605834961,13636100,87.17736153864732
2025-03-04 00:00:00+00:00,88.8776030655124,90.57783809143966,87.91825103759766,15073000,87.69028871054574
2025-03-05 00:00:00+00:00,86.51247537569786,88.76361876715856,88.51666259765625,13117100,85.961559772731
2025-03-06 00:00:00+00:00,88.45966028473451,89.33352910016758,89.2860336303711,11300200,87.17736231493318
2025-03-07 00:00:00+00:00,89.53299329419048,92.48703167188015,89.90343475341797,24100900,89.14355074912054
2025-03-10 00:00:00+00:00,89.94142511327648,92.13557937530298,90.454345703125,20897600,89.94142511327648
2025-03-11 00:00:00+00:00,90.21689401512153,90.5968287981328,89.97943115234375,21734800,88.88710053420768
2025-03-12 00:00:00+00:00,89.35252671928876,89.66597944090444,88.66863250732422,11896000,88.20320732015618
2025-03-13 00:00:00+00:00,88.71613082410647,91.50868928345893,89.96043395996094,16570100,88.71613082410647
2025-03-14 00:00:00+00:00,89.55198821018604,90.12189759686733,89.82744598388672,12681100,88.7636098144349
2025-03-17 00:00:00+00:00,89.72206999443036,91.30286604337557,90.81425476074219,12237900,89.17597761127443
2025-03-18 00:00:00+00:00,91.23578833172706,91.4082389162462,90.74717712402344,8670100,89.90408212886483
2025-03-19 00:00:00+00:00,91.25495170200341,91.42740229680825,90.0765380859375,11355900,89.712478967748
2025-03-20 00:00:00+00:00,90.05738225842472,91.16873218629448,90.75676727294922,12970200,89.75080422821873
2025-03-21 00:00:00+00:00,90.61304950356323,90.7088537593297,89.20470428466797,68435800,89.16638112048214
2025-03-24 00:00:00+00:00,89.00352052123309,89.20471166781338,88.43826293945312,16950100,87.71971999763917
2025-03-25 00:00:00+00:00,88.4382552651863,88.4382552651863,84.18448638916016,20640200,83.42762034566589
2025-03-26 00:00:00+00:00,84.53896588705258,85.57366942472089,84.41442108154297,13808800,83.64797239229317
2025-03-27 00:00:00+00:00,84.78806473523954,84.84554582995143,83.92581176757812,12931900,83.71503800777238
2025-03-28 00:00:00+00:00,84.50065210287302,86.35928562954075,85.48745727539062,12393500,83.9928828963662
2025-03-31 00:00:00+00:00,85.50660515070817,86.48382027915328,85.9952163696289,15003000,84.66351744559087
2025-04-01 00:00:00+00:00,85.98563794110392,85.98563794110392,83.46595001220703,13922100,82.97733876947608
2025-04-02 00:00:00+00:00,83.23600539093465,83.41803859463114,82.9677505493164,10590800,81.74143852512084
2025-04-03 00:00:00+00:00,85.0084211319206,85.17128910656977,82.76656341552734,12684100,82.64201860715971
2025-04-04 00:00:00+00:00,82.50789277184909,82.65159551143192,78.05292510986328,22965700,77.67928336815449
2025-04-07 00:00:00+00:00,77.61222508941383,79.71994825742289,77.77509307861328,26582000,75.97394795884914
2025-04-08 00:00:00+00:00,79.71995252316648,79.77743362610153,75.63862609863281,20571600,74.28776901387585
2025-04-09 00:00:00+00:00,73.540475797454,78.55111106996574,78.47447204589844,22928300,72.81235024833953
2025-04-10 00:00:00+00:00,77.22899314956025,77.71760437877474,74.2973403930664,19466900,72.77402561118474
2025-04-11 00:00:00+00:00,74.60392553152417,76.10807521928469,75.85897827148438,16194400,73.14767432373476
2025-04-14 00:00:00+00:00,76.66373529520364,76.66373529520364,75.8493881225586,15796700,75.07336411572464
2025-04-15 00:00:00+00:00,76.21346954489019,76.60626928032839,75.10211944580078,16042500,74.46022273825669
2025-04-16 00:00:00+00:00,75.17874875338708,75.3895225043669,73.2530517578125,16551300,72.74528261739545
2025-04-17 00:00:00+00:00,73.66502565449665,75.44701282794658,74.72846984863281,21416500,73.65544303480792
2025-04-21 00:00:00+00:00,74.80511897792013,74.91050587023601,74.58476257324219,11010000,73.76083267480762
2025-04-22 00:00:00+00:00,74.75720733874459,75.72484722458283,75.65778350830078,12918200,74.40273082813817
2025-04-23 00:00:00+00:00,75.20749962526436,76.83619414561946,75.43743133544922,17935700,74.72847096523083
2025-04-24 00:00:00+00:00,74.99672774273046,76.61584699361394,76.49129486083984,18471500,72.8410987180431
2025-04-25 00:00:00+00:00,76.80744652671973,79.78700510266307,79.2696533203125,28378000,74.7859451826708
2025-04-28 00:00:00+00:00,79.51875717634456,80.17023644317726,79.70079040527344,14241000,78.94392424899743
2025-04-29 00:00:00+00:00,80.26603466964752,82.09592751275783,81.15702819824219,18802900,79.2792368786076
2025-04-30 00:00:00+00:00,81.69354382203925,82.23006088743789,81.62648010253906,13825100,80.27562309277914
2025-05-01 00:00:00+00:00,80.96542440728089,81.03248812585336,79.76785278320312,10036400,79.68162382538303
2025-05-02 00:00:00+00:00,80.65884010008871,81.15702664088217,79.69120025634766,11755600,79.47084387849505
2025-05-05 00:00:00+00:00,79.73911232863829,80.07443092189975,79.36546325683594,8688000,78.47447698448282
2025-05-06 00:00:00+00:00,79.01098254476554,79.02056516389271,75.72484588623047,16991100,75.00630294902365
2025-05-07 00:00:00+00:00,76.28052707702491,76.54878195932716,75.80149841308594,12216900,75.4565971902981
2025-05-08 00:00:00+00:00,75.20748985457578,75.49490993701423,74.39314270019531,15059100,73.70334034986011
2025-05-09 00:00:00+00:00,74.69013928600509,75.15958527272369,72.78360748291016,15614500,72.63989743939324
2025-05-12 00:00:00+00:00,72.73570859473423,77.86131369722644,77.05654907226562,21761100,72.64948694608721
2025-05-13 00:00:00+00:00,73.72250209837034,75.25539953829066,73.41592407226562,23353200,73.34886035747387
2025-05-14 00:00:00+00:00,74.2111121837061,74.2111121837061,70.38846588134766,23721800,70.24475583491986
2025-05-15 00:00:00+00:00,70.67587652237728,71.67225688883727,71.66268157958984,15274800,70.23517108691551
2025-05-16 00:00:00+00:00,71.84471389533327,72.97522178620919,72.86983489990234,15021800,71.25072305549142
2025-05-19 00:00:00+00:00,72.77403156938287,74.00992636246627,73.99076843261719,11682600,72.51535931473616
2025-05-20 00:00:00+00:00,74.29734760193094,75.85897839189442,74.6997299194336,13262400,74.17279547313447
2025-05-21 00:00:00+00:00,74.50810231747585,74.8242629353813,73.7512435913086,11879500,73.64585671867344
2025-05-22 00:00:00+00:00,73.50215298818891,75.0733662848585,74.5751724243164,11800000,73.46382982127054
2025-05-23 00:00:00+00:00,74.29733214894107,74.63265067711755,74.3260726928711,10902200,73.84704413564877
2025-05-27 00:00:00+00:00,74.74762777562955,74.92007838303387,74.33566284179688,11884500,73.81831832898112
2025-05-28 00:00:00+00:00,74.18236616497246,74.46020361840185,72.97521209716797,12293200,72.4195371903092
2025-05-29 00:00:00+00:00,72.51535971971218,73.77041244965373,73.1955795288086,10785200,72.51535971971218
2025-05-30 00:00:00+00:00,73.71293041220159,74.30692125544275,73.61711883544922,20641500,72.4195472200152
2025-06-02 00:00:00+00:00,73.78955777699784,73.78955777699784,73.0518569946289,11271800,72.2375098867319
2025-06-03 00:00:00+00:00,72.81234873988393,73.95243917100215,73.90453338623047,18139200,72.27583903554431
2025-06-04 00:00:00+00:00,74.2207029870775,75.82065698389155,74.98714447021484,13009300,74.08657554479353
2025-06-05 00:00:00+00:00,75.12127654597379,75.25540398347995,74.36441040039062,13983700,74.00992656732596
2025-06-06 00:00:00+00:00,75.0158868939731,76.15597007076784,75.65778350830078,9863100,74.92965793909798
2025-06-09 00:00:00+00:00,76.27094041496046,77.03738916040203,76.002685546875,18305800,75.37036423547616
2025-06-10 00:00:00+00:00,76.01226059665527,78.44572694929488,77.93795776367188,13254100,76.0026852866828
2025-06-11 00:00:00+00:00,77.93795439610793,78.25411503706424,76.95115661621094,11803300,76.62542066569591
2025-06-12 00:00:00+00:00,76.82661392832027,78.66608211110807,78.38824462890625,13169200,76.71164442587222
2025-06-13 00:00:00+00:00,78.22537108041793,78.98223713817801,78.28285217285156,14550500,78.03375525664534
2025-06-16 00:00:00+00:00,78.26350574614877,78.71830229024287,78.3409194946289,12569400,77.13135735930686
2025-06-17 00:00:00+00:00,77.68291908751942,78.08933020200861,75.74761962890625,14040600,75.6605346969078
2025-06-18 00:00:00+00:00,75.5250615157793,77.71194450719852,76.72494506835938,23803400,74.60578987758724
2025-06-20 00:00:00+00:00,76.68623617039509,77.33455967597834,76.50238037109375,34052300,76.05726240983147
2025-06-23 00:00:00+00:00,76.67655210785783,77.62485196259762,77.5667953491211,18553800,76.43463970826488
2025-06-24 00:00:00+00:00,77.77000408729072,78.82473864939064,77.72161865234375,15906400,76.5314063489085
2025-06-25 00:00:00+00:00,77.06361543029887,77.52809049794674,77.09264373779297,12753200,76.59914774523175
2025-06-26 00:00:00+00:00,77.25714412942008,77.65388402759241,76.27982330322266,13760100,75.83470535233869
2025-06-27 00:00:00+00:00,76.50237741842437,76.96685248936058,76.54108428955078,60202500,75.61214153025917
2025-06-30 00:00:00+00:00,76.68622890013744,76.82169925017477,76.5991439819336,13895200,75.84437111126503
2025-07-01 00:00:00+00:00,76.40561402782713,80.38265460444497,79.16341400146484,21800800,76.05725956983281
2025-07-02 00:00:00+00:00,79.40532139189204,80.13105856975871,79.72464752197266,16052700,79.2408227367282
2025-07-03 00:00:00+00:00,79.87948480279442,79.92786285770948,78.3118896484375,7734500,78.0893269715682
2025-07-07 00:00:00+00:00,78.33123785621149,78.90215500061942,78.2828598022461,15777400,77.55712254953538
2025-07-08 00:00:00+00:00,78.32156598976457,79.71497648262364,78.73765563964844,12752900,77.7409702866105
2025-07-09 00:00:00+00:00,79.71496978175516,81.74703980681582,81.00194549560547,18394600,79.24082355444521
2025-07-10 00:00:00+00:00,80.93421383098381,82.25021790812018,81.30191802978516,14725600,80.4794173272201
2025-07-11 00:00:00+00:00,81.30192930217902,81.40837136601284,80.66328430175781,9717400,79.59887104600129
2025-07-14 00:00:00+00:00,80.73100773649342,81.5728655599163,80.96324157714844,10368700,80.42136015475984
2025-07-15 00:00:00+00:00,81.06968754565423,81.63092612174181,78.88279724121094,10827000,78.66992051682215
2025-07-16 00:00:00+00:00,78.82473775017522,79.9665646056378,79.76335906982422,11517800,78.82473775017522
2025-07-17 00:00:00+00:00,79.32792258264664,79.98592464847111,78.88279724121094,8984800,78.70862000665208
2025-07-18 00:00:00+00:00,79.05698431200386,79.26986844546065,77.37327575683594,11823600,77.27651225505976
2025-07-21 00:00:00+00:00,77.56680134110934,77.71194288601275,76.74429321289062,11620800,76.39593873996016
2025-07-22 00:00:00+00:00,77.28617849316227,79.12470688141745,78.96988677978516,10571000,77.28617849316227
2025-07-23 00:00:00+00:00,79.94721761177792,81.41804184746738,81.26322174072266,11542100,79.74401206897365
2025-07-24 00:00:00+00:00,81.47610012533885,81.77607654637642,81.3890151977539,8016700,80.81809804745492
2025-07-25 00:00:00+00:00,81.43739401147971,82.46310022671447,81.96959686279297,10058800,81.12773905170106
2025-07-28 00:00:00+00:00,81.73736182268469,82.22118661634795,81.34062194824219,12882000,81.15677354680487
2025-07-29 00:00:00+00:00,77.26682150056547,80.2084772624968,79.9568862915039,27826400,74.18002420015823
2025-07-30 00:00:00+00:00,80.2278391194077,80.87616263809315,79.10536193847656,13055200,78.88279926205703
2025-07-31 00:00:00+00:00,78.18609778624692,78.8537710511773,75.5927963256836,19813300,75.33152677553502
2025-08-01 00:00:00+00:00,75.49602582361176,77.28618366229794,76.72494506835938,11900300,75.02187954101325
2025-08-04 00:00:00+00:00,76.50238181474869,77.40229631805563,77.27650451660156,13380700,75.89276517028188
2025-08-05 00:00:00+00:00,77.31521445504266,78.5054194817931,78.17642211914062,9984300,76.99588827417537
2025-08-06 00:00:00+00:00,77.6925950653273,78.68927307211777,76.8700942993164,13028700,76.70558824004918
2025-08-07 00:00:00+00:00,77.07330291106457,78.20545132980898,77.77001190185547,10830100,76.1056531755398
2025-08-08 00:00:00+00:00,77.51841989716274,78.54412624107732,78.07965850830078,6882900,77.51841989716274
2025-08-11 00:00:00+00:00,78.34091638029788,78.99891845105842,77.44100189208984,8210700,77.05394054765758
2025-08-12 00:00:00+00:00,77.86676917788985,78.32156569846454,77.7022705078125,7852700,77.0926464982843
2025-08-13 00:00:00+00:00,78.1377093275368,80.1600935547283,80.0343017578125,11043800,77.60549906639116
2025-08-14 00:00:00+00:00,79.35695013792116,80.70198256546381,80.08268737792969,10217600,78.96021023641097
2025-08-15 00:00:00+00:00,81.01162494669103,81.99862428126039,81.48577117919922,10481400,80.66327050329467
2025-08-18 00:00:00+00:00,81.53415975190308,82.39536733052822,81.49545288085938,8273600,81.35998252349683
2025-08-19 00:00:00+00:00,81.65027721160179,83.02434536579142,82.18248748779297,14307700,81.65027721160179
2025-08-20 00:00:00+00:00,82.550192895454,83.4597859687276,81.92122650146484,8904700,81.81478444469533
2025-08-21 00:00:00+00:00,82.13409649142686,84.49516390950701,83.29528045654297,13889000,81.86315578100731
2025-08-22 00:00:00+00:00,84.66934037481222,84.99833769662995,84.54354858398438,11977400,83.95328173476496
2025-08-25 00:00:00+00:00,84.38872969852817,84.56290694034213,82.5501937866211,9417700,82.20183930299316
2025-08-26 00:00:00+00:00,82.79209954165528,82.82112784918853,82.24053955078125,14062700,81.93089196612532
2025-08-27 00:00:00+00:00,82.31795327456281,82.71469316431237,81.35030364990234,10588100,81.16644785879102
2025-08-28 00:00:00+00:00,81.52447625044917,81.52447625044917,80.51811981201172,14485300,79.976238415384
2025-08-29 00:00:00+00:00,80.72132253575566,81.51479486011455,81.398681640625,10872900,80.5858521912978
2025-09-02 00:00:00+00:00,81.76639884648701,82.73404853697798,82.7146987915039,11642700,81.61157135236945
2025-09-03 00:00:00+00:00,82.60825442430378,83.03401525605558,81.45674896240234,12714400,81.35030690881914
2025-09-04 00:00:00+00:00,81.47609704586021,81.6793099677068,81.3309555053711,12554800,80.3149204264618
2025-09-05 00:00:00+00:00,81.07936100117108,82.51147827724445,81.96959686279297,13231100,80.55682933041547
2025-09-08 00:00:00+00:00,81.43740198985184,81.59222210232822,81.36965942382812,13111200,80.14074755777833
2025-09-09 00:00:00+00:00,81.45674362862273,82.05668903839091,81.87283325195312,9767500,81.40835819558734
2025-09-10 00:00:00+00:00,81.54383358267367,81.83413143364487,81.31159973144531,13073300,80.83745346526796
2025-09-11 00:00:00+00:00,81.61156923428764,82.78243182606559,82.39537048339844,9667200,81.28257189169825
2025-09-12 00:00:00+00:00,81.88251625999749,82.42439770302266,80.13106536865234,9939500,80.12139418758473
2025-09-15 00:00:00+00:00,80.23856163720222,80.86397425554782,79.17340087890625,10229800,79.07568155519722
2025-09-16 00:00:00+00:00,79.16362742187455,79.62291640523982,79.2417984008789,10065900,78.70433843850927
2025-09-17 00:00:00+00:00,79.13431525364516,80.37536626077484,79.29066467285156,12642100,78.95841749734662
2025-09-18 00:00:00+00:00,79.36884369028421,79.82813269372637,79.6717758178711,10458900,78.97795895615216
2025-09-19 00:00:00+00:00,79.94539490481549,80.52195157964287,79.65223693847656,25627800,79.1538587035421
2025-09-22 00:00:00+00:00,79.89653905798329,80.07243682017956,78.56753540039062,11986400,78.43072685818312
2025-09-23 00:00:00+00:00,78.26459235111895,79.26134877802352,78.13755798339844,13145300,77.85416674263169
2025-09-24 00:00:00+00:00,78.07892525710139,78.28413805444144,77.85416412353516,11804200,77.52191696274815
2025-09-25 00:00:00+00:00,77.96165849148038,78.05937780720342,75.83134460449219,14923800,75.81180372354993
2025-09-26 00:00:00+00:00,76.96491631900462,77.16035496765895,76.76947021484375,12205400,75.91930389214025
2025-09-29 00:00:00+00:00,76.80855760583009,77.00400370533475,76.78901672363281,12739000,76.25154926937795
2025-09-30 00:00:00+00:00,76.6326630964561,82.0854864882087,82.01708221435547,21636600,76.61312221342946
2025-10-01 00:00:00+00:00,83.24836434547959,88.68163925160657,88.07576751708984,33460900,83.24836434547959
2025-10-02 00:00:00+00:00,87.89986854718374,88.92594006863983,87.46990203857422,14575400,86.20930265283053
2025-10-03 00:00:00+00:00,87.5871625550635,88.63277496247505,87.15719604492188,12970600,86.09203529970465
2025-10-06 00:00:00+00:00,86.80539995091243,88.25166380779054,86.77608489990234,11648300,86.53178286747638
2025-10-07 00:00:00+00:00,86.64904318918536,86.91289355964727,85.61320495605469,9449100,85.15391594158916
2025-10-08 00:00:00+00:00,85.92590565346347,85.92590565346347,84.43077850341797,9696200,84.23533241666
2025-10-09 00:00:00+00:00,84.9780211128727,85.79887984813458,85.5057144165039,10938200,84.66531479836974
2025-10-10 00:00:00+00:00,85.9356810820413,86.22883903321897,84.03012084960938,11230700,83.96171658211732
2025-10-13 00:00:00+00:00,83.70765285438473,84.48941489311207,83.74673461914062,6553900,83.29721976938345
2025-10-14 00:00:00+00:00,83.43402543110328,83.72719084519291,82.76952362060547,9675000,82.23206363544938
2025-10-15 00:00:00+00:00,82.27115634641649,82.75976042030089,82.19297790527344,9168700,81.70437383138903
2025-10-16 00:00:00+00:00,82.48613866383995,83.5512919059868,82.0073013305664,11709100,81.694595039197
2025-10-17 00:00:00+00:00,81.38188896957321,82.95519459917352,82.85747528076172,10758900,81.26462876968147
2025-10-20 00:00:00+00:00,83.3069877635365,85.01710188184957,84.35260009765625,8611800,83.09200079578191
2025-10-21 00:00:00+00:00,84.978017272214,85.67183414317515,85.62297821044922,9852400,84.26465951926373
2025-10-22 00:00:00+00:00,85.68160922700659,86.76631084889137,85.61320495605469,10926300,85.02688156853745
2025-10-23 00:00:00+00:00,85.56433718022723,86.10180460693961,85.19300079345703,7687500,84.92915789202931
2025-10-24 00:00:00+00:00,85.33958411549591,86.052941844662,85.49593353271484,7902100,85.12459714325207
2025-10-27 00:00:00+00:00,85.51548620123503,86.28748152453045,85.99431610107422,7226600,85.04642301480635
2025-10-28 00:00:00+00:00,86.10181146652639,86.10181146652639,85.04642486572266,8345900,84.948705540946
2025-10-29 00:00:00+00:00,84.9682517228988,85.83796644201361,84.606689453125,10921900,84.1083111735232
2025-10-30 00:00:00+00:00,82.69135312043525,85.31027115878425,84.31351470947266,16678800,81.4014387108309
2025-10-31 00:00:00+00:00,83.47311362208151,84.48941093476915,84.02035522460938,12385000,82.6327140645803
2025-11-03 00:00:00+00:00,83.81514309546652,84.13762358717878,80.60990142822266,13875800,80.46331870876192
2025-11-04 00:00:00+00:00,80.81511201640814,83.02360455010307,81.94867706298828,12846100,80.14084345436252
2025-11-05 00:00:00+00:00,82.11479536925361,83.43402481185323,82.46659088134766,9440200,81.02032706985536
2025-11-06 00:00:00+00:00,82.55454691668233,84.20602360291899,83.82491302490234,10601400,82.42750508700583
2025-11-07 00:00:00+00:00,83.991034243195,84.61644683842705,84.31351470947266,9214300,83.29721737834404
2025-11-10 00:00:00+00:00,84.71417415891949,85.37867597756593,84.7728042602539,8319600,83.84445953009629
2025-11-11 00:00:00+00:00,85.35912746773256,88.9943428532508,88.8770751953125,15436000,85.27118231590853
2025-11-12 00:00:00+00:00,89.32659511711434,90.7924072526324,89.36567687988281,13218900,89.08229309452798
2025-11-13 00:00:00+00:00,89.22887084880652,92.11163926956377,90.81195068359375,16086100,88.82821939737964
2025-11-14 00:00:00+00:00,90.09858638443126,92.9129505635031,90.80217742919922,19632000,89.40476950848128
2025-11-17 00:00:00+00:00,91.10511521627599,92.59046826045369,90.74354553222656,14345800,90.56764777451416
2025-11-18 00:00:00+00:00,91.96505523209873,95.43414698230234,94.232177734375,28153500,90.01063902477415
2025-11-19 00:00:00+00:00,93.81197351761391,94.92599010669511,92.88362884521484,14641300,91.94550254919359
2025-11-20 00:00:00+00:00,92.80545806884766,93.81198125821624,92.80545806884766,12554200,91.75984565929404
2025-11-21 00:00:00+00:00,93.30383465832057,97.98465499630338,95.53186798095703,23183300,93.1865669998374
2025-11-24 00:00:00+00:00,96.86087669798387,100.02702908789725,98.11170196533203,28320900,96.86087669798387
2025-11-25 00:00:00+00:00,98.43417936071936,103.42770610405901,103.25181579589844,22225500,98.41463102280834
2025-11-26 00:00:00+00:00,102.21596998285213,103.33976083528273,102.24528503417969,12624000,101.8250852356363
2025-11-28 00:00:00+00:00,102.45050157707487,103.00751739459366,102.44073486328125,6154500,101.74691795309124
2025-12-01 00:00:00+00:00,102.33323265910177,103.27135153342091,99.50910186767578,14178300,99.39183421257111
2025-12-02 00:00:00+00:00,99.21594478559804,99.47979516785395,98.72734069824219,11795000,98.02374961956869
2025-12-03 00:00:00+00:00,99.57750942057663,100.7403820194886,99.93907165527344,12541600,99.20616556158251
2025-12-04 00:00:00+00:00,99.77294365030765,100.26154769115686,98.59052276611328,12770700,98.24850142862003
2025-12-05 00:00:00+00:00,99.08890693465739,99.76317548183661,97.44719696044922,16430400,96.92927783888169
2025-12-08 00:00:00+00:00,97.11493443193095,97.39832566432172,96.6751937866211,12902600,95.58071807416422
2025-12-09 00:00:00+00:00,97.05630223684278,97.57422130517395,94.68168640136719,16283900,93.87060193882692
2025-12-10 00:00:00+00:00,95.81526512364285,95.93252533383166,95.39506530761719,18077700,94.27127440843162
2025-12-11 00:00:00+00:00,96.19637906686242,96.88042183513473,96.75338745117188,11808200,95.35597940555243
2025-12-12 00:00:00+00:00,96.70451429802672,98.365772569103,98.01397705078125,11810800,96.07910170001168
2025-12-15 00:00:00+00:00,98.54617325319415,99.48246005886712,98.8122787475586,16735900,96.58491034244079
2025-12-16 00:00:00+00:00,98.85170702878708,98.89112282623105,96.85101318359375,16663600,95.39238806284422
2025-12-17 00:00:00+00:00,96.76231109343924,98.69400838988547,97.74787139892578,13180600,96.64404114985862
2025-12-18 00:00:00+00:00,97.83656738902786,99.90625002841301,99.23606872558594,14312800,97.43249157719755
2025-12-19 00:00:00+00:00,99.1473723209527,100.72426741869415,99.63029479980469,44980200,98.6644498421007
