datetime,high,low,close,volume,open
2007-01-03 00:00:00+00:00,36.41704418322402,35.61718755120593,35.84571838378906,16028200,35.89276862308155
2007-01-04 00:00:00+00:00,36.222122924100965,35.65751744761349,36.074249267578125,13175000,35.84572098247327
2007-01-05 00:00:00+00:00,36.020479951194886,35.64407543203393,35.78522872924805,10205000,36.020479951194886
2007-01-08 00:00:00+00:00,36.0540914281062,35.4894858605142,35.92638397216797,9685900,35.93310433761889
2007-01-09 00:00:00+00:00,36.101130719023004,35.60374177716646,35.95998001098633,12546500,36.02719390127649
2007-01-10 00:00:00+00:00,36.09443974805887,35.73147829121565,36.0137825012207,10083900,35.79869223623952
2007-01-11 00:00:00+00:00,36.06080058361175,35.74488968311245,35.79866027832031,14645200,35.959977192034636
2007-01-12 00:00:00+00:00,36.027212272338474,35.78524060547992,35.87934112548828,13012400,35.78524060547992
2007-01-16 00:00:00+00:00,35.9801407387559,35.83226967933578,35.919647216796875,12006200,35.933090506570586
2007-01-17 00:00:00+00:00,36.10113852034673,35.724736550909846,35.8390007019043,12746800,35.9599877818079
2007-01-18 00:00:00+00:00,35.99360539897627,35.76507446522845,35.81884765625,10111100,35.92639147424621
2007-01-19 00:00:00+00:00,36.05408424357228,35.79194645443501,36.020477294921875,12794000,35.93309717719418
2007-01-22 00:00:00+00:00,36.32966826411143,35.98687325767134,36.06081008911133,15563000,36.05408716040986
2007-01-23 00:00:00+00:00,35.97343107558009,35.55669922482663,35.8390007019043,17367300,35.79195045572468
2007-01-24 00:00:00+00:00,35.94653988886176,35.328163838735684,35.758338928222656,25262700,35.93981952485856
2007-01-25 00:00:00+00:00,35.771781342039446,35.18028932649373,35.220619201660156,20091400,35.7583380503173
2007-01-26 00:00:00+00:00,35.489485334326936,34.76356536621232,34.97865295410156,22715300,35.30128433593543
2007-01-29 00:00:00+00:00,35.11980089963402,34.51486550445251,34.588802337646484,22157900,34.94504320994053
2007-01-30 00:00:00+00:00,35.039147856415944,34.52159252673476,35.03242492675781,17991300,34.629136324847316
2007-01-31 00:00:00+00:00,35.48947338981616,34.8509312064106,35.34160232543945,19232300,34.95175460107032
2007-02-01 00:00:00+00:00,35.60374899228809,35.388661422917274,35.5163688659668,12647800,35.46259569160105
2007-02-02 00:00:00+00:00,35.7314630551235,35.44243859947674,35.449161529541016,12651800,35.50965507988677
2007-02-05 00:00:00+00:00,35.70456541256258,35.20045350371711,35.543251037597656,11112400,35.44915055819382
2007-02-06 00:00:00+00:00,35.84573164957337,35.45588373510845,35.765071868896484,13702200,35.46932703188793
2007-02-07 00:00:00+00:00,35.95327828623692,35.79196127624785,35.86589813232422,9509500,35.85917520138261
2007-02-08 00:00:00+00:00,35.886050948083906,35.62391312964147,35.8390007019043,13669800,35.85916436053952
2007-02-09 00:00:00+00:00,35.95997476353593,35.39536944973356,35.61717987060547,11423700,35.8389877274322
2007-02-12 00:00:00+00:00,35.8322755786657,35.61046510694922,35.650794982910156,10685400,35.75833875476021
2007-02-13 00:00:00+00:00,36.154908124403484,35.684403145033194,36.11457824707031,10682100,35.684403145033194
2007-02-14 00:00:00+00:00,36.41033097540269,36.00704236979203,36.329673767089844,12189700,36.13474982995791
2007-02-15 00:00:00+00:00,36.437210347098734,36.09441535665028,36.19523620605469,16916400,36.349832790424095
2007-02-16 00:00:00+00:00,36.34311706248305,36.02720603085864,36.329673767089844,10815700,36.05409262164506
2007-02-20 00:00:00+00:00,36.41033097540269,36.10114287349809,36.329673767089844,9998000,36.20868667259736
2007-02-21 00:00:00+00:00,36.27589506273595,36.10113482562916,36.235565185546875,11771600,36.12802141042187
2007-02-22 00:00:00+00:00,36.363283437204856,35.95327443532338,36.094425201416016,10215100,36.19524607831935
2007-02-23 00:00:00+00:00,36.1213039519222,35.476038685219805,35.52981185913086,16807800,35.81211333002574
2007-02-26 00:00:00+00:00,35.724720173143346,35.35503617400262,35.48274612426758,16356500,35.68439031031574
2007-02-27 00:00:00+00:00,35.361770755706466,32.935311669406914,34.145179748535156,31633500,35.08618967899367
2007-02-28 00:00:00+00:00,35.00153158251018,34.22674081278548,34.546173095703125,27398400,34.573356780905314
2007-03-01 00:00:00+00:00,34.59375124101723,33.84614408181932,34.24033737182617,25006600,34.15198325637181
2007-03-02 00:00:00+00:00,34.2131593222787,33.859745368063365,33.98887634277344,17183400,34.05004419239968
2007-03-05 00:00:00+00:00,34.17237401770244,33.683033897433006,33.737403869628906,18612500,33.71021758721766
2007-03-06 00:00:00+00:00,34.722876958399446,34.050030875656375,34.62092971801758,16716600,34.050030875656375
2007-03-07 00:00:00+00:00,34.72967644797891,34.26072478906079,34.383060455322266,14548500,34.68210175472459
2007-03-08 00:00:00+00:00,34.88599795376778,34.38306212443066,34.50539779663086,13333900,34.580158773267264
2007-03-09 00:00:00+00:00,34.80443695401216,34.437429960151874,34.62773132324219,10723700,34.76366012755633
2007-03-12 00:00:00+00:00,34.784045329103705,34.457817784446796,34.722877502441406,10574300,34.62772812599473
2007-03-13 00:00:00+00:00,34.71607181929168,33.479122518528385,33.61505126953125,25463400,34.71607181929168
2007-03-14 00:00:00+00:00,33.927700737319356,32.86746170966965,33.82575607299805,25008800,33.65584570650275
2007-03-15 00:00:00+00:00,34.53937234415953,33.6694322673455,34.05002975463867,19655200,33.730600091035605
2007-03-16 00:00:00+00:00,34.301505081198286,33.64225203986751,33.72380828857422,21922100,34.16557627160284
2007-03-19 00:00:00+00:00,34.24712508917697,33.54029750675314,34.2335319519043,12994400,33.846136613823624
2007-03-20 00:00:00+00:00,34.54617347444052,34.19275963667597,34.49859619140625,10061800,34.23353646123938
2007-03-21 00:00:00+00:00,35.34136905996621,34.376279072405204,35.246219635009766,21716000,34.51220534084163
2007-03-22 00:00:00+00:00,35.44328667854123,34.940351091483095,35.0966682434082,20661200,35.32774633595515
2007-03-23 00:00:00+00:00,35.34136611626244,34.940377435468996,35.13067626953125,13102700,35.13747413796328
2007-03-26 00:00:00+00:00,35.14424962811858,34.607332399859104,35.04230499267578,13472600,35.137454356139344
2007-03-27 00:00:00+00:00,35.3413666167631,34.899598497002685,35.23262405395508,20025700,35.04232521719783
2007-03-28 00:00:00+00:00,34.987942618850305,34.321894288330554,34.50539779663086,19919100,34.96075633777772
2007-03-29 00:00:00+00:00,34.83162720204877,34.44423175082148,34.79084777832031,13947300,34.67530996669623
2007-03-30 00:00:00+00:00,34.94035645534237,34.172361119181105,34.675296783447266,16151700,34.77724141507005
2007-04-02 00:00:00+00:00,34.83161284915297,34.06361753747064,34.27430725097656,16943000,34.79763130636183
2007-04-03 00:00:00+00:00,34.586939614479455,34.29469369646619,34.566551208496094,13101600,34.389843047889045
2007-04-04 00:00:00+00:00,34.68209777035301,34.38305650530534,34.58694839477539,11108100,34.62092994424939
2007-04-05 00:00:00+00:00,34.60732045388387,34.24031626329865,34.55974578857422,10748700,34.47818958984693
2007-04-09 00:00:00+00:00,34.634514290190886,34.33547310105829,34.566551208496094,9290300,34.59373747822416
2007-04-10 00:00:00+00:00,34.78405052705441,34.532583909920874,34.70928955078125,10498700,34.62093543403784
2007-04-11 00:00:00+00:00,34.70928587548477,34.19275955544138,34.32868576049805,15268300,34.70928587548477
2007-04-12 00:00:00+00:00,34.33549749637238,34.022862950249426,34.17238235473633,12953900,34.33549749637238
2007-04-13 00:00:00+00:00,34.37624689220952,34.0840010219183,34.26750183105469,12906200,34.28109496369904
2007-04-16 00:00:00+00:00,35.12387817968893,34.49181128276215,34.81803894042969,18774400,34.525792844318296
2007-04-17 00:00:00+00:00,35.001548521722995,34.72289552069204,34.86561965942383,13395400,34.86561965942383
2007-04-18 00:00:00+00:00,35.47728532859503,34.83162541218533,35.21902084350586,19115500,34.95396108445775
2007-04-19 00:00:00+00:00,34.926759988547275,34.47819691135674,34.60053253173828,25404800,34.89277844791359
2007-04-20 00:00:00+00:00,34.86560562893699,34.206355189914376,34.688899993896484,29384700,34.86560562893699
2007-04-23 00:00:00+00:00,34.858807812198506,34.19955482864374,34.32868576049805,22349400,34.6888974632515
2007-04-24 00:00:00+00:00,34.59375521997334,34.15198718451598,34.4034538269043,15076800,34.42384483597077
2007-04-25 00:00:00+00:00,34.824836808317094,34.321900882354456,34.81803894042969,16116700,34.552979130614
2007-04-26 00:00:00+00:00,34.77724921477722,34.42383796807245,34.471412658691406,14693900,34.66171142116723
2007-04-27 00:00:00+00:00,34.559767766149584,34.25393117827553,34.50539779663086,15118100,34.47141624160335
2007-04-30 00:00:00+00:00,34.811231212616434,34.505392082760906,34.593746185302734,19515200,34.614134596417756
2007-05-01 00:00:00+00:00,34.8316399700277,34.437446507369096,34.61415481567383,14725300,34.66172953114952
2007-05-02 00:00:00+00:00,34.79083845338654,34.60733498473251,34.66850280761719,11477800,34.675300672729875
2007-05-03 00:00:00+00:00,35.05591505657664,34.72968480628214,34.81803894042969,12718400,34.81124366516924
2007-05-04 00:00:00+00:00,35.04230264298316,34.72287043623807,34.8248176574707,13558200,35.001523235965
2007-05-07 00:00:00+00:00,35.042310785294795,34.85200943428447,34.94715881347656,11593100,34.98793822997009
2007-05-08 00:00:00+00:00,34.99473869478661,34.72288108322429,34.933570861816406,10795300,34.85201202277191
2007-05-09 00:00:00+00:00,35.08987636606468,34.790832574658545,34.9675407409668,16584300,34.87918665781267
2007-05-10 00:00:00+00:00,34.98112367646285,34.34905732863039,34.376243591308594,17866500,34.96753054512374
2007-05-11 00:00:00+00:00,34.72288070847419,34.40344840722992,34.62773132324219,11040500,34.53937721154405
2007-05-14 00:00:00+00:00,34.763645604013576,34.362657224756106,34.512176513671875,16609200,34.68208679992292
2007-05-15 00:00:00+00:00,34.92676884653716,34.60733657979159,34.62092971801758,15653600,34.65491385989555
2007-05-16 00:00:00+00:00,34.94715128321325,34.56655384845439,34.74325942993164,18972400,34.89278133223009
2007-05-17 00:00:00+00:00,34.83160961942334,34.573345251432045,34.75005340576172,14744800,34.76364654014287
2007-05-18 00:00:00+00:00,34.913169004143775,34.73646342638975,34.85200119018555,14634500,34.8791874614171
2007-05-21 00:00:00+00:00,34.89959520668983,34.70929638787384,34.81803894042969,14297800,34.865613645133685
2007-05-22 00:00:00+00:00,35.083085930061095,34.77724680256266,35.001529693603516,16403900,34.80443307892386
2007-05-23 00:00:00+00:00,35.273382866194325,34.88598755062534,34.89957809448242,13478000,35.13745409399233
2007-05-24 00:00:00+00:00,35.164648208770224,34.634526138226356,34.69569396972656,17259600,35.137461929742074
2007-05-25 00:00:00+00:00,34.831611851876794,34.518977518948596,34.797630310058594,11556400,34.797630310058594
2007-05-29 00:00:00+00:00,35.00153757864413,34.77045936276938,34.79084777832031,14373200,34.81803406080596
2007-05-30 00:00:00+00:00,35.17564241916001,34.694633569649646,34.91452407836914,16051700,34.80457882400939
2007-05-31 00:00:00+00:00,35.07257351947048,34.680893350109116,34.84580993652344,15938900,35.017599576464455
2007-06-01 00:00:00+00:00,35.03821856888615,34.68776621094108,34.89391326904297,14293500,34.8732993496234
2007-06-04 00:00:00+00:00,34.990117497767976,34.78397042527277,34.9420166015625,12758700,34.89391570535703
2007-06-05 00:00:00+00:00,34.90765655809857,34.73586690710271,34.81145477294922,12630000,34.893913071462656
2007-06-06 00:00:00+00:00,34.804595969827595,34.53660182283325,34.5847053527832,14588700,34.70152109626801
2007-06-07 00:00:00+00:00,34.70150496278391,34.179265645429616,34.213623046875,21053100,34.56407273570066
2007-06-08 00:00:00+00:00,34.55033024670924,34.05557788477164,34.53658676147461,18402800,34.30295275508955
2007-06-11 00:00:00+00:00,34.55719593025883,34.22736021887442,34.392276763916016,13209900,34.42663415902458
2007-06-12 00:00:00+00:00,34.42664310636209,34.11742384871904,34.12429428100586,16877600,34.25485346487066
2007-06-13 00:00:00+00:00,34.61906346831193,34.18615266045589,34.60531997680664,19863000,34.35794237231748
2007-06-14 00:00:00+00:00,34.66716998623909,34.35794793060298,34.41292190551758,17525600,34.60532557511187
2007-06-15 00:00:00+00:00,34.61906906884052,34.35107749439036,34.41292190551758,27194200,34.4747636953414
2007-06-18 00:00:00+00:00,34.45413535217205,34.241117841748284,34.29608917236328,13196100,34.3648039909576
2007-06-19 00:00:00+00:00,34.928272736234916,34.46100468067109,34.73586654663086,25301000,34.47474554586236
2007-06-20 00:00:00+00:00,34.907662445477534,34.31670552697515,34.34419250488281,21505400,34.838947622010856
2007-06-21 00:00:00+00:00,34.44727171449416,34.15866365259718,34.282352447509766,19282200,34.371683826347265
2007-06-22 00:00:00+00:00,34.282341706483855,33.63641357421875,33.63641357421875,35893600,34.24798430117331
2007-06-25 00:00:00+00:00,34.00062557693875,33.437155430316714,33.56771469116211,20984900,33.794478409860545
2007-06-26 00:00:00+00:00,33.94563334124685,33.5333366394043,33.5333366394043,21003400,33.77384370413791
2007-06-27 00:00:00+00:00,33.808203620330524,33.36154948212586,33.80133056640625,16095400,33.52646869938202
2007-06-28 00:00:00+00:00,33.98688359470893,33.5058717692619,33.732635498046875,15200500,33.828837338875566
2007-06-29 00:00:00+00:00,33.911276660507255,33.389037265574984,33.595184326171875,19179000,33.82881836052891
2007-07-02 00:00:00+00:00,33.911280883906294,33.65703289821549,33.89066696166992,11098100,33.77385124059392
2007-07-03 00:00:00+00:00,34.15178853949003,33.835696160815786,34.04871368408203,8331400,34.007485838960804
2007-07-05 00:00:00+00:00,34.1174283314805,33.69138807726604,33.92502212524414,12644600,33.69826113175783
2007-07-06 00:00:00+00:00,33.92501494781698,33.56769220760702,33.773841857910156,20671200,33.88378711479771
2007-07-09 00:00:00+00:00,33.78758560702483,33.51959418430486,33.54021072387695,21405600,33.6707699084246
2007-07-10 00:00:00+00:00,33.48525085122962,33.16915840551654,33.23100280761719,27025200,33.39591946568357
2007-07-11 00:00:00+00:00,33.712019264596854,33.06608816948059,33.33407974243164,24178900,33.237877908172635
2007-07-12 00:00:00+00:00,34.04872426700539,33.3340783546854,34.03498077392578,18427900,33.395922762892006
2007-07-13 00:00:00+00:00,34.234256792076245,33.91129126456317,34.014366149902344,14025900,34.04872357124766
2007-07-16 00:00:00+00:00,34.34418690543885,33.90440581582764,34.09680938720703,14072800,33.90440581582764
2007-07-17 00:00:00+00:00,34.495357769515735,34.1517785140849,34.22049331665039,19572700,34.17239243059421
2007-07-18 00:00:00+00:00,34.206753387104335,33.35467821300567,33.918148040771484,28540200,33.918148040771484
2007-07-19 00:00:00+00:00,34.254870227706704,33.60207136762956,33.856319427490234,22329300,34.06246657389897
2007-07-20 00:00:00+00:00,33.85631567322513,33.05233848368848,33.1966438293457,32525300,33.84944261703518
2007-07-23 00:00:00+00:00,33.39591213134877,32.9973614441313,33.086692810058594,24454400,33.2997103317205
2007-07-24 00:00:00+00:00,33.07980235387261,32.29644225891559,32.39951705932617,33103600,32.93549973033865
2007-07-25 00:00:00+00:00,33.14853265650052,32.227740009894895,32.93551254272461,33727500,32.60567672292138
2007-07-26 00:00:00+00:00,32.79120328261352,32.227733542529016,32.45449447631836,51484500,32.530082328015325
2007-07-27 00:00:00+00:00,33.127923976022736,32.53696700900143,32.57819747924805,37536200,32.66752885413103
2007-07-30 00:00:00+00:00,33.079806961575024,32.60566858050572,32.77745819091797,35877300,32.91489040350806
2007-07-31 00:00:00+00:00,33.265348298815304,32.56444620008759,32.585060119628906,33880000,32.99048380552135
2007-08-01 00:00:00+00:00,32.88739714046649,32.22085274085983,32.72935104370117,48411400,32.502587543145985
2007-08-02 00:00:00+00:00,33.01796106370133,32.68125491085792,32.832427978515625,37180800,32.825557547790815
2007-08-03 00:00:00+00:00,33.05232491849691,32.27583765109971,32.296451568603516,43493200,32.74310567073259
2007-08-06 00:00:00+00:00,33.1760290387539,31.96663059427047,33.093570709228516,52233600,32.49574323288917
2007-08-07 00:00:00+00:00,33.90439776515008,32.70874091804176,33.444000244140625,46093100,33.011092311331986
2007-08-08 00:00:00+00:00,34.33733146798801,33.36843751266141,34.151798248291016,35709200,33.44402279063881
2007-08-09 00:00:00+00:00,33.80819978038252,32.92863509042099,33.22411346435547,39096900,33.18975606254252
2007-08-10 00:00:00+00:00,33.945637522396545,32.81182472930291,33.3890380859375,32166500,32.81182472930291
2007-08-13 00:00:00+00:00,33.87691672685462,33.25847559119755,33.32719039916992,26263700,33.87004629457814
2007-08-14 00:00:00+00:00,33.46462250737368,32.8461787527995,32.88740921020508,26116600,33.39590507836439
2007-08-15 00:00:00+00:00,33.85629655826969,32.749971053568615,33.14165115356445,40894900,32.91489023207806
2007-08-16 00:00:00+00:00,34.58468299920809,32.82555657854943,34.254844665527344,69390600,33.02483314060202
2007-08-17 00:00:00+00:00,36.26823930110058,34.71526162316999,35.56733703613281,63492600,35.60856750629657
2007-08-20 00:00:00+00:00,35.84905318564152,34.68088597935552,35.28558349609375,36334500,35.63603575502061
2007-08-21 00:00:00+00:00,35.70475667322584,34.83893807677286,35.2512321472168,26677700,35.04508511199483
2007-08-22 00:00:00+00:00,35.64291045235244,34.99698240980283,35.491737365722656,30700500,35.58106608286246
2007-08-23 00:00:00+00:00,35.787226228350846,35.21001281752898,35.61543655395508,37119400,35.75286619642977
2007-08-24 00:00:00+00:00,35.725393850614516,35.29935342755218,35.6429328918457,18412600,35.64980594906141
2007-08-27 00:00:00+00:00,35.574208692117615,34.88017688883299,34.95576477050781,24534600,35.574208692117615
2007-08-28 00:00:00+00:00,34.880167655047394,34.11742384871904,34.12429428100586,30401900,34.880167655047394
2007-08-29 00:00:00+00:00,34.77022395221307,34.083065355360624,34.73586654663086,25674300,34.36480027521805
2007-08-30 00:00:00+00:00,34.76334874813114,34.35792512678304,34.502227783203125,18907100,34.45412689772976
2007-08-31 00:00:00+00:00,35.278727576648706,34.7221280889176,34.82520294189453,22514200,35.26498408816495
2007-09-04 00:00:00+00:00,35.21689051251666,34.708391818084586,35.100074768066406,24405600,34.783979709812606
2007-09-05 00:00:00+00:00,34.97479545059035,34.51551649254132,34.75907516479492,27360000,34.97479545059035
2007-09-06 00:00:00+00:00,34.84258041381544,34.43897291135971,34.647735595703125,20653000,34.82866254758434
2007-09-07 00:00:00+00:00,34.59902650325971,33.92402454993459,34.11191177368164,32834000,34.21629179494441
2007-09-10 00:00:00+00:00,34.44593823556223,33.819647387636245,34.07016372680664,20641600,34.24413311183473
2007-09-11 00:00:00+00:00,34.647738881135325,34.132788400001196,34.41114044189453,21040400,34.258046553397016
2007-09-12 00:00:00+00:00,34.43898174402282,34.181505134554016,34.36939239501953,16901500,34.355474525218874
2007-09-13 00:00:00+00:00,34.960887291721,34.48769037226756,34.69645309448242,23447600,34.48769037226756
2007-09-14 00:00:00+00:00,34.86345517756518,34.51551649254132,34.75907516479492,18494200,34.557270090386325
2007-09-17 00:00:00+00:00,34.97480427741732,34.35547368650007,34.45289611816406,19139500,34.68253698242534
2007-09-18 00:00:00+00:00,35.69852769315474,34.39027679273781,35.63589859008789,33475200,34.585124365925175
2007-09-19 00:00:00+00:00,36.13692254417209,35.26707557874249,35.53846740722656,34416800,35.80290162799459
2007-09-20 00:00:00+00:00,35.7680944357578,35.15572166584522,35.34360885620117,19987500,35.552371516187364
2007-09-21 00:00:00+00:00,35.80986772533002,35.24620845702206,35.656776428222656,26822400,35.684609520247605
2007-09-24 00:00:00+00:00,35.66372009140494,35.141811992506334,35.20444107055664,20674800,35.65676248476018
2007-09-25 00:00:00+00:00,35.19749208154461,34.738210293685476,34.94697570800781,20737300,34.863468480453875
2007-09-26 00:00:00+00:00,35.274030340918095,34.75212220376244,35.079185485839844,21087800,35.00959879604391
2007-09-27 00:00:00+00:00,35.246195075674976,34.86346034180596,35.21139907836914,13994900,35.14876999960529
2007-09-28 00:00:00+00:00,35.25316141881309,34.87042924465755,34.98176956176758,14729500,35.25316141881309
2007-10-01 00:00:00+00:00,35.26011039911551,34.62686200277761,35.239234924316406,22172400,34.821709500962896
2007-10-02 00:00:00+00:00,36.09516754520103,35.45496147747068,35.990787506103516,26625200,35.48975482383652
2007-10-03 00:00:00+00:00,36.20650379921121,35.754185037890366,36.13691711425781,16454000,35.802896248270116
2007-10-04 00:00:00+00:00,36.52662217260376,36.18564092663362,36.463993072509766,16592800,36.213476672133794
2007-10-05 00:00:00+00:00,36.83976576088794,36.54053812713818,36.67971420288086,16607600,36.568373873199285
2007-10-08 00:00:00+00:00,36.63795720481173,36.3596050991654,36.48486328125,10854900,36.63795720481173
2007-10-09 00:00:00+00:00,36.63796213986713,36.23435179777074,36.58229064941406,14764200,36.63100187627911
2007-10-10 00:00:00+00:00,36.51966739870472,36.1717284913376,36.3944091796875,15382700,36.32482246003936
2007-10-11 00:00:00+00:00,36.85366442694297,36.26912733711641,36.47789001464844,18522300,36.53356147775643
2007-10-12 00:00:00+00:00,36.58228326381987,36.178675657770555,36.234344482421875,14666500,36.51965417698574
2007-10-15 00:00:00+00:00,36.23434974153517,35.47584298181413,35.78202819824219,20870800,36.1856385174344
2007-10-16 00:00:00+00:00,35.594136238432014,34.773000551807094,34.93305206298828,28061000,35.48975354852329
2007-10-17 00:00:00+00:00,35.32968957892761,34.42504965211886,34.81473922729492,28344700,35.29489624608134
2007-10-18 00:00:00+00:00,34.084079013414325,33.235107629348676,33.993614196777344,49030200,33.70830453313327
2007-10-19 00:00:00+00:00,33.958815044471876,33.08201072836041,33.10288619995117,35663200,33.840517166042225
2007-10-22 00:00:00+00:00,33.506500003162365,32.70623988043343,33.2490234375,25526300,33.01938526126483
2007-10-23 00:00:00+00:00,33.61088002706497,32.8732516350641,33.2490234375,20194300,33.61088002706497
2007-10-24 00:00:00+00:00,33.24206540830648,32.32350740592405,33.040260314941406,28020700,33.15856085933401
2007-10-25 00:00:00+00:00,33.290782680775244,32.32351329407786,32.70624542236328,34432800,32.915008160104215
2007-10-26 00:00:00+00:00,33.71527415662075,32.57403518514518,33.423004150390625,26594400,33.36733531631417
2007-10-29 00:00:00+00:00,33.708301834008225,33.17247589308198,33.38819885253906,17553900,33.62479728548622
2007-10-30 00:00:00+00:00,33.5273687780046,33.033296528391034,33.3951530456543,20259000,33.35339945169887
2007-10-31 00:00:00+00:00,33.80574268448416,32.93589548887141,33.59697723388672,29107800,33.61089510756408
2007-11-01 00:00:00+00:00,32.70624201655033,31.64850791363786,31.80855941772461,48004100,32.53227264412187
2007-11-02 00:00:00+00:00,32.10083436370672,30.77170825668696,31.39103889465332,51566400,32.02428740313787
2007-11-05 00:00:00+00:00,31.384071907968973,30.110617555863893,30.931753158569336,37758000,30.54902109228909
2007-11-06 00:00:00+00:00,31.773756894092436,30.95958174054809,31.70417022705078,31114100,30.95958174054809
2007-11-07 00:00:00+00:00,31.384075087844824,30.096702737765245,30.138456344604492,43617100,31.314488397674822
2007-11-08 00:00:00+00:00,30.903902750490893,29.240756860709226,30.270654678344727,48097300,30.166272048664148
2007-11-09 00:00:00+00:00,31.377126694544668,29.63743238381268,30.60470199584961,45235900,30.166298286267548
2007-11-12 00:00:00+00:00,31.578931871684663,30.305474362038677,30.60470199584961,32698500,30.305474362038677
2007-11-13 00:00:00+00:00,32.27480823215397,30.743876772489205,32.19826126098633,40882500,30.966557422488144
2007-11-14 00:00:00+00:00,32.699288385601555,31.537171456104204,31.822481155395508,33978500,32.594905687627694
2007-11-15 00:00:00+00:00,31.871189592275996,30.47943456506253,30.67428207397461,32015600,31.759849296281402
2007-11-16 00:00:00+00:00,30.96655392947788,30.256758442209772,30.876089096069336,33513600,30.820420267130388
2007-11-19 00:00:00+00:00,30.67427514094734,29.7696324540771,29.797468185424805,32492400,30.67427514094734
2007-11-20 00:00:00+00:00,30.36808493172944,29.038959395592066,29.762672424316406,43513500,29.783547893846126
2007-11-21 00:00:00+00:00,30.152369892085122,29.17118018120341,29.32427406311035,29442100,29.49824341816398
2007-11-23 00:00:00+00:00,30.159336383359896,29.51216997953724,30.02712059020996,14465600,29.623510293390467
2007-11-26 00:00:00+00:00,30.103661615313374,29.1015988999437,29.143352508544922,31375200,30.08974640034182
2007-11-27 00:00:00+00:00,30.145425282304103,29.2338244328937,29.880990982055664,35700800,29.546969965482244
2007-11-28 00:00:00+00:00,31.31448667271461,29.92273170948285,31.21010398864746,36845200,30.40984647752635
2007-11-29 00:00:00+00:00,31.230995353554157,30.63254004101574,31.057025909423828,22607000,31.175323857242187
2007-11-30 00:00:00+00:00,32.49748004397082,31.73201319503737,32.100830078125,45494200,32.107787685174046
2007-12-03 00:00:00+00:00,32.267838207289145,31.53020977276905,31.641550064086914,25093100,32.18433365244124
2007-12-04 00:00:00+00:00,31.328413005150722,30.94568081776845,31.112689971923828,24637200,31.314495133210666
2007-12-05 00:00:00+00:00,31.966910627527756,31.310346196419143,31.931612014770508,29247800,31.423303373109253
2007-12-06 00:00:00+00:00,32.46110332288375,31.712760251040287,32.446983337402344,21654800,31.903376015371506
2007-12-07 00:00:00+00:00,32.76467970615326,32.0022192621633,32.03045654296875,23926800,32.475226706278306
2007-12-10 00:00:00+00:00,33.02590022630871,32.05870379160936,32.92706298828125,30544800,32.12224240078597
2007-12-11 00:00:00+00:00,33.18121947281142,31.41626099021507,31.522159576416016,33997700,32.84234776732647
2007-12-12 00:00:00+00:00,32.221068738355385,30.011340848005304,30.660846710205078,62623400,31.72688002229048
2007-12-13 00:00:00+00:00,30.45613010405709,29.65836793356204,30.39259147644043,37553200,30.265514221207113
2007-12-14 00:00:00+00:00,30.53378133406008,29.72896070782916,29.764259338378906,33028000,29.94781383310532
2007-12-17 00:00:00+00:00,29.79250206976158,29.1288759044803,29.439510345458984,39410600,29.65836349093419
2007-12-18 00:00:00+00:00,29.792484638228746,28.789987327350048,29.298295974731445,34660100,29.750124686576445
2007-12-19 00:00:00+00:00,30.07487522943139,29.284175010181542,29.361833572387695,26788600,29.425372151182597
2007-12-20 00:00:00+00:00,29.651286555250977,28.825287722476777,29.234756469726562,28801500,29.54538802602335
2007-12-21 00:00:00+00:00,29.700726256458122,28.994742741556596,29.59482765197754,42798800,29.517171727553617
2007-12-24 00:00:00+00:00,30.124303444875114,29.460680171289976,29.848970413208008,12722200,29.460680171289976
2007-12-26 00:00:00+00:00,29.87721050311103,29.47480027173631,29.86309051513672,15446400,29.707776033643956
2007-12-27 00:00:00+00:00,29.672471683148284,29.171224280318157,29.270061492919922,19281700,29.651293049908496
2007-12-28 00:00:00+00:00,29.57363075171958,28.83234905730902,29.01590347290039,23522900,29.4394949362148
2007-12-31 00:00:00+00:00,29.36889867285829,28.669976845601955,29.128864288330078,24663300,28.88177125710048
2008-01-02 00:00:00+00:00,29.33361338327255,28.486432659179997,28.63469123840332,30764600,29.319493390341126
2008-01-03 00:00:00+00:00,28.81118294828461,28.415831282657432,28.451129913330078,22589500,28.684105723372763
2008-01-04 00:00:00+00:00,28.44407639446346,28.069903301133415,28.133441925048828,34921700,28.239340529278977
2008-01-07 00:00:00+00:00,28.40877186392645,27.716905794549355,28.168737411499023,31884400,28.274633300647324
2008-01-08 00:00:00+00:00,28.3875828367786,27.02503509279364,27.11681365966797,42143300,28.36640420331225
2008-01-09 00:00:00+00:00,27.38508728497149,26.417888421596842,27.349788665771484,44276900,27.09563429855222
2008-01-10 00:00:00+00:00,28.10519302691288,26.75676518111766,27.745140075683594,60532300,27.109756791986694
2008-01-11 00:00:00+00:00,28.08401079770244,26.933260122238877,27.18035316467285,79116300,27.822797768113357
2008-01-14 00:00:00+00:00,27.745144563819878,27.116819825731298,27.68866729736328,37063400,27.363912916065225
2008-01-15 00:00:00+00:00,27.39215244402654,26.693230461117498,26.74264907836914,42560000,27.39215244402654
2008-01-16 00:00:00+00:00,27.822790365115615,26.60144007884942,27.314481735229492,46457400,26.60144007884942
2008-01-17 00:00:00+00:00,27.65336729997606,25.966067477198294,26.057846069335938,46725700,27.65336729997606
2008-01-18 00:00:00+00:00,26.46024402106352,24.801184953992337,25.394210815429688,60762800,26.297868245006
2008-01-22 00:00:00+00:00,27.519228719252784,23.382166149088018,26.39671516418457,85919200,23.382166149088018
2008-01-23 00:00:00+00:00,28.945321528113013,25.838993262484895,28.641748428344727,93531900,26.001371826362657
2008-01-24 00:00:00+00:00,28.79706217702919,27.42745272189682,28.168737411499023,109818800,28.592326354317862
2008-01-25 00:00:00+00:00,28.627626843811917,27.660430322570726,27.872224807739258,78213500,28.324053760928923
2008-01-28 00:00:00+00:00,29.143002251163182,27.646317767844657,29.086524963378906,47332200,27.836933663704812
2008-01-29 00:00:00+00:00,29.736015424829617,28.945314893992073,29.608938217163086,54214400,29.411263757731835
2008-01-30 00:00:00+00:00,30.844401902013253,29.107684052961336,29.79954719543457,71585900,29.53833419206788
2008-01-31 00:00:00+00:00,31.416255819897216,29.206527409280145,31.16916275024414,80378600,29.495980445064813
2008-02-01 00:00:00+00:00,31.82572375384882,31.11267921807143,31.790422439575195,60211900,31.14797783923289
2008-02-04 00:00:00+00:00,31.656279837758596,30.99265674514157,31.08443260192871,36302000,31.59274125599972
2008-02-05 00:00:00+00:00,30.632632697943166,29.86311034752588,29.91252899169922,55739200,30.37141947972493
2008-02-06 00:00:00+00:00,30.590272428171282,29.799568811960278,29.884288787841797,37702200,30.15256063212502
2008-02-07 00:00:00+00:00,30.929134180036645,29.56658598247631,30.618499755859375,47817600,29.771319124732347
2008-02-08 00:00:00+00:00,30.59731994629478,29.333609043578495,29.764259338378906,44693100,30.512602694352807
2008-02-11 00:00:00+00:00,30.209037258298572,29.418333729974606,29.750146865844727,36314700,30.209037258298572
2008-02-12 00:00:00+00:00,30.59025467696826,29.771311544020836,30.230201721191406,39998300,29.94074870434741
2008-02-13 00:00:00+00:00,30.703216779183727,30.01135073294354,30.590259552001953,33394600,30.399643726174073
2008-02-14 00:00:00+00:00,30.78086111835734,29.74306782518856,29.82072639465332,37342100,30.639666657270556
2008-02-15 00:00:00+00:00,30.14549446105957,29.425391004375783,30.14549446105957,51280800,29.651305497478948
2008-02-19 00:00:00+00:00,30.569089500931387,29.89840453880803,30.124319076538086,32874300,30.484372222561046
2008-02-20 00:00:00+00:00,30.505543678178917,29.573645756428835,30.336109161376953,38450800,29.79250159150389
2008-02-21 00:00:00+00:00,30.710266077173472,29.651291384857146,29.79954719543457,36158900,30.378453145118545
2008-02-22 00:00:00+00:00,30.110191459300495,28.966496474094455,30.07489013671875,33756000,29.86309566679227
2008-02-25 00:00:00+00:00,30.378459026980806,29.45362267354981,30.31492042541504,29972200,29.841912930623984
2008-02-26 00:00:00+00:00,30.512594718347568,29.884270102222587,30.159603118896484,30539700,30.152541778764643
2008-02-27 00:00:00+00:00,30.53377507120308,29.785431868723677,30.27256202697754,29710100,29.89838907918167
2008-02-28 00:00:00+00:00,30.173715636538617,29.192396970776006,29.2418155670166,34949400,30.067817105673623
2008-02-29 00:00:00+00:00,28.99473689586151,27.914583197630712,28.0557804107666,39711500,28.95943826585575
2008-03-03 00:00:00+00:00,28.211085448000976,27.229769320561964,27.660419464111328,37261500,28.05577098950837
2008-03-04 00:00:00+00:00,27.59688464102509,26.67204563777164,27.378028869628906,46582400,27.363908881818283
2008-03-05 00:00:00+00:00,27.80154719151,26.71044559179143,26.95450782775879,51850800,27.744122232737084
2008-03-06 00:00:00+00:00,26.72480362134916,26.042864751033406,26.215145111083984,51961200,26.523812149876342
2008-03-07 00:00:00+00:00,26.96887296312712,25.77009817385967,26.373075485229492,43862700,25.87059393603728
2008-03-10 00:00:00+00:00,26.703282904929868,25.231731602257458,25.34658432006836,50356100,26.653035012031648
2008-03-11 00:00:00+00:00,27.098074010282286,25.540384712686073,27.076539993286133,68076000,26.487919796762807
2008-03-12 00:00:00+00:00,27.923579546226588,26.54534494426933,26.581235885620117,41747400,26.803764103280272
2008-03-13 00:00:00+00:00,26.954510247193205,25.447068661577394,26.660200119018555,53560500,26.10029371378472
2008-03-14 00:00:00+00:00,26.997577348531433,25.26760775973676,25.619342803955078,57591200,26.904258714261942
2008-03-17 00:00:00+00:00,26.12900295790344,24.58566796135826,25.813156127929688,67553100,24.6646296688517
2008-03-18 00:00:00+00:00,27.945117950439453,26.200791091579582,27.945117950439453,68660600,26.60995391147968
2008-03-19 00:00:00+00:00,29.04341472147722,27.557506145834584,27.67953872680664,61962200,28.196374706396195
2008-03-20 00:00:00+00:00,30.141679480708962,27.71541358961164,30.04836082458496,69566900,27.887691236590296
2008-03-24 00:00:00+00:00,31.19690257881125,29.754064954756885,30.471895217895508,62674600,29.969413486037443
2008-03-25 00:00:00+00:00,30.32830407288986,29.21566861314265,29.409482955932617,52389000,29.897607358891886
2008-03-26 00:00:00+00:00,29.03623312192001,27.99537874897655,28.598356246948242,51047100,28.87830959630921
2008-03-27 00:00:00+00:00,28.98596731467263,27.715408274093384,27.736942291259766,42795300,28.720368324205182
2008-03-28 00:00:00+00:00,28.103045100014302,27.263182590898463,27.327787399291992,38462100,27.837446033116425
2008-03-31 00:00:00+00:00,28.71320530266066,27.11962153210551,27.212940216064453,37031600,27.385220652734464
2008-04-01 00:00:00+00:00,29.344889001511778,28.13175463850828,29.33053207397461,52432700,28.182002515736407
2008-04-02 00:00:00+00:00,29.78994537126234,28.727557286618644,28.92854881286621,40527100,29.352068627676566
2008-04-03 00:00:00+00:00,29.194134847537544,28.167640816209737,28.97878646850586,31047600,28.49066201560566
2008-04-04 00:00:00+00:00,28.914199618462494,28.217906185577394,28.289688110351562,31394100,28.87113155891996
2008-04-07 00:00:00+00:00,29.000324562334537,28.253780924802783,28.354276657104492,32126700,28.60551598785877
2008-04-08 00:00:00+00:00,28.210700557498434,27.456980083265357,27.5502986907959,39627900,28.124561778863843
2008-04-09 00:00:00+00:00,27.851790710658488,27.177031805137737,27.227279663085938,31935100,27.72976098087083
2008-04-10 00:00:00+00:00,27.49288267330824,26.81812360093275,27.05500602722168,37341200,27.234463489499547
2008-04-11 00:00:00+00:00,27.191409498127843,26.41615154620411,26.516647338867188,35756400,26.681747960857248
2008-04-14 00:00:00+00:00,26.22951000223591,25.439895324782988,25.540393829345703,44191700,26.129014235977454
2008-04-15 00:00:00+00:00,26.17208228534293,25.317865533841793,25.540393829345703,44341600,25.920842869696788
2008-04-16 00:00:00+00:00,26.54534912109375,25.935194807214682,26.54534912109375,38112700,26.129009206968956
2008-04-17 00:00:00+00:00,27.090905339997736,26.021337437704478,26.897090911865234,30100100,26.351538579720977
2008-04-18 00:00:00+00:00,28.440437130034887,27.363691626623968,27.67953872680664,48291900,27.614933887069768
2008-04-21 00:00:00+00:00,27.457003793194524,26.818135384893402,26.99759292602539,38324400,27.126802574704808
2008-04-22 00:00:00+00:00,27.07654996089499,26.344362992151858,26.559711456298828,42136100,27.004765313976474
2008-04-23 00:00:00+00:00,26.796592288911615,26.20079213957114,26.459211349487305,30227300,26.70327363237437
2008-04-24 00:00:00+00:00,27.41392664808176,26.48074819799363,27.184221267700195,39720600,26.566887031060684
2008-04-25 00:00:00+00:00,27.76565209655767,26.947326703756907,27.492876052856445,34667400,27.471342038825764
2008-04-28 00:00:00+00:00,27.686704915130466,27.177046234877867,27.40675163269043,24256800,27.550318190899365
2008-04-29 00:00:00+00:00,27.586200982668725,27.055005695976316,27.177038192749023,28257700,27.32778180202396
2008-04-30 00:00:00+00:00,27.59338149013808,26.861194633824496,26.947336196899414,33748000,27.284714401545966
2008-05-01 00:00:00+00:00,28.347089390409053,26.961678176203737,28.275304794311523,41524300,27.033460033998917
2008-05-02 00:00:00+00:00,29.17978256992855,28.275315485236217,28.562448501586914,44354600,28.78497398787049
2008-05-05 00:00:00+00:00,28.375823829060355,27.851808168917167,27.973840713500977,32767200,28.2825078848367
2008-05-06 00:00:00+00:00,28.31120827999721,27.35649600402926,28.167644500732422,35600200,27.751301873614555
2008-05-07 00:00:00+00:00,28.296845628516166,27.16985321185348,27.277528762817383,36551000,28.196349908044795
2008-05-08 00:00:00+00:00,27.50005984586001,26.717625276461597,26.796586990356445,36001600,27.42827522490865
2008-05-09 00:00:00+00:00,26.89709208488455,26.222330104557994,26.3084716796875,43012400,26.710454743741536
2008-05-12 00:00:00+00:00,26.976053541709796,26.387430404417607,26.87555503845215,26709900,26.430501191528027
2008-05-13 00:00:00+00:00,26.99039691274203,26.200785300380574,26.279747009277344,35473600,26.889901188074546
2008-05-14 00:00:00+00:00,26.559713800258507,26.20079874890366,26.416147232055664,28741400,26.37307917840798
2008-05-15 00:00:00+00:00,26.48074731893114,25.920840815125906,26.351537704467773,46841100,26.47357022404053
2008-05-16 00:00:00+00:00,26.430497791429115,25.87059132254282,25.96390724182129,32144800,26.401783937049338
2008-05-19 00:00:00+00:00,26.358710768834765,25.590633112488955,25.913654327392578,37786200,25.999795873783327
2008-05-20 00:00:00+00:00,25.805981177104044,25.317856706912618,25.403995513916016,36536800,25.72701946305789
2008-05-21 00:00:00+00:00,25.518857996473127,24.76513698375873,24.858455657958984,44293800,25.411185130830702
2008-05-22 00:00:00+00:00,25.36093454059728,24.757957247085002,24.930234909057617,40330700,24.94459183727268
2008-05-23 00:00:00+00:00,24.851270115453765,24.33443445482067,24.355968475341797,42429400,24.822559000860174
2008-05-27 00:00:00+00:00,24.65745168984323,24.198041071712503,24.528242111206055,37972000,24.42056928787726
2008-05-28 00:00:00+00:00,24.750777267112493,23.867846724400337,24.31290054321289,46624900,24.722063410852574
2008-05-29 00:00:00+00:00,24.958954239333963,24.169339444156424,24.83692169189453,37973700,24.248301197504645
2008-05-30 00:00:00+00:00,25.030727155727476,24.391859000481166,24.413393020629883,31973900,24.980479283178013
2008-06-02 00:00:00+00:00,24.36314708330137,23.831954463212156,24.1047306060791,39784200,24.29136518490139
2008-06-03 00:00:00+00:00,24.355965268147433,23.616601452375164,23.910911560058594,47951400,24.262646627671213
2008-06-04 00:00:00+00:00,23.85967446223667,23.281480595890418,23.41322135925293,61136800,23.647427936326835
2008-06-05 00:00:00+00:00,23.698660145196033,23.09850762365871,23.41322135925293,52548300,23.523004863397357
2008-06-06 00:00:00+00:00,23.193668010921815,22.242207157368327,22.322715759277344,70192800,23.164391648055332
2008-06-09 00:00:00+00:00,22.578867752156793,21.47371070022598,21.671321868896484,69906600,22.527635537162176
2008-06-10 00:00:00+00:00,22.344665866227114,21.45907571712906,21.67864418029785,61912700,21.48103298223795
2008-06-11 00:00:00+00:00,22.088497967163928,21.10044361394211,21.115081787109375,68528000,21.993351237549746
2008-06-12 00:00:00+00:00,21.986031360368447,21.22486318304735,21.54689598083496,61131700,21.261457216353104
2008-06-13 00:00:00+00:00,21.883572114259454,21.254145897689515,21.795745849609375,51467700,21.795745849609375
2008-06-16 00:00:00+00:00,22.512996594635045,21.55421852908603,22.190963745117188,45187700,21.7152342558584
2008-06-17 00:00:00+00:00,22.608141755914918,21.34928811186383,21.40052032470703,44534100,22.48372006930725
2008-06-18 00:00:00+00:00,21.1882740858903,20.492976123317042,20.763776779174805,73024600,21.115084606255238
2008-06-19 00:00:00+00:00,20.836968068356033,19.746448981547214,20.595443725585938,104447300,20.82964897966925
2008-06-20 00:00:00+00:00,20.566168299715216,19.72449266347934,19.83427619934082,89929700,19.987972870352213
2008-06-23 00:00:00+00:00,19.951384063229394,18.904777861485147,18.94137191772461,69725400,19.892832735661997
2008-06-24 00:00:00+00:00,19.643979282170374,18.69983803349171,19.48296356201172,74750100,19.007232696320454
2008-06-25 00:00:00+00:00,20.449065299787154,19.28535676988544,19.475648880004883,72567600,19.680577770923232
2008-06-26 00:00:00+00:00,18.941371506730214,18.09969566772162,18.158246994018555,96150100,18.941371506730214
2008-06-27 00:00:00+00:00,18.619329354756285,17.748377648356275,17.997220993041992,83313400,18.297296544697193
2008-06-30 00:00:00+00:00,18.326574216253142,16.423654958620684,17.470260620117188,79478800,18.10700580423418
2008-07-01 00:00:00+00:00,17.733752126355263,16.59200039837667,17.42635726928711,105853900,17.06041107734759
2008-07-02 00:00:00+00:00,17.777658215026946,16.49684715270996,16.49684715270996,76056000,17.602002898024136
2008-07-03 00:00:00+00:00,16.745684499026293,15.896690085731437,16.394376754760742,46598700,16.650539175110872
2008-07-07 00:00:00+00:00,16.796914686774596,15.442914793745075,15.757628440856934,98083400,16.54807140282441
2008-07-08 00:00:00+00:00,17.3238860508445,15.457561755526035,17.228740692138672,104967400,15.779593274202227
2008-07-09 00:00:00+00:00,17.56541138164932,16.00648173575627,16.145540237426758,97149900,17.265335715557352
2008-07-10 00:00:00+00:00,16.97990194949151,15.5746686750786,16.3651123046875,112748800,15.823512169212307
2008-07-11 00:00:00+00:00,16.44561580430331,15.252632236058485,15.860102653503418,133737500,15.596621037656735
2008-07-14 00:00:00+00:00,16.78960821158904,14.674438709499126,14.747628211975098,102861100,16.68714234973322
2008-07-15 00:00:00+00:00,14.835454957542387,13.496092311891887,13.554643630981445,186221000,14.308491689762807
2008-07-16 00:00:00+00:00,16.774964421568946,13.935224122226794,16.591991424560547,191122800,14.235299725642713
2008-07-17 00:00:00+00:00,19.395137786865234,17.419028850191577,19.395137786865234,189147600,17.528813765763704
2008-07-18 00:00:00+00:00,20.48565498037838,18.736433712067633,20.119709014892578,157811600,20.097751754413125
2008-07-21 00:00:00+00:00,22.615467423602176,20.639359432786556,20.90283966064453,163781600,22.183650938311022
2008-07-22 00:00:00+00:00,24.474468747237527,19.907463993305623,23.676706314086914,139814700,20.383193538842423
2008-07-23 00:00:00+00:00,25.07461555815168,23.23756809617053,24.474464416503906,159601900,23.457135110343557
2008-07-24 00:00:00+00:00,24.884328516157435,22.308068287686382,22.4251708984375,120641100,24.642802811013368
2008-07-25 00:00:00+00:00,22.754527530588323,21.2321918826211,21.649370193481445,89735800,22.395900537112347
2008-07-28 00:00:00+00:00,22.388581532320927,20.44906756618369,20.536893844604492,73281800,21.47371632225869
2008-07-29 00:00:00+00:00,23.58156394958496,20.34659947144627,23.58156394958496,109271100,20.61008106962325
2008-07-30 00:00:00+00:00,25.250273730912326,23.413224662972645,24.59889030456543,119467100,24.43055548139291
2008-07-31 00:00:00+00:00,24.76723180339285,23.508376344078815,24.079254150390625,66288700,23.954831026367962
2008-08-01 00:00:00+00:00,24.518385082966514,23.36931472183696,24.393964767456055,58692700,24.298818013747212
2008-08-04 00:00:00+00:00,24.591569056872075,23.200975990077467,23.87431526184082,59095000,23.859677087418188
2008-08-05 00:00:00+00:00,25.03070901738349,24.189032031369653,24.576936721801758,74277800,24.357366870183093
2008-08-06 00:00:00+00:00,24.869690512555643,23.581561785398293,24.481788635253906,55622800,24.16707484319709
2008-08-07 00:00:00+00:00,24.547654908429223,22.798432324412488,23.069232940673828,77877400,23.976777329944017
2008-08-08 00:00:00+00:00,23.969467414441958,22.52032132258719,23.6035213470459,61163900,22.666698911961536
2008-08-11 00:00:00+00:00,24.869689419693298,23.43518179313698,24.43055534362793,63158700,23.552284399550835
2008-08-12 00:00:00+00:00,24.152440968232195,22.571554034716694,22.783802032470703,59264100,24.12316461214282
2008-08-13 00:00:00+00:00,22.432488059939622,20.85892064160933,21.12240219116211,98225700,22.30806637220338
2008-08-14 00:00:00+00:00,22.315389034614878,20.95406933844572,22.088502883911133,64682500,21.180956885122807
2008-08-15 00:00:00+00:00,23.05460071117387,22.1470546919651,22.469087600708008,55464900,22.322708625104855
2008-08-18 00:00:00+00:00,22.54959622245734,21.444438934326172,21.444438934326172,59555500,22.47640672997693
2008-08-19 00:00:00+00:00,21.224867709952864,20.310002722454893,20.55152702331543,71296800,21.1955913602858
2008-08-20 00:00:00+00:00,21.51763144897899,20.28805226972756,21.437124252319336,63148100,20.712549710566872
2008-08-21 00:00:00+00:00,21.481032728816103,20.478339969579945,21.254146575927734,49905900,20.9687077167731
2008-08-22 00:00:00+00:00,22.271477441240506,21.429801782197682,22.11046028137207,55439800,21.942125428758192
2008-08-25 00:00:00+00:00,21.993359276509008,21.115089505045606,21.19559669494629,41479400,21.91285208660832
2008-08-26 00:00:00+00:00,21.58349449867684,20.822327559176266,21.239505767822266,43496300,21.261461633978467
2008-08-27 00:00:00+00:00,21.83966339419984,21.071177141374527,21.700603485107422,39123300,21.349295563585773
2008-08-28 00:00:00+00:00,23.003374099731445,21.81038892668829,23.003374099731445,64508600,22.095827859144382
2008-08-29 00:00:00+00:00,23.03996203739944,22.483723896469392,22.791118621826172,40830800,22.68133509047875
2008-09-02 00:00:00+00:00,24.25490127778185,23.46445934207283,23.881637573242188,70626400,23.954825659011846
2008-09-03 00:00:00+00:00,24.628171895001906,23.553160502100884,24.60577392578125,71778400,24.04587310791291
2008-09-04 00:00:00+00:00,24.48633512890567,22.769306061073927,22.84395980834961,70001300,24.322099447922398
2008-09-05 00:00:00+00:00,24.105599369029594,22.26165826716818,24.060806274414062,85388200,22.455757405464198
2008-09-08 00:00:00+00:00,26.65128444092596,24.971581675923943,25.92714500427246,164205500,26.32280741095364
2008-09-09 00:00:00+00:00,26.203365454336303,24.113068973706685,24.277307510375977,107012300,25.60613829527123
2008-09-10 00:00:00+00:00,24.90438786592358,23.29187368708406,24.187715530395508,88138200,24.61323990760297
2008-09-11 00:00:00+00:00,24.807344697155372,22.672256685233112,24.680435180664062,93465600,23.112710794230733
2008-09-12 00:00:00+00:00,25.680786745118162,23.96375519670737,25.188074111938477,79018300,24.09813162828392
2008-09-15 00:00:00+00:00,22.478147169340446,19.820484161376953,19.820484161376953,275947400,21.0746619540966
2008-09-16 00:00:00+00:00,22.209406149731066,18.66336651237905,22.06009864807129,174575700,18.685763064798575
2008-09-17 00:00:00+00:00,21.94811345265942,19.798094774284035,20.30573844909668,174479800,21.365817468881463
2008-09-18 00:00:00+00:00,23.963752637762923,20.051914052131423,22.829021453857422,225157700,20.992547548821197
2008-09-19 00:00:00+00:00,29.48811810335448,25.68825669460501,27.980117797851562,169634200,28.77144553672051
2008-09-22 00:00:00+00:00,26.867769511692455,25.382165067919484,25.4941463470459,64641500,26.85283848462212
2008-09-23 00:00:00+00:00,26.464656588105036,23.889111215611162,24.85960578918457,54546200,25.68079569590359
2008-09-24 00:00:00+00:00,25.815157488075094,24.635631925890365,24.687889099121094,46292200,25.210463679230756
2008-09-25 00:00:00+00:00,26.501972860043004,25.023834997191038,25.658388137817383,60479300,25.43442837334943
2008-09-26 00:00:00+00:00,27.995044661580753,24.85213499771339,27.397817611694336,71964400,25.203004287632353
2008-09-29 00:00:00+00:00,27.397807074495695,22.582660675048828,22.582660675048828,102415400,27.397807074495695
2008-09-30 00:00:00+00:00,26.449708299396608,23.77711578236932,26.128698348999023,79197200,24.187710467908513
2008-10-01 00:00:00+00:00,28.74156797359145,25.54640236730445,28.465351104736328,77465900,25.807688209761714
2008-10-02 00:00:00+00:00,28.696780882657855,27.106664684799092,27.15145492553711,60475000,28.24886138846155
2008-10-03 00:00:00+00:00,28.741584432538883,25.39710949485262,25.740514755249023,71040700,28.263802705412807
2008-10-06 00:00:00+00:00,25.001443971011106,22.978334548416825,24.0533447265625,82372200,23.72486911748155
2008-10-07 00:00:00+00:00,22.575197505713255,17.745121002197266,17.745121002197266,143285000,22.134742146127117
2008-10-08 00:00:00+00:00,17.69286041439195,14.938148925934776,16.49840545654297,322727700,15.19197065787397
2008-10-09 00:00:00+00:00,17.91682424398595,14.564885212541729,14.654468536376953,197845600,17.41664617688529
2008-10-10 00:00:00+00:00,16.535737621492036,14.176688896405482,15.580174446105957,212897700,14.482767904009016
2008-10-13 00:00:00+00:00,18.148246398987496,16.1624654976043,17.01351547241211,169776400,17.752584175657645
2008-10-14 00:00:00+00:00,20.313209205176854,18.663368144661714,19.805566787719727,213923300,19.730913030360682
2008-10-15 00:00:00+00:00,19.469619776907624,17.618214551620152,17.782451629638672,118298900,18.96197608715748
2008-10-16 00:00:00+00:00,18.678296112755167,16.50588053147688,18.103464126586914,132357000,18.22290954918009
2008-10-17 00:00:00+00:00,18.499122314789602,17.28973600144736,17.349458694458008,113718000,17.57341986117392
2008-10-20 00:00:00+00:00,18.25277215040959,17.177761891740715,18.215444564819336,84862900,17.85710828656364
2008-10-21 00:00:00+00:00,18.603632505055188,17.692861284646668,17.894424438476562,75498200,17.87949483649357
2008-10-22 00:00:00+00:00,18.20797375827729,16.169935165859574,16.91646957397461,99175000,17.498766924908836
2008-10-23 00:00:00+00:00,17.31959935628781,16.095281922076538,17.170291900634766,97334900,16.856747382884507
2008-10-24 00:00:00+00:00,16.625328707152256,15.296496380877127,15.729486465454102,106422900,15.296496380877127
2008-10-27 00:00:00+00:00,16.27444772313028,15.296488155610469,15.326350212097168,73489800,15.580171996629215
2008-10-28 00:00:00+00:00,17.371862014220998,14.945624350466174,17.18522834777832,110456600,15.893723717731431
2008-10-29 00:00:00+00:00,17.774989414254012,16.498415860845807,16.66265296936035,110623200,17.170296753371275
2008-10-30 00:00:00+00:00,17.52862124558138,16.550661921982908,17.00604820251465,77086600,17.4017103849693
2008-10-31 00:00:00+00:00,18.043746948242188,16.68505378168753,18.043746948242188,134621200,16.68505378168753
2008-11-03 00:00:00+00:00,17.961620611709503,17.24494813766001,17.625680923461914,59182300,17.894432389279658
2008-11-04 00:00:00+00:00,18.37967867727326,17.521162925708143,18.312490463256836,89542600,17.939223240455117
2008-11-05 00:00:00+00:00,18.17812819622762,16.095294786966406,16.237136840820312,88416800,17.99895996057653
2008-11-06 00:00:00+00:00,16.65518362631546,14.900827337108062,15.02027416229248,118548800,16.140075867245944
2008-11-07 00:00:00+00:00,15.48311559346629,14.893354450875146,15.29648208618164,82003200,15.259155954284976
2008-11-10 00:00:00+00:00,15.78174322527975,14.221485576214315,14.542495727539062,79599800,15.714554987844245
2008-11-11 00:00:00+00:00,14.430508843340645,13.62425180705715,13.952727317810059,103837200,14.296132433309852
2008-11-12 00:00:00+00:00,14.064707221456047,12.691083908081055,12.691083908081055,101948600,13.69890556203245
2008-11-13 00:00:00+00:00,12.989702118646179,11.108435244226454,12.765742301940918,197772100,12.810533980501614
2008-11-14 00:00:00+00:00,13.467479035007582,12.093855851981052,12.258092880249023,124550600,12.571637333415973
2008-11-17 00:00:00+00:00,12.15358306733126,11.18308729154403,11.220414161682129,130129600,12.10132445240676
2008-11-18 00:00:00+00:00,11.735523802660657,10.854612770007437,11.339859962463379,149127600,11.324929641070552
2008-11-19 00:00:00+00:00,11.18308067464692,9.652686312058691,9.749735832214355,173059700,11.056170530389954
2008-11-20 00:00:00+00:00,9.88411964114348,8.211882019042969,8.398515701293945,196136500,9.563110191798478
2008-11-21 00:00:00+00:00,9.077858291147036,7.472809598059125,8.562749862670898,229691500,9.01813559543823
2008-11-24 00:00:00+00:00,11.086034433772001,9.279421404387667,10.891935348510742,197880500,9.398866776255957
2008-11-25 00:00:00+00:00,11.571285833264868,10.384295753230724,11.048711776733398,145943000,11.369721157658686
2008-11-26 00:00:00+00:00,11.5414216348438,10.264847806437864,11.519025802612305,118890800,10.69037217858962
2008-11-28 00:00:00+00:00,12.235699905163179,11.504096442531312,12.131185531616211,52660100,11.519027474152749
2008-12-01 00:00:00+00:00,11.645936571025638,9.53324434015641,9.59296703338623,127347400,11.638471056384246
2008-12-02 00:00:00+00:00,10.966591035701061,9.637759880306106,10.727700233459473,136087200,10.048353980621897
2008-12-03 00:00:00+00:00,11.590502396079605,10.22376995670238,11.491242408752441,128501000,10.460466233418758
2008-12-04 00:00:00+00:00,11.727935021016362,10.636076957906699,10.949127197265625,107562100,11.254541887331392
2008-12-05 00:00:00+00:00,11.804289020483374,10.498639950268762,11.636310577392578,140156600,10.613170276641634
2008-12-08 00:00:00+00:00,13.743672552718838,12.254774110308185,13.621506690979004,164101500,12.3616703315795
2008-12-09 00:00:00+00:00,13.697859205916009,12.903779735969906,12.941957473754883,116333600,13.285548375828967
2008-12-10 00:00:00+00:00,13.255008801105188,12.25477382864336,12.743438720703125,88454000,13.186290323414468
2008-12-11 00:00:00+00:00,12.499105429062585,11.323257364479922,11.384340286254883,107442900,12.468563240009239
2008-12-12 00:00:00+00:00,11.521782137095222,10.613172013980847,11.399616241455078,119512500,10.773514934050079
2008-12-15 00:00:00+00:00,11.52941544692925,10.613169951363615,10.773512840270996,81959400,11.491238429919676
2008-12-16 00:00:00+00:00,11.605766514393558,10.315388831138842,11.529413223266602,183131000,10.826958867169607
2008-12-17 00:00:00+00:00,11.750838295950265,11.071289895403062,11.162914276123047,96214400,11.315621577323023
2008-12-18 00:00:00+00:00,11.537051039731537,10.620806211026858,10.65898323059082,102574800,11.338531848697881
2008-12-19 00:00:00+00:00,10.972035674853569,10.384112077374759,10.536819458007812,104069400,10.742974239820876
2008-12-22 00:00:00+00:00,10.697158163213247,10.08632815385681,10.330659866333008,72654800,10.613168590925099
2008-12-23 00:00:00+00:00,10.368839705313269,9.712197684929718,9.735103607177734,68454600,10.254309365907044
2008-12-24 00:00:00+00:00,10.353566510502107,9.727465405032936,10.330659866333008,38022300,9.735100953089303
2008-12-26 00:00:00+00:00,10.536815922661852,10.147411686577042,10.200859069824219,43646200,10.429920428001516
2008-12-29 00:00:00+00:00,10.483371238634694,9.681657315154402,9.880176544189453,62741300,10.361205335177361
2008-12-30 00:00:00+00:00,10.109232902526855,9.666381360717718,10.109232902526855,72897800,9.994702607570161
2008-12-31 00:00:00+00:00,10.781149916514684,9.925987963925643,10.750608444213867,113351000,9.994706458644018
2009-01-02 00:00:00+00:00,11.124742841268125,10.468100753107212,10.94149398803711,86580700,10.628443681725905
2009-01-05 00:00:00+00:00,11.10946932353317,10.605534755681383,10.6742525100708,93640500,10.979667907187588
2009-01-06 00:00:00+00:00,11.307989963543221,10.742971696704803,10.903314590454102,111015400,10.895679769354462
2009-01-07 00:00:00+00:00,10.788782467179212,10.391742709485774,10.468096733093262,112810000,10.77351137119134
2009-01-08 00:00:00+00:00,10.681885635911616,10.193222276431701,10.33829402923584,93943500,10.552084249008303
2009-01-09 00:00:00+00:00,10.521549768721906,9.887813507870346,9.918354988098145,74813700,10.445196432235573
2009-01-12 00:00:00+00:00,9.849634567456233,8.643245239912483,8.727234840393066,122567000,9.81909309314498
2009-01-13 00:00:00+00:00,8.589797596274993,7.986602949752107,8.131674766540527,242917900,8.54398502203508
2009-01-14 00:00:00+00:00,8.001870452852398,7.704091375660532,7.788080215454102,166801200,7.704091375660532
2009-01-15 00:00:00+00:00,7.421582801255233,5.6119991134653535,6.352630138397217,552512600,7.406311705650472
2009-01-16 00:00:00+00:00,7.116168742937867,5.344762106400968,5.482198715209961,494599400,6.864201444746534
2009-01-20 00:00:00+00:00,4.962992386967386,3.855863461661688,3.894040107727051,413433500,4.94772165572465
2009-01-21 00:00:00+00:00,5.253137228391305,4.092560432731179,5.100429534912109,438488400,4.229997029187762
2009-01-22 00:00:00+00:00,4.8866387282928105,4.199455094549877,4.359797954559326,362515000,4.863732449398767
2009-01-23 00:00:00+00:00,4.795015270738697,4.046748566950643,4.7644734382629395,301305600,4.100195954596418
2009-01-26 00:00:00+00:00,5.329490005433476,4.581223487854004,4.581223487854004,267222800,4.932450651049446
2009-01-27 00:00:00+00:00,5.046981391880168,4.733930867620844,4.962992191314697,190621000,4.81028488490742
2009-01-28 00:00:00+00:00,5.963225166116794,5.4211137542804595,5.6425395011901855,357522100,5.833423790876701
2009-01-29 00:00:00+00:00,5.497470472442646,5.1233372301390325,5.176784992218018,175314200,5.314221626600001
2009-01-30 00:00:00+00:00,5.283678313464061,4.848461909927409,5.024075508117676,220955000,5.253136849786012
2009-02-02 00:00:00+00:00,5.0851579550114065,4.443786914288239,4.581223487854004,291276500,4.733930791815965
2009-02-03 00:00:00+00:00,4.703389475812098,3.9627584826727027,4.04674768447876,355724700,4.703389475812098
2009-02-04 00:00:00+00:00,4.229998894438784,3.527544141297356,3.5886270999908447,610037800,4.1765511235404045
2009-02-05 00:00:00+00:00,3.7871464937930153,2.878536713620589,3.6955220699310303,757557100,3.481731383503302
2009-02-06 00:00:00+00:00,4.955358503232853,4.092561352180707,4.680485248565674,725522500,4.115467274694768
2009-02-09 00:00:00+00:00,5.3829404031959065,4.817922371234905,5.2607741355896,461430100,5.016442328543209
2009-02-10 00:00:00+00:00,5.260773725871351,4.184185874711957,4.245268821716309,608904400,5.230232252369176
2009-02-11 00:00:00+00:00,4.688118585414459,4.359797700920177,4.634671211242676,396772000,4.428516169521535
2009-02-12 00:00:00+00:00,4.52014352856536,4.0849268809282115,4.481966495513916,370215500,4.367435760442754
2009-02-13 00:00:00+00:00,4.481963458634498,4.237631777725149,4.252902507781982,239879500,4.33689134105311
2009-02-17 00:00:00+00:00,3.970393989464507,3.718426727605813,3.7413330078125,278175000,3.871134412790123
2009-02-18 00:00:00+00:00,3.978029345741802,3.4435533835764014,3.489365577697754,327604800,3.939852335265864
2009-02-19 00:00:00+00:00,3.573354747699132,2.9472541575189157,3.000701904296875,406830800,3.0999616673788815
2009-02-20 00:00:00+00:00,3.122867802623393,1.931749427024364,2.8938064575195312,840283700,2.7563696868655114
2009-02-23 00:00:00+00:00,3.4206477191686835,2.9167129471516997,2.985431432723999,511845600,3.2755755630066186
2009-02-24 00:00:00+00:00,3.626802467133268,2.9472541352984623,3.6115317344665527,510482600,3.0770557270485286
2009-02-25 00:00:00+00:00,4.199455028710033,3.2068564217453925,3.939852237701416,593460500,3.6726142632364573
2009-02-26 00:00:00+00:00,4.497234403964313,3.9016755391567233,4.062018394470215,449243000,4.283444172934952
2009-02-27 00:00:00+00:00,3.7336967102676337,3.0159718990325928,3.0159718990325928,476468300,3.2450330167476675
2009-03-02 00:00:00+00:00,2.9930665887258,2.4967672187645227,2.7716407775878906,437894200,2.7563698625052613
2009-03-03 00:00:00+00:00,3.1152332268084435,2.7258290734573882,2.786912202835083,347261200,3.0159734373871965
2009-03-04 00:00:00+00:00,3.0855094622488233,2.587846598649562,2.7486298084259033,262493200,2.587846598649562
2009-03-05 00:00:00+00:00,2.6873785564167156,2.388780857907485,2.427062749862671,282814100,2.6031587957068036
2009-03-06 00:00:00+00:00,2.7103486776952854,2.296905683815213,2.404094696044922,281698600,2.5189398707106845
2009-03-09 00:00:00+00:00,2.8864443461297014,2.450032385141139,2.871131658554077,298867900,2.465345072716764
2009-03-10 00:00:00+00:00,3.6750485415210496,3.215667200018476,3.6673920154571533,419616900,3.3305125353941194
2009-03-11 00:00:00+00:00,4.210990705157067,3.4530125534686644,3.774578809738159,451780400,4.057863916457308
2009-03-12 00:00:00+00:00,4.586153606457801,3.705673623240174,4.478964805603027,544222900,3.7669243665857595
2009-03-13 00:00:00+00:00,4.938343743944546,4.325836193694824,4.410056114196777,568457500,4.785216947652885
2009-03-16 00:00:00+00:00,5.32116252033217,4.616778704260139,4.731623649597168,537893100,4.762249017031466
2009-03-17 00:00:00+00:00,4.8694381697840425,4.440682660475467,4.800530910491943,429150400,4.6474040732685875
2009-03-18 00:00:00+00:00,5.8724188804626465,4.762248219173982,5.8724188804626465,664772200,4.8694373523189505
2009-03-19 00:00:00+00:00,6.561491824255549,5.221630917303718,5.305850505828857,622301500,6.454303389799271
2009-03-20 00:00:00+00:00,5.351786867130286,4.578495939263362,4.739279270172119,572920000,5.33647418633341
2009-03-23 00:00:00+00:00,6.040859814271515,5.282881368810583,5.97195291519165,569334700,5.642729644264285
2009-03-24 00:00:00+00:00,6.117421301995073,5.413037658845572,5.5278825759887695,524215100,5.604446340861685
2009-03-25 00:00:00+00:00,6.1174231905245176,5.328819381612238,5.895389080047607,620457600,5.948983658987387
2009-03-26 00:00:00+00:00,6.094454428098683,5.466633617385883,5.803513050079346,479338200,6.033203688533182
2009-03-27 00:00:00+00:00,5.926014696622091,5.4589776116995985,5.619760990142822,383537100,5.512571827791862
2009-03-30 00:00:00+00:00,5.168035313151129,4.609121849866273,4.616778373718262,486926900,5.12975342405749
2009-03-31 00:00:00+00:00,5.2752233417756695,4.785217202466381,5.2216291427612305,422256900,4.869437127453057
2009-04-01 00:00:00+00:00,5.527884658776023,4.930689550322095,5.397727012634277,421386100,4.938345710644208
2009-04-02 00:00:00+00:00,6.025548323208169,5.413040444588183,5.543198108673096,512639600,6.010235635369751
2009-04-03 00:00:00+00:00,5.826481291781425,5.091471808964285,5.818824768066406,348608900,5.42835118567907
2009-04-06 00:00:00+00:00,5.849452146392183,5.46663459085452,5.726950645446777,290223200,5.543198028945398
2009-04-07 00:00:00+00:00,5.803511726688118,5.520226938254304,5.635072231292725,264002200,5.527883096412533
2009-04-08 00:00:00+00:00,5.7805459834238855,5.290539186003637,5.405384540557861,309546200,5.734607549535541
2009-04-09 00:00:00+00:00,7.541503475990541,6.1250787280601235,7.311812877655029,1029694600,6.239923662144737
2009-04-13 00:00:00+00:00,8.513862805519683,7.013217877881925,8.437299728393555,687385400,7.196970139184529
2009-04-14 00:00:00+00:00,8.866057221401316,7.702291878694399,7.7252607345581055,666610100,8.559803375996012
2009-04-15 00:00:00+00:00,8.054479902340608,7.097436229353352,7.993228435516357,556590300,7.411346437266552
2009-04-16 00:00:00+00:00,8.34542222807584,7.855416235484143,7.9166669845581055,383207300,8.337766432066488
2009-04-17 00:00:00+00:00,8.5980796332825,7.886039668094904,8.115730285644531,487364200,8.176981019635585
2009-04-20 00:00:00+00:00,7.5721324317673515,6.140394687652588,6.140394687652588,802467300,7.464943240328292
2009-04-21 00:00:00+00:00,6.837118645815974,5.359443324203753,6.706960678100586,867931700,5.520226653136514
2009-04-22 00:00:00+00:00,7.074467804972569,6.224613148131652,6.324145793914795,620909200,6.45430381300302
2009-04-23 00:00:00+00:00,6.829462465046202,6.3011740448776905,6.752898693084717,561041900,6.576803039806042
2009-04-24 00:00:00+00:00,7.2505653151430804,6.661025879632884,6.967280387878418,589862000,6.936655010070525
2009-04-27 00:00:00+00:00,7.112749305306153,6.622742629734905,6.829464435577393,332356100,6.6303991551734685
2009-04-28 00:00:00+00:00,6.645712995828906,6.1250808867978,6.239925861358643,467568100,6.155706262025127
2009-04-29 00:00:00+00:00,6.768214836371701,6.400709585035576,6.6457133293151855,457954600,6.484929918761864
2009-04-30 00:00:00+00:00,7.089778531938433,6.737586489332072,6.837119102478027,343739500,6.98258939543519
2009-05-01 00:00:00+00:00,6.906026791813343,6.546178202951395,6.661023139953613,299754800,6.729930394221465
2009-05-04 00:00:00+00:00,8.000886550568445,6.752901265296706,7.947292327880859,582512600,6.806496218150814
2009-05-05 00:00:00+00:00,8.513862845804745,7.73291536649018,8.299485206604004,550673100,7.863073401403704
2009-05-06 00:00:00+00:00,9.838413163769511,8.812461821411185,9.715910911560059,924590100,9.13402868185683
2009-05-07 00:00:00+00:00,11.538117081980223,9.784813285519949,10.343727111816406,946806700,11.293114160955092
2009-05-08 00:00:00+00:00,11.193584237716356,10.374354975602879,10.849048614501953,681310400,10.894986308175087
2009-05-11 00:00:00+00:00,10.680611816624785,9.907320022583008,9.907320022583008,411170100,10.412639911575669
2009-05-12 00:00:00+00:00,10.16763476574753,9.279498093009032,9.386687278747559,412128100,10.129352861543302
2009-05-13 00:00:00+00:00,9.149338319297746,8.429641723632812,8.429641723632812,391486200,9.134025998623915
2009-05-14 00:00:00+00:00,8.858394871662027,8.123385395514784,8.659330368041992,440641900,8.284168741239691
2009-05-15 00:00:00+00:00,8.904336526040602,8.100419504655473,8.169326782226562,324124400,8.682302370626285
2009-05-18 00:00:00+00:00,9.264182502893444,8.820114323101825,8.980896949768066,553623400,8.843083165458955
2009-05-19 00:00:00+00:00,9.371376411674039,8.613397598266602,8.613397598266602,506343300,9.14934219168095
2009-05-20 00:00:00+00:00,9.371374116787552,8.58277011201946,8.797147750854492,1197984500,9.095745723999652
2009-05-21 00:00:00+00:00,9.164653075349063,8.575113651302278,8.735897064208984,587487600,8.766522441421376
2009-05-22 00:00:00+00:00,8.919650516669844,8.230579072439276,8.475582122802734,502447400,8.881369337675567
2009-05-26 00:00:00+00:00,8.628706363770165,8.276514252388395,8.406671524047852,495077300,8.345420785561144
2009-05-27 00:00:00+00:00,8.835427026333031,8.353076934814453,8.353076934814453,539898200,8.666987137985346
2009-05-28 00:00:00+00:00,8.651676177978516,8.092762213927344,8.651676177978516,464520100,8.353078246759411
2009-05-29 00:00:00+00:00,8.804802634273447,8.399016282531797,8.628706932067871,370618000,8.79714610891674
2009-06-01 00:00:00+00:00,8.996212313594317,8.582769393920898,8.582769393920898,350813400,8.735896265991327
2009-06-02 00:00:00+00:00,8.881368153592788,8.498550573354592,8.735897064208984,311852000,8.567457124457533
2009-06-03 00:00:00+00:00,8.843179820386634,8.53665741428246,8.590298652648926,236543800,8.712907615090595
2009-06-04 00:00:00+00:00,9.096061706542969,8.582636087662166,9.096061706542969,316481900,8.712908303247273
2009-06-05 00:00:00+00:00,9.44855839843569,9.088394165039062,9.088394165039062,369767900,9.379590701529231
2009-06-08 00:00:00+00:00,9.333612028484156,8.93513235641569,9.241655349731445,246762300,9.019426526710715
2009-06-09 00:00:00+00:00,9.310622310690938,9.142035431714328,9.241655349731445,203171000,9.302959802233254
2009-06-10 00:00:00+00:00,9.463889229859562,9.142040316839088,9.180355072021484,328393900,9.28763828663068
2009-06-11 00:00:00+00:00,10.130572955526276,9.34127667038712,9.938996315002441,530063800,9.348939911401727
2009-06-12 00:00:00+00:00,10.674653546489733,10.13823822251585,10.513729095458984,448295800,10.19188019339749
2009-06-15 00:00:00+00:00,10.490737722924646,10.084595402819097,10.21486759185791,345381600,10.437096491252301
2009-06-16 00:00:00+00:00,10.268507582645071,9.747419620267026,9.755082130432129,370863900,10.268507582645071
2009-06-17 00:00:00+00:00,9.778077457902706,9.211010455470705,9.425576210021973,444130500,9.6248162046518
2009-06-18 00:00:00+00:00,9.923673344574992,9.45622643937605,9.885357856750488,341091800,9.502204440119739
2009-06-19 00:00:00+00:00,10.230194179645668,9.831714366580574,10.130574226379395,433963600,10.03861751508906
2009-06-22 00:00:00+00:00,10.000304055978656,9.149703025817871,9.149703025817871,433445300,9.870031839301909
2009-06-23 00:00:00+00:00,9.532856490674103,9.142040569058832,9.371932029724121,358378200,9.279975299296579
2009-06-24 00:00:00+00:00,9.70910118994695,9.333611266332941,9.463883399963379,334262900,9.540513593929914
2009-06-25 00:00:00+00:00,9.47154590779537,9.203339132702503,9.463883399963379,330425500,9.264643580198397
2009-06-26 00:00:00+00:00,9.793400490277218,9.402584586034852,9.770411491394043,341830600,9.456225827031291
2009-06-29 00:00:00+00:00,10.107583999633789,9.594159236404035,10.107583999633789,333302300,9.801061643853796
2009-06-30 00:00:00+00:00,10.329812411875004,9.916006885332974,10.115246772766113,306341500,10.161225489407187
2009-07-01 00:00:00+00:00,10.306825677175574,9.992640025512276,10.000303268432617,243363600,10.168890958644777
2009-07-02 00:00:00+00:00,10.000300840268766,9.670788782773306,9.686115264892578,215974600,9.801060957559562
2009-07-06 00:00:00+00:00,9.647799407803541,9.073069505646604,9.310624122619629,377832200,9.555842711155254
2009-07-07 00:00:00+00:00,9.479211765211584,9.157362961539151,9.310624122619629,275460100,9.310624122619629
2009-07-08 00:00:00+00:00,9.417909349961189,8.636276892976987,9.073071479797363,570440000,9.341278387343884
2009-07-09 00:00:00+00:00,9.387256039240071,9.073070443835432,9.172690391540527,273316500,9.272310339245621
2009-07-10 00:00:00+00:00,9.165028002474491,8.873831373821794,9.103723526000977,212285000,9.096060283740036
2009-07-13 00:00:00+00:00,9.954326629638672,9.402586178173733,9.954326629638672,392441900,9.479216431029142
2009-07-14 00:00:00+00:00,10.138233684438575,9.801059177913476,9.89301586151123,272335100,10.122907935908996
2009-07-15 00:00:00+00:00,10.437098532317941,10.038619376184359,10.28383731842041,371943700,10.13823861711242
2009-07-16 00:00:00+00:00,10.291500299102049,9.977314635930666,10.092260360717773,308208800,10.115249359513776
2009-07-17 00:00:00+00:00,10.322150983564773,9.77807322210929,9.877693176269531,457023600,10.153563312616136
2009-07-20 00:00:00+00:00,9.854698906418207,9.287632411093579,9.379589080810547,381163700,9.831709921690628
2009-07-21 00:00:00+00:00,9.502204447868944,9.142040762123465,9.341279983520508,258512200,9.41024771549943
2009-07-22 00:00:00+00:00,9.56350873414995,9.142040569058832,9.371932029724121,247974800,9.165029568963934
2009-07-23 00:00:00+00:00,9.87003261407941,9.348943706467995,9.724433898925781,285591600,9.463890175927258
2009-07-24 00:00:00+00:00,9.793399742590328,9.40258386818519,9.58649730682373,187107000,9.678454026143001
2009-07-27 00:00:00+00:00,10.06160851150418,9.586498376599318,10.030956268310547,240525400,9.624813863293138
2009-07-28 00:00:00+00:00,10.291499997512894,9.89302013242167,10.222532272338867,241532500,9.92367237352045
2009-07-29 00:00:00+00:00,10.536717147684364,10.145900554449295,10.360466957092285,258773100,10.145900554449295
2009-07-30 00:00:00+00:00,10.835577300552185,10.567369655816952,10.705305099487305,288316600,10.628674135046655
2009-07-31 00:00:00+00:00,11.333677291870117,10.74362144895209,11.333677291870117,375052000,10.804925933130402
2009-08-03 00:00:00+00:00,11.969710732348545,11.356665217682893,11.739818572998047,468196400,11.678514094612185
2009-08-04 00:00:00+00:00,12.245580509725636,11.53291578763328,11.985036849975586,364961500,11.640198256116536
2009-08-05 00:00:00+00:00,12.889275337722454,12.138295304434289,12.766666412353516,488503800,12.283893951415035
2009-08-06 00:00:00+00:00,13.295421328093012,12.559766147630704,12.797322273254395,462678600,13.211127124703056
2009-08-07 00:00:00+00:00,13.134492357017015,12.46014331017569,12.582752227783203,381728400,13.011883439409502
2009-08-10 00:00:00+00:00,12.942919476014445,12.383515945278802,12.78199577331543,240548200,12.498461656008672
2009-08-11 00:00:00+00:00,12.91226645108517,12.107644378116634,12.145959854125977,326233600,12.79732075386406
2009-08-12 00:00:00+00:00,12.391179284816193,11.801122780393035,12.207265853881836,313761100,11.900742738184231
2009-08-13 00:00:00+00:00,13.02721118927002,12.437154802262846,13.02721118927002,337776700,12.76666684855552
2009-08-14 00:00:00+00:00,13.387377168785314,12.697701449346825,13.326072692871094,302461500,13.011887071108958
2009-08-17 00:00:00+00:00,12.935256593844144,12.567429724623336,12.690038681030273,309793300,12.674713657689946
2009-08-18 00:00:00+00:00,13.088519867178178,12.820312199329871,12.950584411621094,202882900,12.858628415659172
2009-08-19 00:00:00+00:00,13.050200583708842,12.66704732306504,12.835634231567383,198785800,12.72068854569698
2009-08-20 00:00:00+00:00,13.180473273281619,12.927592169696755,13.134493827819824,183804300,12.942917189903602
2009-08-21 00:00:00+00:00,13.486994096607328,13.264764519848569,13.37971019744873,236597200,13.37971019744873
2009-08-24 00:00:00+00:00,13.946779589563592,13.280092257756918,13.295418739318848,316639800,13.647919045560869
2009-08-25 00:00:00+00:00,13.793516776931119,13.448678272862388,13.601940155029297,238816800,13.456341513132097
2009-08-26 00:00:00+00:00,13.747540759483524,13.44101841300514,13.63259506225586,203846000,13.60960533816479
2009-08-27 00:00:00+00:00,13.778190045818846,13.479330988803477,13.73221206665039,176384900,13.601939907661762
2009-08-28 00:00:00+00:00,13.985096623971618,13.624933017918858,13.778193473815918,188061000,13.87015091664533
2009-08-31 00:00:00+00:00,13.716894348949168,13.372057092478089,13.479339599609375,159710500,13.464013109557895
2009-09-01 00:00:00+00:00,13.686233507260797,12.575088582898722,12.6134033203125,334738300,13.563624593600455
2009-09-02 00:00:00+00:00,12.828104144269469,12.283696347069151,12.47538948059082,229078300,12.383376132999299
2009-09-03 00:00:00+00:00,12.958453866006542,12.659413084195595,12.912447929382324,176555400,12.72075482052867
2009-09-04 00:00:00+00:00,13.22682278465755,12.973787972494623,13.10413932800293,173567100,13.08880353029556
2009-09-08 00:00:00+00:00,13.426187779594814,13.019797793917974,13.050469398498535,163026500,13.38784827386911
2009-09-09 00:00:00+00:00,13.188485080182586,12.966120395413931,13.065801620483398,155753700,13.050465822395449
2009-09-10 00:00:00+00:00,13.219156982390636,12.805100616136599,13.203821182250977,175319800,13.004460167942588
2009-09-11 00:00:00+00:00,13.257492400763024,12.996789728668647,13.012124061584473,139774800,13.219152912218588
2009-09-14 00:00:00+00:00,13.104144329285992,12.65941626355405,13.027466773986816,162371700,12.789767668811828
2009-09-15 00:00:00+00:00,13.165483111271056,12.851106521711195,12.874110221862793,158450100,13.027463835366259
2009-09-16 00:00:00+00:00,13.265159928614436,12.9047774816239,13.226821899414062,193950600,12.95078340916476
2009-09-17 00:00:00+00:00,13.610210602258578,13.188486351696573,13.502862930297852,212907800,13.272830324307568
2009-09-18 00:00:00+00:00,13.625548114939859,13.42618708301726,13.51819896697998,160550400,13.5948765119506
2009-09-21 00:00:00+00:00,13.372509042879203,13.173148073532714,13.226821899414062,127963900,13.334169551176762
2009-09-22 00:00:00+00:00,13.863245445096249,13.449189094317488,13.502862930297852,158650700,13.556536766278215
2009-09-23 00:00:00+00:00,13.847911219222443,13.410851119425935,13.418519020080566,197847500,13.617880049593493
2009-09-24 00:00:00+00:00,13.57187548179867,12.889446879491787,13.019798278808594,221414100,13.456858422840634
2009-09-25 00:00:00+00:00,13.09647551060503,12.65174747600906,12.728425025939941,161603900,12.99679571944672
2009-09-28 00:00:00+00:00,13.211489082320806,12.766761115787448,13.203821182250977,129240300,12.81276705370403
2009-09-29 00:00:00+00:00,13.44152240065545,13.088806291488384,13.157815933227539,124964600,13.318838918119724
2009-09-30 00:00:00+00:00,13.272829986512049,12.85110574668299,12.97378921508789,186120500,13.234491951073881
2009-10-01 00:00:00+00:00,13.157812792915077,12.406376276099914,12.429378509521484,247824500,13.004457745094703
2009-10-02 00:00:00+00:00,12.644079773923426,11.97698771152206,12.529064178466797,226303000,12.191683830958388
2009-10-05 00:00:00+00:00,13.012129189182671,12.690084671013325,13.004461288452148,155256700,12.782098017277077
2009-10-06 00:00:00+00:00,13.318836925782307,12.812765807896486,13.035130500793457,195927500,13.196151999096294
2009-10-07 00:00:00+00:00,13.303498268127441,13.065799290167215,13.303498268127441,153192000,13.09646941837082
2009-10-08 00:00:00+00:00,13.495191077442035,13.211484718575942,13.288162231445312,137567400,13.47218738483065
2009-10-09 00:00:00+00:00,13.456857060851222,13.211490089913008,13.418519020080566,87503400,13.288167633956826
2009-10-12 00:00:00+00:00,13.824910163879395,13.426188070702567,13.824910163879395,139972400,13.533535764056854
2009-10-13 00:00:00+00:00,13.801903793160726,13.403181777024406,13.656216621398926,150388900,13.75589785668418
2009-10-14 00:00:00+00:00,14.292638155408586,13.924587726407205,14.254300117492676,229813800,14.093277140740572
2009-10-15 00:00:00+00:00,14.645352458073477,13.709889237150636,13.878580093383789,212270200,14.054937386261884
2009-10-16 00:00:00+00:00,13.410849609635683,13.081137231117957,13.234492301940918,336814500,13.157814766529437
2009-10-19 00:00:00+00:00,13.44152240065545,13.142480132284954,13.157815933227539,155876100,13.242161375909278
2009-10-21 00:00:00+00:00,13.165486013609833,12.62107669002584,12.659416198730469,219344000,13.027466707278602
2009-10-22 00:00:00+00:00,12.782100300405482,12.306700607715214,12.667084693908691,235015400,12.690086937706377
2009-10-23 00:00:00+00:00,12.774433125853593,12.322037113698276,12.437052726745605,181905600,12.766765223316721
2009-10-26 00:00:00+00:00,12.4217160841288,11.5552622704351,11.808297157287598,376383000,12.39104447966057
2009-10-27 00:00:00+00:00,11.915643546913874,11.516922263097223,11.846633911132812,270531500,11.831298842765452
2009-10-28 00:00:00+00:00,11.84663596937649,11.501588461773544,11.509256362915039,213262400,11.831300898344802
2009-10-29 00:00:00+00:00,12.099668608946692,11.562928060039262,12.06132984161377,202946700,11.662608562604397
2009-10-30 00:00:00+00:00,12.061330588509911,11.118200802473117,11.179542541503906,307670900,12.038327619186166
2009-11-02 00:00:00+00:00,11.677947219336398,10.82682983300882,11.217884063720703,307863100,11.386574253072153
2009-11-03 00:00:00+00:00,11.447915660487775,10.895839159215564,11.348235130310059,188258700,10.926510035327833
2009-11-04 00:00:00+00:00,11.69328093292964,11.27155590057373,11.27155590057373,200076300,11.639607090516597
2009-11-05 00:00:00+00:00,11.624272695623583,11.286893067667418,11.601269721984863,156790200,11.432579542381108
2009-11-06 00:00:00+00:00,11.685612019719187,11.378903330717842,11.539925575256348,152297800,11.455580137342581
2009-11-09 00:00:00+00:00,12.13034090926216,11.608936098205897,12.092002868652344,170808600,11.723951682537848
2009-11-10 00:00:00+00:00,12.421714135992538,12.061330152523983,12.291362762451172,195721000,12.153343488995331
2009-11-11 00:00:00+00:00,12.743762126482746,12.421717553972272,12.598074913024902,184673700,12.444719797542668
2009-11-12 00:00:00+00:00,12.705418535925993,12.260690598858355,12.314364433288574,154405900,12.544397032635333
2009-11-13 00:00:00+00:00,12.414049017888171,12.153346212385689,12.253026008605957,125121900,12.329703562430693
2009-11-16 00:00:00+00:00,12.467722723696479,12.084336421476426,12.168681144714355,153962000,12.391045170751932
2009-11-17 00:00:00+00:00,12.13034090926216,11.953983582453002,12.092002868652344,110912100,12.122673739890947
2009-11-18 00:00:00+00:00,12.559734916324283,12.16868143449833,12.53673267364502,179789700,12.176349336225655
2009-11-19 00:00:00+00:00,12.628745153348396,12.29136623676122,12.329704284667969,158923100,12.452387792972901
2009-11-20 00:00:00+00:00,12.414047463044211,12.245357304508834,12.337369918823242,128329800,12.291363977291667
2009-11-23 00:00:00+00:00,12.628746240139252,12.398715007897422,12.490728378295898,138294900,12.483060475554117
2009-11-24 00:00:00+00:00,12.506054151686676,12.260687282095326,12.345032691955566,118077000,12.429376639313903
2009-11-25 00:00:00+00:00,12.475392097394824,12.19168555677213,12.230024337768555,97450200,12.429384682697403
2009-11-27 00:00:00+00:00,12.084331013313903,11.654938225245207,11.861967086791992,96712700,11.746950808848997
2009-11-30 00:00:00+00:00,12.184015024443779,11.91564436275401,12.15334415435791,129973500,11.953983133174152
2009-12-01 00:00:00+00:00,12.337370004331076,12.01532548637299,12.191682815551758,143216700,12.299031963206135
2009-12-02 00:00:00+00:00,12.145647804434278,11.923143861481533,12.00754165649414,130213100,12.137975078057279
2009-12-03 00:00:00+00:00,12.843849534032946,12.030559579859318,12.091939926147461,651715900,12.467894730090205
2009-12-04 00:00:00+00:00,12.58298606450104,11.984527162148296,12.49091625213623,1226791300,12.091943162759975
2009-12-07 00:00:00+00:00,12.498585269736212,12.145647191325091,12.191682815551758,291029100,12.467894365777484
2009-12-08 00:00:00+00:00,12.168668076749853,11.792713177538364,11.823403358459473,312296800,12.061252809381788
2009-12-09 00:00:00+00:00,11.946162258567302,11.700640848677171,11.808056831359863,199467800,11.854091729858503
2009-12-10 00:00:00+00:00,12.007540455887707,11.577878065697172,11.66994857788086,254946200,11.953832840041738
2009-12-11 00:00:00+00:00,12.045900826631307,11.669946131110981,11.992193222045898,194958400,11.754343899989657
2009-12-14 00:00:00+00:00,12.068918266923449,11.838742400579564,11.992193222045898,128586100,12.022883386339165
2009-12-15 00:00:00+00:00,11.900124125650738,11.62391188288648,11.65460205078125,190193100,11.854088507952921
2009-12-16 00:00:00+00:00,11.846418305753275,11.68529470706653,11.723657608032227,166373000,11.762020508997923
2009-12-17 00:00:00+00:00,11.785036652958146,11.37839170382182,11.401409149169922,268907300,11.715984316913838
2009-12-18 00:00:00+00:00,11.700639501140126,11.416755220721114,11.531843185424805,202871600,11.516498464929649
2009-12-21 00:00:00+00:00,11.846418305753275,11.662277259171702,11.723657608032227,153571100,11.669949985707136
2009-12-22 00:00:00+00:00,11.846419826018844,11.754349290912533,11.762022018432617,104061100,11.785039469281303
2009-12-23 00:00:00+00:00,11.869433957755968,11.62391188288648,11.65460205078125,102116100,11.861761232854445
2009-12-24 00:00:00+00:00,11.723658127320125,11.662277775740819,11.700640678405762,36611800,11.685295224655182
2009-12-28 00:00:00+00:00,11.823401399087444,11.623914890303293,11.731330871582031,102573300,11.746676325355354
2009-12-29 00:00:00+00:00,11.762018499132857,11.585550209241191,11.600894927978516,83089500,11.739001055171194
2009-12-30 00:00:00+00:00,11.585552512524568,11.48580925991262,11.56253433227539,86897900,11.53951688373771
2009-12-31 00:00:00+00:00,11.692966476501734,11.516498170899995,11.554861068725586,94322600,11.577878514736375
2010-01-04 00:00:00+00:00,12.084267476295054,11.600896689437874,12.03823184967041,180845200,11.6929672109757
2010-01-05 00:00:00+00:00,12.437201405036005,12.045901956521282,12.429530143737793,209521300,12.076592123693247
2010-01-06 00:00:00+00:00,12.690401106023637,12.299100797049741,12.575311660766602,205257900,12.437205497196627
2010-01-07 00:00:00+00:00,13.18911625735803,12.667382528366382,12.989629745483398,320868400,12.797815960614294
2010-01-08 00:00:00+00:00,13.120060740174896,12.759449955027572,12.874539375305176,220104700,13.027989496637367
2010-01-11 00:00:00+00:00,13.150752622330385,12.82850540521337,12.989629745483398,168991600,13.035664644093531
2010-01-12 00:00:00+00:00,12.851522795147034,12.406514900180353,12.55229377746582,223486800,12.828504615547345
2010-01-13 00:00:00+00:00,12.874542172731793,12.391170600120903,12.751781463623047,192609900,12.606002572772754
2010-01-14 00:00:00+00:00,12.98195632468758,12.74410765391961,12.905230522155762,142634200,12.759451643687603
2010-01-15 00:00:00+00:00,12.774797808131082,12.452550590294305,12.475568771362305,195117100,12.767125081108416
2010-01-19 00:00:00+00:00,12.63669637419341,12.153326098388415,12.521608352661133,181616500,12.322121765740848
2010-01-20 00:00:00+00:00,12.759448067558028,12.414184248067436,12.652032852172852,288741100,12.444873682424964
2010-01-21 00:00:00+00:00,12.782466403995707,11.662274230623925,11.869433403015137,551285500,12.629014839982386
2010-01-22 00:00:00+00:00,11.907792131726168,11.286315563496965,11.432093620300293,369620800,11.708305753607062
2010-01-25 00:00:00+00:00,11.71598341248808,11.33235593831432,11.493478775024414,262351600,11.631584899874596
2010-01-26 00:00:00+00:00,11.639257174031833,11.29399260699422,11.332355499267578,212380600,11.462788162258905
2010-01-27 00:00:00+00:00,11.731327836373838,11.263302593050751,11.65460205078125,258716200,11.286320036043998
2010-01-28 00:00:00+00:00,11.961505656730324,11.516497811931716,11.792709350585938,232729500,11.815726795879273
2010-01-29 00:00:00+00:00,11.930816899899288,11.577879526152616,11.646932601928711,175135300,11.88478127214473
2010-02-01 00:00:00+00:00,11.846419437485975,11.60857074585674,11.831074714660645,159503300,11.708314005211806
2010-02-02 00:00:00+00:00,12.030557582189711,11.746673344818056,11.96917724609375,171404800,11.854088567130328
2010-02-03 00:00:00+00:00,12.122626416846165,11.907795270096125,11.915467262268066,130861600,11.946157426089501
2010-02-04 00:00:00+00:00,11.838750482426356,11.301671143084512,11.3170166015625,252558700,11.777370111937872
2010-02-05 00:00:00+00:00,11.554860925285539,10.979419660179337,11.508825302124023,297683300,11.386064615975192
2010-02-08 00:00:00+00:00,11.478135595920941,11.086835344174316,11.10985279083252,208207300,11.462790143674516
2010-02-09 00:00:00+00:00,11.34003302674858,10.933387926298838,11.102184295654297,251522100,11.255635207926684
2010-02-10 00:00:00+00:00,11.43977344931054,11.09450879988671,11.255632400512695,175741800,11.132871701314132
2010-02-11 00:00:00+00:00,11.355377562461191,11.155891026837505,11.224944114685059,141086300,11.255634294649347
2010-02-12 00:00:00+00:00,11.15588893611237,10.95640243787445,11.086835861206055,162819300,11.102181314168112
2010-02-16 00:00:00+00:00,11.746671878402283,11.217265631024787,11.631583213806152,205493300,11.24795579524151
2010-02-17 00:00:00+00:00,12.184012216399173,11.700641370343531,12.015215873718262,261541900,11.777367180210732
2010-02-18 00:00:00+00:00,12.276082947324449,11.89245535522056,12.184012413024902,242140300,11.907800810126266
2010-02-19 00:00:00+00:00,12.30677385713586,12.053578973172655,12.184012413024902,216078200,12.068923696366799
2010-02-22 00:00:00+00:00,12.582978414196615,12.245386624501512,12.437199592590332,173773200,12.245386624501512
2010-02-23 00:00:00+00:00,12.567640162610306,12.11496018653715,12.230048179626465,210478400,12.36815508841455
2010-02-24 00:00:00+00:00,12.552290252603633,12.245387862860284,12.529272079467773,191571600,12.260732579906252
2010-02-25 00:00:00+00:00,12.713417888039253,12.237719772117668,12.69807243347168,287325100,12.314444849820896
2010-02-26 00:00:00+00:00,12.920573972567315,12.590654097216458,12.78246784210205,343669400,12.713414776869419
2010-03-01 00:00:00+00:00,12.935924577046528,12.713419841890534,12.82083511352539,170931100,12.843853298914281
2010-03-02 00:00:00+00:00,12.889881752303536,12.575307359946049,12.62901496887207,183048600,12.81315743293641
2010-03-03 00:00:00+00:00,12.75953447759632,12.536894496046457,12.567604064941406,154950200,12.644375058553099
2010-03-04 00:00:00+00:00,12.667402963345294,12.306574436390328,12.590630531311035,157746500,12.62901747948434
2010-03-05 00:00:00+00:00,12.859337913063738,12.629021998853418,12.820952415466309,172469000,12.682762281214968
2010-03-08 00:00:00+00:00,12.98216961899713,12.8132714269331,12.851656913757324,127705100,12.859334303984662
2010-03-09 00:00:00+00:00,13.043586864324798,12.698113100886406,12.897719383239746,167779500,12.767206682124154
2010-03-10 00:00:00+00:00,13.319967503968856,13.043587312276575,13.135714530944824,222932200,13.05894209277336
2010-03-11 00:00:00+00:00,13.266228846799654,13.097329169458872,13.143393516540527,145079600,13.18945639930954
2010-03-12 00:00:00+00:00,13.2815814337168,12.805594921243168,12.936107635498047,171456700,13.250873334998774
2010-03-15 00:00:00+00:00,12.982170515731369,12.736499868736905,12.936107635498047,120308200,12.85165780147649
2010-03-16 00:00:00+00:00,13.105009827729546,12.974497073753199,13.074301719665527,107411800,13.028237361099988
2010-03-17 00:00:00+00:00,13.281581351739126,13.074297659812313,13.258550643920898,134463900,13.18177820113085
2010-03-18 00:00:00+00:00,13.296937249454794,13.035911800642735,13.11268424987793,123986800,13.273906539703109
2010-03-19 00:00:00+00:00,13.22784016926893,12.851656836272268,12.913074493408203,178218800,12.913074493408203
2010-03-22 00:00:00+00:00,13.028234795146622,12.744178628169953,13.020557403564453,113667800,12.759533411334292
2010-03-23 00:00:00+00:00,13.220161822407235,13.005200770143402,13.151066780090332,131261400,13.112681296275317
2010-03-24 00:00:00+00:00,13.61170116912464,13.128037292387017,13.488865852355957,270410600,13.143392073061221
2010-03-25 00:00:00+00:00,14.087691593535634,13.58867284849968,13.619380950927734,315304700,13.696153403466974
2010-03-26 00:00:00+00:00,13.995559319009317,13.627053436664037,13.74221134185791,220970700,13.803628988915458
2010-03-29 00:00:00+00:00,13.97252955437378,13.642409130165184,13.84969425201416,152539700,13.949497386064236
2010-03-30 00:00:00+00:00,13.911113392119901,13.565638152061576,13.634733200073242,144373000,13.86504905057048
2010-03-31 00:00:00+00:00,13.803635802961185,13.565642486168871,13.703832626342773,114280900,13.580997271591066
2010-04-01 00:00:00+00:00,13.895757124320939,13.734534874778744,13.84969425201416,95607200,13.83433947314113
2010-04-05 00:00:00+00:00,14.010922845903162,13.834347183389943,13.918795585632324,107989300,13.941827766778315
2010-04-06 00:00:00+00:00,14.2335611812444,13.895763219430698,14.195174217224121,160316600,13.941826111942083
2010-04-07 00:00:00+00:00,14.47922440512809,14.225876430876564,14.294971466064453,233522300,14.264261910731083
2010-04-08 00:00:00+00:00,14.463873055610458,14.05698013687691,14.318005561828613,164305500,14.271942682223177
2010-04-09 00:00:00+00:00,14.471551829134889,14.202848987853502,14.271944046020508,135480600,14.448519654974994
2010-04-12 00:00:00+00:00,14.448512188110339,14.27961405782756,14.325676918029785,128319000,14.341031692867835
2010-04-13 00:00:00+00:00,14.371749030515138,14.195173399137001,14.33336353302002,113687800,14.287300643163302
2010-04-14 00:00:00+00:00,14.909151702328534,14.525290949399698,14.893796920776367,246624700,14.571353829743641
2010-04-15 00:00:00+00:00,15.246947546508077,14.863086844646844,14.955212593078613,240100000,15.070370510774508
2010-04-16 00:00:00+00:00,14.955217628159495,13.857375416927946,14.133755683898926,589061800,14.947540235819982
2010-04-19 00:00:00+00:00,14.318005475544913,13.719183651345267,14.11839771270752,358828000,13.895759242362468
2010-04-20 00:00:00+00:00,14.456191587937713,14.156780758475163,14.287293434143066,200544700,14.425483498298744
2010-04-21 00:00:00+00:00,14.517614749739689,13.903438080387673,14.033950805664062,201891300,14.333361748934085
2010-04-22 00:00:00+00:00,14.279618668838529,13.78060003995991,14.233555793762207,219472400,13.842017694832473
2010-04-23 00:00:00+00:00,14.225881337217908,14.033950943126362,14.14910888671875,145428400,14.126076712275193
2010-04-26 00:00:00+00:00,14.156784660231372,13.842018967040593,13.857372283935547,160873000,14.133752488420145
2010-04-27 00:00:00+00:00,13.957180121510834,13.366034087283667,13.412096977233887,259438600,13.749894920265536
2010-04-28 00:00:00+00:00,13.788275018631891,13.442801282816385,13.650086402893066,195287800,13.550281805384014
2010-04-29 00:00:00+00:00,14.126078375370271,13.81131260914707,14.04930591583252,177296300,13.849699571072382
2010-04-30 00:00:00+00:00,14.049308136784413,13.519581157290304,13.68847942352295,231536200,14.033954813900067
2010-05-03 00:00:00+00:00,13.93413770275919,13.650081715149552,13.865042686462402,150747100,13.72685265386883
2010-05-04 00:00:00+00:00,13.749893530243343,13.41977301296185,13.48119068145752,183242300,13.642412976454102
2010-05-05 00:00:00+00:00,13.696149808210013,12.966813897007954,13.45815658569336,195023300,13.20480858383696
2010-05-06 00:00:00+00:00,13.519578145525621,11.899685064886755,12.49850845336914,465091500,13.419773515288835
2010-05-07 00:00:00+00:00,12.890044430428016,12.245157534006518,12.421733856201172,388118300,12.652049715876245
2010-05-10 00:00:00+00:00,13.350676933483122,13.058943396481991,13.28158187866211,268476800,13.227841605870791
2010-05-11 00:00:00+00:00,13.427452801358022,13.028237152719974,13.174104690551758,188202400,13.112687011093056
2010-05-12 00:00:00+00:00,13.304612054085998,13.0435866560233,13.10500431060791,179359300,13.258549179225636
2010-05-13 00:00:00+00:00,13.189454065544922,12.93610605867422,12.951460838317871,135257500,13.07429614684231
2010-05-14 00:00:00+00:00,12.836305459190577,12.375673640700303,12.544571876525879,212906900,12.828628066974026
2010-05-17 00:00:00+00:00,12.629017572676462,12.168384441384148,12.552245140075684,181966800,12.582953234528581
2010-05-18 00:00:00+00:00,12.859334561331035,12.030195436247565,12.245157241821289,216050700,12.828624999807117
2010-05-19 00:00:00+00:00,12.636693792844483,12.129998508052624,12.521535873413086,260711100,12.129998508052624
2010-05-20 00:00:00+00:00,12.321925938594186,11.730780934659535,11.746135711669922,301263900,12.25283163851564
2010-05-21 00:00:00+00:00,12.283542944867603,11.477435292679424,12.27586555480957,266468500,11.485112682737459
2010-05-24 00:00:00+00:00,12.344964128478942,11.815236509765485,11.82291316986084,170656700,12.268191670274012
2010-05-25 00:00:00+00:00,11.930395012296776,11.362281138415133,11.892008781433105,263919800,11.446730260590039
2010-05-26 00:00:00+00:00,12.360313417362677,11.807553867660822,11.876648902893066,225933000,12.214445958059917
2010-05-27 00:00:00+00:00,12.437088637329516,11.968778063102674,12.421733856201172,163490700,12.137676994733154
2010-05-28 00:00:00+00:00,12.421739475734883,12.060910009700192,12.083941459655762,160778500,12.414062081697494
2010-06-01 00:00:00+00:00,12.268187179977158,11.82290884254095,11.853617668151855,126185400,11.961098923868104
2010-06-02 00:00:00+00:00,12.230049009289665,11.7921643252713,12.207002639770508,127114500,11.968854379302963
2010-06-03 00:00:00+00:00,12.345280457357452,12.053357117239905,12.145544052124023,124229100,12.260776621782956
2010-06-04 00:00:00+00:00,12.08408549405869,11.715340695947388,11.792162895202637,148415800,11.90739546145472
2010-06-07 00:00:00+00:00,11.830570415757352,11.34659316783917,11.392685890197754,158959100,11.799841689974759
2010-06-08 00:00:00+00:00,11.792161071469494,11.361958140909154,11.776796340942383,167648900,11.431097963019804
2010-06-09 00:00:00+00:00,11.899710523479397,11.477189984143658,11.530965805053711,150844900,11.853617799991502
2010-06-10 00:00:00+00:00,11.892029113542499,11.60778818710896,11.876665115356445,124056500,11.730703835750836
2010-06-11 00:00:00+00:00,12.06103815046588,11.761433209424267,11.984216690063477,115114300,11.776797208452455
2010-06-14 00:00:00+00:00,12.13017824281265,11.82289092922485,11.838254928588867,120504600,12.061038414097709
2010-06-15 00:00:00+00:00,12.168589028729055,11.761433165488176,12.137860298156738,129815000,11.953487914722839
2010-06-16 00:00:00+00:00,12.268460201984174,12.022629572361785,12.191637992858887,110926700,12.06104067692443
2010-06-17 00:00:00+00:00,12.345280673287311,11.976535857824405,12.153225898742676,127136400,12.260776836234768
2010-06-18 00:00:00+00:00,12.222365734799675,12.091768429498858,12.153225898742676,105721700,12.19931936699095
2010-06-21 00:00:00+00:00,12.368326673139535,12.099449719650552,12.130178451538086,109114600,12.314551575494042
2010-06-22 00:00:00+00:00,12.222362308525026,11.953486139114643,11.968850135803223,108235700,12.122493765842101
2010-06-23 00:00:00+00:00,12.06871875150775,11.746066760158596,11.853617668151855,132920800,11.984214937632734
2010-06-24 00:00:00+00:00,11.761435952644868,11.507922949558811,11.538652420043945,167776300,11.730707214790634
2010-06-25 00:00:00+00:00,11.999581391308617,11.607789502647245,11.845937728881836,175269500,11.72302279894041
2010-06-28 00:00:00+00:00,11.945804088980767,11.684609544722273,11.707655906677246,110641800,11.907392997302052
2010-06-29 00:00:00+00:00,11.561698693537545,11.100766896949851,11.192953109741211,201991800,11.530969955940426
2010-06-30 00:00:00+00:00,11.369643982680817,10.985534393621538,11.03930950164795,138978000,11.231364296177588
2010-07-01 00:00:00+00:00,11.023947652952767,10.370960930916706,10.770435333251953,256787300,11.000900545611934
2010-07-02 00:00:00+00:00,10.831893587371487,10.509241388079156,10.632156372070312,140988600,10.831893587371487
2010-07-06 00:00:00+00:00,10.993212674487937,10.624467225104734,10.80115795135498,120153500,10.854933039390408
2010-07-07 00:00:00+00:00,11.315863912928954,10.831886656306992,11.30049991607666,150021000,10.847250653159286
2010-07-08 00:00:00+00:00,11.477193671239709,11.215999778093876,11.415736198425293,132297400,11.43110093294433
2010-07-09 00:00:00+00:00,11.623156636366943,11.331233251133884,11.607791900634766,86584400,11.415737099768089
2010-07-12 00:00:00+00:00,11.715341008164794,11.500239870200689,11.684612274169922,92146300,11.577061338872465
2010-07-13 00:00:00+00:00,12.076402619423675,11.830572046643704,12.037991523742676,130720700,11.892029506681018
2010-07-14 00:00:00+00:00,12.076402619423675,11.84593677796839,12.037991523742676,115645600,11.984216429367704
2010-07-15 00:00:00+00:00,12.053360249252052,11.56938274482048,11.822895050048828,177237600,12.03031387585793
2010-07-16 00:00:00+00:00,11.269776794441047,10.724341081261255,10.739705085754395,438430600,11.239048052823776
2010-07-19 00:00:00+00:00,10.770431942906615,10.217313995566311,10.455461502075195,314752200,10.732020842060754
2010-07-20 00:00:00+00:00,10.639834235989209,10.217313607974583,10.578376770019531,180152700,10.26340634113645
2010-07-21 00:00:00+00:00,10.732016877305643,10.240356579901654,10.263402938842773,203245200,10.724334513448422
2010-07-22 00:00:00+00:00,10.67056341402243,10.401686439717665,10.49387264251709,185760900,10.409368806441988
2010-07-23 00:00:00+00:00,10.601423744926825,10.347911500097275,10.555330276489258,133979700,10.509237540682518
2010-07-26 00:00:00+00:00,10.916388974096575,10.532279581246774,10.870295524597168,159255000,10.639830474991706
2010-07-27 00:00:00+00:00,11.254411415218973,10.893348904973493,10.901030540466309,176895900,11.154543560133849
2010-07-28 00:00:00+00:00,10.93943882916249,10.724337705549223,10.747384071350098,110133600,10.847252633328234
2010-07-29 00:00:00+00:00,10.916396896087406,10.6782485773397,10.778117179870605,124734700,10.870303413138119
2010-07-30 00:00:00+00:00,10.93943790485967,10.639832976870457,10.785794258117676,130077700,10.662879340724082
2010-08-02 00:00:00+00:00,11.116128570627927,10.931755463191564,11.0930814743042,130216100,11.046988746918128
2010-08-03 00:00:00+00:00,11.108447297234507,10.977850002417409,11.016261100769043,96776700,11.031625100531238
2010-08-04 00:00:00+00:00,11.054674972417775,10.847255428861864,10.901030540466309,131865800,11.031627868046485
2010-08-05 00:00:00+00:00,10.854939195608543,10.72434185120133,10.770435333251953,110927900,10.824210451785142
2010-08-06 00:00:00+00:00,10.785797918395836,10.563014371858246,10.724340438842773,135088300,10.685929330964372
2010-08-09 00:00:00+00:00,10.808843292488483,10.563013396964642,10.685928344726562,121443000,10.801161657726523
2010-08-10 00:00:00+00:00,10.616786484870264,10.455460463448135,10.4708251953125,131286100,10.578376120470832
2010-08-11 00:00:00+00:00,10.386321639272076,10.109762319534887,10.132808685302734,182937400,10.370956907006338
2010-08-12 00:00:00+00:00,10.255723379337965,10.002211181882931,10.032939910888672,146852800,10.025257545479564
2010-08-13 00:00:00+00:00,10.248043507601732,10.071352723351252,10.163538932800293,107923800,10.071352723351252
2010-08-16 00:00:00+00:00,10.209630881369899,10.055987221866326,10.132808685302734,99799300,10.086715953767042
2010-08-17 00:00:00+00:00,10.332542809065805,10.102077020407533,10.148170471191406,132047600,10.301814086086738
2010-08-18 00:00:00+00:00,10.370957122458085,10.171219994638617,10.232677459716797,137585300,10.178902360931083
2010-08-19 00:00:00+00:00,10.271087776835428,9.99452920503197,10.002211570739746,153344800,10.201947950726884
2010-08-20 00:00:00+00:00,9.979163376203141,9.79479101527635,9.886977195739746,164506800,9.971481011340199
2010-08-23 00:00:00+00:00,10.063667924434231,9.879294830876804,9.886977195739746,114682800,10.040620829845404
2010-08-24 00:00:00+00:00,9.856249329781773,9.671876952751557,9.710288047790527,156884400,9.794791870771702
2010-08-25 00:00:00+00:00,9.77174424196015,9.54127843418819,9.725650787353516,159923400,9.648829339849932
2010-08-26 00:00:00+00:00,9.910024598076273,9.579690933227539,9.579690933227539,137778600,9.787109677887841
2010-08-27 00:00:00+00:00,9.771745506800599,9.533597303663544,9.710288047790527,158558400,9.656512221683688
2010-08-30 00:00:00+00:00,9.67956032716165,9.426048099164486,9.464458465576172,126732000,9.63346686178454
2010-08-31 00:00:00+00:00,9.618103508761045,9.356908896858531,9.572010040283203,172987600,9.4721414691069
2010-09-01 00:00:00+00:00,10.156323432922363,9.687333744103652,10.156323432922363,204575600,9.718087154301287
2010-09-02 00:00:00+00:00,10.333154816284326,10.110192420740976,10.2101411819458,154881900,10.110192420740976
2010-09-03 00:00:00+00:00,10.525368195506383,10.248587402743363,10.379289627075195,141624900,10.379289627075195
2010-09-07 00:00:00+00:00,10.317779019764728,10.14863489706817,10.156323432922363,127499100,10.287025609567095
2010-09-08 00:00:00+00:00,10.371596196384395,10.171698684843784,10.279335975646973,102657200,10.194764289942434
2010-09-09 00:00:00+00:00,10.663758958497594,10.363912549756437,10.379289627075195,168549000,10.44079646991142
2010-09-10 00:00:00+00:00,10.502300123989164,10.38697501199165,10.417728424072266,85884600,10.45617037247783
2010-09-13 00:00:00+00:00,10.80983699819666,10.663757713599516,10.725264549255371,164136200,10.717576011493561
2010-09-14 00:00:00+00:00,10.740641678142607,10.486925796496816,10.517679214477539,140042500,10.732953140342596
2010-09-15 00:00:00+00:00,10.602249702985077,10.386975802046587,10.540742874145508,134665300,10.471547508396185
2010-09-16 00:00:00+00:00,10.502300123989164,10.38697501199165,10.417728424072266,120788100,10.471546711908548
2010-09-17 00:00:00+00:00,10.533054426729933,10.256273694600207,10.302403450012207,132686500,10.525365889754854
2010-09-20 00:00:00+00:00,10.617627469823962,10.279339155906804,10.56380844116211,130367700,10.348534526172553
2010-09-21 00:00:00+00:00,10.763702693385945,10.486922030943452,10.494609832763672,168349300,10.72526075140861
2010-09-22 00:00:00+00:00,10.58687342230039,10.310091957736674,10.317780494689941,141117900,10.479236104612363
2010-09-23 00:00:00+00:00,10.325467835554868,10.087128350147175,10.125570297241211,153255800,10.233207602460677
2010-09-24 00:00:00+00:00,10.456172943115234,10.225521929195756,10.456172943115234,142535200,10.279340230263202
2010-09-27 00:00:00+00:00,10.479235319683786,10.171700463561594,10.179388999938965,123657600,10.463858246929043
2010-09-28 00:00:00+00:00,10.240898654048195,10.110196432397,10.202457427978516,124743600,10.233210848765891
2010-09-29 00:00:00+00:00,10.21782890375407,10.03330846693959,10.079438209533691,156717200,10.179386962779628
2010-09-30 00:00:00+00:00,10.29471789774602,10.033313449177173,10.071755409240723,148937800,10.156327134805007
2010-10-01 00:00:00+00:00,10.317782301256374,10.041001521449655,10.2255220413208,168814600,10.164015201363751
2010-10-04 00:00:00+00:00,10.340848104259349,10.0948207225112,10.110197067260742,133664600,10.202458068635732
2010-10-05 00:00:00+00:00,10.48692377048985,10.15632404115236,10.425416946411133,191282100,10.2408957409558
2010-10-06 00:00:00+00:00,10.502304170593955,10.240899700578321,10.294718742370605,150771000,10.479239285951241
2010-10-07 00:00:00+00:00,10.379287190449041,10.17170109469483,10.233208656311035,112300500,10.356222313104984
2010-10-08 00:00:00+00:00,10.371596595340664,10.071751049714878,10.133257865905762,173162700,10.256271498287528
2010-10-11 00:00:00+00:00,10.187080990666756,10.079443644542224,10.110197067260742,101283500,10.14863902896375
2010-10-12 00:00:00+00:00,10.402351614029827,10.064064072602983,10.39466381072998,136898300,10.07175260912203
2010-10-13 00:00:00+00:00,10.486924536549038,10.187078197347436,10.2178316116333,175054300,10.456171122263175
2010-10-14 00:00:00+00:00,10.017933047792136,9.548943343647654,9.687334060668945,511175200,9.994868172694973
2010-10-15 00:00:00+00:00,9.748843034388818,9.02613661181651,9.210657119750977,600410400,9.733465958784619
2010-10-18 00:00:00+00:00,9.510503081087311,9.095331589696618,9.487438201904297,416485100,9.195280377115397
2010-10-19 00:00:00+00:00,9.572009775286588,9.003071208911543,9.072266578674316,574229600,9.487438064031686
2010-10-20 00:00:00+00:00,9.133773709890406,8.587900004505077,9.033824920654297,655116600,8.918499789423027
2010-10-21 00:00:00+00:00,9.133774412873453,8.703225805582122,8.733979225158691,318784400,9.103020993296884
2010-10-22 00:00:00+00:00,8.903118963319423,8.741663407685381,8.79548168182373,173466800,8.818547284927876
2010-10-25 00:00:00+00:00,8.910806478869713,8.511011536069724,8.580206871032715,327390900,8.887741611621687
2010-10-26 00:00:00+00:00,8.826236153036016,8.48026013005949,8.687846183776855,232839500,8.51870207332779
2010-10-27 00:00:00+00:00,8.972320489592738,8.64940915578584,8.872371673583984,275344800,8.703227467013823
2010-10-28 00:00:00+00:00,9.010764411099629,8.772424762220401,8.86468505859375,180293000,9.010764411099629
2010-10-29 00:00:00+00:00,8.87236746928341,8.733976753739052,8.80317211151123,126825100,8.841614058409013
2010-11-01 00:00:00+00:00,8.903122509887591,8.73397835250675,8.841615676879883,152004500,8.841615676879883
2010-11-02 00:00:00+00:00,8.91081067944253,8.687848235689595,8.764731407165527,176470800,8.887745801321676
2010-11-03 00:00:00+00:00,8.880057600552083,8.695537102157788,8.856992721557617,176344100,8.810862230349402
2010-11-04 00:00:00+00:00,9.410552839552635,8.995381412314112,9.325981140136719,310826500,9.064576772390394
2010-11-05 00:00:00+00:00,9.771907231414138,9.349047213712302,9.502814292907715,405644600,9.35673575097689
2010-11-08 00:00:00+00:00,9.787282097163034,9.556631879753093,9.687334060668945,247865900,9.702710399660667
2010-11-09 00:00:00+00:00,9.794967985141353,9.402861548402077,9.433615684509277,225038100,9.787279451114554
2010-11-10 00:00:00+00:00,9.66426944732666,9.37980018111058,9.66426944732666,191612200,9.495126034907955
2010-11-11 00:00:00+00:00,9.656579185199774,9.46437021102415,9.510499954223633,130702300,9.610448708781243
2010-11-12 00:00:00+00:00,9.479753064802894,9.249101990580872,9.318297386169434,170642600,9.448999637121261
2010-11-15 00:00:00+00:00,9.448996022774947,9.279851868615715,9.30291748046875,112735900,9.395177728223077
2010-11-16 00:00:00+00:00,9.264474511134502,9.010758674332957,9.179902076721191,219262600,9.218344025707315
2010-11-17 00:00:00+00:00,9.218343359022372,8.91849779169813,8.933874130249023,170058200,9.149148002495505
2010-11-18 00:00:00+00:00,9.087646407673969,8.941567807952351,8.995386123657227,138773700,9.056892979668389
2010-11-19 00:00:00+00:00,8.964630126953125,8.864681331269129,8.964630126953125,104569300,8.949253783966006
2010-11-22 00:00:00+00:00,8.91080857487009,8.618650832537734,8.687846183776855,223150100,8.887743702196744
2010-11-23 00:00:00+00:00,8.757043926075145,8.503328057735468,8.526392936706543,199123000,8.595588306839051
2010-11-24 00:00:00+00:00,8.687847165105294,8.534080107882554,8.672470092773438,109514300,8.595586930771649
2010-11-26 00:00:00+00:00,8.61865291803146,8.534081208952276,8.549457550048828,54441000,8.587899502619097
2010-11-29 00:00:00+00:00,8.733978789778607,8.518704863473811,8.695537567138672,144663800,8.564835357148786
2010-11-30 00:00:00+00:00,8.68784650352513,8.388000214859728,8.418753623962402,267119300,8.610962614158892
2010-12-01 00:00:00+00:00,8.695786840664356,8.44183914636819,8.688091278076172,289105800,8.595746728685679
2010-12-02 00:00:00+00:00,9.034383539616774,8.73426393697688,8.988211631774902,284454000,8.749654328294422
2010-12-03 00:00:00+00:00,9.142123004145574,8.872784072489791,9.126731872558594,164553900,8.918956733361185
2010-12-06 00:00:00+00:00,9.126731742264104,8.949738134877895,8.957433700561523,132238800,9.065168684574159
2010-12-07 00:00:00+00:00,9.134426259919389,8.849696967299108,8.903564453125,215071600,9.111340299406786
2010-12-08 00:00:00+00:00,9.288334998684757,8.926652216417551,9.234467506408691,235158100,8.934347048250174
2010-12-09 00:00:00+00:00,9.765449307779146,9.42685248037504,9.734667778015137,328639000,9.434548046288432
2010-12-10 00:00:00+00:00,9.888574746424267,9.59614988854508,9.85009765625,224667700,9.734666385727202
2010-12-13 00:00:00+00:00,9.911660101194581,9.634626389872562,9.650016784667969,189201500,9.896268972509764
2010-12-14 00:00:00+00:00,9.78083655480614,9.488411771249954,9.542279243469238,161365800,9.673100876478301
2010-12-15 00:00:00+00:00,9.650019688966733,9.449939359183796,9.457634925842285,160612500,9.526893557989426
2010-12-16 00:00:00+00:00,9.827013039181812,9.526892575459508,9.634628295898438,309278400,9.59615120046385
2010-12-17 00:00:00+00:00,9.734666383226763,9.580758756458684,9.673103332519531,154544200,9.65771293678745
2010-12-20 00:00:00+00:00,9.811624269847817,9.673106986487605,9.711584091186523,113899800,9.688498121923065
2010-12-21 00:00:00+00:00,9.98861312866211,9.773142473237412,9.98861312866211,163167100,9.796228431417715
2010-12-22 00:00:00+00:00,10.350299034680152,10.004006643788461,10.296431541442871,240618000,10.011702209647945
2010-12-23 00:00:00+00:00,10.234865748440098,9.980918014027296,10.050176620483398,183718500,10.20408422711398
2010-12-27 00:00:00+00:00,10.31182283845711,9.973225983899459,10.211783409118652,116011000,9.988616383070907
2010-12-28 00:00:00+00:00,10.38108034543342,10.265649795532227,10.265649795532227,119303600,10.296431324431847
2010-12-29 00:00:00+00:00,10.327211302294542,10.242562294006348,10.242562294006348,74986200,10.304125342559475
2010-12-30 00:00:00+00:00,10.311818395718007,10.204083446265495,10.219473838806152,88176300,10.250255357776771
2010-12-31 00:00:00+00:00,10.296431324431847,10.173305208833366,10.265649795532227,63036100,10.181000040641116
2011-01-03 00:00:00+00:00,10.950538416611373,10.619637181951546,10.919756889343262,354322300,10.658114274509062
2011-01-04 00:00:00+00:00,10.965928444153997,10.788934863638085,10.958232879638672,218978200,10.950537315123347
2011-01-05 00:00:00+00:00,11.235267932715942,10.888974849876831,11.158313751220703,246151200,10.919756375697034
2011-01-06 00:00:00+00:00,11.304524397562696,11.035186263889111,11.112139701843262,241658500,11.189093873686785
2011-01-07 00:00:00+00:00,11.296828037000713,10.758150374854601,10.965926170349121,392328700,11.189092357793637
2011-01-10 00:00:00+00:00,11.10444655867509,10.842803215327454,11.08135986328125,185382600,10.904366268598721
2011-01-11 00:00:00+00:00,11.335305943717131,11.181398333590945,11.304524421691895,212239400,11.24296137764142
2011-01-12 00:00:00+00:00,11.535387992858887,11.427653016006536,11.535387992858887,204060800,11.458434542805707
2011-01-13 00:00:00+00:00,11.558477453882357,11.327615580707315,11.366092681884766,158944400,11.550781886868934
2011-01-14 00:00:00+00:00,11.781639609015135,11.296830066327544,11.735466957092285,282493800,11.343001984360988
2011-01-18 00:00:00+00:00,11.666206402658283,11.427649820151784,11.54308032989502,198400500,11.604643366276651
2011-01-19 00:00:00+00:00,11.504605794925068,11.042882919872664,11.058273315429688,247013200,11.427652349361056
2011-01-20 00:00:00+00:00,11.242962984903915,10.727371866856702,11.189095497131348,245219600,10.981320377230393
2011-01-21 00:00:00+00:00,11.319913991870347,10.942840215479487,10.965926170349121,291812600,11.089052241506195
2011-01-24 00:00:00+00:00,10.973624145367054,10.681199295146833,10.711980819702148,225424700,10.965928580755866
2011-01-25 00:00:00+00:00,10.650413664327333,10.311816290875546,10.488810539245605,303642100,10.604241028351488
2011-01-26 00:00:00+00:00,10.596549603210287,10.427250862121582,10.427250862121582,145810300,10.550376952408136
2011-01-27 00:00:00+00:00,10.519593238830566,10.373380486651227,10.519593238830566,153086100,10.450334643997115
2011-01-28 00:00:00+00:00,10.819719621506444,10.450340487157966,10.465731620788574,226452500,10.642725254202686
2011-01-31 00:00:00+00:00,10.611940896596229,10.496510360645644,10.565768241882324,118000800,10.550377846237323
2011-02-01 00:00:00+00:00,11.058275966051562,10.673506444335546,11.012104034423828,211978400,10.696592410149412
2011-02-02 00:00:00+00:00,11.04288262152839,10.873583871638377,10.958232879638672,140312700,11.027491492497742
2011-02-03 00:00:00+00:00,11.13522793735946,10.888974993656806,11.104446411132812,145885300,10.896670558685837
2011-02-04 00:00:00+00:00,11.135229944564731,10.858195424697964,10.996712684631348,141015200,11.104448412789491
2011-02-07 00:00:00+00:00,11.366089157742723,11.104445831528148,11.289134979248047,149423500,11.166008880768114
2011-02-08 00:00:00+00:00,11.358388329422334,11.158308145168686,11.24295711517334,158426200,11.266043798356597
2011-02-09 00:00:00+00:00,11.30452382781535,11.089053184958315,11.266047477722168,150179100,11.127530268940834
2011-02-10 00:00:00+00:00,11.266049829202304,11.135228156689891,11.150618553161621,132240800,11.16600968352284
2011-02-11 00:00:00+00:00,11.443046150350003,11.042886206217638,11.366092681884766,156195600,11.05827660635482
2011-02-14 00:00:00+00:00,11.504606983926136,11.319917814817549,11.45843505859375,112571100,11.373785305668507
2011-02-15 00:00:00+00:00,11.450741717363426,11.304528879667044,11.366092681884766,109532300,11.38917864903537
2011-02-16 00:00:00+00:00,11.450737730722652,11.31222050826527,11.41995620727539,132821900,11.396870248162296
2011-02-17 00:00:00+00:00,11.473822137008352,11.335304933297406,11.396868705749512,103495400,11.350696059882761
2011-02-18 00:00:00+00:00,11.458434178384778,11.28913541942893,11.350698471069336,98369000,11.419957087637158
2011-02-22 00:00:00+00:00,11.17370405467534,10.842802126164365,10.912060737609863,187522800,11.065968355327964
2011-02-23 00:00:00+00:00,11.112137731439688,10.711978016922032,10.904362678527832,196355700,10.904362678527832
2011-02-24 00:00:00+00:00,10.89667368644173,10.611944303644814,10.75046157836914,201697200,10.858196584141675
2011-02-25 00:00:00+00:00,11.019801474770968,10.865893776442563,10.927456855773926,126869100,10.896675316108244
2011-02-28 00:00:00+00:00,11.142924777091336,10.896672522889416,10.996712684631348,137039100,10.981322285688531
2011-03-01 00:00:00+00:00,11.042883363913266,10.704285841370192,10.719676971435547,161263900,11.019796668815232
2011-03-02 00:00:00+00:00,10.835194412467027,10.63497104678989,10.650372505187988,115609400,10.719680904021873
2011-03-03 00:00:00+00:00,11.004609672571718,10.819787852437894,10.989208221435547,139513500,10.819787852437894
2011-03-04 00:00:00+00:00,11.020009350629799,10.765878487749983,10.87369155883789,146184700,11.012308259605707
2011-03-07 00:00:00+00:00,10.98920870154115,10.719676317924632,10.804386138916016,139010300,10.919900332358807
2011-03-08 00:00:00+00:00,11.32034986783075,10.935303948962924,11.31264877319336,250033200,10.989210877007848
2011-03-09 00:00:00+00:00,11.312646391706878,11.150927110450121,11.235637664794922,148290400,11.289543847074956
2011-03-10 00:00:00+00:00,11.135526454246996,10.981508255004883,10.981508255004883,155462700,11.104722814398572
2011-03-11 00:00:00+00:00,11.112424030102561,10.85829381495573,11.073919296264648,111555000,10.865994174189941
2011-03-14 00:00:00+00:00,11.050818114756886,10.835191872396491,10.958406448364258,112139700,10.981509732170815
2011-03-15 00:00:00+00:00,10.827492040147252,10.557959591263065,10.750482559204102,167837200,10.604165426712324
2011-03-16 00:00:00+00:00,10.858293063431322,10.51945231040959,10.54255485534668,178630900,10.788984694203393
2011-03-17 00:00:00+00:00,10.812086405444811,10.588759863162057,10.765880584716797,131745300,10.696572955249685
2011-03-18 00:00:00+00:00,11.004609977261696,10.765881235499903,10.812087059020996,199209100,10.93530160918838
2011-03-21 00:00:00+00:00,10.950704585404582,10.704274732870019,10.819788932800293,114391500,10.935302398313864
2011-03-22 00:00:00+00:00,10.81978797839766,10.688872337341309,10.688872337341309,86286500,10.812086885531606
2011-03-23 00:00:00+00:00,10.581062423762226,10.29612851174609,10.511754035949707,230626600,10.565660967813255
2011-03-24 00:00:00+00:00,10.465547049745709,10.257621923737487,10.380836486816406,170761100,10.442444502772593
2011-03-25 00:00:00+00:00,10.419341675449415,10.257622370756552,10.273024559020996,115322600,10.388538033337287
2011-03-28 00:00:00+00:00,10.442442271517768,10.296124458312988,10.296124458312988,78640400,10.33462918465196
2011-03-29 00:00:00+00:00,10.326927700422287,10.134404810453441,10.280722618103027,117737500,10.326927700422287
2011-03-30 00:00:00+00:00,10.44244524915988,10.2191186540126,10.357734680175781,121082200,10.31922994285726
2011-03-31 00:00:00+00:00,10.311528512108957,10.234519045469096,10.2653226852417,86180900,10.280724872336354
2011-04-01 00:00:00+00:00,10.48094626344017,10.28072300842734,10.296124458312988,95017100,10.357731726688716
2011-04-04 00:00:00+00:00,10.46554700965299,10.31922916574476,10.350032806396484,71113900,10.31922916574476
2011-04-05 00:00:00+00:00,10.396236200839136,10.29612420855292,10.373133659362793,64968800,10.342330025922154
2011-04-06 00:00:00+00:00,10.61185982973137,10.419336969873461,10.565654754638672,136151600,10.473243870036846
2011-04-07 00:00:00+00:00,10.688874545697077,10.427043209489181,10.480949401855469,119206000,10.619566164416542
2011-04-08 00:00:00+00:00,10.565659065851513,10.35773393984329,10.380836486816406,87592400,10.496350690515438
2011-04-11 00:00:00+00:00,10.465546874766511,10.342332313747685,10.388537406921387,63348300,10.396238500589243
2011-04-12 00:00:00+00:00,10.457843467720414,10.249919125600238,10.373133659362793,100372600,10.31922675002926
2011-04-13 00:00:00+00:00,10.5040510041739,10.172911339680574,10.219117164611816,124630800,10.480947724499945
2011-04-14 00:00:00+00:00,10.21141533087834,10.065097507887275,10.111303329467773,115624900,10.134405873049714
2011-04-15 00:00:00+00:00,10.265320735870153,9.872573852539062,9.872573852539062,266336200,10.180610926185954
2011-04-18 00:00:00+00:00,9.703159566437321,9.425925974334163,9.564542770385742,262012500,9.695458470119576
2011-04-19 00:00:00+00:00,9.649247724797373,9.356612823134666,9.502930641174316,182612900,9.649247724797373
2011-04-20 00:00:00+00:00,9.610743699956812,9.402819330718152,9.44902515411377,179989100,9.572239703946552
2011-04-21 00:00:00+00:00,9.549137428962933,9.425922866176322,9.479829788208008,100820900,9.495231241347971
2011-04-25 00:00:00+00:00,9.703158021461283,9.48753176539905,9.57994270324707,112414300,9.495232860490598
2011-04-26 00:00:00+00:00,9.649249138799933,9.418221473693848,9.418221473693848,146800000,9.618445499080234
2011-04-27 00:00:00+00:00,9.549140695495904,9.418224994147815,9.495234489440918,118705100,9.425926090560521
2011-04-28 00:00:00+00:00,9.587645324922017,9.433627070651909,9.564542770385742,92414200,9.479832914141426
2011-04-29 00:00:00+00:00,9.564539178932844,9.45672607421875,9.45672607421875,87169300,9.541436633071498
2011-05-02 00:00:00+00:00,9.603042639197078,9.495229548768735,9.502930641174316,89940100,9.518332091568883
2011-05-03 00:00:00+00:00,9.787864376475353,9.495229477023765,9.703154563903809,145530300,9.510631661718548
2011-05-04 00:00:00+00:00,9.764764202524605,9.564540159422869,9.618446350097656,99234300,9.733960560079474
2011-05-05 00:00:00+00:00,9.603044527068345,9.39511939774105,9.472128868103027,130921200,9.556838697967812
2011-05-06 00:00:00+00:00,9.587642163437929,9.456726506872975,9.479829788208008,111324100,9.556838522741277
2011-05-09 00:00:00+00:00,9.487528273427573,9.325809008111577,9.379715919494629,110668200,9.456724638815793
2011-05-10 00:00:00+00:00,9.526034446219475,9.379717343208704,9.45672607421875,91577700,9.402819889070049
2011-05-11 00:00:00+00:00,9.572239087066585,9.41822017528466,9.433622360229492,150517800,9.45672490323014
2011-05-12 00:00:00+00:00,9.449025632472281,9.310408889684581,9.395118713378906,111941900,9.395118713378906
2011-05-13 00:00:00+00:00,9.402819332799533,9.171791684603601,9.187193870544434,159056700,9.395118239829117
2011-05-16 00:00:00+00:00,9.325811331373304,9.102484741198252,9.133288383483887,123646400,9.156391666010686
2011-05-17 00:00:00+00:00,9.194894749437685,9.087082379417353,9.164091110229492,145394700,9.094783472823574
2011-05-18 00:00:00+00:00,9.16409177309469,9.033176113386187,9.079381942749023,152963400,9.16409177309469
2011-05-19 00:00:00+00:00,9.156385867969874,8.99466666477053,9.00236701965332,121082700,9.148684778670788
2011-05-20 00:00:00+00:00,9.071682767652977,8.879159784348865,8.917664527893066,115821500,8.96387036702949
2011-05-23 00:00:00+00:00,8.871452557987716,8.76363950637861,8.794443130493164,122134100,8.83294784424044
2011-05-24 00:00:00+00:00,8.863756314082098,8.694335921623445,8.825251579284668,129513400,8.817550485441837
2011-05-25 00:00:00+00:00,8.917663392265466,8.740542622701392,8.76364517211914,103583400,8.740542622701392
2011-05-26 00:00:00+00:00,8.902261048879529,8.763644297375473,8.825251579284668,124072200,8.771345391218304
2011-05-27 00:00:00+00:00,9.07167535451251,8.886853617832204,9.00236701965332,107370400,8.909956151313168
2011-05-31 00:00:00+00:00,9.179493921473586,8.948466244488218,9.048578262329102,106228200,9.140989186239901
2011-06-01 00:00:00+00:00,9.048579049067119,8.655497492333826,8.66320514678955,176331800,9.025456820742331
2011-06-02 00:00:00+00:00,8.801937539834421,8.539883241531475,8.701740264892578,198074000,8.701740264892578
2011-06-03 00:00:00+00:00,8.825059819070178,8.60154304583756,8.694032669067383,115786700,8.632372920247501
2011-06-06 00:00:00+00:00,8.632371134696422,8.285534935564902,8.34719467163086,213289400,8.61695656820095
2011-06-07 00:00:00+00:00,8.516761246837639,8.169924968966157,8.20846176147461,160224800,8.447393844254902
2011-06-08 00:00:00+00:00,8.316368001480706,8.092851188532455,8.12368106842041,159384200,8.162218602040932
2011-06-09 00:00:00+00:00,8.285536816575917,8.09284991386485,8.20846176147461,129533300,8.154509663929014
2011-06-10 00:00:00+00:00,8.501348299361059,8.023484736323425,8.324076652526855,210796300,8.18534180888798
2011-06-13 00:00:00+00:00,8.493637580509022,8.200753449969875,8.455100059509277,186095900,8.393440319926517
2011-06-14 00:00:00+00:00,8.570715721180497,8.285539114289122,8.324076652526855,173051000,8.570715721180497
2011-06-15 00:00:00+00:00,8.223876881138754,8.023482330426175,8.092849731445312,213408200,8.169924784809284
2011-06-16 00:00:00+00:00,8.23929332512864,8.015776501576292,8.169926643371582,200127400,8.054314037025115
2011-06-17 00:00:00+00:00,8.300950026677848,8.15450760595191,8.231582641601562,116367000,8.285534725531111
2011-06-20 00:00:00+00:00,8.216171097876288,8.11597379972629,8.169926643371582,88402500,8.162218989273347
2011-06-21 00:00:00+00:00,8.378024539663839,8.115970293862501,8.34719467163086,109392600,8.231582850267698
2011-06-22 00:00:00+00:00,8.431977069462162,8.308657590829323,8.316365242004395,102448600,8.316365242004395
2011-06-23 00:00:00+00:00,8.300950600673112,8.139093602650341,8.254705429077148,180604400,8.208460257481185
2011-06-24 00:00:00+00:00,8.300952795114833,8.085142917338214,8.10826587677002,122210200,8.270122182539092
2011-06-27 00:00:00+00:00,8.439686089757682,8.108265120927978,8.362611770629883,202814500,8.108265120927978
2011-06-28 00:00:00+00:00,8.416566926358655,8.300955038129,8.339491844177246,113027000,8.408859271132023
2011-06-29 00:00:00+00:00,8.670911166438678,8.47822425162893,8.586129188537598,301628700,8.609251412502937
2011-06-30 00:00:00+00:00,8.616959061804291,8.354904740168832,8.447394371032715,255993900,8.609251408805072
2011-07-01 00:00:00+00:00,8.586128737356963,8.416564055422777,8.547591209411621,137487700,8.462808500923423
2011-07-05 00:00:00+00:00,8.532173979236342,8.408854505667643,8.478221893310547,110261100,8.52446706341983
2011-07-06 00:00:00+00:00,8.362610914468135,8.216168473546324,8.277828216552734,145455700,8.347195611195474
2011-07-07 00:00:00+00:00,8.447391948496564,8.362609994945599,8.4165620803833,113940400,8.40114677880565
2011-07-08 00:00:00+00:00,8.324075762509436,8.177633279872289,8.247000694274902,129514100,8.285538228392168
2011-07-11 00:00:00+00:00,8.131386097423619,7.938699226560699,7.977236747741699,145323900,8.115970794934388
2011-07-12 00:00:00+00:00,8.015776449425337,7.8616270436753,7.869334697723389,145156100,7.915579886969573
2011-07-13 00:00:00+00:00,7.9849456587776215,7.823088617415265,7.861626148223877,164765500,7.9155789853728376
2011-07-14 00:00:00+00:00,7.961820469534122,7.753719056726807,7.761425971984863,148536100,7.938698253675974
2011-07-15 00:00:00+00:00,7.8462104593651025,7.614986042489727,7.707475662231445,183416000,7.799965281973164
2011-07-18 00:00:00+00:00,7.6535282016631365,7.345228547487544,7.491671085357666,226934200,7.614990653010862
2011-07-19 00:00:00+00:00,7.591864634688106,7.245027604694718,7.376054763793945,322430300,7.5147895757913
2011-07-20 00:00:00+00:00,7.707475954337495,7.42229943223207,7.591864109039307,249783800,7.44542165428327
2011-07-21 00:00:00+00:00,7.923286469259831,7.7074773103810115,7.884748935699463,238464700,7.730599536500306
2011-07-22 00:00:00+00:00,7.915576935079311,7.746012284467432,7.807672023773193,138441500,7.907869283905573
2011-07-25 00:00:00+00:00,7.7614296188504674,7.614987869550906,7.715185165405273,130582700,7.684355284761032
2011-07-26 00:00:00+00:00,7.7768430607982735,7.638108263664617,7.707475662231445,121168700,7.6843534410565555
2011-07-27 00:00:00+00:00,7.661230701615785,7.460836887359619,7.460836887359619,151491700,7.645816132077086
2011-07-28 00:00:00+00:00,7.591867069123927,7.468546788336258,7.545621871948242,113623300,7.491669754445337
2011-07-29 00:00:00+00:00,7.668939422156651,7.399178169794302,7.483960151672363,187926700,7.43000804820835
2011-08-01 00:00:00+00:00,7.746014913794274,7.476252911481321,7.561035633087158,159616700,7.7383072600042295
2011-08-02 00:00:00+00:00,7.599572976669579,7.298981807735534,7.314396381378174,173972600,7.522498638371628
2011-08-03 00:00:00+00:00,7.39147046148433,7.183368232454763,7.352932929992676,175691200,7.314395398501022
2011-08-04 00:00:00+00:00,7.291273354191198,6.75945775857125,6.805702209472656,305309300,7.221905942796793
2011-08-05 00:00:00+00:00,6.975267607711139,6.189104513463541,6.297009468078613,546781600,6.913607843657489
2011-08-08 00:00:00+00:00,5.934757061582524,4.863417876184357,5.0175676345825195,682052900,5.703532975266987
2011-08-09 00:00:00+00:00,5.903926563659915,5.1485938926090276,5.857681751251221,496094500,5.410648197112733
2011-08-10 00:00:00+00:00,5.849976088394768,5.194840145475332,5.217962741851807,493986500,5.80373126316302
2011-08-11 00:00:00+00:00,5.718946853773653,5.36440295298567,5.58791971206665,344079000,5.472307506588644
2011-08-12 00:00:00+00:00,5.942463302495475,5.4954298076808925,5.541674613952637,298997800,5.77289864531136
2011-08-15 00:00:00+00:00,6.042661124495077,5.664994620453593,5.981001377105713,268370400,5.749776956874512
2011-08-16 00:00:00+00:00,5.903926894090251,5.657287880773344,5.703532695770264,275997300,5.865389732020044
2011-08-17 00:00:00+00:00,5.849975081738511,5.703532976610279,5.749777793884277,159346200,5.749777793884277
2011-08-18 00:00:00+00:00,5.464600498151357,5.225668790777326,5.40294075012207,335205500,5.433770624136714
2011-08-19 00:00:00+00:00,5.487725010581266,5.202548373147185,5.37211275100708,289217900,5.241085915512327
2011-08-22 00:00:00+00:00,5.5647986932279085,4.948200702667236,4.948200702667236,398777800,5.549383752651922
2011-08-23 00:00:00+00:00,4.963614103320251,4.632192799996835,4.855709552764893,563788800,4.909661644282042
2011-08-24 00:00:00+00:00,5.43377073798365,4.871124974146365,5.38752555847168,602753000,4.901954848806949
2011-08-25 00:00:00+00:00,6.782580718618414,5.688118794850693,5.896220684051514,859643400,6.389499168171759
2011-08-26 00:00:00+00:00,6.150565682426466,5.742069304690299,5.981001377105713,424194600,5.8730964516532405
2011-08-29 00:00:00+00:00,6.481989243525791,6.135152861103876,6.466574668884277,363420500,6.243057823764161
2011-08-30 00:00:00+00:00,6.466573236498146,6.204518910257273,6.2584710121154785,297220400,6.389498175235915
2011-08-31 00:00:00+00:00,6.397375559838233,6.258469702372152,6.304771900177002,282263500,6.38965840421268
2011-09-01 00:00:00+00:00,6.312490040471719,6.10413122177124,6.10413122177124,243549600,6.312490040471719
2011-09-02 00:00:00+00:00,5.749152878207151,5.53307753432505,5.594813346862793,305988600,5.6411152062661
2011-09-06 00:00:00+00:00,5.455906449860694,5.247547948922628,5.39417028427124,283101800,5.332434486656166
2011-09-07 00:00:00+00:00,5.803168608988111,5.4790554088945465,5.772300720214844,257251800,5.579376231394795
2011-09-08 00:00:00+00:00,5.741435962473139,5.556228160858154,5.556228160858154,204593600,5.6951341040630075
2011-09-09 00:00:00+00:00,5.563942264920214,5.371017776866043,5.386451721191406,255828800,5.486772543293397
2011-09-12 00:00:00+00:00,5.479054411778841,5.255262074912781,5.440469741821289,286856000,5.2861299580685
2011-09-13 00:00:00+00:00,5.540791493505822,5.378734884478035,5.401885986328125,220657500,5.4713389239041135
2011-09-14 00:00:00+00:00,5.502205508132727,5.340148937578105,5.440469741821289,212940200,5.471337624977008
2011-09-15 00:00:00+00:00,5.664264227252854,5.502207595227002,5.6565470695495605,230299700,5.540792279820476
2011-09-16 00:00:00+00:00,5.7028492377282705,5.463622854870858,5.5793776512146,240523700,5.6951324475583425
2011-09-19 00:00:00+00:00,5.455906449860694,5.355585594749009,5.39417028427124,199254700,5.44818929117162
2011-09-20 00:00:00+00:00,5.448188137068015,5.324716567993164,5.324716567993164,142828700,5.432754190933658
2011-09-21 00:00:00+00:00,5.378735392279957,4.907999833971094,4.923433780670166,381953600,5.363301445580885
2011-09-22 00:00:00+00:00,4.8462640900192815,4.630188466347689,4.676490306854248,384622500,4.815395828373924
2011-09-23 00:00:00+00:00,4.931150593455501,4.684207445097364,4.869414806365967,503374000,4.699641391869748
2011-09-26 00:00:00+00:00,5.093206405639648,4.86941402917183,5.093206405639648,228406400,5.00060273978557
2011-09-27 00:00:00+00:00,5.286130874865895,4.946583733289608,5.000602722167969,231598900,5.278414086725705
2011-09-28 00:00:00+00:00,5.039186758201573,4.753658294677734,4.753658294677734,222449300,5.023752817036028
2011-09-29 00:00:00+00:00,4.977454049221331,4.7459447724984996,4.900284290313721,224013100,4.938869353754744
2011-09-30 00:00:00+00:00,4.8771314925396805,4.715074883099447,4.72279167175293,175213100,4.76909350759667
2011-10-03 00:00:00+00:00,4.769092227434241,4.25977180189516,4.267488956451416,369335100,4.6919225217425895
2011-10-04 00:00:00+00:00,4.444981098175049,3.9588112215669686,4.444981098175049,448300000,4.22890547480224
2011-10-05 00:00:00+00:00,4.499000556549805,4.252057362047198,4.452698707580566,291785700,4.406396858611328
2011-10-06 00:00:00+00:00,4.869414620787164,4.360094028734964,4.846263885498047,336087400,4.452697705840036
2011-10-07 00:00:00+00:00,4.8848491106637155,4.537585098881443,4.553019046783447,285598300,4.877132320699885
2011-10-10 00:00:00+00:00,4.853980674602985,4.722791948050315,4.846263885498047,225326600,4.7382258942344935
2011-10-11 00:00:00+00:00,4.992886381985996,4.7305092867797525,4.915716648101807,204431100,4.769093969734689
2011-10-12 00:00:00+00:00,5.2012436871737595,4.892564820496685,5.07777214050293,284617700,5.0237535228215595
2011-10-13 00:00:00+00:00,4.969736820070671,4.761378305364692,4.799962997436523,230115400,4.969736820070671
2011-10-14 00:00:00+00:00,4.908000834234487,4.722793068125478,4.7768120765686035,203564500,4.869415775635914
2011-10-17 00:00:00+00:00,4.846264394370534,4.653339862823486,4.653339862823486,175512200,4.7690942873722415
2011-10-18 00:00:00+00:00,5.2398311795403165,4.7536611852387844,5.1240763664245605,496883800,4.838548097253593
2011-10-19 00:00:00+00:00,5.293848699637739,4.915716465676463,4.938867568969727,318554300,5.154942815826767
2011-10-20 00:00:00+00:00,5.000602268176278,4.769092757400602,4.992885112762451,254971700,4.962017227055591
2011-10-21 00:00:00+00:00,5.131794047170434,4.923435509578825,4.985171318054199,252586400,5.085492190813904
2011-10-24 00:00:00+00:00,5.201243555216459,5.008319084450729,5.18580961227417,217032400,5.0854891671364015
2011-10-25 00:00:00+00:00,5.147227999289277,4.985171318054199,4.985171318054199,200837500,5.131794047170434
2011-10-26 00:00:00+00:00,5.139507890507441,4.969734514605739,5.085489273071289,208197400,5.077772117452277
2011-10-27 00:00:00+00:00,5.579375289337883,5.324715065969738,5.571658134460449,408959900,5.486771638653867
2011-10-28 00:00:00+00:00,5.733716645846089,5.440471652860491,5.671980857849121,273167300,5.463622389372192
2011-10-31 00:00:00+00:00,5.525355890410489,5.262978900021869,5.270695686340332,252026900,5.471337282258741
2011-11-01 00:00:00+00:00,5.154942815826767,4.87713178415343,4.938867568969727,371823200,4.9234336227656526
2011-11-02 00:00:00+00:00,5.201243555216459,5.070055224194112,5.18580961227417,216830700,5.18580961227417
2011-11-03 00:00:00+00:00,5.38645077282796,5.077771572693924,5.332431793212891,244340400,5.332431793212891
2011-11-04 00:00:00+00:00,5.208962007759294,4.977452438002487,5.008320331573486,266446300,5.193528060973795
2011-11-07 00:00:00+00:00,5.085490270140066,4.861697864950909,4.977452278137207,192433500,4.969735488979462
2011-11-08 00:00:00+00:00,5.085489742235579,4.938867083715704,5.039187908172607,219000600,5.046904696529302
2011-11-09 00:00:00+00:00,4.907998074307358,4.745941508082054,4.753658294677734,265539000,4.869413037406406
2011-11-10 00:00:00+00:00,4.884849079895338,4.637905915018696,4.653339862823486,324988000,4.877132289980114
2011-11-11 00:00:00+00:00,4.853980696205314,4.722791969068797,4.792244911193848,210025900,4.722791969068797
2011-11-14 00:00:00+00:00,4.77681030632276,4.645621597274312,4.6687726974487305,225481700,4.753659206148341
2011-11-15 00:00:00+00:00,4.815395318949273,4.630187976516276,4.730508804321289,268228500,4.637905133104791
2011-11-16 00:00:00+00:00,4.699641735839662,4.553019046783447,4.553019046783447,292502400,4.699641735839662
2011-11-17 00:00:00+00:00,4.6533407217911815,4.468132945971556,4.4758501052856445,285881900,4.614755661169557
2011-11-18 00:00:00+00:00,4.545302378772495,4.437264731813345,4.460415840148926,227038600,4.522151638411297
2011-11-21 00:00:00+00:00,4.383242547948351,4.228903164137328,4.23661994934082,269658300,4.367808609567248
2011-11-22 00:00:00+00:00,4.313792932090939,4.105434438782799,4.14401912689209,270959000,4.259773927168693
2011-11-23 00:00:00+00:00,4.09771740727642,3.958811863427422,3.9665286540985107,264978500,4.090000616605331
2011-11-25 00:00:00+00:00,4.11314993472325,3.951093338933374,3.989678382873535,138425100,3.9819612268958027
2011-11-28 00:00:00+00:00,4.267490091107902,3.966527606928139,4.051414489746094,345537900,4.2443389892578125
2011-11-29 00:00:00+00:00,4.074565930331789,3.881641414781453,3.9202260971069336,333749700,4.005112986981889
2011-11-30 00:00:00+00:00,4.20631742477417,4.005280020052205,4.20631742477417,436268200,4.1753886500015716
2011-12-01 00:00:00+00:00,4.353227999999091,4.090333123593472,4.275906085968018,315495500,4.15219065481833
2011-12-02 00:00:00+00:00,4.5465334662021375,4.337764091157142,4.360960483551025,283132900,4.384157244644918
2011-12-05 00:00:00+00:00,4.600658567233842,4.430550340010241,4.476943492889404,293977700,4.531069022265099
2011-12-06 00:00:00+00:00,4.577464224227151,4.407355552155102,4.469213485717773,254787200,4.438284334586353
2011-12-07 00:00:00+00:00,4.577463698133956,4.407355045612691,4.554266929626465,244700100,4.430551814120183
2011-12-08 00:00:00+00:00,4.546536237691167,4.275909159692933,4.322302341461182,286031100,4.5156074498456675
2011-12-09 00:00:00+00:00,4.523338821860049,4.353230512800605,4.422820091247559,293654100,4.384159296265958
2011-12-12 00:00:00+00:00,4.330032426431909,4.175388556048655,4.214049339294434,191824000,4.322300417262782
2011-12-13 00:00:00+00:00,4.3300315328543,4.036207871061689,4.113530158996582,227194200,4.299102765160341
2011-12-14 00:00:00+00:00,4.152191239002022,4.020743782305493,4.043940544128418,226723100,4.0516725522693795
2011-12-15 00:00:00+00:00,4.152190686254506,4.028475622868143,4.067136764526367,196092100,4.121261920407915
2011-12-16 00:00:00+00:00,4.190852950138337,3.9898155496017784,4.020744323730469,227111300,4.105798636934403
2011-12-19 00:00:00+00:00,4.0362090471701775,3.8042432218730986,3.858368396759033,344317700,4.020744658817039
2011-12-20 00:00:00+00:00,4.03620840689529,3.8970289337954678,3.9975476264953613,239246100,3.95115446879542
2011-12-21 00:00:00+00:00,4.059404929110362,3.9434218573957756,4.043940544128418,203711800,4.005279397323549
2011-12-22 00:00:00+00:00,4.260442787355338,4.028476617531611,4.229513645172119,303085900,4.067137768735586
2011-12-23 00:00:00+00:00,4.3532286337318915,4.229513184572,4.330031871795654,190712000,4.283638716623204
2011-12-27 00:00:00+00:00,4.314567970486271,4.221781649738195,4.237246036529541,158575400,4.291371574649284
2011-12-28 00:00:00+00:00,4.221781895153401,4.074870027745489,4.090334415435791,146104500,4.214049516958207
2011-12-29 00:00:00+00:00,4.237246117739588,4.082602246862259,4.2217817306518555,168098500,4.0903342560560905
2011-12-30 00:00:00+00:00,4.3145690813246,4.152192793859681,4.299104690551758,176441000,4.167657184632524
2012-01-03 00:00:00+00:00,4.554267850627812,4.438284722035551,4.484678268432617,246293200,4.4460171026684625
2012-01-04 00:00:00+00:00,4.546537187855605,4.345499656145517,4.4924116134643555,243711200,4.415089627691365
2012-01-05 00:00:00+00:00,4.909948037913024,4.415087229108433,4.879019260406494,547780000,4.446016006614963
2012-01-06 00:00:00+00:00,4.871286772220518,4.685713756696842,4.778500080108643,299630600,4.80169684531163
2012-01-09 00:00:00+00:00,4.925412110618796,4.786232620770101,4.848090171813965,240614400,4.8403581622835254
2012-01-10 00:00:00+00:00,5.149646461540097,4.979538178198287,5.126450061798096,354292100,4.979538178198287
2012-01-11 00:00:00+00:00,5.335218496395982,5.041394784631263,5.312021732330322,354039600,5.103252330539613
2012-01-12 00:00:00+00:00,5.4280051485768,5.149645806195917,5.25016450881958,362099600,5.404808383086694
2012-01-13 00:00:00+00:00,5.172842831901793,4.956341028336802,5.110985279083252,337048400,5.018198581155343
2012-01-17 00:00:00+00:00,5.273360540310041,4.979536851399798,5.010465621948242,294196500,5.12644869585492
2012-01-18 00:00:00+00:00,5.257898330688477,4.9950033035439985,5.257898330688477,302497700,5.0259320868903865
2012-01-19 00:00:00+00:00,5.636774892678825,5.219236039050771,5.381612300872803,491008100,5.574917339356165
2012-01-20 00:00:00+00:00,5.474398230868994,5.281093206509495,5.466666221618652,236630700,5.373879529714037
2012-01-23 00:00:00+00:00,5.698634678715436,5.497597551650838,5.60584831237793,339942200,5.513061946040422
2012-01-24 00:00:00+00:00,5.683167221274629,5.4589334391305995,5.636774063110352,228810300,5.49759458861752
2012-01-25 00:00:00+00:00,5.69863280054768,5.528524518326908,5.683168411254883,249340100,5.567185307208839
2012-01-26 00:00:00+00:00,5.7991498254972,5.590380446527302,5.644505977630615,265938800,5.760488679180546
2012-01-27 00:00:00+00:00,5.683167221274629,5.567184141513913,5.636774063110352,230914000,5.574916518891316
2012-01-30 00:00:00+00:00,5.52852377042168,5.428005069266723,5.466666221618652,231240100,5.513059383220923
2012-01-31 00:00:00+00:00,5.559453260500564,5.4512025361599745,5.513060092926025,212736300,5.543988871309051
2012-02-01 00:00:00+00:00,5.752756913857355,5.574916296957328,5.69089937210083,318811000,5.605845067835591
2012-02-02 00:00:00+00:00,5.791417758194865,5.667702673291381,5.760488986968994,232425400,5.745024601356059
2012-02-03 00:00:00+00:00,6.100707316909555,5.899670255244793,6.062046527862549,364195700,5.922866654932972
2012-02-06 00:00:00+00:00,6.162566184997559,6.007922258519657,6.162566184997559,236316000,6.0233866511674465
2012-02-07 00:00:00+00:00,6.17802868084466,6.031117180146055,6.069777965545654,253694200,6.147099905044944
2012-02-08 00:00:00+00:00,6.301742741311389,6.1316345025602965,6.28627872467041,436439700,6.154831264921824
2012-02-09 00:00:00+00:00,6.456389131514791,6.263084076528124,6.324941635131836,480206700,6.425460352212935
2012-02-10 00:00:00+00:00,6.278547918084406,6.170297193620915,6.23988676071167,254420800,6.224422740202722
2012-02-13 00:00:00+00:00,6.425459041802242,6.34813674061661,6.37906551361084,308490200,6.394530268808012
2012-02-14 00:00:00+00:00,6.317209514732602,6.14710085290398,6.170297622680664,384682800,6.301744755748048
2012-02-15 00:00:00+00:00,6.2785477425986045,6.007920754653858,6.015653133392334,372981400,6.193493788676043
2012-02-16 00:00:00+00:00,6.286279842772484,5.922866169570579,6.2553510665893555,337131800,5.961527324149537
2012-02-17 00:00:00+00:00,6.247617591354386,6.123902508341438,6.2012248039245605,355445600,6.216688820601149
2012-02-21 00:00:00+00:00,6.340405306408389,6.18576141842774,6.270815372467041,333407700,6.208957817274781
2012-02-22 00:00:00+00:00,6.286279345447349,6.147099494934082,6.147099494934082,228867800,6.2321541757589145
2012-02-23 00:00:00+00:00,6.224421197639473,6.108438122964819,6.2012248039245605,144231800,6.1625632874329686
2012-02-24 00:00:00+00:00,6.255350918241422,6.092974662780762,6.092974662780762,163128200,6.224422142791781
2012-02-27 00:00:00+00:00,6.224421487200281,5.930597782675785,6.216689109802246,298930800,6.023384099251927
2012-02-28 00:00:00+00:00,6.301744641316943,6.185761900640054,6.278548240661621,193443200,6.224423059999111
2012-02-29 00:00:00+00:00,6.379190002520697,6.170163154602051,6.170163154602051,266720500,6.317256176345502
2012-03-01 00:00:00+00:00,6.3249980407281345,6.232097302177213,6.286289215087891,197850100,6.26306421502752
2012-03-02 00:00:00+00:00,6.355963042922637,6.270804242761102,6.294029235839844,143887500,6.278545414914537
2012-03-05 00:00:00+00:00,6.294031176107165,6.154679698058253,6.170163154602051,196328300,6.263064263019567
2012-03-06 00:00:00+00:00,6.0308116141011805,5.930168969191811,5.968877792358398,262871200,6.023070070960681
2012-03-07 00:00:00+00:00,6.208871841430664,6.0153280967447325,6.208871841430664,328331900,6.046295007297355
2012-03-08 00:00:00+00:00,6.286289076089518,6.193388339592757,6.23983907699585,160282000,6.247580251305178
2012-03-09 00:00:00+00:00,6.340480001790973,6.201129287871038,6.232096195220947,195281400,6.28628809850596
2012-03-12 00:00:00+00:00,6.239839665940014,6.123713180626455,6.185647010803223,165298900,6.201130837502161
2012-03-13 00:00:00+00:00,6.580474837712485,6.232096905730761,6.572732925415039,385984100,6.247579992016259
2012-03-14 00:00:00+00:00,6.890143728914252,6.626925363898513,6.843693733215332,488077000,6.704342269499835
2012-03-15 00:00:00+00:00,7.1611056176785635,6.851436480886518,7.1533637046813965,489593000,6.952078396611837
2012-03-16 00:00:00+00:00,7.5869011878967285,7.223039400669022,7.5869011878967285,582294100,7.284973227647
2012-03-19 00:00:00+00:00,7.819152828079672,7.362390334274328,7.377873420715332,669479900,7.571416800238993
2012-03-20 00:00:00+00:00,7.718508831743135,7.424322857739173,7.594641208648682,451213900,7.455289763512786
2012-03-21 00:00:00+00:00,7.76496007982629,7.540449792000705,7.602383613586426,326573800,7.710768170516132
2012-03-22 00:00:00+00:00,7.563674063178037,7.370130723649132,7.432064533233643,264520500,7.4785145212674005
2012-03-23 00:00:00+00:00,7.625612258911133,7.277233456728951,7.625612258911133,283110900,7.33142612501822
2012-03-26 00:00:00+00:00,7.772702214723489,7.6256095688218,7.6875433921813965,241605700,7.749477215540994
2012-03-27 00:00:00+00:00,7.66431595002093,7.416580711682891,7.432064533233643,250069600,7.64109095600405
2012-03-28 00:00:00+00:00,7.571415588819712,7.416581057636041,7.548190593719482,234021500,7.4475479638727755
2012-03-29 00:00:00+00:00,7.493999891415169,7.300456511891508,7.377873420715332,253625800,7.455291067848557
2012-03-30 00:00:00+00:00,7.463033787295225,7.238523472301037,7.408841133117676,250234500,7.439808047657927
2012-04-02 00:00:00+00:00,7.57141879460294,7.284974606053674,7.494001865386963,179229000,7.38561727851308
2012-04-03 00:00:00+00:00,7.486260077921191,7.284974729589071,7.3469085693359375,190453400,7.486260077921191
2012-04-04 00:00:00+00:00,7.246261207455194,7.0836847987153755,7.122393608093262,228560600,7.23852003622692
2012-04-05 00:00:00+00:00,7.277232315255908,7.052721977015086,7.145622730255127,180868100,7.075947719057264
2012-04-09 00:00:00+00:00,6.998527992899584,6.835951538067353,6.913369178771973,211427600,6.998527992899584
2012-04-10 00:00:00+00:00,7.037237181799769,6.580474702001901,6.611441612243652,377220000,6.9443364510745145
2012-04-11 00:00:00+00:00,6.897885456663277,6.7507928231343595,6.8591766357421875,252563700,6.797242817592186
2012-04-12 00:00:00+00:00,7.106910687177356,6.897883554820776,7.09916877746582,223979900,6.9133673742438475
2012-04-16 00:00:00+00:00,6.9133700867838614,6.673375959725838,6.804985523223877,217284500,6.866919348598315
2012-04-17 00:00:00+00:00,6.967562992219428,6.866920327068003,6.9056291580200195,193424400,6.944337988972036
2012-04-18 00:00:00+00:00,6.967562992219428,6.84369532382061,6.9056291580200195,160064100,6.874662240920315
2012-04-19 00:00:00+00:00,7.099172753163033,6.712085910518634,6.789503574371338,348804500,7.0914308391158505
2012-04-20 00:00:00+00:00,6.797242174287981,6.4488642955880415,6.4720892906188965,277965300,6.797242174287981
2012-04-23 00:00:00+00:00,6.425640566756263,6.154679530868272,6.33273983001709,256073900,6.208872181031526
2012-04-24 00:00:00+00:00,6.402415877255875,6.270806309256722,6.3559651374816895,192443800,6.386932051227992
2012-04-25 00:00:00+00:00,6.464347635161252,6.324996198762089,6.39467191696167,164902400,6.425638820793792
2012-04-26 00:00:00+00:00,6.503056697726321,6.32499715825748,6.402414798736572,131586300,6.340480243367696
2012-04-27 00:00:00+00:00,6.4566076350251524,6.340481157562946,6.386931896209717,120948200,6.4566076350251524
2012-04-30 00:00:00+00:00,6.379191391524753,6.224356792373104,6.278548717498779,137422300,6.363708300764391
2012-05-01 00:00:00+00:00,6.503057510305018,6.25532221111151,6.433382511138916,177953400,6.278547210833544
2012-05-02 00:00:00+00:00,6.371448847259785,6.286290010720559,6.317256927490234,136208900,6.355965758029713
2012-05-03 00:00:00+00:00,6.332739451156158,6.123712252266159,6.193387985229492,204584500,6.332739451156158
2012-05-04 00:00:00+00:00,6.131453111303176,5.961134764236629,5.992101669311523,194857200,6.115969658765729
2012-05-07 00:00:00+00:00,6.193388137657376,5.930169023677434,6.162421226501465,167662600,5.968877847199672
2012-05-08 00:00:00+00:00,6.115970494991389,5.953394036542091,6.030811309814453,180627900,6.092745128432342
2012-05-09 00:00:00+00:00,6.05403690487469,5.922427350766918,5.984361171722412,174742300,5.9379108060057915
2012-05-10 00:00:00+00:00,6.146938681547479,5.9379118157019315,5.961136817932129,156787300,6.123713310162528
2012-05-11 00:00:00+00:00,6.015328294240451,5.736625720961768,5.845010280609131,245533600,5.79081800078545
2012-05-14 00:00:00+00:00,5.821786071929813,5.690176486968994,5.690176486968994,170716800,5.705659945837633
2012-05-15 00:00:00+00:00,5.845008747060506,5.612756602071563,5.65146541595459,201254900,5.705657312405298
2012-05-16 00:00:00+00:00,5.783075236658156,5.481147708743865,5.504373073577881,216226100,5.728883333969873
2012-05-17 00:00:00+00:00,5.612757197457242,5.365021574466905,5.403730392456055,241468300,5.4966311126444385
2012-05-18 00:00:00+00:00,5.442440017265796,5.334055458490445,5.434698104858398,223783500,5.426956561605703
2012-05-21 00:00:00+00:00,5.50437304922839,5.202445153495076,5.287604331970215,229980800,5.4424392354845255
2012-05-22 00:00:00+00:00,5.535339930633588,5.310829672267671,5.403730392456055,221551500,5.357280032361863
2012-05-23 00:00:00+00:00,5.55082368850708,5.3030880519263865,5.55082368850708,194441500,5.341796872039036
2012-05-24 00:00:00+00:00,5.674692850787301,5.426957516629891,5.527599811553955,206041500,5.620500931017751
2012-05-25 00:00:00+00:00,5.612758064766757,5.473406962951,5.535340785980225,108661200,5.473406962951
2012-05-29 00:00:00+00:00,5.767592522017963,5.589532599328773,5.759850978851318,159872200,5.635983334947429
2012-05-30 00:00:00+00:00,5.744348311533026,5.504031485008001,5.581552982330322,206801500,5.682331113675168
2012-05-31 00:00:00+00:00,5.713338788686965,5.457517704066892,5.697834491729736,203267300,5.589304413029135
2012-06-01 00:00:00+00:00,5.573799969191808,5.379996077507746,5.442013263702393,240859000,5.519534746445699
2012-06-04 00:00:00+00:00,5.504029075608527,5.310225232314906,5.3489861488342285,163821500,5.504029075608527
2012-06-05 00:00:00+00:00,5.5350378604592985,5.348986341624403,5.504029273986816,147346700,5.356738303416768
2012-06-06 00:00:00+00:00,6.023423659842226,5.566046454291107,5.922645568847656,356852900,5.612559334061329
2012-06-07 00:00:00+00:00,6.124201474520548,5.72108949838168,5.752098083496094,276170400,6.054431973187372
2012-06-08 00:00:00+00:00,5.876133376797378,5.581551400791056,5.860629081726074,234555000,5.697833798651609
2012-06-11 00:00:00+00:00,6.023426445234577,5.643570899963379,5.643570899963379,204590700,5.984665509342884
2012-06-12 00:00:00+00:00,5.814115437122812,5.597054964823565,5.806363105773926,148255600,5.674576799706406
2012-06-13 00:00:00+00:00,5.899391257473811,5.697835009077486,5.814117431640625,162374500,5.736595939815743
2012-06-14 00:00:00+00:00,5.961408947543073,5.775356982012847,5.938152313232422,157528300,5.829622215636593
2012-06-15 00:00:00+00:00,6.124202251434326,5.852876912437241,6.124202251434326,211751900,5.98466323106611
2012-06-18 00:00:00+00:00,6.131954717368592,5.992416055194323,6.01567268371582,140319900,6.023424646788605
2012-06-19 00:00:00+00:00,6.3645191625022175,6.093193816636481,6.286997318267822,248771500,6.108698111553051
2012-06-20 00:00:00+00:00,6.372271274507308,6.217228330701197,6.310254096984863,213582800,6.325758021713939
2012-06-21 00:00:00+00:00,6.333511134235798,6.046681468021472,6.062185764312744,227157600,6.2869978757104
2012-06-22 00:00:00+00:00,6.2094771507323525,6.038929511252309,6.155211925506592,142219300,6.178468186566486
2012-06-25 00:00:00+00:00,6.000167870022587,5.860629211295862,5.891637802124023,151907200,6.000167870022587
2012-06-26 00:00:00+00:00,5.953654568483579,5.798611625157783,5.90714168548584,129776500,5.930398311810476
2012-06-27 00:00:00+00:00,6.062184109860849,5.899388858405722,6.023423194885254,111335500,5.953653695789776
2012-06-28 00:00:00+00:00,6.007917791916144,5.8373706107922425,6.0001654624938965,133125300,5.907139727335405
2012-06-29 00:00:00+00:00,6.35676865444569,6.162964727546107,6.341264724731445,258769800,6.2017256607866855
2012-07-02 00:00:00+00:00,6.3645190720783935,6.1009456925898835,6.240484714508057,152974000,6.356766739904476
2012-07-03 00:00:00+00:00,6.2947506088797756,6.209477158682185,6.2482380867004395,57653700,6.2482380867004395
2012-07-05 00:00:00+00:00,6.248237689459592,6.062185764312744,6.062185764312744,120162000,6.224980690545311
2012-07-06 00:00:00+00:00,6.046682780479912,5.93040034822998,5.938152313232422,116595200,5.961408947543073
2012-07-09 00:00:00+00:00,5.9691591472251995,5.837372823944895,5.860629081726074,87078300,5.914894299301413
2012-07-10 00:00:00+00:00,5.94590311126542,5.73659493516847,5.798612117767334,101758300,5.930398815615705
2012-07-11 00:00:00+00:00,5.9614084294426295,5.775356480082005,5.914895534515381,128619400,5.806365076700171
2012-07-12 00:00:00+00:00,5.852877337367124,5.75985119381726,5.798612117767334,107637000,5.837373041717408
2012-07-13 00:00:00+00:00,6.069937727632589,5.852877579554778,6.062185764312744,177154500,5.860629542874623
2012-07-16 00:00:00+00:00,6.170716237157356,6.0234252280452445,6.054433822631836,109439900,6.147459606391609
2012-07-17 00:00:00+00:00,6.14746000647012,6.007921321749241,6.139708042144775,127266800,6.139708042144775
2012-07-18 00:00:00+00:00,6.147459683263963,5.8141171024639435,5.837373733520508,254341100,6.108699124371836
2012-07-19 00:00:00+00:00,5.930400077240603,5.51953560063905,5.628066062927246,260959200,5.860630547148427
2012-07-20 00:00:00+00:00,5.5893039963918145,5.47302159305471,5.48077392578125,160463000,5.5893039963918145
2012-07-23 00:00:00+00:00,5.542791173929722,5.348987289314358,5.496278285980225,168638000,5.379995881280691
2012-07-24 00:00:00+00:00,5.5660462420486505,5.4032509842347665,5.457516193389893,138286700,5.550541949383113
2012-07-25 00:00:00+00:00,5.550543072062257,5.4342610383767225,5.48077392578125,117241300,5.511782517384269
2012-07-26 00:00:00+00:00,5.612559617414233,5.511781890983357,5.558294773101807,121121500,5.59705532337475
2012-07-27 00:00:00+00:00,5.736592877368159,5.5350367365714375,5.666823387145996,146210900,5.581549606835734
2012-07-30 00:00:00+00:00,5.721092402095085,5.628066599537037,5.643570899963379,74683800,5.643570899963379
2012-07-31 00:00:00+00:00,5.690079212188721,5.589301155869251,5.690079212188721,86093200,5.643566348422361
2012-08-01 00:00:00+00:00,5.705584407026567,5.589302044301629,5.5970540046691895,97187800,5.697832077007566
2012-08-02 00:00:00+00:00,5.628065706814017,5.504030953425984,5.5660481452941895,112848000,5.519535251393035
2012-08-03 00:00:00+00:00,5.806363864064539,5.63581661828273,5.759850978851318,130250800,5.659073245715117
2012-08-06 00:00:00+00:00,5.953654155361138,5.767602636280247,5.922645568847656,112657000,5.775354598082863
2012-08-07 00:00:00+00:00,6.085441966544766,5.9381509683406835,5.945903301239014,119572200,5.976911893529181
2012-08-08 00:00:00+00:00,6.023424781964432,5.868381820513596,5.945903301239014,73353500,5.8761337837603485
2012-08-09 00:00:00+00:00,6.015671967195964,5.945902459593213,5.984663009643555,59676500,5.95365442174267
2012-08-10 00:00:00+00:00,6.015670121338391,5.914892056757653,6.0001654624938965,50443800,5.938148305721569
2012-08-13 00:00:00+00:00,6.069936811196749,5.95365442174267,5.984663009643555,58341300,5.984663009643555
2012-08-14 00:00:00+00:00,6.124201851307053,6.000167133566772,6.0311760902404785,104644000,6.0311760902404785
2012-08-15 00:00:00+00:00,6.100945472717285,5.992415413754566,6.100945472717285,73559200,6.007919707892097
2012-08-16 00:00:00+00:00,6.170716616019311,6.069938492599637,6.147459983825684,78181200,6.116451387335265
2012-08-17 00:00:00+00:00,6.2947507924786805,6.155212112915933,6.201725006103516,138307600,6.178468374683916
2012-08-20 00:00:00+00:00,6.349013670784796,6.186218780195507,6.318005084991455,100276900,6.186218780195507
2012-08-21 00:00:00+00:00,6.51180955814535,6.325758025467614,6.3490142822265625,190820700,6.395527535047533
2012-08-22 00:00:00+00:00,6.449791677958976,6.294748750950922,6.372270584106445,140333800,6.310253413303224
2012-08-23 00:00:00+00:00,6.411031581674479,6.2947488304722,6.318005084991455,98866200,6.372270664607052
2012-08-24 00:00:00+00:00,6.3645189008704985,6.224979882705977,6.32575798034668,88822200,6.294749391788238
2012-08-27 00:00:00+00:00,6.356768635624299,6.2404865755501655,6.255990505218506,96142100,6.356768635624299
2012-08-28 00:00:00+00:00,6.286997359848812,6.162962999695919,6.17071533203125,96280400,6.232732512107697
2012-08-29 00:00:00+00:00,6.279246864401102,6.1862207083743215,6.201725006103516,106910900,6.1862207083743215
2012-08-30 00:00:00+00:00,6.162962302809959,6.069936543214312,6.131953716278076,91900100,6.162962302809959
2012-08-31 00:00:00+00:00,6.217229109710579,6.108698665796065,6.193972110748291,91730500,6.201724443735721
2012-09-04 00:00:00+00:00,6.2869984587882755,6.162964076954722,6.201725006103516,81461800,6.201725006103516
2012-09-05 00:00:00+00:00,6.225008772235353,6.155151580751618,6.170675277709961,55769500,6.201722671626645
2012-09-06 00:00:00+00:00,6.481149196624756,6.232769334207236,6.481149196624756,200570300,6.240531366832697
2012-09-07 00:00:00+00:00,6.830435752868653,6.558770404312694,6.830435752868652,232843000,6.574294476906074
2012-09-10 00:00:00+00:00,6.923576964827412,6.6208642551627195,6.659673690795898,190045600,6.861482163905693
2012-09-11 00:00:00+00:00,7.024479067459734,6.659671667695882,7.008955001831055,201630400,6.698481091539388
2012-09-12 00:00:00+00:00,7.133149876830216,6.8847705636696945,6.9623894691467285,204167100,7.10210246268515
2012-09-13 00:00:00+00:00,7.358241679936893,6.838197828920218,7.296146869659424,330759200,6.900292639197687
2012-09-14 00:00:00+00:00,7.598858699371706,7.334955417722338,7.412574291229248,329619800,7.451383727982702
2012-09-17 00:00:00+00:00,7.366002277595047,7.195241952798159,7.218527317047119,141409300,7.288384150022384
2012-09-18 00:00:00+00:00,7.210764137879645,7.055527167141902,7.1641926765441895,150503600,7.109859921843046
2012-09-19 00:00:00+00:00,7.342717965492454,7.187480947874658,7.210766315460205,126360100,7.241813718983765
2012-09-20 00:00:00+00:00,7.179719673700162,7.047768009667927,7.133148193359375,111354300,7.094339490008714
2012-09-21 00:00:00+00:00,7.257336731780045,7.047766233407755,7.071051597595215,155865300,7.257336731780045
2012-09-24 00:00:00+00:00,7.140906316210131,6.946859944898834,7.06328821182251,113331700,6.977907334699514
2012-09-25 00:00:00+00:00,7.148670091840386,6.9158142414419075,6.931338310241699,146678000,7.117622694469145
2012-09-26 00:00:00+00:00,6.915814588692445,6.752815559251987,6.8459577560424805,158640100,6.877005154972645
2012-09-27 00:00:00+00:00,7.04000763439502,6.908055939221308,6.9623894691467285,119023800,6.939103353366373
2012-09-28 00:00:00+00:00,6.931338095605273,6.822671838056728,6.853719234466553,119039200,6.900290699195449
2012-10-01 00:00:00+00:00,7.086575809450221,6.8692440121386635,6.954624176025391,133194500,6.884767341832434
2012-10-02 00:00:00+00:00,7.071051228298113,6.8925288784705625,6.931338310241699,109601600,7.0632899341265585
2012-10-03 00:00:00+00:00,7.078813632400496,6.9158146026315075,7.071051597595215,115670100,6.97014736581171
2012-10-04 00:00:00+00:00,7.311668951800686,7.102098468996689,7.3039069175720215,160486300,7.140907899911688
2012-10-05 00:00:00+00:00,7.490192475568696,7.164194388982832,7.23405122756958,204255800,7.42033637721039
2012-10-08 00:00:00+00:00,7.280623721966993,7.08657724986839,7.203004837036133,81944200,7.10986261925623
2012-10-09 00:00:00+00:00,7.280621822350504,7.016718570715902,7.148670196533203,153036100,7.241812390011
2012-10-10 00:00:00+00:00,7.195241663386278,7.032242639743044,7.148670196533203,110640900,7.13314612750606
2012-10-11 00:00:00+00:00,7.311669939855826,7.218527737210148,7.249575138092041,122925800,7.288384574251514
2012-10-12 00:00:00+00:00,7.203005573445475,7.024483156172974,7.078815937042236,158562500,7.109863346143046
2012-10-16 00:00:00+00:00,7.4513824736120515,7.280621424779941,7.342716217041016,172663600,7.397048975212377
2012-10-17 00:00:00+00:00,7.451382149021996,7.218526318072256,7.3271918296813965,229733500,7.311668502406496
2012-10-18 00:00:00+00:00,7.42809484606493,7.2728578972884526,7.3504767417907715,149739000,7.280619929784317
2012-10-19 00:00:00+00:00,7.412572720492326,7.288383141380007,7.3271918296813965,169451300,7.311668502406496
2012-10-22 00:00:00+00:00,7.420336326625626,7.303908016365262,7.412574291229248,132617600,7.350479488515095
2012-10-23 00:00:00+00:00,7.350479480588559,7.203003769130152,7.265098571777344,160627600,7.327193374424535
2012-10-24 00:00:00+00:00,7.366004626773786,7.218529619192878,7.226291656494141,120868300,7.334957217797351
2012-10-25 00:00:00+00:00,7.311667301805137,7.117620931248161,7.1719536781311035,121778900,7.27285787964811
2012-10-26 00:00:00+00:00,7.1952442763417395,7.024483156172974,7.078815937042236,124687200,7.117625383475404
2012-10-31 00:00:00+00:00,7.257337333917458,7.102099585845376,7.23405122756958,94925500,7.140909022863396
2012-11-01 00:00:00+00:00,7.567811092192109,7.195242286039984,7.560049057006836,205700000,7.249575051880065
2012-11-02 00:00:00+00:00,7.738575186975464,7.583338123793294,7.645432949066162,220993300,7.660956285270026
2012-11-05 00:00:00+00:00,7.707523711933157,7.466905835651769,7.56781005859375,121104400,7.629904851138305
2012-11-06 00:00:00+00:00,7.738573317580796,7.567812219216538,7.715287208557129,132533500,7.629907029489264
2012-11-07 00:00:00+00:00,7.505714752395491,7.156431383178501,7.1641926765441895,286124300,7.474667358247942
2012-11-08 00:00:00+00:00,7.4513849366948515,7.280623831417027,7.28838586807251,223927000,7.3660040139416605
2012-11-09 00:00:00+00:00,7.4436208970878255,7.195241712775456,7.319431304931641,141093100,7.218527076247651
2012-11-12 00:00:00+00:00,7.389290123908108,7.280623831417027,7.28838586807251,68498300,7.373766050597143
2012-11-13 00:00:00+00:00,7.4125737716012905,7.203003271960774,7.241812705993652,119629700,7.226289376517532
2012-11-14 00:00:00+00:00,7.311671166110645,6.946863589394484,6.977910995483398,197392900,7.28062376002173
2012-11-15 00:00:00+00:00,7.140908324820666,7.00119540153292,7.055528163909912,144569800,7.008956695995083
2012-11-16 00:00:00+00:00,7.148672792576214,6.923578891538187,7.078815937042236,178995000,7.078815937042236
2012-11-19 00:00:00+00:00,7.397049002231492,7.23404998689371,7.366001605987549,146244000,7.265097383137653
2012-11-20 00:00:00+00:00,7.513475060614073,7.31166667488364,7.474665641784668,150696200,7.350476093713047
2012-11-21 00:00:00+00:00,7.591095740176799,7.474668184313526,7.583334445953369,132499300,7.5057155818922885
2012-11-23 00:00:00+00:00,7.684237480163574,7.606619360904042,7.684237480163574,59048000,7.637666756653515
2012-11-26 00:00:00+00:00,7.660954455314322,7.5678122396536995,7.637669086456299,99730900,7.62214501373193
2012-11-27 00:00:00+00:00,7.7230511576588095,7.497957229614258,7.497957229614258,149684000,7.676480408534398
2012-11-28 00:00:00+00:00,7.575572490692139,7.2806218404964795,7.575572490692139,152946500,7.420335501175569
2012-11-29 00:00:00+00:00,7.668717052452565,7.575574829980904,7.629907608032227,125905400,7.637669644962012
2012-11-30 00:00:00+00:00,7.660951692681753,7.575571544172438,7.653189659118652,108739700,7.591094871070376
2012-12-03 00:00:00+00:00,7.7152868076275105,7.591097193535649,7.606621265411377,99872800,7.707525511918136
2012-12-04 00:00:00+00:00,7.692000865936279,7.5833353318305905,7.692000865936279,144124500,7.598858662319217
2012-12-05 00:00:00+00:00,8.20480204154921,7.730849953075672,8.127104759216309,463491000,7.7463897059327325
2012-12-06 00:00:00+00:00,8.22034105343007,7.995019823836096,8.127104759216309,176607900,8.165953400382758
2012-12-07 00:00:00+00:00,8.29803891093509,8.142644335498233,8.266960144042969,192055100,8.204802610258726
2012-12-10 00:00:00+00:00,8.259191579687906,8.127106614160406,8.212573051452637,148065200,8.235882686058456
2012-12-11 00:00:00+00:00,8.321348436168174,8.158184712283452,8.16595458984375,159121300,8.266960775198703
2012-12-12 00:00:00+00:00,8.313573999446012,8.16595011163879,8.243646621704102,166819300,8.228107616081399
2012-12-13 00:00:00+00:00,8.282494827377132,8.165949697698998,8.189258575439453,106232100,8.228107198990784
2012-12-14 00:00:00+00:00,8.23587857004878,8.173721057450193,8.220338821411133,91707200,8.197029939430662
2012-12-17 00:00:00+00:00,8.54666805267334,8.26695918315545,8.54666805267334,170087700,8.274728318243268
2012-12-18 00:00:00+00:00,8.82637882232666,8.585518540300319,8.82637882232666,255238400,8.73314251241553
2012-12-19 00:00:00+00:00,8.927383165591182,8.678753057194754,8.694292068481445,193013700,8.857455762360646
2012-12-20 00:00:00+00:00,8.950692176818848,8.608825060369952,8.950692176818848,184449000,8.62436481156132
2012-12-21 00:00:00+00:00,8.818605464494281,8.639902066969693,8.771986961364746,244892300,8.702059577158428
2012-12-24 00:00:00+00:00,8.771986422251697,8.709828915883069,8.740907669067383,50657100,8.756447416147502
2012-12-26 00:00:00+00:00,9.036159706892072,8.756450819518747,8.966232299804688,146097900,8.771989831662491
2012-12-27 00:00:00+00:00,9.082777084477875,8.72537092919012,8.911844253540039,210411400,9.059468196800204
2012-12-28 00:00:00+00:00,8.927385009974467,8.756452145625556,8.82637882232666,131872200,8.795300052356284
2012-12-31 00:00:00+00:00,9.051701026604647,8.77976194646531,9.020622253417969,170837500,8.834149614297896
2013-01-02 00:00:00+00:00,9.440181079309006,9.24593866417116,9.346944808959961,236021400,9.362484557839473
2013-01-03 00:00:00+00:00,9.362487030189767,9.230402093738302,9.292559623718262,157149700,9.331408265199787
2013-01-04 00:00:00+00:00,9.409104347229004,9.26925028209887,9.409104347229004,132601900,9.300329045569585
2013-01-07 00:00:00+00:00,9.47902966607732,9.323635882891004,9.393563270568848,201403500,9.440181035036739
2013-01-08 00:00:00+00:00,9.401332940870468,9.238169286823098,9.308095932006836,168461100,9.393563066635833
2013-01-09 00:00:00+00:00,9.323640509347175,8.803070521630515,8.880767822265625,335692000,9.222634314912083
2013-01-10 00:00:00+00:00,9.176013866909797,8.966231660602995,9.152704238891602,199964900,9.020619310693132
2013-01-11 00:00:00+00:00,9.106084037822892,8.942920390063255,9.03615665435791,146136700,9.090544289952469
2013-01-14 00:00:00+00:00,9.036159309122532,8.841916849530842,8.911844253540039,110032900,9.02061955668663
2013-01-15 00:00:00+00:00,9.028388577204632,8.77975848960451,8.974000930786133,126058300,8.841916011504543
2013-01-16 00:00:00+00:00,9.160474114897667,8.911844010512858,9.152704238891602,164579300,8.997310423651095
2013-01-17 00:00:00+00:00,9.090546664828882,8.678752871370344,8.764219284057617,323622200,9.082776788863816
2013-01-18 00:00:00+00:00,8.80307002627949,8.562209741621395,8.65544605255127,179971800,8.748682363481146
2013-01-22 00:00:00+00:00,8.826374555978669,8.616593145323398,8.818605422973633,137242700,8.639902026290436
2013-01-23 00:00:00+00:00,8.888531521598493,8.725367882868385,8.872992515563965,121638200,8.841913762518988
2013-01-24 00:00:00+00:00,9.067237802350286,8.872995348556966,8.95846176147461,127870800,8.89630423553884
2013-01-25 00:00:00+00:00,9.106087215236432,8.942923510543608,9.028389930725098,100171600,9.082777585297299
2013-01-28 00:00:00+00:00,9.067235621495694,8.88076308853882,8.919610977172852,91304200,9.04392674012008
2013-01-29 00:00:00+00:00,8.997309866952836,8.857455071401658,8.927382469177246,96824100,8.872994822452283
2013-01-30 00:00:00+00:00,8.96623112911295,8.818607198629193,8.84191608428955,89130200,8.927382492361609
2013-01-31 00:00:00+00:00,8.826376384065622,8.717601089706326,8.795297622680664,97024700,8.795297622680664
2013-02-01 00:00:00+00:00,9.113855202986297,8.83414634773295,9.098316192626953,161141300,8.865225109427767
2013-02-04 00:00:00+00:00,9.08277462875411,8.904071969914435,8.919610977172852,139733000,8.997308236392872
2013-02-05 00:00:00+00:00,9.308099495636867,8.981772803583095,9.230402946472168,187785900,9.005081694234876
2013-02-06 00:00:00+00:00,9.300330592063904,9.113857239255946,9.269251823425293,173626800,9.113857239255946
2013-02-07 00:00:00+00:00,9.308099929950382,9.113857436510921,9.199324607849121,173209900,9.300330793354798
2013-02-08 00:00:00+00:00,9.245938437821062,9.10608440620927,9.137163162231445,145321100,9.214859681798888
2013-02-11 00:00:00+00:00,9.245939676322898,9.067236990502005,9.214860916137695,103510800,9.113854760291764
2013-02-12 00:00:00+00:00,9.587808803858934,9.152705328415323,9.517881393432617,232173900,9.22263273884164
2013-02-13 00:00:00+00:00,9.649965264662866,9.362486518959042,9.45572280883789,192742500,9.595577614144245
2013-02-14 00:00:00+00:00,9.53342341117355,9.378028799557775,9.424647331237793,144104800,9.393568557109923
2013-02-15 00:00:00+00:00,9.486799584971534,9.300327044273443,9.346944808959961,158242700,9.486799584971534
2013-02-19 00:00:00+00:00,9.564499010561319,9.370256551492842,9.471261978149414,170783400,9.40133531530475
2013-02-20 00:00:00+00:00,9.548957423313498,9.12939382198473,9.168242454528809,193466400,9.463491024497355
2013-02-21 00:00:00+00:00,9.113852666418554,8.818604882979235,8.872992515563965,235532400,9.113852666418554
2013-02-22 00:00:00+00:00,9.043930075318832,8.748681418768038,8.888535499572754,179268200,9.028390321353722
2013-02-25 00:00:00+00:00,9.020621245322967,8.531130066603321,8.569978713989258,206893900,9.012852108626834
2013-02-26 00:00:00+00:00,8.717603888707615,8.56997916899842,8.647676467895508,173039600,8.639906589810527
2013-02-27 00:00:00+00:00,8.83431265751513,8.632119439440473,8.787652969360352,147145400,8.671002265688664
2013-02-28 00:00:00+00:00,8.842091100614422,8.709887391130518,8.733217239379883,143546700,8.810984389067768
2013-03-01 00:00:00+00:00,8.982075171211696,8.56991089730215,8.818764686584473,189050700,8.65545420195725
2013-03-04 00:00:00+00:00,8.904305223206624,8.72544180317295,8.873198509216309,116436000,8.764325381071487
2013-03-05 00:00:00+00:00,9.106497758641039,8.966517197556657,8.982070922851562,135869700,8.989847785499016
2013-03-06 00:00:00+00:00,9.347573994126206,9.145380043593288,9.269806861877441,182557500,9.153156905146632
2013-03-07 00:00:00+00:00,9.549767000910586,9.316466350744081,9.53421401977539,212403800,9.3320200735216
2013-03-08 00:00:00+00:00,9.674194665077689,9.347574616167773,9.386457443237305,209777100,9.658641682578352
2013-03-11 00:00:00+00:00,9.50311055492454,9.34757698234856,9.448673248291016,106427800,9.394236683300067
2013-03-12 00:00:00+00:00,9.471999731028491,9.262028942913789,9.33979606628418,128134700,9.417562448012317
2013-03-13 00:00:00+00:00,9.417566882235043,9.316469870909325,9.378684043884277,86216800,9.363130315229888
2013-03-14 00:00:00+00:00,9.47977972692081,9.409790177235102,9.417566299438477,115440000,9.425343163284408
2013-03-15 00:00:00+00:00,9.845284598269648,9.604207741689887,9.775294303894043,319019100,9.736411466256564
2013-03-18 00:00:00+00:00,9.8608362619161,9.534215450981549,9.767516136169434,189783300,9.557545297007607
2013-03-19 00:00:00+00:00,10.063033030293408,9.790849420038246,9.884169578552246,242939600,9.94638301756158
2013-03-20 00:00:00+00:00,10.024146450491793,9.884165894079324,9.938602447509766,219121700,9.946379309897663
2013-03-21 00:00:00+00:00,9.985265187020856,9.75974131716757,9.775294303894043,154529400,9.884168177549716
2013-03-22 00:00:00+00:00,9.853059399359935,9.705301977362556,9.767516136169434,101974400,9.81417582822155
2013-03-25 00:00:00+00:00,9.89194568025249,9.58087776757532,9.643091201782227,154320200,9.860838963149037
2013-03-26 00:00:00+00:00,9.720855716139921,9.44867145943103,9.549768447875977,135654700,9.681972144946874
2013-03-27 00:00:00+00:00,9.549770726466825,9.425343862274572,9.510887145996094,107177200,9.44089759111991
2013-03-28 00:00:00+00:00,9.549767468513064,9.417563785000128,9.472001075744629,92013900,9.518660763077218
2013-04-01 00:00:00+00:00,9.549770255876046,9.409790411378951,9.448673248291016,86281600,9.448673248291016
2013-04-02 00:00:00+00:00,9.526440405400292,9.440897125894148,9.448673248291016,102626000,9.51866354136085
2013-04-03 00:00:00+00:00,9.440899598797612,9.114278640013257,9.184268951416016,199765800,9.425345866644658
2013-04-04 00:00:00+00:00,9.324248692832144,9.114278503413557,9.285365104675293,117831400,9.18426881376734
2013-04-05 00:00:00+00:00,9.339797731345556,9.052060510206088,9.308691024780273,141061900,9.075390354719454
2013-04-08 00:00:00+00:00,9.495331764221191,9.262031081874143,9.495331764221191,101419200,9.332021360742502
2013-04-09 00:00:00+00:00,9.604204894908602,9.495331053524213,9.526437759399414,132365800,9.526437759399414
2013-04-10 00:00:00+00:00,9.64309073527433,9.534217601500563,9.580877304077148,105853900,9.57310118140945
2013-04-11 00:00:00+00:00,9.58865283727352,9.456449128921614,9.541993141174316,100241900,9.573099852454618
2013-04-12 00:00:00+00:00,9.526441110023612,9.386460513530276,9.464227676391602,88191700,9.448673947162284
2013-04-15 00:00:00+00:00,9.580877607975324,9.308694023264849,9.3164701461792,176504300,9.479780593662534
2013-04-16 00:00:00+00:00,9.611981865127879,9.394234904746225,9.549768447875977,147641900,9.495331893191173
2013-04-17 00:00:00+00:00,9.347576913825645,8.90430530818031,9.098722457885742,335408600,9.26203289330401
2013-04-18 00:00:00+00:00,9.059835762220462,8.73321500377075,8.896525382995605,220290500,9.02872905863679
2013-04-19 00:00:00+00:00,9.09094631486243,8.888753026782158,9.06761646270752,119792000,8.989850041643608
2013-04-22 00:00:00+00:00,9.13760482585232,8.99762425927963,9.114274978637695,88532300,9.083168268470706
2013-04-23 00:00:00+00:00,9.456447718590281,9.254253754602212,9.386457443237305,176816000,9.269807478743934
2013-04-24 00:00:00+00:00,9.619757870638866,9.42534077363733,9.573098182678223,120624900,9.44089449738579
2013-04-25 00:00:00+00:00,9.75196531607766,9.611984714937513,9.674198150634766,118694600,9.635315309555974
2013-04-26 00:00:00+00:00,9.689750435745138,9.55754671918793,9.65864372253418,83093200,9.596430296112265
2013-04-29 00:00:00+00:00,9.705306068117226,9.619762768870503,9.62753963470459,65432400,9.681976212257709
2013-04-30 00:00:00+00:00,9.643087714619186,9.487554185346433,9.573098182678223,89362100,9.635311594387325
2013-05-01 00:00:00+00:00,9.541994957909186,9.394237494963804,9.440897941589355,88417800,9.487557646572268
2013-05-02 00:00:00+00:00,9.495331059889818,9.370904236305597,9.479777336120605,76530500,9.464224353993762
2013-05-03 00:00:00+00:00,9.65086712659745,9.495333556227168,9.51866340637207,94322600,9.611983548594239
2013-05-06 00:00:00+00:00,10.024150499867835,9.611985526519328,10.016373634338379,265062800,9.635316123107692
2013-05-07 00:00:00+00:00,10.19523564616663,9.92305206601068,10.031925201416016,218248100,10.0474789302697
2013-05-08 00:00:00+00:00,10.249674842488412,9.985267336438977,10.125247955322266,149755400,9.993044202297549
2013-05-09 00:00:00+00:00,10.156349301983331,10.00859189544037,10.039698600769043,112952300,10.148572440240574
2013-05-10 00:00:00+00:00,10.14080094539666,10.024150924089085,10.125247955322266,87625100,10.063033770096444
2013-05-13 00:00:00+00:00,10.187458068280062,10.070807343466813,10.094137191772461,94295600,10.094137191772461
2013-05-14 00:00:00+00:00,10.38965080831581,10.125244143450843,10.37409782409668,154128100,10.140797127669973
2013-05-15 00:00:00+00:00,10.537409213102508,10.335215208035146,10.451865196228027,139728300,10.335215208035146
2013-05-16 00:00:00+00:00,10.537406800135619,10.358542685336522,10.389649391174316,117977000,10.428532958882153
2013-05-17 00:00:00+00:00,10.514079224497534,10.412982223303228,10.44408893585205,107335600,10.49852549740186
2013-05-20 00:00:00+00:00,10.576293125351,10.412982691712818,10.506302833557129,88941700,10.412982691712818
2013-05-21 00:00:00+00:00,10.545186076753378,10.389651770306152,10.451865196228027,111810300,10.52185548580077
2013-05-22 00:00:00+00:00,10.677389161633666,10.24189517565208,10.35076904296875,174531500,10.490748881927273
2013-05-23 00:00:00+00:00,10.436312097524,9.969710666521568,10.273001670837402,190522000,10.055254682469448
2013-05-24 00:00:00+00:00,10.311883222370426,10.20300937874171,10.296329498291016,83452600,10.24189294729785
2013-05-28 00:00:00+00:00,10.506301882678061,10.350768327014201,10.381875038146973,133553000,10.490748156290428
2013-05-29 00:00:00+00:00,10.545186314044944,10.319662454592693,10.482972145080566,126397300,10.350769168253604
2013-05-30 00:00:00+00:00,10.832924633087105,10.444090304452452,10.755157470703125,153383400,10.498526873135663
2013-05-31 00:00:00+00:00,10.879582051213264,10.615174644635491,10.62295150756836,160176100,10.817368631035254
2013-06-03 00:00:00+00:00,10.67738479576031,10.272997688412872,10.537405014038086,197168200,10.646278095195122
2013-06-04 00:00:00+00:00,10.630726917649005,10.350766565108849,10.389649391174316,130055400,10.506300094297824
2013-06-05 00:00:00+00:00,10.467478475850573,10.093918256666345,10.187308311462402,185778900,10.342958402789163
2013-06-06 00:00:00+00:00,10.30404490234703,10.000527433140453,10.27291488647461,142361900,10.179524838857345
2013-06-07 00:00:00+00:00,10.420782796163095,10.234001962715892,10.413000106811523,121057300,10.374087402251767
2013-06-10 00:00:00+00:00,10.545301276837073,10.319608514847113,10.350738525390625,104648500,10.498605889922807
2013-06-11 00:00:00+00:00,10.335177210862845,10.171744405728946,10.210657119750977,106369100,10.202874428506913
2013-06-12 00:00:00+00:00,10.31182591530277,10.09391583962502,10.163958549499512,117289400,10.304043227050492
2013-06-13 00:00:00+00:00,10.319609571610167,10.0939167865085,10.280696868896484,103636400,10.11726411125748
2013-06-14 00:00:00+00:00,10.304042297812467,10.140609570243326,10.17173957824707,101380700,10.296259610262046
2013-06-17 00:00:00+00:00,10.319609571610167,10.218436841433823,10.280696868896484,115441500,10.249566855165154
2013-06-18 00:00:00+00:00,10.381868959575327,10.272913547128017,10.327391624450684,67257600,10.288478924133928
2013-06-19 00:00:00+00:00,10.42856083990069,10.249563505001964,10.265128135681152,103850000,10.342953515670581
2013-06-20 00:00:00+00:00,10.226216110540042,9.961610711214675,10.03165340423584,185741100,10.179520734459992
2013-06-21 00:00:00+00:00,10.11726233988097,9.642529528047046,9.876004219055176,196004700,10.109479652261248
2013-06-24 00:00:00+00:00,9.689225188903297,9.440185096450861,9.572487831115723,159762500,9.650312488908098
2013-06-25 00:00:00+00:00,9.938268534890758,9.673662998696907,9.860443115234375,132844500,9.813747715000904
2013-06-26 00:00:00+00:00,10.00052941421488,9.86822663499878,9.930486679077148,105282000,9.992746723155516
2013-06-27 00:00:00+00:00,10.140612320840566,9.946049532493365,10.12504768371582,124616300,9.992744928263875
2013-06-28 00:00:00+00:00,10.117262862682686,9.992742823124422,10.008307456970215,90297100,10.093915540815006
2013-07-01 00:00:00+00:00,10.195087871174318,10.055002460894398,10.062785148620605,83146300,10.078349781875067
2013-07-02 00:00:00+00:00,10.195090019892293,9.961614534284433,10.03943920135498,83708600,10.078351905989308
2013-07-03 00:00:00+00:00,9.9927422899626,9.907134210685419,9.984959602355957,37971700,9.977176914749315
2013-07-05 00:00:00+00:00,10.179523183806063,10.047220452309357,10.163958549499512,80758500,10.109480473931573
2013-07-08 00:00:00+00:00,10.4052153591104,10.17952260794787,10.335172653198242,107441200,10.202869929185935
2013-07-09 00:00:00+00:00,10.52973747253418,10.311827366196072,10.52973747253418,106067300,10.405217411769547
2013-07-10 00:00:00+00:00,10.529738193682261,10.358523469503996,10.405218124389648,104353400,10.514173556119765
2013-07-11 00:00:00+00:00,10.56865085220548,10.374088059282407,10.51417350769043,93756500,10.537520835025715
2013-07-12 00:00:00+00:00,10.739865763406968,10.483042949381423,10.724300384521484,123958400,10.537520291084382
2013-07-15 00:00:00+00:00,10.84881866804167,10.70873399203117,10.8021240234375,90765200,10.841036722072971
2013-07-16 00:00:00+00:00,10.911081177549546,10.716518395429459,10.833255767822266,146041900,10.841038457234617
2013-07-17 00:00:00+00:00,11.237944132801859,10.92664402914452,11.136772155761719,249674500,10.942209405426382
2013-07-18 00:00:00+00:00,11.557027916992736,11.206814365049071,11.486985206604004,221796400,11.206814365049071
2013-07-19 00:00:00+00:00,11.486985912970125,11.362465861154414,11.479203224182129,136196600,11.486985912970125
2013-07-22 00:00:00+00:00,11.665984759698887,11.401379245426105,11.611507415771484,112416800,11.471421968874564
2013-07-23 00:00:00+00:00,11.697113140593256,11.564810401960628,11.627070426940918,113736000,11.658200439431065
2013-07-24 00:00:00+00:00,11.673767142555121,11.424727014350678,11.448074340820312,117771100,11.673767142555121
2013-07-25 00:00:00+00:00,11.55703018527686,11.315771995719553,11.541464805603027,89243300,11.37803203001857
2013-07-26 00:00:00+00:00,11.486984461729673,11.378029059057086,11.46363639831543,73777800,11.440289077099147
2013-07-29 00:00:00+00:00,11.440293772399075,11.245730950616105,11.300209045410156,88616700,11.401381059602828
2013-07-30 00:00:00+00:00,11.385816419803287,11.253513641615006,11.300209045410156,71675200,11.34690370700704
2013-07-31 00:00:00+00:00,11.557028624924888,11.339117792101025,11.362465858459473,128182500,11.346900480887173
2013-08-01 00:00:00+00:00,11.650417785762048,11.533679689361621,11.634852409362793,108554200,11.557027753960504
2013-08-02 00:00:00+00:00,11.603723170977394,11.502550444243287,11.549245834350586,83367400,11.580375847022768
2013-08-05 00:00:00+00:00,11.549247922964952,11.440292487809332,11.518117904663086,61711900,11.494770576486232
2013-08-06 00:00:00+00:00,11.486986694384662,11.3858139598525,11.393596649169922,84249800,11.47142131574982
2013-08-07 00:00:00+00:00,11.339116268223394,11.090076198119839,11.30798625946045,128693600,11.230161608652065
2013-08-08 00:00:00+00:00,11.44028959623221,11.237944157314578,11.370246887207031,88544100,11.42472496211439
2013-08-09 00:00:00+00:00,11.37024855271095,11.206815788445374,11.245728492736816,72897900,11.331336590617608
2013-08-12 00:00:00+00:00,11.261293092385785,11.144554987586266,11.214597702026367,60867500,11.175685000426528
2013-08-13 00:00:00+00:00,11.378029638232713,11.152336875792317,11.2924222946167,75777900,11.261292284011057
2013-08-14 00:00:00+00:00,11.4792032214595,11.315770467940629,11.362465858459473,78553700,11.32355315672678
2013-08-15 00:00:00+00:00,11.261290306757784,11.1367702861984,11.144552230834961,99238900,11.253507619923356
2013-08-16 00:00:00+00:00,11.261291426617808,11.058946001987978,11.222378730773926,104959000,11.121206018459011
2013-08-19 00:00:00+00:00,11.191251916377956,10.99668912383077,11.012253761291504,98384600,11.183469226548512
2013-08-20 00:00:00+00:00,11.191252828041122,10.879951889287499,11.121210098266602,114332500,11.035602729763417
2013-08-21 00:00:00+00:00,11.2690766067245,11.051166486526565,11.16012191772461,91680600,11.097861883382343
2013-08-22 00:00:00+00:00,11.362466070639659,11.206815260802296,11.339118003845215,76348300,11.261293341124599
2013-08-23 00:00:00+00:00,11.432508044428792,11.29242335465246,11.339118003845215,67699200,11.354683381708178
2013-08-26 00:00:00+00:00,11.440288188972373,11.27685546875,11.27685546875,68938900,11.30798547535436
2013-08-27 00:00:00+00:00,11.214599427580477,10.973341976496462,10.981123924255371,122534200,11.097862047017006
2013-08-28 00:00:00+00:00,11.0900796054652,10.887734115237922,10.988906860351562,96473600,10.94999415189275
2013-08-29 00:00:00+00:00,11.128991416767233,10.988905974487682,11.02781867980957,76691500,11.004471353495687
2013-08-30 00:00:00+00:00,11.0900796054652,10.94999415189275,10.988906860351562,73233400,11.074514225202403
2013-09-03 00:00:00+00:00,11.191249162828491,11.035599115527267,11.090076446533203,74628700,11.128989143908
2013-09-04 00:00:00+00:00,11.214681812354769,11.066710639096007,11.15237808227539,71132500,11.066710639096007
2013-09-05 00:00:00+00:00,11.331505178031104,11.183533218767932,11.19132137298584,71229200,11.222473247138202
2013-09-06 00:00:00+00:00,11.29256367785173,11.113440610501351,11.183531761169434,75513100,11.26919996096237
2013-09-09 00:00:00+00:00,11.284776183137277,11.19132056740735,11.27698802947998,53447300,11.222472439317327
2013-09-10 00:00:00+00:00,11.440534788295611,11.308139898447777,11.378231048583984,93180300,11.308139898447777
2013-09-11 00:00:00+00:00,11.432748234986581,11.308140746221477,11.409383773803711,81098900,11.339292618412752
2013-09-12 00:00:00+00:00,11.432748131749069,11.261412464884598,11.27698802947998,63355900,11.409383670777178
2013-09-13 00:00:00+00:00,11.3315019960657,11.25362196119442,11.284773826599121,56793400,11.261410113225361
2013-09-16 00:00:00+00:00,11.432746613002072,11.315926551818848,11.315926551818848,65276500,11.378230287362255
2013-09-17 00:00:00+00:00,11.386017539362973,11.214681908811512,11.331501960754395,73686100,11.315925656741054
2013-09-18 00:00:00+00:00,11.541780331270791,11.284777179639041,11.4561128616333,127092600,11.31592905429988
2013-09-19 00:00:00+00:00,11.549566704150541,11.354867331871915,11.378231048583984,79710700,11.526202987438472
2013-09-20 00:00:00+00:00,11.417170958124142,11.245835304260254,11.245835304260254,145174800,11.409382805057794
2013-09-23 00:00:00+00:00,11.152380546804519,10.97325746892223,11.012197494506836,127283100,11.144593135862968
2013-09-24 00:00:00+00:00,11.09786454792589,10.91095332326606,10.973257064819336,96912800,11.04334895974657
2013-09-25 00:00:00+00:00,11.090076802956835,10.92652928967686,11.012197494506836,86546100,10.996621187185308
2013-09-26 00:00:00+00:00,11.07450032073606,10.887588361961072,10.965468406677246,89352900,11.051135861689717
2013-09-27 00:00:00+00:00,10.926529684652138,10.809710346394713,10.825285911560059,79156000,10.89537781160221
2013-09-30 00:00:00+00:00,10.848648810693483,10.591645709371766,10.747405052185059,104439900,10.661736856598399
2013-10-01 00:00:00+00:00,10.840862219444643,10.755194754237147,10.825285911560059,57631000,10.786346627287077
2013-10-02 00:00:00+00:00,10.981045823911002,10.739618255035447,10.949893951416016,89186300,10.755194562642554
2013-10-03 00:00:00+00:00,10.981046830672312,10.770771115013304,10.903166770935059,95269000,10.95768236711956
2013-10-04 00:00:00+00:00,10.965469010888489,10.872013397711047,10.942105293273926,63495400,10.918741575659363
2013-10-07 00:00:00+00:00,10.864224884059604,10.747405557140782,10.755193710327148,64822700,10.833073014033308
2013-10-08 00:00:00+00:00,10.825282041720374,10.653947172554455,10.661734580993652,92746200,10.770766469051125
2013-10-09 00:00:00+00:00,10.848652552549206,10.661740533985489,10.778560638427734,96012800,10.68510500050557
2013-10-10 00:00:00+00:00,11.097868869576219,10.910957572130767,11.082292556762695,102305800,10.926533142224818
2013-10-11 00:00:00+00:00,11.121229828976508,10.988834173881134,11.051137924194336,83422000,11.09007795381991
2013-10-14 00:00:00+00:00,11.206897838639676,10.942106533270286,11.175745964050293,78367500,10.949894687597451
2013-10-15 00:00:00+00:00,11.238049356854136,11.066713680686199,11.09007740020752,102099300,11.206897483252625
2013-10-16 00:00:00+00:00,11.37823276607754,11.152381489851857,11.339293479919434,153481000,11.152381489851857
2013-10-17 00:00:00+00:00,11.417170524597168,11.222471161646414,11.417170524597168,94090800,11.25362303000977
2013-10-18 00:00:00+00:00,11.463905061642215,11.315933047743773,11.393813133239746,96986400,11.432753175987733
2013-10-21 00:00:00+00:00,11.362660178483107,11.269204530312818,11.308144569396973,91280600,11.315931983038228
2013-10-22 00:00:00+00:00,11.393812061206537,11.253628217591368,11.308144569396973,102836000,11.331508295759678
2013-10-23 00:00:00+00:00,11.276987315861701,11.03556050951691,11.066712379455566,108529700,11.2536235990875
2013-10-24 00:00:00+00:00,11.058926236279406,10.957682454897665,11.035562515258789,92566100,10.996622485078227
2013-10-25 00:00:00+00:00,11.11344096259265,11.012197195905635,11.105652809143066,58592400,11.019984606636026
2013-10-28 00:00:00+00:00,11.152384478984608,11.066716986668645,11.082292556762695,62328000,11.129020752483795
2013-10-29 00:00:00+00:00,11.12901905119179,10.949895937535633,11.019987106323242,79563100,11.105655328262587
2013-10-30 00:00:00+00:00,11.129018142060557,11.019986206098844,11.035562515258789,76624200,11.051138081699433
2013-10-31 00:00:00+00:00,11.027773921385942,10.872014549587691,10.879802703857422,105713400,11.012198355565753
2013-11-01 00:00:00+00:00,10.981046884552711,10.872014948929431,10.918743133544922,75610400,10.903166824433326
2013-11-04 00:00:00+00:00,10.99662229259107,10.903166667425168,10.934318542480469,53063200,10.973258571979416
2013-11-05 00:00:00+00:00,10.918741876129415,10.825285517660982,10.848649978637695,71809700,10.895377415152701
2013-11-06 00:00:00+00:00,10.918739353129093,10.833071168114966,10.872011184692383,66712900,10.895374897551218
2013-11-07 00:00:00+00:00,10.926528110740563,10.747405052185059,10.747405052185059,80775000,10.90316439499835
2013-11-08 00:00:00+00:00,11.15237808227539,10.778555701799121,11.15237808227539,158227300,10.794131262959441
2013-11-11 00:00:00+00:00,11.230263658979233,11.090079825752772,11.21468734741211,66357400,11.11344429310346
2013-11-12 00:00:00+00:00,11.261409981273825,11.10565065607538,11.15237808227539,69498300,11.160166234215074
2013-11-13 00:00:00+00:00,11.40159797668457,11.05892659135639,11.40159797668457,128018500,11.105654777617259
2013-11-14 00:00:00+00:00,11.541783494128198,11.378235921661142,11.52620792388916,128999400,11.432752274296481
2013-11-15 00:00:00+00:00,11.64302505338644,11.502841977409004,11.619661331176758,105475300,11.518417544642347
2013-11-18 00:00:00+00:00,11.814360749269238,11.572933144038053,11.619661331176758,145554400,11.666388775596124
2013-11-19 00:00:00+00:00,11.91560379145431,11.658600635044372,11.837723731994629,161505600,11.666388046814907
2013-11-20 00:00:00+00:00,11.89223937210172,11.744267416364709,11.790995597839355,107174900,11.876663064037087
2013-11-21 00:00:00+00:00,12.149241896617882,11.837722435613786,12.141453742980957,142053600,11.853298742887636
2013-11-22 00:00:00+00:00,12.297214473043072,12.149243251041407,12.180395126342773,110331100,12.227122567935176
2013-11-25 00:00:00+00:00,12.445187712468314,12.195972669658454,12.312792778015137,153765500,12.203760825426116
2013-11-26 00:00:00+00:00,12.437398616274182,12.312791111732311,12.36730670928955,114833700,12.336154833154085
2013-11-27 00:00:00+00:00,12.414034710824524,12.273851633265663,12.328367233276367,75503600,12.35951911081382
2013-11-29 00:00:00+00:00,12.398457677454934,12.297213901749172,12.320577621459961,44288400,12.336153929746658
2013-12-02 00:00:00+00:00,12.437396433278304,12.227120749231732,12.250484466552734,92987400,12.336152667928381
2013-12-03 00:00:00+00:00,12.297213660414952,11.985694927987165,12.102514266967773,106450300,12.180394321434342
2013-12-04 00:00:00+00:00,12.258374179538771,11.970033608937271,12.180444717407227,96678100,11.9934131164545
2013-12-05 00:00:00+00:00,12.188236636374695,11.970032381114569,12.02458381652832,95230500,12.164857131255612
2013-12-06 00:00:00+00:00,12.250578431972496,12.04796054761226,12.125890731811523,92203100,12.16485508071384
2013-12-09 00:00:00+00:00,12.211616527636194,12.125893897197518,12.1414794921875,50167200,12.172651425364974
2013-12-10 00:00:00+00:00,12.219406506932252,12.086925639711891,12.125890731811523,67486300,12.094718806771281
2013-12-11 00:00:00+00:00,12.118099617683658,11.82975907641421,11.884309768676758,117565000,12.118099617683658
2013-12-12 00:00:00+00:00,11.962239966078204,11.783000809333853,11.884309768676758,76113900,11.892102937056391
2013-12-13 00:00:00+00:00,11.946654155834855,11.790794497360316,11.82975959777832,61575600,11.907689055416851
2013-12-16 00:00:00+00:00,11.95444749780278,11.845345363690749,11.876517295837402,71467000,11.86093170136282
2013-12-17 00:00:00+00:00,11.923275392863044,11.798587666083412,11.82975959777832,74247300,11.876517123721944
2013-12-18 00:00:00+00:00,12.24278588935712,11.736241895817539,12.22719955444336,152929300,11.907687120684791
2013-12-19 00:00:00+00:00,12.30513204599057,12.157065552580336,12.27396011352539,97776100,12.20382307967936
2013-12-20 00:00:00+00:00,12.36747283655334,12.157062530517578,12.157062530517578,131956000,12.273957062404412
2013-12-23 00:00:00+00:00,12.305129742617458,12.22719955444336,12.22719955444336,52565800,12.250579056814
2013-12-24 00:00:00+00:00,12.273959032580613,12.211615173140759,12.234993934631348,21770400,12.250580271090024
2013-12-26 00:00:00+00:00,12.273958904496919,12.188236284461027,12.196028709411621,48803600,12.266165736348905
2013-12-27 00:00:00+00:00,12.234994324674853,12.141478532533851,12.211615562438965,40049300,12.211615562438965
2013-12-30 00:00:00+00:00,12.227202258395579,12.094722098318403,12.110307693481445,56218800,12.188237898889213
2013-12-31 00:00:00+00:00,12.172650210381526,12.086927588499044,12.133685111999512,57188900,12.157064616947181
2014-01-02 00:00:00+00:00,12.593472308706005,12.219409127986806,12.546714782714844,148709900,12.227201553520349
2014-01-03 00:00:00+00:00,12.858433729688365,12.64802263919505,12.788296699523926,129921800,12.679195313221426
2014-01-06 00:00:00+00:00,13.037676397585091,12.905195462562364,12.983125686645508,114431300,12.959746173501948
2014-01-07 00:00:00+00:00,13.08443115084656,12.81946936733055,12.858433723449707,110605100,13.068844813840935
2014-01-08 00:00:00+00:00,13.006496846238893,12.874015996303292,12.92077350616455,101036400,12.99091051415366
2014-01-09 00:00:00+00:00,13.19353557086184,12.944160067009218,13.115605354309082,100947200,12.99091760238277
2014-01-10 00:00:00+00:00,13.084433041833877,12.944158961300381,13.068846702575684,87454100,13.053260363317492
2014-01-13 00:00:00+00:00,13.092220441488829,12.780501190290453,12.80388069152832,90025400,13.084428760804176
2014-01-14 00:00:00+00:00,13.068846702575684,12.881815090662728,13.068846702575684,97786600,12.889608260291826
2014-01-15 00:00:00+00:00,13.575394739943778,13.333812357572462,13.364983558654785,329333100,13.427327447214982
2014-01-16 00:00:00+00:00,13.35718710639717,13.240292529854356,13.310429573059082,163613100,13.318222743014628
2014-01-17 00:00:00+00:00,13.419525725926167,13.240287346305676,13.255873680114746,96232200,13.403940878511701
2014-01-21 00:00:00+00:00,13.372768210893563,13.146772316240463,13.255873680114746,118269200,13.310424362051887
2014-01-22 00:00:00+00:00,13.364983558654785,13.248088953403862,13.364983558654785,68114400,13.310432841964056
2014-01-23 00:00:00+00:00,13.318220235194241,13.04546528369063,13.138981819152832,123765900,13.302633898218057
2014-01-24 00:00:00+00:00,13.029880026615993,12.819470405578613,12.819470405578613,112899300,12.990915667341115
2014-01-27 00:00:00+00:00,12.889606148395915,12.515541499463458,12.710366249084473,134872600,12.75712525919783
2014-01-28 00:00:00+00:00,13.061053458950148,12.757127277112858,13.037673950195312,92891300,12.819471147397305
2014-01-29 00:00:00+00:00,13.1311886629328,12.85064054267899,12.99870777130127,130026900,12.897398067256322
2014-01-30 00:00:00+00:00,13.240291426842752,13.068846161288928,13.193533897399902,91028200,13.10001735211914
2014-01-31 00:00:00+00:00,13.232498284777472,12.944158451825402,13.05325984954834,139432100,13.029880341581254
2014-02-03 00:00:00+00:00,13.154569475693972,12.702576011735648,12.741541862487793,159981200,13.068847576829697
2014-02-04 00:00:00+00:00,12.905193976461133,12.671404817529154,12.741541862487793,125337000,12.850643271803353
2014-02-05 00:00:00+00:00,12.819471027920452,12.585680401736358,12.780505180358887,110576200,12.710368141143167
2014-02-06 00:00:00+00:00,13.037672386019892,12.811676440750468,13.006501197814941,110029100,12.819469609400437
2014-02-07 00:00:00+00:00,13.154563719797697,12.959739010469923,13.107806205749512,122571100,13.107806205749512
2014-02-10 00:00:00+00:00,13.037672738868208,12.936364516466671,13.029879570007324,95792500,13.02208640114644
2014-02-11 00:00:00+00:00,13.185742306812047,12.967537999294882,13.154569625854492,92617500,13.03767504505414
2014-02-12 00:00:00+00:00,13.177947585916003,12.975329642719785,13.05325984954834,96948900,13.14677639502162
2014-02-13 00:00:00+00:00,13.10781054840981,12.959743304075062,13.05325984954834,95756900,12.975329642719785
2014-02-14 00:00:00+00:00,13.061049279457972,12.975325927849875,13.014291763305664,100684300,13.045462945275656
2014-02-18 00:00:00+00:00,13.04546355230249,12.835052490234375,12.835052490234375,121778600,13.014292368882051
2014-02-19 00:00:00+00:00,12.819469996095597,12.609058895384198,12.624645233154297,137734500,12.764917813900249
2014-02-20 00:00:00+00:00,12.749332788918704,12.609058723687868,12.702573776245117,107425900,12.64022991240863
2014-02-21 00:00:00+00:00,12.850643106243634,12.663611484228605,12.694784164428711,106236900,12.694784164428711
2014-02-24 00:00:00+00:00,12.95974367935514,12.702575029850525,12.881814956665039,102909600,12.702575029850525
2014-02-25 00:00:00+00:00,12.905191783617367,12.718160190973054,12.733746528625488,81457000,12.85843425705503
2014-02-26 00:00:00+00:00,12.780502838633465,12.570091759539173,12.7259521484375,89831600,12.749331652690696
2014-02-27 00:00:00+00:00,12.850640296936037,12.632436042423027,12.850640296936035,71314500,12.679195052501093
2014-02-28 00:00:00+00:00,12.975330018451203,12.741540877590683,12.881814956665039,126252100,12.850642278472911
2014-03-03 00:00:00+00:00,12.788297146418397,12.616851892466798,12.702573776245117,87526800,12.702573776245117
2014-03-04 00:00:00+00:00,13.045467119780257,12.803884808227414,13.037673950195312,100849900,12.842849169757026
2014-03-05 00:00:00+00:00,13.497733250353676,13.084458705773969,13.450947761535645,207180000,13.092256535124287
2014-03-06 00:00:00+00:00,13.747257251664966,13.497732672276866,13.528923988342285,138078900,13.583507304172954
2014-03-07 00:00:00+00:00,13.716069584113958,13.450949304918352,13.513330459594727,109547100,13.67708192017274
2014-03-10 00:00:00+00:00,13.622493743896484,13.450945982727305,13.622493743896484,81732700,13.466541639365506
2014-03-11 00:00:00+00:00,13.661484466315734,13.450947539189,13.466543197631836,90183400,13.653686637094316
2014-03-12 00:00:00+00:00,13.513325226663374,13.310586180653281,13.474337577819824,83309200,13.396360792849254
2014-03-13 00:00:00+00:00,13.622496507409304,13.310590747789249,13.380769729614258,100875700,13.521127693264278
2014-03-14 00:00:00+00:00,13.427551296211712,13.068860149332462,13.10004997253418,131297200,13.318384684080382
2014-03-17 00:00:00+00:00,13.388568063769352,13.232614434443647,13.341782569885254,79942200,13.240412264638335
2014-03-18 00:00:00+00:00,13.427556318599873,13.310591835098311,13.40416431427002,67402400,13.3651751615801
2014-03-19 00:00:00+00:00,13.638096370220183,13.349584011388952,13.599108695983887,105006500,13.3807738533211
2014-03-20 00:00:00+00:00,14.03577268534144,13.591306788271066,13.97339153289795,167048700,13.599104618237002
2014-03-21 00:00:00+00:00,14.059165182953176,13.69267463684082,13.69267463684082,155721000,14.059165182953176
2014-03-24 00:00:00+00:00,13.762855591325323,13.48993747171135,13.544522285461426,118500000,13.739463587002248
2014-03-25 00:00:00+00:00,13.708270635741137,13.41196054701817,13.419756889343262,98348600,13.638091656543923
2014-03-26 00:00:00+00:00,13.56791295881581,13.39636516571045,13.39636516571045,97573700,13.552317299274243
2014-03-27 00:00:00+00:00,13.638089362965042,13.123444593591545,13.263802528381348,175139500,13.474339430566054
2014-03-28 00:00:00+00:00,13.372972855318666,13.139043890708532,13.240412712097168,79909500,13.326187359853456
2014-03-31 00:00:00+00:00,13.466541049342204,13.349576604247734,13.411957740783691,62115800,13.37296860089646
2014-04-01 00:00:00+00:00,13.567912235979575,13.45874559957242,13.521126747131348,57423800,13.474341258283122
2014-04-02 00:00:00+00:00,13.552314869110916,13.357373621649527,13.43535041809082,65349000,13.528922871277109
2014-04-03 00:00:00+00:00,13.443152431996701,13.279402447041651,13.372973442077637,56534500,13.41975893959563
2014-04-04 00:00:00+00:00,13.427554596024576,13.022077871055334,13.03767204284668,110409600,13.41975676648695
2014-04-07 00:00:00+00:00,13.022079559616861,12.624399125334467,12.772553443908691,129464900,13.014281729068095
2014-04-08 00:00:00+00:00,12.866124288587407,12.6711830114876,12.81933879852295,75769700,12.76475547890043
2014-04-09 00:00:00+00:00,12.967495020492816,12.749161709638402,12.959698677062988,83096400,12.905113862065251
2014-04-10 00:00:00+00:00,12.959694301336837,12.554216164821698,12.569811820983887,98390900,12.959694301336837
2014-04-11 00:00:00+00:00,12.577611380855705,12.179931714282592,12.296896934509277,133757100,12.36707517427488
2014-04-14 00:00:00+00:00,12.647791791981717,12.304695409932833,12.47624397277832,99249400,12.51523164027958
2014-04-15 00:00:00+00:00,12.79594252614572,12.445048452429972,12.780346870422363,134956600,12.546417983706396
2014-04-16 00:00:00+00:00,12.647789950656078,12.304693618556797,12.577610969543457,172948900,12.632195778296357
2014-04-17 00:00:00+00:00,12.671185134348798,12.421660495822472,12.593208312988281,104765500,12.585410482123812
2014-04-21 00:00:00+00:00,12.608801243470005,12.499634609582838,12.546420097351074,51280500,12.593205585119312
2014-04-22 00:00:00+00:00,12.741360206011182,12.507431301162818,12.702372550964355,77888900,12.546418956209644
2014-04-23 00:00:00+00:00,12.788148205414418,12.655588069978661,12.764756202697754,52425600,12.710171392696209
2014-04-24 00:00:00+00:00,12.866127764809209,12.639995108379727,12.741365432739258,73910900,12.811544430439145
2014-04-25 00:00:00+00:00,12.655587985073778,12.42165903577255,12.437253952026367,84617700,12.554219170318975
2014-04-28 00:00:00+00:00,12.016177871987194,11.587306996780349,11.657485961914062,344935200,11.953796734899852
2014-04-29 00:00:00+00:00,11.930406496594998,11.626297831781407,11.883620262145996,155495000,11.72766738671927
2014-04-30 00:00:00+00:00,11.907014550758596,11.797847158808212,11.805644989013672,82359700,11.899216720553136
2014-05-01 00:00:00+00:00,11.868026439887926,11.719870636850688,11.766656875610352,68368300,11.805645283969731
2014-05-02 00:00:00+00:00,11.92260616454724,11.77445114989773,11.8914155960083,73562900,11.836832286975609
2014-05-05 00:00:00+00:00,11.797844217366833,11.712070337417993,11.758855819702148,51669100,11.758855819702148
2014-05-06 00:00:00+00:00,11.719870639800666,11.478143846467331,11.485940933227539,96268300,11.719870639800666
2014-05-07 00:00:00+00:00,11.634097173821127,11.501537026565952,11.540525436401367,91733000,11.587310933290215
2014-05-08 00:00:00+00:00,11.727669203047936,11.540525723551927,11.641895294189453,65232700,11.57951413435745
2014-05-09 00:00:00+00:00,11.688677522950833,11.439152953414167,11.493736267089844,86751600,11.657486951758749
2014-05-12 00:00:00+00:00,11.774453020016644,11.532725517715283,11.751059532165527,70669900,11.532725517715283
2014-05-13 00:00:00+00:00,11.774455594273856,11.649692529383325,11.719871520996094,58469100,11.727669351984645
2014-05-14 00:00:00+00:00,11.712071394373531,11.548320704317645,11.5717134475708,52431900,11.688677907478475
2014-05-15 00:00:00+00:00,11.563915049469054,11.220818771955184,11.3455810546875,104193000,11.556117220887819
2014-05-16 00:00:00+00:00,11.337784835265701,11.205224705138034,11.31439208984375,80476100,11.31439208984375
2014-05-19 00:00:00+00:00,11.462545459591672,11.21302089519908,11.439152717590332,51034700,11.252009294295886
2014-05-20 00:00:00+00:00,11.45474886793382,11.290998168958827,11.329986572265625,60108200,11.42355829401677
2014-05-21 00:00:00+00:00,11.470345127347166,11.306594419797523,11.39236831665039,64808600,11.376773400696225
2014-05-22 00:00:00+00:00,11.478144281503457,11.345584134209224,11.470346450805664,51929400,11.36897688266054
2014-05-23 00:00:00+00:00,11.548323636913624,11.423560572716541,11.478144645690918,51648900,11.470346814745708
2014-05-27 00:00:00+00:00,11.938203802825203,11.680880640101433,11.868024826049805,125398900,11.696476298781272
2014-05-28 00:00:00+00:00,11.914811637322037,11.71987034403765,11.805644989013672,72481700,11.907014550758596
2014-05-29 00:00:00+00:00,11.86022655352528,11.774452664917119,11.813440322875977,39423000,11.79004757937228
2014-05-30 00:00:00+00:00,11.875823229936756,11.751060921217471,11.805644989013672,45787100,11.790049328602752
2014-06-02 00:00:00+00:00,11.914814433368011,11.735468758407546,11.899219512939453,46374000,11.82124267987009
2014-06-03 00:00:00+00:00,11.914812821767786,11.7822526696653,11.8602294921875,49025400,11.852431661206863
2014-06-04 00:00:00+00:00,11.899217903448601,11.813443249945761,11.8602294921875,39757300,11.844633830226224
2014-06-05 00:00:00+00:00,12.070766004097672,11.868027599377308,12.031778335571289,60300500,11.91481309906581
2014-06-06 00:00:00+00:00,12.203323499133484,12.03177571281448,12.156538009643555,73930500,12.047370628097141
2014-06-09 00:00:00+00:00,12.382669149080332,12.1643351421391,12.351478576660156,78647900,12.1643351421391
2014-06-10 00:00:00+00:00,12.429458100804345,12.26570736403975,12.413863182067871,49852900,12.304695776344104
2014-06-11 00:00:00+00:00,12.335883625424861,12.125347435436286,12.156538009643555,73729300,12.234514073340753
2014-06-12 00:00:00+00:00,12.211119746993285,11.99278575582135,12.02397632598877,66173200,12.14094077820613
2014-06-13 00:00:00+00:00,12.12534927290762,11.953800716950258,12.03957462310791,61588100,12.055170284395878
2014-06-16 00:00:00+00:00,11.93820557951396,11.836836013934622,11.914812088012695,55425400,11.930407749013538
2014-06-17 00:00:00+00:00,12.179930754388518,11.899215586523104,12.156538009643555,58011600,11.907013415985407
2014-06-18 00:00:00+00:00,12.234513938120351,12.039572665568999,12.203323364257812,70220300,12.187728449147512
2014-06-19 00:00:00+00:00,12.218921740874977,12.086361586563237,12.125349998474121,40953900,12.21112390976438
2014-06-20 00:00:00+00:00,12.195570643016286,12.04731952859885,12.055122375488281,54765300,12.195570643016286
2014-06-23 00:00:00+00:00,12.211176966317556,12.0005052854474,12.203374862670898,58492200,12.070729427110958
2014-06-24 00:00:00+00:00,12.250194175403697,12.04732453666827,12.08633804321289,73262500,12.140957250023655
2014-06-25 00:00:00+00:00,12.086335161775695,11.922479068648926,12.070730209350586,71766400,12.055124512804909
2014-06-26 00:00:00+00:00,12.117546287756404,11.9146774335206,12.023914337158203,68519600,12.047322138777604
2014-06-27 00:00:00+00:00,12.031715725232264,11.945886633632684,11.961491584777832,58149200,12.000505078821462
2014-06-30 00:00:00+00:00,12.05512281963088,11.930280241282206,11.992701530456543,47274500,11.945885935636023
2014-07-01 00:00:00+00:00,12.21117766983466,12.000505976827169,12.172164916992188,74193500,12.000505976827169
2014-07-02 00:00:00+00:00,12.507678692654295,12.29700627668921,12.367230415344238,87685800,12.3126112274345
2014-07-03 00:00:00+00:00,12.663732438758323,12.484271394638268,12.50767993927002,70582300,12.538889843871232
2014-07-07 00:00:00+00:00,12.484270565667089,12.351625131377235,12.437454223632812,62437100,12.476467717974623
2014-07-08 00:00:00+00:00,12.351626696458391,12.109744340307037,12.156559944152832,73343400,12.343823847777223
2014-07-09 00:00:00+00:00,12.242388318580975,12.125348571812431,12.172164916992188,46415800,12.187769869305063
2014-07-10 00:00:00+00:00,12.117545463783756,11.899070927243852,12.047321319580078,61458500,11.961492223398109
2014-07-11 00:00:00+00:00,12.03951894262953,11.938084152648972,12.000505447387695,56849400,12.008308295260168
2014-07-14 00:00:00+00:00,12.22678493853,12.109745176711126,12.148757934570312,59181700,12.187771436550156
2014-07-15 00:00:00+00:00,12.367232073134607,12.21898092851904,12.336021423339844,99946700,12.289205076587406
2014-07-16 00:00:00+00:00,12.218978932940509,12.03951791195997,12.10193920135498,123711700,12.218978932940509
2014-07-17 00:00:00+00:00,12.078533345955199,11.805440330147437,11.860058784484863,114839900,12.055125543256393
2014-07-18 00:00:00+00:00,12.094140893345964,11.899074104743608,12.08633804321289,74859200,11.914679805009754
2014-07-21 00:00:00+00:00,12.133149962329155,11.984898840504908,12.109742164611816,61802200,12.031715180060058
2014-07-22 00:00:00+00:00,12.187768405043101,12.070728672335937,12.109742164611816,58331100,12.164360607325763
2014-07-23 00:00:00+00:00,12.195571252322372,12.101939317332546,12.109742164611816,47253300,12.109742164611816
2014-07-24 00:00:00+00:00,12.203374631395828,12.133150491063137,12.187768936157227,46549800,12.140953338682438
2014-07-25 00:00:00+00:00,12.1955706899441,12.133149402829336,12.164360046386719,35627200,12.164360046386719
2014-07-28 00:00:00+00:00,12.179965324162573,12.062925593700129,12.094136238098145,39313000,12.164360374023795
2014-07-29 00:00:00+00:00,12.11754493388796,11.969294548034668,11.969294548034668,51480500,12.10974283030027
2014-07-30 00:00:00+00:00,12.22678409404213,11.945888238605542,12.156559944152832,83243100,12.039520190417738
2014-07-31 00:00:00+00:00,12.133148051390949,11.899067878723145,11.899067878723145,70677300,12.047318233077887
2014-08-01 00:00:00+00:00,12.008310390047974,11.57916335576637,11.688400268554688,115978900,11.844454276744841
2014-08-04 00:00:00+00:00,11.797637558700092,11.688399905187085,11.743019104003906,51954700,11.7586240578654
2014-08-05 00:00:00+00:00,11.860052697448737,11.625972558237724,11.703999519348145,65071500,11.711802364283237
2014-08-06 00:00:00+00:00,11.98490139103934,11.81324317908725,11.860058784484863,95977900,11.81324317908725
2014-08-07 00:00:00+00:00,12.047322188402507,11.774229184062987,11.797636985778809,80058300,12.047322188402507
2014-08-08 00:00:00+00:00,11.860058784484863,11.696202677351954,11.860058784484863,54495000,11.766426829569005
2014-08-11 00:00:00+00:00,11.91467534190619,11.821042663624555,11.875661849975586,41545100,11.906872494695977
2014-08-12 00:00:00+00:00,11.938085900635183,11.821045397772497,11.8678617477417,33674400,11.844453944817417
2014-08-13 00:00:00+00:00,11.930278518804162,11.860054392591785,11.899067878723145,34394600,11.899067878723145
2014-08-14 00:00:00+00:00,11.953688621520996,11.906873024417877,11.953688621520996,29934600,11.906873024417877
2014-08-15 00:00:00+00:00,12.023912226367322,11.813240560534807,11.875661849975586,61535500,11.969293784136756
2014-08-18 00:00:00+00:00,12.055122375488281,11.914674852080713,12.055122375488281,54968600,11.922476954849708
2014-08-19 00:00:00+00:00,12.21117559267471,12.04731952859885,12.055122375488281,44825500,12.109741559593857
2014-08-20 00:00:00+00:00,12.195571252322372,11.992701687784178,12.109742164611816,57825000,12.023912332780787
2014-08-21 00:00:00+00:00,12.655927378729304,12.187767729720823,12.609111785888672,177294400,12.242386169408372
2014-08-22 00:00:00+00:00,12.710547917098069,12.523282560260153,12.58570384979248,107641800,12.609112391457453
2014-08-25 00:00:00+00:00,12.796376747102016,12.640324261452095,12.710548400878906,89396500,12.694942705841617
2014-08-26 00:00:00+00:00,12.843192388167056,12.733955499012122,12.741758346557617,73323400,12.749561194103112
2014-08-27 00:00:00+00:00,12.7885742346053,12.593507506252,12.640324592590332,63061800,12.772970027400218
2014-08-28 00:00:00+00:00,12.562297198081621,12.476467364139683,12.492073059082031,62170400,12.562297198081621
2014-08-29 00:00:00+00:00,12.593510478392517,12.499879260100407,12.554497718811035,50106600,12.523286320552742
2014-09-02 00:00:00+00:00,12.702743413220634,12.531083773213398,12.694940567016602,59400400,12.593505054604918
2014-09-03 00:00:00+00:00,12.741899133526658,12.554058055720951,12.601017951965332,67418900,12.734072235347897
2014-09-04 00:00:00+00:00,12.734075993943328,12.554061761183304,12.608848571777344,56378600,12.601021671288391
2014-09-05 00:00:00+00:00,12.577539376729797,12.444485070927737,12.538406372070312,80974900,12.561885577734628
2014-09-08 00:00:00+00:00,12.812343788505675,12.640154959609356,12.796689987182617,99411200,12.671462562255472
2014-09-09 00:00:00+00:00,12.726247426837594,12.601020021071266,12.632326126098633,82428900,12.718420527373643
2014-09-10 00:00:00+00:00,12.835821945875233,12.624500123815954,12.804515838623047,75656100,12.647980823876498
2014-09-11 00:00:00+00:00,13.015837705197539,12.757555945339195,12.968877792358398,106598100,12.77320974722848
2014-09-12 00:00:00+00:00,13.172371706030377,13.000184377229802,13.14106559753418,116306800,13.008011277561
2014-09-15 00:00:00+00:00,13.250638733500995,13.008010803392514,13.101930618286133,87306900,13.148890525732943
2014-09-16 00:00:00+00:00,13.1801964907381,13.047142192122173,13.078448295593262,65017200,13.047142192122173
2014-09-17 00:00:00+00:00,13.250640371536726,13.054972324686695,13.125412940979004,82902700,13.078451534898313
2014-09-18 00:00:00+00:00,13.42282961676316,13.203682328658106,13.336736679077148,111923200,13.211507737951338
2014-09-19 00:00:00+00:00,13.438479895044258,13.211504271541534,13.266292572021484,88455000,13.42282609490713
2014-09-22 00:00:00+00:00,13.438478711241228,13.297597508074467,13.32890510559082,109276700,13.375865009036936
2014-09-23 00:00:00+00:00,13.461961687217615,13.328907360916409,13.344559669494629,91921900,13.344559669494627
2014-09-24 00:00:00+00:00,13.454135036835396,13.281946203813307,13.446308135986328,86396100,13.39934822372062
2014-09-25 00:00:00+00:00,13.446305268830741,13.188023567199707,13.188023567199707,104522500,13.430651470470465
2014-09-26 00:00:00+00:00,13.344557411520581,13.219330007111997,13.32890510559082,66785900,13.234983805870176
2014-09-29 00:00:00+00:00,13.344559512326354,13.211505187592222,13.313253402709961,68038300,13.234985889426003
2014-09-30 00:00:00+00:00,13.39152107371529,13.281945956695747,13.344559669494629,82217400,13.368040371604959
2014-10-01 00:00:00+00:00,13.375865924746991,13.148890305699952,13.164544105529785,91235900,13.360212124917156
2014-10-02 00:00:00+00:00,13.297601268253478,13.015838782245634,13.211506843566895,118018800,13.19585453321111
2014-10-03 00:00:00+00:00,13.540230308974802,13.352389134503552,13.532404899597168,110840600,13.391523645536493
2014-10-06 00:00:00+00:00,13.626324740418317,13.477616584151052,13.532404899597168,66212100,13.595018624420918
2014-10-07 00:00:00+00:00,13.461963216034333,13.211506843566895,13.211506843566895,91396300,13.446309412849711
2014-10-08 00:00:00+00:00,13.399347305297852,13.086277264108498,13.399347305297852,101266800,13.211504683452802
2014-10-09 00:00:00+00:00,13.391516370897161,12.9532190423971,12.984526634216309,121363100,13.33672957804169
2014-10-10 00:00:00+00:00,13.125414125054164,12.804518618697655,12.898438453674316,129552700,12.929746060552445
2014-10-13 00:00:00+00:00,13.047145868843605,12.835824012756348,12.835824012756348,92674100,12.898437730171597
2014-10-14 00:00:00+00:00,13.015838604817453,12.804518236021066,12.9297456741333,97451900,12.921918772647684
2014-10-15 00:00:00+00:00,12.71059552722037,12.076631504193216,12.33491325378418,216591800,12.702768626586868
2014-10-16 00:00:00+00:00,12.718422482112972,12.147072168887698,12.585368156433105,148199400,12.217512035646749
2014-10-17 00:00:00+00:00,12.843648775794028,12.647980754843077,12.687113761901855,94339200,12.718421361811702
2014-10-20 00:00:00+00:00,12.781034592447357,12.64798028344657,12.726247787475586,76510700,12.679287882189566
2014-10-21 00:00:00+00:00,13.000185108474088,12.765382563816575,12.992358207702637,78287300,12.859303880245315
2014-10-22 00:00:00+00:00,13.070626572685116,12.812344801743615,12.835824012756348,85199800,12.984532151428358
2014-10-23 00:00:00+00:00,13.09410493207415,12.929744494359701,12.992358207702637,68436600,12.976704406159733
2014-10-24 00:00:00+00:00,13.086275100708008,12.961047702066082,13.086275100708008,41951400,13.015834502368381
2014-10-27 00:00:00+00:00,13.062794120936186,12.914086045451231,12.984526634216309,51500000,13.054967222981384
2014-10-28 00:00:00+00:00,13.148890495300293,13.00018387325815,13.148890495300293,71850800,13.008010773285926
2014-10-29 00:00:00+00:00,13.321082405368104,13.078452926618402,13.297601699829102,99875700,13.125414337696407
2014-10-30 00:00:00+00:00,13.3993457071742,13.180197003044972,13.32890510559082,72579100,13.274116809937201
2014-10-31 00:00:00+00:00,13.47761443869201,13.383694612821664,13.430654525756836,82788900,13.438481426717486
2014-11-03 00:00:00+00:00,13.579362140814862,13.383694102742108,13.516748428344727,64050700,13.446307815212243
2014-11-04 00:00:00+00:00,13.540228213786747,13.321080957228512,13.46978759765625,53515400,13.47761449865172
2014-11-05 00:00:00+00:00,13.595014856912009,13.469785949139528,13.571534156799316,58608200,13.55588035672419
2014-11-06 00:00:00+00:00,13.618497697399775,13.524577857549735,13.587191581726074,57339200,13.571537777474754
2014-11-07 00:00:00+00:00,13.602843893148455,13.477616444795776,13.587191581726074,53907800,13.548057071097775
2014-11-10 00:00:00+00:00,13.618495689578607,13.540228172690195,13.595016479492188,54261100,13.587189578520475
2014-11-11 00:00:00+00:00,13.665456085739113,13.540228651421572,13.555882453918457,62236000,13.59501696016067
2014-11-12 00:00:00+00:00,13.540230308974802,13.36021603671014,13.532404899597168,48669100,13.493270388564229
2014-11-13 00:00:00+00:00,13.540226201250876,13.3993464827581,13.477612495422363,50586300,13.53240079424725
2014-11-14 00:00:00+00:00,13.501097254085556,13.383696706963644,13.415002822875977,41144600,13.43848352943194
2014-11-17 00:00:00+00:00,13.414998943059103,13.281944630047834,13.375865936279297,43393300,13.352385236514301
2014-11-18 00:00:00+00:00,13.477616547529593,13.352389098222362,13.415002822875977,39490700,13.360216000407682
2014-11-19 00:00:00+00:00,13.422824211491124,13.313250611563076,13.352383613586426,49441600,13.422824211491124
2014-11-20 00:00:00+00:00,13.31325349826265,13.172372271906115,13.305426597595215,49652100,13.274118994925468
2014-11-21 00:00:00+00:00,13.45413411465741,13.352385903422292,13.399347305297852,63000000,13.422826513407037
2014-11-24 00:00:00+00:00,13.524575651648306,13.36804062032435,13.446308135986328,52785700,13.430654334288194
2014-11-25 00:00:00+00:00,13.508924003986872,13.36804275189713,13.383696556091309,44786300,13.485443297695603
2014-11-26 00:00:00+00:00,13.422829476538757,13.336736539752133,13.391523361206055,27310300,13.399350263246461
2014-11-28 00:00:00+00:00,13.42282961676316,13.328909776954976,13.336736679077148,27834900,13.360215892614725
2014-12-01 00:00:00+00:00,13.258466116844962,13.09410419554699,13.14106559753418,61173100,13.242812316182565
2014-12-02 00:00:00+00:00,13.422831535339355,13.195857312669842,13.422831535339355,62945200,13.203684215910743
2014-12-03 00:00:00+00:00,13.579821137394276,13.391430726496548,13.571972846984863,70104200,13.422829876909784
2014-12-04 00:00:00+00:00,13.611218165311588,13.446375645734978,13.509172439575195,49412800,13.5327217987129
2014-12-05 00:00:00+00:00,13.901653025942693,13.619068197165152,13.878105163574219,131824000,13.666165419095794
2014-12-08 00:00:00+00:00,14.027249266757176,13.744662917544519,13.862406730651855,101035100,13.862406730651855
2014-12-09 00:00:00+00:00,13.80745820290961,13.477774664061299,13.78390884399414,95939400,13.485624450366455
2014-12-10 00:00:00+00:00,13.878101499136369,13.634764170020658,13.64261245727539,103611100,13.721108804562384
2014-12-11 00:00:00+00:00,13.854551866111791,13.6897108876107,13.713258743286133,80173200,13.6897108876107
2014-12-12 00:00:00+00:00,13.713264544180287,13.446377754211426,13.446377754211426,88886700,13.713264544180287
2014-12-15 00:00:00+00:00,13.587665537941506,13.155937871282397,13.226584434509277,101305300,13.579815753450374
2014-12-16 00:00:00+00:00,13.493471778468182,13.022495166315577,13.124539375305176,96112000,13.140238945055385
2014-12-17 00:00:00+00:00,13.556269737949616,13.203036873850417,13.548419952392578,92164100,13.24228580163561
2014-12-18 00:00:00+00:00,13.760361671447754,13.611218718567395,13.760361671447754,79334000,13.71326295125792
2014-12-19 00:00:00+00:00,13.893803794498112,13.728961283128047,13.83100700378418,105588200,13.728961283128047
2014-12-22 00:00:00+00:00,13.917350953631681,13.77605780735018,13.901651382446289,70969300,13.854554166083625
2014-12-23 00:00:00+00:00,14.121442811463593,13.956601783138444,14.074345588684082,94405200,13.995849219255751
2014-12-24 00:00:00+00:00,14.207786164648327,14.066493026990322,14.113590240478516,35091300,14.105740455364913
2014-12-26 00:00:00+00:00,14.168537239080313,14.09004238233113,14.113590240478516,34362500,14.144989380932927
2014-12-29 00:00:00+00:00,14.27843208052633,14.058642598976665,14.215635299682617,58370900,14.10573981031111
2014-12-30 00:00:00+00:00,14.270584569981624,14.137141202273572,14.231335639953613,41433500,14.160690560290378
2014-12-31 00:00:00+00:00,14.294134006586432,14.042946815490723,14.042946815490723,57819600,14.278435930038269
2015-01-02 00:00:00+00:00,14.15284127963771,13.878104748406036,14.050795555114746,48951100,14.121442134494139
2015-01-05 00:00:00+00:00,13.980145702574154,13.571967391629721,13.64261245727539,105605500,13.964447630871392
2015-01-06 00:00:00+00:00,13.68971410424784,13.1716401969521,13.234436988830566,144912400,13.674014531979818
2015-01-07 00:00:00+00:00,13.485622987171022,13.24228562688798,13.297232627868652,104603800,13.454223845357218
2015-01-08 00:00:00+00:00,13.611220287807512,13.422829876909784,13.571972846984863,73388500,13.469927105335742
2015-01-09 00:00:00+00:00,13.642617312098785,13.305085443880177,13.328633308410645,84144600,13.642617312098785
2015-01-12 00:00:00+00:00,13.367880954979254,13.077444843840802,13.093144416809082,92762500,13.360031168495114
2015-01-13 00:00:00+00:00,13.257984988641354,12.81055765468057,12.912603378295898,100845400,13.203037982322469
2015-01-14 00:00:00+00:00,12.732063358374877,12.378831904421528,12.590771675109863,164779800,12.559372525143942
2015-01-15 00:00:00+00:00,12.37098150615523,11.892154973172497,11.931403160095215,193241300,12.237538119776131
2015-01-16 00:00:00+00:00,12.0883964667744,11.750863819361149,12.072697639465332,149802000,11.900006047483703
2015-01-20 00:00:00+00:00,12.268936709862414,11.931403345128214,11.978501319885254,123402800,12.237538309556692
2015-01-21 00:00:00+00:00,12.221836482740306,11.892152965989215,12.096242904663086,101054200,11.99419793532615
2015-01-22 00:00:00+00:00,12.708514606497635,12.11194427350916,12.63001823425293,183042100,12.206139471044674
2015-01-23 00:00:00+00:00,12.70851387554104,12.347431182861328,12.347431182861328,103376900,12.59077007254315
2015-01-26 00:00:00+00:00,12.504426216074402,12.323884836559127,12.441629409790039,69969300,12.339584412428708
2015-01-27 00:00:00+00:00,12.394529752792277,12.151191599936045,12.268936157226562,86184200,12.206139359443705
2015-01-28 00:00:00+00:00,12.34743214484346,11.915704334484268,11.931403160095215,105359800,12.339583106336438
2015-01-29 00:00:00+00:00,12.159041422786462,11.931402843000807,12.111944198608398,76095800,12.01774900165539
2015-01-30 00:00:00+00:00,12.143341661027696,11.8921537399292,11.8921537399292,99844600,11.954950533054618
2015-02-02 00:00:00+00:00,12.159042847025113,11.868607435250894,12.135494232177734,101586700,11.986352006681718
2015-02-03 00:00:00+00:00,12.504422762757091,12.253234858392645,12.473024368286133,105159400,12.261084644159578
2015-02-04 00:00:00+00:00,12.55937015216813,12.363129993540502,12.39452838897705,83848100,12.39452838897705
2015-02-05 00:00:00+00:00,12.630015182096626,12.480872260592786,12.535820007324219,92264700,12.543669043774392
2015-02-06 00:00:00+00:00,13.148090181850485,12.732060520688824,12.944000244140625,160832300,12.794857309430817
2015-02-09 00:00:00+00:00,12.951851201378798,12.755611031660937,12.834107398986816,95532900,12.834107398986816
2015-02-10 00:00:00+00:00,13.046048962311133,12.83410919011111,12.889056205749512,100322800,12.998950237026314
2015-02-11 00:00:00+00:00,12.912602713725922,12.724210848623335,12.84195613861084,99924400,12.818406781174629
2015-02-12 00:00:00+00:00,13.132389074236817,12.849804306549302,13.085291862487793,116394100,12.881201948650864
2015-02-13 00:00:00+00:00,13.179486824864403,12.983246710120335,13.038193702697754,93632700,13.132388119346682
2015-02-17 00:00:00+00:00,13.093144884138985,12.849807483220001,13.053895950317383,93350600,12.967551290297333
2015-02-18 00:00:00+00:00,12.998945989435429,12.747758858770922,12.794856071472168,84057400,12.991096204452989
2015-02-19 00:00:00+00:00,12.857654102405599,12.62216651884399,12.724210739135742,83604300,12.724210739135742
2015-02-20 00:00:00+00:00,12.896905414858832,12.567221838621153,12.857656478881836,89763600,12.669266077773708
2015-02-23 00:00:00+00:00,12.8105573914562,12.637866589831829,12.716362953186035,87623700,12.8105573914562
2015-02-24 00:00:00+00:00,12.991099866815986,12.755612239729281,12.857656478881836,74109600,12.77131181412008
2015-02-25 00:00:00+00:00,12.951850029882568,12.8105568809147,12.944000244140625,57201000,12.849805809624408
2015-02-26 00:00:00+00:00,12.904755688799685,12.480876147423018,12.590771675109863,161100700,12.889056113816725
2015-02-27 00:00:00+00:00,12.465175737514299,12.26108578024416,12.410228729248047,130448200,12.386679369765217
2015-03-02 00:00:00+00:00,12.582921215685124,12.339583056622168,12.567221641540527,71402400,12.394530068934458
2015-03-03 00:00:00+00:00,12.677116343128391,12.52797412377496,12.590771675109863,65689800,12.582921887618383
2015-03-04 00:00:00+00:00,12.582893891759712,12.409663097297988,12.47265625,78441600,12.567145979053016
2015-03-05 00:00:00+00:00,12.622266299785565,12.401789501309395,12.59864330291748,69510000,12.535650146477906
2015-03-06 00:00:00+00:00,13.086841719763525,12.598643618713231,12.77187442779541,163207200,12.598643618713231
2015-03-09 00:00:00+00:00,12.85849212952699,12.693135633047186,12.732505798339844,72912700,12.842743462659714
2015-03-10 00:00:00+00:00,12.701005270497697,12.433284759521484,12.433284759521484,85633600,12.630139291167724
2015-03-11 00:00:00+00:00,12.724629023094106,12.496278653902602,12.685258865356445,85910100,12.535649562577888
2015-03-12 00:00:00+00:00,12.76400078624897,12.519902473447981,12.669511795043945,126376300,12.638014463391979
2015-03-13 00:00:00+00:00,12.716756290646456,12.551399054162228,12.669511795043945,88581900,12.661637462130953
2015-03-16 00:00:00+00:00,12.771875338576534,12.480532525167906,12.701007843017578,63406500,12.685260678796503
2015-03-17 00:00:00+00:00,12.693134793782919,12.567147719988212,12.669511795043945,67315000,12.653763129217962
2015-03-18 00:00:00+00:00,12.67738384766642,12.527774552980791,12.582893371582031,86387600,12.60651636607192
2015-03-19 00:00:00+00:00,12.57502058046535,12.291550636291504,12.291550636291504,109169200,12.567146248474382
2015-03-20 00:00:00+00:00,12.543523734524165,12.315173368244972,12.47265625,99867700,12.362417857302674
2015-03-23 00:00:00+00:00,12.504155390997685,12.378169059753418,12.378169059753418,73773500,12.456910141312202
2015-03-24 00:00:00+00:00,12.441159940369396,12.291550636291504,12.291550636291504,77011000,12.386040367370242
2015-03-25 00:00:00+00:00,12.323046994197563,12.126193203549438,12.13406753540039,88541500,12.307299081433273
2015-03-26 00:00:00+00:00,12.236431754851173,12.015955716737336,12.141942024230957,76741500,12.11831977931031
2015-03-27 00:00:00+00:00,12.197062610101336,12.023831787711831,12.055328369140625,73140800,12.189188277009704
2015-03-30 00:00:00+00:00,12.291549828286648,12.12619262203447,12.220683097839355,70835300,12.141941284981145
2015-03-31 00:00:00+00:00,12.220685495183714,12.110447085744154,12.118321418762207,61381700,12.204936829147607
2015-04-01 00:00:00+00:00,12.17343844371754,12.008081229535609,12.13406753540039,73153900,12.141941867251344
2015-04-02 00:00:00+00:00,12.299427148065666,12.149818568410813,12.236433982849121,50443500,12.149818568410813
2015-04-06 00:00:00+00:00,12.283676089480563,12.078947979437121,12.212808609008789,51189500,12.118318885358947
2015-04-07 00:00:00+00:00,12.323050479697764,12.165567552823696,12.173441886901855,50057800,12.228560723573322
2015-04-08 00:00:00+00:00,12.393914699361211,12.204935237203733,12.291550636291504,71732500,12.212809569194702
2015-04-09 00:00:00+00:00,12.409665486676557,12.228559574584619,12.370294570922852,44935600,12.307301406092028
2015-04-10 00:00:00+00:00,12.433287891938344,12.283679311320219,12.378169059753418,43817700,12.354546059441793
2015-04-13 00:00:00+00:00,12.48840182120305,12.393912109866312,12.441157341003418,49191200,12.425408680311891
2015-04-14 00:00:00+00:00,12.559273253655801,12.370293771377879,12.4569091796875,84385400,12.504154425725835
2015-04-15 00:00:00+00:00,12.480530359743703,12.275802241636292,12.315173149108887,124479100,12.362417637325919
2015-04-16 00:00:00+00:00,12.55139672757165,12.267927553688708,12.433284759521484,105591000,12.315172791471321
2015-04-17 00:00:00+00:00,12.401788648003048,12.204934859939508,12.252180099487305,88994300,12.370292071950386
2015-04-20 00:00:00+00:00,12.354543362449682,12.252180053862913,12.260053634643555,53649400,12.299424542297176
2015-04-21 00:00:00+00:00,12.315171542861442,12.14981435379389,12.204933166503906,64033100,12.283674971178932
2015-04-22 00:00:00+00:00,12.464783624290042,12.197062313193443,12.393916130065918,73092800,12.244307559655432
2015-04-23 00:00:00+00:00,12.441158874845929,12.346669151859764,12.35454273223877,50292200,12.378165726188486
2015-04-24 00:00:00+00:00,12.401788544798514,12.291550154062769,12.315173149108887,40766100,12.370291969007958
2015-04-27 00:00:00+00:00,12.409662979750616,12.252180099487305,12.252180099487305,73523400,12.307298919845062
2015-04-28 00:00:00+00:00,12.370290008583789,12.204932824154518,12.323044776916504,58080100,12.267925965752575
2015-04-29 00:00:00+00:00,12.630139360561808,12.260053289596053,12.582893371582031,134499400,12.28367628408594
2015-04-30 00:00:00+00:00,12.638014688690262,12.4411616189202,12.543525695800781,78313900,12.598644525298889
2015-05-01 00:00:00+00:00,12.716754691171525,12.535649562577888,12.685258865356445,78171400,12.598642716083294
2015-05-04 00:00:00+00:00,12.952978930184178,12.693132008574485,12.945104598999023,76592300,12.70887916906969
2015-05-05 00:00:00+00:00,13.078967102466438,12.858490303264977,12.874238967895508,106148700,12.92935779222704
2015-05-06 00:00:00+00:00,12.98447704177159,12.661636915650025,12.826994895935059,96426500,12.882113722071614
2015-05-07 00:00:00+00:00,12.858488979775778,12.669509529286518,12.78762149810791,73794800,12.779747166603128
2015-05-08 00:00:00+00:00,12.960853825743374,12.771874352797429,12.952980995178223,86333700,12.850616175327076
2015-05-11 00:00:00+00:00,13.063216948100802,12.937230649174735,12.984475135803223,56246000,12.952979312009282
2015-05-12 00:00:00+00:00,12.976600263739385,12.87423696332992,12.937230110168457,59627100,12.960851601560979
2015-05-13 00:00:00+00:00,13.008097814272675,12.882111518405033,12.96872615814209,47330600,12.945104666338853
2015-05-14 00:00:00+00:00,13.063221253202856,12.95298358078152,13.008102416992188,55395700,13.01597675100452
2015-05-15 00:00:00+00:00,13.008099613504372,12.83486730631918,12.874238967895508,54937800,13.008099613504372
2015-05-18 00:00:00+00:00,13.023846152880994,12.84273954293383,13.000223159790039,51059900,12.84273954293383
2015-05-19 00:00:00+00:00,13.212828480090385,13.05534482881084,13.204954147338867,89115500,13.063219161562358
2015-05-20 00:00:00+00:00,13.267945876220587,13.094713578125118,13.181329727172852,67684000,13.212827054781208
2015-05-21 00:00:00+00:00,13.189203901958857,13.039594601351872,13.173455238342285,52056600,13.157706574725713
2015-05-22 00:00:00+00:00,13.228573417585991,13.14983310707221,13.189203262329102,47032900,13.165580268049874
2015-05-26 00:00:00+00:00,13.173458611671585,12.937234604433991,12.992353439331055,100048200,13.173458611671585
2015-05-27 00:00:00+00:00,13.18920405907494,13.023847594756806,13.181329727172852,70026700,13.039594756685739
2015-05-28 00:00:00+00:00,13.173452785536783,13.055340834154569,13.126208305358887,60970000,13.165578455194643
2015-05-29 00:00:00+00:00,13.126214110599188,12.968730437857051,12.992353439331055,74266200,13.11833977677452
2015-06-01 00:00:00+00:00,13.10258764524945,12.968727009369488,13.031720161437988,62941600,13.05534315666688
2015-06-02 00:00:00+00:00,13.19707616445743,12.99234807516916,13.165578842163086,65513200,13.008096736316332
2015-06-03 00:00:00+00:00,13.44200595942476,13.165583686394152,13.370925903320312,89614900,13.165583686394152
2015-06-04 00:00:00+00:00,13.410411138121066,13.205068967372586,13.252456665039062,61025500,13.323536705158915
2015-06-05 00:00:00+00:00,13.702630481144851,13.402514394439478,13.576266288757324,119087400,13.457800046691517
2015-06-08 00:00:00+00:00,13.68683654786248,13.465698426207672,13.489392280578613,69749600,13.639450345500812
2015-06-09 00:00:00+00:00,13.702627561156326,13.426205384320845,13.671035766601562,82104900,13.465693621134623
2015-06-10 00:00:00+00:00,13.915869523535566,13.710527350500435,13.892175674438477,102643100,13.734219693217645
2015-06-11 00:00:00+00:00,13.963255161495018,13.77370889537633,13.813197135925293,77191500,13.915868971560302
2015-06-12 00:00:00+00:00,13.884277174017278,13.710526806670101,13.813197135925293,53149400,13.781606844762086
2015-06-15 00:00:00+00:00,13.821094321396009,13.623650116804637,13.79740047454834,68053400,13.686832202018687
2015-06-16 00:00:00+00:00,13.868481254732961,13.718424735765,13.860583305358887,47291200,13.789503267372035
2015-06-17 00:00:00+00:00,13.90007504693816,13.663141050854536,13.718426704406738,88712100,13.892177096430704
2015-06-18 00:00:00+00:00,13.742116164422233,13.599956097894257,13.726320266723633,97599900,13.702627926555447
2015-06-19 00:00:00+00:00,13.73422290325219,13.52098423705865,13.56047248840332,83395400,13.647348449017871
2015-06-22 00:00:00+00:00,13.844788168243678,13.702628099917133,13.79740047454834,58477700,13.710526048866356
2015-06-23 00:00:00+00:00,13.994848662202758,13.86848445581024,13.955360412597656,63865700,13.86848445581024
2015-06-24 00:00:00+00:00,13.971153110880774,13.781606844762086,13.813197135925293,59079500,13.844788933468315
2015-06-25 00:00:00+00:00,13.915870947953074,13.702630803391823,13.718426704406738,59772200,13.876381195415789
2015-06-26 00:00:00+00:00,13.836892156689172,13.702630018512922,13.750016212463379,63080800,13.805300356468903
2015-06-29 00:00:00+00:00,13.623654720648513,13.315642139440746,13.339334487915039,98604200,13.528880807610607
2015-06-30 00:00:00+00:00,13.528879604786361,13.30774300465911,13.442005157470703,89039800,13.489391356586525
2015-07-01 00:00:00+00:00,13.67103846519921,13.49728807998954,13.599958419799805,62317400,13.623652270392931
2015-07-02 00:00:00+00:00,13.592061125766485,13.339332732759095,13.449902534484863,64736500,13.552572879251597
2015-07-06 00:00:00+00:00,13.434103600830714,13.197169656084633,13.378819465637207,58726900,13.252455297657846
2015-07-07 00:00:00+00:00,13.370923693717119,12.90495518353804,13.181377410888672,115450500,13.347229843471082
2015-07-08 00:00:00+00:00,13.031320865337666,12.81018275684115,12.833876609802246,83033000,12.968138763821536
2015-07-09 00:00:00+00:00,13.205069232175461,12.991830613919662,13.015522956848145,81534400,13.055012705695434
2015-07-10 00:00:00+00:00,13.29984210981781,13.157682037557418,13.189273834228516,72965300,13.26825031314671
2015-07-13 00:00:00+00:00,13.465697503838559,13.347231252858945,13.442005157470703,67934300,13.402515402890758
2015-07-14 00:00:00+00:00,13.544672202605279,13.315637707431458,13.528876304626465,69999800,13.370921843977563
2015-07-15 00:00:00+00:00,14.0975170531476,13.8131969055221,13.963254928588867,173099900,13.844788702538175
2015-07-16 00:00:00+00:00,14.271267933779484,14.105415512585692,14.176495552062988,117054300,14.144903753904257
2015-07-17 00:00:00+00:00,14.342351948009126,14.129111770481153,14.294965744018555,96894900,14.184395926200198
2015-07-20 00:00:00+00:00,14.397630150003554,14.279163935825276,14.310755729675293,71980100,14.334448068683162
2015-07-21 00:00:00+00:00,14.35024722120156,14.231780980147235,14.279167175292969,63732800,14.302861026055826
2015-07-22 00:00:00+00:00,14.595077728109842,14.239679003131643,14.571385383605957,110327000,14.239679003131643
2015-07-23 00:00:00+00:00,14.555588991692769,14.279166766231475,14.358144760131836,103650100,14.523997191580648
2015-07-24 00:00:00+00:00,14.397631144032937,14.08961866462794,14.137004852294922,86364300,14.358142905373745
2015-07-27 00:00:00+00:00,14.042236369385074,13.821098255008087,13.955360412597656,93231900,13.947462461400605
2015-07-28 00:00:00+00:00,14.129109956329625,13.90007541113258,14.121212005615234,82166800,14.05013346194586
2015-07-29 00:00:00+00:00,14.373940852965015,14.152802768354181,14.3423490524292,96388600,14.176496618756044
2015-07-30 00:00:00+00:00,14.445021670233068,14.255473869642088,14.318655967712402,65667900,14.37394162160646
2015-07-31 00:00:00+00:00,14.263372105714124,14.105417610566525,14.121212005615234,67176900,14.239679759951024
2015-08-03 00:00:00+00:00,14.192291533093805,13.931665194635654,14.034337043762207,62376800,14.144905336932327
2015-08-04 00:00:00+00:00,14.160699101090591,13.986947230749001,14.058027267456055,69741500,14.05013082460397
2015-08-05 00:00:00+00:00,14.255476102766382,14.05803182706945,14.113317489624023,65228600,14.16070369400481
2015-08-06 00:00:00+00:00,14.200192539854507,14.034340064402553,14.065930366516113,47594700,14.144908381370522
2015-08-07 00:00:00+00:00,14.27126681497427,13.900072253988313,14.018538475036621,71020700,14.152800593925964
2015-08-10 00:00:00+00:00,14.255471248937964,14.105414735094657,14.247574806213379,65791200,14.113312684199006
2015-08-11 00:00:00+00:00,14.192295191289242,13.994850898946641,14.05013656616211,65868600,14.09752277453782
2015-08-12 00:00:00+00:00,13.939567269486867,13.442008296623978,13.836896896362305,141600100,13.915874917586063
2015-08-13 00:00:00+00:00,13.971157684947002,13.773713404800585,13.915873527526855,67456200,13.868485815697891
2015-08-14 00:00:00+00:00,13.979052543640137,13.852688352818664,13.979052543640137,52710300,13.876380697110203
2015-08-17 00:00:00+00:00,14.06592733907652,13.868483097627012,14.034337043762207,42310000,13.907972849744924
2015-08-18 00:00:00+00:00,14.137010503977601,13.939566218988025,13.971158027648926,50360700,13.994850377764251
2015-08-19 00:00:00+00:00,13.971158715563668,13.773714420852288,13.789508819580078,78540500,13.860588886186608
2015-08-20 00:00:00+00:00,13.584164588910822,13.205070495605469,13.205070495605469,149185400,13.576266638385706
2015-08-21 00:00:00+00:00,13.157685925647181,12.715411186218262,12.715411186218262,148874300,12.794389194854196
2015-08-24 00:00:00+00:00,12.620636066694622,11.530744472245807,12.075690269470215,214649500,11.862450871665896
2015-08-25 00:00:00+00:00,12.794386973133818,12.04409828094895,12.051996231079102,194377000,12.794386973133818
2015-08-26 00:00:00+00:00,12.683817863464355,12.115178980768608,12.683817863464355,174208500,12.486374371865292
2015-08-27 00:00:00+00:00,12.991831399038249,12.707511215675375,12.983933448791504,124185400,12.936545747311037
2015-08-28 00:00:00+00:00,12.983932709979744,12.794386433983384,12.920750617980957,75899300,12.952340910790403
2015-08-31 00:00:00+00:00,12.936546159566335,12.778591668737779,12.904955863952637,66695200,12.897057913454203
2015-09-01 00:00:00+00:00,12.675921278544196,12.209953443320654,12.304726600646973,119064000,12.59694402403398
2015-09-02 00:00:00+00:00,12.566191170421495,12.336418469353005,12.558268547058105,74820400,12.53449841012291
2015-09-03 00:00:00+00:00,12.827654473409408,12.574111693001768,12.629573822021484,77175800,12.653343953556938
2015-09-04 00:00:00+00:00,12.566190330977454,12.28095550734439,12.399803161621094,104539500,12.510728193063654
2015-09-08 00:00:00+00:00,12.803884506225586,12.59788123062974,12.803884506225586,73960200,12.64542073869603
2015-09-09 00:00:00+00:00,13.041578882005464,12.542418237550416,12.597880363464355,70466100,12.970271513851534
2015-09-10 00:00:00+00:00,12.764271994774905,12.526575912344988,12.708809852600098,71110200,12.574114675461962
2015-09-11 00:00:00+00:00,12.724655099485734,12.59788405702045,12.708809852600098,54287700,12.669192957310926
2015-09-14 00:00:00+00:00,12.732578794111356,12.597884369249934,12.645423889160156,50640900,12.653347268414366
2015-09-15 00:00:00+00:00,12.986117861253497,12.685037075856448,12.92273235321045,62327100,12.708807208083735
2015-09-16 00:00:00+00:00,12.986119271387475,12.748423968222665,12.938580513000488,83776400,12.954427269539444
2015-09-17 00:00:00+00:00,13.0574288644167,12.502805201281303,12.566190719604492,119088200,12.906889202917851
2015-09-18 00:00:00+00:00,12.447342679942421,12.280955510542729,12.328495025634766,136531200,12.423573300203882
2015-09-21 00:00:00+00:00,12.47903397103369,12.336416198139405,12.439417839050293,79096200,12.415648462106201
2015-09-22 00:00:00+00:00,12.344340576343107,12.241338927082474,12.336417198181152,92235200,12.273031684115367
2015-09-23 00:00:00+00:00,12.55826572824624,12.344339077537231,12.4552640914917,78117500,12.360185831937088
2015-09-24 00:00:00+00:00,12.37603308051038,12.201722542583498,12.320570945739746,99520100,12.312647567739681
2015-09-25 00:00:00+00:00,12.692965594155153,12.526578379248487,12.589963912963867,88655000,12.582040532345653
2015-09-28 00:00:00+00:00,12.53449737682239,12.18587704227701,12.257185935974121,91324300,12.51072799746167
2015-09-29 00:00:00+00:00,12.304724497140898,12.082875196901124,12.162107467651367,79829400,12.280955118161799
2015-09-30 00:00:00+00:00,12.360188035300917,12.138337967844329,12.344341278076172,71347100,12.320571897854029
2015-10-01 00:00:00+00:00,12.391879836510514,12.170029786198148,12.320570945739746,71516800,12.296801567354462
2015-10-02 00:00:00+00:00,12.185876846313477,11.591637082546912,12.185876846313477,181838400,11.948180789683864
2015-10-05 00:00:00+00:00,12.510726018645475,12.233413866044602,12.431493759155273,75315300,12.241337243116586
2015-10-06 00:00:00+00:00,12.534495394246603,12.33641550113593,12.431493759155273,67473700,12.423571137698115
2015-10-07 00:00:00+00:00,12.621652201897213,12.336416645759037,12.479034423828125,66655600,12.502803801634673
2015-10-08 00:00:00+00:00,12.502803801634673,12.288877890145939,12.479034423828125,79056900,12.455265046021577
2015-10-09 00:00:00+00:00,12.53449783108327,12.280955760407139,12.344341278076172,76667100,12.47903569202661
2015-10-12 00:00:00+00:00,12.376033080231771,12.225492676308475,12.296801567077637,50725800,12.36018707984691
2015-10-13 00:00:00+00:00,12.352263701847022,12.201722542308811,12.296801567077637,73689800,12.241338676693337
2015-10-14 00:00:00+00:00,12.613732245901785,12.32057398804435,12.39188289642334,122272400,12.494884569013538
2015-10-15 00:00:00+00:00,12.898964682944367,12.455265338324855,12.827655792236328,127028800,12.526574229032894
2015-10-16 00:00:00+00:00,12.906891205958315,12.70088786163048,12.772196769714355,66989500,12.906891205958315
2015-10-19 00:00:00+00:00,12.843502301314384,12.661269123223514,12.788040161132812,62953500,12.677115880769671
2015-10-20 00:00:00+00:00,12.906888766738847,12.756347599097467,12.835579872131348,50797800,12.80388635842583
2015-10-21 00:00:00+00:00,12.906886011202804,12.597880363464355,12.597880363464355,64440400,12.883115880998435
2015-10-22 00:00:00+00:00,12.835578015346343,12.677113492201942,12.803884506225586,74116600,12.677113492201942
2015-10-23 00:00:00+00:00,13.11289044237686,12.875195136653675,13.08912181854248,82285800,12.90688865007271
2015-10-26 00:00:00+00:00,13.112890695121765,12.946504280154494,13.081198692321777,67702800,13.089122070829257
2015-10-27 00:00:00+00:00,13.049504532121524,12.914810126623884,12.99404239654541,56159300,12.99404239654541
2015-10-28 00:00:00+00:00,13.715051846815705,13.033658018751984,13.691283226013184,147720100,13.033658018751984
2015-10-29 00:00:00+00:00,13.818054079349691,13.44566290468468,13.540741920471191,95542300,13.596204050000955
2015-10-30 00:00:00+00:00,13.612048677310543,13.279274440905846,13.295121192932129,87645800,13.612048677310543
2015-11-02 00:00:00+00:00,13.580359010268097,13.366433842388414,13.516973495483398,56948200,13.390202465914003
2015-11-03 00:00:00+00:00,13.675438434100812,13.461511748795933,13.612052917480469,66127100,13.477358505758499
2015-11-04 00:00:00+00:00,13.715050251105147,13.437738121245879,13.477355003356934,78728400,13.707126874682935
2015-11-05 00:00:00+00:00,13.762590957406658,13.493202195204992,13.71505069732666,85505500,13.493202195204992
2015-11-06 00:00:00+00:00,14.333063634011282,14.071598190904522,14.222139358520508,158037500,14.134983707074952
2015-11-09 00:00:00+00:00,14.325137706649741,13.913131169237179,14.008210182189941,129920700,14.285522332803382
2015-11-10 00:00:00+00:00,14.21421891297103,13.913136515615545,14.14291000366211,59905800,13.968598664804654
2015-11-11 00:00:00+00:00,14.253831476814272,14.008212788561753,14.063674926757812,59235000,14.253831476814272
2015-11-12 00:00:00+00:00,13.968596988613792,13.746748418478534,13.762595176696777,77850900,13.92898160429822
2015-11-13 00:00:00+00:00,13.71505234775627,13.540742573509087,13.627898216247559,103574900,13.57243457281323
2015-11-16 00:00:00+00:00,13.833900649476451,13.47735770634665,13.810132026672363,70384300,13.572435220022664
2015-11-17 00:00:00+00:00,13.944824757740053,13.738821487845422,13.802206993103027,70488600,13.865592498360632
2015-11-18 00:00:00+00:00,14.158753196935729,13.810132118274998,14.13498306274414,85708300,13.810132118274998
2015-11-19 00:00:00+00:00,14.142911052025978,13.960677830830535,14.01613998413086,51829700,14.087448898725654
2015-11-20 00:00:00+00:00,14.127058575015198,13.936902050108618,13.984440803527832,56288300,14.111211820132219
2015-11-23 00:00:00+00:00,14.047826865793983,13.83390020012692,13.84182357788086,50362900,13.960672732960195
2015-11-24 00:00:00+00:00,13.921055844190489,13.667513800983503,13.84182357788086,58724200,13.675437178737443
2015-11-25 00:00:00+00:00,13.921059885835843,13.794288827427419,13.818058967590332,34939000,13.87352111674024
2015-11-27 00:00:00+00:00,13.865596323618147,13.730901898882369,13.849749565124512,22937500,13.833902806630874
2015-11-30 00:00:00+00:00,13.928979674382298,13.802208648661058,13.810132026672363,61893700,13.849747405499064
2015-12-01 00:00:00+00:00,14.111212730407715,13.849747302891036,14.111212730407715,74351800,13.881440814701454
2015-12-02 00:00:00+00:00,14.214504543484713,13.94435731717779,13.999977111816406,76919000,14.20655885853634
2015-12-03 00:00:00+00:00,14.119164427348196,13.705997754510328,13.74572467803955,95810100,14.047654752607604
2015-12-04 00:00:00+00:00,14.166830024934864,13.80928182824765,14.142992973327637,103021700,13.856955931462105
2015-12-07 00:00:00+00:00,14.142995520822993,13.856958427435268,13.936413764953613,81633300,14.135051351007219
2015-12-08 00:00:00+00:00,13.872844955640838,13.610643465549199,13.658317565917969,84873500,13.817226687361423
2015-12-09 00:00:00+00:00,13.809285159411703,13.404065792728908,13.586812019348145,82418100,13.59475770513393
2015-12-10 00:00:00+00:00,13.83312128515578,13.475573026298134,13.666266441345215,68395000,13.626538015091862
2015-12-11 00:00:00+00:00,13.5550291732012,13.221317950157111,13.292827606201172,91503900,13.48351951715714
2015-12-14 00:00:00+00:00,13.419954589603,13.110080445838221,13.348444938659668,121121200,13.316663713509568
2015-12-15 00:00:00+00:00,13.896683681786381,13.499408557039539,13.841065406799316,99737200,13.52324561009871
2015-12-16 00:00:00+00:00,14.127106634562,13.69010300598309,14.103269577026367,171576700,14.023814234058873
2015-12-17 00:00:00+00:00,14.16683703868026,13.74572467803955,13.74572467803955,97265700,14.142999975271733
2015-12-18 00:00:00+00:00,13.721882627729917,13.316661834716797,13.316661834716797,136737800,13.658318670913207
2015-12-21 00:00:00+00:00,13.531192711575123,13.324609443213156,13.483518600463867,65150300,13.491464285649077
2015-12-22 00:00:00+00:00,13.59475800209191,13.388174713602801,13.570920944213867,56173500,13.547083886335827
2015-12-23 00:00:00+00:00,13.777501106262207,13.586809232964288,13.777501106262207,65770700,13.634481822417696
2015-12-24 00:00:00+00:00,13.809285194045968,13.682157252123778,13.721885681152344,29369400,13.761612594696299
2015-12-28 00:00:00+00:00,13.690105419536438,13.491467784840374,13.610650062561035,41777500,13.68215973229041
2015-12-29 00:00:00+00:00,13.785447109430454,13.634482137936146,13.729828834533691,45670400,13.705991781513221
2015-12-30 00:00:00+00:00,13.698048856580794,13.539139684219151,13.547083854675293,35066400,13.66626762830232
2015-12-31 00:00:00+00:00,13.562976827859849,13.372284889221191,13.372284889221191,47153000,13.515304222071387
2016-01-04 00:00:00+00:00,13.102133114992194,12.911441241589905,13.054460525512695,114888000,13.07035189383396
2016-01-05 00:00:00+00:00,13.181588441114222,12.89554987326864,13.054460525512695,66670000,13.125970167474092
2016-01-06 00:00:00+00:00,12.94322545022943,12.728696499947464,12.776369094848633,102760800,12.86377011507117
2016-01-07 00:00:00+00:00,12.633350622963917,12.267857421208442,12.315530776977539,116255900,12.498276998984137
2016-01-08 00:00:00+00:00,12.665132701966241,12.04538361880216,12.077165603637695,124782400,12.665132701966241
2016-01-11 00:00:00+00:00,12.21224055093171,11.870583608649326,12.164567947387695,104611700,12.124840272606102
2016-01-12 00:00:00+00:00,12.379096178820504,11.965930331222099,12.164567947387695,100023500,12.347314190543704
2016-01-13 00:00:00+00:00,12.331421342324397,11.799072566777992,11.838799476623535,119413000,12.291693674736619
2016-01-14 00:00:00+00:00,12.077163464484341,11.64016068209262,11.910307884216309,125920000,11.92619925269048
2016-01-15 00:00:00+00:00,11.648110545080792,11.226998980089778,11.489200592041016,172296100,11.449472914345465
2016-01-19 00:00:00+00:00,11.751398713920883,11.131649702255038,11.314395904541016,185727400,11.67194338212738
2016-01-20 00:00:00+00:00,11.123705634376302,10.543684204300133,10.877394676208496,250537600,10.956850019550965
2016-01-21 00:00:00+00:00,10.99657697571955,10.527792147533992,10.615192413330078,188976000,10.86150335547143
2016-01-22 00:00:00+00:00,10.90123110044018,10.702593511368162,10.774103164672852,169999800,10.845612060235274
2016-01-25 00:00:00+00:00,10.766157657189742,10.28148144688847,10.297372817993164,186419100,10.758211971637394
2016-01-26 00:00:00+00:00,10.607247185151605,10.360936249989443,10.575465202331543,124246900,10.384772547668929
2016-01-27 00:00:00+00:00,10.9091759521812,10.48011879308196,10.615192413330078,124095800,10.488064478447676
2016-01-28 00:00:00+00:00,10.893283448577362,10.535736004340198,10.750264167785645,110996200,10.797937513963594
2016-01-29 00:00:00+00:00,11.24288736398578,10.797939583829136,11.234942436218262,159984100,10.853557866913148
2016-02-01 00:00:00+00:00,11.19521246987283,10.964792941552005,11.091920852661133,105739400,11.163430492095548
2016-02-02 00:00:00+00:00,10.925068443975416,10.43244726688524,10.51190185546875,147101200,10.917122757794363
2016-02-03 00:00:00+00:00,10.559575354792127,9.947771907845357,10.352992057800293,257664600,10.551629668505745
2016-02-04 00:00:00+00:00,10.79794019119312,10.241755055841802,10.527792930603027,179394400,10.241755055841802
2016-02-05 00:00:00+00:00,10.639028393218801,10.241753258027181,10.28942584991455,125842800,10.583409359027288
2016-02-08 00:00:00+00:00,10.090789243593544,9.63789578880879,9.749133110046387,221363600,10.066952945379152
2016-02-09 00:00:00+00:00,9.876260840085813,9.50282197298026,9.693513870239258,247349000,9.526658270702075
2016-02-10 00:00:00+00:00,9.963659538196453,9.463092818227617,9.51871109008789,227530000,9.868313604546502
2016-02-11 00:00:00+00:00,9.177055700001757,8.732107218791402,8.867180824279785,375088700,9.105546055008828
2016-02-12 00:00:00+00:00,9.55843795099002,9.057871272962934,9.494874000549316,245388400,9.121435223403637
2016-02-16 00:00:00+00:00,9.844476465806464,9.622001881971858,9.73323917388916,194306700,9.83653078258193
2016-02-17 00:00:00+00:00,10.082843142903233,9.908042619542398,9.979552268981934,221859400,9.987497196231262
2016-02-18 00:00:00+00:00,10.122570199541487,9.614058514630255,9.725295066833496,161539400,10.098733903746817
2016-02-19 00:00:00+00:00,9.725299696821523,9.518716347605737,9.637899398803711,121045600,9.709409077973985
2016-02-22 00:00:00+00:00,9.963659286499023,9.637893831988832,9.963659286499023,88865500,9.637893831988832
2016-02-23 00:00:00+00:00,9.915984642264693,9.61405627844683,9.661728858947754,104498700,9.908039717342543
2016-02-24 00:00:00+00:00,9.653790017651248,9.256514695809756,9.637899398803711,159552800,9.5028257287582
2016-02-25 00:00:00+00:00,9.796806006607227,9.606114099565588,9.788860321044922,103054600,9.645841769634833
2016-02-26 00:00:00+00:00,10.289425447398472,9.852422664234535,10.090787887573242,160314400,9.923932307010363
2016-02-29 00:00:00+00:00,10.217915604609926,9.93982348094347,9.947769165039062,123661100,10.090787690049016
2016-03-01 00:00:00+00:00,10.496009167073892,10.027224383405853,10.480117797851562,153558200,10.043115752628182
2016-03-02 00:00:00+00:00,10.775221815468171,10.472143691586965,10.695464134216309,139622500,10.527973612087896
2016-03-03 00:00:00+00:00,10.807121259438444,10.56784905327691,10.767242431640625,105082700,10.671533701301087
2016-03-04 00:00:00+00:00,11.078302611686743,10.75927257034765,10.799151420593262,171410900,10.974617905298473
2016-03-07 00:00:00+00:00,10.862952822799166,10.66355941395052,10.791171073913574,97650300,10.727365243932047
2016-03-08 00:00:00+00:00,10.743317292953,10.408336298651534,10.416312217712402,125894800,10.687486620152416
2016-03-09 00:00:00+00:00,10.583803424391592,10.368458159064598,10.480118751525879,92253800,10.504045749687025
2016-03-10 00:00:00+00:00,10.687489012729213,10.36845978512935,10.583805084228516,123016200,10.551901400842853
2016-03-11 00:00:00+00:00,11.038421628183258,10.663561725320278,10.998542785644531,120400600,10.719391648499101
2016-03-14 00:00:00+00:00,10.958662208150512,10.759268787650136,10.878905296325684,87746800,10.942711130035761
2016-03-15 00:00:00+00:00,10.84700400987594,10.679513481055224,10.823076248168945,80404000,10.775222246006255
2016-03-16 00:00:00+00:00,11.014493299876454,10.440240014131936,10.615706443786621,149645400,10.775221034097441
2016-03-17 00:00:00+00:00,10.751293439332999,10.408337255081662,10.687487602233887,122212300,10.54392484907367
2016-03-18 00:00:00+00:00,11.070324550089106,10.807125254209431,10.998542785644531,146616200,10.910809940559858
2016-03-21 00:00:00+00:00,11.189960319792487,10.942712865118622,11.038421630859375,104695700,11.00651870894579
2016-03-22 00:00:00+00:00,11.038419018423665,10.8709285278605,10.974613189697266,83252100,10.902831442223698
2016-03-23 00:00:00+00:00,11.03044659062924,10.847004965140991,10.862956047058105,95789700,10.982592584252183
2016-03-24 00:00:00+00:00,10.91878563097569,10.583805315004547,10.910810470581055,94836500,10.695465166786363
2016-03-28 00:00:00+00:00,10.958664820437937,10.799150198138216,10.862956047058105,54498500,10.950688899166522
2016-03-29 00:00:00+00:00,10.799144621785883,10.575824265882167,10.703435897827148,101606800,10.799144621785883
2016-03-30 00:00:00+00:00,10.894856692727616,10.735342103792293,10.751293182373047,85897000,10.759269101976201
2016-03-31 00:00:00+00:00,10.934736079905482,10.727366723550459,10.783197402954102,79592100,10.75926964294157
2016-04-01 00:00:00+00:00,10.886881670328142,10.623682386737835,10.81510066986084,73130900,10.743318908767915
2016-04-04 00:00:00+00:00,10.886882629299873,10.695465089941464,10.775222778320312,59709600,10.799149780583692
2016-04-05 00:00:00+00:00,10.639633153017263,10.496069645326452,10.519996643066406,78445900,10.607730235822144
2016-04-06 00:00:00+00:00,10.607732086142086,10.456192632562894,10.583805084228516,62558500,10.527974398929281
2016-04-07 00:00:00+00:00,10.535954348907127,10.169070216551601,10.248827934265137,105704500,10.488099566153812
2016-04-08 00:00:00+00:00,10.480122175318582,10.256800917438312,10.27275276184082,76548100,10.392388552356403
2016-04-11 00:00:00+00:00,10.440238849097096,10.272748357804744,10.34453010559082,79411500,10.304651272306836
2016-04-12 00:00:00+00:00,10.631659088055656,10.312629860455793,10.583805084228516,100791600,10.36845978512935
2016-04-13 00:00:00+00:00,11.046397548816133,10.791173412943678,10.998542785644531,138647200,10.807125254209431
2016-04-14 00:00:00+00:00,11.38935262998928,10.92675992830996,11.277692794799805,179383300,10.934735848145088
2016-04-15 00:00:00+00:00,11.39733402138836,11.126158701814413,11.166037559509277,87958700,11.381382934685982
2016-04-18 00:00:00+00:00,11.35744657085854,11.022465636663593,11.301616668701172,81998200,11.046393389552781
2016-04-19 00:00:00+00:00,11.59672224964464,11.357449973446558,11.524940490722656,107153600,11.373401813485042
2016-04-20 00:00:00+00:00,11.91575294665414,11.588747790888048,11.907777786254883,115628700,11.612675553962903
2016-04-21 00:00:00+00:00,12.075266462255128,11.764212435887801,11.883848190307617,121589000,11.907775949692041
2016-04-22 00:00:00+00:00,12.075264998610603,11.85991975400627,12.051337242126465,83456600,11.85991975400627
2016-04-25 00:00:00+00:00,12.07526612360862,11.812066862765894,11.931702613830566,70489500,11.979557370631769
2016-04-26 00:00:00+00:00,12.075266832429861,11.804091636097956,12.035387992858887,84812400,11.979558073834882
2016-04-27 00:00:00+00:00,12.20287745475326,11.947653359956588,11.979557037353516,115789000,11.979557037353516
2016-04-28 00:00:00+00:00,12.027412235126356,11.772188875428908,11.79611587524414,78639300,11.899800555277631
2016-04-29 00:00:00+00:00,11.843968163723654,11.508987193716791,11.612671852111816,122128100,11.748258663185592
2016-05-02 00:00:00+00:00,11.788137969457267,11.485059900555395,11.780162811279297,68882800,11.62862339651562
2016-05-03 00:00:00+00:00,11.572793929687357,11.28566692676233,11.453157424926758,110549000,11.572793929687357
2016-05-04 00:00:00+00:00,11.381377815690612,11.166032537369624,11.2697172164917,99269700,11.237814296809953
2016-05-05 00:00:00+00:00,11.421256159029452,11.166032795671446,11.205911636352539,73145900,11.285668557089105
2016-05-06 00:00:00+00:00,11.277693821559339,11.006518607480904,11.253766059875488,76595100,11.030445608539104
2016-05-09 00:00:00+00:00,11.317571819752063,11.0942513700606,11.15805721282959,55399600,11.229838976101114
2016-05-10 00:00:00+00:00,11.429230952878399,11.205910531949577,11.405303955078125,59870500,11.22983752974985
2016-05-11 00:00:00+00:00,11.564820471814928,11.317572251190484,11.32554817199707,68088900,11.365427015404325
2016-05-12 00:00:00+00:00,11.540892064354399,11.20591103753481,11.277692794799805,72567100,11.405304469659537
2016-05-13 00:00:00+00:00,11.461134906201606,11.062348023895527,11.070323944091797,86193900,11.285668465011758
2016-05-16 00:00:00+00:00,11.181983590017328,11.006517163812378,11.110201835632324,57848600,11.022468242217073
2016-05-17 00:00:00+00:00,11.269715204051638,11.02246705020016,11.174006462097168,76273800,11.0782977201427
2016-05-18 00:00:00+00:00,11.764211029889738,11.174006726872506,11.71635627746582,150748500,11.181982645714072
2016-05-19 00:00:00+00:00,11.859922236446412,11.508990101437938,11.588747024536133,106156900,11.644577707393077
2016-05-20 00:00:00+00:00,11.724335172364512,11.50899063335842,11.580772399902344,81214000,11.676481168419015
2016-05-23 00:00:00+00:00,11.644575357330046,11.485060022075135,11.54089069366455,66303200,11.596720604628475
2016-05-24 00:00:00+00:00,11.76420964957277,11.588743258773523,11.708379745483398,96183700,11.64457392348829
2016-05-25 00:00:00+00:00,12.083240927922565,11.828017594141528,11.899799346923828,123498700,11.828017594141528
2016-05-26 00:00:00+00:00,11.955629143571267,11.716356890189562,11.724332809448242,65356600,11.947653224312587
2016-05-27 00:00:00+00:00,11.867897033691406,11.716357601083889,11.867897033691406,62411300,11.772188278656666
2016-05-31 00:00:00+00:00,12.003485235311121,11.748261114988065,11.79611587524414,85635900,11.987533395017227
2016-06-01 00:00:00+00:00,11.924162022412094,11.564036467169878,11.89215087890625,62612100,11.68407882772119
2016-06-02 00:00:00+00:00,11.988182173569234,11.820124272509704,11.956171035766602,64327300,11.964174011018692
2016-06-03 00:00:00+00:00,11.604046065776014,11.355959227869665,11.540023803710938,148600900,11.572034934743476
2016-06-06 00:00:00+00:00,11.764105911702686,11.500013795804495,11.62005615234375,80949300,11.556033104265978
2016-06-07 00:00:00+00:00,11.684076682696997,11.476003906505168,11.484006881713867,67447100,11.636059594650527
2016-06-08 00:00:00+00:00,11.572039974875425,11.443995394976229,11.5480318069458,58292900,11.484009516996203
2016-06-09 00:00:00+00:00,11.459999152250845,11.267932306429007,11.355962753295898,74814900,11.459999152250845
2016-06-10 00:00:00+00:00,11.203911981721449,11.003842124904995,11.067864418029785,90725700,11.187906026837284
2016-06-13 00:00:00+00:00,11.131883775194874,10.867791694906144,10.883797645568848,71925000,10.91580878368852
2016-06-14 00:00:00+00:00,10.987834600251677,10.539678612403629,10.611703872680664,85377800,10.851787819202174
2016-06-15 00:00:00+00:00,10.931812137877877,10.6277059951368,10.6757230758667,100659100,10.707734208618096
2016-06-16 00:00:00+00:00,10.667719508834303,10.419633434604052,10.651714324951172,90152000,10.587691299801959
2016-06-17 00:00:00+00:00,10.82777792435714,10.627708113971797,10.72374153137207,89022300,10.707736343408238
2016-06-20 00:00:00+00:00,11.083867027112738,10.811771981864638,10.835780143737793,89874000,10.995835828234997
2016-06-21 00:00:00+00:00,10.923812280908088,10.763756571480528,10.89980411529541,73810800,10.89980411529541
2016-06-22 00:00:00+00:00,11.02784648984402,10.875793786926439,10.891798973083496,77980500,10.883796761607803
2016-06-23 00:00:00+00:00,11.243920064511817,11.059855498269124,11.235917091369629,82494600,11.0758614445535
2016-06-24 00:00:00+00:00,10.755749833209988,10.379619238414447,10.403627395629883,231499200,10.443641499792648
2016-06-27 00:00:00+00:00,10.219567103808078,9.643365789798946,9.74740219116211,250847700,10.219567103808078
2016-06-28 00:00:00+00:00,10.179551558735096,9.883448348616646,10.163545608520508,150136300,10.059509221742829
2016-06-29 00:00:00+00:00,10.579692063368173,10.339608131990166,10.555683135986328,118484000,10.459649716076282
2016-06-30 00:00:00+00:00,10.707735636196663,10.459648751893646,10.619705200195312,125773900,10.699732661140438
2016-07-01 00:00:00+00:00,10.619706328171715,10.419636509749843,10.483658790588379,88888100,10.55568328412739
2016-07-05 00:00:00+00:00,10.355610387800807,10.107524314089316,10.195554733276367,98246500,10.347608177478758
2016-07-06 00:00:00+00:00,10.339608738662404,9.963477249541029,10.29159164428711,94983300,10.019497320179845
2016-07-07 00:00:00+00:00,10.491659999631453,10.275585013273094,10.411632537841797,101100300,10.29959317548942
2016-07-08 00:00:00+00:00,10.6597192002882,10.491660529868982,10.539677619934082,92698900,10.627708061313385
2016-07-11 00:00:00+00:00,10.723739435048339,10.563683770669602,10.571686744689941,67267300,10.635709010441436
2016-07-12 00:00:00+00:00,10.883797230689806,10.723740782986896,10.835780143737793,89070600,10.731743758013183
2016-07-13 00:00:00+00:00,10.86779193093154,10.659719147031904,10.755752563476562,74595600,10.803769653301767
2016-07-14 00:00:00+00:00,11.027850236471561,10.91581160569087,10.923813819885254,97852100,10.987836112675916
2016-07-15 00:00:00+00:00,11.035851548284501,10.819776533528652,10.931815147399902,78652500,11.027848572092037
2016-07-18 00:00:00+00:00,11.38797315206462,11.059858787702108,11.291939735412598,187187100,11.075864738746988
2016-07-19 00:00:00+00:00,11.500010097883527,11.227915093069228,11.411979675292969,96940100,11.25192401458032
2016-07-20 00:00:00+00:00,11.548030076218897,11.411982539664248,11.52402114868164,79277900,11.484007795864448
2016-07-21 00:00:00+00:00,11.580038574527288,11.411979936136296,11.41998291015625,65376300,11.54802744165308
2016-07-22 00:00:00+00:00,11.52401795565752,11.34795711506784,11.508012771606445,46604800,11.411979377683283
2016-07-25 00:00:00+00:00,11.516018348641197,11.427987145239724,11.500012397766113,46420800,11.45199607155235
2016-07-26 00:00:00+00:00,11.644063431460154,11.451996591473764,11.628057479858398,60205600,11.459998804068862
2016-07-27 00:00:00+00:00,11.76410531943512,11.564035498481442,11.708086013793945,100986000,11.660068920954512
2016-07-28 00:00:00+00:00,11.75609963069399,11.57203580422833,11.74809741973877,72049500,11.660066230380739
2016-07-29 00:00:00+00:00,11.764102222620053,11.588040612830143,11.596043586730957,63276500,11.652063640831054
2016-08-01 00:00:00+00:00,11.684077125246292,11.411982063490374,11.468001365661621,61460900,11.620054847563223
2016-08-02 00:00:00+00:00,11.564036303229727,11.275936015761445,11.307947158813477,83776300,11.42798875445713
2016-08-03 00:00:00+00:00,11.588043212890625,11.2839377684822,11.588043212890625,65305400,11.29193998097291
2016-08-04 00:00:00+00:00,11.636060303863715,11.492009794150212,11.588043212890625,46176600,11.588043212890625
2016-08-05 00:00:00+00:00,12.05220482588656,11.804117943467581,12.044201850891113,120947800,11.804117943467581
2016-08-08 00:00:00+00:00,12.140235051322737,11.940165259129818,12.108223915100098,71960300,12.068209804020377
2016-08-09 00:00:00+00:00,12.156240463256836,12.060207052808073,12.156240463256836,49973300,12.092218189624328
2016-08-10 00:00:00+00:00,12.148234969934286,11.828122925035798,11.852131843566895,79080700,12.13222902424689
2016-08-11 00:00:00+00:00,11.980178777675574,11.804117155556137,11.908153533935547,68945400,11.868139424834904
2016-08-12 00:00:00+00:00,11.932164192199707,11.764105509357213,11.932164192199707,63031300,11.820125579108584
2016-08-15 00:00:00+00:00,12.028192448445505,11.964170193269647,12.020190238952637,48592100,11.980176138666353
2016-08-16 00:00:00+00:00,12.1562401335758,11.948168131515974,12.14023494720459,80307500,11.980179267464077
2016-08-17 00:00:00+00:00,12.196250843053521,12.068206334969831,12.124225616455078,93407300,12.132228589011676
2016-08-18 00:00:00+00:00,12.19625398286509,12.052204255789418,12.132231712341309,62804300,12.09221760246253
2016-08-19 00:00:00+00:00,12.204255464531807,12.044199807802011,12.18024730682373,59834800,12.108222070493929
2016-08-22 00:00:00+00:00,12.204259396518925,12.100222995324557,12.148240089416504,60877100,12.164245278643273
2016-08-23 00:00:00+00:00,12.332302825479976,12.212261246132883,12.284286499023438,67817900,12.212261246132883
2016-08-24 00:00:00+00:00,12.404328040440745,12.292288673708503,12.324299812316895,65484900,12.300291649162038
2016-08-25 00:00:00+00:00,12.436335301754823,12.324295969953246,12.428332328796387,67714400,12.340301915870118
2016-08-26 00:00:00+00:00,12.724439244962722,12.468350139749663,12.636408805847168,126886300,12.492358302561955
2016-08-29 00:00:00+00:00,12.812471566317438,12.62840693346516,12.676424026489258,120144900,12.65241586158011
2016-08-30 00:00:00+00:00,12.98853427748473,12.644414654946317,12.956523895263672,121280600,12.676425800373282
2016-08-31 00:00:00+00:00,13.057018481051527,12.76757745662697,12.976617813110352,127664300,13.032897820614616
2016-09-01 00:00:00+00:00,12.984662171952582,12.663060931196753,12.847981452941895,128812600,12.984662171952582
2016-09-02 00:00:00+00:00,12.912301156289914,12.719340419977925,12.86406135559082,100997300,12.81582078813392
2016-09-06 00:00:00+00:00,12.91230235266734,12.622861221381457,12.68718147277832,96542200,12.904262129553262
2016-09-07 00:00:00+00:00,12.743459063598914,12.58265770878083,12.622858047485352,63310300,12.638938489670233
2016-09-08 00:00:00+00:00,12.81581941456905,12.606779022681017,12.75149917602539,69292700,12.679139482732067
2016-09-09 00:00:00+00:00,12.984659241861193,12.655017852783203,12.655017852783203,135182500,12.791698540950808
2016-09-12 00:00:00+00:00,12.815819099805202,12.445977353883817,12.783658981323242,109724000,12.582658049121571
2016-09-13 00:00:00+00:00,12.75149989792783,12.502259151150277,12.63893985748291,89317600,12.598739514427825
2016-09-14 00:00:00+00:00,12.735417752403349,12.510296948388273,12.566576957702637,75528100,12.598737072561933
2016-09-15 00:00:00+00:00,12.663058908224883,12.526378211049458,12.598738670349121,67322600,12.574618772835139
2016-09-16 00:00:00+00:00,12.606779743174453,12.445978370867575,12.454018592834473,90926200,12.590699299240658
2016-09-19 00:00:00+00:00,12.687176544772743,12.5022560855238,12.534416198730469,66186400,12.5022560855238
2016-09-20 00:00:00+00:00,12.671101899131749,12.470100920148408,12.542461395263672,68210400,12.655021452769297
2016-09-21 00:00:00+00:00,12.727376798583341,12.37361555551659,12.582655906677246,95464600,12.630896459565136
2016-09-22 00:00:00+00:00,12.630901549983504,12.46206069696718,12.542461395263672,75611300,12.61482110362105
2016-09-23 00:00:00+00:00,12.598735331312765,12.462054670361745,12.478135108947754,51604400,12.486174561483244
2016-09-26 00:00:00+00:00,12.413820505333332,12.076139555702884,12.13241958618164,94972100,12.381660378380055
2016-09-27 00:00:00+00:00,12.333417044206806,11.907295292249119,12.293216705322266,81992600,12.068095881029597
2016-09-28 00:00:00+00:00,12.373619827819539,12.180658316400747,12.365579605102539,66076400,12.34949915966854
2016-09-29 00:00:00+00:00,12.462057286889644,12.108295998054542,12.188695907592773,78997700,12.365576935389162
2016-09-30 00:00:00+00:00,12.646976132689382,12.196734550604427,12.582655906677246,119428700,12.269094996557474
2016-10-03 00:00:00+00:00,12.646976861472067,12.462056392720518,12.566576957702637,69873100,12.53441684284334
2016-10-04 00:00:00+00:00,12.904260608609087,12.598739833862744,12.70326042175293,98501500,12.622859733604237
2016-10-05 00:00:00+00:00,13.04898185193949,12.831901215570648,12.952502250671387,86056900,12.831901215570648
2016-10-06 00:00:00+00:00,13.048983369045006,12.896223727024381,13.040943145751953,75886700,13.000743562802482
2016-10-07 00:00:00+00:00,13.065062334710731,12.847980930951788,12.968581199645996,99605400,13.016822533936171
2016-10-10 00:00:00+00:00,13.185657694671686,13.008777468669882,13.105257034301758,64158500,13.040936812708825
2016-10-11 00:00:00+00:00,13.129382542006647,12.880141782962504,12.952502250671387,77374000,13.07310251901432
2016-10-12 00:00:00+00:00,13.057019818864763,12.872099337113871,12.888179779052734,67165800,12.93641957135398
2016-10-13 00:00:00+00:00,12.93642096608599,12.542459297201182,12.72737979888916,78637000,12.93642096608599
2016-10-14 00:00:00+00:00,13.04898186953369,12.81582078813392,12.86406135559082,108865700,12.984661624096361
2016-10-17 00:00:00+00:00,13.024857621670709,12.783655645853095,12.904255867004395,101795500,13.000736964034443
2016-10-18 00:00:00+00:00,13.081140310891257,12.952499844091498,13.073100090026855,71433100,13.016820077491378
2016-10-19 00:00:00+00:00,13.290181824889011,13.08918089819779,13.24194049835205,97969000,13.105259806861406
2016-10-20 00:00:00+00:00,13.370582464866594,13.193702181651675,13.314302444458008,88081200,13.22586306960832
2016-10-21 00:00:00+00:00,13.402742385864258,13.185661008365162,13.402742385864258,77954900,13.233900803304262
2016-10-24 00:00:00+00:00,13.507263893873407,13.354504268458042,13.483144760131836,68244800,13.467064315293706
2016-10-25 00:00:00+00:00,13.523341385089882,13.410781362838359,13.442940711975098,49350300,13.43490049131209
2016-10-26 00:00:00+00:00,13.563545227050781,13.362544270436912,13.563545227050781,58730400,13.378623181494165
2016-10-27 00:00:00+00:00,13.74846233625285,13.555501649684503,13.595701217651367,97937300,13.627862098837035
2016-10-28 00:00:00+00:00,13.651985267608746,13.266063780227702,13.410784721374512,115123600,13.627866133094727
2016-10-31 00:00:00+00:00,13.450984209944373,13.266063690185547,13.266063690185547,70387600,13.410784630350078
2016-11-01 00:00:00+00:00,13.467062711347081,13.129381077542837,13.35450267791748,88587100,13.314301570610164
2016-11-02 00:00:00+00:00,13.314303079327049,13.089182986958251,13.249982833862305,119202000,13.233902389117214
2016-11-03 00:00:00+00:00,13.402743991909428,13.225863700260286,13.249982833862305,69690400,13.249982833862305
2016-11-04 00:00:00+00:00,13.434900573310435,13.145460295252052,13.306260108947754,82437400,13.290181201038893
2016-11-07 00:00:00+00:00,13.700220434389719,13.547459339355438,13.67609977722168,91581900,13.55549955841145
2016-11-08 00:00:00+00:00,13.756505023034098,13.434902287576252,13.66806411743164,95842800,13.52334319317871
2016-11-09 00:00:00+00:00,14.512268701683617,13.989666512275472,14.447948455810547,319516900,14.198707694741856
2016-11-10 00:00:00+00:00,15.268027445691873,14.673064994327264,15.083106994628906,304986400,14.681105213962406
2016-11-11 00:00:00+00:00,15.30019358085696,14.978590819019947,15.292153358459473,212952500,14.986631041417436
2016-11-14 00:00:00+00:00,16.240871200275695,15.597667484647124,16.144390106201172,320959900,15.605707703612914
2016-11-15 00:00:00+00:00,16.224792063366536,15.758470060562324,16.208711624145508,190293100,15.91123116613192
2016-11-16 00:00:00+00:00,16.04791125701188,15.822791228538359,15.879071235656738,126734500,15.903191895928265
2016-11-17 00:00:00+00:00,16.25695010469231,15.83886945307595,16.144390106201172,167979200,15.88710923335573
2016-11-18 00:00:00+00:00,16.19263433974993,15.975554502032537,16.080074310302734,120620200,16.128314103849334
2016-11-21 00:00:00+00:00,16.36147457555665,16.08811321201989,16.345394134521484,117479100,16.160473663162872
2016-11-22 00:00:00+00:00,16.457956411570592,16.176556322443904,16.32127571105957,104771800,16.34539637591992
2016-11-23 00:00:00+00:00,16.61071799131457,16.240876988174616,16.530317306518555,110801300,16.41775726791344
2016-11-25 00:00:00+00:00,16.787603344327188,16.48208248999145,16.77152442932129,62610400,16.57856364760672
2016-11-28 00:00:00+00:00,16.763478699073097,16.281076136474464,16.32127571105957,108651200,16.618757776941962
2016-11-29 00:00:00+00:00,16.514233305140007,16.28107154446538,16.313232421875,114216800,16.385591329016567
2016-11-30 00:00:00+00:00,17.10004885162145,16.720764112037436,17.043560028076172,191699600,16.761114371144778
2016-12-01 00:00:00+00:00,17.70528663618038,17.221094362837057,17.35021209716797,199233900,17.285653230002513
2016-12-02 00:00:00+00:00,17.35021675315171,16.96286344621153,17.1323299407959,128468700,17.3421467001898
2016-12-05 00:00:00+00:00,17.6488019854958,17.31793598157242,17.624591827392578,130377300,17.326006034273494
2016-12-06 00:00:00+00:00,17.88282012939453,17.52774565008181,17.88282012939453,120789200,17.826331322522982
2016-12-07 00:00:00+00:00,18.213687896728516,17.713357050723065,18.213687896728516,168005200,17.90703365619661
2016-12-08 00:00:00+00:00,18.754367171460995,18.310525186200913,18.520341873168945,182693900,18.39122414875857
2016-12-09 00:00:00+00:00,18.697882546094228,18.38315821477427,18.633323669433594,130590400,18.520346020078744
2016-12-12 00:00:00+00:00,18.762444690265486,18.189484752521086,18.245973587036133,136986000,18.56069797316586
2016-12-13 00:00:00+00:00,18.463858871707703,17.987738035421454,18.245973587036133,118204100,18.399299983804035
2016-12-14 00:00:00+00:00,18.802784820049727,17.92316941258085,18.294384002685547,225340900,18.003868370360532
2016-12-15 00:00:00+00:00,18.87541635043009,18.39929412650894,18.689809799194336,162025800,18.479993095499864
2016-12-16 00:00:00+00:00,18.818932830368066,18.278251586923812,18.28632164001465,147497700,18.68981505932513
2016-12-19 00:00:00+00:00,18.33473456283951,18.020010288852827,18.14105796813965,97508900,18.237897035091954
2016-12-20 00:00:00+00:00,18.423506869893224,18.245970344509814,18.32666778564453,83879500,18.262108909213744
2016-12-21 00:00:00+00:00,18.334742518092977,18.13299578534422,18.262113571166992,61079100,18.334742518092977
2016-12-22 00:00:00+00:00,18.34281195341631,18.132995173729938,18.189485549926758,67123500,18.237904333175806
2016-12-23 00:00:00+00:00,18.278246588139076,18.10071008630952,18.237897872924805,38187800,18.165268954175254
2016-12-27 00:00:00+00:00,18.350881202677606,18.189484752521086,18.245973587036133,39988600,18.326671042511745
2016-12-28 00:00:00+00:00,18.294389423431532,17.9635249837817,18.0200138092041,52652900,18.2540407021884
2016-12-29 00:00:00+00:00,18.06843803828947,17.568106971297805,17.753713607788086,79188400,18.020019250336684
2016-12-30 00:00:00+00:00,17.96352556560256,17.71336009954143,17.834407806396484,72605900,17.769848926793447
2017-01-03 00:00:00+00:00,18.30245560580796,17.91510242263434,18.181407928466797,99298100,18.23789674194569
2017-01-04 00:00:00+00:00,18.528410384140493,18.23789627381949,18.520341873168945,76875100,18.33473379752493
2017-01-05 00:00:00+00:00,18.504204475708995,18.036152271552247,18.302457809448242,86826400,18.41543545000869
2017-01-06 00:00:00+00:00,18.43964560407375,18.20561873239292,18.302457809448242,66281500,18.383156783793524
2017-01-09 00:00:00+00:00,18.32667333394346,18.076507804438556,18.197555541992188,75901500,18.165276863607115
2017-01-10 00:00:00+00:00,18.67366826752077,18.189477569064312,18.512271881103516,100977700,18.229826280867453
2017-01-11 00:00:00+00:00,18.617185592651367,18.334739899304324,18.617185592651367,92385600,18.512277983856567
2017-01-12 00:00:00+00:00,18.657535595585884,18.24597214062386,18.496137619018555,120474200,18.568766554553335
2017-01-13 00:00:00+00:00,18.891563919305348,18.39930139916929,18.568769454956055,161930900,18.73016591752799
2017-01-17 00:00:00+00:00,18.39122941651978,17.761779175323575,17.794057846069336,152495900,18.30246037835996
2017-01-18 00:00:00+00:00,18.278253679196194,17.834411482831097,18.262113571166992,124366000,17.99580794550685
2017-01-19 00:00:00+00:00,18.40736318238238,18.084568863071027,18.181407928466797,75990800,18.34280431852011
2017-01-20 00:00:00+00:00,18.504204715905168,18.1733403020791,18.270177841186523,102564900,18.28631794410607
2017-01-23 00:00:00+00:00,18.367015846015594,18.092640269239237,18.205617904663086,61385600,18.254038210591744
2017-01-24 00:00:00+00:00,18.641389547403087,18.141057210909366,18.520341873168945,98508700,18.245966323995727
2017-01-25 00:00:00+00:00,18.89963408569581,18.641398512680855,18.859285354614258,99753300,18.81893508432728
2017-01-26 00:00:00+00:00,19.004533238982535,18.786648033374345,18.9157657623291,84146400,18.891555610948306
2017-01-27 00:00:00+00:00,18.92383473661299,18.786646964999672,18.851205825805664,54590200,18.907694636610326
2017-01-30 00:00:00+00:00,18.722088509960745,18.326663747348697,18.520341873168945,91561200,18.722088509960745
2017-01-31 00:00:00+00:00,18.584903691297974,18.157200199159554,18.270177841186523,91044300,18.37508697095865
2017-02-01 00:00:00+00:00,18.7382370990322,18.415442615260105,18.47193145751953,103630900,18.53649035427395
2017-02-02 00:00:00+00:00,18.391230054432057,18.165273194553745,18.334739685058594,88679100,18.35087979059387
2017-02-03 00:00:00+00:00,18.843142288279783,18.52034787268718,18.794723510742188,116035100,18.681744310880887
2017-02-06 00:00:00+00:00,18.867346909553813,18.61718148287894,18.65753173828125,92228400,18.681740352317775
2017-02-07 00:00:00+00:00,18.794719657676477,18.447715154851146,18.47999382019043,87982900,18.78664960654044
2017-02-08 00:00:00+00:00,18.342802761671518,18.116847526933924,18.294384002685547,102264500,18.342802761671518
2017-02-09 00:00:00+00:00,18.681740352317775,18.270176982443388,18.65753173828125,102634200,18.36701605620407
2017-02-10 00:00:00+00:00,18.754375272247085,18.52841838732651,18.62525749206543,90548300,18.714026543142324
2017-02-13 00:00:00+00:00,18.99646496270385,18.697879248799648,18.883485794067383,105342500,18.697879248799648
2017-02-14 00:00:00+00:00,19.50486666171284,18.826997777959097,19.41609764099121,139711400,18.883486595071105
2017-02-15 00:00:00+00:00,19.989059398590435,19.45644834048905,19.835731506347656,151233300,19.642054897874868
2017-02-16 00:00:00+00:00,19.86801171069555,19.609774693526973,19.835731506347656,98144500,19.80345284120462
2017-02-17 00:00:00+00:00,19.835730318372228,19.52907609145726,19.787311553955078,85789200,19.593634957081715
2017-02-21 00:00:00+00:00,20.013271821045034,19.83573528096212,19.997133255004883,78571500,19.843805333584772
2017-02-22 00:00:00+00:00,20.134317170913494,19.803452773502993,20.005199432373047,81531900,19.85994159171383
2017-02-23 00:00:00+00:00,20.0858969332244,19.7792426879437,19.835731506347656,85846000,20.005199500764384
2017-02-24 00:00:00+00:00,19.65012658801989,19.383821036756096,19.553287506103516,97074400,19.464520015152242
2017-02-27 00:00:00+00:00,19.900296178082137,19.521012901637544,19.827667236328125,69129100,19.529082955077467
2017-02-28 00:00:00+00:00,19.932573438839285,19.70661659361274,19.916433334350586,90242000,19.755035367873756
2017-03-01 00:00:00+00:00,20.72992400263491,20.414238838441257,20.640884399414062,143947500,20.535657040613895
2017-03-02 00:00:00+00:00,20.883720875970127,20.3980541693776,20.42233657836914,99824600,20.786588152210346
2017-03-03 00:00:00+00:00,20.76230251324937,20.478995928146055,20.59231948852539,92456100,20.478995928146055
2017-03-06 00:00:00+00:00,20.519469205475218,20.300918278643845,20.43852424621582,75660400,20.503279904844003
2017-03-07 00:00:00+00:00,20.52756330339528,20.317107032542882,20.406145095825195,64053700,20.414239745922977
2017-03-08 00:00:00+00:00,20.85943693930113,20.41424043233365,20.446619033813477,105314600,20.721830970805243
2017-03-09 00:00:00+00:00,20.66516507722258,20.422330255215922,20.51946449279785,78984600,20.51946449279785
2017-03-10 00:00:00+00:00,20.73801866747386,20.3090114944297,20.487089157104492,86998800,20.73801866747386
2017-03-13 00:00:00+00:00,20.56803397219315,20.341388412580965,20.478994369506836,56886200,20.478994369506836
2017-03-14 00:00:00+00:00,20.511375153153985,20.276634918847712,20.49518585205078,63182700,20.389958482673414
2017-03-15 00:00:00+00:00,20.68135503841934,20.20378153576762,20.381860733032227,114662700,20.551843737079537
2017-03-16 00:00:00+00:00,20.63278887807674,20.389955571782725,20.41423797607422,70306200,20.430427274866222
2017-03-17 00:00:00+00:00,20.454708012972457,20.09855121492478,20.122835159301758,105222400,20.414234772344162
2017-03-20 00:00:00+00:00,20.041901587051807,19.766689570300674,19.782878875732422,87287500,19.89620092596037
2017-03-21 00:00:00+00:00,19.88000388285731,18.576796180777443,18.63345718383789,259545800,19.831437529362148
2017-03-22 00:00:00+00:00,18.762969667835527,18.172074107516845,18.568702697753906,167984400,18.333962477303213
2017-03-23 00:00:00+00:00,19.013896782684657,18.544417906960216,18.67392921447754,111666800,18.649646809253397
2017-03-24 00:00:00+00:00,18.900575470893642,18.423001927868103,18.71440315246582,113499100,18.779158808610134
2017-03-27 00:00:00+00:00,18.65774354479927,17.93733656359687,18.641555786132812,119513500,18.03447083507995
2017-03-28 00:00:00+00:00,19.15959933413647,18.617270099905106,19.00580406188965,95761700,18.62536475043354
2017-03-29 00:00:00+00:00,19.143407032674904,18.868195133429804,18.90057373046875,67204500,19.03008503083156
2017-03-30 00:00:00+00:00,19.4105197379289,18.884380010406975,19.321481704711914,79189200,18.92485170333323
2017-03-31 00:00:00+00:00,19.402431899072113,19.0948429107666,19.0948429107666,77158300,19.28910988399587
2017-04-03 00:00:00+00:00,19.224354226252782,18.682025013693153,19.0948429107666,88076600,19.143409268099752
2017-04-04 00:00:00+00:00,19.030085915053416,18.779157951928305,18.973424911499023,75244400,18.779157951928305
2017-04-05 00:00:00+00:00,19.329577516751993,18.738682071410715,18.754871368408203,97453300,19.240539471058483
2017-04-06 00:00:00+00:00,18.989612819112278,18.584889597454506,18.82772445678711,82975200,18.754874153376985
2017-04-07 00:00:00+00:00,18.892479087086794,18.560606186816777,18.74677848815918,79519400,18.641551135542837
2017-04-10 00:00:00+00:00,18.843913440845643,18.54441758251631,18.63345718383789,63254700,18.72249524126293
2017-04-11 00:00:00+00:00,18.576798982265235,18.277303078770203,18.552515029907227,94206700,18.479664716729967
2017-04-12 00:00:00+00:00,18.56870169458533,18.30158443216695,18.333961486816406,76556300,18.520133796766313
2017-04-13 00:00:00+00:00,18.58488654862836,18.083030700683594,18.083030700683594,88061800,18.261108333196848
2017-04-17 00:00:00+00:00,18.47966357425277,18.018279315252368,18.46347427368164,85053200,18.09922427421133
2017-04-18 00:00:00+00:00,18.738685178573053,18.115411035888354,18.38252830505371,146488400,18.7063081231058
2017-04-19 00:00:00+00:00,18.73868171581849,18.3582425069749,18.406808853149414,101771800,18.552509435569263
2017-04-20 00:00:00+00:00,18.75487416765001,18.471567603494652,18.67392921447754,103802600,18.584889611598168
2017-04-21 00:00:00+00:00,18.682024173582914,18.285395594755357,18.38252830505371,127235400,18.6415524682747
2017-04-24 00:00:00+00:00,19.305295522044347,18.811532760488426,19.127216339111328,138638900,18.811532760488426
2017-04-25 00:00:00+00:00,19.71002602696616,19.353869072457265,19.41053009033203,131531100,19.418624742013705
2017-04-26 00:00:00+00:00,19.580509954663466,19.313392689326193,19.337675094604492,95172200,19.42671469768244
2017-04-27 00:00:00+00:00,19.37005530850986,18.989614459199984,19.143409729003906,80024200,19.345771357310284
2017-04-28 00:00:00+00:00,19.200069831408594,18.876291550184355,18.892480850219727,69384900,19.078653168936583
2017-05-01 00:00:00+00:00,19.240538042487294,18.900570550263634,19.111026763916016,72382900,19.038176476732644
2017-05-02 00:00:00+00:00,19.15959234877217,18.8843805067313,19.0462703704834,60262600,19.111026007205005
2017-05-03 00:00:00+00:00,19.248636107464602,18.89247925621937,19.240541458129883,64272800,18.916763204223532
2017-05-04 00:00:00+00:00,19.46718236610892,19.208159804202023,19.305294036865234,68133400,19.410521373678815
2017-05-05 00:00:00+00:00,19.418626402385186,19.102942679292415,19.216264724731445,56678800,19.410531750011387
2017-05-08 00:00:00+00:00,19.47528165630354,19.224353682631822,19.394336700439453,56016500,19.224353682631822
2017-05-09 00:00:00+00:00,19.677647420239463,19.321492009627516,19.41053009033203,61622000,19.451003348740397
2017-05-10 00:00:00+00:00,19.56432506054157,19.321491689700018,19.54813575744629,48495300,19.353868751993662
2017-05-11 00:00:00+00:00,19.61289453621776,19.29721079528203,19.483383178710938,68350800,19.507667137204905
2017-05-12 00:00:00+00:00,19.42671775817871,19.22435611486435,19.42671775817871,62589000,19.361962094073988
2017-05-15 00:00:00+00:00,19.54003450096559,19.41052320777465,19.475278854370117,50688800,19.475278854370117
2017-05-16 00:00:00+00:00,19.564321678106243,19.378149356388207,19.418621063232422,55774800,19.483376720521157
2017-05-17 00:00:00+00:00,18.981518793568767,18.180165494886545,18.26920509338379,190353300,18.916763142997084
2017-05-18 00:00:00+00:00,18.617265078434052,18.21254192455505,18.406808853149414,108444100,18.301581512455247
2017-05-19 00:00:00+00:00,18.860101247273995,18.512040578401255,18.657739639282227,89566700,18.544417632853733
2017-05-22 00:00:00+00:00,18.811540892761787,18.471573221162,18.6496524810791,74839400,18.771069175815374
2017-05-23 00:00:00+00:00,19.021992488683118,18.487757929533963,18.932952880859375,79020000,18.64155319471225
2017-05-24 00:00:00+00:00,18.997702740121852,18.795341179662497,18.90866470336914,58823200,18.97342034096029
2017-05-25 00:00:00+00:00,19.086752735032487,18.795351434927603,18.81963539123535,60443500,18.94914673708263
2017-05-26 00:00:00+00:00,18.957235486275945,18.75487387841386,18.811534881591797,50399500,18.803440232009727
2017-05-30 00:00:00+00:00,18.787253588511074,18.520136290130715,18.54442024230957,61307900,18.722497926597555
2017-05-31 00:00:00+00:00,18.515994537228398,17.93940069470914,18.19927406311035,138636300,18.499753613428915
2017-06-01 00:00:00+00:00,18.386054737204457,18.109938942828727,18.377933502197266,69725100,18.256118075023785
2017-06-02 00:00:00+00:00,18.34545232355332,17.996246920966726,18.23175811767578,79722300,18.08557896785187
2017-06-05 00:00:00+00:00,18.43478527132861,18.18303159034341,18.19927406311035,51590300,18.223637772260762
2017-06-06 00:00:00+00:00,18.19926632934592,17.923150605512937,18.05308723449707,71735600,18.028725084666796
2017-06-07 00:00:00+00:00,18.369815316800228,18.085578264197782,18.353572845458984,66429700,18.109940422242325
2017-06-08 00:00:00+00:00,18.84895583628817,18.353572851943838,18.654050827026367,93685900,18.36981532329082
2017-06-09 00:00:00+00:00,19.222524642944336,18.848955552426276,19.222524642944336,108254300,18.857076787977462
2017-06-12 00:00:00+00:00,19.523002778624328,19.271249141284457,19.31185531616211,85829900,19.34433870709704
2017-06-13 00:00:00+00:00,19.57985541922083,19.214407486668286,19.303739547729492,68047300,19.44991872075051
2017-06-14 00:00:00+00:00,19.336218871402558,18.840835893783936,19.29561424255371,102352400,19.12507139366048
2017-06-15 00:00:00+00:00,19.44991777065324,19.060106145316325,19.116954803466797,69707500,19.125074491377884
2017-06-16 00:00:00+00:00,19.181924544227094,18.97889825440193,19.027624130249023,57745800,19.133197119412337
2017-06-19 00:00:00+00:00,19.490520453302825,19.165678755541258,19.417430877685547,58587800,19.17379999160622
2017-06-20 00:00:00+00:00,19.48240182215846,19.068228021272027,19.07634925842285,59693500,19.41743347391947
2017-06-21 00:00:00+00:00,19.141313661437614,18.73526118139365,18.783987045288086,72432800,19.084466562066225
2017-06-22 00:00:00+00:00,18.84083741076948,18.597204971158217,18.62156867980957,64763300,18.775869069999963
2017-06-23 00:00:00+00:00,18.767749227474994,18.467269660997733,18.532238006591797,85399600,18.767749227474994
2017-06-26 00:00:00+00:00,18.792103180772273,18.459140361416456,18.58907699584961,61307800,18.60531946239547
2017-06-27 00:00:00+00:00,19.16567482186217,18.678411600744973,18.897680282592773,88257800,18.759622395759017
2017-06-28 00:00:00+00:00,19.4580366569838,19.108832779393207,19.393068313598633,119049300,19.108832779393207
2017-06-29 00:00:00+00:00,20.034629967303378,19.523004510204206,19.75039291381836,150501200,19.961540395008164
2017-06-30 00:00:00+00:00,19.99403382837158,19.628585811705936,19.701675415039062,84005200,19.99403382837158
2017-07-03 00:00:00+00:00,20.22953701250007,19.847848190195958,20.042753219604492,58129700,19.86408911425439
2017-07-05 00:00:00+00:00,20.2620212556908,19.99402665592949,20.23765754699707,76172500,20.14020426118958
2017-07-06 00:00:00+00:00,20.391959054871826,20.050874859306397,20.067115783691406,84465400,20.221416182605353
2017-07-07 00:00:00+00:00,20.302622024415136,20.0183850062799,20.16456413269043,54478800,20.237653695895695
2017-07-10 00:00:00+00:00,20.29450580085384,20.010268712534707,20.213294982910156,54632800,20.07523705709615
2017-07-11 00:00:00+00:00,20.22953724945423,19.86408934692796,19.977785110473633,69410600,20.20517353962998
2017-07-12 00:00:00+00:00,19.977785565526656,19.734153108637194,19.77475929260254,68708700,19.831606401186487
2017-07-13 00:00:00+00:00,20.00214396303101,19.790998042013783,19.9940242767334,55533400,19.83972390463566
2017-07-14 00:00:00+00:00,19.75039045848461,19.344338017976398,19.66105842590332,92625400,19.652938740184233
2017-07-17 00:00:00+00:00,19.669181613855596,19.433671980436245,19.50676155090332,81522000,19.669181613855596
2017-07-18 00:00:00+00:00,19.539246064608474,19.173799740279684,19.40930938720703,107981400,19.417430623165544
2017-07-19 00:00:00+00:00,19.652935601907313,19.33621369558896,19.53923988342285,74140100,19.53111865003347
2017-07-20 00:00:00+00:00,19.587972584404685,19.352461399282255,19.44179344177246,62793500,19.506761777501527
2017-07-21 00:00:00+00:00,19.45804073315519,19.21440978166561,19.32810401916504,65922500,19.360588972146484
2017-07-24 00:00:00+00:00,19.514884161497715,19.27125172645099,19.417430877685547,51382700,19.279372962515957
2017-07-25 00:00:00+00:00,20.03462950883537,19.68542412674211,19.880329132080078,86154700,19.693545362252106
2017-07-26 00:00:00+00:00,20.034627476633784,19.60421133206691,19.66105842590332,65704700,20.034627476633784
2017-07-27 00:00:00+00:00,19.855968896052683,19.51488471646145,19.579853057861328,62902100,19.701668504365177
2017-07-28 00:00:00+00:00,19.661064478530207,19.45803819577479,19.5148868560791,50143400,19.531127781484148
2017-07-31 00:00:00+00:00,19.734150235078413,19.56360893415969,19.58797264099121,62272000,19.58797264099121
2017-08-01 00:00:00+00:00,19.888453781338715,19.709791216354244,19.85597038269043,52782500,19.72603369016217
2017-08-02 00:00:00+00:00,19.96965980529785,19.701665247701616,19.96965980529785,55317100,19.84784437892996
2017-08-03 00:00:00+00:00,19.977782226986353,19.750392281682768,19.790998458862305,53210600,19.937176049806816
2017-08-04 00:00:00+00:00,20.36759322988758,20.018387833907113,20.278261184692383,105206600,20.042751541405988
2017-08-07 00:00:00+00:00,20.34322926682495,20.22141382879559,20.270139694213867,41860900,20.31074587286854
2017-08-08 00:00:00+00:00,20.586868267875712,20.15645193045307,20.221420288085938,73399300,20.262026479711373
2017-08-09 00:00:00+00:00,20.115842056417492,19.864088380714993,20.09147834777832,56910400,19.97778413873037
2017-08-10 00:00:00+00:00,19.96154018527069,19.56360893415969,19.58797264099121,78023700,19.96154018527069
2017-08-11 00:00:00+00:00,19.68543035689804,19.32810362620601,19.3768310546875,68157400,19.547372407469375
2017-08-14 00:00:00+00:00,19.888451105618415,19.62857775552431,19.83160400390625,54989500,19.677303621425118
2017-08-15 00:00:00+00:00,20.180802580247615,19.855961002387794,19.872201919555664,45143200,20.099591798540953
2017-08-16 00:00:00+00:00,19.99402657875054,19.55548911776077,19.644821166992188,59188900,19.929058238118802
2017-08-17 00:00:00+00:00,19.628578294882438,19.18192115575578,19.198162078857422,78969300,19.547367483504665
2017-08-18 00:00:00+00:00,19.409311346520692,19.043864985301155,19.181922912597656,60461200,19.13319549192769
2017-08-21 00:00:00+00:00,19.198162262523077,18.79210975071697,18.987014770507812,70124800,19.149436394817215
2017-08-22 00:00:00+00:00,19.40118863655723,19.141315275253774,19.352462768554688,59228600,19.165678983738754
2017-08-23 00:00:00+00:00,19.466155542479637,19.1575563359134,19.29561424255371,39825500,19.173798807039862
2017-08-24 00:00:00+00:00,19.441793157399868,19.230645682127005,19.36058235168457,39178700,19.433671921931612
2017-08-25 00:00:00+00:00,19.547370470119436,19.287497073178795,19.303739547729492,43511900,19.401191297098418
2017-08-28 00:00:00+00:00,19.40930741510544,19.141312851573897,19.26312828063965,37155000,19.360581553272585
2017-08-29 00:00:00+00:00,19.246890237891574,18.775869372482482,19.149436950683594,60897200,18.857078638027104
2017-08-30 00:00:00+00:00,19.62286441503395,19.231058965553213,19.484100341796875,58412900,19.369823038790287
2017-08-31 00:00:00+00:00,19.62286350442812,19.410636016567544,19.500423431396484,62362400,19.614700729099997
2017-09-01 00:00:00+00:00,19.73714255631181,19.4269632693688,19.663679122924805,56233900,19.508589479453303
2017-09-05 00:00:00+00:00,19.451447761018972,18.961692154048126,19.026992797851562,108605400,19.451447761018972
2017-09-06 00:00:00+00:00,19.247387600103625,18.945371078130307,19.108623504638672,64188900,19.173924163863916
2017-09-07 00:00:00+00:00,19.108620286072636,18.56988954898303,18.749465942382812,103501200,19.084131959153922
2017-09-08 00:00:00+00:00,18.9616960442638,18.6515183117834,18.684167861938477,68365000,18.716818968984033
2017-09-11 00:00:00+00:00,19.108618561520768,18.839253217286174,19.067806243896484,73741000,18.953528952146268
2017-09-12 00:00:00+00:00,19.614700976147084,19.141270899384548,19.549400329589844,99658500,19.149432117925258
2017-09-13 00:00:00+00:00,19.875912273715375,19.484108222649606,19.859586715698242,86339800,19.524920560801537
2017-09-14 00:00:00+00:00,20.030996182653848,19.753468003986157,19.786117553710938,70051000,19.900393313083356
2017-09-15 00:00:00+00:00,19.924884680740753,19.712657126057422,19.9003963470459,85937600,19.761632236556437
2017-09-18 00:00:00+00:00,20.21873417451136,19.924880459983925,20.161596298217773,68076400,19.93304323615306
2017-09-19 00:00:00+00:00,20.3983092432703,20.09629432924906,20.29219627380371,56218100,20.161594977433943
2017-09-20 00:00:00+00:00,20.60237884780353,20.13711142457087,20.45545196533203,82289900,20.308525082860534
2017-09-21 00:00:00+00:00,20.635030634577653,20.341176860001,20.537078857421875,57864000,20.447289858103304
2017-09-22 00:00:00+00:00,20.46361239035238,20.284035975137687,20.422800064086914,61446000,20.41463728745573
2017-09-25 00:00:00+00:00,20.471771965501734,20.06364253911064,20.210569381713867,62361700,20.357496224317092
2017-09-26 00:00:00+00:00,20.373827107747786,20.1534383262065,20.251388549804688,53012700,20.26771410603463
2017-09-27 00:00:00+00:00,20.928879555612166,20.553401175589006,20.741140365600586,92877400,20.659514156976723
2017-09-28 00:00:00+00:00,20.92888227817505,20.684005177338715,20.773794174194336,64991400,20.888069946999206
2017-09-29 00:00:00+00:00,20.79827767743043,20.659513593620897,20.684001922607422,66232600,20.741139800018928
2017-10-02 00:00:00+00:00,20.937042467502216,20.72481494646449,20.912555694580078,54001400,20.78195282580341
2017-10-03 00:00:00+00:00,21.165601181918433,20.912561267320573,21.108463287353516,55946900,21.01867427767101
2017-10-04 00:00:00+00:00,21.1819188235365,20.977854100985628,20.98601531982422,53402800,21.108455398866965
2017-10-05 00:00:00+00:00,21.410472185306773,20.945204826379978,21.328845977783203,62636900,21.034993810344943
2017-10-06 00:00:00+00:00,21.467613222164726,21.25538723102395,21.394149780273438,53900600,21.426800890843186
2017-10-09 00:00:00+00:00,21.44312487186794,21.02683258400989,21.100296020507812,55172500,21.43496209482478
2017-10-10 00:00:00+00:00,21.181919653049217,20.98601614166509,21.16559410095215,46133800,21.08396789735715
2017-10-11 00:00:00+00:00,21.165597239257604,20.937044146681224,21.08397102355957,51652300,21.165597239257604
2017-10-12 00:00:00+00:00,21.165598158288727,20.684005177338715,20.773794174194336,71770000,21.116623049499587
2017-10-13 00:00:00+00:00,21.222735123179056,20.50442785019562,21.08397102355957,104196900,20.716653831363708
2017-10-16 00:00:00+00:00,21.492105499441085,21.116627000322993,21.418642044067383,71927200,21.116627000322993
2017-10-17 00:00:00+00:00,21.573723599548053,21.312520993102172,21.385984420776367,48644400,21.524748500062035
2017-10-18 00:00:00+00:00,21.671677986688604,21.49210154927553,21.614540100097656,55382500,21.500264326915758
2017-10-19 00:00:00+00:00,21.7043259539483,21.34517157424558,21.696163177490234,54542700,21.3859854565359
2017-10-20 00:00:00+00:00,22.18592194812401,21.957368846225943,22.177759170532227,83764700,22.071646175620295
2017-10-23 00:00:00+00:00,22.3899918149136,22.112463541168893,22.169601440429688,69607700,22.218576560240226
2017-10-24 00:00:00+00:00,22.724652688047076,22.316523152064754,22.594051361083984,90346500,22.324685929611274
2017-10-25 00:00:00+00:00,22.78995187048429,22.316521701787096,22.55323600769043,81265300,22.76546353943614
2017-10-26 00:00:00+00:00,22.83892834135639,22.594051243794443,22.64302635192871,55342500,22.60221402129859
2017-10-27 00:00:00+00:00,22.82260266838351,22.54507601913006,22.692001342773438,58856700,22.594051127011188
2017-10-30 00:00:00+00:00,22.65934886735971,22.41447024575573,22.52874755859375,51357600,22.56955988374921
2017-10-31 00:00:00+00:00,22.626703412876875,22.316525616311573,22.357337951660156,50311200,22.561402742184665
2017-11-01 00:00:00+00:00,22.634861890213166,22.33284692948509,22.47161102294922,46527700,22.561398455032712
2017-11-02 00:00:00+00:00,22.80627766859994,22.26754683489912,22.7491397857666,59692000,22.45528603760596
2017-11-03 00:00:00+00:00,22.70832633972168,22.5450754651657,22.70832633972168,37816100,22.634862901259787
2017-11-06 00:00:00+00:00,22.70832769141736,22.545076807143996,22.65118980407715,37261000,22.643027026329882
2017-11-07 00:00:00+00:00,22.66751561700422,22.055321291022484,22.185922622680664,68342100,22.643027283484304
2017-11-08 00:00:00+00:00,22.006341036455797,21.622699881863326,21.867578506469727,83128200,22.006341036455797
2017-11-09 00:00:00+00:00,21.76145998432103,21.320681031758703,21.622695922851562,95448600,21.622695922851562
2017-11-10 00:00:00+00:00,21.826767765255575,21.598214660774076,21.639028549194336,61105300,21.7043292137761
2017-11-13 00:00:00+00:00,21.614540778585674,21.337012557668807,21.549240112304688,55902200,21.434964335535632
2017-11-14 00:00:00+00:00,21.508431057722113,21.288040691601008,21.418642044067383,61596800,21.43496760234841
2017-11-15 00:00:00+00:00,21.981854263818455,21.067643534357337,21.867578506469727,98274900,21.21457039774309
2017-11-16 00:00:00+00:00,22.079808203321257,21.826768316290057,21.843093872070312,54565200,21.96553242664085
2017-11-17 00:00:00+00:00,21.818606339740303,21.58189199979546,21.728818893432617,48420700,21.639029890234188
2017-11-20 00:00:00+00:00,21.908393184740937,21.663516090729033,21.826766967773438,46328800,21.826766967773438
2017-11-21 00:00:00+00:00,21.924721894718232,21.785957772971,21.818607330322266,57749100,21.8757452233551
2017-11-22 00:00:00+00:00,21.957368972639248,21.704329093399654,21.76146697998047,38103200,21.8512559771164
2017-11-24 00:00:00+00:00,21.82676900275725,21.68800488804223,21.704330444335938,14273600,21.810443446463545
2017-11-27 00:00:00+00:00,21.973695895619123,21.639029776051853,21.704330444335938,44828600,21.647192554198707
2017-11-28 00:00:00+00:00,22.61037038893334,21.68799703202862,22.56139373779297,99765000,21.72881090797893
2017-11-29 00:00:00+00:00,23.255220648460963,22.7246525659136,23.08380699157715,119728400,22.87157944718008
2017-11-30 00:00:00+00:00,23.542859762674798,23.018228278032513,23.092004776000977,122131900,23.460887265843308
2017-12-01 00:00:00+00:00,23.370714415011406,22.542779419613503,23.034622192382812,137774800,23.15758249469387
2017-12-04 00:00:00+00:00,24.026496106636852,23.624825079426376,23.821561813354492,145661700,23.649417757489108
2017-12-05 00:00:00+00:00,24.018304007370368,23.649423133719075,23.715002059936523,91349800,23.854357473589214
2017-12-06 00:00:00+00:00,23.747794883708913,23.419900195425647,23.47728157043457,74593800,23.551058070738954
2017-12-07 00:00:00+00:00,23.747793823097584,23.25595259440164,23.592044830322266,80706100,23.682214888369785
2017-12-08 00:00:00+00:00,23.846158085987707,23.575644840618803,23.81336784362793,60991300,23.78877672538291
2017-12-11 00:00:00+00:00,23.911740986076033,23.69041150389294,23.723201751708984,54001900,23.796978245770017
2017-12-12 00:00:00+00:00,24.1822514572482,23.698606303021243,24.034698486328125,76017200,24.034698486328125
2017-12-13 00:00:00+00:00,24.1330724423139,23.63303206689204,23.6412296295166,79980600,24.026505691719798
2017-12-14 00:00:00+00:00,23.919940313076662,23.534662690433944,23.551057815551758,60615800,23.82157112589496
2017-12-15 00:00:00+00:00,23.919938521428385,23.559253613478365,23.80517578125,129859400,23.698609039491437
2017-12-18 00:00:00+00:00,24.18225243772487,23.99371321769368,24.165857315063477,70548600,24.010108340355078
2017-12-19 00:00:00+00:00,24.29701868105736,24.075690747238855,24.14126968383789,67984100,24.26422999452043
2017-12-20 00:00:00+00:00,24.46096326886878,24.141266194596334,24.165857315063477,81271200,24.39538434174815
2017-12-21 00:00:00+00:00,24.575724573309348,24.247829956747402,24.44456672668457,72953200,24.25602751760206
2017-12-22 00:00:00+00:00,24.616711463258156,24.280619298324837,24.493749618530273,54203000,24.57572366050726
2017-12-26 00:00:00+00:00,24.542937257601533,24.247831304530287,24.411779403686523,42371200,24.378989158445297
2017-12-27 00:00:00+00:00,24.37078857421875,24.264223417452843,24.37078857421875,35111800,24.31340721568905
2017-12-28 00:00:00+00:00,24.444562461988603,24.313404638246144,24.42816734313965,37914900,24.370785990692898
2017-12-29 00:00:00+00:00,24.493756715139487,24.198652267456055,24.198652267456055,40672000,24.469165589888934
2018-01-02 00:00:00+00:00,24.510147094726562,24.272424070028595,24.510147094726562,57121600,24.38718680170865
2018-01-03 00:00:00+00:00,24.542931611557744,24.337997316519576,24.42816734313965,57865700,24.510141373859835
2018-01-04 00:00:00+00:00,24.952805739445314,24.493751690943604,24.74787139892578,76512500,24.56752817861263
2018-01-05 00:00:00+00:00,24.936411148053796,24.633107629674154,24.862634658813477,56445200,24.895424904486937
2018-01-08 00:00:00+00:00,24.81344910084645,24.633105889432958,24.690488815307617,42914800,24.780658857489502
2018-01-09 00:00:00+00:00,25.03478316719538,24.698689364939263,24.813453674316406,69479100,24.756072301390407
2018-01-10 00:00:00+00:00,25.190527439641695,24.846237703093124,25.0429744720459,63532800,24.895423067974956
2018-01-11 00:00:00+00:00,25.15773705944075,24.96100030378588,25.13314437866211,59318300,25.13314437866211
2018-01-12 00:00:00+00:00,25.575811164480378,25.223323781886844,25.56761360168457,66371600,25.313493845590255
2018-01-16 00:00:00+00:00,26.05944943881423,25.43644890507219,25.608592987060547,104467900,26.018461635823087
2018-01-17 00:00:00+00:00,25.64957978739706,24.870828759780064,25.55940818786621,124382900,25.411855229915645
2018-01-18 00:00:00+00:00,25.993877168651053,25.584008390361188,25.80533790588379,76463800,25.68237758510189
2018-01-19 00:00:00+00:00,26.01846077922602,25.788933780606705,26.002065658569336,66491000,25.887302941022057
2018-01-22 00:00:00+00:00,26.182416915893555,25.88731090735889,26.182416915893555,53848800,25.96108740949256
2018-01-23 00:00:00+00:00,26.33816127725964,26.05945046009632,26.166015625,56531400,26.116831823007907
2018-01-24 00:00:00+00:00,26.403741761128888,26.0840446650728,26.305374145507812,81585000,26.239793650393683
2018-01-25 00:00:00+00:00,26.436532008685955,26.17421628232967,26.305374145507812,62265800,26.428336010321747
2018-01-26 00:00:00+00:00,26.395549774169922,26.190615386368993,26.395549774169922,52699900,26.321773269479564
2018-01-29 00:00:00+00:00,26.600475663367813,26.37914622000942,26.461118698120117,59126500,26.436527580096826
2018-01-30 00:00:00+00:00,26.395547516662056,26.10863908557385,26.133230209350586,60555800,26.19061314638836
2018-01-31 00:00:00+00:00,26.46932250685495,26.190611654081295,26.231597900390625,65734100,26.272584146699955
2018-02-01 00:00:00+00:00,26.641469955444336,26.198810934923284,26.641469955444336,62367400,26.231601186899038
2018-02-02 00:00:00+00:00,26.780813843674487,26.116828687680513,26.19060516357422,96971900,26.59227465573488
2018-02-05 00:00:00+00:00,26.215197720178846,23.895341290848286,24.80525016784668,155908300,25.51022472577515
2018-02-06 00:00:00+00:00,25.64958597553413,24.018307047767724,25.575809478759766,165878400,24.10847866905309
2018-02-07 00:00:00+00:00,26.01846961218165,25.29710125716403,25.616798400878906,101180500,25.51023320748238
2018-02-08 00:00:00+00:00,25.723357001168534,24.370790704980998,24.37898826599121,128981300,25.665975637621926
2018-02-09 00:00:00+00:00,25.0921616879528,23.878949177959196,24.862634658813477,143071100,24.731476803169567
2018-02-12 00:00:00+00:00,25.772544834052653,25.034781471292042,25.510229110717773,95055100,25.100360402125762
2018-02-13 00:00:00+00:00,25.73974982340315,25.215118473823136,25.55940818786621,76727300,25.44464547102677
2018-02-14 00:00:00+00:00,26.256189022766193,25.46104427427963,26.231597900390625,97251500,25.551215892390246
2018-02-15 00:00:00+00:00,26.61687147373759,26.12502877471143,26.403738021850586,68117400,26.551290987910917
2018-02-16 00:00:00+00:00,26.44472758400469,26.16601830185354,26.20700454711914,62137800,26.231597232393522
2018-02-20 00:00:00+00:00,26.36275070051981,26.026658542066446,26.174211502075195,58573900,26.198802619726806
2018-02-21 00:00:00+00:00,26.534899573936617,26.04305836971476,26.125032424926758,72210300,26.06764949181082
2018-02-22 00:00:00+00:00,26.346358910475235,25.895503976583985,25.97747802734375,64749700,26.223398616098073
2018-02-23 00:00:00+00:00,26.28078168690701,26.03485953331009,26.256187438964844,53626300,26.06764821567469
2018-02-26 00:00:00+00:00,26.59228280494876,26.272585687121204,26.57588768005371,61796300,26.370953309441145
2018-02-27 00:00:00+00:00,26.928370189759782,26.493910403094333,26.50210952758789,69235500,26.493910403094333
2018-02-28 00:00:00+00:00,26.862787933319026,26.30536639723841,26.313562393188477,72044000,26.633262522126724
2018-03-01 00:00:00+00:00,26.618015130962107,25.803431534041135,25.90216827392578,90547100,26.387628358303143
2018-03-02 00:00:00+00:00,26.07495510477265,25.202771837061558,26.025585174560547,82739100,25.60595175350093
2018-03-05 00:00:00+00:00,26.618005599068855,25.647087347391604,26.436988830566406,70543100,25.795193973573856
2018-03-06 00:00:00+00:00,26.593326084065083,26.288886036438996,26.420536041259766,50832600,26.576869441114525
2018-03-07 00:00:00+00:00,26.51927228517246,25.98444395399382,26.478132247924805,52763900,26.083182240536747
2018-03-08 00:00:00+00:00,26.552189354738182,26.173694366670475,26.494592666625977,53139800,26.486362774733323
2018-03-09 00:00:00+00:00,26.9306777708675,26.659151025745523,26.92245101928711,73905800,26.716747703158777
2018-03-12 00:00:00+00:00,27.193980694165926,26.856627344921872,27.021190643310547,60322800,26.897767384823076
2018-03-13 00:00:00+00:00,27.14461110724588,26.576867943193598,26.626237869262695,63347500,27.12815446522285
2018-03-14 00:00:00+00:00,26.78257430006782,26.272430894587792,26.445220947265625,58011400,26.78257430006782
2018-03-15 00:00:00+00:00,26.609780484541698,26.27242717944412,26.412303924560547,41964200,26.568640450024127
2018-03-16 00:00:00+00:00,26.799030541225495,26.39585375770278,26.46990394592285,83447600,26.420537153776138
2018-03-19 00:00:00+00:00,26.51104468197935,26.066724760890818,26.313568115234375,57363200,26.436991361797926
2018-03-20 00:00:00+00:00,26.494588039851973,26.231286473989265,26.313568115234375,44784500,26.379394683743882
2018-03-21 00:00:00+00:00,26.700292259978507,26.066725641203952,26.223060607910156,64546300,26.33002564656693
2018-03-22 00:00:00+00:00,25.91038673499035,25.029976887396607,25.13694190979004,110271900,25.8692467039294
2018-03-23 00:00:00+00:00,25.26859856100099,23.902728453346448,24.001466751098633,115740200,25.25214348586896
2018-03-26 00:00:00+00:00,25.14517110821768,24.396411217134226,25.04643440246582,83297000,24.59388619802959
2018-03-27 00:00:00+00:00,25.23568866343439,24.03438020610622,24.289453506469727,85821800,25.219232017722142
2018-03-28 00:00:00+00:00,24.651487027978764,23.869815292970966,24.182483673095703,79396100,24.511610266143098
2018-03-29 00:00:00+00:00,24.799593945482957,24.1166589255917,24.676172256469727,65678300,24.33059058559753
2018-04-02 00:00:00+00:00,24.733769184998273,23.655884121833182,24.11665916442871,86644200,24.519837522873793
2018-04-03 00:00:00+00:00,24.396414257465818,23.943867566023926,24.3470458984375,69698700,24.30590586081254
2018-04-04 00:00:00+00:00,24.659714257665193,23.820445876859473,24.585660934448242,66640800,23.86158591447252
2018-04-05 00:00:00+00:00,25.136947194179402,24.783138772258056,24.94770050048828,55765500,24.83250713378793
2018-04-06 00:00:00+00:00,24.92301151705015,24.166023342599253,24.379953384399414,79687600,24.692623265907155
2018-04-09 00:00:00+00:00,25.202775193199795,24.48692837310909,24.577438354492188,65917500,24.53629674050346
2018-04-10 00:00:00+00:00,25.16163116337543,24.873646188635288,25.079349517822266,60540500,25.079349517822266
2018-04-11 00:00:00+00:00,24.881876117114373,24.593891123774856,24.60211944580078,62211500,24.807822788273015
2018-04-12 00:00:00+00:00,25.342652349228615,24.824280592504586,25.21923065185547,57989100,24.86542063516496
2018-04-13 00:00:00+00:00,25.647087380046223,24.322357632386762,24.519832611083984,99254500,25.61417409890087
2018-04-16 00:00:00+00:00,24.9888426731044,24.24830938649717,24.62680435180664,110588900,24.750226043110526
2018-04-17 00:00:00+00:00,24.988844037276532,24.58566408393941,24.717315673828125,83475900,24.824280726959664
2018-04-18 00:00:00+00:00,24.86542000861215,24.272994934513612,24.297679901123047,79743200,24.709086594928362
2018-04-19 00:00:00+00:00,24.88187645058343,24.30590802557717,24.832508087158203,80902600,24.314134778321396
2018-04-20 00:00:00+00:00,25.120486807772078,24.791360282127254,24.898326873779297,65554600,24.898326873779297
2018-04-23 00:00:00+00:00,25.013525505658755,24.783138772258056,24.94770050048828,50686300,24.906560460778703
2018-04-24 00:00:00+00:00,25.39201946702495,24.68439951213826,24.840734481811523,81486800,25.062892884682956
2018-04-25 00:00:00+00:00,24.96415818362487,24.51983820317896,24.79959487915039,65893500,24.758454837727758
2018-04-26 00:00:00+00:00,24.91479030246855,24.676173663299373,24.74199867248535,45936700,24.717315274910618
2018-04-27 00:00:00+00:00,24.857187722409137,24.659712729201154,24.807819366455078,47411200,24.67616937098309
2018-04-30 00:00:00+00:00,25.038212995952716,24.61857795715332,24.61857795715332,55153900,24.906562972336285
2018-05-01 00:00:00+00:00,24.65148961639646,24.37173449395881,24.64326286315918,52871700,24.61857789527112
2018-05-02 00:00:00+00:00,24.74199980705915,24.322364765733678,24.338821411132812,68234600,24.6432630734485
2018-05-03 00:00:00+00:00,24.289449763003837,23.392583112007998,24.02614974975586,110672700,24.281221441415852
2018-05-04 00:00:00+00:00,24.20716724117162,23.713478949487765,24.108428955078125,58281900,23.853357272641663
2018-05-07 00:00:00+00:00,24.511610667557232,24.133115707111074,24.388187408447266,46765200,24.223625678620532
2018-05-08 00:00:00+00:00,24.79136608374784,24.412872687830323,24.62680435180664,65119800,24.4951543384969
2018-05-09 00:00:00+00:00,25.33442320260333,24.750224921790757,25.276824951171875,72266500,24.76668156505689
2018-05-10 00:00:00+00:00,25.564810833698914,25.02998246379484,25.416704177856445,54773200,25.186317441560995
2018-05-11 00:00:00+00:00,25.53189905541829,25.35087911230632,25.441389083862305,42024800,25.433160761957947
2018-05-14 00:00:00+00:00,25.696463535752997,25.53190178822779,25.605955123901367,41791600,25.540130111012864
2018-05-15 00:00:00+00:00,25.803423527154038,25.383788589377936,25.688228607177734,64433500,25.441385264670238
2018-05-16 00:00:00+00:00,25.712910711703266,25.523664065519096,25.556575775146484,43590100,25.655314042811696
2018-05-17 00:00:00+00:00,25.573037733247965,25.23568440010016,25.35087776184082,45981500,25.540126016775712
2018-05-18 00:00:00+00:00,25.334418421684582,24.87364191353846,24.898326873779297,58641700,25.317961781524023
2018-05-21 00:00:00+00:00,25.24390850157506,25.07934523854807,25.13694190979004,34983300,25.112258518910103
2018-05-22 00:00:00+00:00,25.622407517772775,25.12872075748713,25.416704177856445,61103000,25.17808911963731
2018-05-23 00:00:00+00:00,25.30973437699297,24.750221146426952,25.04643440246582,73893100,25.26859277510333
2018-05-24 00:00:00+00:00,25.02175438711821,24.544522696610485,24.85719108581543,62146200,25.013526065113876
2018-05-25 00:00:00+00:00,24.84073263111114,24.585659391860542,24.81604766845703,44166700,24.69262599396995
2018-05-29 00:00:00+00:00,24.519839631790123,23.61474611262252,23.828676223754883,135895000,24.486927910612867
2018-05-30 00:00:00+00:00,24.355272839332788,23.99323456506526,24.26476287841797,79435300,24.100201167854
2018-05-31 00:00:00+00:00,24.17389019104328,23.818634549275583,23.99213218688965,97509300,24.124320112783995
2018-06-01 00:00:00+00:00,24.504352675827622,24.215191083503584,24.289546966552734,64796600,24.36390284960188
2018-06-04 00:00:00+00:00,24.446520672523594,24.231714963248706,24.289546966552734,43777000,24.41347291303335
2018-06-05 00:00:00+00:00,24.23998171019462,24.008652075299224,24.058223724365234,47690800,24.215195885661615
2018-06-06 00:00:00+00:00,24.826566335264488,24.190412572359886,24.81830596923828,74995800,24.198674514190373
2018-06-07 00:00:00+00:00,25.04136756384796,24.694373948782456,24.859609603881836,68402700,24.950489371766896
2018-06-08 00:00:00+00:00,24.826568074936826,24.628286184523798,24.793521881103516,49572900,24.793521881103516
2018-06-11 00:00:00+00:00,25.123989074002132,24.834827423095703,24.834827423095703,46732800,24.892659438116144
2018-06-12 00:00:00+00:00,25.008326080111686,24.578714556725473,24.702640533447266,49644600,24.925708237029063
2018-06-13 00:00:00+00:00,25.08267809190105,24.53740261823399,24.653066635131836,68900200,24.768730652029685
2018-06-14 00:00:00+00:00,24.82656330180624,24.273025873232456,24.372167587280273,77863200,24.818302936789333
2018-06-15 00:00:00+00:00,24.29781269750664,23.851678905407343,24.190410614013672,105079500,24.165624790528764
2018-06-18 00:00:00+00:00,24.372164789474443,23.80210354469893,24.289546966552734,52644100,23.90950718723833
2018-06-19 00:00:00+00:00,24.26476511722141,23.917771487351505,24.173885345458984,65466200,23.992127377738203
2018-06-20 00:00:00+00:00,24.37216579504182,24.10779001142763,24.157360076904297,52256500,24.30607184913827
2018-06-21 00:00:00+00:00,24.330859241287378,23.959079786689532,24.198671340942383,68322600,24.13257581496581
2018-06-22 00:00:00+00:00,24.388690499436258,23.950817108154297,23.950817108154297,76079200,24.33911885648085
2018-06-25 00:00:00+00:00,23.88472411270733,23.34771056570275,23.529468536376953,73616400,23.843415984400856
2018-06-26 00:00:00+00:00,23.686446440072352,23.14117085602695,23.579044342041016,56369300,23.562520457481007
2018-06-27 00:00:00+00:00,23.835151697113904,23.33118438720703,23.33118438720703,61764400,23.55425204003177
2018-06-28 00:00:00+00:00,23.82689701487737,23.38076157333317,23.686447143554688,71292100,23.463379422782587
2018-06-29 00:00:00+00:00,24.099526198883954,23.28161309094602,23.289875030517578,102307600,24.03343225811535
2018-07-02 00:00:00+00:00,23.364234924316406,22.99245545875211,23.364234924316406,52534300,23.19899925610914
2018-07-03 00:00:00+00:00,23.48816453553653,22.918103125069262,22.95115089416504,40599000,23.405546688601447
2018-07-05 00:00:00+00:00,23.19899658961199,22.97592893591285,23.066808700561523,44506800,23.09159452068496
2018-07-06 00:00:00+00:00,23.256832099394813,22.82722060732725,23.157691955566406,39424900,22.975932398874036
2018-07-09 00:00:00+00:00,24.033431133815427,23.314658182753156,24.000383377075195,61758900,23.322920121938214
2018-07-10 00:00:00+00:00,24.231717805768053,23.752536267576073,23.81863021850586,58858400,24.140838032313063
2018-07-11 00:00:00+00:00,23.88472396611621,23.64513398696178,23.694704055786133,50218900,23.686442115014728
2018-07-12 00:00:00+00:00,23.934299986033746,23.678186061655605,23.769065856933594,51700700,23.876467962058467
2018-07-13 00:00:00+00:00,23.70296302004602,23.314659731571766,23.587297439575195,75178000,23.645131017712547
2018-07-16 00:00:00+00:00,24.661326648093542,23.736009857825756,24.60349464416504,129172000,23.77731955763463
2018-07-17 00:00:00+00:00,24.950495635273807,24.4382662365202,24.793521881103516,87778900,24.694380147994806
2018-07-18 00:00:00+00:00,25.024843881229476,24.653064465626315,24.892654418945312,59109200,24.71915840886644
2018-07-19 00:00:00+00:00,24.801780662816736,24.487833194485077,24.512619018554688,59260600,24.72742476641209
2018-07-20 00:00:00+00:00,24.917440238586824,24.339117053382775,24.892654418945312,80432700,24.47130651566694
2018-07-23 00:00:00+00:00,25.48750599068604,24.892658820538355,25.404888153076172,74080200,24.90092076187976
2018-07-24 00:00:00+00:00,25.702309298743042,25.322267912129078,25.470979690551758,64761500,25.487503571666284
2018-07-25 00:00:00+00:00,25.70230778530751,25.338790301213162,25.669260025024414,57644100,25.363576121425485
2018-07-26 00:00:00+00:00,25.784925219809452,25.52054942860639,25.561859130859375,46215000,25.768402914712272
2018-07-27 00:00:00+00:00,25.72708750919866,25.4461878993651,25.660993576049805,57198900,25.603161581520013
2018-07-30 00:00:00+00:00,25.983211685609387,25.71883428760343,25.86754608154297,58721000,25.72709622902276
2018-07-31 00:00:00+00:00,25.958424404013236,25.462718977312356,25.51228904724121,64066000,25.90885433408438
2018-08-01 00:00:00+00:00,26.06582986284234,25.751883944868112,25.817977905273438,69070700,25.79319207919482
2018-08-02 00:00:00+00:00,25.867544332837888,25.504028389787077,25.84276008605957,46427200,25.59490658764773
2018-08-03 00:00:00+00:00,26.032779693603516,25.74361807007782,26.032779693603516,50153800,25.760141951605934
2018-08-06 00:00:00+00:00,26.098872427380865,25.875804764561266,26.041040420532227,41261500,25.98320841368359
2018-08-07 00:00:00+00:00,26.272369672544873,26.016255812075403,26.032779693603516,43946200,26.06582588085567
2018-08-08 00:00:00+00:00,26.363247242424293,26.007991698272782,26.272367477416992,43689600,26.03277751849403
2018-08-09 00:00:00+00:00,26.264107577927668,26.065824164256664,26.107133865356445,38219100,26.21453593660793
2018-08-10 00:00:00+00:00,25.88406611065104,25.52881056153282,25.768402099609375,55679800,25.801448284562436
2018-08-13 00:00:00+00:00,25.71056532988292,25.157028046205703,25.181812286376953,63960600,25.67751757524969
2018-08-14 00:00:00+00:00,25.528811160746642,25.132247477177934,25.43793296813965,42521200,25.28922119285038
2018-08-15 00:00:00+00:00,25.297485491107025,24.9174440770786,25.082679748535156,59747900,25.181819890765773
2018-08-16 00:00:00+00:00,25.479245792014947,25.21486995422456,25.380104064941406,44015400,25.24791614604621
2018-08-17 00:00:00+00:00,25.495765321592046,25.239649893643943,25.396623611450195,39843500,25.330529663290303
2018-08-20 00:00:00+00:00,25.553598389538198,25.322268773478125,25.5040283203125,40011000,25.355316536831317
2018-08-21 00:00:00+00:00,25.81796863192439,25.470975070479177,25.627948760986328,53510600,25.537069007144755
2018-08-22 00:00:00+00:00,25.685785624328684,25.51228802283803,25.594905853271484,33062900,25.545335785333034
2018-08-23 00:00:00+00:00,25.594906344171896,25.39662449281107,25.4792423248291,38259100,25.56186015684713
2018-08-24 00:00:00+00:00,25.677521574168267,25.487501682845245,25.52054786682129,43585000,25.56185756654624
2018-08-27 00:00:00+00:00,26.01625787548251,25.60317025934121,25.86754608154297,47729300,25.63621802501853
2018-08-28 00:00:00+00:00,25.950155721456632,25.768397795067056,25.834491729736328,38539000,25.908847603214724
2018-08-29 00:00:00+00:00,25.86754449417,25.66926263968633,25.727094650268555,46401800,25.809712483587777
2018-08-30 00:00:00+00:00,25.735355866663085,25.570121780480516,25.619691848754883,47358900,25.627953789434617
2018-08-31 00:00:00+00:00,25.570120377034574,25.297482652783525,25.55359649658203,49266000,25.512286795450677
2018-09-04 00:00:00+00:00,25.74361853209322,25.462718844290332,25.727094650268555,44745600,25.53707473669722
2018-09-05 00:00:00+00:00,25.809713351365843,25.58664566664516,25.760143280029297,48516700,25.669263502742172
2018-09-06 00:00:00+00:00,25.826554241836792,25.51108918220679,25.61071014404297,42666000,25.77674296920797
2018-09-07 00:00:00+00:00,25.834858860676682,25.428074674838072,25.619014739990234,49103800,25.735237888274614
2018-09-10 00:00:00+00:00,25.735242307542826,25.527700030869095,25.585811614990234,34156200,25.635621318033795
2018-09-11 00:00:00+00:00,25.65221795447885,25.48618512931385,25.61071014404297,53071000,25.50278730343532
2018-09-12 00:00:00+00:00,25.702031557199984,25.220533599089805,25.262042999267578,59482300,25.63561810033726
2018-09-13 00:00:00+00:00,25.46127796606334,24.971478231870602,25.02128791809082,59219500,25.3450548370757
2018-09-14 00:00:00+00:00,25.228832857297114,24.996386574144697,25.212230682373047,33743900,25.012988749068764
2018-09-17 00:00:00+00:00,25.31184881815241,25.029591273873727,25.137514114379883,35026600,25.187323803540394
2018-09-18 00:00:00+00:00,25.23713546558119,25.01298947170436,25.079402923583984,49921700,25.179023893114216
2018-09-19 00:00:00+00:00,25.901265783869377,25.012983886134126,25.735231399536133,92666300,25.012983886134126
2018-09-20 00:00:00+00:00,26.042399790840264,25.851459735299265,25.892969131469727,83357400,25.98428663620162
2018-09-21 00:00:00+00:00,26.042402780049017,25.710333906255922,25.76014518737793,85992100,26.01749713948801
2018-09-24 00:00:00+00:00,25.901272470075295,25.452980466705288,25.519393920898438,45587700,25.718634283477893
2018-09-25 00:00:00+00:00,25.76844401965451,25.403169251740117,25.461280822753906,40949900,25.610711481601683
2018-09-26 00:00:00+00:00,25.51939259575478,24.954877472715708,25.012989044189453,57882400,25.494486957942502
2018-09-27 00:00:00+00:00,25.16242056810623,24.84695706209461,24.85525894165039,45879700,25.10430899463738
2018-09-28 00:00:00+00:00,24.78053875617003,24.423565922287317,24.456771850585938,74707600,24.614504364412994
2018-10-01 00:00:00+00:00,24.855253565250273,24.523186371956008,24.614503860473633,53900900,24.639409493753682
2018-10-02 00:00:00+00:00,24.672617709603006,24.299042676283197,24.556394577026367,42940300,24.556394577026367
2018-10-03 00:00:00+00:00,25.054500020650934,24.672621467219994,24.90506935119629,61080300,24.747336801947313
2018-10-04 00:00:00+00:00,25.560904346860692,25.021293228501634,25.262042999267578,72325700,25.046198868608297
2018-10-05 00:00:00+00:00,25.444675473792795,24.946573836577144,25.096004486083984,51931000,25.403167663783766
2018-10-08 00:00:00+00:00,25.253740269980792,24.830353902935727,25.129215240478516,47471600,24.94657705268163
2018-10-09 00:00:00+00:00,25.06280411292388,24.797150269740698,24.88846778869629,58868600,24.92997719133229
2018-10-10 00:00:00+00:00,25.01298728236669,24.249231860890227,24.274137496948242,88454400,24.888462268919525
2018-10-11 00:00:00+00:00,24.282438393851073,23.460571438223603,23.543588638305664,111417300,23.983577106924216
2018-10-12 00:00:00+00:00,24.1081093590888,23.02058679117559,23.626609802246094,102279200,24.0665999575911
2018-10-15 00:00:00+00:00,23.759431078514616,22.94586447419994,23.178312301635742,114636100,23.65150825086106
2018-10-16 00:00:00+00:00,23.726228807663194,23.16171366165373,23.684720993041992,87887800,23.443971234658463
2018-10-17 00:00:00+00:00,24.232634006107844,23.377559350100267,23.991884231567383,79068700,23.551895666736762
2018-10-18 00:00:00+00:00,23.991878003790276,23.36094952576724,23.452268600463867,77369200,23.800939559807617
2018-10-19 00:00:00+00:00,23.676418023642775,23.219824166717757,23.51038360595703,64305400,23.360952946724172
2018-10-22 00:00:00+00:00,23.535287228810056,22.671910864231236,22.730022430419922,89942900,23.510381593262867
2018-10-23 00:00:00+00:00,22.580600201554073,21.675715753949365,22.431169509887695,102392500,21.908162089055374
2018-10-24 00:00:00+00:00,22.331537856177775,21.650799771170256,21.74211883544922,86386600,22.298331931344336
2018-10-25 00:00:00+00:00,22.356453474385173,21.73382666726381,22.074195861816406,73780400,21.899859532443063
2018-10-26 00:00:00+00:00,22.06588796611683,21.484769137841653,21.90815544128418,91103500,21.858345753650184
2018-10-29 00:00:00+00:00,22.563989600866485,21.825139830913365,22.09079360961914,89367000,22.157207054295586
2018-10-30 00:00:00+00:00,22.298335593654063,21.850043659115958,22.231922149658203,79004800,22.215318392803887
2018-10-31 00:00:00+00:00,23.145106714072277,22.46436851416154,22.82964324951172,92296300,22.497576028021285
2018-11-01 00:00:00+00:00,23.24472668845795,22.92096135913497,23.086994171142578,49827300,23.053788242109594
2018-11-02 00:00:00+00:00,23.560188644409294,22.84624458958681,23.153406143188477,69010200,23.253027090807628
2018-11-05 00:00:00+00:00,23.443971070336993,23.15341161976026,23.294540405273438,41103100,23.203222897062524
2018-11-06 00:00:00+00:00,23.452269173621062,23.028882885254863,23.4190616607666,43514400,23.261330724972
2018-11-07 00:00:00+00:00,23.80094303735709,23.360952939029875,23.693021774291992,56679200,23.593400807029045
2018-11-08 00:00:00+00:00,24.174522232666213,23.60170517324313,23.96697998046875,49421200,23.659816750510945
2018-11-09 00:00:00+00:00,23.983581854450144,23.560195475301985,23.676420211791992,43270600,23.86735870138184
2018-11-12 00:00:00+00:00,23.67641606572638,22.94586658842761,23.037185668945312,50307500,23.560191349588912
2018-11-13 00:00:00+00:00,23.360949902584665,22.987374886604222,23.045486450195312,57423400,23.037184572050677
2018-11-14 00:00:00+00:00,23.327741312049678,22.23191885671798,22.588890075683594,69213300,23.20321632092947
2018-11-15 00:00:00+00:00,23.219822305641625,22.31493812696634,23.161710739135742,66174800,22.530782219289215
2018-11-16 00:00:00+00:00,23.153408801661353,22.763230010813633,23.037185668945312,52456100,22.987375981127215
2018-11-19 00:00:00+00:00,23.261331639258895,22.862850969871253,23.037185668945312,46000000,23.062091304565076
2018-11-20 00:00:00+00:00,22.88775495537594,22.389653328382117,22.730022430419922,92330600,22.76322994448284
2018-11-21 00:00:00+00:00,23.045486835283032,22.62210054336004,22.638704299926758,40364400,22.904358071308703
2018-11-23 00:00:00+00:00,22.5556904906742,22.314940734535842,22.38965606689453,22974100,22.48097515831551
2018-11-26 00:00:00+00:00,23.02058243057338,22.49757673814523,22.879453659057617,53210700,22.563990184539623
2018-11-27 00:00:00+00:00,23.16171562052001,22.73832922520566,23.028888702392578,43617100,22.7715367464484
2018-11-28 00:00:00+00:00,23.634911488651444,22.879457805230285,23.60170555114746,61388100,23.145111638949142
2018-11-29 00:00:00+00:00,23.535284996621098,23.219819976629136,23.27793312072754,46824600,23.394156242081802
2018-11-30 00:00:00+00:00,23.767737883564845,23.13681083404876,23.576799392700195,64284600,23.194922410970896
2018-12-03 00:00:00+00:00,24.108106234948085,23.543591115108352,23.693021774291992,59908700,24.06659683882954
2018-12-04 00:00:00+00:00,23.51038416538787,22.190415421984298,22.406259536743164,103565700,23.51038416538787
2018-12-06 00:00:00+00:00,21.972157989268286,21.312660146550556,21.938766479492188,133294200,21.897025101933632
2018-12-07 00:00:00+00:00,22.155817282003937,21.120653390904927,21.22917938232422,107477600,21.83024090001684
2018-12-10 00:00:00+00:00,21.062216416065322,20.277497634227647,20.669857025146484,110166900,21.020476631256983
2018-12-11 00:00:00+00:00,21.204138922962652,20.477856305184364,20.519596099853516,78545000,21.045524837131893
2018-12-12 00:00:00+00:00,20.861864741576774,20.344284350405633,20.469505310058594,87191800,20.76168861076276
2018-12-13 00:00:00+00:00,20.719947186837196,20.269151414557612,20.369327545166016,64860100,20.586377951178736
2018-12-14 00:00:00+00:00,20.761683968523087,20.135577717982553,20.436107635498047,92762600,20.18566577219005
2018-12-17 00:00:00+00:00,20.811769885391584,20.168967152039965,20.427757263183594,98602800,20.252448295326083
2018-12-18 00:00:00+00:00,20.945339077741224,20.294188070833954,20.427757263183594,89046300,20.59471954975583
2018-12-19 00:00:00+00:00,21.070567463639648,20.093841403276336,20.185670852661133,121887600,20.411069541730573
2018-12-20 00:00:00+00:00,20.394370038627727,19.83504833125335,20.12723159790039,112594000,19.91018121674175
2018-12-21 00:00:00+00:00,20.4611569061596,19.417646261775314,19.509475708007812,160800400,19.960271478400966
2018-12-24 00:00:00+00:00,19.37589869368083,18.916754793670247,18.975191116333008,64859100,19.000235937018637
2018-12-26 00:00:00+00:00,20.185667932775658,18.941803572969796,20.12723159790039,100877800,19.125460852902165
2018-12-27 00:00:00+00:00,20.344284057617188,19.526170508965368,20.344284057617188,91575400,19.85174691010254
2018-12-28 00:00:00+00:00,20.661512589283312,20.2524565715175,20.360980987548828,78693800,20.527943342350436
2018-12-31 00:00:00+00:00,20.845167912087543,20.344284080129988,20.56968116760254,56257300,20.511244826692216
2019-01-02 00:00:00+00:00,20.98708447477898,20.04375160209789,20.83681869506836,71836300,20.10218794036962
2019-01-03 00:00:00+00:00,20.903598792731156,20.411061810845517,20.50288963317871,66599600,20.820117651479798
2019-01-04 00:00:00+00:00,21.412835060432325,20.89525474606453,21.354398727416992,83829100,20.953691079079864
2019-01-07 00:00:00+00:00,21.521360660573396,21.112304744477353,21.33770179748535,57016300,21.33770179748535
2019-01-08 00:00:00+00:00,21.529710221486642,20.945343682289185,21.295963287353516,67339400,21.47127229375032
2019-01-09 00:00:00+00:00,21.57980017494396,21.195787434623252,21.504667282104492,69707200,21.429534389265026
2019-01-10 00:00:00+00:00,21.52136708883332,21.220835472028767,21.479625701904297,65235800,21.337708170887826
2019-01-11 00:00:00+00:00,21.738406943366414,21.254216644285194,21.730058670043945,63476000,21.312654557542473
2019-01-14 00:00:00+00:00,22.105732439331227,21.37944981307691,22.013904571533203,76715400,21.513019068302327
2019-01-15 00:00:00+00:00,22.381213976363977,21.746759366758408,22.16416358947754,80625500,21.88032859064687
2019-01-16 00:00:00+00:00,23.975692659161272,23.25775863815007,23.750295639038086,163131700,23.483155658273255
2019-01-17 00:00:00+00:00,24.2094457642221,23.449770179691967,24.20109748840332,107428800,23.658472298349054
2019-01-18 00:00:00+00:00,24.593457691116896,23.967351314960915,24.459888458251953,97928200,24.226143096873734
2019-01-22 00:00:00+00:00,24.459887336357074,24.11761599380567,24.284578323364258,84861400,24.192748882879958
2019-01-23 00:00:00+00:00,24.44319168882449,23.8922182459773,24.14266014099121,79425900,24.393102036005118
2019-01-24 00:00:00+00:00,24.376405658587295,23.992392970676,24.276227951049805,59492300,24.00074124566001
2019-01-25 00:00:00+00:00,24.81050479099105,24.326315988220202,24.693632125854492,72182100,24.443190245627402
2019-01-28 00:00:00+00:00,24.76876946394715,24.451542919109983,24.735376358032227,59963800,24.47658615627525
2019-01-29 00:00:00+00:00,24.79381260464837,24.493281040967283,24.53502082824707,51451900,24.66024337462807
2019-01-30 00:00:00+00:00,24.601802521477087,24.16770337160137,24.267879486083984,66475800,24.560062739154436
2019-01-31 00:00:00+00:00,24.07587235150094,23.357936678564435,23.766992568969727,100201200,24.00073947446012
2019-02-01 00:00:00+00:00,24.075878681557604,23.633429577351393,23.691865921020508,64244100,23.875524820861663
2019-02-04 00:00:00+00:00,24.184397252431513,23.72525329824181,24.109264373779297,55195900,23.766993078706125
2019-02-05 00:00:00+00:00,24.109268837247875,23.85047864746278,24.025789260864258,46622600,24.084225601241133
2019-02-06 00:00:00+00:00,24.12596635811326,23.82543636806979,23.98404884338379,35606900,23.933960777088366
2019-02-07 00:00:00+00:00,23.908912364556695,23.291154331927302,23.574989318847656,62289200,23.825432797332443
2019-02-08 00:00:00+00:00,23.641771059199645,23.257760001299403,23.616727828979492,50031300,23.49985358296032
2019-02-11 00:00:00+00:00,23.75864537533985,23.549943283459758,23.71690559387207,47724400,23.65846926290894
2019-02-12 00:00:00+00:00,24.09257632164737,23.858829344154206,23.950658798217773,49178100,23.892222451912236
2019-02-13 00:00:00+00:00,24.201093220759454,23.925606536402515,23.958999633789062,48951200,24.100917113140852
2019-02-14 00:00:00+00:00,23.892215795513668,23.466463343839994,23.70020866394043,47756600,23.675165432369997
2019-02-15 00:00:00+00:00,24.46823215227836,23.933955320870343,24.301271438598633,65867000,24.009088199320914
2019-02-19 00:00:00+00:00,24.426490522163434,24.000738107274973,24.317964553833008,40841300,24.151003852796833
2019-02-20 00:00:00+00:00,24.585110862333472,24.217794677985342,24.55171775817871,42806300,24.292927570062705
2019-02-21 00:00:00+00:00,24.58510729865362,24.301272323564213,24.4515380859375,42754100,24.484929592981224
2019-02-22 00:00:00+00:00,24.434841991204728,24.176050243512314,24.276227951049805,47887800,24.25118312609777
2019-02-25 00:00:00+00:00,24.701975720878526,24.30961642491898,24.434837341308594,61227400,24.30961642491898
2019-02-26 00:00:00+00:00,24.73537146875629,24.176049793406065,24.4515380859375,53153200,24.226139442377573
2019-02-27 00:00:00+00:00,24.76876437050073,24.384751692802034,24.651891708374023,48128600,24.459884573389374
2019-02-28 00:00:00+00:00,24.794533858221392,24.34143659807321,24.400171279907227,62358100,24.752580971311392
2019-03-01 00:00:00+00:00,24.878438993662346,24.509247540557233,24.593154907226562,45771500,24.60993670064041
2019-03-04 00:00:00+00:00,24.786145328132303,24.140060607165797,24.358219146728516,56893200,24.609939676777756
2019-03-05 00:00:00+00:00,24.492469551589288,24.081325178351104,24.400171279907227,39932500,24.34982749553522
2019-03-06 00:00:00+00:00,24.467297644404372,24.165231727678357,24.198795318603516,41672000,24.341437379235234
2019-03-07 00:00:00+00:00,24.098105466029295,23.712133783685122,23.955463409423828,53908600,24.056152578957125
2019-03-08 00:00:00+00:00,24.05615137728047,23.502364973510776,24.039369583129883,40860700,23.54431785848728
2019-03-11 00:00:00+00:00,24.383390974553176,24.081326649468103,24.282703399658203,40709300,24.081326649468103
2019-03-12 00:00:00+00:00,24.43373636240081,24.24074890978517,24.282703399658203,34450000,24.33304718710569
2019-03-13 00:00:00+00:00,24.760972818698175,24.316264838551266,24.576377868652344,54683300,24.37499952263857
2019-03-14 00:00:00+00:00,24.87004806116744,24.534420195372988,24.71901512145996,45219100,24.59315487183703
2019-03-15 00:00:00+00:00,24.844881337336933,24.55120630301093,24.584768295288086,82346200,24.702239269258598
2019-03-18 00:00:00+00:00,25.138553198005802,24.609939449621606,25.02108383178711,58568600,24.651892337442543
2019-03-19 00:00:00+00:00,25.28958328509636,24.786142286772133,24.87843894958496,55455100,25.18050482889942
2019-03-20 00:00:00+00:00,24.88683344540704,23.997419072620715,24.030981063842773,81689900,24.853271454184984
2019-03-21 00:00:00+00:00,23.99741197085293,23.52753302999865,23.645002365112305,77444400,23.87155174031692
2019-03-22 00:00:00+00:00,23.552712062872903,22.41157550679207,22.663297653198242,118851600,23.41846089161636
2019-03-25 00:00:00+00:00,22.973750017297803,22.327666936467587,22.520652770996094,65568000,22.579387451035203
2019-03-26 00:00:00+00:00,22.948577137234423,22.554213001312593,22.831106185913086,59878500,22.780762407003873
2019-03-27 00:00:00+00:00,22.96536070228488,22.612951021929614,22.680076599121094,57621700,22.7304203819147
2019-03-28 00:00:00+00:00,22.998926430391503,22.671689388423083,22.931800842285156,45872300,22.822722361762434
2019-03-29 00:00:00+00:00,23.22547222426112,22.90662453078586,23.14995574951172,83446300,23.116392160556423
2019-04-01 00:00:00+00:00,24.114891885705482,23.368119469886462,23.947078704833984,91751100,23.410072365004247
2019-04-02 00:00:00+00:00,24.223970413208008,23.787653290327857,24.223970413208008,66694000,23.888340872284655
2019-04-03 00:00:00+00:00,24.534423225854585,24.081325951165667,24.198795318603516,63110600,24.391781165222866
2019-04-04 00:00:00+00:00,24.593161169097105,24.198798525859154,24.45890998840332,53712100,24.207189424702555
2019-04-05 00:00:00+00:00,24.752580971311392,24.31626390568718,24.400171279907227,46383400,24.601548017795313
2019-04-08 00:00:00+00:00,24.5008597186131,24.223966512221924,24.47568702697754,35272800,24.24074670624563
2019-04-09 00:00:00+00:00,24.391790001602917,24.114896677761013,24.24075698852539,40535300,24.333055296606254
2019-04-10 00:00:00+00:00,24.458906433863216,24.12327853090456,24.391780853271484,42669700,24.249138794464045
2019-04-11 00:00:00+00:00,24.744190551478095,24.324655272679752,24.391780853271484,50440100,24.5428138097029
2019-04-12 00:00:00+00:00,25.356715008714925,24.802928495912834,25.314762115478516,100192000,24.802928495912834
2019-04-15 00:00:00+00:00,25.289587129838072,24.88683362978866,25.037866592407227,57438800,25.256025138367363
2019-04-16 00:00:00+00:00,25.21407036197997,24.33304689058438,25.071428298950195,105168400,24.584767425154514
2019-04-17 00:00:00+00:00,25.27280498867925,24.719016968244425,25.197288513183594,94831600,25.029473767548797
2019-04-18 00:00:00+00:00,25.3063669775662,25.021082870227055,25.197288513183594,61796600,25.13016293500968
2019-04-22 00:00:00+00:00,25.256020033115707,24.98751775402448,25.214065551757812,34763400,25.113377997298514
2019-04-23 00:00:00+00:00,25.34831574765871,25.10498616644068,25.230846405029297,41889700,25.163720837755385
2019-04-24 00:00:00+00:00,25.314758347925796,25.046256030212835,25.18889808654785,40078100,25.13016340459815
2019-04-25 00:00:00+00:00,25.44061737487584,25.088207699877163,25.239240646362305,43243800,25.096598596948557
2019-04-26 00:00:00+00:00,25.49934987258772,25.214065798165365,25.465787887573242,40627500,25.31475495400848
2019-04-29 00:00:00+00:00,26.153825098843544,25.5161313865367,25.81819725036621,68408600,25.532913179060518
2019-04-30 00:00:00+00:00,25.910497760620384,25.51613518007871,25.658777236938477,47764200,25.843372180945206
2019-05-01 00:00:00+00:00,25.918885822563816,25.323146568171392,25.39027214050293,56161000,25.641992636646233
2019-05-02 00:00:00+00:00,25.641989968367973,25.297971245917072,25.591646194458008,40634100,25.390269498418437
2019-05-03 00:00:00+00:00,25.843371164766985,25.59165065098289,25.767854690551758,35256100,25.725901805054406
2019-05-06 00:00:00+00:00,25.68394969289766,25.23085083396354,25.566478729248047,39882000,25.264414423692013
2019-05-07 00:00:00+00:00,25.31475955863747,24.861660675526757,25.104991912841797,58528400,25.306368660757627
2019-05-08 00:00:00+00:00,25.264414086894988,24.895222606803657,25.004301071166992,39903400,24.945566390325194
2019-05-09 00:00:00+00:00,24.987525430740074,24.567990090669625,24.928789138793945,44173500,24.68545947376125
2019-05-10 00:00:00+00:00,24.928786342490064,24.492470854063274,24.8197078704834,59649900,24.719018695984825
2019-05-13 00:00:00+00:00,24.333043933969684,23.53592633735208,23.7037410736084,72547000,24.299480346558447
2019-05-14 00:00:00+00:00,24.32465349056427,23.67017792744417,24.014198303222656,52216100,23.79603978218262
2019-05-15 00:00:00+00:00,23.905115902710772,23.502362488088433,23.737302780151367,51973200,23.577878953380097
2019-05-16 00:00:00+00:00,24.190405685542647,23.854777760745005,23.989028930664062,42791500,23.879948854854714
2019-05-17 00:00:00+00:00,24.03098185772444,23.678572136049983,23.829605102539062,43772500,23.703744830598225
2019-05-20 00:00:00+00:00,23.930294280331847,23.69535393241548,23.829605102539062,41717600,23.829605102539062
2019-05-21 00:00:00+00:00,24.1232846244767,23.87156403377279,24.072940826416016,39258700,23.97225162989416
2019-05-22 00:00:00+00:00,24.022588303028606,23.787649581492882,23.905118942260742,29177600,23.921900736770443
2019-05-23 00:00:00+00:00,23.66178634033585,23.074436409746028,23.29259490966797,59772900,23.60305006695702
2019-05-24 00:00:00+00:00,23.71212792809149,23.376500113195576,23.645002365112305,35524400,23.435234780752403
2019-05-28 00:00:00+00:00,23.703739668100823,23.39328290455508,23.410064697265625,44273400,23.53592494179504
2019-05-29 00:00:00+00:00,23.36811567473827,22.973751482917056,23.284208297729492,49818900,23.09961334863027
2019-05-30 00:00:00+00:00,23.43524458911072,22.638126794765327,22.789159774780273,58649300,23.300993406964178
2019-05-31 00:00:00+00:00,22.54582431415444,22.218585741405693,22.31927490234375,68304200,22.235367534962023
2019-06-03 00:00:00+00:00,22.646511618357557,22.151459916848747,22.38640022277832,50109900,22.310883753029525
2019-06-04 00:00:00+00:00,23.452022057389726,22.772373772795582,23.426849365234375,58426400,22.80593736233605
2019-06-05 00:00:00+00:00,23.50236439955386,23.040874674082612,23.41845703125,44874400,23.35972235355728
2019-06-06 00:00:00+00:00,23.6546696602362,23.23286743327662,23.519691467285156,38633600,23.418459833881627
2019-06-07 00:00:00+00:00,23.443765499474562,23.131631184115474,23.224428176879883,51317200,23.410020553361107
2019-06-10 00:00:00+00:00,24.01741888605458,23.485948773412293,23.679977416992188,48305800,23.502821249127372
2019-06-11 00:00:00+00:00,24.21144986860005,23.73903018862252,23.82339096069336,38691800,23.941495076163793
2019-06-12 00:00:00+00:00,23.84870191170919,23.50282416192329,23.57874870300293,33528900,23.789649848435698
2019-06-13 00:00:00+00:00,23.75589916190498,23.46063730771903,23.5703067779541,33404200,23.59561387951015
2019-06-14 00:00:00+00:00,23.76433667506064,23.435331464781175,23.6546688079834,37322100,23.544999331858417
2019-06-17 00:00:00+00:00,23.80651115397582,23.443762681150044,23.561866760253906,33410100,23.629355035320025
2019-06-18 00:00:00+00:00,24.295806488385093,23.477510785765745,24.143959045410156,60170700,23.63779607501719
2019-06-19 00:00:00+00:00,24.439221268963617,23.874006201553446,23.890878677368164,61953500,24.21144928165636
2019-06-20 00:00:00+00:00,24.135525228047502,23.494385615807765,23.84869956970215,60887200,24.11865275189827
2019-06-21 00:00:00+00:00,24.084905066414148,23.688411576189164,23.722156524658203,69444000,23.781208575431318
2019-06-24 00:00:00+00:00,23.94149304050991,23.52812706246243,23.60405158996582,40046400,23.688412354863782
2019-06-25 00:00:00+00:00,23.637796281318128,23.097888357297933,23.418458938598633,46901300,23.637796281318128
2019-06-26 00:00:00+00:00,23.77277173821853,23.49438235656715,23.544998168945312,42312300,23.570306879658226
2019-06-27 00:00:00+00:00,23.890875532705888,23.671538203128648,23.798078536987305,35575600,23.68841067672251
2019-06-28 00:00:00+00:00,24.692304550137184,24.23675733951125,24.46453094482422,101856900,24.472967183063357
2019-07-01 00:00:00+00:00,25.181595960269913,24.675432912059104,24.818845748901367,48029900,24.869461571008056
2019-07-02 00:00:00+00:00,24.82728193358511,24.405479662498845,24.59107208251953,32263500,24.751357396065742
2019-07-03 00:00:00+00:00,24.66698767854036,24.405470815797152,24.506702423095703,26642300,24.624808110340528
2019-07-05 00:00:00+00:00,24.945383430888718,24.591069496080365,24.683866500854492,33092000,24.76822726800844
2019-07-08 00:00:00+00:00,24.71761226390511,24.41391572506425,24.63325309753418,30924400,24.472967785143087
2019-07-09 00:00:00+00:00,24.8188443852688,24.413914612567577,24.75979232788086,28750100,24.439221717706477
2019-07-10 00:00:00+00:00,24.801968493106536,24.43078211473091,24.481399536132812,40574800,24.60793987154224
2019-07-11 00:00:00+00:00,24.88632881260534,24.48983533959386,24.768224716186523,37376800,24.548887387803266
2019-07-12 00:00:00+00:00,24.91164074424903,24.7682279190321,24.844152450561523,29632900,24.835716212719607
2019-07-15 00:00:00+00:00,24.91163444664151,24.53201188496216,24.650115966796875,46462100,24.886325739513744
2019-07-16 00:00:00+00:00,24.6332506058373,24.346424963854773,24.456092834472656,54920400,24.607941893057266
2019-07-17 00:00:00+00:00,24.9875612966832,24.4645258971089,24.62481117248535,84958300,24.54888665304638
2019-07-18 00:00:00+00:00,24.953816092589342,24.616374681377202,24.869455337524414,49468800,24.70073543644213
2019-07-19 00:00:00+00:00,24.979127292403117,24.78509705369345,24.801969528198242,44863200,24.920075240684067
2019-07-22 00:00:00+00:00,24.979129931823294,24.700740509269096,24.945384979248047,31224300,24.709176747412908
2019-07-23 00:00:00+00:00,25.54434405283354,25.05505352225905,25.51903533935547,64030300,25.09723310234133
2019-07-24 00:00:00+00:00,25.940836526914044,25.34187814692823,25.873348236083984,53171900,25.367185250334643
2019-07-25 00:00:00+00:00,26.058941065040653,25.48528977896379,25.594959259033203,43251900,25.93240071877024
2019-07-26 00:00:00+00:00,26.143298830701408,25.66244460465246,25.957706451416016,46978800,25.788984936394662
2019-07-29 00:00:00+00:00,26.02519841858564,25.72150029218824,25.746809005737305,39176700,25.915528935587535
2019-07-30 00:00:00+00:00,26.06737712501808,25.43467378893003,26.058940887451172,37598300,25.485289605283693
2019-07-31 00:00:00+00:00,26.202355348813516,25.80586181262668,25.881786346435547,60607600,26.008326699767697
2019-08-01 00:00:00+00:00,26.210792348429745,24.768229382245224,24.877897262573242,76913400,25.772117609021798
2019-08-02 00:00:00+00:00,24.88633227559228,24.388605501356604,24.785099029541016,57492300,24.76822816273902
2019-08-05 00:00:00+00:00,24.160825839826693,23.37627360926837,23.68840789794922,96207700,24.068030464041133
2019-08-06 00:00:00+00:00,24.03428703066501,23.359404214157653,23.975234985351562,65115800,23.966798749014274
2019-08-07 00:00:00+00:00,23.561868800569687,22.87854975522298,23.52812385559082,75388500,23.29191567692889
2019-08-08 00:00:00+00:00,24.034294823485247,23.679980827675102,23.941497802734375,53141900,23.71372578396563
2019-08-09 00:00:00+00:00,24.059594421859213,23.59561110300758,23.899309158325195,53499600,23.848693352121416
2019-08-12 00:00:00+00:00,23.494384180560868,23.165377351941117,23.31722640991211,55674700,23.477511705442357
2019-08-13 00:00:00+00:00,23.83183088340175,23.0978941446751,23.384719848632812,69919200,23.258179475486322
2019-08-14 00:00:00+00:00,22.844803592434037,22.169920819308675,22.28802490234375,106591700,22.72669950939896
2019-08-15 00:00:00+00:00,22.633903704268352,22.110868321052596,22.14461326599121,70192000,22.423002625544626
2019-08-16 00:00:00+00:00,22.87855208837425,22.304900837612923,22.802627563476562,70841700,22.38082536251061
2019-08-19 00:00:00+00:00,23.367842774186926,22.895423146606937,23.00509262084961,44964800,23.317225351129824
2019-08-20 00:00:00+00:00,22.82793277941391,22.524236313966075,22.541107177734375,47665000,22.794189442829737
2019-08-21 00:00:00+00:00,22.844809700809687,22.600165233530106,22.71826934814453,47785400,22.71826934814453
2019-08-22 00:00:00+00:00,23.030396467200344,22.74357087995352,22.93760108947754,49353700,22.853240338690682
2019-08-23 00:00:00+00:00,22.962913084284022,22.153053565774684,22.330209732055664,81880700,22.735141100358167
2019-08-26 00:00:00+00:00,22.60859335059759,22.347076482541052,22.59172248840332,41499100,22.52423421248397
2019-08-27 00:00:00+00:00,22.692959911447577,22.16992604133892,22.330209732055664,52517000,22.659216569366937
2019-08-28 00:00:00+00:00,22.844810284449878,22.11087364576472,22.650781631469727,45897900,22.119309884030976
2019-08-29 00:00:00+00:00,23.15694499782185,22.70983401755448,23.05571174621582,55432900,22.777322315609183
2019-08-30 00:00:00+00:00,23.359408650385266,23.07258299663617,23.20755958557129,41326200,23.19912334763186
2019-09-03 00:00:00+00:00,22.971349029531115,22.44831516608318,22.819499969482422,50743100,22.95447655418175
2019-09-04 00:00:00+00:00,23.26660979860803,22.912295878464853,23.190685272216797,40862500,23.04727245670533
2019-09-05 00:00:00+00:00,24.14174816843741,23.60677360040986,23.878507614135742,63413700,23.64923279926679
2019-09-06 00:00:00+00:00,23.853034454419646,23.411468460543777,23.547334671020508,56054100,23.793593189792702
2019-09-09 00:00:00+00:00,24.49839597586839,23.751130314141705,24.31157875061035,68629300,23.77660583203673
2019-09-10 00:00:00+00:00,24.922983169555664,24.4644334743492,24.922983169555664,71066200,24.532366582566482
2019-09-11 00:00:00+00:00,25.024879779676,24.54085622454262,25.016387939453125,53982200,24.93996461675309
2019-09-12 00:00:00+00:00,25.30510619291181,24.54935016461394,25.19471549987793,72943900,24.812590755427852
2019-09-13 00:00:00+00:00,25.746673315365282,25.364550174079007,25.619298934936523,79657000,25.47494087187643
2019-09-16 00:00:00+00:00,25.619296417711336,25.16923859012018,25.585329055786133,43391300,25.203205952045383
2019-09-17 00:00:00+00:00,25.491925269760703,25.126784181207505,25.423992156982422,48284900,25.347567202650207
2019-09-18 00:00:00+00:00,25.60231563599979,25.09281648699592,25.47494125366211,66640400,25.27963375943412
2019-09-19 00:00:00+00:00,25.55985683911892,25.262648881290765,25.32209014892578,43035700,25.474940048360438
2019-09-20 00:00:00+00:00,25.585325636055828,25.109793970233216,25.12677764892578,167269000,25.449459445820793
2019-09-23 00:00:00+00:00,25.152257639740743,24.770132899469264,25.067340850830078,52048300,24.889015432152377
2019-09-24 00:00:00+00:00,25.16923370629387,24.40498602745367,24.574819564819336,64806900,25.135267970612325
2019-09-25 00:00:00+00:00,24.973926562640536,24.43895366712402,24.83806037902832,45807700,24.43895366712402
2019-09-26 00:00:00+00:00,24.905995740487274,24.66822908767218,24.736162185668945,33198100,24.804095283665713
2019-09-27 00:00:00+00:00,25.228681346706917,24.80409901543562,24.922983169555664,41336600,24.973932595805366
2019-09-30 00:00:00+00:00,25.067340006165484,24.693707119340242,24.770132064819336,39191000,25.04186448445479
2019-10-01 00:00:00+00:00,25.058845742111096,24.124764425211097,24.150239944458008,49434400,24.99940448352113
2019-10-02 00:00:00+00:00,24.03135432739339,23.615263923240246,23.64073944091797,52293100,23.94643917443976
2019-10-03 00:00:00+00:00,23.674706149946648,23.063308277459686,23.615264892578125,53015800,23.57280731435855
2019-10-04 00:00:00+00:00,24.116273231942,23.640741530821963,24.09079933166504,42641800,23.64923337079857
2019-10-07 00:00:00+00:00,24.30309050834536,23.929457647082,24.03984832763672,36742400,24.056832007615252
2019-10-08 00:00:00+00:00,23.70867419098329,23.318057657572886,23.46241569519043,58201100,23.666216611541063
2019-10-09 00:00:00+00:00,23.836046888271664,23.564314511606582,23.683197021484375,37511400,23.63224760577285
2019-10-10 00:00:00+00:00,24.413478243555208,23.810572253930257,24.158729553222656,48239300,23.810572253930257
2019-10-11 00:00:00+00:00,24.914486002459007,24.506887440289987,24.549345016479492,70008600,24.61727811017433
2019-10-14 00:00:00+00:00,24.761639289630278,24.39649825715738,24.74465560913086,36040100,24.404990097407087
2019-10-15 00:00:00+00:00,25.6787426415361,24.719187156942777,25.245668411254883,78656000,24.91449466677942
2019-10-16 00:00:00+00:00,26.08633886972634,25.60231525230519,25.619298934936523,87131700,25.789132521943614
2019-10-17 00:00:00+00:00,25.93348541574464,25.474935794018958,25.69571876525879,55575900,25.729684504098028
2019-10-18 00:00:00+00:00,25.891030668176093,25.559856964215538,25.77214813232422,48872900,25.58533086781061
2019-10-21 00:00:00+00:00,26.4514722850801,26.00990638250518,26.341081619262695,61087400,26.04387373792755
2019-10-22 00:00:00+00:00,26.638294587502983,26.111811815486522,26.49393653869629,58662100,26.29862744702632
2019-10-23 00:00:00+00:00,26.697733572693444,26.40052565996782,26.680749893188477,47771200,26.43449139932493
2019-10-24 00:00:00+00:00,26.765670829046652,26.493938393365458,26.629804611206055,39491000,26.706229561198025
2019-10-25 00:00:00+00:00,27.045891490807644,26.612817371956137,26.93549919128418,43702000,26.629801051829418
2019-10-28 00:00:00+00:00,27.36857101614984,26.952480612047584,27.037397384643555,58790300,27.147788055261408
2019-10-29 00:00:00+00:00,27.29214923909061,27.01192499087314,27.232707977294922,48266600,27.122317293910484
2019-10-30 00:00:00+00:00,27.181761862370927,26.774164796136727,26.850589752197266,45262400,27.181761862370927
2019-10-31 00:00:00+00:00,26.8505812248999,26.17124867784573,26.553373336791992,49430900,26.67225584417408
2019-11-01 00:00:00+00:00,27.03740058846353,26.638293815518512,27.003433227539062,41985300,26.91851806453372
2019-11-04 00:00:00+00:00,27.597852719961438,27.25818554460864,27.512937545776367,54228600,27.377071323496498
2019-11-05 00:00:00+00:00,28.09885797061164,27.59785070516109,27.869583129882812,68785600,27.606340926237262
2019-11-06 00:00:00+00:00,28.073381493899905,27.742204594788046,27.844106674194336,47524500,27.8186295346899
2019-11-07 00:00:00+00:00,28.531927169806277,28.030919963011975,28.217737197875977,68310700,28.115838360361813
2019-11-08 00:00:00+00:00,28.251709021643173,27.962992903637055,28.243215560913086,38724000,28.081875439409078
2019-11-11 00:00:00+00:00,28.23472087579838,27.996955841843146,28.17527961730957,27784000,28.047903640944615
2019-11-12 00:00:00+00:00,28.294165356818457,28.013942711927815,28.098857879638672,37282200,28.13282524244542
2019-11-13 00:00:00+00:00,27.929021834393854,27.58086449468667,27.844106674194336,48887800,27.78466541419353
2019-11-14 00:00:00+00:00,27.90354923541328,27.58935924085666,27.767683029174805,35554600,27.759189569175348
2019-11-15 00:00:00+00:00,27.98846370788599,27.767682342944404,27.962989807128906,36398300,27.95449634733935
2019-11-18 00:00:00+00:00,28.047903706748382,27.810138672235322,27.988462448120117,31133700,27.903547289881352
2019-11-19 00:00:00+00:00,28.149812193736377,27.86958627698863,27.971485137939453,33183700,28.12433504901888
2019-11-20 00:00:00+00:00,27.878079201755348,27.52991855820391,27.759193420410156,43612200,27.844111835656722
2019-11-21 00:00:00+00:00,28.056401652397717,27.708244265059086,27.886568069458008,42787600,27.835617022784245
2019-11-22 00:00:00+00:00,28.294162134287188,27.97147870298677,28.17527961730957,38783900,27.988462382455808
2019-11-25 00:00:00+00:00,28.455499608446402,28.243208493602022,28.42153549194336,50238800,28.302652985919362
2019-11-26 00:00:00+00:00,28.362100029014083,28.124331729120684,28.319639205932617,50626600,28.345116347642698
2019-11-27 00:00:00+00:00,28.531927790626852,28.285672531218204,28.379077911376953,32097700,28.4385224104681
2019-11-29 00:00:00+00:00,28.463994390528757,28.226229367425507,28.294160842895508,19503400,28.336618419977448
2019-12-02 00:00:00+00:00,28.659309510132626,28.31115210195216,28.387577056884766,47158800,28.404560740126055
2019-12-03 00:00:00+00:00,27.93751911613177,27.64030953616074,27.886568069458008,58745100,27.912041973141807
2019-12-04 00:00:00+00:00,28.277189298967617,27.895064462635577,28.149816513061523,46637900,28.090375231777305
2019-12-05 00:00:00+00:00,28.363259020793443,28.175421833002954,28.25226402282715,38304500,28.312029808580295
2019-12-06 00:00:00+00:00,28.858465869674642,28.662092080044786,28.74747085571289,50908500,28.756010687474614
2019-12-09 00:00:00+00:00,28.77308121027241,28.551091227743072,28.610857009887695,32974500,28.602320436863113
2019-12-10 00:00:00+00:00,28.71331169158909,28.43155596358074,28.6279296875,41960100,28.51693796766983
2019-12-11 00:00:00+00:00,28.824306507799424,28.585243384650067,28.721851348876953,43107800,28.585243384650067
2019-12-12 00:00:00+00:00,29.720801054467913,28.75600543217995,29.609806060791016,64942500,28.841384192244686
2019-12-13 00:00:00+00:00,29.848864805509344,29.328045977520617,29.404888153076172,48539600,29.61833827884267
2019-12-16 00:00:00+00:00,29.9598642781395,29.626882553100586,29.626882553100586,50777100,29.84033271089383
2019-12-17 00:00:00+00:00,30.113545210155692,29.66103196959602,29.917171478271484,50840500,29.754947292417594
2019-12-18 00:00:00+00:00,30.113551955418924,29.925714753720197,29.976943969726562,48757900,29.976943969726562
2019-12-19 00:00:00+00:00,30.07938554715051,29.789093301658983,29.840322494506836,45409500,30.011083213676525
2019-12-20 00:00:00+00:00,30.08793763815493,29.80618184813414,29.8488712310791,109395500,30.08793763815493
2019-12-23 00:00:00+00:00,30.045247945557993,29.840337584524704,30.02817153930664,33995400,29.917179784160055
2019-12-24 00:00:00+00:00,30.122085863538775,29.985477889937346,30.070859909057617,13805400,30.045243674826033
2019-12-26 00:00:00+00:00,30.361154381689943,30.130627799442763,30.327001571655273,26992100,30.15624077847315
2019-12-27 00:00:00+00:00,30.497759005890078,30.10500824773042,30.18185043334961,28111300,30.480682602753497
2019-12-30 00:00:00+00:00,30.437997319232604,29.9598677380424,30.011096954345703,30705100,30.36969169749487
2019-12-31 00:00:00+00:00,30.105009459714722,29.857409746743446,30.070859909057617,29630100,29.908635701224604
2020-01-02 00:00:00+00:00,30.446531207394713,30.13062587720583,30.429454803466797,37614200,30.181851831998554
2020-01-03 00:00:00+00:00,30.011091900650065,29.678106936238336,29.79764175415039,50357900,29.86594410739509
2020-01-06 00:00:00+00:00,29.797646025411613,29.345129435213853,29.754953384399414,42185000,29.379282245227124
2020-01-07 00:00:00+00:00,29.814716118736396,29.48173439770099,29.558576583862305,34149000,29.626882196890538
2020-01-08 00:00:00+00:00,30.045246282642722,29.498814340808725,29.857412338256836,45311600,29.515890746114945
2020-01-09 00:00:00+00:00,30.164775049498882,29.83179009852356,29.908632278442383,39861600,30.139158818198855
2020-01-10 00:00:00+00:00,29.942784203126084,29.592726117548533,29.66103172302246,39730400,29.88301842683166
2020-01-13 00:00:00+00:00,29.942797898114847,29.592739652430556,29.934261322021484,37956100,29.74642407804727
2020-01-14 00:00:00+00:00,30.455069405458538,29.976943097935816,30.156240463256836,66719300,30.139164058417997
2020-01-15 00:00:00+00:00,29.703721455709584,29.319510562767512,29.60126304626465,74745500,29.68664505413543
2020-01-16 00:00:00+00:00,29.874485607356693,29.541500624328844,29.643959045410156,50368500,29.797643420041183
2020-01-17 00:00:00+00:00,29.840335355648747,29.541503154058084,29.635421752929688,54156100,29.81471911968935
2020-01-21 00:00:00+00:00,29.47320117698285,29.21706161297429,29.251211166381836,50811000,29.38781915098582
2020-01-22 00:00:00+00:00,29.413430086938412,29.225592920584738,29.33658790588379,38879700,29.345124478449556
2020-01-23 00:00:00+00:00,29.251203453403992,28.798690234408166,29.131671905517578,45717100,29.10605893296775
2020-01-24 00:00:00+00:00,29.14875175558691,28.405946150826882,28.636472702026367,47797200,29.131675352869454
2020-01-27 00:00:00+00:00,28.286412478329023,27.7229042586598,28.047346115112305,57096200,27.808283008886132
2020-01-28 00:00:00+00:00,28.593786936928872,28.13273377626978,28.38033676147461,38834600,28.192499564837675
2020-01-29 00:00:00+00:00,28.55109452623554,28.15834698191385,28.1839599609375,37414700,28.45717918415175
2020-01-30 00:00:00+00:00,28.619399849466397,27.893667300407916,28.585247039794922,50542800,27.91928353615712
2020-01-31 00:00:00+00:00,28.320568277205425,27.876594769613636,28.0302791595459,54845300,28.235189508128066
2020-02-03 00:00:00+00:00,28.516945361310285,28.10711814940687,28.149810791015625,48485500,28.175423770387862
2020-02-04 00:00:00+00:00,28.94384315919471,28.627934575610542,28.704776763916016,45061600,28.653550809706356
2020-02-05 00:00:00+00:00,29.72080377780897,29.088989821667155,29.635421752929688,54604800,29.114602800635332
2020-02-06 00:00:00+00:00,29.891555359044155,29.541497269250392,29.60126304626465,39511500,29.831789582029895
2020-02-07 00:00:00+00:00,29.592726759885753,29.234132094335603,29.550037384033203,31263000,29.302434444301564
2020-02-10 00:00:00+00:00,29.618345260620117,29.353669126752827,29.618345260620117,24373800,29.40489508453813
2020-02-11 00:00:00+00:00,29.91717589142034,29.67810949199954,29.686649322509766,32476300,29.754951681636395
2020-02-12 00:00:00+00:00,30.267232886290913,29.6951847724193,29.814716339111328,36656700,29.951327566177557
2020-02-13 00:00:00+00:00,29.908636121372073,29.4988121948107,29.806180953979492,31775100,29.67810955199548
2020-02-14 00:00:00+00:00,29.848871983440294,29.62688523233649,29.754953384399414,26447700,29.78056962040498
2020-02-18 00:00:00+00:00,29.737876053472366,29.03775657464362,29.259746551513672,40318000,29.68664684565833
2020-02-19 00:00:00+00:00,29.75495078276183,29.379279676436514,29.643959045410156,29632100,29.41343248346362
2020-02-20 00:00:00+00:00,29.951330413480104,29.421971629248098,29.754953384399414,42604100,29.421971629248098
2020-02-21 00:00:00+00:00,29.575651021613428,29.148750739530115,29.33658790588379,46675500,29.48173243843659
2020-02-24 00:00:00+00:00,28.354716775125716,27.765595541313143,27.94489288330078,79159600,28.329103799696274
2020-02-25 00:00:00+00:00,27.970508963722992,26.33121321444582,26.53612518310547,91586800,27.910743176425875
2020-02-26 00:00:00+00:00,26.98009641049069,26.09214309944009,26.15190887451172,80012800,26.800797456780565
2020-02-27 00:00:00+00:00,25.87015683876932,24.683374557533618,24.8712100982666,121148300,25.229806405844382
2020-02-28 00:00:00+00:00,24.54676117813378,23.650271421286895,24.333311080932617,171198800,23.906410886530292
2020-03-02 00:00:00+00:00,25.084664580153984,23.42829234642229,25.076128005981445,147776300,24.205250875774695
2020-03-03 00:00:00+00:00,25.400565602757908,23.581971202190804,23.692964553833008,138698500,25.076122120000093
2020-03-04 00:00:00+00:00,24.265011651661556,23.394134701419016,24.239397048950195,111239800,24.119865493287797
2020-03-05 00:00:00+00:00,23.500446813295223,22.684160082375303,23.01067543029785,110878700,23.405928953809255
2020-03-06 00:00:00+00:00,22.520902324768482,21.567137607326803,22.091278076171875,119121200,21.88505863351188
2020-03-09 00:00:00+00:00,20.183752203392164,18.482440133884825,18.843324661254883,145196000,19.101098621281984
2020-03-10 00:00:00+00:00,20.3470028247418,18.551173497867943,20.286855697631836,134863600,19.977525742339097
2020-03-11 00:00:00+00:00,20.587593868349632,19.126872359464265,19.479164123535156,127347000,19.625236438312342
2020-03-12 00:00:00+00:00,19.651013001514986,17.313856141403328,17.623186111450195,139552600,17.691925922695457
2020-03-13 00:00:00+00:00,20.83677769235761,18.456658774990583,20.759445190429688,128357400,19.066726108101246
2020-03-16 00:00:00+00:00,18.671467463504545,16.824083718930208,17.563037872314453,121688800,17.056081181814044
2020-03-17 00:00:00+00:00,19.496349265059763,17.21074834617437,18.886281967163086,120065700,18.095773267774316
2020-03-18 00:00:00+00:00,18.01843859062822,16.927194354093256,17.8637752532959,148272500,17.416965686194654
2020-03-19 00:00:00+00:00,18.6886562288516,16.32572268267496,18.2160701751709,122461300,17.40837606777137
2020-03-20 00:00:00+00:00,18.765981712154527,16.806895132925753,16.901412963867188,150910400,18.697241918438746
2020-03-23 00:00:00+00:00,16.90141877426144,15.423511881852136,15.535213470458984,181898500,16.54912700549593
2020-03-24 00:00:00+00:00,18.173106696788846,16.334315304798903,18.069997787475586,147882400,16.686607082911245
2020-03-25 00:00:00+00:00,18.989394637930474,17.53726402591285,18.130146026611328,146991300,18.654286565073075
2020-03-26 00:00:00+00:00,19.71975364382514,18.190290730552746,19.522125244140625,116111400,18.310584995580015
2020-03-27 00:00:00+00:00,19.07531616500956,18.130142546223258,18.55976676940918,91522800,18.628506579563474
2020-03-30 00:00:00+00:00,19.204204175048172,18.276215866775775,18.937837600708008,80449100,18.60272957349406
2020-03-31 00:00:00+00:00,19.324497419552085,18.009846702704877,18.241844177246094,95213700,18.748800893220004
2020-04-01 00:00:00+00:00,17.485708850374237,16.76393991538216,16.98734474182129,83961300,17.1248243828782
2020-04-02 00:00:00+00:00,17.863777467756446,16.832678591071062,17.674741744995117,70007400,16.884233043239384
2020-04-03 00:00:00+00:00,17.82081434306222,16.910011358743485,17.21074867248535,68293500,17.52866971130001
2020-04-06 00:00:00+00:00,18.55976506135478,17.880958064526155,18.379322052001953,97766200,18.069993754218277
2020-04-07 00:00:00+00:00,19.6596034876694,18.7745786477873,19.023759841918945,94560300,19.590863678368983
2020-04-08 00:00:00+00:00,20.27826668863921,19.255760425961743,20.14937973022461,81212300,19.255760425961743
2020-04-09 00:00:00+00:00,21.756171564873874,20.664925586216818,21.360918045043945,125275700,20.68211094939719
2020-04-13 00:00:00+00:00,21.35232396401303,20.43292839964441,20.55322265625,83164700,21.292176835710237
2020-04-14 00:00:00+00:00,21.180473686546254,19.848639262092615,20.389965057373047,88991100,21.05158674851628
2020-04-15 00:00:00+00:00,19.461972462034282,18.82612895607541,19.06671905517578,99082200,19.040941017773108
2020-04-16 00:00:00+00:00,19.083905218446365,18.121547976577187,18.405099868774414,89213300,19.032350775924918
2020-04-17 00:00:00+00:00,20.106418170554335,19.1698370068288,20.00330924987793,92800300,19.195615056441273
2020-04-20 00:00:00+00:00,19.87441562257898,19.058130590930038,19.33308982849121,74446300,19.393236956846927
2020-04-21 00:00:00+00:00,19.22138393319783,18.473837240048823,18.594131469726562,78871300,18.81753620976091
2020-04-22 00:00:00+00:00,19.101092152626077,18.688653300701922,18.73161506652832,49669500,19.040945024914596
2020-04-23 00:00:00+00:00,19.238573182629988,18.77457984986568,18.791765213012695,50614800,18.869096069401383
2020-04-24 00:00:00+00:00,19.16124107482509,18.61991523583921,19.05813217163086,47633500,18.99798503828648
2020-04-27 00:00:00+00:00,20.321222270542055,19.290125278483305,20.16655731201172,66916700,19.350272398159305
2020-04-28 00:00:00+00:00,21.317955455728985,20.49307765803205,20.527446746826172,65504900,21.008627101035884
2020-04-29 00:00:00+00:00,21.5757329890175,21.060183498406865,21.29218101501465,73493900,21.4038826125184
2020-04-30 00:00:00+00:00,20.94848234583671,20.493081588921076,20.66493034362793,55244100,20.802410002948136
2020-05-01 00:00:00+00:00,20.15797281572836,19.599461513430857,19.831459045410156,51772600,20.08923298835154
2020-05-04 00:00:00+00:00,19.754124416831417,19.272945676782783,19.70256996154785,45886100,19.5049431838887
2020-05-05 00:00:00+00:00,20.20952577664166,19.43620242903724,19.470571517944336,45691900,20.175155048848058
2020-05-06 00:00:00+00:00,19.831455579372868,19.10109401683868,19.204204559326172,53874600,19.76271576401003
2020-05-07 00:00:00+00:00,20.08063686947499,19.427607854975623,19.625234603881836,51884300,19.470569621646938
2020-05-08 00:00:00+00:00,20.295442946005686,19.977520394954695,20.252479553222656,45181000,20.166554406542453
2020-05-11 00:00:00+00:00,19.86582954645287,19.38464912154992,19.40183448791504,68951800,19.857236863270305
2020-05-12 00:00:00+00:00,19.60805029585859,18.77457984986568,18.791765213012695,69588700,19.513532437436453
2020-05-13 00:00:00+00:00,18.688654022417147,17.80362751779324,17.93251609802246,112113400,18.611321529834168
2020-05-14 00:00:00+00:00,18.723028803342764,17.270898131137162,18.654287338256836,88359100,17.43415583294278
2020-05-15 00:00:00+00:00,18.645693708544464,18.241845851596953,18.42228889465332,64484000,18.387918166876297
2020-05-18 00:00:00+00:00,19.814271554476672,18.96361566730823,19.70256996154785,86589400,19.264352994421092
2020-05-19 00:00:00+00:00,19.76271912181921,19.066728168156477,19.083911895751953,62179000,19.470574447168335
2020-05-20 00:00:00+00:00,19.762715338496523,19.453385356580743,19.685382843017578,59789500,19.487756082965358
2020-05-21 00:00:00+00:00,19.99470708766835,19.57367564358587,19.67678451538086,57726000,19.59945204209163
2020-05-22 00:00:00+00:00,19.719754377788412,19.29872115674935,19.470571517944336,48107000,19.702569013891612
2020-05-26 00:00:00+00:00,21.13750994798627,20.364186753072932,20.862550735473633,119485500,20.407148515445712
2020-05-27 00:00:00+00:00,22.486534200122065,21.455435303777247,22.32327651977539,117672700,22.40060901894558
2020-05-28 00:00:00+00:00,22.460755066404747,21.30077091279908,21.360918045043945,84340800,22.40920061575007
2020-05-29 00:00:00+00:00,21.40388023827892,20.67351867750358,20.725074768066406,113811100,20.982848665334657
2020-06-01 00:00:00+00:00,21.36950960558776,20.664924502133044,21.14610481262207,58375500,20.862552890566842
2020-06-02 00:00:00+00:00,21.816320802063505,21.10314455013173,21.343734741210938,71118100,21.446843652468743
2020-06-03 00:00:00+00:00,22.46075224053311,21.81631595232605,22.331865310668945,86744600,21.910833799040013
2020-06-04 00:00:00+00:00,23.21441350015017,22.124209757819838,23.171152114868164,94545300,22.2453429568623
2020-06-05 00:00:00+00:00,25.100642721421465,24.12291942387572,24.32192611694336,118767900,25.048728721207276
2020-06-08 00:00:00+00:00,25.005462973860137,24.34787965779515,24.69397735595703,79598500,24.7372387430692
2020-06-09 00:00:00+00:00,24.693977489109123,23.837387496887406,24.417098999023438,77773400,23.984478524304492
2020-06-10 00:00:00+00:00,24.313272902153685,22.937539553415792,23.015411376953125,90415300,24.200790645792523
2020-06-11 00:00:00+00:00,22.22803966946042,20.488905224368477,20.705215454101562,149875500,21.61371775885409
2020-06-12 00:00:00+00:00,21.674289585678913,20.800397499104584,21.440675735473633,73729700,21.6569860173679
2020-06-15 00:00:00+00:00,21.778116068152215,20.497559782338303,21.76081085205078,76538900,20.558126388377087
2020-06-16 00:00:00+00:00,22.70392195847851,21.50989019315446,22.32321548461914,96796500,22.65200796441645
2020-06-17 00:00:00+00:00,22.409739919570566,21.561804198092723,21.631023406982422,58349500,22.409739919570566
2020-06-18 00:00:00+00:00,22.054995475388612,21.267626205184886,21.665637969970703,53419000,21.37145586348619
2020-06-19 00:00:00+00:00,22.054993462766117,21.18975244037286,21.847335815429688,127563600,22.011732071772965
2020-06-22 00:00:00+00:00,21.656981396906126,21.293580134841832,21.30223274230957,55484300,21.53584654267394
2020-06-23 00:00:00+00:00,21.985768201679946,21.42336202182936,21.44931983947754,46108300,21.639672217950032
2020-06-24 00:00:00+00:00,21.233012220142232,20.488904527082997,20.60138511657715,75437100,21.233012220142232
2020-06-25 00:00:00+00:00,21.432018836248897,20.376423815694075,21.388755798339844,65031900,20.506211279105088
2020-06-26 00:00:00+00:00,20.860960965899917,19.9178481471388,20.03032875061035,118139200,20.843655749883915
2020-06-29 00:00:00+00:00,20.627344704717213,19.98706658967663,20.237985610961914,66269200,20.255290826310187
2020-06-30 00:00:00+00:00,20.687907390075882,19.987062804364157,20.549468994140625,61716200,20.073587214402657
2020-07-01 00:00:00+00:00,20.82634425969003,20.099541909137887,20.125499725341797,57379900,20.79173548840055
2020-07-02 00:00:00+00:00,20.75712826618697,20.09089240043822,20.151460647583008,56000200,20.627342465794406
2020-07-06 00:00:00+00:00,20.835004705583554,20.29855452103947,20.471603393554688,59589000,20.610041831440316
2020-07-07 00:00:00+00:00,20.23798578922145,19.814017911351392,19.909194946289062,60645800,20.2293331814711
2020-07-08 00:00:00+00:00,20.064936171642387,19.640968344769504,19.987064361572266,52922600,19.926497764921283
2020-07-09 00:00:00+00:00,20.038977669854734,19.372741828725044,19.701534271240234,79385900,19.848625279667363
2020-07-10 00:00:00+00:00,20.809044857215227,19.623665641734995,20.78308868408203,81142900,19.64962181486819
2020-07-13 00:00:00+00:00,21.207054510636667,20.644648259582407,20.930177688598633,73598100,21.085921313574037
2020-07-14 00:00:00+00:00,20.895565905977772,20.289898309615417,20.886913299560547,67423100,20.670603090077723
2020-07-15 00:00:00+00:00,21.518542817097135,21.008050532532028,21.284927368164062,57384400,21.423365785980078
2020-07-16 00:00:00+00:00,20.956134462427578,20.367772023819096,20.705215454101562,78067100,20.549471824643167
2020-07-17 00:00:00+00:00,20.74848000312345,20.07359303966888,20.090896606445312,66659100,20.66195556797595
2020-07-20 00:00:00+00:00,20.506213456009245,19.995721106702472,20.40238380432129,61114000,20.064940324389003
2020-07-21 00:00:00+00:00,21.181098719428288,20.49755920580969,21.12918472290039,75499300,20.514862771108195
2020-07-22 00:00:00+00:00,21.051313242016473,20.739825957199685,21.034008026123047,52193700,20.97344142081228
2020-07-23 00:00:00+00:00,21.319537840694515,20.86096116412655,21.233015060424805,61047600,21.215709844244362
2020-07-24 00:00:00+00:00,21.483932115250802,20.999397659034535,21.06861686706543,50217600,21.250316669277993
2020-07-27 00:00:00+00:00,20.999395532668537,20.661950483660497,20.886913299560547,54721300,20.956132500582413
2020-07-28 00:00:00+00:00,21.250317711216482,20.83500244266751,21.0772705078125,48406500,20.87826383093946
2020-07-29 00:00:00+00:00,21.881944497365478,20.930179118835063,21.864639282226562,71393500,21.077270146883546
2020-07-30 00:00:00+00:00,21.587761256238903,21.068616382782206,21.492584228515625,61755900,21.38875459369786
2020-07-31 00:00:00+00:00,21.5877651447265,21.163795572309674,21.527196884155273,61955800,21.570459927420437
2020-08-03 00:00:00+00:00,21.899248520334474,21.362800042334445,21.622371673583984,58284000,21.656982104585886
2020-08-04 00:00:00+00:00,21.682938436482846,21.50989123115324,21.639677047729492,37985300,21.596414008659945
2020-08-05 00:00:00+00:00,22.141512721878748,21.847330710973047,21.968463897705078,51322600,21.907897304339063
2020-08-06 00:00:00+00:00,22.210732314171658,21.873288916414474,22.037683486938477,51999700,22.0203799244679
2020-08-07 00:00:00+00:00,22.66065940609966,21.855985113109412,22.591440200805664,63354500,21.92520431840341
2020-08-10 00:00:00+00:00,23.19711280519466,22.67796782908998,22.980802536010742,64051100,22.764492266826824
2020-08-11 00:00:00+00:00,24.01043582561874,23.171152716999195,23.292285919189453,81441000,23.60377318232566
2020-08-12 00:00:00+00:00,23.854694112760154,22.851014684498892,23.127891540527344,61971300,23.77682229071262
2020-08-13 00:00:00+00:00,23.07597194264605,22.617393729686615,22.799095153808594,55955500,22.92022833634602
2020-08-14 00:00:00+00:00,23.06732556264197,22.4270474030635,22.902929306030273,50931900,22.548180618295127
2020-08-17 00:00:00+00:00,22.851013533943757,22.357826452685657,22.409740447998047,57518700,22.764489108212334
2020-08-18 00:00:00+00:00,22.48760961029111,22.02903136329493,22.089599609375,45850100,22.383781631928628
2020-08-19 00:00:00+00:00,22.565484098356226,21.968467375784016,22.063644409179688,59856000,22.202082830310033
2020-08-20 00:00:00+00:00,21.916553394575036,21.648329159751512,21.717548370361328,49403700,21.769462365739653
2020-08-21 00:00:00+00:00,22.003077111418552,21.544498824457524,21.613718032836914,55010700,21.613718032836914
2020-08-24 00:00:00+00:00,22.23668948663477,21.665630683815852,22.228036880493164,54579500,21.821372643417114
2020-08-25 00:00:00+00:00,22.660657816590035,22.262646176330655,22.496261596679688,57304700,22.53087202205699
2020-08-26 00:00:00+00:00,22.44435111545619,22.098255059191473,22.115558624267578,39478000,22.44435111545619
2020-08-27 00:00:00+00:00,22.686617012567023,22.01173013081317,22.539525985717773,52934800,22.0549915179916
2020-08-28 00:00:00+00:00,22.902929435053338,22.487614137362712,22.75583839416504,46466400,22.842362827096327
2020-08-31 00:00:00+00:00,22.617395373381594,22.22803797965123,22.271299362182617,49416200,22.574133990850207
2020-09-01 00:00:00+00:00,22.409744248422292,21.977123696714077,22.24534797668457,46109200,22.132867359379667
2020-09-02 00:00:00+00:00,22.63470399510469,22.054992470178544,22.51357078552246,57300900,22.089602901668442
2020-09-03 00:00:00+00:00,23.193155295565774,22.182482869077997,22.35673713684082,86192500,22.82722266271333
2020-09-04 00:00:00+00:00,23.315139191515282,22.47872078505545,23.12346076965332,99621400,22.87950505489163
2020-09-08 00:00:00+00:00,22.931776465324674,22.121496854448818,22.19991111755371,74978600,22.774947939114888
2020-09-09 00:00:00+00:00,22.40901684953872,21.982095643457825,22.226051330566406,53822700,22.33931546205229
2020-09-10 00:00:00+00:00,22.5571319151497,21.851405177598348,21.9036808013916,56609600,22.391592162835707
2020-09-11 00:00:00+00:00,22.287039949851426,21.8601187416067,22.21733856201172,47708300,21.97338287366666
2020-09-14 00:00:00+00:00,22.64425810936356,22.25218845470198,22.43515396118164,47802400,22.365452578454335
2020-09-15 00:00:00+00:00,22.504854432934906,21.947243393687998,22.025657653808594,63820200,22.452578813458505
2020-09-16 00:00:00+00:00,22.574558924193003,21.825267740574475,22.304466247558594,64598600,22.025660689508594
2020-09-17 00:00:00+00:00,22.19990924024287,21.868828116540204,22.086645126342773,48862000,21.894965094156895
2020-09-18 00:00:00+00:00,22.287040141436844,21.86883181080357,21.964670181274414,94055800,21.9123945553983
2020-09-21 00:00:00+00:00,21.590023421741023,20.93657236776134,21.319929122924805,75218600,21.40705626248449
2020-09-22 00:00:00+00:00,21.433198826082904,20.744896125565894,20.85816192626953,68665300,21.145680376176216
2020-09-23 00:00:00+00:00,21.13696364466304,20.265695571899414,20.265695571899414,59950300,20.997560885965818
2020-09-24 00:00:00+00:00,20.753611851968127,19.995609317321303,20.335403442382812,53570700,20.370253312275338
2020-09-25 00:00:00+00:00,20.518366786114562,20.152434051729006,20.46609115600586,42111300,20.283125619719243
2020-09-28 00:00:00+00:00,21.18052995733854,20.72747174603465,20.98885154724121,47996900,20.80588435694682
2020-09-29 00:00:00+00:00,20.901727110556582,20.50094447502156,20.71004867553711,45695200,20.893014227808543
2020-09-30 00:00:00+00:00,21.189242838953724,20.710045982804278,20.98885154724121,56226100,20.718758864419463
2020-10-01 00:00:00+00:00,21.26765699716334,20.78846014359411,20.9975643157959,44782200,21.145679978832025
2020-10-02 00:00:00+00:00,21.28507716095624,20.535786161319034,21.09339714050293,51682100,20.596774654440797
2020-10-05 00:00:00+00:00,21.52903516313301,21.241516740448677,21.45062255859375,44396800,21.36349541133532
2020-10-06 00:00:00+00:00,21.947244859271837,21.154390986718287,21.232805252075195,67541100,21.712002063201112
2020-10-07 00:00:00+00:00,21.877545587718213,21.433198595049905,21.677152633666992,47648000,21.459335578151876
2020-10-08 00:00:00+00:00,22.043084112010682,21.616162906661327,21.990808486938477,52080600,21.738141580912682
2020-10-09 00:00:00+00:00,22.2086296767312,21.816559922768587,22.095365524291992,44511500,22.07793975874366
2020-10-12 00:00:00+00:00,22.504856379548805,21.990808035099672,22.37416648864746,48362900,22.043083659097785
2020-10-13 00:00:00+00:00,22.374165430503666,21.642300081893765,21.738140106201172,61186900,22.33931390827841
2020-10-14 00:00:00+00:00,21.424484780202175,20.553216596092486,20.579355239868164,127409500,21.21538061543331
2020-10-15 00:00:00+00:00,21.08469065738375,20.457376503133283,21.041126251220703,66832400,20.55321653487981
2020-10-16 00:00:00+00:00,21.215379286894574,20.858159486724215,21.119539260864258,58357700,21.084689399824555
2020-10-19 00:00:00+00:00,21.189242268210943,20.64034403573711,20.666481018066406,51377900,21.171816505449943
2020-10-20 00:00:00+00:00,21.328642864700335,20.805881668035592,21.032411575317383,62476400,20.814594548524745
2020-10-21 00:00:00+00:00,21.206670990227252,20.919152511798224,20.954002380371094,41564900,21.10211806088377
2020-10-22 00:00:00+00:00,21.703291637777763,20.910437675525728,21.668441772460938,55402000,20.954000422624826
2020-10-23 00:00:00+00:00,22.00823525922817,21.52903674500322,21.694578170776367,51007400,21.990809496133682
2020-10-26 00:00:00+00:00,21.41577218118623,21.041126591191592,21.380922317504883,59450200,21.319932147891173
2020-10-27 00:00:00+00:00,21.25023292608951,20.74489738757782,20.779748916625977,55009300,21.163107427093856
2020-10-28 00:00:00+00:00,20.61420705485832,20.143723055035654,20.448665618896484,81942500,20.39638998820782
2020-10-29 00:00:00+00:00,20.692618605642316,20.143720401195242,20.509653091430664,57490400,20.352824558213754
2020-10-30 00:00:00+00:00,20.77103056956038,20.2482694040617,20.6490535736084,66453400,20.46608641786849
2020-11-02 00:00:00+00:00,21.136967324980496,20.44866462998189,20.980138778686523,59756400,20.814597350730413
2020-11-03 00:00:00+00:00,21.72942513125674,21.354779612505638,21.511608123779297,65106200,21.415768108709422
2020-11-04 00:00:00+00:00,21.032412492962496,20.274410137267175,20.631629943847656,88845500,20.814595456666492
2020-11-05 00:00:00+00:00,21.59874024486276,20.78846052411643,21.441911697387695,74722600,20.823310389215184
2020-11-06 00:00:00+00:00,21.746848699338695,21.11082345182674,21.180524826049805,55454500,21.72071172263745
2020-11-09 00:00:00+00:00,24.630752158717875,22.914352758866265,24.186405181884766,178378800,23.175734213256902
2020-11-10 00:00:00+00:00,24.186406560114893,23.68107104700509,24.099279403686523,77694600,23.95116373630198
2020-11-11 00:00:00+00:00,24.19511830911755,23.628794311567002,23.820472717285156,48360900,24.177692546285297
2020-11-12 00:00:00+00:00,23.437112083362116,22.923063759886393,23.254146575927734,67912600,23.384836461496874
2020-11-13 00:00:00+00:00,23.70720216668916,23.315132552458333,23.52423667907715,52421000,23.419683784861803
2020-11-16 00:00:00+00:00,24.395506098501762,23.681066542935554,24.029573440551758,57396700,24.273529099789084
2020-11-17 00:00:00+00:00,24.047007179571207,23.532958711848917,24.003442764282227,46402300,23.742062919798446
2020-11-18 00:00:00+00:00,24.334522361937484,23.48939110026927,23.506816864013672,54416700,24.07314089120835
2020-11-19 00:00:00+00:00,23.532955509630273,23.21929840948023,23.506816864013672,46423000,23.463254116464963
2020-11-20 00:00:00+00:00,23.48067655837744,23.201869363347,23.35869789123535,40538000,23.29770938857034
2020-11-23 00:00:00+00:00,23.977302361865114,23.576518107352307,23.864036560058594,45421200,23.620082516436465
2020-11-24 00:00:00+00:00,25.258064382697455,24.325807694366535,25.249351501464844,80387800,24.334520575599143
2020-11-25 00:00:00+00:00,25.301628225276815,24.813716857991775,25.29291534423828,57249900,25.014108136441628
2020-11-27 00:00:00+00:00,25.35390238675257,25.10123383665072,25.2580623626709,25971600,25.240636601599313
2020-11-30 00:00:00+00:00,25.144802462157653,24.482638386541733,24.534914016723633,63567900,25.022823775983458
2020-12-01 00:00:00+00:00,25.301629229276852,24.97925926530763,24.996685028076172,50255100,25.040247773185325
2020-12-02 00:00:00+00:00,25.423608481246312,24.85728443595348,25.319055557250977,45257500,24.996687226739027
2020-12-03 00:00:00+00:00,25.511923427444817,25.099874114860647,25.34535026550293,54013700,25.37165181912622
2020-12-04 00:00:00+00:00,25.80124222301644,25.42426152594658,25.678504943847656,66188200,25.59960192947629
2020-12-07 00:00:00+00:00,25.55576000921142,25.15247951655003,25.503158569335938,42197800,25.336585392199023
2020-12-08 00:00:00+00:00,25.555757564020002,25.222612913791288,25.362884521484375,33869100,25.301515902139833
2020-12-09 00:00:00+00:00,25.643437439029416,25.205088081097287,25.24892234802246,54886300,25.643437439029416
2020-12-10 00:00:00+00:00,25.538231249727602,24.959610267455254,25.52069854736328,58859600,25.099881919389762
2020-12-11 00:00:00+00:00,25.20508153865422,24.810566550050897,25.04727554321289,40538400,25.143712912020295
2020-12-14 00:00:00+00:00,25.389187515057422,24.670295019465307,24.74043083190918,40267100,25.354120444920323
2020-12-15 00:00:00+00:00,25.266448563562474,24.766730724456846,25.108642578125,43672700,24.85440090216317
2020-12-16 00:00:00+00:00,25.266451697981626,24.933306987972934,25.178781509399414,42463200,25.248917325831233
2020-12-17 00:00:00+00:00,25.354120053075544,25.012208181717078,25.275217056274414,43182700,25.170012503149692
2020-12-18 00:00:00+00:00,25.511927457084447,25.047276636031015,25.134946823120117,82817200,25.327819896980355
2020-12-21 00:00:00+00:00,26.29218985502407,25.187549458626364,26.073015213012695,93397400,25.511928664557917
2020-12-22 00:00:00+00:00,26.108077854761568,25.573291318183266,25.60835838317871,39054300,26.108077854761568
2020-12-23 00:00:00+00:00,26.60780006079129,25.713567181022967,26.344789505004883,52537200,25.766168623312367
2020-12-24 00:00:00+00:00,26.53766597332037,26.073015131723782,26.265888214111328,22632300,26.53766597332037
2020-12-28 00:00:00+00:00,26.78313998616488,26.29218926724252,26.414926528930664,32861200,26.502596718209244
2020-12-29 00:00:00+00:00,26.520130345446194,26.2395870853721,26.309722900390625,33291900,26.44999453042767
2020-12-30 00:00:00+00:00,26.493829924173532,26.248355397164215,26.283422470092773,26370100,26.300956842641952
2020-12-31 00:00:00+00:00,26.642868743433883,26.21328664904724,26.57273292541504,28716000,26.309724025886826
2021-01-04 00:00:00+00:00,26.800671545975526,26.081779079237787,26.327255249023438,51483900,26.704234180672305
2021-01-05 00:00:00+00:00,26.774372509337105,26.22205152789203,26.52889633178711,48507000,26.449993334437814
2021-01-06 00:00:00+00:00,28.59790185347533,27.493263303057446,28.185855865478516,107002800,27.966679585783748
2021-01-07 00:00:00+00:00,29.47460471258726,28.79078090454209,28.80831527709961,74358500,29.202830298794748
2021-01-08 00:00:00+00:00,28.931050370423186,28.15078924401213,28.519001007080078,44641400,28.86091288545442
2021-01-11 00:00:00+00:00,29.045017580007254,27.966677327220115,28.992414474487305,51868200,28.133250483694457
2021-01-12 00:00:00+00:00,29.78145183605774,29.106393528062878,29.509674072265625,68166200,29.29926494153307
2021-01-13 00:00:00+00:00,29.52720817585033,29.00995588453818,29.334333419799805,43172800,29.30803353282551
2021-01-14 00:00:00+00:00,30.13211984661377,29.29925578688549,29.79897689819336,48483500,29.351858889217535
2021-01-15 00:00:00+00:00,29.483370989919,28.668041131240166,28.939815521240234,57684300,29.18529337121556
2021-01-19 00:00:00+00:00,29.457076008189187,28.22969979204645,28.72941780090332,78130200,28.492708742338447
2021-01-20 00:00:00+00:00,28.746943413623566,28.194622445341587,28.352428436279297,53920000,28.72064018557446
2021-01-21 00:00:00+00:00,28.475167783360078,27.817643887469973,27.852712631225586,49626600,28.352430524554908
2021-01-22 00:00:00+00:00,27.835178096189136,27.396828834831826,27.65983772277832,45314500,27.49326620742475
2021-01-25 00:00:00+00:00,27.44065983568344,26.800670391370826,27.317922592163086,48078400,27.41435995331167
2021-01-26 00:00:00+00:00,27.554633553887207,27.0987499419748,27.125051498413086,36373000,27.52833199744892
2021-01-27 00:00:00+00:00,26.677935944692045,26.011644875985997,26.15191650390625,63809200,26.572731387667005
2021-01-28 00:00:00+00:00,26.95847973429476,26.230820022987576,26.581499099731445,51223300,26.669169286959846
2021-01-29 00:00:00+00:00,26.73930416447225,25.941508665797638,25.994110107421875,64019100,26.651633980318735
2021-02-01 00:00:00+00:00,26.33602570461932,25.92397630873392,26.265888214111328,40985300,26.18698688162946
2021-02-02 00:00:00+00:00,27.352987753173455,26.774367006317455,27.203948974609375,53527000,26.809434068948782
2021-02-03 00:00:00+00:00,27.8176387588782,27.072444813156288,27.686134338378906,49404900,27.09874636612392
2021-02-04 00:00:00+00:00,28.519004279190604,27.86148200386479,28.492704391479492,51751900,27.879014704948908
2021-02-05 00:00:00+00:00,28.852146848508532,28.33489461143668,28.37872886657715,42008800,28.834612477584486
2021-02-08 00:00:00+00:00,29.17651829582718,28.405026201284215,29.009946823120117,46014100,28.431326080043593
2021-02-09 00:00:00+00:00,28.94858519613459,28.57160456935758,28.887216567993164,35868600,28.904750939510627
2021-02-10 00:00:00+00:00,29.29925734754479,28.8083084103159,28.913511276245117,45031900,29.036248510552337
2021-02-11 00:00:00+00:00,29.20282824840142,28.536535515356007,28.825847625732422,29479900,28.9047506245315
2021-02-12 00:00:00+00:00,29.325563888303247,28.85214592158127,29.25542640686035,37468300,28.931048916034932
2021-02-16 00:00:00+00:00,30.298695989781795,29.544734878420083,30.044452667236328,52802600,29.79020934469086
2021-02-17 00:00:00+00:00,30.298706222323577,29.62364786775805,30.167200088500977,45455300,29.842822527902445
2021-02-18 00:00:00+00:00,30.37760522854864,29.825284221391534,29.974321365356445,37541700,29.860352965032504
2021-02-19 00:00:00+00:00,30.447733746978066,29.965550316175108,30.28116226196289,54514100,29.983084684756523
2021-02-22 00:00:00+00:00,30.903626547882535,30.16719956871259,30.81595802307129,56783400,30.20226831637303
2021-02-23 00:00:00+00:00,31.464704923993082,30.807181126436227,31.14032745361328,67440700,31.052655607335648
2021-02-24 00:00:00+00:00,32.017024344050284,31.210460117937387,31.894287109375,58139500,31.333200696951494
2021-02-25 00:00:00+00:00,32.46413793895011,31.350730663700062,31.499771118164062,74762000,32.4027693236822
2021-02-26 00:00:00+00:00,31.587434274483055,30.403893072243118,30.430192947387695,70933300,31.32442549002286
2021-03-01 00:00:00+00:00,31.60497716453342,30.8948535893749,31.377037048339844,45901700,31.14032807517399
2021-03-02 00:00:00+00:00,31.508535985740963,31.122789934180634,31.149089813232422,41167400,31.254296018116854
2021-03-03 00:00:00+00:00,32.411546311746356,31.42087601847545,31.929359436035156,66047000,31.534847765856238
2021-03-04 00:00:00+00:00,32.48442835723008,31.64742720135717,32.15843963623047,96512800,31.841259967819596
2021-03-05 00:00:00+00:00,33.127588698692016,31.86768274466725,32.53728485107422,74292300,32.625388799361886
2021-03-08 00:00:00+00:00,33.242123714171285,32.44036575301131,32.71349334716797,65335500,32.93375656024433
2021-03-09 00:00:00+00:00,32.739934080939015,31.550513703286054,31.999849319458008,63946000,32.20249113545328
2021-03-10 00:00:00+00:00,33.06592182248978,32.04390035922802,32.92495346069336,53365600,32.19368113417158
2021-03-11 00:00:00+00:00,33.29499181125682,32.46679988664845,32.8104133605957,45834000,32.83684387361077
2021-03-12 00:00:00+00:00,33.638601093369466,33.10997068042383,33.427146911621094,46069600,33.40952544972954
2021-03-15 00:00:00+00:00,33.541683207047846,32.79278959596332,33.25974655151367,50131600,33.50644028486857
2021-03-16 00:00:00+00:00,33.23331237466981,32.572522780969535,33.16282653808594,50300400,32.96899384842996
2021-03-17 00:00:00+00:00,33.79718656781821,32.889703242619106,33.43595504760742,63796000,33.48000701622829
2021-03-18 00:00:00+00:00,35.215691580307016,33.85005666031195,34.308204650878906,95439700,33.92935156946682
2021-03-19 00:00:00+00:00,34.29056276790627,33.06590029204514,33.94695281982422,106252700,33.735502095288496
2021-03-22 00:00:00+00:00,33.81481734685761,32.951385752316675,33.180458068847656,54701300,33.550502101337024
2021-03-23 00:00:00+00:00,33.32142376479089,32.405127849886384,32.51085662841797,49838000,32.91614019660443
2021-03-24 00:00:00+00:00,33.29499325063321,32.50204421639846,32.51085662841797,43896800,32.783980903915165
2021-03-25 00:00:00+00:00,33.259752978598904,32.27297449354508,33.180458068847656,47517900,32.484425345581265
2021-03-26 00:00:00+00:00,34.14961075346026,33.550497841459446,34.07912826538086,66846000,33.788379179558895
2021-03-29 00:00:00+00:00,34.035076169064176,33.35666499884467,33.75313949584961,45680000,33.52406384826886
2021-03-30 00:00:00+00:00,34.7663378032629,34.035065829562456,34.35224533081055,56705900,34.035065829562456
2021-03-31 00:00:00+00:00,34.35226650001534,33.885306008330076,34.087947845458984,49270000,34.02627438898285
2021-04-01 00:00:00+00:00,34.81921615993543,34.11437440790244,34.79278564453125,65587000,34.21129077898521
2021-04-05 00:00:00+00:00,35.48881539547712,34.88969905906713,35.06591033935547,50328500,35.24212161964381
2021-04-06 00:00:00+00:00,35.374277236674736,34.76634855102937,34.968990325927734,42590100,34.828021988565816
2021-04-07 00:00:00+00:00,35.37427827350022,34.880887397797004,35.286170959472656,43136400,35.039477202096236
2021-04-08 00:00:00+00:00,35.10995820061205,34.5548972700986,34.97780227661133,45285900,35.06590622594514
2021-04-09 00:00:00+00:00,35.400709558336,34.81040230481951,35.23331069946289,45872900,35.16282484670551
2021-04-12 00:00:00+00:00,35.57692727979788,35.10996682299089,35.29499053955078,45544600,35.233317087681165
2021-04-13 00:00:00+00:00,35.08353961886779,34.537287553143585,34.64301300048828,46770400,35.0747305653188
2021-04-14 00:00:00+00:00,35.532869022016044,34.29058106834388,35.13639450073242,52023800,34.343445458165185
2021-04-15 00:00:00+00:00,35.10115315174625,33.52406740784447,34.131996154785156,118128900,35.00423677986002
2021-04-16 00:00:00+00:00,34.731110282771866,34.28177469748632,34.493228912353516,60633400,34.63419726861474
2021-04-19 00:00:00+00:00,34.739913171649405,34.38749069713737,34.51083755493164,42321100,34.70467025200824
2021-04-20 00:00:00+00:00,34.361066087623435,33.38309674583901,33.550498962402344,50834100,34.361066087623435
2021-04-21 00:00:00+00:00,34.167233280887906,32.960191646702405,34.11437225341797,37851800,33.25974979251673
2021-04-22 00:00:00+00:00,34.15842319408127,33.629789408760516,33.79719161987305,48093400,34.140801731808885
2021-04-23 00:00:00+00:00,34.66062165162819,33.67384333241835,34.5196533203125,48674100,33.76194727913436
2021-04-26 00:00:00+00:00,35.10995976816407,34.60775984044913,34.72229766845703,34699800,34.66943327992637
2021-04-27 00:00:00+00:00,35.171634066329496,34.81040247159341,35.13639450073242,34304800,34.95137081683309
2021-04-28 00:00:00+00:00,35.43596459392293,35.13640633923966,35.26856231689453,34084400,35.180458331791286
2021-04-29 00:00:00+00:00,36.23769897219583,35.647391907680934,36.22007751464844,44008700,35.726686786169516
2021-04-30 00:00:00+00:00,36.03506024865345,35.65620728225089,35.709068298339844,39203400,35.98219587161484
2021-05-03 00:00:00+00:00,36.167214296057175,35.61215012892565,35.73550033569336,41940500,36.008624534019596
2021-05-04 00:00:00+00:00,36.193658612797705,35.048287031646794,36.123172760009766,53880000,35.45357396327656
2021-05-05 00:00:00+00:00,36.61655853731288,35.91171355158715,36.46677780151367,37471100,36.299378965926294
2021-05-06 00:00:00+00:00,37.05709015904251,36.33462697242015,37.01303482055664,39044400,36.54607780897036
2021-05-07 00:00:00+00:00,37.22448471290379,36.22008495307686,37.162811279296875,39249200,36.23770641424312
2021-05-10 00:00:00+00:00,37.83241545842544,37.030657344884546,37.04827880859375,41271500,37.44475333967453
2021-05-11 00:00:00+00:00,37.303785070302105,36.42273204867093,36.62537384033203,42964700,36.60775237658534
2021-05-12 00:00:00+00:00,37.49761913809291,36.158418094487736,36.28176498413086,47533000,37.3390293197087
2021-05-13 00:00:00+00:00,37.08351777855246,35.92933723589978,36.86325454711914,42026100,35.99982308321453
2021-05-14 00:00:00+00:00,37.427132741865954,36.9337418294449,37.321407318115234,30932600,37.057092078263125
2021-05-17 00:00:00+00:00,37.75312487309396,37.145199429826086,37.656211853027344,32656400,37.21568529273009
2021-05-18 00:00:00+00:00,37.84122381017486,37.12756973080863,37.14519119262695,37880300,37.620960578871106
2021-05-19 00:00:00+00:00,37.00422516111347,36.39629981483731,36.9777946472168,42672800,36.69585796248435
2021-05-20 00:00:00+00:00,37.11876607515139,36.528458781769004,36.88969039916992,36871100,36.916124276214354
2021-05-21 00:00:00+00:00,37.532851565037305,36.907304823175025,37.35664367675781,40243800,37.021842639316716
2021-05-24 00:00:00+00:00,37.69144777833725,37.224490745086506,37.55929183959961,31390800,37.515239860020394
2021-05-25 00:00:00+00:00,38.11435106369443,36.942552328690056,37.01303482055664,52657700,37.61215112569963
2021-05-26 00:00:00+00:00,37.224487170948336,36.70466579554324,37.039466857910156,41332800,37.021845395580286
2021-05-27 00:00:00+00:00,37.75312292859711,37.109954587004,37.488807678222656,52981100,37.42713423183364
2021-05-28 00:00:00+00:00,37.62977222743043,37.04827739107756,37.347835540771484,38509700,37.58572025031817
2021-06-01 00:00:00+00:00,38.131976093193906,37.68264050278775,37.814796447753906,42890700,37.84123032550775
2021-06-02 00:00:00+00:00,38.035062166547185,37.532862149241005,37.832420349121094,34180500,37.97338871606755
2021-06-03 00:00:00+00:00,38.47829357407566,37.76163527483425,38.26594924926758,46981200,37.84126397474996
2021-06-04 00:00:00+00:00,38.38980845623408,37.89434407935507,38.28363800048828,37192600,38.25709623032632
2021-06-07 00:00:00+00:00,38.38980307649798,38.09783352033756,38.150917053222656,28401900,38.28363263563032
2021-06-08 00:00:00+00:00,38.25710197891671,37.540443700975686,37.9385871887207,41871400,37.920891547587765
2021-06-09 00:00:00+00:00,37.805875103171275,37.25732367714642,37.44312286376953,42366300,37.57583849712819
2021-06-10 00:00:00+00:00,38.00936722299522,36.82378624152375,36.885719299316406,40123600,37.83241418283111
2021-06-11 00:00:00+00:00,37.06267077141993,36.72646034684248,37.036128997802734,31203600,36.99189158340795
2021-06-14 00:00:00+00:00,37.080368333756674,36.32832212477805,36.59375,36050700,37.02728140867286
2021-06-15 00:00:00+00:00,36.770692442982416,36.186749935771566,36.62028121948242,39247900,36.52295690576435
2021-06-16 00:00:00+00:00,37.15115200766703,35.983263246709086,36.823787689208984,63859100,36.52296852163319
2021-06-17 00:00:00+00:00,37.24847157773409,35.14274085891902,35.21352005004883,80728200,37.17769238660428
2021-06-18 00:00:00+00:00,34.77113840463686,34.05448349969931,34.31106185913086,102774200,34.514556670106856
2021-06-21 00:00:00+00:00,35.19581896184106,34.53224769408329,35.16927719116211,48119400,34.61187638121814
2021-06-22 00:00:00+00:00,35.62049273249874,34.753426959338725,35.363914489746094,44113200,35.284285828175435
2021-06-23 00:00:00+00:00,35.76207390924895,35.45240859834699,35.56742858886719,32039900,35.53203730330732
2021-06-24 00:00:00+00:00,36.28407853670697,35.54972802601674,36.12482452392578,37161800,35.77976460012138
2021-06-25 00:00:00+00:00,37.0095902449901,36.133674518046305,36.823787689208984,53178800,36.51412238807154
2021-06-28 00:00:00+00:00,36.788401819961074,36.36371313328058,36.77070617675781,34416500,36.68222796074153
2021-06-29 00:00:00+00:00,37.11575467060954,36.05403993612131,36.17790603637695,38519600,36.832631191425754
2021-06-30 00:00:00+00:00,36.593745402364156,36.027498439674275,36.47872543334961,29159800,36.0628863435188
2021-07-01 00:00:00+00:00,36.89457922261022,36.46104432058038,36.75301742553711,28045100,36.77071307205868
2021-07-02 00:00:00+00:00,36.691074876019506,36.36371056255051,36.40795135498047,28980800,36.60259666625819
2021-07-06 00:00:00+00:00,36.16906227435481,35.27545099235698,35.4524040222168,47578700,36.10712922016862
2021-07-07 00:00:00+00:00,35.39046761374804,34.82422067194375,35.16927719116211,43499900,35.0100198168924
2021-07-08 00:00:00+00:00,34.718054856181304,34.04563399155775,34.31106185913086,52793100,34.16950010475197
2021-07-09 00:00:00+00:00,35.60281438405492,34.85961437740165,35.42586135864258,43887200,35.080804815392526
2021-07-12 00:00:00+00:00,36.107125721098654,35.07195279054919,35.94786834716797,42624500,35.20466839385743
2021-07-13 00:00:00+00:00,35.815160614256875,35.018876944717746,35.26660919189453,54338100,35.815160614256875
2021-07-14 00:00:00+00:00,34.99232410217499,33.43514501559074,34.381839752197266,105651700,34.60303017430343
2021-07-15 00:00:00+00:00,34.79768178515489,33.90407051379401,34.35530090332031,54697300,33.966003567242986
2021-07-16 00:00:00+00:00,34.76230112992726,33.25820499693245,33.550174713134766,60469700,34.700368057548
2021-07-19 00:00:00+00:00,32.95737889291764,32.30265363926327,32.67425537109375,83251500,32.51499796818049
2021-07-20 00:00:00+00:00,33.727119913877495,32.39113103960955,33.34667205810547,59462900,32.61232149644917
2021-07-21 00:00:00+00:00,34.30222391334721,33.60326110766734,34.02794647216797,49907400,33.66519417904665
2021-07-22 00:00:00+00:00,33.97485722864286,33.33782760088747,33.5855598449707,52715600,33.93946594374563
2021-07-23 00:00:00+00:00,33.85984000863145,33.23165983829016,33.355525970458984,48659400,33.79790694254704
2021-07-26 00:00:00+00:00,33.833282407725356,33.320119100043776,33.735958099365234,32258000,33.320119100043776
2021-07-27 00:00:00+00:00,33.83328852574899,33.143172112174234,33.603248596191406,39121400,33.37321204173182
2021-07-28 00:00:00+00:00,34.06331892058777,33.39974777278411,33.735958099365234,43331100,33.7890416311272
2021-07-29 00:00:00+00:00,34.488003924492155,33.94829885289634,34.22257614135742,43039100,34.10755619779666
2021-07-30 00:00:00+00:00,34.35530371204476,33.66518718489538,33.9394645690918,46210100,34.07217681943312
2021-08-02 00:00:00+00:00,34.46147558313437,33.54132242639851,33.5855598449707,49894000,33.97485722864286
2021-08-03 00:00:00+00:00,34.17834939778928,33.22280503042175,34.107566833496094,39680600,33.67403544004479
2021-08-04 00:00:00+00:00,34.30221364110407,33.49708057918141,33.859832763671875,42289800,33.64748845746119
2021-08-05 00:00:00+00:00,34.55880590283132,34.10757538013938,34.523414611816406,34754500,34.12527102564683
2021-08-06 00:00:00+00:00,35.75323381889776,34.92155871825256,35.523197174072266,58022300,34.92155871825256
2021-08-09 00:00:00+00:00,36.2398351589247,35.213511814339256,35.983253479003906,56340100,35.434702219423166
2021-08-10 00:00:00+00:00,36.823792801299575,35.90364290370839,36.65568923950195,44987300,36.01865953147034
2021-08-11 00:00:00+00:00,37.328090250582434,36.69991033198323,37.11574935913086,58458200,36.80608077770902
2021-08-12 00:00:00+00:00,37.416579283728495,36.956502718718404,37.2927131652832,37400100,37.363492357923974
2021-08-13 00:00:00+00:00,37.36349356161803,36.65568473691473,36.832637786865234,41344900,37.23962743918229
2021-08-16 00:00:00+00:00,36.5406645235413,35.93018004881879,36.53181838989258,38599100,36.416798401867055
2021-08-17 00:00:00+00:00,36.779543609547616,35.939019319286786,36.3548583984375,43526900,36.319467120403814
2021-08-18 00:00:00+00:00,36.74416132039018,35.974419397891566,36.089439392089844,50342500,36.07174374874404
2021-08-19 00:00:00+00:00,35.983259925344704,35.39931728631474,35.55857467651367,51883900,35.49664162200279
2021-08-20 00:00:00+00:00,35.80630120911859,35.310833523307885,35.71782302856445,40415000,35.470090873207845
2021-08-23 00:00:00+00:00,36.36370593148213,35.92132506431034,36.19560241699219,35364500,35.9478702114074
2021-08-24 00:00:00+00:00,36.876869863918245,36.31062288617718,36.69991683959961,35579300,36.363706430904024
2021-08-25 00:00:00+00:00,37.55814104410863,36.753007899115616,37.2927131652832,51219900,36.85917837562607
2021-08-26 00:00:00+00:00,37.9031975953085,37.17769315202391,37.19538879394531,41184500,37.602378432841824
2021-08-27 00:00:00+00:00,37.735098152580036,37.106914609080356,37.593536376953125,46468600,37.266172028548
2021-08-30 00:00:00+00:00,37.7173966660287,36.83263486164209,36.85917663574219,44855600,37.7173966660287
2021-08-31 00:00:00+00:00,37.221928128444254,36.593748069371095,36.938804626464844,54654600,36.86802206342081
2021-09-01 00:00:00+00:00,36.965349941124664,36.30177853696317,36.44334030151367,52361900,36.93880816498979
2021-09-02 00:00:00+00:00,36.89688630321181,36.140982795396866,36.47891616821289,44538900,36.55895293039578
2021-09-03 00:00:00+00:00,36.63008556147647,36.176546285516,36.505584716796875,41812400,36.47890693362084
2021-09-07 00:00:00+00:00,37.21702650731963,36.62119997153343,36.74570083618164,43748600,36.683450403857535
2021-09-08 00:00:00+00:00,36.896882609920084,36.17655182237751,36.265480041503906,36064400,36.5322714836713
2021-09-09 00:00:00+00:00,36.772371078094444,36.06983014425322,36.398868560791016,36266400,36.15875834578448
2021-09-10 00:00:00+00:00,36.77237685809945,35.78526145332796,35.81193923950195,40514700,36.65677085641616
2021-09-13 00:00:00+00:00,36.42554693919335,35.88307608074744,36.40776062011719,42036300,36.10539998060931
2021-09-14 00:00:00+00:00,36.736804414002464,35.26946523888904,35.42953872680664,53820400,36.57673092608486
2021-09-15 00:00:00+00:00,35.87418701975138,35.27835716417672,35.696327209472656,52358200,35.33171612497845
2021-09-16 00:00:00+00:00,36.29217010531,35.749699015619946,35.972023010253906,42922000,35.9987008040436
2021-09-17 00:00:00+00:00,36.16765431741707,35.64297311362828,36.016475677490234,92746000,35.87418850186751
2021-09-20 00:00:00+00:00,35.091605667865124,34.11338180611395,34.78035354614258,67566200,35.020463779640124
2021-09-21 00:00:00+00:00,35.216115870158,34.629180718735185,34.79814910888672,38271100,34.92264999064389
2021-09-22 00:00:00+00:00,36.03426050976286,35.3495024452457,35.696327209472656,46261400,35.3495024452457
2021-09-23 00:00:00+00:00,37.24370973976952,36.14987629271224,37.07474136352539,49779800,36.24769598290256
2021-09-24 00:00:00+00:00,37.65278584059282,37.03917293487372,37.47492599487305,39042300,37.10142337201648
2021-09-27 00:00:00+00:00,38.62211404584414,37.919569600957686,38.47093200683594,49755400,37.95514224453538
2021-09-28 00:00:00+00:00,39.16457719584211,38.29306795592581,38.381996154785156,60781200,38.6221063625774
2021-09-29 00:00:00+00:00,38.524283884320454,38.00849421691735,38.30195999145508,44260200,38.399783047098786
2021-09-30 00:00:00+00:00,38.55097070337331,37.55496037971264,37.750606536865234,47410800,38.55097070337331
2021-10-01 00:00:00+00:00,38.622119503875915,37.69725099451856,38.31086730957031,40987100,37.777287757682075
2021-10-04 00:00:00+00:00,39.19125381253065,38.30195828078747,38.54206848144531,48273400,38.33753091623157
2021-10-05 00:00:00+00:00,39.795986942038,38.835545852294324,39.32466125488281,54070700,38.924477467489616
2021-10-06 00:00:00+00:00,39.386909482444324,38.72882913644888,39.342445373535156,47031700,38.99561718229793
2021-10-07 00:00:00+00:00,39.90269717899991,39.15568865399613,39.23572540283203,46258800,39.83155528692016
2021-10-08 00:00:00+00:00,39.84934368325577,39.05786761804167,39.431373596191406,39389400,39.191263337179585
2021-10-11 00:00:00+00:00,39.84934175087912,38.906687082587766,38.93336486816406,36283500,39.66258707466334
2021-10-12 00:00:00+00:00,39.12902315190012,38.47983749305826,38.719947814941406,36898300,38.83555384991129
2021-10-13 00:00:00+00:00,38.80886369962022,37.64388850692213,38.36421585083008,43908000,38.72882695114224
2021-10-14 00:00:00+00:00,40.107236563520296,38.66657841292113,40.08055877685547,82201000,39.45805107965528
2021-10-15 00:00:00+00:00,41.50343664220489,40.33846122314184,41.23664855957031,64264900,40.70307239430115
2021-10-18 00:00:00+00:00,41.69907569791679,40.93428083721945,41.1566047668457,49542500,41.16549962377136
2021-10-19 00:00:00+00:00,41.467856915993615,41.08545951688535,41.3344612121582,32515500,41.3522475321625
2021-10-20 00:00:00+00:00,42.01032593472026,40.95206199207994,41.876930236816406,40411000,41.34335422998803
2021-10-21 00:00:00+00:00,42.223765502961086,41.450079082533655,41.64572525024414,36848600,41.88583213847781
2021-10-22 00:00:00+00:00,42.34827042209736,41.788016439498904,42.30380630493164,36225600,41.788016439498904
2021-10-25 00:00:00+00:00,42.668408769351586,41.97475918468794,42.25043869018555,31679500,42.50833526636859
2021-10-26 00:00:00+00:00,43.06859726134401,42.1881928981546,42.65062713623047,35674800,42.3838390660621
2021-10-27 00:00:00+00:00,42.83737162420095,41.823575083572976,41.83246994018555,45790800,42.22375882129292
2021-10-28 00:00:00+00:00,42.68618948618949,42.06368187770385,42.490543365478516,37209600,42.321578420024025
2021-10-29 00:00:00+00:00,42.80179886591811,42.25932799841482,42.490543365478516,31756200,42.46386558261558
2021-11-01 00:00:00+00:00,42.83736974619373,42.04589716206488,42.55279541015625,36937200,42.77511932221014
2021-11-02 00:00:00+00:00,43.05969631902038,42.10815018802269,42.5794792175293,36283400,42.30379632828558
2021-11-03 00:00:00+00:00,43.29981027890312,42.33937260116994,43.015235900878906,42553000,42.50833757799864
2021-11-04 00:00:00+00:00,42.81958855321237,41.69018262713771,42.09036636352539,47646300,42.81958855321237
2021-11-05 00:00:00+00:00,42.5261178433928,41.636822190636956,41.77021789550781,38271200,42.33047171422053
2021-11-08 00:00:00+00:00,42.50832977744691,42.01921786699761,42.0992546081543,33815500,42.108146071663455
2021-11-09 00:00:00+00:00,42.117035536852136,41.27220413108538,41.6901741027832,36900300,41.48563654431641
2021-11-10 00:00:00+00:00,42.25933472423507,41.48564836653137,42.00143814086914,39385600,41.57457658515696
2021-11-11 00:00:00+00:00,42.58837081850478,41.80578964733707,42.2326545715332,31194800,42.072581073058124
2021-11-12 00:00:00+00:00,42.26823184679423,41.583473616060395,41.71686935424805,44268500,42.250445522209574
2021-11-15 00:00:00+00:00,42.14372267315682,41.70796967997039,41.84136199951172,35335500,42.0281132823059
2021-11-16 00:00:00+00:00,42.04590607501245,41.521221395646165,41.86804962158203,35120800,41.956977848297235
2021-11-17 00:00:00+00:00,41.974753533083785,41.307781824589,41.36113739013672,32963700,41.86803900959481
2021-11-18 00:00:00+00:00,41.627925497214406,41.0943461371561,41.192169189453125,30639000,41.53899390767472
2021-11-19 00:00:00+00:00,40.703061874629796,39.86712519378336,40.3740234375,48429500,40.640811451183446
2021-11-22 00:00:00+00:00,41.68128937645942,40.82756630086915,41.1566047668457,53697100,41.54789705412003
2021-11-23 00:00:00+00:00,42.37494234559862,41.50342955611843,42.241546630859375,49362900,41.6812893783061
2021-11-24 00:00:00+00:00,42.66841082479719,41.983652671804286,42.35715866088867,40060000,42.1704039701494
2021-11-26 00:00:00+00:00,40.943184697678404,39.795992154361194,40.69417953491211,55110100,40.48075041527779
2021-11-29 00:00:00+00:00,41.530114328677215,40.16948945472272,40.54299545288086,50231100,41.28110919910704
2021-11-30 00:00:00+00:00,40.21394972346087,39.449154934136764,39.54697799682617,77193600,39.80487115290576
2021-12-01 00:00:00+00:00,40.64081147393273,38.960043255153174,38.98672103881836,60601600,40.21394997332155
2021-12-02 00:00:00+00:00,40.657714747319005,39.31735052487991,40.112632751464844,57821400,39.61223229000331
2021-12-03 00:00:00+00:00,40.27347142276087,38.959913567107954,39.20117950439453,74605300,40.21092137332235
2021-12-06 00:00:00+00:00,40.103695630749414,39.28160386039293,39.451385498046875,48193100,39.817751556379044
2021-12-07 00:00:00+00:00,40.130509603970104,39.70159340924591,39.9517936706543,40740800,39.81775927720962
2021-12-08 00:00:00+00:00,40.03221540427063,39.397777083500934,39.4603271484375,50560300,39.92498720848264
2021-12-09 00:00:00+00:00,39.96965960789438,39.0045991667413,39.75520324707031,37316700,39.236927459087774
2021-12-10 00:00:00+00:00,40.05901510681474,39.37989541435517,39.782005310058594,37700200,39.95178352881246
2021-12-13 00:00:00+00:00,39.6747831169472,38.77226928078795,38.94205093383789,38653900,39.558617260974486
2021-12-14 00:00:00+00:00,40.05008766242552,38.89737347002793,39.43352127075195,47099400,38.95098927271721
2021-12-15 00:00:00+00:00,39.71945863356103,38.97778882864523,39.26373291015625,60057100,39.64797090882212
2021-12-16 00:00:00+00:00,40.532610164536166,39.397768172237555,40.21092224121094,69487200,39.94285010801396
2021-12-17 00:00:00+00:00,39.94285330151037,38.97778945437626,39.210121154785156,124242400,39.76413739551638
2021-12-20 00:00:00+00:00,38.745457833999566,38.15569778099239,38.566741943359375,56455200,38.66503585364759
2021-12-21 00:00:00+00:00,39.74626711544777,38.906306753715924,39.48712921142578,47845600,38.906306753715924
2021-12-22 00:00:00+00:00,39.83561854890744,39.21011468549182,39.567543029785156,35715700,39.3888305619994
2021-12-23 00:00:00+00:00,40.273467945084555,39.674773692522066,39.69264221191406,34053500,39.92497386867096
2021-12-27 00:00:00+00:00,40.050076590376825,39.59435432403493,39.88923263549805,33879200,39.808810658058654
2021-12-28 00:00:00+00:00,40.28241188988795,39.69264839640891,39.94285202026367,32492400,39.737329928015946
2021-12-29 00:00:00+00:00,40.318152810761305,39.853492828179476,39.88030242919922,25294900,40.07688685391753
2021-12-30 00:00:00+00:00,40.300277392972966,39.74626121151699,39.79093933105469,23852200,39.987527147487015
2021-12-31 00:00:00+00:00,39.96072534649437,39.56754967044626,39.75520324707031,24253900,39.78200943999272
2022-01-03 00:00:00+00:00,41.542344837458,40.19304332780374,41.26533508300781,58587900,40.29133722159966
2022-01-04 00:00:00+00:00,43.27588552686238,42.03381544447988,42.882713317871094,74606700,42.05168737335065
2022-01-05 00:00:00+00:00,43.22227852120903,42.141052170281604,42.1589241027832,57791600,43.0167564105245
2022-01-06 00:00:00+00:00,43.03461868837724,42.16784890448027,43.0078125,52040900,42.873774740670136
2022-01-07 00:00:00+00:00,44.06223746890462,42.94526737557252,43.94607162475586,59082600,43.025689358641316
2022-01-10 00:00:00+00:00,44.75029302354681,43.19546909930789,43.722679138183594,66839500,44.598383312995
2022-01-11 00:00:00+00:00,44.0086251810644,43.46354318672567,43.97288131713867,40454400,43.776296882992106
2022-01-12 00:00:00+00:00,44.12478953620872,43.499285573637266,43.66012954711914,41378000,43.937135961331634
2022-01-13 00:00:00+00:00,44.223079961419394,43.45460401741888,43.57076644897461,46337500,43.71373847980804
2022-01-14 00:00:00+00:00,43.097173777706615,42.16785383968329,42.81122970581055,72953300,42.46273558123236
2022-01-18 00:00:00+00:00,42.82016637377401,41.14917997056548,41.336830139160156,65877400,42.75761631757578
2022-01-19 00:00:00+00:00,43.40992876018828,41.417251048974485,41.49767303466797,84451800,43.24014711887853
2022-01-20 00:00:00+00:00,42.0427556000405,40.800685343487494,40.881107330322266,46265300,41.7210676527014
2022-01-21 00:00:00+00:00,41.12237442976835,39.907110332261034,40.13943862915039,71303600,40.72026448445748
2022-01-24 00:00:00+00:00,39.93391128570953,38.05740299878473,39.80881118774414,90672700,39.22798881737314
2022-01-25 00:00:00+00:00,40.72026154333322,39.165441078728655,40.59516143798828,73555300,39.57648525592552
2022-01-26 00:00:00+00:00,41.515540921259024,40.44324901938499,41.015140533447266,63735800,40.90790895715447
2022-01-27 00:00:00+00:00,41.77468143461473,40.291345289007246,40.63090515136719,63402400,41.435121572254786
2022-01-28 00:00:00+00:00,41.00621040312676,39.719461929550576,40.988338470458984,51048300,40.505809923319546
2022-01-31 00:00:00+00:00,41.345772492539496,40.40751813456788,41.22960662841797,44793700,40.675590321313656
2022-02-01 00:00:00+00:00,42.08742238218179,41.01513405831384,41.94445037841797,40326600,41.29214039820044
2022-02-02 00:00:00+00:00,41.96233032399242,41.37257026967314,41.8997802734375,41125600,41.74787398172474
2022-02-03 00:00:00+00:00,42.257211127454305,41.417247480640675,41.48873519897461,35879900,42.19466107827312
2022-02-04 00:00:00+00:00,43.5082193998483,41.71213292555907,43.14185333251953,60297100,42.06956473166035
2022-02-07 00:00:00+00:00,43.57076798148213,42.882717402391954,43.347373962402344,44824800,43.392055493196075
2022-02-08 00:00:00+00:00,44.69667450451034,43.73161073271595,44.124786376953125,49560500,43.91926429415739
2022-02-09 00:00:00+00:00,44.491152792446904,43.81203307877221,44.03542709350586,33861100,43.981814711551955
2022-02-10 00:00:00+00:00,44.77709444753379,43.57076478769501,43.82990264892578,47082800,44.392856490183874
2022-02-11 00:00:00+00:00,44.17840763645888,42.44487097534298,42.82017135620117,61056000,43.454613070883
2022-02-14 00:00:00+00:00,43.06142891112552,41.94445884113523,42.373374938964844,44791900,42.90952261779346
2022-02-15 00:00:00+00:00,43.222270881725905,42.50741075162547,42.70399856567383,42397600,42.89164871068982
2022-02-16 00:00:00+00:00,43.106112923239934,42.27508687061338,42.605709075927734,36664600,42.39124931030184
2022-02-17 00:00:00+00:00,42.257213307745126,41.0598212336476,41.167049407958984,49442400,41.99807542849724
2022-02-18 00:00:00+00:00,41.58702414402123,40.854292162158124,41.068748474121094,37856500,41.16704237073812
2022-02-22 00:00:00+00:00,41.08663075872035,40.246670409137934,40.71133041381836,51905600,40.36283285376618
2022-02-23 00:00:00+00:00,41.202789522777195,39.82668167746278,40.01433181762695,45704900,41.05981750045374
2022-02-24 00:00:00+00:00,39.031406704382604,37.57487661798869,38.95991897583008,80484800,38.42377464657616
2022-02-25 00:00:00+00:00,40.52367242126275,38.986723936332204,40.22879409790039,68530700,39.147567897701535
2022-02-28 00:00:00+00:00,39.549671795512715,38.816939756818975,39.49605941772461,69955300,39.067143351810365
2022-03-01 00:00:00+00:00,39.08501431190263,37.467640583852,37.950172424316406,74895600,39.05820471495119
2022-03-02 00:00:00+00:00,38.90630179470353,38.084210061247475,38.566741943359375,70834600,38.19144164086485
2022-03-03 00:00:00+00:00,39.0606134183789,37.90226337077503,38.153690338134766,48733800,38.692456049612034
2022-03-04 00:00:00+00:00,37.2108422993461,36.20514478460393,36.770851135253906,75572800,37.201864355857694
2022-03-07 00:00:00+00:00,36.016578828306336,34.31048175302833,34.427215576171875,109779000,35.854948434842576
2022-03-08 00:00:00+00:00,35.61249998037117,34.27456036994996,34.65169906616211,76553800,35.082712272269944
2022-03-09 00:00:00+00:00,37.36350163419133,36.06148036331952,36.8516731262207,78207900,36.19617351821251
2022-03-10 00:00:00+00:00,37.246768961369426,36.01658491468745,36.519432067871094,48804400,36.178215335464856
2022-03-11 00:00:00+00:00,37.156972146369775,36.17821177266706,36.21413040161133,43946600,36.85167065112152
2022-03-14 00:00:00+00:00,37.87532421820948,36.7259555976779,36.995338439941406,54262400,36.7259555976779
2022-03-15 00:00:00+00:00,37.51614060324157,36.69901079898321,37.26471710205078,41395300,37.04920879718132
2022-03-16 00:00:00+00:00,38.65653506795021,37.64185616689199,38.43204879760742,59477600,37.929201744288314
2022-03-17 00:00:00+00:00,38.64756169235856,37.56104883756947,38.638580322265625,50260200,38.081855265120744
2022-03-18 00:00:00+00:00,38.54878402854316,37.94715902079725,38.521846771240234,74470600,38.39613157791945
2022-03-21 00:00:00+00:00,38.99775186262006,38.171640676363964,38.46796417236328,47106400,38.92591461799416
2022-03-22 00:00:00+00:00,40.07528718660113,39.240198044284874,39.67121124267578,52360600,39.3479504875355
2022-03-23 00:00:00+00:00,39.51856315655084,38.638577351500075,38.69245529174805,48539300,39.25816167549096
2022-03-24 00:00:00+00:00,38.99775648538039,38.51286530284204,38.674495697021484,30360800,38.95285991486138
2022-03-25 00:00:00+00:00,39.74304538830839,38.907959664546105,39.26713562011719,38968100,39.042649363364596
2022-03-28 00:00:00+00:00,39.285096595056345,38.45898877941539,39.105506896972656,37428600,39.24917797036189
2022-03-29 00:00:00+00:00,39.85978534765619,38.7104166319645,39.006736755371094,46355800,39.73407357255104
2022-03-30 00:00:00+00:00,39.195306639973516,38.38715464569801,38.61164093017578,36601800,39.00673555771666
2022-03-31 00:00:00+00:00,38.51286470410021,36.99533872166182,37.01329803466797,67902500,38.46796813427918
2022-04-01 00:00:00+00:00,37.480222198125226,36.23207589098553,36.725948333740234,61929200,37.43532221213807
2022-04-04 00:00:00+00:00,36.941465837196915,36.06147993182276,36.66310501098633,53761700,36.34882212845966
2022-04-05 00:00:00+00:00,36.60024310483024,35.95372492083071,36.04351806640625,51781700,36.3129009285218
2022-04-06 00:00:00+00:00,35.92678303844323,35.33413939140216,35.64842224121094,54159800,35.68434086839859
2022-04-07 00:00:00+00:00,35.89983614287656,34.88515746225886,35.37004852294922,54585000,35.81902096609483
2022-04-08 00:00:00+00:00,36.00759954191002,35.307203413311015,35.621482849121094,41018900,35.45985587169658
2022-04-11 00:00:00+00:00,36.276988975328464,35.370062366981166,35.549652099609375,34198700,35.4508775753944
2022-04-12 00:00:00+00:00,35.98963376984045,34.88515851212189,35.17250061035156,42855300,35.53167994583266
2022-04-13 00:00:00+00:00,35.02883510350685,34.44517287273791,34.85822677612305,45484200,34.57088463243004
2022-04-14 00:00:00+00:00,34.99292242015031,33.601104743933696,33.73579788208008,79032000,34.561909173626205
2022-04-18 00:00:00+00:00,35.298223522284395,33.421518104568975,34.88516616821289,80080300,33.60110438633451
2022-04-19 00:00:00+00:00,35.810056759540835,35.11863852085289,35.53169250488281,53714200,35.20843167376749
2022-04-20 00:00:00+00:00,36.25004714301182,35.56761029106459,35.61250686645508,47064300,36.05250152621583
2022-04-21 00:00:00+00:00,36.106372939024666,34.678640041994754,34.93904495239258,46245900,35.91780528338025
2022-04-22 00:00:00+00:00,34.885164622489995,33.67294014734115,33.7268180847168,50409800,34.849249422961506
2022-04-25 00:00:00+00:00,33.58314186128854,32.26316171377489,33.48436737060547,64301100,33.12518802728304
2022-04-26 00:00:00+00:00,33.70886292356347,32.703161854362584,32.7301025390625,44809900,33.116219241000714
2022-04-27 00:00:00+00:00,33.1431501610044,32.478669346856144,32.550506591796875,39824900,32.568465903032056
2022-04-28 00:00:00+00:00,33.179071749848724,32.469694306884826,33.05335998535156,39567800,32.98152273398823
2022-04-29 00:00:00+00:00,33.340706063340626,31.912973065680614,32.0386848449707,47385200,32.99948592998962
2022-05-02 00:00:00+00:00,32.57744439085865,31.787255235623853,32.45173263549805,46652200,32.352958134746586
2022-05-03 00:00:00+00:00,33.78968233275344,32.62235413699855,33.3407096862793,48926000,32.63133208275667
2022-05-04 00:00:00+00:00,34.79536845166254,33.47538821685586,34.67863464355469,57860300,33.55620340317848
2022-05-05 00:00:00+00:00,34.310480038065066,33.107233516526826,33.708858489990234,48860600,34.16680896498834
2022-05-06 00:00:00+00:00,33.780689316713755,32.87376639064215,33.6280403137207,50440100,33.55620307086166
2022-05-09 00:00:00+00:00,33.27784073202882,32.379895791421994,32.65825653076172,51242000,33.107229001065136
2022-05-10 00:00:00+00:00,33.340694938553845,31.58970170675075,32.11050796508789,60235300,32.99947491905769
2022-05-11 00:00:00+00:00,33.152131594170754,31.886029134596814,31.93990707397461,54969300,32.23623060246938
2022-05-12 00:00:00+00:00,31.81419515589731,30.763597608062845,31.490934371948242,61231500,31.437056432827163
2022-05-13 00:00:00+00:00,32.08357516063738,31.21256739492077,31.580724716186523,49117900,31.903985471520045
2022-05-16 00:00:00+00:00,31.58073616108325,30.8982992055875,31.257478713989258,39076500,31.42808709651578
2022-05-17 00:00:00+00:00,32.523574090443304,31.814196607237005,32.317047119140625,42635600,31.984804950820383
2022-05-18 00:00:00+00:00,32.047661137289616,31.068900787784056,31.320327758789062,47396900,31.984805250885593
2022-05-19 00:00:00+00:00,31.2844078695673,30.754620115955724,30.9342098236084,47002700,30.79053874256401
2022-05-20 00:00:00+00:00,31.410122320582943,29.596272626577655,30.4044246673584,62406500,31.248491912426793
2022-05-23 00:00:00+00:00,32.559483733076924,31.122773123519156,32.209285736083984,69081900,31.212566252095908
2022-05-24 00:00:00+00:00,32.29010625265569,31.392161117095377,32.01174545288086,46146700,31.850115054448896
2022-05-25 00:00:00+00:00,32.568455215984415,31.68846980655007,32.18233871459961,49343400,31.877037374560164
2022-05-26 00:00:00+00:00,33.080295259570626,32.631322741620636,32.927642822265625,60201200,32.774993810349095
2022-05-27 00:00:00+00:00,33.26886917532095,32.84683725804338,33.2419319152832,43365600,33.1251980794711
2022-05-31 00:00:00+00:00,33.69987306296322,32.8737653486001,33.4035530090332,71609200,33.0623329670454
2022-06-01 00:00:00+00:00,33.64600159129638,32.478670304315635,32.927642822265625,35237900,33.63702022271984
2022-06-02 00:00:00+00:00,33.15342357486452,32.57542925773461,33.14439392089844,35341900,32.88248916934961
2022-06-03 00:00:00+00:00,33.12632467920584,32.629611125536314,32.68379592895508,25235200,32.94570062920314
2022-06-06 00:00:00+00:00,33.60499189517259,32.602531200943055,32.64768981933594,40394000,33.144403615587635
2022-06-07 00:00:00+00:00,32.8824963764958,32.277409519727556,32.82830810546875,29152200,32.42190813068107
2022-06-08 00:00:00+00:00,32.61155917979007,32.07871995057418,32.412872314453125,33590600,32.439964725137855
2022-06-09 00:00:00+00:00,32.36771215832427,31.157535287609505,31.16656494140625,49419000,32.27740183988557
2022-06-10 00:00:00+00:00,30.742104681363355,29.82092489275454,29.956390380859375,49318200,30.41698199772282
2022-06-13 00:00:00+00:00,29.59514827641535,28.664937027704134,28.917810440063477,61216600,29.251962808030587
2022-06-14 00:00:00+00:00,29.44161655806313,28.204347075687956,28.412063598632812,49349800,28.827498367081716
2022-06-15 00:00:00+00:00,29.342276149661952,28.375939403907186,28.944902420043945,51540100,28.881684498535325
2022-06-16 00:00:00+00:00,28.899745624970468,27.8701927382998,28.764278411865234,61363400,28.448187099580306
2022-06-17 00:00:00+00:00,29.423556344398897,28.574624077850466,28.827497482299805,80470300,28.926839190517036
2022-06-21 00:00:00+00:00,30.06476449151579,29.45967433552042,29.667390823364258,53537200,29.70351632867218
2022-06-22 00:00:00+00:00,29.748672155425705,29.188740591057066,29.441612243652344,38305600,29.251958504205884
2022-06-23 00:00:00+00:00,29.270019285281823,28.2314351701654,28.97199249267578,44091500,29.242926880076997
2022-06-24 00:00:00+00:00,29.595145299884127,28.204344255626328,29.179712295532227,79504700,28.222407009526588
2022-06-27 00:00:00+00:00,29.44161868091704,28.81846906715099,29.215839385986328,47900300,29.279057312957438
2022-06-28 00:00:00+00:00,30.254424505115136,29.071339799150056,29.134557723999023,49863800,29.649337668669723
2022-06-29 00:00:00+00:00,29.297113862079083,28.59268371359786,28.77330780029297,35149700,29.107460121352275
2022-06-30 00:00:00+00:00,28.493341971712475,27.671505601711498,28.114032745361328,46312300,28.150158253851462
2022-07-01 00:00:00+00:00,28.6017161653719,27.662473635344067,28.50237274169922,40236100,27.978564937663396
2022-07-05 00:00:00+00:00,28.213376998901367,27.49991541087952,28.213376998901367,47411800,27.81600500664667
2022-07-06 00:00:00+00:00,28.222409151899694,27.671507174035685,27.978567123413086,35933700,28.005661256320202
2022-07-07 00:00:00+00:00,28.908773281475867,28.4210910034934,28.77330780029297,40137900,28.448185133265355
2022-07-08 00:00:00+00:00,29.12552363588278,28.502372415310163,28.71009063720703,31153800,28.908774037159173
2022-07-11 00:00:00+00:00,28.71009390010916,28.258535342806855,28.412063598632812,29311900,28.493344276751962
2022-07-12 00:00:00+00:00,28.926835449830214,27.97856332024993,28.321748733520508,39527000,28.014688825882168
2022-07-13 00:00:00+00:00,28.132094775904115,27.454757012170184,27.852128982543945,44153700,28.059845483341523
2022-07-14 00:00:00+00:00,27.292195280098284,26.795481616205905,27.210914611816406,51707800,27.174790827335006
2022-07-15 00:00:00+00:00,29.468709960481732,27.644413127465526,29.125524520874023,77801700,27.680536913311098
2022-07-18 00:00:00+00:00,30.14605141181955,28.99005911789874,29.134557723999023,56382900,29.87511695602133
2022-07-19 00:00:00+00:00,30.362795733611836,29.51386690555133,30.118953704833984,46874900,29.71255376865587
2022-07-20 00:00:00+00:00,30.2092637595072,29.757705268169627,30.12798309326172,35514900,29.965421760770763
2022-07-21 00:00:00+00:00,30.407946163441157,29.75770429975622,30.3898868560791,31244000,29.88414012199724
2022-07-22 00:00:00+00:00,30.651790326663516,29.88414224001213,30.19120216369629,27115400,30.34473040297936
2022-07-25 00:00:00+00:00,30.68791648137471,30.200232454923476,30.46213722229004,30381000,30.507292385083353
2022-07-26 00:00:00+00:00,30.50729174824228,29.766736069513133,29.8480167388916,30645700,30.173139416405476
2022-07-27 00:00:00+00:00,30.49826232877831,29.75770664434634,30.33570098876953,30344800,30.019611408262485
2022-07-28 00:00:00+00:00,30.480200424448043,29.712552310324014,30.091859817504883,40176500,30.254421162044725
2022-07-29 00:00:00+00:00,30.65178457619263,30.118945498149376,30.534381866455078,48152500,30.22732200037732
2022-08-01 00:00:00+00:00,30.60663980882238,30.001552969082177,30.44407844543457,32336700,30.362797763740666
2022-08-02 00:00:00+00:00,30.453103310228254,29.802858032535305,29.8389835357666,37884100,30.344726800534357
2022-08-03 00:00:00+00:00,30.480200895864204,29.9563913453304,30.380857467651367,30065800,30.18217061122569
2022-08-04 00:00:00+00:00,30.40795451844296,29.956395917728674,30.16411590576172,28404500,30.272489005299906
2022-08-05 00:00:00+00:00,31.004010916878737,30.01961316483247,30.66985511779785,35874500,30.05573522963404
2022-08-08 00:00:00+00:00,30.967886757362198,30.209268241556636,30.245393753051758,33454300,30.859510222876835
2022-08-09 00:00:00+00:00,30.66985353539968,30.173139857543866,30.63372802734375,40196900,30.389889460761385
2022-08-10 00:00:00+00:00,31.99743251551221,31.11237835384575,31.67230987548828,61415800,31.1575335104896
2022-08-11 00:00:00+00:00,32.56640384898139,32.19612597598238,32.43093490600586,50420800,32.30449906329181
2022-08-12 00:00:00+00:00,32.79217900366753,32.2322439918325,32.783145904541016,31821700,32.65671007771307
2022-08-15 00:00:00+00:00,32.783146494098716,32.214181818023064,32.73799133300781,24908000,32.36771349987368
2022-08-16 00:00:00+00:00,33.36113286385992,32.60251462514983,33.0901985168457,31870200,32.68379527376581
2022-08-17 00:00:00+00:00,33.04504574496757,32.58445766640399,32.882484436035156,27125600,32.69283072398647
2022-08-18 00:00:00+00:00,32.87345983233347,32.51221165808535,32.76508331298828,23138300,32.737990905710944
2022-08-19 00:00:00+00:00,32.539308635179104,31.889066653377675,32.04259490966797,36485400,32.47609071257505
2022-08-22 00:00:00+00:00,31.44653820976239,31.112385836096085,31.35622787475586,31210300,31.383320286234127
2022-08-23 00:00:00+00:00,31.582000619641782,31.031098732835453,31.07625389099121,26588000,31.31106278047178
2022-08-24 00:00:00+00:00,31.42847748437724,30.751139592709116,31.17560577392578,31389400,30.931763719511014
2022-08-25 00:00:00+00:00,31.861970512045378,31.112385102826057,31.73553466796875,40576700,31.247850602143146
2022-08-26 00:00:00+00:00,32.042592699728644,30.724042626185287,30.73307228088379,36152600,32.006467190698324
2022-08-29 00:00:00+00:00,30.841448512084455,30.35376448020837,30.61566925048828,34931000,30.579543741804542
2022-08-30 00:00:00+00:00,30.958852971013133,30.290548248752152,30.787261962890625,48194900,30.86854263939462
2022-08-31 00:00:00+00:00,31.04013490033041,30.344734294422103,30.35376739501953,44917600,30.832418373129507
2022-09-01 00:00:00+00:00,30.444666824632595,29.69013926584354,30.426485061645508,32848900,30.308305336137774
2022-09-02 00:00:00+00:00,31.34464540810927,30.244674620682968,30.390125274658203,44000800,30.844659001807962
2022-09-06 00:00:00+00:00,30.66284551636903,29.644690915332706,30.05377197265625,40762400,30.58102930490432
2022-09-07 00:00:00+00:00,30.608300380384566,29.662872836931474,30.51739501953125,40742600,29.82650526072123
2022-09-08 00:00:00+00:00,31.571918706778778,30.2446807852555,31.499195098876953,44361800,30.417402388362937
2022-09-09 00:00:00+00:00,32.04462186074913,31.67190441186159,31.76280975341797,37295100,31.79917327716712
2022-09-12 00:00:00+00:00,32.39007382337752,31.84463127927349,32.062808990478516,30534000,31.999174547172274
2022-09-13 00:00:00+00:00,31.56282827609068,30.735576896329484,30.90829849243164,40959600,31.435559366560913
2022-09-14 00:00:00+00:00,31.29009597458168,30.490119217416723,30.790109634399414,32004400,31.090103519198777
2022-09-15 00:00:00+00:00,31.726455031699388,30.63557341052889,31.371915817260742,44863300,30.717389618812106
2022-09-16 00:00:00+00:00,31.11737199246442,30.59920393004447,31.01737403869629,54281800,31.081008469673026
2022-09-19 00:00:00+00:00,31.699187336946938,30.57194541595271,31.535554885864258,29782000,30.653761641494054
2022-09-20 00:00:00+00:00,31.61736355617483,30.79920496408501,31.06283187866211,33591100,31.362825789900263
2022-09-21 00:00:00+00:00,31.271922017492038,30.10831331033953,30.135587692260742,51667800,31.1901058073627
2022-09-22 00:00:00+00:00,30.381037329869844,29.444698817660814,29.544696807861328,47527500,30.281042807487
2022-09-23 00:00:00+00:00,29.171972299958114,28.371992036295794,28.844707489013672,55316100,29.026521658184677
2022-09-26 00:00:00+00:00,28.926528849102993,27.890192408220212,28.20836639404297,40360200,28.471995079044408
2022-09-27 00:00:00+00:00,28.517448607509774,27.544744913420136,27.790193557739258,43396600,28.426541509549875
2022-09-28 00:00:00+00:00,28.462902167040074,27.626560020381532,28.244726181030273,38372900,27.75383064598537
2022-09-29 00:00:00+00:00,28.090187190505173,27.46293009010043,27.872011184692383,35220900,27.89928383563477
2022-09-30 00:00:00+00:00,28.353816907487865,27.426567605475025,27.453840255737305,42294100,27.9629175899388
2022-10-03 00:00:00+00:00,28.43563416640202,27.453841261795123,28.262910842895508,34591700,27.80837705865326
2022-10-04 00:00:00+00:00,29.562876810879374,28.781078171788806,29.43560791015625,39758700,28.835621738683184
2022-10-05 00:00:00+00:00,29.11743132118858,28.590173967103734,29.01743507385254,35791100,28.671990181956925
2022-10-06 00:00:00+00:00,28.981072583306986,28.50835877748798,28.59926414489746,40891900,28.726534780306462
2022-10-07 00:00:00+00:00,28.399263978386948,27.753826988243514,27.953821182250977,52304600,28.33562954092586
2022-10-10 00:00:00+00:00,28.22654697739957,27.59020072725613,27.872011184692383,37669100,28.090187190505173
2022-10-11 00:00:00+00:00,27.69928682379888,26.88112639922501,27.06294059753418,58124000,27.60838145855299
2022-10-12 00:00:00+00:00,27.553835654992717,26.79930969344823,27.144756317138672,36137900,26.944760355873047
2022-10-13 00:00:00+00:00,28.881074940142053,26.6447679847151,28.808349609375,67671000,26.735675081651074
2022-10-14 00:00:00+00:00,29.66286914672711,28.699256489600753,28.81743621826172,58108500,28.917432449542076
2022-10-17 00:00:00+00:00,30.7901120816871,29.881044675348868,30.56284523010254,88896800,30.326489230294058
2022-10-18 00:00:00+00:00,32.14462101709177,31.162826646113878,31.708269119262695,81937900,31.79917446421252
2022-10-19 00:00:00+00:00,31.662822216099954,30.69920943209457,30.835567474365234,43139900,31.435555344498265
2022-10-20 00:00:00+00:00,31.48101128278326,30.535580166814682,30.635578155517578,39549100,30.890115968348496
2022-10-21 00:00:00+00:00,31.85372401492762,30.508304616273314,31.771907806396484,54870300,30.508304616273314
2022-10-24 00:00:00+00:00,32.05371444400413,31.553728076211463,31.880992889404297,33765600,31.917356417051693
2022-10-25 00:00:00+00:00,32.34462293053597,31.390099292614845,32.171897888183594,37132300,31.58100610088943
2022-10-26 00:00:00+00:00,32.80824054285259,32.135529183290224,32.453704833984375,41104600,32.199163619865715
2022-10-27 00:00:00+00:00,33.0627872739578,32.51734810714019,32.608253479003906,35261900,32.862794762294094
2022-10-28 00:00:00+00:00,32.99915137452326,32.39916693017983,32.89006423950195,31659100,32.76279533734085
2022-10-31 00:00:00+00:00,33.026421064256006,32.55370558927277,32.76279067993164,32565500,32.72642715082131
2022-11-01 00:00:00+00:00,33.4173206810828,32.8264288707368,32.90824508666992,29913200,33.126419350613325
2022-11-02 00:00:00+00:00,33.89003570228545,32.68097771585244,32.80824661254883,57380600,32.79006484618972
2022-11-03 00:00:00+00:00,32.853701217235006,32.19008231146878,32.626434326171875,30046500,32.45371273737822
2022-11-04 00:00:00+00:00,33.635498686371335,32.92642712106292,33.44459533691406,39369400,33.18096492033929
2022-11-07 00:00:00+00:00,33.94457857753977,33.3900468805443,33.64458465576172,37533700,33.64458465576172
2022-11-08 00:00:00+00:00,34.01730138872695,33.408227878354026,33.73549270629883,32664300,33.71731094165556
2022-11-09 00:00:00+00:00,33.59913473142943,33.08096652207689,33.19914627075195,30164400,33.52641113304143
2022-11-10 00:00:00+00:00,34.74456264712959,33.76276803489478,34.66274642944336,45702800,33.90821870324614
2022-11-11 00:00:00+00:00,35.09000367894205,34.51729365785277,34.91728210449219,35688700,34.71728614726385
2022-11-14 00:00:00+00:00,34.780919224528425,34.31729634935678,34.326385498046875,35541400,34.626379422076916
2022-11-15 00:00:00+00:00,34.81728590524339,33.9082183700265,34.271846771240234,46082800,34.71728792151874
2022-11-16 00:00:00+00:00,34.3082075317413,33.81731027012796,33.96276092529297,23813000,34.19002779072687
2022-11-17 00:00:00+00:00,33.81729817592444,33.235495763336516,33.79002380371094,23689700,33.526396969630476
2022-11-18 00:00:00+00:00,34.40820433573974,33.56277126248169,33.80821990966797,32041800,34.35366250379883
2022-11-21 00:00:00+00:00,34.10821214522239,33.69004193817606,33.91730880737305,27935700,33.717312852778186
2022-11-22 00:00:00+00:00,34.36274893684646,34.02639495113547,34.08094024658203,23499300,34.17184560450918
2022-11-23 00:00:00+00:00,34.235485645378475,33.97185520934794,34.190032958984375,18934700,34.080945818075
2022-11-25 00:00:00+00:00,34.426386587674735,34.14457787116066,34.271846771240234,16118500,34.290028538082666
2022-11-28 00:00:00+00:00,34.23547770437515,33.48095357535732,33.50822448730469,35428300,33.99912170925858
2022-11-29 00:00:00+00:00,33.771859561219,33.380960252438044,33.635498046875,27048800,33.61731628044131
2022-11-30 00:00:00+00:00,34.408199310302734,32.90824019810624,34.408199310302734,51747900,33.544588064409396
2022-12-01 00:00:00+00:00,34.46306079819336,33.283510516015966,33.4206657409668,46213200,34.289329451352586
2022-12-02 00:00:00+00:00,33.18293282726773,32.74402976401836,32.99091339111328,42295300,32.97262532746645
2022-12-05 00:00:00+00:00,32.817177970395086,31.217009053569868,31.518756866455078,71386600,32.74402920514776
2022-12-06 00:00:00+00:00,31.710778400995576,29.6351301641771,30.17461585998535,84085700,31.610195790034293
2022-12-07 00:00:00+00:00,30.101459974553183,29.58026240609632,29.936874389648438,49234100,29.799715666121372
2022-12-08 00:00:00+00:00,30.165472546999176,29.42482165442919,29.662559509277344,45491100,30.147184483073698
2022-12-09 00:00:00+00:00,29.80885824476117,29.333382571557596,29.607696533203125,36985500,29.360812921294766
2022-12-12 00:00:00+00:00,29.973450885349596,29.315097996693428,29.927732467651367,41060500,29.543693573276244
2022-12-13 00:00:00+00:00,30.787250162478188,29.7814310343873,29.946020126342773,54804800,30.67752526387175
2022-12-14 00:00:00+00:00,30.17461068342171,29.4065295446837,29.516254425048828,48819500,29.991733557419128
2022-12-15 00:00:00+00:00,29.251086399470317,28.793895298989607,29.049922943115234,49027600,29.031634880525054
2022-12-16 00:00:00+00:00,29.196221701760855,28.665880135908083,28.98591423034668,61795200,28.9127637296789
2022-12-19 00:00:00+00:00,29.470541125634092,29.013349975398206,29.31509780883789,38374100,29.04078207226886
2022-12-20 00:00:00+00:00,29.790573857567054,29.388243455739744,29.433961868286133,35561100,29.625984781927027
2022-12-21 00:00:00+00:00,30.05574661761206,29.635131577255837,29.882015228271484,32544000,29.735714193013155
2022-12-22 00:00:00+00:00,29.790575221507233,29.141362920541805,29.616840362548828,30234400,29.735711031084875
2022-12-23 00:00:00+00:00,29.790577424511703,29.4339653925322,29.68999481201172,21378600,29.625988329164766
2022-12-27 00:00:00+00:00,29.872868847990606,29.516260299758773,29.744855880737305,22776100,29.717425527209244
2022-12-28 00:00:00+00:00,30.14718685795242,29.74485639608092,29.964309692382812,30541000,29.7814325268132
2022-12-29 00:00:00+00:00,30.320919444262223,29.946022809679985,30.302631378173828,22252900,30.074035784206806
2022-12-30 00:00:00+00:00,30.448930910685476,30.04660394094345,30.28434181213379,28198900,30.266053746951183
2023-01-03 00:00:00+00:00,31.171294596373254,30.366637147955476,30.64095115661621,35221500,30.384925213611773
2023-01-04 00:00:00+00:00,31.838788782492454,30.933552333442105,31.217008590698242,41998500,30.99755881011874
2023-01-05 00:00:00+00:00,31.217006350012085,30.704954573352914,31.152999877929688,34177000,31.015841158843912
2023-01-06 00:00:00+00:00,31.61933685713368,30.66837857088354,31.463890075683594,34068700,31.17128806269757
2023-01-09 00:00:00+00:00,31.78392441125998,30.823823778518033,30.988412857055664,43818800,31.774782123826267
2023-01-10 00:00:00+00:00,31.33588157844919,30.759819757583845,31.19872283935547,35096000,30.85126007967687
2023-01-11 00:00:00+00:00,31.491326925744907,31.088999946851658,31.436466217041016,36783700,31.198724852351297
2023-01-12 00:00:00+00:00,31.88450766887456,31.418174262160008,31.518756866455078,44230400,31.637624045993412
2023-01-13 00:00:00+00:00,32.35998892468847,30.256910339729767,32.213687896728516,89667800,31.271875247242043
2023-01-17 00:00:00+00:00,31.847935769311654,31.226155553869877,31.564476013183594,56458400,31.719919322998283
2023-01-18 00:00:00+00:00,31.39988760935226,30.64094864328153,30.832971572875977,54517800,31.390745321319944
2023-01-19 00:00:00+00:00,30.677524071224017,30.074031920213073,30.38492202758789,42707100,30.43064044288888
2023-01-20 00:00:00+00:00,30.988415576148427,30.256910434067894,30.951839447021484,45004400,30.448929879846848
2023-01-23 00:00:00+00:00,31.55533655668146,30.86040743512514,31.38160514831543,33683300,30.915271637389665
2023-01-24 00:00:00+00:00,31.81135845833774,31.04327724948944,31.610193252563477,26716700,31.290160868914754
2023-01-25 00:00:00+00:00,31.966806499635776,31.317595860544643,31.884511947631836,28859700,31.363314280970854
2023-01-26 00:00:00+00:00,32.32341993915363,31.811367972176093,32.31427764892578,30035500,32.049105887116745
2023-01-27 00:00:00+00:00,32.716588776961785,32.250255464167005,32.41484451293945,29964900,32.405698739068356
2023-01-30 00:00:00+00:00,32.51543605502481,32.16796980210102,32.27769470214844,27353500,32.195400155089956
2023-01-31 00:00:00+00:00,32.442283630371094,32.003380544334085,32.442283630371094,38917400,32.15882386126542
2023-02-01 00:00:00+00:00,33.155498407254676,32.10396092665897,32.844608306884766,44438700,32.18625546758311
2023-02-02 00:00:00+00:00,33.26522042416676,32.40569905268337,33.036624908447266,33729100,33.00919107465921
2023-02-03 00:00:00+00:00,33.612687913701436,32.826322156927766,33.310943603515625,37411700,32.9360470435325
2023-02-06 00:00:00+00:00,33.32008328226048,32.899468343127126,33.25607681274414,29463200,33.14635193472913
2023-02-07 00:00:00+00:00,33.83214896511943,33.03663724990267,33.62184143066406,44100200,33.073209895131214
2023-02-08 00:00:00+00:00,33.685848197936835,33.22865699193232,33.37495803833008,28032800,33.29266348172558
2023-02-09 00:00:00+00:00,33.23778608469705,32.515426916962426,32.66172790527344,35257100,33.16463733458689
2023-02-10 00:00:00+00:00,32.54286421151014,32.03080889903092,32.533721923828125,32898900,32.50628808459918
2023-02-13 00:00:00+00:00,32.71660356798029,32.35999496378255,32.59773635864258,29163900,32.44228952537374
2023-02-14 00:00:00+00:00,32.9086212108238,32.42399620962679,32.57029724121094,33625200,32.579443017736544
2023-02-15 00:00:00+00:00,32.56116032042069,32.14968751123113,32.51544189453125,23500100,32.295988566932714
2023-02-16 00:00:00+00:00,32.606873300753826,32.20454633678872,32.25940704345703,22681100,32.387420009805396
2023-02-17 00:00:00+00:00,32.359989979081625,31.76564355966868,32.32341384887695,28562700,32.07653369022484
2023-02-21 00:00:00+00:00,32.049097494478225,31.33588044833269,31.564476013183594,37068900,31.92108453625636
2023-02-22 00:00:00+00:00,31.59190002113353,31.152997043322348,31.354162216186523,38550400,31.41816868244498
2023-02-23 00:00:00+00:00,31.637622723004412,30.960981848373148,31.326732635498047,28488000,31.4547490734876
2023-02-24 00:00:00+00:00,31.354165737331964,30.942693059396273,31.28101348876953,27046600,30.96098112153688
2023-02-27 00:00:00+00:00,31.71991651587054,31.244437364488316,31.28101348876953,30137500,31.500466746365635
2023-02-28 00:00:00+00:00,31.537040880860847,31.253581167702713,31.363306045532227,32620600,31.40902445395361
2023-03-01 00:00:00+00:00,31.537044462172794,31.07070757428145,31.217008590698242,29281600,31.22615436627569
2023-03-02 00:00:00+00:00,31.014540547046824,30.370320916374755,30.82127571105957,44607200,30.977727194273665
2023-03-03 00:00:00+00:00,31.557526932096987,30.968527298497953,31.437885284423828,39109100,30.968527298497953
2023-03-06 00:00:00+00:00,31.806008871542936,31.281430901926107,31.37346076965332,36646700,31.511509081958557
2023-03-07 00:00:00+00:00,31.198606126742426,30.186259914275126,30.370323181152344,52855300,31.15258767698701
2023-03-08 00:00:00+00:00,30.342713537092756,29.854945375489475,29.96538543701172,40045600,30.057415310898936
2023-03-09 00:00:00+00:00,29.808926990017085,27.89467669568672,28.10634994506836,112457900,29.707692034024003
2023-03-10 00:00:00+00:00,28.566507498632077,26.615443771672833,27.857866287231445,165330900,27.903881220810312
2023-03-13 00:00:00+00:00,27.351692836074758,25.649115743866343,26.238115310668945,218403300,26.615443377571506
2023-03-14 00:00:00+00:00,27.6922108516501,26.20130342086223,26.46819496154785,154255800,27.600179225366876
2023-03-15 00:00:00+00:00,26.28413100643145,25.474256578572255,26.219709396362305,131104400,25.658318070861643
2023-03-16 00:00:00+00:00,27.12161727115579,25.869993071239406,26.661460876464844,108348800,26.11847619030094
2023-03-17 00:00:00+00:00,26.376164620214926,25.4190402241707,25.60310173034668,130665500,26.376164620214926
2023-03-20 00:00:00+00:00,26.164488173214203,25.446643694784143,25.53867530822754,81441200,25.989628283207452
2023-03-21 00:00:00+00:00,26.670664208651914,26.238117829674042,26.311742782592773,84854800,26.348554381373468
2023-03-22 00:00:00+00:00,26.449791079591535,25.43744659423828,25.43744659423828,76925900,26.42218106218244
2023-03-23 00:00:00+00:00,25.851588188898308,24.65518218178495,24.820837020874023,105335900,25.768759891675042
2023-03-24 00:00:00+00:00,25.11534136193836,24.222636672962167,24.977293014526367,96872700,24.480324932059215
2023-03-27 00:00:00+00:00,26.366959292336706,25.6859280846158,26.219709396362305,102469800,25.704334760451907
2023-03-28 00:00:00+00:00,26.366958874062096,25.75034928619198,25.879194259643555,63416500,26.1184740202882
2023-03-29 00:00:00+00:00,26.47739615128631,25.98962980031359,26.385364532470703,62666400,26.21970796967404
2023-03-30 00:00:00+00:00,26.74428531829759,25.86998934744757,26.04484748840332,67427100,26.61544210804449
2023-03-31 00:00:00+00:00,26.394572604281894,26.00804114020991,26.320947647094727,56482100,26.33935432523088
2023-04-03 00:00:00+00:00,26.670664208651914,26.072461246767567,26.311742782592773,51996800,26.357757719907976
2023-04-04 00:00:00+00:00,26.36695862688962,25.455849260283568,25.750349044799805,56233300,26.274927005389003
2023-04-05 00:00:00+00:00,25.685931484847774,25.271790000498616,25.43744659423828,47799400,25.45585327251101
2023-04-06 00:00:00+00:00,25.7779589666953,25.41903757500508,25.621505737304688,41216600,25.511067440823066
2023-04-10 00:00:00+00:00,25.860787107109054,25.44664569179121,25.713537216186523,40572700,25.465052366995817
2023-04-11 00:00:00+00:00,26.45899162108562,25.731943704404298,26.422178268432617,58761200,25.7871637333838
2023-04-12 00:00:00+00:00,26.69827088096474,26.109271331372362,26.21050453186035,44313300,26.39456776878653
2023-04-13 00:00:00+00:00,26.35775695456508,25.98963220066057,26.28413200378418,52261400,26.28413200378418
2023-04-14 00:00:00+00:00,27.48974094327678,26.919146300615974,27.167631149291992,81110800,26.965161233175017
2023-04-17 00:00:00+00:00,27.9867131814372,27.057197007128263,27.949901580810547,83704400,27.39771352855131
2023-04-18 00:00:00+00:00,28.465276194507467,27.425321710620636,28.124759674072266,114498800,28.345634543263714
2023-04-19 00:00:00+00:00,27.79344726532082,27.41611915770627,27.664602279663086,65594200,27.729023894813274
2023-04-20 00:00:00+00:00,27.821054290851006,27.39771126416736,27.517351150512695,43193800,27.462132876457716
2023-04-21 00:00:00+00:00,27.590977401045766,27.066399384413653,27.489744186401367,44759000,27.37930587773059
2023-04-24 00:00:00+00:00,27.517351067208235,27.23205460420437,27.388507843017578,28020300,27.416117857640124
2023-04-25 00:00:00+00:00,27.176836831289155,26.523413849368712,26.541820526123047,49718800,27.10321187962912
2023-04-26 00:00:00+00:00,26.633850976965178,26.04484963436933,26.173694610595703,45848400,26.46819440421501
2023-04-27 00:00:00+00:00,26.762695229349706,26.24732057065182,26.58783531188965,33060100,26.24732057065182
2023-04-28 00:00:00+00:00,27.084800999083306,26.2381133087274,26.946754455566406,45592500,26.256519982624862
2023-05-01 00:00:00+00:00,27.186035985074753,26.68906632134725,26.725879669189453,34076800,27.149222637232548
2023-05-02 00:00:00+00:00,26.5602256952321,25.50186466157885,25.916006088256836,70797700,26.55102235737734
2023-05-03 00:00:00+00:00,26.228915103407594,25.59389877256187,25.639915466308594,51139500,25.916008607359405
2023-05-04 00:00:00+00:00,25.593899170795332,24.69199302361475,24.839242935180664,82173800,25.382227642339004
2023-05-05 00:00:00+00:00,25.66752196234608,25.280990538237727,25.50186538696289,50087100,25.419038854628557
2023-05-08 00:00:00+00:00,25.906806355438945,25.455853269947198,25.483463287353516,34245500,25.84238473684833
2023-05-09 00:00:00+00:00,25.612305758452834,25.069321053205215,25.455852508544922,32188800,25.234977641973288
2023-05-10 00:00:00+00:00,25.768759248755966,24.866853096335287,25.142946243286133,44446400,25.731945892971897
2023-05-11 00:00:00+00:00,25.299396659801154,24.738005334501146,25.207365036010742,34897300,24.857646972035845
2023-05-12 00:00:00+00:00,25.354615528612342,24.738005916670065,24.931272506713867,38142000,25.32700726957556
2023-05-15 00:00:00+00:00,25.603102803646358,24.876056576361847,25.4466495513916,38722800,24.940478193991908
2023-05-16 00:00:00+00:00,25.67672605734095,25.152148056735932,25.179758071899414,33347500,25.566289507401635
2023-05-17 00:00:00+00:00,26.38536850094369,25.52027396253446,26.293336868286133,61750400,25.529477301335955
2023-05-18 00:00:00+00:00,26.228917315329355,25.768760871200772,26.20130729675293,51146100,26.173699033534035
2023-05-19 00:00:00+00:00,26.385369828500103,25.79637015842856,25.8699951171875,50062500,26.192103214659454
2023-05-22 00:00:00+00:00,26.18290000934601,25.777961883569343,26.0816650390625,36473700,26.044851684283998
2023-05-23 00:00:00+00:00,26.762696226693016,26.044851608808806,26.302539825439453,51400400,26.063258286144716
2023-05-24 00:00:00+00:00,26.23811836349047,25.76875862082541,25.860790252685547,50606900,26.0724617772137
2023-05-25 00:00:00+00:00,25.98962874200203,25.658315629899946,25.925207138061523,40517800,25.759550582010483
2023-05-26 00:00:00+00:00,26.13688063731112,25.575491077330298,26.054052352905273,57879100,25.952819148353726
2023-05-30 00:00:00+00:00,26.219709070551954,25.722741116653065,26.008037567138672,41819600,26.063255838603613
2023-05-31 00:00:00+00:00,25.91600566988091,25.290192748717992,25.575490951538086,61905200,25.860787399000998
2023-06-01 00:00:00+00:00,25.95583016215196,25.36213052907941,25.770299911499023,57426100,25.751746355624388
2023-06-02 00:00:00+00:00,26.855657620958024,26.085702761232906,26.633018493652344,66578100,26.122808102874224
2023-06-05 00:00:00+00:00,26.735057759376655,26.25267599600312,26.47531509399414,34757800,26.735057759376655
2023-06-06 00:00:00+00:00,27.300932330588488,26.391829343528837,27.115400314331055,46297900,26.401104351913716
2023-06-07 00:00:00+00:00,27.505016519822195,26.911316890431475,27.347314834594727,44502600,27.180336371487474
2023-06-08 00:00:00+00:00,27.254548441841912,26.8927629564408,27.115400314331055,41483100,27.161784203077634
2023-06-09 00:00:00+00:00,27.273102355578683,26.976252541159155,27.152507781982422,32692000,27.087572106248707
2023-06-12 00:00:00+00:00,27.421527105576583,26.81855070232332,27.022634506225586,41011300,27.18033619040239
2023-06-13 00:00:00+00:00,27.644160200598638,26.9298661124488,27.27309799194336,42718800,27.022630337589483
2023-06-14 00:00:00+00:00,27.579228352841007,26.892762729465392,27.01335906982422,38322800,27.430803448833544
2023-06-15 00:00:00+00:00,27.338037829385463,26.614466854423494,27.24527359008789,42044900,26.80927388018573
2023-06-16 00:00:00+00:00,27.53284624388743,27.05046442100512,27.07829475402832,53050200,27.39369811750026
2023-06-20 00:00:00+00:00,26.939146228962656,26.512423309077494,26.781444549560547,39040900,26.91131589635132
2023-06-21 00:00:00+00:00,26.902041657509347,26.475320466719708,26.503149032592773,39553400,26.69795784052707
2023-06-22 00:00:00+00:00,26.4660406249868,25.881616038192885,25.937274932861328,50742900,26.4382102929704
2023-06-23 00:00:00+00:00,25.87233730710766,25.594041085416592,25.74246597290039,55181100,25.733189196262124
2023-06-26 00:00:00+00:00,26.234129933343624,25.7795784004332,26.05787467956543,47519300,25.788853409621627
2023-06-27 00:00:00+00:00,26.345444476776652,25.928000109740616,26.197019577026367,39081800,26.067148232085962
2023-06-28 00:00:00+00:00,26.224853937281132,25.881620198036444,26.039321899414062,37803800,26.2063003796215
2023-06-29 00:00:00+00:00,26.9020428063341,26.345448463364605,26.586639404296875,68376400,26.43821448208696
2023-06-30 00:00:00+00:00,27.004081517687652,26.595912158691046,26.614465713500977,50479000,26.846379840531988
2023-07-03 00:00:00+00:00,27.226722144220037,26.577361802632872,27.087574005126953,30995800,26.62374569524029
2023-07-05 00:00:00+00:00,27.29165689100533,26.85565893159626,26.976253509521484,37492000,27.03191240938201
2023-07-06 00:00:00+00:00,26.735064533368252,26.0671523782557,26.234130859375,52098000,26.716510975607296
2023-07-07 00:00:00+00:00,26.735059113127274,26.243402317692542,26.466039657592773,34288000,26.25267732532796
2023-07-10 00:00:00+00:00,26.762894662932887,26.41038414566086,26.586639404296875,36086000,26.521703722000616
2023-07-11 00:00:00+00:00,26.976254070084494,26.364000850802604,26.920595169067383,40978700,26.586638224235603
2023-07-12 00:00:00+00:00,27.727656957669854,27.152510820217067,27.236000061035156,41855500,27.37514820594376
2023-07-13 00:00:00+00:00,27.709101119393814,27.28237819876183,27.523569107055664,39589000,27.384420982484254
2023-07-14 00:00:00+00:00,27.922461463880307,26.948421061214905,27.00408172607422,58720300,27.829695458479165
2023-07-17 00:00:00+00:00,27.421522875405472,27.013355330566757,27.27309799194336,49477200,27.041183890363293
2023-07-18 00:00:00+00:00,28.62748030387963,27.75548269395916,28.479055404663086,98253800,27.82969514356743
2023-07-19 00:00:00+00:00,29.406715597121128,28.469782197470277,29.249013900756836,70619800,28.655312460074715
2023-07-20 00:00:00+00:00,29.499477157831837,28.99854354810851,29.397436141967773,42128800,29.06347922257594
2023-07-21 00:00:00+00:00,29.787052565602593,29.146969046836098,29.66645622253418,70872400,29.56441520458913
2023-07-24 00:00:00+00:00,30.473517147186612,29.66645691582282,30.287988662719727,64548600,29.68501047201531
2023-07-25 00:00:00+00:00,30.417859250468183,29.74994539929345,29.824159622192383,51208800,30.390027147516623
2023-07-26 00:00:00+00:00,30.185945924951557,29.82416042539817,30.065349578857422,41814600,29.90764965904349
2023-07-27 00:00:00+00:00,30.371475588265763,29.518029761910352,29.638626098632812,45529500,30.083900797228736
2023-07-28 00:00:00+00:00,29.833434106671763,29.415987957019915,29.592243194580078,33296500,29.82415909833677
2023-07-31 00:00:00+00:00,29.91692505776882,29.480927096998926,29.68501091003418,29093400,29.592244897067417
2023-08-01 00:00:00+00:00,29.62935219294723,29.146970338033206,29.332502365112305,32712000,29.53658617940768
2023-08-02 00:00:00+00:00,29.017100154764915,28.553271837664635,28.933610916137695,38855100,28.90578058014042
2023-08-03 00:00:00+00:00,29.267564761798972,28.646034774555453,29.137693405151367,27933400,28.7016954440026
2023-08-04 00:00:00+00:00,29.37888589639514,28.915057575813826,29.03565216064453,30768100,29.091312833056822
2023-08-07 00:00:00+00:00,29.59224587885916,29.1376943465422,29.573692321777344,31745200,29.1376943465422
2023-08-08 00:00:00+00:00,29.044925470539933,28.27497062110536,29.00782012939453,45951800,29.035648692912478
2023-08-09 00:00:00+00:00,29.01709921240558,28.599653032826463,28.627483367919922,30732100,28.961438542218662
2023-08-10 00:00:00+00:00,29.05420320313299,28.57182136683672,28.70169448852539,26062600,28.76663016468749
2023-08-11 00:00:00+00:00,29.128415836048063,28.525439421658263,29.02637481689453,35720700,28.57182154224037
2023-08-14 00:00:00+00:00,28.859395605536225,28.525438684014556,28.69241714477539,32563700,28.803734939039654
2023-08-15 00:00:00+00:00,28.33990762166592,27.68127230356702,27.774038314819336,43406100,28.29352550072201
2023-08-16 00:00:00+00:00,27.681274831261522,27.096850145560786,27.171064376831055,47220400,27.59778559044713
2023-08-17 00:00:00+00:00,27.402972198743313,27.00407964481691,27.161781311035156,37202200,27.31020620049183
2023-08-18 00:00:00+00:00,27.226719077418327,26.88348538824342,27.00408172607422,31430400,26.939146053102736
2023-08-21 00:00:00+00:00,27.180341162417626,26.71651280285852,27.04119300842285,34959000,27.10612869566276
2023-08-22 00:00:00+00:00,27.124677641930553,26.363999544711202,26.382553100585938,37564200,27.02263485398399
2023-08-23 00:00:00+00:00,26.44748743241781,26.141360853503464,26.391828536987305,44686600,26.391828536987305
2023-08-24 00:00:00+00:00,26.707237462417144,26.317621574431328,26.549535751342773,31934800,26.345450143267257
2023-08-25 00:00:00+00:00,26.707232687454322,26.252679424936087,26.43821144104004,34253200,26.56808279069414
2023-08-28 00:00:00+00:00,26.902040670694337,26.50314806040986,26.67940330505371,33075200,26.614467627912422
2023-08-29 00:00:00+00:00,27.143235032440916,26.642299569240745,27.05974578857422,30428200,26.8000012777262
2023-08-30 00:00:00+00:00,27.152504693193695,26.837101358911184,26.939144134521484,33366400,27.106120809114348
2023-08-31 00:00:00+00:00,27.098160319051047,26.68659133012028,26.81754493713379,37243000,27.060745767379654
2023-09-01 00:00:00+00:00,27.247824948087107,26.901732726410913,27.10751724243164,35228600,26.901732726410913
2023-09-05 00:00:00+00:00,27.238474578536877,26.658533760836853,26.79884147644043,46543600,27.070104606168826
2023-09-06 00:00:00+00:00,26.714653226974733,26.30308421602665,26.55563735961914,45022600,26.564991444064667
2023-09-07 00:00:00+00:00,26.705299691740798,26.24696024913904,26.312437057495117,35023600,26.574346075028643
2023-09-08 00:00:00+00:00,26.546280922308444,26.15341833096266,26.52757453918457,36513900,26.303081884716836
2023-09-11 00:00:00+00:00,26.901729089034635,26.56498921370462,26.639820098876953,34168300,26.667882349857464
2023-09-12 00:00:00+00:00,27.257177564324838,26.564991374159963,27.098161697387695,42284000,26.621114096576257
2023-09-13 00:00:00+00:00,27.30394831903429,26.845608881481382,27.01397705078125,37215700,27.238471511399474
2023-09-14 00:00:00+00:00,27.53779375210898,27.219762029697172,27.31330108642578,44634800,27.285238834174464
2023-09-15 00:00:00+00:00,27.210409261072048,26.892377523285326,26.9765625,61661100,27.079455645786645
2023-09-18 00:00:00+00:00,26.939146044961262,26.64917656204074,26.901731491088867,25752300,26.939146044961262
2023-09-19 00:00:00+00:00,27.070104606168826,26.66788784642501,26.79884147644043,34888100,26.901734633800775
2023-09-20 00:00:00+00:00,27.09816007165571,26.6865910864824,26.705297470092773,26641100,26.948498298118313
2023-09-21 00:00:00+00:00,26.742715912143677,26.209545578903477,26.237606048583984,39906000,26.527577318750126
2023-09-22 00:00:00+00:00,26.368561311816126,25.81668281225033,25.854097366333008,41284400,26.256314081349693
2023-09-25 00:00:00+00:00,25.83539098465009,25.582836054150217,25.816682815551758,32749200,25.7231437541693
2023-09-26 00:00:00+00:00,25.723142590280528,25.264803172764985,25.414464950561523,42237400,25.573480812483986
2023-09-27 00:00:00+00:00,25.8260368802017,25.32092701959115,25.508005142211914,38296300,25.47058880404408
2023-09-28 00:00:00+00:00,25.854095336472664,25.414464101889692,25.779264450073242,36734300,25.414464101889692
2023-09-29 00:00:00+00:00,26.18148374498597,25.508005700215033,25.610897064208984,40645900,26.087944681629363
2023-10-02 00:00:00+00:00,25.59218973988959,24.862587213407064,24.974834442138672,50388600,25.508004764368177
2023-10-03 00:00:00+00:00,24.806464654320163,24.15169301464731,24.235877990722656,62144500,24.77840240092532
2023-10-04 00:00:00+00:00,24.329415707337187,23.9271990181083,24.263938903808594,55696400,24.20781440011915
2023-10-05 00:00:00+00:00,24.404244805940053,23.908489097677617,24.376182556152344,49044100,24.114275361236228
2023-10-06 00:00:00+00:00,24.535203712260174,23.824309287464068,24.385541915893555,58177300,24.104926493733483
2023-10-09 00:00:00+00:00,24.656805369691163,24.058156392034853,24.610034942626953,39953700,24.09557273368622
2023-10-10 00:00:00+00:00,25.536066161204786,24.853234031931684,25.26480484008789,51960100,24.89065037090463
2023-10-11 00:00:00+00:00,25.667019172507455,25.161909348081284,25.27415657043457,38508200,25.41446426029437
2023-10-12 00:00:00+00:00,25.330284803566375,24.89065347054233,25.161914825439453,44249800,25.227391642686708
2023-10-13 00:00:00+00:00,25.928928905351892,24.806465493236004,25.03095817565918,55089700,25.65766758313152
2023-10-16 00:00:00+00:00,25.423821612894415,25.040313045385883,25.246097564697266,56817500,25.40511344274539
2023-10-17 00:00:00+00:00,26.069234919641776,24.993538506533653,25.83538818359375,95344200,25.302216126752686
2023-10-18 00:00:00+00:00,26.228253591594918,25.45188063169478,25.545419692993164,68371100,25.760560069212207
2023-10-19 00:00:00+00:00,25.98505364619789,25.143203849453077,25.218034744262695,58611000,25.489297853015863
2023-10-20 00:00:00+00:00,25.199329834870422,24.54455812884643,24.610034942626953,62058400,25.0683744232
2023-10-23 00:00:00+00:00,24.516495778279758,23.871079944261233,23.917848587036133,59857200,24.441664879374304
2023-10-24 00:00:00+00:00,24.198464656401708,23.75883158494073,23.824308395385742,55975700,24.076863336338736
2023-10-25 00:00:00+00:00,23.99267655518139,23.553045300827485,23.899137496948242,45522400,23.740121633184636
2023-10-26 00:00:00+00:00,24.656802778356912,23.796246636019607,24.432310104370117,60921000,23.843015274059248
2023-10-27 00:00:00+00:00,24.385539605977492,23.347259430939317,23.543691635131836,64709300,24.385539605977492
2023-10-30 00:00:00+00:00,24.114279125122728,23.646585593647874,24.030094146728516,41891900,23.68400014842906
2023-10-31 00:00:00+00:00,24.675510411215228,24.058155080497897,24.63809585571289,50106700,24.0768632503037
2023-11-01 00:00:00+00:00,24.90000397403721,24.460370920154592,24.694217681884766,44046300,24.731634020134013
2023-11-02 00:00:00+00:00,25.87280273362475,24.871938988796646,25.83538818359375,63278300,24.984184422998652
2023-11-03 00:00:00+00:00,27.060747792297118,26.31243707767425,26.58370018005371,62613600,26.34049933160947
2023-11-06 00:00:00+00:00,26.91109021637094,26.2095498152191,26.49951934814453,45548000,26.714657976311486
2023-11-07 00:00:00+00:00,26.434038942211263,26.14406944863671,26.340499877929688,33081900,26.23760672880903
2023-11-08 00:00:00+00:00,26.377917226892727,25.88216141610195,26.08794593811035,31896000,26.340500886104294
2023-11-09 00:00:00+00:00,26.265667594518323,25.629604131966833,25.751205444335938,32267900,26.25631351017384
2023-11-10 00:00:00+00:00,25.975696888125107,25.5734802008753,25.891511917114258,32858500,25.966342804222894
2023-11-13 00:00:00+00:00,26.05052879566459,25.648312092659467,25.910221099853516,28521800,25.760559319773815
2023-11-14 00:00:00+00:00,27.50973239698567,26.63046808963736,27.332008361816406,66676300,26.658530342803825
2023-11-15 00:00:00+00:00,27.809054761994567,27.31330079952584,27.70616340637207,46968900,27.31330079952584
2023-11-16 00:00:00+00:00,27.780998007714008,27.332010836937254,27.631336212158203,36952800,27.528443058672583
2023-11-17 00:00:00+00:00,28.06160825247036,27.640683415039703,28.04290008544922,38493300,27.790345182990826
2023-11-20 00:00:00+00:00,28.295459407572814,27.82776586364599,28.070966720581055,46783400,28.0429044656661
2023-11-21 00:00:00+00:00,28.052257520797262,27.640686717700444,27.743579864501953,41611900,28.052257520797262
2023-11-22 00:00:00+00:00,27.865182528599068,27.61262758374613,27.715518951416016,41422700,27.818412103195207
2023-11-24 00:00:00+00:00,27.958717106967317,27.575208576295854,27.80905532836914,15815600,27.575208576295854
2023-11-27 00:00:00+00:00,27.771640983942273,27.603271035729993,27.650039672851562,42039500,27.687456009836133
2023-11-28 00:00:00+00:00,27.734228030893718,27.4255503495449,27.62198257446289,29705800,27.62198257446289
2023-11-29 00:00:00+00:00,28.632200690994267,27.883889914678814,28.35158348083496,57954900,27.949366728483177
2023-11-30 00:00:00+00:00,28.804148323848967,28.323295045118417,28.747577667236328,52547700,28.48357827246277
2023-12-01 00:00:00+00:00,29.275580319692256,28.615584402652686,29.190723419189453,46133300,28.662726325887977
2023-12-04 00:00:00+00:00,29.228437244021062,28.775868324749663,29.05872344970703,37811300,28.785297068694778
2023-12-05 00:00:00+00:00,29.03043945172714,28.596726215490506,28.832439422607422,45723100,28.926725065124
2023-12-06 00:00:00+00:00,29.718717536322274,28.700436692231605,28.785293579101562,49803100,29.021006754107262
2023-12-07 00:00:00+00:00,29.16243427736048,28.794722300101622,28.90786361694336,32699600,28.841864215727544
2023-12-08 00:00:00+00:00,29.36043722019506,28.860726359844218,29.190723419189453,34794300,28.917297027396387
2023-12-11 00:00:00+00:00,29.303863222177654,28.95500691549805,29.087007522583008,32254000,29.15300692695104
2023-12-12 00:00:00+00:00,29.096434740640188,28.709865279591725,28.983291625976562,34566700,29.011577854229667
2023-12-13 00:00:00+00:00,30.293858428482935,28.87957757217858,30.209001541137695,60311100,28.992720688088504
2023-12-14 00:00:00+00:00,32.12299147582218,30.70871241373422,32.00041961669922,107190000,30.75585432979762
2023-12-15 00:00:00+00:00,32.07584963320798,31.38756758635282,31.67984962463379,83771800,31.88727837182492
2023-12-18 00:00:00+00:00,31.858993124723796,31.50070809695075,31.51956558227539,40694700,31.783563183425233
2023-12-19 00:00:00+00:00,31.745849885155305,30.925569012157432,31.594993591308594,44534800,31.142424709768466
2023-12-20 00:00:00+00:00,31.783561690483793,31.066995265293915,31.095279693603516,44711400,31.472422188986016
2023-12-21 00:00:00+00:00,31.53842082688405,31.010422065399627,31.30270767211914,32325700,31.34042264008888
2023-12-22 00:00:00+00:00,31.745848212775954,31.30270989608837,31.51956558227539,37265900,31.31213684040191
2023-12-26 00:00:00+00:00,32.01927926084565,31.46299598172475,31.92499542236328,24845400,31.538425929868954
2023-12-27 00:00:00+00:00,32.00984419106109,31.73641609348565,31.906129837036133,24498600,31.868414872536697
2023-12-28 00:00:00+00:00,32.02871027285478,31.840138996424162,31.9438533782959,21799600,31.887280916357334
2023-12-29 00:00:00+00:00,32.047567716621415,31.632710189698177,31.745851516723633,28060700,32.000422200054366
2024-01-02 00:00:00+00:00,32.12299074986405,31.368709319802925,31.96270751953125,36668600,31.481850635137704
2024-01-03 00:00:00+00:00,31.84013778972157,31.340426983312113,31.61385154724121,45988700,31.726996466830293
2024-01-04 00:00:00+00:00,32.349282333271276,31.623285212666794,31.868425369262695,39834600,31.651569647009122
2024-01-05 00:00:00+00:00,32.7075577133366,31.783562531565128,32.46241760253906,49242400,31.86841941543687
2024-01-08 00:00:00+00:00,32.33985022605429,31.717567523742613,32.20785140991211,40253900,32.33985022605429
2024-01-09 00:00:00+00:00,31.906139555792034,31.59499639894153,31.708141326904297,39268800,31.88728206779824
2024-01-10 00:00:00+00:00,31.708137651694724,31.340425670181467,31.67984962463379,34904000,31.58556579229109
2024-01-11 00:00:00+00:00,31.585570330011,30.906715130183766,31.255573272705078,48790600,31.453571507088633
2024-01-12 00:00:00+00:00,31.293285392022792,30.133576796063885,30.925573348999023,74344300,30.40700499097324
2024-01-16 00:00:00+00:00,30.65214154995846,30.00157444238799,30.2844295501709,58420800,30.557857712930105
2024-01-17 00:00:00+00:00,30.161856207266805,29.483002943305998,29.98271369934082,48811300,29.907285558900732
2024-01-18 00:00:00+00:00,29.954430593007608,29.605574304103683,29.916715621948242,35484400,29.935573107477925
2024-01-19 00:00:00+00:00,30.388142459704643,29.765859813989444,30.37871551513672,49493600,29.982715506028324
2024-01-22 00:00:00+00:00,31.10471501087948,30.473001773607074,30.689857482910156,43903400,30.51071674827664
2024-01-23 00:00:00+00:00,30.94442929047412,30.539002289800116,30.897287368774414,30003400,30.68043165159731
2024-01-24 00:00:00+00:00,31.434707220108287,31.029280296416186,31.095279693603516,36403900,31.142421606351977
2024-01-25 00:00:00+00:00,31.538427857021063,30.953860109975086,31.481855392456055,46204000,31.31214159545914
2024-01-26 00:00:00+00:00,31.745848212775954,31.415851211338648,31.51956558227539,30839800,31.49128115263721
2024-01-29 00:00:00+00:00,31.72699643678369,31.340426953631606,31.689281463623047,30269300,31.491283249576373
2024-01-30 00:00:00+00:00,32.89612555405273,31.906131076028995,32.801841735839844,60315700,31.962703524974994
2024-01-31 00:00:00+00:00,33.09413118425229,32.05699456352335,32.06642150878906,54716000,32.59442036111717
2024-02-01 00:00:00+00:00,32.292707157111295,31.048141796748236,31.632709503173828,57084800,31.990994560459516
2024-02-02 00:00:00+00:00,31.783562210364867,31.274420912279723,31.557279586791992,40416000,31.462992163055418
2024-02-05 00:00:00+00:00,31.38756469289495,30.98213777713977,31.10470962524414,43573000,31.217850932965
2024-02-06 00:00:00+00:00,31.453566132727975,31.000997275738065,31.151853561401367,27188000,31.03870864963072
2024-02-07 00:00:00+00:00,31.359283702080052,30.76528900579425,31.283857345581055,29660100,31.170716012483492
2024-02-08 00:00:00+00:00,31.37813786413917,30.925568983025364,31.22728157043457,36852200,31.161282166732416
2024-02-09 00:00:00+00:00,31.34984948556379,30.963280056827738,31.18013572692871,36176000,31.208420154468794
2024-02-12 00:00:00+00:00,32.028708192055426,31.09528241254932,31.698707580566406,34160400,31.11413989863707
2024-02-13 00:00:00+00:00,31.4064263393296,30.501284967510312,30.878427505493164,43801500,31.227282015273733
2024-02-14 00:00:00+00:00,31.283849598102325,30.99156399689549,31.23670768737793,27833900,31.095278358507503
2024-02-15 00:00:00+00:00,32.28328414356953,31.41585762503465,32.12299728393555,41683100,31.41585762503465
2024-02-16 00:00:00+00:00,32.1984181546845,30.63328296184465,32.141845703125,33290700,31.981558888721743
2024-02-20 00:00:00+00:00,32.14184751890455,31.84013495360392,32.0192756652832,30372900,31.849561897714413
2024-02-21 00:00:00+00:00,31.81185437870314,31.274424985158685,31.774139404296875,37847100,31.453569315239477
2024-02-22 00:00:00+00:00,32.122992864877034,31.46299522135699,31.689281463623047,42756900,31.46299522135699
2024-02-23 00:00:00+00:00,32.10413734740501,31.576142077562608,31.981565475463867,30586000,31.802424737009915
2024-02-26 00:00:00+00:00,32.26442221588054,31.61385151730176,31.689281463623047,31129200,31.858995246148137
2024-02-27 00:00:00+00:00,32.462424700419355,31.78356948101433,32.32099533081055,40536300,31.802426970075388
2024-02-28 00:00:00+00:00,32.622709740273265,32.16071382154329,32.34928512573242,39548600,32.264428218682234
2024-02-29 00:00:00+00:00,32.899977932950954,32.425230797537715,32.77654266357422,43863400,32.59614005604914
2024-03-01 00:00:00+00:00,32.89999029346135,32.311301016514754,32.61513900756836,38432300,32.78604833029033
2024-03-04 00:00:00+00:00,33.6310894536301,32.52018275926211,33.37472915649414,49136400,32.55816340403546
2024-03-05 00:00:00+00:00,33.91594263152616,33.108870182505065,33.60260772705078,47591600,33.16584115296436
2024-03-06 00:00:00+00:00,33.982407629983186,33.298770458982055,33.6310920715332,49149700,33.84947898496273
2024-03-07 00:00:00+00:00,34.08685790603185,33.469684961474556,33.83049392700195,35900700,33.802006625753414
2024-03-08 00:00:00+00:00,34.30523648922686,33.70705395418034,33.802001953125,42769900,34.05836589671637
2024-03-11 00:00:00+00:00,34.115338896497946,33.4886726489372,34.07735824584961,34131500,33.602610978848006
2024-03-12 00:00:00+00:00,34.32422799134211,33.97291241471585,34.143821716308594,29260400,34.08685436380042
2024-03-13 00:00:00+00:00,34.60907870958708,34.143824764376475,34.25776672363281,38289600,34.143824764376475
2024-03-14 00:00:00+00:00,34.39069337004594,33.68806581731896,33.88745880126953,40178100,34.10584211064886
2024-03-15 00:00:00+00:00,34.19129249361054,33.460184977106195,33.62159729003906,69646400,33.498162001186195
2024-03-18 00:00:00+00:00,34.26725309978878,33.60260629423948,34.19129180908203,50617900,33.85897021732423
2024-03-19 00:00:00+00:00,34.55210378140528,34.03937588944873,34.21028518676758,46113800,34.07735653819381
2024-03-20 00:00:00+00:00,35.017352362423516,33.92543241983322,34.893917083740234,40519000,34.02987737702419
2024-03-21 00:00:00+00:00,35.7009942065398,35.01736058250573,35.61553955078125,43219500,35.064834586363965
2024-03-22 00:00:00+00:00,35.71049021883838,35.1312979700765,35.17877197265625,29001100,35.52059058648517
2024-03-25 00:00:00+00:00,35.397153254841484,34.979376985219204,34.99836730957031,30480200,35.226243957715546
2024-03-26 00:00:00+00:00,35.359172892114294,34.9413930398746,35.21674728393555,33673400,35.13129264343503
2024-03-27 00:00:00+00:00,35.93836383592921,35.35917525826087,35.900386810302734,36350200,35.36866860915901
2024-03-28 00:00:00+00:00,36.08078688194759,35.53007839622592,36.004825592041016,42262500,35.8149296113419
2024-04-01 00:00:00+00:00,36.41310899043284,35.549069226586305,35.625030517578125,33908000,36.023816429184045
2024-04-02 00:00:00+00:00,35.68200241335835,35.283212869352376,35.416141510009766,34806800,35.31169654319787
2024-04-03 00:00:00+00:00,36.099784680086486,35.38766373889549,35.549076080322266,33338500,35.51109904953823
2024-04-04 00:00:00+00:00,36.042811170277204,35.007861996862474,35.055335998535156,42888200,35.79594418835877
2024-04-05 00:00:00+00:00,35.45411628025898,34.87492419450495,35.23573303222656,30823500,34.950885474881375
2024-04-08 00:00:00+00:00,35.681998424367045,35.25472525428165,35.60603713989258,29470300,35.32118956718011
2024-04-09 00:00:00+00:00,35.86240539049498,35.32119385010584,35.824424743652344,30967300,35.61553480805168
2024-04-10 00:00:00+00:00,35.34967798170603,34.704021465160665,34.798973083496094,37610700,35.30220398355526
2024-04-11 00:00:00+00:00,34.89392509697307,34.229278180242915,34.51412582397461,38604000,34.89392509697307
2024-04-12 00:00:00+00:00,34.26724652827341,33.73552846139613,33.982398986816406,47126100,34.00138930585127
2024-04-15 00:00:00+00:00,34.90341513772608,33.95392066733921,34.13432693481445,44392000,34.49513584773097
2024-04-16 00:00:00+00:00,34.34321543385296,32.425239669396014,32.928470611572266,95566100,34.27675110647248
2024-04-17 00:00:00+00:00,33.94442493302624,32.99493052930522,33.450687408447266,65951400,33.12785916630077
2024-04-18 00:00:00+00:00,34.17231083030667,33.40321893227443,33.96342086791992,44506200,33.74503755362209
2024-04-19 00:00:00+00:00,35.245228065771514,34.238766406913356,35.102806091308594,56273700,34.27674342688345
2024-04-22 00:00:00+00:00,35.99533403241037,35.00785894670485,35.824424743652344,43867100,35.131294237926504
2024-04-23 00:00:00+00:00,36.479576202988326,35.919377936634376,36.43210220336914,39180300,36.02381928698298
2024-04-24 00:00:00+00:00,36.54604040983256,36.08078656828358,36.38462448120117,28670600,36.09977689059513
2024-04-25 00:00:00+00:00,36.337149357467496,35.492099962043476,35.995330810546875,41116000,36.014321132268414
2024-04-26 00:00:00+00:00,36.37513713255955,35.8719025633593,35.91938018798828,28668700,36.014328193177796
2024-04-29 00:00:00+00:00,36.13775517965944,35.558563064028114,35.65351104736328,26438800,35.92886526988201
2024-04-30 00:00:00+00:00,35.767455242490065,35.11230535669743,35.14078903198242,30283800,35.4636172993369
2024-05-01 00:00:00+00:00,35.615542657256704,34.91291864598788,35.08382797241211,32272000,35.330694987227865
2024-05-02 00:00:00+00:00,35.59654907555521,34.79897358032009,35.017356872558594,34860300,35.48260713192595
2024-05-03 00:00:00+00:00,35.63452488452746,35.2072552876272,35.36866760253906,34082700,35.36866760253906
2024-05-06 00:00:00+00:00,35.88139341399892,35.4731105416952,35.786441802978516,28422300,35.7579581306892
2024-05-07 00:00:00+00:00,36.223219592538115,35.79594630811352,35.92887496948242,29119500,35.79594630811352
2024-05-08 00:00:00+00:00,35.90988780233217,35.62504012833539,35.805442810058594,32803300,35.795949457140395
2024-05-09 00:00:00+00:00,36.479573994925914,35.56806021808799,36.34664535522461,26855400,35.634524537938645
2024-05-10 00:00:00+00:00,36.821391724301726,36.394122141332794,36.508060455322266,27359100,36.536544128311206
2024-05-13 00:00:00+00:00,36.82139730041431,36.25170202216047,36.28018569946289,24060600,36.66947831807767
2024-05-14 00:00:00+00:00,36.83089100987693,36.432101452816624,36.546043395996094,27594800,36.46058874962845
2024-05-15 00:00:00+00:00,37.25816293313499,36.82139274368843,36.944828033447266,34084400,36.84038306688469
2024-05-16 00:00:00+00:00,37.372102534066535,36.75492968610531,37.239173889160156,32554200,36.95432265346487
2024-05-17 00:00:00+00:00,37.49553697173439,37.18220206843915,37.30563735961914,25537300,37.45755632490457
2024-05-20 00:00:00+00:00,37.47654397514637,36.83088751322901,36.859371185302734,28369800,37.27714740452955
2024-05-21 00:00:00+00:00,37.742408945152064,36.81190470643143,37.6474609375,31799200,36.81190470643143
2024-05-22 00:00:00+00:00,37.799377341856655,37.35311376788928,37.75189971923828,42837600,37.41957809311412
2024-05-23 00:00:00+00:00,37.827855457117785,36.97330908408216,37.19169235229492,39033900,37.76139114166319
2024-05-24 00:00:00+00:00,37.7708887041072,37.096748502434004,37.69493103027344,22166300,37.18220314926821
2024-05-28 00:00:00+00:00,37.73291125890769,37.13472873771545,37.33412170410156,31217900,37.64745661302309
2024-05-29 00:00:00+00:00,36.9353364801075,36.61250821413,36.764427185058594,26677500,36.878365507746544
2024-05-30 00:00:00+00:00,37.14422443591385,35.69149898610415,36.67897415161133,50989100,36.773922154357194
2024-05-31 00:00:00+00:00,38.05574197439697,36.70745787699548,37.97028732299805,58188400,36.74543852695814
2024-06-03 00:00:00+00:00,38.16018188283784,37.37210334716093,37.865840911865234,31898600,38.01775988392548
2024-06-04 00:00:00+00:00,38.1127042023245,37.42906708306118,37.67593765258789,26974200,37.61896668530473
2024-06-05 00:00:00+00:00,37.970282644099804,37.52401911711478,37.941795349121094,34140300,37.808866712666074
2024-06-06 00:00:00+00:00,37.979778645709466,37.42907011677039,37.69493103027344,38676400,37.894323998875265
2024-06-07 00:00:00+00:00,38.172562943451624,37.52297948385202,38.000614166259766,25928700,37.52297948385202
2024-06-10 00:00:00+00:00,38.057939866811736,37.456119016547525,37.89554214477539,37176200,37.80957138165901
2024-06-11 00:00:00+00:00,37.5898527730366,36.739663514529276,37.12177276611328,44629000,37.5707505901149
2024-06-12 00:00:00+00:00,38.096144993459724,37.351032377606934,37.64716720581055,38964700,38.01972169170514
2024-06-13 00:00:00+00:00,37.58985394921246,37.188642502152966,37.50387954711914,40018700,37.53254011052625
2024-06-14 00:00:00+00:00,37.71403817495198,37.16953486949186,37.48477554321289,32347900,37.35103475662396
2024-06-17 00:00:00+00:00,37.761800681271325,37.236403205782175,37.74269485473633,26135400,37.341483429692765
2024-06-18 00:00:00+00:00,38.22988219693997,37.69493001587654,38.20122528076172,30804500,37.79045914324337
2024-06-20 00:00:00+00:00,38.506911200208364,37.97195901914493,38.20122528076172,29383300,38.00061593532318
2024-06-21 00:00:00+00:00,38.124806111770354,37.60895970026019,37.723594665527344,72244900,38.06748862913678
2024-06-24 00:00:00+00:00,38.5355710439884,37.876436413368104,38.22988510131836,31064900,37.9910677308534
2024-06-25 00:00:00+00:00,38.277645795247544,37.5898506390679,37.61851119995117,30596000,38.00061678577922
2024-06-26 00:00:00+00:00,37.58985127158499,36.74921678217988,37.25550842285156,44310200,37.41790247964673
2024-06-27 00:00:00+00:00,37.589853036700106,36.62503245357568,37.494327545166016,29464200,36.96893005360067
2024-06-28 00:00:00+00:00,38.268094990544185,37.561194003176524,37.991065979003906,52028200,37.962409061969986
2024-07-01 00:00:00+00:00,38.53556995391502,37.895537524260604,38.22032928466797,26770500,38.12480379680971
2024-07-02 00:00:00+00:00,39.12783523119388,38.172565795017874,39.099178314208984,35626100,38.21077744704021
2024-07-03 00:00:00+00:00,39.35709473171701,38.927222830542576,39.07051467895508,17100700,39.18514597124724
2024-07-05 00:00:00+00:00,39.12783350355971,38.487804758731926,38.60243606567383,23489000,39.09917658784012
2024-07-08 00:00:00+00:00,39.20425456829069,38.62153968813611,38.80303955078125,26728500,38.78393372670334
2024-07-09 00:00:00+00:00,39.958920881064635,38.78393630846859,39.567256927490234,34697200,38.93677926720297
2024-07-10 00:00:00+00:00,39.892046058209196,39.23291152508872,39.87294387817383,25333400,39.43351721203016
2024-07-11 00:00:00+00:00,40.02579373719316,39.53860424872308,39.9398193359375,33824600,39.90160768114299
2024-07-12 00:00:00+00:00,40.04489324027805,39.252021498711564,39.72965621948242,31856600,39.63413073295374
2024-07-15 00:00:00+00:00,40.34102325390423,39.834731676544116,40.016231536865234,36648100,39.9780198891987
2024-07-16 00:00:00+00:00,42.41396337029887,40.33147575963802,42.15604019165039,75953300,40.61805585455958
2024-07-17 00:00:00+00:00,42.452167922959056,41.69750791802078,42.01274490356445,65713600,41.69750791802078
2024-07-18 00:00:00+00:00,42.26112044943892,41.009716206103896,41.08613586425781,48549200,41.668850789443866
2024-07-19 00:00:00+00:00,41.6115377064744,40.780450678172976,40.98106002807617,43903000,40.94284837627902
2024-07-22 00:00:00+00:00,40.95239352469924,40.08309861480551,40.40789031982422,42838300,40.73268202484292
2024-07-23 00:00:00+00:00,40.86642243152172,40.26460535289813,40.51297378540039,36705100,40.33147391718964
2024-07-24 00:00:00+00:00,40.83776665697697,40.188183176522195,40.30281448364258,36567200,40.38878887499876
2024-07-25 00:00:00+00:00,40.407901789930705,39.79652985260282,39.815635681152344,41593900,40.14042747836581
2024-07-26 00:00:00+00:00,40.08310506360958,39.55770759733172,39.80607604980469,52049300,39.72010529800015
2024-07-29 00:00:00+00:00,40.00668552853573,39.1469415671524,39.25202178955078,37133100,39.9111563972355
2024-07-30 00:00:00+00:00,40.01623621151727,38.98454711244298,39.43352127075195,44163200,39.21380973709784
2024-07-31 00:00:00+00:00,39.52904631927476,38.420934030364336,38.50690841674805,50851600,39.38575446061413
2024-08-01 00:00:00+00:00,38.64064564249814,37.23639854257544,37.73313903808594,60107800,38.63109090839531
2024-08-02 00:00:00+00:00,36.80653186807998,35.51691952876435,35.89902877807617,76728000,36.3002402101961
2024-08-05 00:00:00+00:00,35.306758951886664,33.56816879741175,35.01062774658203,76075200,34.05535827075784
2024-08-06 00:00:00+00:00,35.64110906714718,34.90555105892491,35.268550872802734,40614100,35.01063129496583
2024-08-07 00:00:00+00:00,36.8638443563866,35.60288910611266,35.63154602050781,44952400,36.39576077157332
2024-08-08 00:00:00+00:00,36.701452584000066,35.97544936455649,36.50084686279297,36557800,36.128292339390086
2024-08-09 00:00:00+00:00,36.73010856676021,36.214262224499876,36.567710876464844,26411200,36.45307957065038
2024-08-12 00:00:00+00:00,36.99757953044389,36.30978446873906,36.46262741088867,33040600,36.77786802885778
2024-08-13 00:00:00+00:00,36.758760363334694,36.414862849717466,36.739654541015625,21553500,36.653680162611316
2024-08-14 00:00:00+00:00,37.17908169540804,36.71100175027076,37.074005126953125,25658900,36.79697613832544
2024-08-15 00:00:00+00:00,37.905091011538225,37.22685059550843,37.28416442871094,37379800,37.66627365569137
2024-08-16 00:00:00+00:00,37.65671903663441,37.24595653585265,37.580299377441406,26886600,37.2555076267279
2024-08-19 00:00:00+00:00,37.96241436730627,37.68538531705053,37.89554214477539,27268900,37.71404223808933
2024-08-20 00:00:00+00:00,37.48477071461268,36.62502684617943,36.95936965942383,44440800,37.37013576944601
2024-08-21 00:00:00+00:00,37.24595556023809,36.672791733017434,37.01668930053711,33751100,37.131320608355814
2024-08-22 00:00:00+00:00,37.53253828781988,36.844743104474965,37.48477554321289,35421600,37.045348818262624
2024-08-23 00:00:00+00:00,38.3731715676898,37.51343126009875,37.991065979003906,45616600,37.51343126009875
2024-08-26 00:00:00+00:00,38.401835395697596,37.8859889808208,38.13435745239258,44659500,38.21078076306945
2024-08-27 00:00:00+00:00,38.33496891706748,37.8382283026978,37.89554214477539,32323900,38.210782852459005
2024-08-28 00:00:00+00:00,38.46869553107137,37.57074369199902,38.16300964355469,40700500,37.58029478170626
2024-08-29 00:00:00+00:00,38.53556663355532,37.761797129944526,38.3731689453125,34810800,38.25853764094687
2024-08-30 00:00:00+00:00,39.03230723453417,38.3349610282686,38.92722702026367,49098200,38.37316903376958
2024-09-03 00:00:00+00:00,39.07052162767288,38.43048920674674,38.87946701049805,48489300,38.76483569781864
2024-09-04 00:00:00+00:00,39.118283682710846,38.478251273045316,38.688411712646484,39629600,38.84125467488452
2024-09-05 00:00:00+00:00,39.108723836058935,38.220323095399365,38.34450912475586,34214500,38.9749867170888
2024-09-06 00:00:00+00:00,38.34451500885007,37.075338811401764,37.267635345458984,47007600,38.23874971442583
2024-09-09 00:00:00+00:00,38.18105943736237,37.59454545857542,37.95030212402344,37610200,37.73877153027828
2024-09-10 00:00:00+00:00,38.30605226122835,36.8541929641028,37.76761245727539,53983900,38.30605226122835
2024-09-11 00:00:00+00:00,37.527241574851075,36.546513806925546,37.49839782714844,41190000,37.48878446718803
2024-09-12 00:00:00+00:00,37.81569169943247,37.046490902192964,37.286865234375,39921600,37.54646995327015
2024-09-13 00:00:00+00:00,37.58493036391075,36.95995563914148,37.16187286376953,31887300,37.383016807103886
2024-09-16 00:00:00+00:00,37.70030874827285,37.29648163751891,37.59454345703125,26336400,37.315712023910216
2024-09-17 00:00:00+00:00,38.267592192414725,37.70030863298008,38.027217864990234,27769400,37.76761315123325
2024-09-18 00:00:00+00:00,38.57526920079916,37.902220382502854,38.094520568847656,42527800,38.094520568847656
2024-09-19 00:00:00+00:00,39.469464158759465,38.469506068055665,39.29639434814453,57977800,38.498353481705614
2024-09-20 00:00:00+00:00,39.16178556946176,38.69065393464459,38.71949768066406,70725000,39.05602027696205
2024-09-23 00:00:00+00:00,38.88294925184163,38.2195174393478,38.334896087646484,31714800,38.66180531434369
2024-09-24 00:00:00+00:00,38.440664670931,37.738772026250146,37.93107223510742,32534900,38.31566898500056
2024-09-25 00:00:00+00:00,37.89261278484845,37.440707828404285,37.738773345947266,28866000,37.738773345947266
2024-09-26 00:00:00+00:00,38.19067513861627,37.60416118019898,37.998374938964844,39601400,37.87337925901823
2024-09-27 00:00:00+00:00,38.36374426204667,37.83491780555402,37.88299560546875,27861100,38.123369933757715
2024-09-30 00:00:00+00:00,38.25797934261955,37.517625964154696,38.15221405029297,35055200,37.71953952160297
2024-10-01 00:00:00+00:00,38.03683584542847,37.44070485764298,37.70992660522461,26291200,37.988758044481614
2024-10-02 00:00:00+00:00,38.017605133679176,37.54646983030403,37.719539642333984,23302700,37.73877002898411
2024-10-03 00:00:00+00:00,37.758003734287605,37.23879425256301,37.738773345947266,26030200,37.479168605084965
2024-10-04 00:00:00+00:00,38.70027143696249,38.094527030959114,38.5656623840332,34209900,38.392592553746525
2024-10-07 00:00:00+00:00,38.88295077420259,38.181058162188044,38.42143249511719,27177500,38.66180682804633
2024-10-08 00:00:00+00:00,38.6041239960064,38.27721471704401,38.39259338378906,26023600,38.50797205053412
2024-10-09 00:00:00+00:00,38.834882166967084,38.19068062360822,38.642581939697266,27421000,38.33490304319427
2024-10-10 00:00:00+00:00,38.58488494261565,38.23874535228499,38.43104553222656,26182300,38.469502633958186
2024-10-11 00:00:00+00:00,40.54634674399785,38.84449944161089,40.33481979370117,50660700,38.94064772194376
2024-10-14 00:00:00+00:00,40.5559571020596,40.11366921676125,40.29635238647461,28098900,40.34442651873379
2024-10-15 00:00:00+00:00,41.69052203986178,40.430959301008876,40.517494201660156,61490000,41.56552636829416
2024-10-16 00:00:00+00:00,41.44053281153678,40.52711329649599,41.15208435058594,42437800,40.58480078799345
2024-10-17 00:00:00+00:00,41.34438586685058,40.83479344731082,40.95978546142578,31708600,41.18093307862888
2024-10-18 00:00:00+00:00,41.007862898429615,40.488653456068036,40.69056701660156,30593500,40.796332310544244
2024-10-21 00:00:00+00:00,40.77710490901269,40.13290340648435,40.152130126953125,26589500,40.623265470511775
2024-10-22 00:00:00+00:00,40.77709859830585,39.969440754214666,40.67133331298828,37104400,40.046362295471425
2024-10-23 00:00:00+00:00,40.83480023763361,40.40212562653758,40.70980453491211,28569400,40.57519547097599
2024-10-24 00:00:00+00:00,41.017479265997295,40.35404737509636,41.00786590576172,28392000,40.690570000664614
2024-10-25 00:00:00+00:00,41.325158646126205,40.18097803744344,40.27712631225586,27466900,41.267467480545804
2024-10-28 00:00:00+00:00,41.10401103075861,40.39250138971817,40.9790153503418,24527600,40.450192550176986
2024-10-29 00:00:00+00:00,41.1617045204562,40.8347952616664,40.89248275756836,22313500,40.95017392129178
2024-10-30 00:00:00+00:00,41.24823755964525,40.036748851199796,40.68095397949219,38100500,40.10405337191107
2024-10-31 00:00:00+00:00,40.91171631623524,40.19059321900023,40.20982360839844,28138200,40.661728589702
2024-11-01 00:00:00+00:00,40.796335297302996,40.14251676671874,40.152130126953125,31220000,40.52711719688178
2024-11-04 00:00:00+00:00,40.40211743181285,39.52715502587401,39.738685607910156,31110100,40.00790368117713
2024-11-05 00:00:00+00:00,40.39250529984168,39.78676456158205,40.267513275146484,30851400,39.91175658627725
2024-11-06 00:00:00+00:00,43.796203432629525,42.305883277991796,43.66159439086914,110086700,43.07508042220921
2024-11-07 00:00:00+00:00,43.48852200416131,42.796242781378396,43.046234130859375,48339700,43.305838839402966
2024-11-08 00:00:00+00:00,43.74812893456683,43.2193061315594,43.39237594604492,38331800,43.40198930559578
2024-11-11 00:00:00+00:00,44.72885507070731,43.82504892438314,44.3057975769043,43293500,43.844275642801385
2024-11-12 00:00:00+00:00,44.66155624248286,44.07504222483613,44.09427261352539,38155900,44.36349071953178
2024-11-13 00:00:00+00:00,44.69039966398177,44.065428541359786,44.103885650634766,36903900,44.42118155994901
2024-11-14 00:00:00+00:00,44.38271626670724,43.96927212454301,44.132728576660156,35733100,44.1808027092283
2024-11-15 00:00:00+00:00,45.03653567047935,43.86350773889877,44.95000076293945,40488900,43.86350773889877
2024-11-18 00:00:00+00:00,45.20961015056781,44.70001768015064,44.92116165161133,32360300,44.950005401160475
2024-11-19 00:00:00+00:00,44.82500621814019,44.18080474286783,44.62309265136719,28534100,44.21926551782118
2024-11-20 00:00:00+00:00,44.84423036117544,44.15195117969877,44.286563873291016,28021000,44.77692584828975
2024-11-21 00:00:00+00:00,45.23844517959438,44.517322237301734,44.67116165161133,45336500,44.60385713708969
2024-11-22 00:00:00+00:00,45.401906876334365,44.498097003293914,45.19037628173828,37996200,44.584631913099464
2024-11-25 00:00:00+00:00,45.90188447934557,45.344214263366304,45.67112350463867,42718600,45.440362529931775
2024-11-26 00:00:00+00:00,45.99803011082033,45.39228579625963,45.911495208740234,30301500,45.68073424725294
2024-11-27 00:00:00+00:00,46.1326424758521,45.81535025718595,45.930728912353516,23278400,45.9788030463549
2024-11-29 00:00:00+00:00,46.228793394331035,45.67112318228786,45.68073654174805,23262000,45.959571647769636
2024-12-02 00:00:00+00:00,45.978802816136394,45.04614921632995,45.22883605957031,35891500,45.90188493568358
2024-12-03 00:00:00+00:00,45.651891540539964,44.853850685718434,45.017303466796875,38123800,45.546126250279265
2024-12-04 00:00:00+00:00,44.97884665606999,44.35387555429701,44.584632873535156,24941300,44.89231174440032
2024-12-05 00:00:00+00:00,45.42113726382686,44.70962759789,45.19037628173828,31572100,44.76731876036749
2024-12-06 00:00:00+00:00,45.49976626081133,44.86164815811052,45.200042724609375,28931700,45.49976626081133
2024-12-09 00:00:00+00:00,45.200048238346874,44.37823065475768,44.38789749145508,34660900,45.016348835299475
2024-12-10 00:00:00+00:00,44.755297746165795,44.07850487625272,44.23320007324219,35665800,44.38789527023165
2024-12-11 00:00:00+00:00,44.62960328622825,43.962480992470475,44.5522575378418,36790500,44.4749081012312
2024-12-12 00:00:00+00:00,44.929326820758114,44.397558664620604,44.5522575378418,24017300,44.61026592707561
2024-12-13 00:00:00+00:00,44.57158962857207,43.87546316487718,44.155845642089844,32902300,44.561922793450535
2024-12-16 00:00:00+00:00,44.16551536558661,43.66275511921964,43.96247863769531,27330400,44.078499098172635
2024-12-17 00:00:00+00:00,43.691761940506005,43.140660109807975,43.55640411376953,33054600,43.691761940506005
2024-12-18 00:00:00+00:00,43.923809352710215,41.912768118573894,42.057796478271484,41771900,43.64342315768122
2024-12-19 00:00:00+00:00,43.00530138147678,41.87409354898813,41.9417724609375,38583600,42.512211638956515
2024-12-20 00:00:00+00:00,42.92795946784519,41.67105684631246,42.70558166503906,74222200,41.76774364932043
2024-12-23 00:00:00+00:00,42.64756747899506,41.36166083532612,42.43486022949219,35374800,42.444530752591724
2024-12-24 00:00:00+00:00,42.94728995711456,42.473537566273876,42.90861892700195,12054400,42.473537566273876
2024-12-26 00:00:00+00:00,43.10199067219006,42.6475719328765,43.07298278808594,16077400,42.74425504462546
2024-12-27 00:00:00+00:00,43.29536022877999,42.599233656502754,42.86994934082031,17972500,42.773266221628205
2024-12-30 00:00:00+00:00,42.6765786802231,42.106139435061586,42.45420455932617,16109800,42.43486719817542
2024-12-31 00:00:00+00:00,42.76358979244793,42.260829527970515,42.49287414550781,16110400,42.57989041605629
2025-01-02 00:00:00+00:00,43.111651032884936,42.347842024826484,42.821598052978516,25610600,42.67656971891343
2025-01-03 00:00:00+00:00,43.3630385574071,42.686249355859914,43.32436752319336,23455700,43.26635543953594
2025-01-06 00:00:00+00:00,44.619940342667554,43.60474918383779,43.894805908203125,30518500,43.662761266355744
2025-01-07 00:00:00+00:00,45.10335936490782,44.136513536620186,44.5522575378418,41111200,44.74562375292001
2025-01-08 00:00:00+00:00,44.72629337405821,44.17519146098346,44.67795181274414,40246000,44.37823191966209
2025-01-10 00:00:00+00:00,44.52324793072059,43.25668230517833,43.61441421508789,40741300,44.47490637882319
2025-01-13 00:00:00+00:00,43.8367900231568,43.20833875917817,43.56607437133789,34353600,43.60474540143763
2025-01-14 00:00:00+00:00,44.397561049668596,43.73043872007285,44.262203216552734,36379000,44.08817066305396
2025-01-15 00:00:00+00:00,45.88650197682115,45.28705859792599,45.53843688964844,57154800,45.55777424873849
2025-01-16 00:00:00+00:00,45.93484380505726,44.30087567853232,45.09368896484375,56339300,45.44175405409738
2025-01-17 00:00:00+00:00,45.32573345787632,44.55225753297552,44.987335205078125,44486100,45.06468464168027
2025-01-21 00:00:00+00:00,45.586785593100956,44.9970090048543,45.11302947998047,52089100,45.07435475886361
2025-01-22 00:00:00+00:00,45.180707268299855,44.24286558989645,44.271873474121094,40296200,45.05501627192456
2025-01-23 00:00:00+00:00,45.335405081851356,44.523254352866786,44.85198211669922,35324100,44.523254352866786
2025-01-24 00:00:00+00:00,45.30639649418722,44.619936835359944,44.97766876220703,24655100,44.697282584413074
2025-01-27 00:00:00+00:00,45.57711200080723,44.84231079017016,45.528770446777344,44260000,45.00667281151661
2025-01-28 00:00:00+00:00,45.86716968249463,45.161372594780424,45.28706359863281,27156600,45.51910824511226
2025-01-29 00:00:00+00:00,45.81882346804966,45.093689092788544,45.200042724609375,23681500,45.200042724609375
2025-01-30 00:00:00+00:00,45.60612111744329,44.861652990946084,45.171043395996094,31199900,45.54811272163676
2025-01-31 00:00:00+00:00,45.277395899520315,44.62960721959906,44.76496505737305,30388900,45.151704898062555
2025-02-03 00:00:00+00:00,44.93900066970977,43.614422710935784,44.67795181274414,36497700,43.91414260401783
2025-02-04 00:00:00+00:00,45.56744650360109,44.73595847225939,45.16136932373047,32894000,44.813304223334015
2025-02-05 00:00:00+00:00,45.56744450619388,45.093688431815536,45.5481071472168,27696600,45.422416157977786
2025-02-06 00:00:00+00:00,46.38926368763378,45.60611721719947,46.157222747802734,39793400,45.86716604067757
2025-02-07 00:00:00+00:00,46.379593007637375,45.80915385285035,45.8284912109375,26504700,46.2539020241829
2025-02-10 00:00:00+00:00,45.98319186319161,44.8616507781491,45.12269592285156,26725200,45.90584242163208
2025-02-11 00:00:00+00:00,45.37407777425648,44.745626472385034,45.23871994018555,20314900,45.006675304475124
2025-02-12 00:00:00+00:00,45.035687480562615,44.41690295577852,44.67795181274414,29777100,45.02601695536497
2025-02-13 00:00:00+00:00,45.026012964410945,44.445906903611345,44.79397201538086,26815400,44.977671407381706
2025-02-14 00:00:00+00:00,45.5287748043565,44.938998199361315,45.40308380126953,25960500,44.938998199361315
2025-02-18 00:00:00+00:00,45.10335935998135,44.62960328135353,44.987335205078125,37824100,45.016343087916
2025-02-19 00:00:00+00:00,44.5329186045426,43.91413419820299,44.48457336425781,38967800,44.358886066544585
2025-02-20 00:00:00+00:00,44.658610853350936,43.54674027978897,43.798118591308594,40001100,44.378228345024084
2025-02-21 00:00:00+00:00,44.001156724740554,43.063318679071784,43.32436752319336,43485900,43.74977840534081
2025-02-24 00:00:00+00:00,43.885136561381096,42.96663218209877,42.98596954345703,35512200,43.53707143338151
2025-02-25 00:00:00+00:00,43.35336659887156,41.91276470815598,42.48320388793945,38119000,43.05364306772292
2025-02-26 00:00:00+00:00,43.07298042665742,42.40585814042554,42.48320388793945,32251700,42.57989068261196
2025-02-27 00:00:00+00:00,43.29534837859248,42.48319785970552,42.657230377197266,28477700,42.62822618702317
2025-02-28 00:00:00+00:00,44.66828104061626,42.734589252608835,44.57159423828125,62621100,42.85060972718645
2025-03-03 00:00:00+00:00,45.40308152743958,43.72077176580203,44.04949951171875,46946000,44.67794711923131
2025-03-04 00:00:00+00:00,43.35336343224181,40.63652555608598,41.255306243896484,78278100,43.24700980998241
2025-03-05 00:00:00+00:00,41.313327459906894,40.327144137363376,40.887916564941406,52588900,41.23598170092437
2025-03-06 00:00:00+00:00,40.501170323230895,39.602003426372725,40.085426330566406,58103500,40.2111173183595
2025-03-07 00:00:00+00:00,40.601096207250926,39.51139611416929,40.280025482177734,50651400,40.192460064157785
2025-03-10 00:00:00+00:00,39.52111650899978,38.12007379616274,38.75249099731445,77498400,39.30707063644782
2025-03-11 00:00:00+00:00,39.560034562299116,38.20763849485135,38.5384407043457,50608400,38.62600610425595
2025-03-12 00:00:00+00:00,39.40436512818042,38.13953439723006,38.830326080322266,42290700,39.219506479768235
2025-03-13 00:00:00+00:00,39.10275391491085,38.26602228472528,38.59682083129883,37766100,38.88870801486325
2025-03-14 00:00:00+00:00,39.91030148834377,39.083293998486404,39.783817291259766,35979900,39.170859410083075
2025-03-17 00:00:00+00:00,40.64001747988176,39.49193913410583,40.31894302368164,37242800,39.81300987880579
2025-03-18 00:00:00+00:00,40.698385196224,40.17299279114575,40.52325439453125,37644500,40.59136040502296
2025-03-19 00:00:00+00:00,41.54485344943366,40.182725646567114,41.06810760498047,42471100,40.59136547202694
2025-03-20 00:00:00+00:00,41.56430807792289,40.52325480806942,41.3307991027832,41018100,40.63027588886339
2025-03-21 00:00:00+00:00,41.50593793290631,40.756767953474466,41.32107925415039,65011000,41.01946420949602
2025-03-24 00:00:00+00:00,41.98267612501999,41.59349573297721,41.90483856201172,30646100,41.76862653824654
2025-03-25 00:00:00+00:00,42.352398221711866,41.87565608442457,42.109161376953125,25445300,42.1772673965656
2025-03-26 00:00:00+00:00,42.537259947274315,41.5740404237296,41.66160583496094,30012100,42.28429155416172
2025-03-27 00:00:00+00:00,41.92429501433114,41.36971540701466,41.408634185791016,25619200,41.66159882483928
2025-03-28 00:00:00+00:00,41.46701977746737,39.88111808721336,40.13408279418945,34253000,41.29188893744546
2025-03-31 00:00:00+00:00,40.766492444827506,39.50165801385487,40.60108947753906,36390000,39.67678882086649
2025-04-01 00:00:00+00:00,40.571906100299,39.86165496507131,40.36758804321289,25578500,40.20218506021484
2025-04-02 00:00:00+00:00,40.83459844769703,39.715707593332716,40.71784210205078,28216100,39.77408576615584
2025-04-03 00:00:00+00:00,37.78927007159207,36.018506432876045,36.213096618652344,115497900,37.58495204670155
2025-04-04 00:00:00+00:00,34.8217873837364,32.759136279908425,33.459659576416016,107761200,34.3353136970505
2025-04-07 00:00:00+00:00,35.63906380095768,32.63265622869835,34.617469787597656,137329100,34.023971288088575
2025-04-08 00:00:00+00:00,36.320125901297146,33.40128388792098,34.08234405517578,79116300,35.86283946485502
2025-04-09 00:00:00+00:00,36.82605295313035,32.1753661563359,36.14499282836914,161173500,33.128854042500905
2025-04-10 00:00:00+00:00,35.41528142805917,33.693164348065984,34.880157470703125,90451800,35.337443866444026
2025-04-11 00:00:00+00:00,35.24987918739473,33.86829584392019,34.977455139160156,63671900,34.24774468581815
2025-04-14 00:00:00+00:00,35.98932509069249,35.28880179191511,35.677978515625,46830600,35.50285140243035
2025-04-15 00:00:00+00:00,37.70171102067899,36.77741026625918,36.96227264404297,84677800,36.77741026625918
2025-04-16 00:00:00+00:00,37.12766993307419,35.969863947489024,36.320125579833984,52872700,36.835786476619894
2025-04-17 00:00:00+00:00,36.845511696984765,36.23255759546415,36.39795684814453,47144400,36.49525008954484
2025-04-21 00:00:00+00:00,36.27147285191952,35.50284733330051,35.92121124267578,34928300,36.067154817027095
2025-04-22 00:00:00+00:00,37.44874342603517,36.38823071445898,37.28334045410156,42288900,36.553629974893155
2025-04-23 00:00:00+00:00,39.044382077762705,37.62387598475081,37.70171356201172,54428400,38.34385872841437
2025-04-24 00:00:00+00:00,38.62601091418297,37.55576659184059,38.50925827026367,42457100,37.61414476955005
2025-04-25 00:00:00+00:00,38.71357274119563,38.25628633688593,38.616275787353516,32694200,38.47033592383928
2025-04-28 00:00:00+00:00,38.99573316391711,38.39250310997347,38.7038459777832,37428000,38.723305370958784
2025-04-29 00:00:00+00:00,39.0541048491958,38.41195976615594,38.908164978027344,33792500,38.55790334882388
2025-04-30 00:00:00+00:00,38.91788864355663,37.76981063165179,38.8011360168457,40994600,38.29520301909958
2025-05-01 00:00:00+00:00,39.3459901490224,38.50925853183445,39.08329391479492,33569100,38.7427638212591
2025-05-02 00:00:00+00:00,40.11461765112791,39.598956758013436,39.958946228027344,41613000,39.80327480492678
2025-05-05 00:00:00+00:00,40.36758441463647,39.52111760593921,40.007591247558594,32829200,39.744895035704204
2025-05-06 00:00:00+00:00,40.15353609902186,39.46274439675809,39.73516845703125,29541800,39.55030980348867
2025-05-07 00:00:00+00:00,40.22164309279858,39.754628816038164,39.82273483276367,30925900,39.92975963376077
2025-05-08 00:00:00+00:00,41.00972953610549,40.134075495245845,40.474605560302734,41861700,40.17299427739501
2025-05-09 00:00:00+00:00,40.84432826011138,40.56217264508774,40.65946960449219,27222800,40.60109142884952
2025-05-12 00:00:00+00:00,42.77076723582605,41.778360432640845,42.1870002746582,44875100,42.14808148751373
2025-05-13 00:00:00+00:00,43.28643314132308,42.24537596828413,43.08211135864258,43232500,42.24537596828413
2025-05-14 00:00:00+00:00,43.70479401238863,42.936168411997755,43.529666900634766,42419500,42.99454287874916
2025-05-15 00:00:00+00:00,43.76316828207991,42.81940823122458,43.17940139770508,47379400,43.393447275842874
2025-05-16 00:00:00+00:00,43.578307387055425,42.47887597630599,43.48101043701172,49488100,43.14048039060661
2025-05-19 00:00:00+00:00,43.91884262840934,42.916708049165926,43.55885314941406,37915700,42.916708049165926
2025-05-20 00:00:00+00:00,43.695060015608725,43.20858639988763,43.48101043701172,33424300,43.38371719846716
2025-05-21 00:00:00+00:00,43.28642761540825,41.98267806671571,42.07997131347656,55594100,43.16967126549588
2025-05-22 00:00:00+00:00,42.3913161206258,41.79781763799305,42.13835144042969,29026200,42.011867244581815
2025-05-23 00:00:00+00:00,42.255103739233846,41.2043188189229,42.03132629394531,34875100,41.33080301373802
2025-05-27 00:00:00+00:00,43.02373123168945,42.128617776596926,43.02373123168945,36322000,42.60536359151025
2025-05-28 00:00:00+00:00,43.237778381982956,42.77076410493493,42.86806106567383,35673800,43.014000939532835
2025-05-29 00:00:00+00:00,43.25724355104779,42.71239534414484,43.04319763183594,28545100,43.169678130438385
2025-05-30 00:00:00+00:00,43.10156794277922,42.53726039561806,42.9361686706543,66537500,42.994543137757354
2025-06-02 00:00:00+00:00,42.95562585220644,42.18699657525383,42.88751983642578,28582600,42.692929629266956
2025-06-03 00:00:00+00:00,43.519934382676745,42.7513050878443,43.442100524902344,31320200,42.81941110520924
2025-06-04 00:00:00+00:00,43.87019758483899,43.14048704863841,43.15994644165039,30591700,43.39345173479474
2025-06-05 00:00:00+00:00,43.3739915963298,42.81940823122458,43.17940139770508,32020900,43.247507410498834
2025-06-06 00:00:00+00:00,44.20701707940811,43.68831736636383,44.01128387451172,37013000,43.73725066758794
2025-06-09 00:00:00+00:00,44.432113593590636,43.825328757938856,43.91341018676758,32414000,44.1482952414346
2025-06-10 00:00:00+00:00,44.23637864383279,43.79597148004078,44.12872314453125,32229100,43.8449047797129
2025-06-11 00:00:00+00:00,44.44190103849178,43.600234838387955,43.776397705078125,47873500,44.236378938477074
2025-06-12 00:00:00+00:00,43.69810610086525,43.08153605434013,43.66874313354492,30165400,43.45343586230133
2025-06-13 00:00:00+00:00,43.51215439582555,42.72921037791444,43.15004348754883,43281700,43.061962052198105
2025-06-16 00:00:00+00:00,43.9329850737093,43.404496490857525,43.463218688964844,34103600,43.68831484831918
2025-06-17 00:00:00+00:00,43.717670370670334,43.120678207413,43.287052154541016,27489600,43.326200283290326
2025-06-18 00:00:00+00:00,44.23637997091595,43.26748418150681,44.099365234375,37684700,43.31641748264692
2025-06-20 00:00:00+00:00,44.676787157330644,44.304887348518626,44.52998352050781,64591600,44.34403548278759
2025-06-23 00:00:00+00:00,45.381434613935774,44.14829825940785,45.31292724609375,42683600,44.43211663096568
2025-06-24 00:00:00+00:00,46.183952391049885,45.577171251275466,45.665252685546875,45437600,45.753334119818284
2025-06-25 00:00:00+00:00,45.97842584479518,45.4695113552356,45.8511962890625,33532400,45.586955745160154
2025-06-26 00:00:00+00:00,46.56564081169415,45.900137475332556,46.44819641113281,40127000,45.94907077554736
2025-06-27 00:00:00+00:00,46.65371794592365,45.909922084918485,46.11544418334961,56705000,46.43841068091691
2025-06-30 00:00:00+00:00,46.60478747838259,46.02736554767438,46.31118392944336,47921200,46.60478747838259
2025-07-01 00:00:00+00:00,47.38772995182351,45.939282589400875,47.12348937988281,48540900,46.017578857658535
2025-07-02 00:00:00+00:00,47.691117186266,47.03540281134466,47.67154312133789,48003600,47.32900631852393
2025-07-03 00:00:00+00:00,48.25875586134649,47.76941541805575,47.88685607910156,21620300,47.90643014483775
2025-07-07 00:00:00+00:00,48.160885742805924,47.33879364515559,47.62261199951172,35567900,47.700908262798094
2025-07-08 00:00:00+00:00,46.77116108659026,45.76311722133782,46.144805908203125,88086500,46.48734272970504
2025-07-09 00:00:00+00:00,46.43841137635589,45.714185837656316,45.84141540527344,46227900,46.15459300758366
2025-07-10 00:00:00+00:00,46.21331341411951,45.78269142763025,45.96864318847656,44225000,45.900135823966245
2025-07-11 00:00:00+00:00,45.81205328136642,45.26399064521609,45.73375701904297,31653000,45.64567559061472
2025-07-14 00:00:00+00:00,46.06651306152344,45.55759850798877,46.06651306152344,36381200,45.81205765144192
2025-07-15 00:00:00+00:00,46.007788711976765,44.97038931924686,45.1661262512207,55145000,45.880562879559506
2025-07-16 00:00:00+00:00,45.56738661137573,44.05042814434319,45.048683166503906,61296600,45.26399417129491
2025-07-17 00:00:00+00:00,46.2133150591562,44.47126045187465,46.017578125,56480700,44.66699738603085
2025-07-18 00:00:00+00:00,46.36990613257988,45.900139707602776,46.31118392944336,48314200,46.00779147996221
2025-07-21 00:00:00+00:00,47.01582842219956,46.19373636774399,46.46776580810547,32199700,46.52648800248484
2025-07-22 00:00:00+00:00,47.14306087961603,46.44819828181455,46.751590728759766,34749400,46.585213021282826
2025-07-23 00:00:00+00:00,47.28007474325922,46.79073430236452,47.11369705200195,31380100,46.986467492025376
2025-07-24 00:00:00+00:00,47.9553638633148,47.182205060121625,47.358367919921875,42967600,47.45623824946165
2025-07-25 00:00:00+00:00,47.514957968381374,46.91796200922559,47.417091369628906,24461200,47.358369170354564
2025-07-28 00:00:00+00:00,47.505174668007655,47.05498232266703,47.2017822265625,20590400,47.41709323232174
2025-07-29 00:00:00+00:00,47.475808545302826,46.869027436110585,46.92774963378906,26216500,47.35836788331721
2025-07-30 00:00:00+00:00,47.466026763649275,46.72223087354157,46.937538146972656,32265900,47.23114168955802
2025-07-31 00:00:00+00:00,47.006040996824815,46.18394891659546,46.262245178222656,40016300,46.74179671388989
2025-08-01 00:00:00+00:00,45.42057988014843,44.353817562484835,44.68656921386719,52310400,45.37164658240394
2025-08-04 00:00:00+00:00,45.12697575030585,44.66699454430859,44.87251663208008,31038900,44.9801721256855
2025-08-05 00:00:00+00:00,45.019321407576356,43.795970282370476,44.58870315551758,36798300,44.97038810924239
2025-08-06 00:00:00+00:00,44.96060140001518,44.42232762537438,44.45168685913086,27916800,44.735505230015264
2025-08-07 00:00:00+00:00,44.78443724521848,43.82533039186501,43.962345123291016,30609900,44.73550394590511
2025-08-08 00:00:00+00:00,45.31292449445964,44.02106601735619,45.02910614013672,37131600,44.18744371013461
2025-08-11 00:00:00+00:00,45.528236676935,44.83337412233063,45.17591094970703,35559400,45.07804435141989
2025-08-12 00:00:00+00:00,46.6439354569691,45.37165092692931,46.48734664916992,35481200,45.48909159943578
2025-08-13 00:00:00+00:00,46.74180190638988,45.988220838055376,46.23289108276367,29465100,46.66350936943648
2025-08-14 00:00:00+00:00,46.7124375297821,45.89034544872001,46.69286346435547,21073800,46.086082369615035
2025-08-15 00:00:00+00:00,46.80052172649412,45.90013706382504,45.93928146362305,26276900,46.73201436013328
2025-08-18 00:00:00+00:00,47.01583230739942,45.79248115701978,46.89838790893555,43125100,45.91970698863184
2025-08-19 00:00:00+00:00,47.09412563179772,46.61457406347081,47.05498123168945,33783400,46.80052209744246
2025-08-20 00:00:00+00:00,47.46602130297439,46.849451321117606,47.319217681884766,30822200,47.14305482992569
2025-08-21 00:00:00+00:00,47.45624003645081,46.79073670400584,47.23114013671875,28713200,47.240929036727
2025-08-22 00:00:00+00:00,48.60129562038325,47.426877738717764,48.425132751464844,45078900,47.48559993948107
2025-08-25 00:00:00+00:00,48.60129562038325,48.16088844808725,48.425132751464844,34715700,48.337051317005646
2025-08-26 00:00:00+00:00,49.1884999184198,48.20003386160628,49.178714752197266,40609300,48.20003386160628
2025-08-27 00:00:00+00:00,49.550620416479376,48.924265169506654,49.30595016479492,42428200,48.96340957241363
2025-08-28 00:00:00+00:00,49.56040081850329,49.20807509261522,49.41360092163086,32949400,49.47231938703127
2025-08-29 00:00:00+00:00,49.83443092139292,49.433171891377846,49.65827178955078,32496500,49.433171891377846
2025-09-02 00:00:00+00:00,49.39402980869237,48.611082045073914,49.3450927734375,52719800,49.14935956590451
2025-09-03 00:00:00+00:00,49.49189295168621,48.64044161166714,48.992767333984375,38344200,49.32551899024272
2025-09-04 00:00:00+00:00,49.74635071142718,49.05148445221218,49.54082489013672,34796900,49.16892884534138
2025-09-05 00:00:00+00:00,49.98368492587328,48.448449333808746,48.97987747192383,40063300,49.6392390937748
2025-09-08 00:00:00+00:00,49.11765383565335,48.10400679803925,48.67479705810547,48033100,49.00939953957086
2025-09-09 00:00:00+00:00,49.75733699523411,48.67479777265455,49.49162292480469,40060100,48.71416365437827
2025-09-10 00:00:00+00:00,49.826225930030546,49.176703891374075,49.334163665771484,31706300,49.57035145029903
2025-09-11 00:00:00+00:00,50.15098210176845,49.19638391846149,49.94431686401367,28055200,49.34400033651337
2025-09-12 00:00:00+00:00,50.121461577459584,49.65892185659418,49.77701950073242,27851100,49.89511339073358
2025-09-15 00:00:00+00:00,50.27892369749462,49.65892417628692,49.786861419677734,29043600,50.042732152322124
2025-09-16 00:00:00+00:00,50.07225964636945,49.41289422608141,49.855751037597656,31624400,49.83606809551501
2025-09-17 00:00:00+00:00,50.81035164483366,49.98368687141256,50.58400344848633,38337900,50.05257528968621
2025-09-18 00:00:00+00:00,51.361459010894386,50.485588760387124,51.30241394042969,35246900,50.6725748278913
2025-09-19 00:00:00+00:00,51.823996421644566,50.938282863122495,51.42050552368164,98970700,51.32209457457344
2025-09-22 00:00:00+00:00,51.51891894559339,50.93828530805681,51.09574508666992,27468000,50.93828530805681
2025-09-23 00:00:00+00:00,52.04050535560516,50.702095415797096,50.87923812866211,28278200,51.1744747320581
2025-09-24 00:00:00+00:00,51.42050586057761,50.64304659346306,50.87923812866211,27010400,51.026854553291564
2025-09-25 00:00:00+00:00,51.49923469761102,50.62336077637173,51.026851654052734,22957900,50.66272665569107
2025-09-26 00:00:00+00:00,51.78463257642512,51.15479346743953,51.381141662597656,20025800,51.28273070962011
2025-09-29 00:00:00+00:00,51.71574011915067,51.282726704078776,51.58780288696289,23701000,51.52875782144309
2025-09-30 00:00:00+00:00,51.73542623850082,50.21003396792461,50.7709846496582,29945000,51.64685488064093
2025-10-01 00:00:00+00:00,50.85955558250491,49.75733716934374,49.875431060791016,27709100,50.485587213095236
2025-10-02 00:00:00+00:00,50.042729138473014,49.275113232632656,49.67860412597656,22757200,49.84590724250976
2025-10-03 00:00:00+00:00,50.31828988672058,49.74749583899586,49.83606719970703,24565700,49.816384257978186
2025-10-06 00:00:00+00:00,50.50527059844169,49.097972219676485,49.59003448486328,25386300,50.12146263225794
2025-10-07 00:00:00+00:00,50.10177907497386,49.334163152046926,49.49162292480469,24107300,49.74749364773463
2025-10-08 00:00:00+00:00,49.708124861879426,48.98971445601076,49.048763275146484,24014200,49.59987432466926
2025-10-09 00:00:00+00:00,49.48178022778932,48.8814636630908,48.99956130981445,21816900,49.20622656037511
2025-10-10 00:00:00+00:00,49.34400619098875,47.77924794751004,47.877662658691406,31831900,49.13734092871394
2025-10-13 00:00:00+00:00,48.61575201639692,48.0351184086667,48.08432388305664,34462800,48.418926364700106
2025-10-14 00:00:00+00:00,49.69829072775726,47.75956412576636,49.2947998046875,42462600,48.07448368747265
2025-10-15 00:00:00+00:00,52.01098198467492,50.41670123360338,51.45003128051758,69992200,50.75130373732332
2025-10-16 00:00:00+00:00,51.922408889026435,49.20622682036277,49.63924026489258,49027700,51.76494911336676
2025-10-17 00:00:00+00:00,50.948126902952886,49.530988944194284,50.465904235839844,48915400,50.14114509605932
2025-10-20 00:00:00+00:00,51.450028265086196,50.55447510969634,51.21384048461914,25786000,50.623363525177325
2025-10-21 00:00:00+00:00,51.53860323834715,50.6233670779963,50.70209884643555,27303400,51.26304955708447
2025-10-22 00:00:00+00:00,50.76114805957371,49.6392428755894,50.28876495361328,34955000,50.68241629053452
2025-10-23 00:00:00+00:00,50.97764789358053,50.29860334613855,50.93828201293945,26028800,50.66272835672596
2025-10-24 00:00:00+00:00,51.981455163785704,51.02685320895575,51.73542404174805,38923900,51.02685320895575
2025-10-27 00:00:00+00:00,52.22748916770151,51.696061013783435,52.17828369140625,27345800,51.96177509074247
2025-10-28 00:00:00+00:00,52.43415344132585,51.50907774018588,52.030662536621094,29575200,52.158599775909074
2025-10-29 00:00:00+00:00,52.16844371689924,51.489399090188066,51.74527359008789,29158800,51.82400160642345
2025-10-30 00:00:00+00:00,52.591608852189545,51.72558204582604,52.18811798095703,37548600,51.83383258101886
2025-10-31 00:00:00+00:00,52.78843799345407,51.9322507228958,52.60145568847656,39295700,51.951933663546654
2025-11-03 00:00:00+00:00,52.78843717472577,51.8732010964099,52.70970916748047,31252300,52.41446881643379
2025-11-04 00:00:00+00:00,53.14272553488767,51.88304731612535,52.69002914428711,47226600,52.17828392938061
2025-11-05 00:00:00+00:00,52.22748861722815,50.91860494171123,51.617332458496094,54353600,52.11923431803725
2025-11-06 00:00:00+00:00,52.89669280642169,51.93225122993594,52.44399642944336,55296000,52.57192991371738
2025-11-07 00:00:00+00:00,52.729395168327805,51.87320410721691,52.35542678833008,40537700,52.30622131167867
2025-11-10 00:00:00+00:00,53.13288821591636,52.493205731363425,52.57193374633789,26094600,52.562094152267605
2025-11-11 00:00:00+00:00,53.12304086396156,52.43415295270212,52.77859878540039,22244300,52.89669267603035
2025-11-12 00:00:00+00:00,53.82177066807658,52.91637787766896,53.250980377197266,40536700,53.034471773344464
2025-11-13 00:00:00+00:00,53.34938954904541,51.93225158586857,52.030662536621094,37716100,52.93605905092026
2025-11-14 00:00:00+00:00,52.06018872998184,51.2039976926242,51.7747917175293,32363100,52.02082284809795
2025-11-17 00:00:00+00:00,51.74527431979663,50.574163619389125,50.66273498535156,35546800,51.74527431979663
2025-11-18 00:00:00+00:00,51.351618580029545,50.33797150944678,50.8201904296875,35189500,50.465904996126135
2025-11-19 00:00:00+00:00,51.656700209561265,50.84971461025395,51.19416046142578,28112300,50.84971461025395
2025-11-20 00:00:00+00:00,52.10939310769997,50.160827045134894,50.19034957885742,36661600,51.66653633117676
2025-11-21 00:00:00+00:00,50.95796755382041,49.895115001229456,50.74146270751953,43867200,50.475748630837494
2025-11-24 00:00:00+00:00,51.410663123113615,50.583998431679255,51.10558319091797,52852100,50.83002954515214
2025-11-25 00:00:00+00:00,52.04050571060616,51.03669824890251,51.646854400634766,41310100,51.420506211349206
2025-11-26 00:00:00+00:00,52.404628647979614,51.71574075999568,52.14875793457031,32045600,51.8633609338983
2025-11-28 00:00:00+00:00,53.08367588431778,52.20780565183422,52.798282623291016,18920800,52.26685447522105
2025-12-01 00:00:00+00:00,53.0443126769047,52.36526436125284,52.39479064941406,30536500,52.6506613706098
2025-12-02 00:00:00+00:00,52.78844167961049,52.12908001538123,52.345584869384766,46073500,52.68018737554006
2025-12-03 00:00:00+00:00,53.37891289674236,52.33573960720702,53.231292724609375,37134400,52.4046280197659
2025-12-04 00:00:00+00:00,53.82177097405104,53.14272637738499,53.30018615722656,38529600,53.34939163452632
2025-12-05 00:00:00+00:00,54.239965562888344,53.16169511303355,53.36943435668945,33986500,53.3496491277251
2025-12-08 00:00:00+00:00,53.626630769107166,52.914381447973156,53.319969177246094,34386600,53.319969177246094
2025-12-09 00:00:00+00:00,53.69587887100708,52.69674938035476,52.963844299316406,47189300,53.3892172694798
2025-12-10 00:00:00+00:00,53.962975094880214,52.765997067869264,53.4980354309082,54424400,53.013306764705234
2025-12-11 00:00:00+00:00,54.0619015153107,53.17158509267246,53.972869873046875,35686900,53.36943360588613
2025-12-12 00:00:00+00:00,54.704901276593596,53.76512372385789,54.54662322998047,40539400,54.19049668168935
2025-12-15 00:00:00+00:00,55.46661554397275,54.47737680942906,54.734580993652344,32881300,54.81371813011977
2025-12-16 00:00:00+00:00,54.75436274839496,54.10146533095448,54.220176696777344,32931900,54.54662351867443
2025-12-17 00:00:00+00:00,54.97199855404874,53.87394290743475,53.962974548339844,35304100,54.526840349523276
2025-12-18 00:00:00+00:00,54.556519731247164,53.19136917061767,53.67609405517578,87452700,54.210283897202075
2025-12-19 00:00:00+00:00,54.71479857598547,53.79480620372222,54.675228118896484,73001900,53.93329902988718
