datetime,high,low,close,volume,open
2007-01-03 00:00:00+00:00,27.728159057429263,27.28662719986785,27.455211639404297,13562595,27.46323932203529
2007-01-04 00:00:00+00:00,27.736191128228963,27.431132931416492,27.671966552734375,9806285,27.45521598311967
2007-01-05 00:00:00+00:00,27.647882619116853,27.286630646520216,27.447187423706055,10551445,27.511408892865987
2007-01-08 00:00:00+00:00,27.80040981376608,27.350850247495437,27.696046829223633,9479676,27.44718554894122
2007-01-09 00:00:00+00:00,27.848578005027118,27.254520098376037,27.65591049194336,11588444,27.696048910442887
2007-01-10 00:00:00+00:00,27.736193733090335,27.278606394897036,27.688024520874023,7305525,27.415080138318167
2007-01-11 00:00:00+00:00,28.12152533121087,27.655910365880658,28.089414596557617,12361379,27.76830104145306
2007-01-12 00:00:00+00:00,28.330248921479185,27.977024622859847,28.266027450561523,12022301,28.089415301251858
2007-01-16 00:00:00+00:00,28.217862031136598,28.009136037024234,28.12152671813965,11147897,28.105471350021187
2007-01-17 00:00:00+00:00,28.338276083379146,28.017162526133255,28.298137664794922,9946173,28.09744246758775
2007-01-18 00:00:00+00:00,28.84402879534199,28.298133956979232,28.779804229736328,16723872,28.338272370304246
2007-01-19 00:00:00+00:00,28.876143148076654,28.48277733529281,28.49883270263672,12621186,28.844032413388838
2007-01-22 00:00:00+00:00,28.482773995234673,28.13757742924837,28.217857360839844,8841662,28.458690947042932
2007-01-23 00:00:00+00:00,28.611221136710178,28.097440109100518,28.56305503845215,11278865,28.11349547518653
2007-01-24 00:00:00+00:00,28.699525743304516,28.31418768481274,28.3784122467041,10761683,28.56305204160652
2007-01-25 00:00:00+00:00,28.434607511623085,28.001103337218275,28.049272537231445,9584693,28.37841373327428
2007-01-26 00:00:00+00:00,28.153638498379305,27.671968124105447,27.73619270324707,10533604,28.09744470788089
2007-01-29 00:00:00+00:00,28.153631474681326,27.647878173510797,27.840545654296875,11190370,27.696044267635937
2007-01-30 00:00:00+00:00,28.169696989466008,27.79238957429702,28.129558563232422,6639736,27.808444944790455
2007-01-31 00:00:00+00:00,28.306166392444283,28.105471187835462,28.233917236328125,9058895,28.209834184289406
2007-02-01 00:00:00+00:00,28.217855590766394,28.0091296442931,28.105464935302734,8158236,28.169686393118845
2007-02-02 00:00:00+00:00,28.402505889621118,28.097447643612036,28.2419490814209,7773239,28.113503014003395
2007-02-05 00:00:00+00:00,28.4908036074351,28.2178592718252,28.306163787841797,8992296,28.418554457966977
2007-02-06 00:00:00+00:00,28.4667161871373,28.161658060979946,28.24996566772461,7906944,28.426577776928543
2007-02-07 00:00:00+00:00,28.571082351111123,28.25799650792109,28.48277473449707,12159250,28.37841485629089
2007-02-08 00:00:00+00:00,28.972471080543883,28.057299755440503,28.330244064331055,20736442,28.932332668101974
2007-02-09 00:00:00+00:00,28.33827281795709,27.230430862686894,27.58365821838379,19246224,28.257995990038946
2007-02-12 00:00:00+00:00,27.824489592140125,27.11001346338419,27.23042869567871,18015509,27.720129724151537
2007-02-13 00:00:00+00:00,27.792380243088914,27.23846083418228,27.76829719543457,13023822,27.350848389902538
2007-02-14 00:00:00+00:00,27.952941375771278,27.712107757228267,27.896747589111328,11996452,27.760273860079653
2007-02-15 00:00:00+00:00,27.880692553658612,27.431132942164812,27.832523345947266,11198682,27.856606397659878
2007-02-16 00:00:00+00:00,28.02519085556488,27.62379739207761,28.009132385253906,9634871,27.840547937703555
2007-02-20 00:00:00+00:00,28.20180353386734,27.832520795258205,28.1375789642334,8818246,27.952939147071746
2007-02-21 00:00:00+00:00,28.290111895089943,27.89674915777887,28.209835052490234,8346782,27.960970631858636
2007-02-22 00:00:00+00:00,28.290110677247753,28.06533242335865,28.225889205932617,7762392,28.153636946416963
2007-02-23 00:00:00+00:00,28.26602884231003,28.08138900004445,28.209835052490234,7243690,28.177721211164098
2007-02-26 00:00:00+00:00,28.33024543840578,28.04124575052139,28.185747146606445,8214090,28.209830195239668
2007-02-27 00:00:00+00:00,28.09743808027731,26.21089544996279,26.572147369384766,15154283,27.89674291440794
2007-02-28 00:00:00+00:00,27.59971477647033,26.75679252548118,27.495351791381836,15819361,26.89326313883852
2007-03-01 00:00:00+00:00,27.69604491016638,26.917347286602585,27.60774040222168,13915966,27.07790404169672
2007-03-02 00:00:00+00:00,27.48733212148154,27.18227386470851,27.254526138305664,10056462,27.38296910596864
2007-03-05 00:00:00+00:00,27.382959643880685,26.82904022437886,27.069873809814453,10660821,26.93340320382949
2007-03-06 00:00:00+00:00,27.736187645138088,27.09396059655933,27.591686248779297,11526406,27.17423742548881
2007-03-07 00:00:00+00:00,27.79238543978437,27.495354921270067,27.639856338500977,9520831,27.607745602291036
2007-03-08 00:00:00+00:00,27.96097200352625,27.615775354840864,27.848581314086914,8292043,27.79238752151045
2007-03-09 00:00:00+00:00,28.017159650677,27.519433998457036,27.591686248779297,11559149,27.993076601998155
2007-03-12 00:00:00+00:00,27.59168534841678,27.230430317165283,27.455211639404297,11825950,27.439156274142317
2007-03-13 00:00:00+00:00,27.390984966542153,26.90128400208692,26.989591598510742,13893664,27.28662200791128
2007-03-14 00:00:00+00:00,27.663935828128885,26.716650606208873,27.077905654907227,10327522,27.663935828128885
2007-03-15 00:00:00+00:00,27.36690552634878,27.085933514576414,27.12607192993164,10048049,27.2625456464252
2007-03-16 00:00:00+00:00,27.374931951133032,26.893261676152896,26.981569290161133,13816929,27.21437519280632
2007-03-19 00:00:00+00:00,27.390989456597637,27.14212509302328,27.36690330505371,7909275,27.19029118754004
2007-03-20 00:00:00+00:00,27.63985460426742,27.27057495245081,27.599716186523438,7285555,27.334796420841187
2007-03-21 00:00:00+00:00,28.298138708431377,27.503382469722848,28.233917236328125,11937557,27.543520889787377
2007-03-22 00:00:00+00:00,28.434605323945767,27.65590464816661,28.362356185913086,11948910,27.65590464816661
2007-03-23 00:00:00+00:00,28.346306682355674,27.99307928831184,28.089414596557617,7270958,28.145608382200805
2007-03-26 00:00:00+00:00,28.2981347148998,27.93688277672783,28.274051666259766,9948606,28.009131922647935
2007-03-27 00:00:00+00:00,28.18574653537589,27.808436135447185,27.824491500854492,12370198,28.09743892135004
2007-03-28 00:00:00+00:00,27.77633391964851,27.33480192273607,27.47930335998535,12579625,27.76830623448392
2007-03-29 00:00:00+00:00,27.86462934780094,27.487322059829683,27.60774040222168,7857273,27.848573982720083
2007-03-30 00:00:00+00:00,27.89674843675285,27.326770451881703,27.639856338500977,10662848,27.63182865444849
2007-04-02 00:00:00+00:00,27.70407728833861,27.487326718723903,27.671966552734375,7045920,27.615772765426964
2007-04-03 00:00:00+00:00,28.233915483285358,27.71210674198705,28.033220291137695,12224430,27.75224515955939
2007-04-04 00:00:00+00:00,27.993077161928895,27.647880582055887,27.80843734741211,10018550,27.968994112768332
2007-04-05 00:00:00+00:00,28.10546909489324,27.736189449226536,28.025192260742188,7685048,27.792383233132274
2007-04-09 00:00:00+00:00,28.10546909489324,27.9368846388901,28.025192260742188,8176280,28.025192260742188
2007-04-10 00:00:00+00:00,28.12152533121087,27.9047747680154,28.089414596557617,7593614,28.07335922923099
2007-04-11 00:00:00+00:00,28.16165984902667,27.5676020273628,27.76829719543457,12000101,28.04927229330641
2007-04-12 00:00:00+00:00,27.880692553658612,27.639855827960243,27.832523345947266,9242169,27.776329558617835
2007-04-13 00:00:00+00:00,27.993078750561303,27.704075935661773,27.872663497924805,9090218,27.832521976093336
2007-04-16 00:00:00+00:00,28.20983017178539,27.912799696984496,28.113494873046875,8110390,27.936882745597696
2007-04-17 00:00:00+00:00,28.290106505415068,27.86463000783729,28.217857360839844,8993310,28.0412452364814
2007-04-18 00:00:00+00:00,28.177718594398115,27.896746567105776,28.033220291137695,7423112,28.137580176825775
2007-04-19 00:00:00+00:00,28.113497126282375,27.75224515955939,28.033220291137695,8197567,28.0573033416811
2007-04-20 00:00:00+00:00,28.354331777291492,27.864630701394624,28.32221794128418,12246427,28.249968794910657
2007-04-23 00:00:00+00:00,28.338267518704555,28.121517019572195,28.16165542602539,6981551,28.257990705798168
2007-04-24 00:00:00+00:00,28.29010891772659,28.00913378962605,28.025192260742188,6938976,28.177718245629187
2007-04-25 00:00:00+00:00,28.44263839633871,27.98505112255459,28.354333877563477,9223923,28.153635580866005
2007-04-26 00:00:00+00:00,28.474750861001475,28.073360451783838,28.233917236328125,7538976,28.233917236328125
2007-04-27 00:00:00+00:00,28.201810670494098,27.92886316512206,28.081392288208008,6210340,28.097447658607937
2007-04-30 00:00:00+00:00,28.20983835569406,27.856610894035757,28.081392288208008,10169589,28.113503029007866
2007-05-01 00:00:00+00:00,28.49883738847174,28.169696095231497,28.474754333496094,11095590,28.169696095231497
2007-05-02 00:00:00+00:00,28.900226214710447,28.418555881274806,28.65938949584961,12028383,28.45869429965627
2007-05-03 00:00:00+00:00,28.908255473008975,28.59516958400783,28.651363372802734,8324886,28.683477213543163
2007-05-04 00:00:00+00:00,29.0286686009227,28.667416672426288,28.779804229736328,7428890,28.699527403086297
2007-05-07 00:00:00+00:00,29.141055808340987,28.835997694659053,28.94838523864746,8703497,28.8841637849398
2007-05-08 00:00:00+00:00,29.357812187314984,28.916280291959804,29.34175682067871,15504815,29.036698646017744
2007-05-09 00:00:00+00:00,29.165149346030688,28.65939279898915,28.996564865112305,14108870,28.940367968615252
2007-05-10 00:00:00+00:00,28.892200104781857,28.538975795212927,28.651363372802734,9787633,28.771781738792296
2007-05-11 00:00:00+00:00,29.03669510406616,28.68347087258334,28.9564151763916,7581348,28.691498554922244
2007-05-14 00:00:00+00:00,29.100919171746078,28.803888690006076,28.88416862487793,6719108,28.95641777240538
2007-05-15 00:00:00+00:00,29.17317194732552,28.81191689034502,28.85205841064453,7869742,29.004587495782292
2007-05-16 00:00:00+00:00,29.0447264372658,28.723612894775304,28.908252716064453,8476330,29.004588020525965
2007-05-17 00:00:00+00:00,29.084864155281988,28.731639887885347,28.892196655273438,6849569,28.868113605808098
2007-05-18 00:00:00+00:00,29.052748720247486,28.763745964869102,28.916275024414062,10987734,28.988527265401324
2007-05-21 00:00:00+00:00,29.51033478251942,28.884163204315822,29.253442764282227,12149012,28.900218567419994
2007-05-22 00:00:00+00:00,29.46217548345648,28.98050516646343,29.116975784301758,7247238,29.46217548345648
2007-05-23 00:00:00+00:00,29.534417310850042,29.100913201760328,29.285552978515625,7884034,29.116968564583818
2007-05-24 00:00:00+00:00,29.35780749774775,28.739663563848957,28.771774291992188,8845109,29.34977981571194
2007-05-25 00:00:00+00:00,29.02065365213497,28.611232343714274,28.924318313598633,6399899,28.82798607934929
2007-05-29 00:00:00+00:00,29.012614954438188,28.474747766874618,28.571083068847656,11589154,28.940362701886954
2007-05-30 00:00:00+00:00,28.884170010913394,28.314192069258258,28.82797622680664,12281703,28.386444324538598
2007-05-31 00:00:00+00:00,28.860085670454136,28.314190803533517,28.450664520263672,15805373,28.819947255029327
2007-06-01 00:00:00+00:00,28.595158180893442,28.201795607620987,28.29010009765625,12744045,28.426573777450255
2007-06-04 00:00:00+00:00,28.72361406954598,28.23391605243405,28.65938949584961,12621287,28.5630572917341
2007-06-05 00:00:00+00:00,28.811923322831312,28.266031430313348,28.314197540283203,9957729,28.70756341789663
2007-06-06 00:00:00+00:00,28.386444222993784,27.896746221814574,28.025192260742188,9045920,28.306164284556804
2007-06-07 00:00:00+00:00,28.02519553659453,27.254522317231128,27.50338363647461,13395945,27.91280485135983
2007-06-08 00:00:00+00:00,27.51943310045223,27.126070442962394,27.455211639404297,11568474,27.302682565129835
2007-06-11 00:00:00+00:00,27.647880347871332,27.390991388048764,27.439157485961914,7646629,27.51943431581717
2007-06-12 00:00:00+00:00,27.439156689036448,26.909317210237056,26.941431045532227,9726812,27.37493212273178
2007-06-13 00:00:00+00:00,27.30198192233509,26.854409058877682,27.17991828918457,16055000,27.26129404461825
2007-06-14 00:00:00+00:00,27.643758921653145,27.179910420537006,27.49728012084961,14256200,27.188046752010454
2007-06-15 00:00:00+00:00,28.278510688470764,27.66818311965485,27.99369239807129,22308600,27.749558887115686
2007-06-18 00:00:00+00:00,28.392432754949297,28.05878720319152,28.107614517211914,13016200,28.07506297453165
2007-06-19 00:00:00+00:00,28.368015193586764,28.026230269757153,28.286636352539062,11318200,28.08319390634786
2007-06-20 00:00:00+00:00,28.28663871356357,27.798378043664773,27.822790145874023,11218300,28.28663871356357
2007-06-21 00:00:00+00:00,27.96113263505958,27.57052347828342,27.822790145874023,10323800,27.773965941455522
2007-06-22 00:00:00+00:00,28.026230998409734,27.59493399464244,27.782100677490234,15008200,27.676309733520455
2007-06-25 00:00:00+00:00,28.091343995972647,27.60308007737305,27.717010498046875,10094000,27.757698381858535
2007-06-26 00:00:00+00:00,27.90417724700976,27.554255858513677,27.717010498046875,9643600,27.830937814434147
2007-06-27 00:00:00+00:00,27.944861141516796,27.448460958733737,27.887897491455078,8017900,27.505424608795455
2007-06-28 00:00:00+00:00,27.87161742833271,27.440320400185385,27.54610824584961,11961500,27.87161742833271
2007-06-29 00:00:00+00:00,28.04250676704243,27.432179412600956,27.782100677490234,12019300,27.578658226009743
2007-07-02 00:00:00+00:00,28.254089885762117,27.830929195735084,28.09133529663086,7763800,27.977408015524656
2007-07-03 00:00:00+00:00,28.213402374493818,27.912308365416305,28.107614517211914,5158900,28.107614517211914
2007-07-05 00:00:00+00:00,28.188991131139026,27.863485007246172,28.18085479736328,7330400,28.075063832562225
2007-07-06 00:00:00+00:00,28.16458039501289,28.018101545638533,28.06692886352539,6726000,28.14830462238394
2007-07-09 00:00:00+00:00,28.164579632947966,27.97741290920861,28.042512893676758,6021500,28.10761598243104
2007-07-10 00:00:00+00:00,28.148300506541656,27.5461094244676,27.57866096496582,11101000,27.80651553988185
2007-07-11 00:00:00+00:00,27.67631525814517,27.399633344730255,27.65190315246582,9836700,27.472872766054383
2007-07-12 00:00:00+00:00,27.887899766306063,27.635629935250414,27.871623992919922,10820300,27.757696683503294
2007-07-13 00:00:00+00:00,28.13202722613544,27.668178597982727,27.96927261352539,8205500,27.749554352144735
2007-07-16 00:00:00+00:00,28.140161002386648,27.839063943137994,28.05064582824707,5896500,27.839063943137994
2007-07-17 00:00:00+00:00,28.376161368289118,27.95300056091686,28.221546173095703,11371400,28.02623999112141
2007-07-18 00:00:00+00:00,28.302917665813055,27.822793274565168,28.15643882751465,10280800,28.1238903890041
2007-07-19 00:00:00+00:00,28.343603451145537,27.993682190937413,28.05064582824707,8068900,28.205260971761078
2007-07-20 00:00:00+00:00,28.123888922786715,27.89603123937617,27.94485855102539,10748100,28.042510070038013
2007-07-23 00:00:00+00:00,28.66910986755795,28.018094644189727,28.50635528564453,11264900,28.034370412809615
2007-07-24 00:00:00+00:00,28.791181255091548,28.213402240266586,28.278505325317383,10447200,28.441259933658415
2007-07-25 00:00:00+00:00,28.636555108560902,28.278497552063026,28.424976348876953,10207300,28.408700582088173
2007-07-26 00:00:00+00:00,28.400569310326873,27.456596398406877,27.733278274536133,15441300,28.286638922508992
2007-07-27 00:00:00+00:00,27.977408586940438,27.45659637451172,27.45659637451172,12203200,27.78210245513684
2007-07-30 00:00:00+00:00,27.790243795791692,27.318255755767716,27.676313400268555,11459800,27.65190129622796
2007-07-31 00:00:00+00:00,27.725137921148086,26.846268117030515,26.85440444946289,15670600,27.676310613697172
2007-08-01 00:00:00+00:00,27.619346820716622,26.650961843783023,27.529834747314453,15048300,26.756752790530815
2007-08-02 00:00:00+00:00,28.09947526513439,27.415908385760375,27.961135864257812,11475200,27.651902415323235
2007-08-03 00:00:00+00:00,28.172713760399617,27.537974216189134,27.586801528930664,12642500,27.78210457132502
2007-08-06 00:00:00+00:00,27.985547156502435,27.529837986345576,27.912307739257812,14263800,27.668177383204366
2007-08-07 00:00:00+00:00,28.359881631619423,27.54611167829564,28.115751266479492,14309900,27.627490536199627
2007-08-08 00:00:00+00:00,28.424979350388263,27.546106476700878,27.90416717529297,13078200,28.156433826444196
2007-08-09 00:00:00+00:00,27.83092886848229,26.85440444946289,26.85440444946289,14932200,27.52983489991554
2007-08-10 00:00:00+00:00,27.196196099987834,26.09760767244573,26.984617233276367,15404100,26.50449273513342
2007-08-13 00:00:00+00:00,27.45659421709277,26.960194146037324,27.04970932006836,8596100,27.13108505775908
2007-08-14 00:00:00+00:00,27.26129644299527,26.146432353183403,26.333599090576172,11502700,27.0497175976819
2007-08-15 00:00:00+00:00,26.561451874453596,25.739544001466932,25.804645538330078,12764000,26.28476995474945
2007-08-16 00:00:00+00:00,26.553310704327306,25.43030745779128,26.512622833251953,19361900,25.51168475208477
2007-08-17 00:00:00+00:00,27.301976829239585,26.28476455464582,26.593997955322266,15964200,27.163637449951878
2007-08-20 00:00:00+00:00,26.943920670175032,26.463796326663264,26.781166076660156,10782500,26.675375125232634
2007-08-21 00:00:00+00:00,27.220603755532128,26.56144901948141,27.09040069580078,9959400,26.618412664096013
2007-08-22 00:00:00+00:00,27.40777348100852,26.943924835568176,27.31825828552246,10689800,27.326397723813642
2007-08-23 00:00:00+00:00,27.651908487741252,26.830002026998248,26.984617233276367,10962700,27.464741731419313
2007-08-24 00:00:00+00:00,27.578665146496174,26.952061866184536,27.562389373779297,7380600,27.074128609417983
2007-08-27 00:00:00+00:00,27.733281465726193,27.253157069675506,27.537975311279297,7100200,27.456599557759933
2007-08-28 00:00:00+00:00,27.49728476508974,26.911369462915587,27.017160415649414,9712800,27.464733225127684
2007-08-29 00:00:00+00:00,27.627488275713155,26.911369906181086,27.57866096496582,8361500,27.098536607617216
2007-08-30 00:00:00+00:00,27.456601438145213,27.122955859008236,27.23688316345215,7330700,27.31825892254459
2007-08-31 00:00:00+00:00,27.521695072453916,27.220601108161993,27.34266471862793,7075900,27.45659510106252
2007-09-04 00:00:00+00:00,27.912310970490662,27.261295577555543,27.773971557617188,9743200,27.26943191184199
2007-09-05 00:00:00+00:00,27.74955931167196,27.456604681758936,27.700735092163086,10641700,27.53798045046479
2007-09-06 00:00:00+00:00,28.058785161346552,27.56238503659659,28.001821517944336,8150700,27.847206357893423
2007-09-07 00:00:00+00:00,27.798384270343877,27.236884063758865,27.334535598754883,9909900,27.61121753481554
2007-09-10 00:00:00+00:00,27.562384392360812,27.041572176693435,27.310117721557617,5500100,27.33452982407775
2007-09-11 00:00:00+00:00,27.424045685084504,27.09040015713922,27.253154754638672,7714800,27.36708204160256
2007-09-12 00:00:00+00:00,27.521694800786662,27.18804930194971,27.440319061279297,8113000,27.28570081021564
2007-09-13 00:00:00+00:00,27.58680033520022,27.21246382895179,27.27756690979004,6968700,27.505421484152407
2007-09-14 00:00:00+00:00,27.546108622585496,26.85440548070583,27.310117721557617,8797900,27.114811588539514
2007-09-17 00:00:00+00:00,27.220604622380776,26.90323484819674,27.16364097595215,7205200,27.1473652049317
2007-09-18 00:00:00+00:00,28.237813022262948,27.17991289032962,28.140161514282227,13653100,27.293840167021376
2007-09-19 00:00:00+00:00,28.44125584164429,28.107610339477432,28.123886108398438,10549400,28.32732856348275
2007-09-20 00:00:00+00:00,28.27851112111977,27.505428901267813,27.700735092163086,10201900,28.213408022725815
2007-09-21 00:00:00+00:00,28.39243285636052,27.70072964550715,28.15643882751465,14708900,27.717005416905415
2007-09-24 00:00:00+00:00,28.156437727241443,27.830931624853935,27.9285831451416,8089600,28.156437727241443
2007-09-25 00:00:00+00:00,27.928587852354347,27.407775517325536,27.72514533996582,9942600,27.830936315608042
2007-09-26 00:00:00+00:00,28.140162604655913,27.822789758921445,28.09133529663086,8417300,27.887892836288184
2007-09-27 00:00:00+00:00,28.06693091028784,27.765833751124227,27.839073181152344,6974400,28.058791471236695
2007-09-28 00:00:00+00:00,28.009958215469045,27.611212706463277,27.985546112060547,8016200,27.87975515681409
2007-10-01 00:00:00+00:00,28.40871286913824,27.97741572769311,28.197134017944336,8662100,27.97741572769311
2007-10-02 00:00:00+00:00,28.490085695773633,28.156440127420645,28.294782638549805,9403000,28.197131109937892
2007-10-03 00:00:00+00:00,28.45753373307549,28.107612435888687,28.254091262817383,5716800,28.15643664200776
2007-10-04 00:00:00+00:00,28.53890930464241,28.343606272791018,28.400569915771484,5580700,28.392430478611004
2007-10-05 00:00:00+00:00,28.97020779121314,28.50635918706251,28.86441993713379,7324700,28.55518649960474
2007-10-08 00:00:00+00:00,29.043447759727968,28.58773858448521,28.7016658782959,4791700,28.86442048557657
2007-10-09 00:00:00+00:00,28.8481388092041,28.563317528694377,28.8481388092041,7273700,28.612144832169406
2007-10-10 00:00:00+00:00,28.929524728823313,28.5307791417288,28.709806442260742,4715700,28.848148965334833
2007-10-11 00:00:00+00:00,28.994627165050495,28.40057541306385,28.490087509155273,6109800,28.888836191487133
2007-10-12 00:00:00+00:00,28.953935124651608,28.604013812146974,28.86441993713379,5474100,28.644701687122563
2007-10-15 00:00:00+00:00,28.880690344840648,28.36801452335162,28.595869064331055,6688100,28.783035737890632
2007-10-16 00:00:00+00:00,28.758633110288503,28.433123855148764,28.490087509155273,8072600,28.587742148268987
2007-10-17 00:00:00+00:00,28.96207442666572,28.59587730577694,28.791183471679688,9032300,28.69352883658522
2007-10-18 00:00:00+00:00,28.807455136303176,28.24595192958102,28.302915573120117,8503300,28.734215722569232
2007-10-19 00:00:00+00:00,28.29477567940781,27.481005897788783,27.51355743408203,11195000,28.11574533408031
2007-10-22 00:00:00+00:00,28.31106137715532,27.318260902001697,28.221546173095703,9859200,27.40777610606131
2007-10-23 00:00:00+00:00,28.449392992526402,28.140162686986436,28.39242935180664,6380800,28.33546571108688
2007-10-24 00:00:00+00:00,28.571466766265655,27.961139232737175,28.530778884887695,7848700,28.115754423687967
2007-10-25 00:00:00+00:00,28.481941256763893,27.782098774912054,28.03436851501465,10633300,28.465665489245797
2007-10-26 00:00:00+00:00,28.254091246354207,27.619348628604463,27.97740936279297,11462400,28.172712395726936
2007-10-29 00:00:00+00:00,28.327337151010383,27.83093691343357,28.221546173095703,7164000,28.06693097790229
2007-10-30 00:00:00+00:00,28.1320217258258,27.871615638278154,27.90416717529297,4885800,28.058782319685186
2007-10-31 00:00:00+00:00,28.262230552264977,27.676315183257355,28.18085479736328,7818200,27.676315183257355
2007-11-01 00:00:00+00:00,28.24595309295758,27.114813404255802,27.505422592163086,11121700,28.08319848859141
2007-11-02 00:00:00+00:00,27.87975115336675,27.277563257667104,27.603069305419922,8945500,27.87975115336675
2007-11-05 00:00:00+00:00,27.879758390387824,27.179918809126676,27.570528030395508,7983900,27.179918809126676
2007-11-06 00:00:00+00:00,27.81465401869182,27.358941780277263,27.733278274536133,6594500,27.554247912250833
2007-11-07 00:00:00+00:00,27.69258855522346,27.106676341277726,27.26129150390625,7564100,27.285703607403963
2007-11-08 00:00:00+00:00,27.529835277928843,26.764889638788798,27.367080688476562,12136700,27.212462431568376
2007-11-09 00:00:00+00:00,27.01716139798809,26.089464205338604,26.6428279876709,14932200,26.69979163253283
2007-11-12 00:00:00+00:00,26.626550995271618,26.040635698679903,26.05691146850586,13316400,26.040635698679903
2007-11-13 00:00:00+00:00,26.91137041775462,26.08946418240789,26.8625431060791,11447600,26.21966724259012
2007-11-14 00:00:00+00:00,26.968334632245277,25.837194940964388,25.92671012878418,15313300,26.968334632245277
2007-11-15 00:00:00+00:00,26.724205660521385,25.837196278292044,26.366147994995117,10539500,25.877884155510884
2007-11-16 00:00:00+00:00,26.610279694175418,26.048776405885167,26.47193717956543,9347700,26.52076449724299
2007-11-19 00:00:00+00:00,26.28476706713112,25.348931995479624,25.430309295654297,14612100,26.252215526204093
2007-11-20 00:00:00+00:00,25.951120353289323,25.24314144389168,25.6744384765625,9425700,25.609336949811652
2007-11-21 00:00:00+00:00,25.796507429910154,25.3245209320826,25.633752822875977,8661400,25.511687643671827
2007-11-23 00:00:00+00:00,25.959262395095088,25.625616823051338,25.910436630249023,3548500,25.755819897402894
2007-11-26 00:00:00+00:00,26.008084388660148,25.38962065124162,25.422170639038086,7337600,25.967396515878853
2007-11-27 00:00:00+00:00,25.8941595931283,24.966462345650733,25.812782287597656,14270700,25.536100380079258
2007-11-28 00:00:00+00:00,26.82185677806463,25.772094350810356,26.60213851928711,12798400,25.95112318084593
2007-11-29 00:00:00+00:00,26.78117052742556,26.349873421576646,26.69979476928711,7761400,26.56959169369388
2007-11-30 00:00:00+00:00,27.253154738917992,26.79744248703956,26.976472854614258,11958400,27.253154738917992
2007-12-03 00:00:00+00:00,27.261292496523012,26.71606813664979,26.886959075927734,9049100,26.903234846947427
2007-12-04 00:00:00+00:00,26.911370861597753,26.39869494554973,26.650964736938477,9322200,26.781167799268115
2007-12-05 00:00:00+00:00,27.13627778766419,26.535805739413057,26.938861846923828,7463500,26.73322168015342
2007-12-06 00:00:00+00:00,27.054020287232024,26.52758195361459,26.914186477661133,7927400,26.930638067814176
2007-12-07 00:00:00+00:00,27.144496749654653,26.864826051569683,26.971759796142578,8023900,26.914180811638555
2007-12-10 00:00:00+00:00,27.119824512142895,26.54403145341036,26.609834671020508,12255800,26.996439164621734
2007-12-11 00:00:00+00:00,26.74144590900543,26.08339800283466,26.124526977539062,13925600,26.60983632777128
2007-12-12 00:00:00+00:00,26.897734652395922,26.29726416833849,26.552257537841797,10617700,26.544033311747153
2007-12-13 00:00:00+00:00,27.05402201549306,26.346619282821944,26.94708824157715,11704100,26.387749829742035
2007-12-14 00:00:00+00:00,27.333691483849446,26.774349960929058,27.152727127075195,11888200,27.0622480865081
2007-12-17 00:00:00+00:00,27.350142548141328,26.889507438767968,27.13627815246582,12023200,27.037568611858692
2007-12-18 00:00:00+00:00,27.3912714272373,26.82370565841973,27.16095542907715,11937200,27.070473247565623
2007-12-19 00:00:00+00:00,27.259655068370925,26.387742927370507,26.53580093383789,11035600,27.111593924084183
2007-12-20 00:00:00+00:00,26.73321949221698,26.428872948895094,26.593385696411133,9591800,26.675640501259316
2007-12-21 00:00:00+00:00,27.185630264791463,26.52758233822886,27.09514808654785,20408900,26.856607870420174
2007-12-24 00:00:00+00:00,27.481750840527106,27.103373699429113,27.341917037963867,3458100,27.111597925183496
2007-12-26 00:00:00+00:00,27.309016749483707,26.92241220389625,26.996442794799805,5029400,27.169179794301375
2007-12-27 00:00:00+00:00,27.062246521456853,26.60161142986164,26.675642013549805,6700400,26.848378996215565
2007-12-28 00:00:00+00:00,26.979985695063018,26.544029603098426,26.66741180419922,5621800,26.955309882406763
2007-12-31 00:00:00+00:00,26.74967348013272,26.51935749564327,26.552257537841797,5447900,26.667415530086522
2008-01-02 00:00:00+00:00,26.840156108852227,26.066948623389884,26.190332412719727,9269900,26.58516116613922
2008-01-03 00:00:00+00:00,26.338389698988323,26.04226739318698,26.132749557495117,9681100,26.223230152893482
2008-01-04 00:00:00+00:00,26.05872302834096,25.499381505580054,25.606313705444336,9550700,25.499381505580054
2008-01-07 00:00:00+00:00,25.90243209197837,25.425347025406605,25.6309871673584,10742900,25.811949927468454
2008-01-08 00:00:00+00:00,25.910659642827433,25.055195841225594,25.121002197265625,13014300,25.705019486931977
2008-01-09 00:00:00+00:00,25.16213492674571,24.018775920012615,24.808433532714844,24858700,25.14568333425353
2008-01-10 00:00:00+00:00,25.450019851713122,24.594556261244346,25.227928161621094,12240900,24.594556261244346
2008-01-11 00:00:00+00:00,25.40067026360312,24.84955460696303,24.94003677368164,11671000,25.04697052869633
2008-01-14 00:00:00+00:00,25.29373990275727,24.775527385313833,24.9647159576416,8717400,25.088099740946237
2008-01-15 00:00:00+00:00,24.907135683108205,24.33134263206968,24.553434371948242,12043800,24.857780917195296
2008-01-16 00:00:00+00:00,24.89891060589273,24.12570317566327,24.536983489990234,18819600,24.39714812036267
2008-01-17 00:00:00+00:00,24.709719959805295,23.59926289072762,23.665067672729492,20109200,24.594560414619696
2008-01-18 00:00:00+00:00,24.10925023093659,23.237336452884172,23.451202392578125,16355300,23.854256889686408
2008-01-22 00:00:00+00:00,23.426520388362764,21.633338421484567,23.130399703979492,20538100,22.35719246977588
2008-01-23 00:00:00+00:00,23.47588228452523,22.283168684971045,23.459430694580078,22041300,22.291394479943623
2008-01-24 00:00:00+00:00,24.10925228394625,23.319594810673262,24.043447494506836,14847200,23.50878338419784
2008-01-25 00:00:00+00:00,24.561661474160527,23.525234868448006,23.591039657592773,11966600,24.290216522824622
2008-01-28 00:00:00+00:00,24.24086038064898,23.44297716136786,24.158605575561523,10421800,23.648617311906175
2008-01-29 00:00:00+00:00,24.018768514752697,23.130403189900733,23.689743041992188,23011500,23.63216405493202
2008-01-30 00:00:00+00:00,24.660366634696253,23.90361081308943,24.19150733947754,16609200,23.90361081308943
2008-01-31 00:00:00+00:00,24.81665676442138,23.722651079308562,24.545211791992188,15074200,23.887163849409305
2008-02-01 00:00:00+00:00,25.334869301336543,24.824882538500248,25.219711303710938,13988600,25.293741893301696
2008-02-04 00:00:00+00:00,25.540505661779385,25.186805926381258,25.41712188720703,11835300,25.540505661779385
2008-02-05 00:00:00+00:00,25.491149798981358,24.71794248688848,24.734394073486328,19217700,25.491149798981358
2008-02-06 00:00:00+00:00,26.47000321680135,25.581637735647313,25.910661697387695,31176300,26.239685659128078
2008-02-07 00:00:00+00:00,26.256136064173077,25.589862375612363,26.091623306274414,16612800,25.713246159581395
2008-02-08 00:00:00+00:00,26.568705914487722,26.001140248003214,26.420644760131836,15161400,26.001140248003214
2008-02-11 00:00:00+00:00,26.54402730438211,25.92710693884499,26.26435661315918,9082000,26.54402730438211
2008-02-12 00:00:00+00:00,26.683870351168512,26.132756139315948,26.346620559692383,14314100,26.37129951660452
2008-02-13 00:00:00+00:00,27.111594549189814,26.37951617323676,26.963533401489258,14445500,26.37951617323676
2008-02-14 00:00:00+00:00,27.0211154314109,26.45354972651425,26.585159301757812,11997100,26.91418480877661
2008-02-15 00:00:00+00:00,26.897741226754547,26.346623809110476,26.725004196166992,15225700,26.453557601397364
2008-02-19 00:00:00+00:00,26.96353660811512,26.420646714589978,26.478225708007812,10609500,26.75789644938863
2008-02-20 00:00:00+00:00,26.87305202008795,26.231455786649086,26.79902458190918,10207100,26.297260568768706
2008-02-21 00:00:00+00:00,27.054017840530882,26.486452151770127,26.544031143188477,10305200,26.84015346352268
2008-02-22 00:00:00+00:00,26.848377177577532,26.15742615589783,26.79079818725586,8812400,26.527579049265462
2008-02-25 00:00:00+00:00,27.21852693266329,26.72499189029054,27.054014205932617,13567800,26.996435222249772
2008-02-26 00:00:00+00:00,27.31723331357399,26.914180427794072,27.054014205932617,10340600,26.938856238566927
2008-02-27 00:00:00+00:00,27.333685071232253,26.823698439210226,27.22675132751465,10319600,26.947080631666577
2008-02-28 00:00:00+00:00,27.30078338266764,26.68386297338135,26.76612091064453,11221100,27.08691902142229
2008-02-29 00:00:00+00:00,27.02111862923753,26.428877039462293,26.65919303894043,14575900,26.428877039462293
2008-03-03 00:00:00+00:00,26.90596062949846,26.4124254483824,26.65919303894043,8283100,26.82370581191917
2008-03-04 00:00:00+00:00,26.52758012883909,25.811951695508203,26.215007781982422,15907700,26.453549547152797
2008-03-05 00:00:00+00:00,26.445325550216698,25.927111473931795,26.02581787109375,9692200,26.239683823491184
2008-03-06 00:00:00+00:00,26.108071569543334,25.655663896325976,25.70501708984375,10529000,25.951784626342356
2008-03-07 00:00:00+00:00,25.7050163671718,25.137449166489933,25.30196189880371,12750400,25.589858395897974
2008-03-10 00:00:00+00:00,25.35131909950903,24.907137162282865,25.05519676208496,12622400,25.35131909950903
2008-03-11 00:00:00+00:00,25.67211828003016,25.178583123115093,25.655668258666992,14520900,25.499381288891886
2008-03-12 00:00:00+00:00,26.173879608235037,25.66389288428715,25.83662986755371,9646200,25.713246083947606
2008-03-13 00:00:00+00:00,25.97646458953176,25.351318323500095,25.770824432373047,10556200,25.672116466616515
2008-03-14 00:00:00+00:00,25.795503638363108,25.03052194866499,25.318418502807617,11421400,25.770826252953167
2008-03-17 00:00:00+00:00,25.375996483931015,24.717947019534186,25.05519676208496,12626300,24.791977603890206
2008-03-18 00:00:00+00:00,26.09984910106034,25.310191628530593,26.091623306274414,13788400,25.310191628530593
2008-03-19 00:00:00+00:00,26.2396844132092,25.688568715121015,25.696794509887695,11737100,26.06694742983869
2008-03-20 00:00:00+00:00,26.305484113039945,25.705015331435913,26.23967933654785,13802300,25.729692710961555
2008-03-24 00:00:00+00:00,26.45355336489937,26.15743099541815,26.354846954345703,10536000,26.32194377155441
2008-03-25 00:00:00+00:00,26.51935638766842,26.190330876870174,26.387746810913086,8547300,26.31371465896456
2008-03-26 00:00:00+00:00,26.354844529153812,25.935338400628712,26.124526977539062,9219700,26.247910763832337
2008-03-27 00:00:00+00:00,26.289033821538695,25.754369790092227,25.811948776245117,9569900,26.223229041805432
2008-03-28 00:00:00+00:00,26.14097798253809,25.499380111694336,25.499380111694336,11021000,25.984691019978087
2008-03-31 00:00:00+00:00,25.89420514313912,25.491150671159176,25.811948776245117,11352000,25.53227963906103
2008-04-01 00:00:00+00:00,26.33838597536866,25.92710575052746,26.24790382385254,15649900,25.92710575052746
2008-04-02 00:00:00+00:00,26.642739637587763,25.877757962361358,25.96001434326172,13072500,26.321941477877324
2008-04-03 00:00:00+00:00,26.075174353265496,25.62276503497515,25.935338973999023,8981100,25.853082591681687
2008-04-04 00:00:00+00:00,26.009368435381855,25.548733341907298,25.696794509887695,12519000,25.927112056624974
2008-04-07 00:00:00+00:00,26.09985148625496,25.672119531757115,25.927114486694336,9732500,25.836632304690156
2008-04-08 00:00:00+00:00,25.828404104047568,25.45825275278132,25.55695915222168,13068800,25.79550249387076
2008-04-09 00:00:00+00:00,25.672118324211624,25.178583166447186,25.37599754333496,10508200,25.59808930567496
2008-04-10 00:00:00+00:00,25.960014208655807,25.2690631229314,25.787277221679688,12183000,25.32664368750007
2008-04-11 00:00:00+00:00,25.902440579645244,24.800208932093508,24.824886322021484,15488300,25.532289144187303
2008-04-14 00:00:00+00:00,24.989389765774735,24.53698207369243,24.709720611572266,9476300,24.86600599238045
2008-04-15 00:00:00+00:00,24.759075176418463,24.323117479478103,24.619239807128906,10320500,24.734397792810935
2008-04-16 00:00:00+00:00,24.98938996966006,24.52875647973858,24.94003677368164,10606400,24.775525597450304
2008-04-17 00:00:00+00:00,25.408899111490726,24.874234978888712,25.318418502807617,13438900,24.874234978888712
2008-04-18 00:00:00+00:00,25.951787205865152,25.3759957071667,25.770824432373047,11513500,25.3759957071667
2008-04-21 00:00:00+00:00,25.910661206128253,25.540508275619572,25.877758026123047,8797300,25.58163725062608
2008-04-22 00:00:00+00:00,25.84485485921688,25.639214703293423,25.73792266845703,8461400,25.82017747569851
2008-04-23 00:00:00+00:00,26.058721049421,25.58986174062697,26.02581787109375,15000000,25.885982501022735
2008-04-24 00:00:00+00:00,26.486454696322543,26.066948558517105,26.2725887298584,12009500,26.198558142662733
2008-04-25 00:00:00+00:00,26.692091643928457,26.280811350918217,26.618061065673828,11949900,26.354841929172846
2008-04-28 00:00:00+00:00,26.823703180926127,26.494677667240996,26.675642013549805,7648600,26.774348412527402
2008-04-29 00:00:00+00:00,27.04579778880115,26.494680465837767,26.94708824157715,10179700,26.58516264854968
2008-04-30 00:00:00+00:00,27.16917714625765,26.593387204038446,26.675642013549805,13077000,26.963536984659406
2008-05-01 00:00:00+00:00,27.489972257205956,26.667411701749362,27.391265869140625,12246700,26.69209065213032
2008-05-02 00:00:00+00:00,27.802549626713088,27.391269297507808,27.547557830810547,8708000,27.5557820567539
2008-05-05 00:00:00+00:00,27.736742668318584,27.243204457082125,27.383041381835938,10193300,27.736742668318584
2008-05-06 00:00:00+00:00,27.786093906200374,26.9717607326155,27.744966506958008,15123000,27.506423198405095
2008-05-07 00:00:00+00:00,28.74849830746961,28.00819239105641,28.542858123779297,30876600,28.139801983105404
2008-05-08 00:00:00+00:00,28.625107099548817,28.238505766836713,28.42769432067871,18859600,28.592203923797285
2008-05-09 00:00:00+00:00,28.35366597958651,27.991737293423817,28.213829040527344,13434900,28.04931628661883
2008-05-12 00:00:00+00:00,28.625111073287382,27.99996633632337,28.600435256958008,9176400,28.090448513291054
2008-05-13 00:00:00+00:00,28.608658001538476,28.148026052205527,28.238508224487305,11067300,28.44414838410232
2008-05-14 00:00:00+00:00,28.77316412866751,28.238501719524095,28.625102996826172,9867400,28.378335489696973
2008-05-15 00:00:00+00:00,28.789621091230135,28.39479237851734,28.781396865844727,11357100,28.501726135445704
2008-05-16 00:00:00+00:00,28.806075515256897,28.35366776685587,28.715593338012695,12728900,28.76494810864226
2008-05-19 00:00:00+00:00,28.740268309738624,28.35366693353926,28.559307098388672,12365200,28.616886093520915
2008-05-20 00:00:00+00:00,28.460598394242133,27.95061164905689,28.041093826293945,12635300,28.378343581019347
2008-05-21 00:00:00+00:00,28.0410945424438,27.555783601266896,27.687393188476562,11358100,27.925936545862854
2008-05-22 00:00:00+00:00,27.786098839723152,27.43239749536289,27.646265029907227,7735300,27.786098839723152
2008-05-23 00:00:00+00:00,27.638035283542273,27.292561332962357,27.333688735961914,8951300,27.572232066306928
2008-05-27 00:00:00+00:00,27.753198348750175,27.358366466404835,27.670940399169922,9309100,27.399497010104927
2008-05-28 00:00:00+00:00,28.090451102675413,27.687394951161924,27.85190773010254,14201800,27.687394951161924
2008-05-29 00:00:00+00:00,28.254950294495746,27.753191054127836,27.81077003479004,12570800,27.851897429860312
2008-05-30 00:00:00+00:00,28.008187716991348,27.539328427447273,27.63803482055664,12779000,27.950608726192577
2008-06-02 00:00:00+00:00,27.629809183299717,27.185625730276477,27.391265869140625,10323300,27.555778607795844
2008-06-03 00:00:00+00:00,27.564007792567807,27.144503214440018,27.292564392089844,11060000,27.539331975566192
2008-06-04 00:00:00+00:00,28.4523769779732,27.267890606358584,28.254961013793945,24630200,27.267890606358584
2008-06-05 00:00:00+00:00,28.551074551300022,28.04931213810892,28.370113372802734,11640300,28.230276454425535
2008-06-06 00:00:00+00:00,28.213831175364167,27.1198270840599,27.152727127075195,16597800,28.082221589842902
2008-06-09 00:00:00+00:00,27.4241739791319,27.01289362739796,27.292564392089844,10011900,27.407722388524135
2008-06-10 00:00:00+00:00,27.967050850148595,27.05400839387218,27.82721710205078,16606900,27.05400839387218
2008-06-11 00:00:00+00:00,27.91770652056694,27.350140818165983,27.366592407226562,12419500,27.761421131221113
2008-06-12 00:00:00+00:00,27.720294179061856,27.243207501992355,27.341917037963867,13138800,27.580457238678793
2008-06-13 00:00:00+00:00,27.92593454538282,27.432396275336234,27.909482955932617,9153300,27.53933003785264
2008-06-16 00:00:00+00:00,27.884808875362392,27.46530116283451,27.679168701171875,10955100,27.77787510619371
2008-06-17 00:00:00+00:00,27.851901977098112,27.226754173816477,27.234981536865234,9163100,27.843674614049355
2008-06-18 00:00:00+00:00,27.432396863803756,26.955313310793038,27.103374481201172,12078500,27.119826071004287
2008-06-19 00:00:00+00:00,27.243202743436147,26.790795098291245,27.054014205932617,13913000,27.111593189615462
2008-06-20 00:00:00+00:00,26.922410855463685,26.2725887298584,26.2725887298584,21345000,26.84838026826802
2008-06-23 00:00:00+00:00,26.683867656573778,26.354845263233862,26.64274024963379,10850800,26.428875850853846
2008-06-24 00:00:00+00:00,26.73321894372434,26.28903547589037,26.50290298461914,17528500,26.527578798003383
2008-06-25 00:00:00+00:00,27.012899247146247,26.568715621789067,26.725004196166992,16132100,26.650973591940797
2008-06-26 00:00:00+00:00,26.560485283136778,25.92711317887629,25.935338973999023,19848000,26.45355151545124
2008-06-27 00:00:00+00:00,26.256135364765147,25.853080844450865,25.968238830566406,20844300,25.935337221209064
2008-06-30 00:00:00+00:00,26.44532402069037,25.61453607398672,25.663890838623047,15850700,26.075171130466945
2008-07-01 00:00:00+00:00,25.565183746070876,25.00584227915075,25.54050636291504,17144900,25.425348379340843
2008-07-02 00:00:00+00:00,25.7050191312477,25.252611422101683,25.260835647583008,13633000,25.589861147590863
2008-07-03 00:00:00+00:00,25.66389100526155,25.285512318475213,25.41712188720703,6952000,25.43357347552596
2008-07-07 00:00:00+00:00,25.18680002044004,24.462945993238552,24.742616653442383,21977600,24.676811884506744
2008-07-08 00:00:00+00:00,24.67681809167577,24.109250836272473,24.635690689086914,26083200,24.67681809167577
2008-07-09 00:00:00+00:00,24.660366468448824,24.290215138939352,24.29844093322754,13575400,24.643914879872447
2008-07-10 00:00:00+00:00,24.49585473511894,24.05989706116886,24.347793579101562,11366700,24.339567784999506
2008-07-11 00:00:00+00:00,24.323118693714207,23.68974660302466,24.01877212524414,14948400,24.068125326013078
2008-07-14 00:00:00+00:00,24.569882027018963,23.91183270705389,23.93651008605957,14277500,24.339564529694748
2008-07-15 00:00:00+00:00,24.49585473941878,23.484104029425712,24.207958221435547,16665800,23.70619576349076
2008-07-16 00:00:00+00:00,25.17035485121577,23.8953849708822,25.030519485473633,18261000,24.26553787105546
2008-07-17 00:00:00+00:00,25.688566652031408,24.775525470996623,25.663890838623047,17998800,25.08809780247767
2008-07-18 00:00:00+00:00,25.737921583786925,25.219707534109304,25.41712188720703,14004500,25.737921583786925
2008-07-21 00:00:00+00:00,25.4993782193546,24.98938996464719,25.079872131347656,9782000,25.466475042769048
2008-07-22 00:00:00+00:00,25.129224673400152,24.65213960769307,25.014066696166992,21715300,25.02229249009933
2008-07-23 00:00:00+00:00,25.6556658575206,25.005842222738245,25.62276268005371,13220100,25.186806560986422
2008-07-24 00:00:00+00:00,25.894208128514748,25.25261184437243,25.515830993652344,11780800,25.614537390177368
2008-07-25 00:00:00+00:00,25.927108097025528,25.499376247941093,25.581632614135742,12842800,25.68033899844157
2008-07-28 00:00:00+00:00,25.770821808141246,25.05519344378072,25.088096618652344,13658900,25.770821808141246
2008-07-29 00:00:00+00:00,25.59808934933773,25.014070443918975,25.433576583862305,13298000,25.17035741422963
2008-07-30 00:00:00+00:00,26.13275152427502,25.408897293151387,26.050495147705078,18219700,25.69679382669124
2008-07-31 00:00:00+00:00,25.392447870746935,24.783751611145536,24.9647159576416,25577400,25.129227145744473
2008-08-01 00:00:00+00:00,25.25260478937568,24.536976554404827,24.742616653442383,15120700,25.088092082581856
2008-08-04 00:00:00+00:00,25.162127690895048,24.71794423480083,24.981164932250977,11445500,24.76729899808447
2008-08-05 00:00:00+00:00,25.828400308875107,25.005839779491126,25.754369735717773,15540000,25.10454773333747
2008-08-06 00:00:00+00:00,26.009367103950677,25.367769265182613,25.8448543548584,12841000,25.60631102556558
2008-08-07 00:00:00+00:00,25.721473138989296,25.433576583862305,25.433576583862305,10696400,25.59808934933773
2008-08-08 00:00:00+00:00,26.420651154788136,25.458256556363686,26.346620559692383,14759800,25.499383967456808
2008-08-11 00:00:00+00:00,27.48997481132143,26.19033064461518,26.97998809814453,21907300,26.2972628364394
2008-08-12 00:00:00+00:00,27.078691146319816,26.37129172616081,26.45354652404785,14848700,27.02933952271535
2008-08-13 00:00:00+00:00,26.486449023597228,25.927107626320044,26.108070373535156,11051300,26.420642676708464
2008-08-14 00:00:00+00:00,26.831925885598732,25.869531490032365,26.593385696411133,11535200,26.05049425717214
2008-08-15 00:00:00+00:00,27.078695020007075,26.6016114759391,26.73322105407715,11487700,26.708545238744968
2008-08-18 00:00:00+00:00,26.815475582003057,26.165653492887333,26.387746810913086,10246000,26.766123951857196
2008-08-19 00:00:00+00:00,26.371293587496,25.976463312785715,26.11629867553711,8781900,26.190329253988423
2008-08-20 00:00:00+00:00,26.48644968864723,25.828400323423562,26.17387580871582,12415000,26.206778982986368
2008-08-21 00:00:00+00:00,26.321945229552075,25.76260364239846,26.182109832763672,6966700,26.03404863982181
2008-08-22 00:00:00+00:00,26.63451518056456,26.223233279629046,26.486454010009766,7954900,26.420647650732118
2008-08-25 00:00:00+00:00,26.395966751982268,25.828399563785602,25.99291229248047,8071300,26.297258800983418
2008-08-26 00:00:00+00:00,26.215009973231886,25.86130862425674,26.083398818969727,6506600,25.927113416932816
2008-08-27 00:00:00+00:00,26.40419616097917,25.836630430248114,26.124526977539062,7317600,25.877757836042548
2008-08-28 00:00:00+00:00,26.873050371037117,26.13274779430198,26.807247161865234,9675200,26.231454176969468
2008-08-29 00:00:00+00:00,26.93886017253045,26.5769346311253,26.609834671020508,9062800,26.62628625987798
2008-09-02 00:00:00+00:00,27.448848160521784,26.568708511282193,26.683866500854492,11843700,26.93063720744643
2008-09-03 00:00:00+00:00,26.766120676557424,26.29725985171616,26.74144172668457,9554000,26.585156353980533
2008-09-04 00:00:00+00:00,26.68386615811099,25.902434487763358,25.94356346130371,11444300,26.68386615811099
2008-09-05 00:00:00+00:00,25.951783260352162,25.39244343580258,25.79549789428711,9012200,25.869528465121988
2008-09-08 00:00:00+00:00,27.185627146261123,26.256134360502106,27.078693389892578,20362900,26.313713351357553
2008-09-09 00:00:00+00:00,27.391268897322135,26.6756420135498,26.675642013549805,15312400,27.037567568347566
2008-09-10 00:00:00+00:00,27.333684070357958,26.716763717208025,26.955307006835938,13883700,26.815470095122645
2008-09-11 00:00:00+00:00,27.144502857722557,26.486454931159955,27.09514808654785,14011700,26.80725309924547
2008-09-12 00:00:00+00:00,27.514654545273178,26.815476105628996,27.358366012573242,11213500,26.955313048685785
2008-09-15 00:00:00+00:00,27.383042661698443,26.527578899160435,26.618061065673828,15191900,26.807249623920185
2008-09-16 00:00:00+00:00,27.054015609912078,25.91065696341868,26.74144172668457,18550900,26.10807130439461
2008-09-17 00:00:00+00:00,27.14450095189677,26.247909734336478,26.478225708007812,22284700,26.404195125353482
2008-09-18 00:00:00+00:00,27.75320040141352,26.37129812445732,27.50642967224121,22442900,26.527583533488972
2008-09-19 00:00:00+00:00,28.66623995742435,27.35014405501772,28.28786277770996,28430600,27.975288824205833
2008-09-22 00:00:00+00:00,28.008187473524742,27.01288991228964,27.07046890258789,18394300,27.843674727892747
2008-09-23 00:00:00+00:00,27.407718123690533,26.445323756542074,26.75789451599121,13450900,27.045792600098043
2008-09-24 00:00:00+00:00,26.807248970567272,26.017590011400276,26.132749557495117,13600300,26.807248970567272
2008-09-25 00:00:00+00:00,27.045791567673895,26.297260029171504,26.708541870117188,13356400,26.321937410301164
2008-09-26 00:00:00+00:00,26.988216616563903,26.272588145882487,26.938861846923828,9546400,26.272588145882487
2008-09-29 00:00:00+00:00,27.10337340766481,24.059898446675266,24.454727172851562,26696900,26.48645293467314
2008-09-30 00:00:00+00:00,25.37598858169246,24.249080146573682,25.2443790435791,16589100,24.95648259061508
2008-10-01 00:00:00+00:00,25.3348628453176,24.602784500262697,25.236156463623047,11020900,24.92358259413446
2008-10-02 00:00:00+00:00,25.34309201020188,24.59456197897848,24.6439151763916,11783300,25.02229387365181
2008-10-03 00:00:00+00:00,25.548731855745338,24.232634578922028,24.29844093322754,17468400,24.81665342210474
2008-10-06 00:00:00+00:00,23.878935566402752,21.63334386234144,23.245563507080078,35803300,23.72264860797939
2008-10-07 00:00:00+00:00,23.319594853955188,21.559313987591292,21.855436325073242,27859500,22.87541134773226
2008-10-08 00:00:00+00:00,22.307843535490246,20.50643543281342,21.123355865478516,28972100,20.98352050465137
2008-10-09 00:00:00+00:00,21.625121908186426,19.535816943090644,19.57694435119629,24391800,21.07400616745652
2008-10-10 00:00:00+00:00,20.086932475065552,17.479414977951247,18.951799392700195,37801900,18.581646447956036
2008-10-13 00:00:00+00:00,22.07752877268363,19.330175976472226,21.97882080078125,20772800,19.502912966163905
2008-10-14 00:00:00+00:00,23.031696152830317,20.596917598322097,21.123355865478516,20214300,22.998792976678146
2008-10-15 00:00:00+00:00,20.75320344671205,19.14921122692682,19.223241806030273,18089100,20.65449705384733
2008-10-16 00:00:00+00:00,20.234993629810102,18.153914484126428,19.96354866027832,21418200,19.223244340547105
2008-10-17 00:00:00+00:00,21.263192554179113,19.280821565596852,20.358375549316406,17985900,19.486461722660657
2008-10-20 00:00:00+00:00,21.8389835357666,20.226765495618174,21.8389835357666,14070800,20.531112042280345
2008-10-21 00:00:00+00:00,21.53463626959083,20.638045110455582,20.819007873535156,14680800,21.468831485842824
2008-10-22 00:00:00+00:00,20.30079668371256,18.359553086801533,18.96002197265625,20567900,20.30079668371256
2008-10-23 00:00:00+00:00,19.445329598462116,18.005848732307374,19.247915267944336,17445800,18.869538193346
2008-10-24 00:00:00+00:00,19.08340775782517,17.685054021578264,18.59809684753418,16247600,17.882468389829015
2008-10-27 00:00:00+00:00,18.548745426870767,17.569899203724372,17.578125,15081300,18.112789206634037
2008-10-28 00:00:00+00:00,19.9306481802344,17.701509123618603,19.667428970336914,21845500,18.088112142041755
2008-10-29 00:00:00+00:00,20.893039757330218,19.33017486894239,19.716777801513672,17071300,19.535815027122627
2008-10-30 00:00:00+00:00,21.016423436353683,19.881290459033867,20.835460662841797,14182600,20.498210930577436
2008-10-31 00:00:00+00:00,21.773181237982108,20.51466436681939,21.31254768371582,17466700,20.580469160286
2008-11-03 00:00:00+00:00,21.263189781439735,19.897739442104854,20.59691619873047,19742300,21.263189781439735
2008-11-04 00:00:00+00:00,21.583985495914103,20.80255402872421,21.40302276611328,16761900,20.80255402872421
2008-11-05 00:00:00+00:00,21.361898346027882,19.82371089334045,19.93064308166504,15063300,21.312545149024984
2008-11-06 00:00:00+00:00,19.963550971742453,18.359556785849243,18.762611389160156,23027700,19.848391393003467
2008-11-07 00:00:00+00:00,19.905966415478506,17.611021672803393,19.215015411376953,28705700,17.72617965051706
2008-11-10 00:00:00+00:00,19.65920009076941,17.816664341540907,18.162139892578125,16363000,19.65920009076941
2008-11-11 00:00:00+00:00,18.433581481026433,16.854265189597342,17.915369033813477,23171800,17.90714324018664
2008-11-12 00:00:00+00:00,17.85779941260487,16.475898184274,16.58283042907715,21258600,17.569904303938443
2008-11-13 00:00:00+00:00,17.890693724294294,16.105737092263478,17.80843734741211,24066200,16.697980181777382
2008-11-14 00:00:00+00:00,18.417124548991875,17.224413059608885,17.339570999145508,16888600,17.388924177674166
2008-11-17 00:00:00+00:00,17.059907279232693,16.10573707387267,16.237346649169922,20652300,16.517017388904055
2008-11-18 00:00:00+00:00,17.257320301547622,16.336053346035268,17.00232696533203,21954000,16.385406540710274
2008-11-19 00:00:00+00:00,17.29845048920711,16.39363348893728,16.401859283447266,22433000,16.91184599178725
2008-11-20 00:00:00+00:00,16.574596080341234,15.299627754511087,15.406559944152832,26921200,16.113962575183937
2008-11-21 00:00:00+00:00,17.380702709483405,15.44768678574039,17.372478485107422,28131800,15.826063863421433
2008-11-24 00:00:00+00:00,18.844860464490285,16.944746195670305,18.26084327697754,24042800,17.56989234851398
2008-11-25 00:00:00+00:00,18.655673880567907,17.520539421344907,18.121009826660156,20331500,18.343099987021375
2008-11-26 00:00:00+00:00,18.729705881909467,17.224419994958833,18.507614135742188,13904000,17.520540754271984
2008-11-28 00:00:00+00:00,18.54051469713306,17.94827012427663,18.524063110351562,7577100,18.441806745353762
2008-12-01 00:00:00+00:00,18.20326671798874,16.673304957036617,16.722658157348633,17969200,18.12923770197569
2008-12-02 00:00:00+00:00,17.7261816931088,16.697980862443323,17.652151107788086,20051200,16.985877408811646
2008-12-03 00:00:00+00:00,18.096335013173658,16.92007298629177,18.046981811523438,16331800,16.944750371571878
2008-12-04 00:00:00+00:00,18.556967844623724,17.652150814870534,17.92359733581543,17198700,17.7179571730947
2008-12-05 00:00:00+00:00,18.787282890067555,17.166839188405138,18.729703903198242,17945000,17.69327743282141
2008-12-08 00:00:00+00:00,21.468828703456918,18.844860349868622,20.498207092285156,34087700,18.918890918104406
2008-12-09 00:00:00+00:00,20.46530426618403,19.18211034325418,19.354848861694336,26341900,19.8072565028635
2008-12-10 00:00:00+00:00,19.90596835908913,19.165662518904465,19.494688034057617,16276200,19.618071817785086
2008-12-11 00:00:00+00:00,19.75350053106743,18.851819246026604,19.05219268798828,14827300,19.544777996637364
2008-12-12 00:00:00+00:00,19.085591765703537,18.309143572673868,18.876869201660156,15025300,18.467773167226337
2008-12-15 00:00:00+00:00,19.185774617026045,18.65144544864373,19.010448455810547,12908800,19.144030747906125
2008-12-16 00:00:00+00:00,20.179295856645957,18.843471240737447,19.853689193725586,22276500,19.235870647258565
2008-12-17 00:00:00+00:00,19.98727133169083,19.319358233016423,19.686710357666016,14715400,19.678361264784588
2008-12-18 00:00:00+00:00,19.953871319374137,18.78502560049526,19.06053924560547,18351500,19.761846995418068
2008-12-19 00:00:00+00:00,19.369457072380303,18.517868519330683,18.726591110229492,21133800,19.202478362690456
2008-12-22 00:00:00+00:00,18.810073605677736,17.766461031753845,18.309139251708984,12596900,18.709886097913422
2008-12-23 00:00:00+00:00,18.78502985371553,18.167211285173423,18.242351531982422,9381100,18.51786523947318
2008-12-24 00:00:00+00:00,18.54291103884467,18.192258674852667,18.359235763549805,3507200,18.292444609585605
2008-12-26 00:00:00+00:00,18.71823767702436,18.33418737072297,18.517864227294922,3069100,18.609702655580897
2008-12-29 00:00:00+00:00,18.492820277113786,17.657929956770708,17.925094604492188,7411700,18.492820277113786
2008-12-30 00:00:00+00:00,18.785033532173866,17.849955606793323,18.768335342407227,11105200,17.9334449631995
2008-12-31 00:00:00+00:00,19.160736256516596,18.801733112124566,18.94366455078125,9012100,18.84347699720065
2009-01-02 00:00:00+00:00,20.06241377196667,18.785031084918558,19.9705753326416,9796600,19.00210274632439
2009-01-05 00:00:00+00:00,20.037363904587764,19.444592653441816,19.619918823242188,11675100,19.628267915960294
2009-01-06 00:00:00+00:00,20.730325968175812,19.870388390760816,20.29618263244629,12070800,19.87873748480487
2009-01-07 00:00:00+00:00,19.945527821050703,19.13568484134367,19.35275650024414,12300700,19.945527821050703
2009-01-08 00:00:00+00:00,19.38615075110516,18.793379446550578,19.118986129760742,12600700,19.28596481431438
2009-01-09 00:00:00+00:00,19.302660228669406,18.559606940805462,18.62639808654785,11489700,19.302660228669406
2009-01-12 00:00:00+00:00,18.7683310211166,18.04197745020337,18.250699996948242,11259800,18.618050532672026
2009-01-13 00:00:00+00:00,18.30914610271542,17.557745086812567,17.699676513671875,15502200,17.966841177777155
2009-01-14 00:00:00+00:00,17.699674315283527,17.048459333090822,17.3657169342041,15482600,17.47425356078296
2009-01-15 00:00:00+00:00,18.041976395011286,16.656058893075393,17.833253860473633,18169700,17.365714236562162
2009-01-16 00:00:00+00:00,18.484473799875982,17.349023886301158,17.916748046875,16294800,18.09207586703219
2009-01-20 00:00:00+00:00,18.083720252277573,16.823035953462274,16.898176193237305,19725000,17.91674158779382
2009-01-21 00:00:00+00:00,17.791509244404132,17.081852274734334,17.72471809387207,17181900,17.399111434081604
2009-01-22 00:00:00+00:00,17.69967058469541,17.090199607383404,17.507644653320312,16007900,17.357365774421265
2009-01-23 00:00:00+00:00,17.507643994679185,16.681103025909927,17.20708465576172,15436900,17.056804190089778
2009-01-26 00:00:00+00:00,17.88334964393409,17.11525053197287,17.41581153869629,10840400,17.59948682479015
2009-01-27 00:00:00+00:00,17.95013755349552,17.40745929478212,17.74141502380371,12696600,17.457552256028727
2009-01-28 00:00:00+00:00,18.701544368474433,18.033632695196683,18.60135841369629,13079500,18.06702748264705
2009-01-29 00:00:00+00:00,18.384280797436848,17.63288000903164,17.74141502380371,11295500,18.309140559353672
2009-01-30 00:00:00+00:00,18.075374552067636,17.1236001261971,17.265531539916992,15484400,17.791511724627853
2009-02-02 00:00:00+00:00,17.11524875130044,16.564221357921,16.864782333374023,16499500,16.764594810747464
2009-02-03 00:00:00+00:00,17.357370258757513,16.497432668686123,17.215438842773438,27402700,17.34902116459058
2009-02-04 00:00:00+00:00,16.77294757230993,15.620797976022004,15.862916946411133,48826100,16.35550238950964
2009-02-05 00:00:00+00:00,16.11337568833614,15.169950728506455,15.620790481567383,34993800,15.754374341006205
2009-02-06 00:00:00+00:00,16.397243027551838,15.570701920182904,16.238615036010742,20471300,15.662540351810568
2009-02-09 00:00:00+00:00,16.547524158832037,15.946403764506943,16.230266571044922,15404300,16.547524158832037
2009-02-10 00:00:00+00:00,16.230262076969474,15.562349120234263,15.66253662109375,22253200,16.09667980410769
2009-02-11 00:00:00+00:00,15.846218756916642,15.245098266957939,15.44547176361084,19154300,15.821173065101902
2009-02-12 00:00:00+00:00,15.76272929362021,15.053073761674888,15.720985412597656,20367000,15.30354023266418
2009-02-13 00:00:00+00:00,15.779427279200823,15.36198210465886,15.462169647216797,11804200,15.629146761577402
2009-02-17 00:00:00+00:00,15.119862345476571,14.794254077866547,14.894441604614258,21996100,15.086465972418429
2009-02-18 00:00:00+00:00,15.036368616972368,14.635621811790816,14.719109535217285,18669100,14.986275664431236
2009-02-19 00:00:00+00:00,15.036375474053244,14.376811329702733,14.769210815429688,19575900,14.844351074720935
2009-02-20 00:00:00+00:00,14.927841972779657,14.301674075403497,14.635631561279297,22969800,14.401861639651699
2009-02-23 00:00:00+00:00,14.894441223082234,14.126342179114255,14.168086051940918,15134700,14.785904605850233
2009-02-24 00:00:00+00:00,15.153254613985307,14.168084066066756,14.961230278015137,16498400,14.284969759966103
2009-02-25 00:00:00+00:00,14.861046800633899,14.218182475656105,14.493696212768555,16146500,14.844350204768661
2009-02-26 00:00:00+00:00,14.694067672551673,14.05955093662579,14.076249122619629,12636900,14.643974706996822
2009-02-27 00:00:00+00:00,14.301671436688506,13.70890003423952,14.00111198425293,18621000,13.92597172303728
2009-03-02 00:00:00+00:00,13.817431341982694,13.274753063107305,13.399986267089844,17103200,13.758989286285948
2009-03-03 00:00:00+00:00,13.934320555978804,13.34989666693674,13.658806800842285,19551300,13.491828091851128
2009-03-04 00:00:00+00:00,14.376811805891402,13.433386374825462,14.143043518066406,15800100,13.792389493901883
2009-03-05 00:00:00+00:00,13.859178071094233,13.23301040154865,13.349894523620605,17038600,13.775688730002809
2009-03-06 00:00:00+00:00,13.70889876565174,12.7905191187772,13.216313362121582,20629300,13.224662456198164
2009-03-09 00:00:00+00:00,13.558619074475555,12.907404825300668,13.01594066619873,14569200,12.924102218246958
2009-03-10 00:00:00+00:00,13.875876101314299,12.640238166648162,13.86752700805664,24287100,12.715377617327029
2009-03-11 00:00:00+00:00,14.176436782580053,13.675502288661377,13.850830078125,14956900,13.992761491528176
2009-03-12 00:00:00+00:00,14.602228430299567,13.834129433973601,14.552135467529297,16768100,14.026153784948448
2009-03-13 00:00:00+00:00,14.727461370450268,14.20148128968842,14.301667213439941,17520000,14.727461370450268
2009-03-16 00:00:00+00:00,14.769212132330523,14.29332484267132,14.368463516235352,18963300,14.418558088514196
2009-03-17 00:00:00+00:00,14.88609376865233,14.32671721209636,14.877744674682617,11424200,14.360113587975212
2009-03-18 00:00:00+00:00,15.336933239718338,14.610578085649745,15.119861602783203,16190600,14.794253351167182
2009-03-19 00:00:00+00:00,15.27849121175434,14.593881449277353,14.777558326721191,17370100,15.153257990496051
2009-03-20 00:00:00+00:00,15.011324099231967,14.259923303519672,14.568833351135254,17766600,14.8610436216042
2009-03-23 00:00:00+00:00,15.796122550964355,14.810951866209102,15.796122550964355,15830500,14.88609211114309
2009-03-24 00:00:00+00:00,15.612448385632025,15.061420945426356,15.270143508911133,16570800,15.103164821152598
2009-03-25 00:00:00+00:00,15.762730391903125,14.911143375748225,15.47052001953125,16019200,15.311890394224307
2009-03-26 00:00:00+00:00,15.979799850257839,15.36198121865954,15.913008689880371,15556800,15.595751076194116
2009-03-27 00:00:00+00:00,15.821171826998281,15.361981206396239,15.520610809326172,13962400,15.704286102110864
2009-03-30 00:00:00+00:00,15.245096868019816,14.643976433221818,14.902791976928711,13150500,15.128212737138028
2009-03-31 00:00:00+00:00,15.437118564993998,14.877742105051555,15.161604881286621,14704500,15.078115548436324
2009-04-01 00:00:00+00:00,15.712634380265591,14.89444231067582,15.687588691711426,12933600,14.961233467531583
2009-04-02 00:00:00+00:00,17.115251664329275,15.988149406973427,16.873132705688477,25194100,16.071638757967737
2009-04-03 00:00:00+00:00,17.02341015593556,16.51412823211758,16.697803497314453,18478000,16.62266325418241
2009-04-06 00:00:00+00:00,16.697808036547986,16.15512959384559,16.380550384521484,11280900,16.514132721419703
2009-04-07 00:00:00+00:00,16.180170471893774,15.887960192151017,15.96310043334961,11623500,16.180170471893774
2009-04-08 00:00:00+00:00,16.322106882711505,15.862917794064678,16.16347885131836,12438100,16.021547417884907
2009-04-09 00:00:00+00:00,16.75624385130756,16.36384608228587,16.597614288330078,13841800,16.555870420801178
2009-04-13 00:00:00+00:00,16.438985032295793,16.088331158223173,16.305402755737305,14907400,16.36384480267835
2009-04-14 00:00:00+00:00,16.18852142312712,15.695936048683201,15.879612922668457,14315900,16.155126641219567
2009-04-15 00:00:00+00:00,16.530827473307834,15.89631224010755,16.47238540649414,12706700,15.963103401098468
2009-04-16 00:00:00+00:00,17.232131204051168,16.464032246142025,17.12359619140625,15449300,16.614312719363063
2009-04-17 00:00:00+00:00,17.282228545675146,16.764595897983376,17.01506233215332,14911100,17.17369192308855
2009-04-20 00:00:00+00:00,16.70615569257849,16.054940661975458,16.20522117614746,14272900,16.697806598188166
2009-04-21 00:00:00+00:00,16.288706427749172,15.988145475056493,16.25531005859375,11611000,16.04658752865195
2009-04-22 00:00:00+00:00,16.480729739446925,15.86291128065977,16.196866989135742,15812000,16.113377663910143
2009-04-23 00:00:00+00:00,16.472386295992415,15.996499049181152,16.388896942138672,14190400,16.213570732230092
2009-04-24 00:00:00+00:00,17.081854035191718,16.330453116159926,16.91487693786621,16599400,16.5642229633278
2009-04-27 00:00:00+00:00,16.823038757523058,16.36384974229505,16.48073387145996,17855500,16.380547930011986
2009-04-28 00:00:00+00:00,16.522479493419613,16.121730946644323,16.28870964050293,23172500,16.36384989349662
2009-04-29 00:00:00+00:00,17.89170209271527,16.255316028893173,17.541048049926758,28270400,16.430643846500985
2009-04-30 00:00:00+00:00,18.843472283353687,17.657928090096952,18.284095764160156,36593300,17.766464712026885
2009-05-01 00:00:00+00:00,18.350888222313873,17.632883654578748,18.317493438720703,15718000,18.167212931484304
2009-05-04 00:00:00+00:00,19.118983231592694,18.234000159433574,19.085588455200195,17603700,18.375931542061345
2009-05-05 00:00:00+00:00,19.486336870253954,18.918611294765405,19.327707290649414,16806900,18.943658573364008
2009-05-06 00:00:00+00:00,21.949267744577977,20.588395602238926,21.598613739013672,49777100,20.830514564559802
2009-05-07 00:00:00+00:00,21.84907983461946,20.855559903550866,21.14777183532715,23981600,21.540169714186952
2009-05-08 00:00:00+00:00,21.707145260860276,20.872255058519496,21.256303787231445,18172900,21.456678837128717
2009-05-11 00:00:00+00:00,21.01418876045997,20.605092707553823,20.630138397216797,14656600,20.96409578870716
2009-05-12 00:00:00+00:00,20.788769342812778,19.953878994969475,20.304533004760742,15536900,20.788769342812778
2009-05-13 00:00:00+00:00,20.029017804823656,19.561479689731424,19.703411102294922,14055900,19.945528457593333
2009-05-14 00:00:00+00:00,20.01231985529165,19.42789760257106,19.60322380065918,11893400,19.745155214913456
2009-05-15 00:00:00+00:00,20.221037444804647,19.427892813259117,19.544776916503906,20991800,19.57817328453183
2009-05-18 00:00:00+00:00,20.254433906272414,19.661661110453895,20.212688446044922,9355300,19.720104754772382
2009-05-19 00:00:00+00:00,20.371323182900696,19.828644801554066,19.887086868286133,11906400,20.246089955270993
2009-05-20 00:00:00+00:00,20.271136062091884,19.544780836083408,19.661664962768555,10524200,20.0373662162948
2009-05-21 00:00:00+00:00,19.452944710059104,19.144036169268812,19.394502639770508,12632300,19.26926940451966
2009-05-22 00:00:00+00:00,20.037366004738917,19.244219630080625,19.78689956665039,11099100,19.411198317090825
2009-05-26 00:00:00+00:00,20.54664701151168,19.5197309212439,20.488204956054688,16299800,19.594871161810484
2009-05-27 00:00:00+00:00,20.638486543733443,19.845341756424276,19.928831100463867,14981300,20.404718291334728
2009-05-28 00:00:00+00:00,20.37131942287534,19.611569510735116,20.029014587402344,12314700,20.095805735972036
2009-05-29 00:00:00+00:00,20.24608800579292,19.619920335510667,20.221040725708008,11215600,20.154249571241635
2009-06-01 00:00:00+00:00,21.089326994581494,20.663532794393692,20.897302627563477,11990000,20.730323947809815
2009-06-02 00:00:00+00:00,21.256304808227988,20.772068531308253,20.980791091918945,9792900,20.94739631028315
2009-06-03 00:00:00+00:00,21.005839927733398,20.663535030381826,20.939048767089844,10892000,20.755373473426793
2009-06-04 00:00:00+00:00,21.055932624001112,20.713627731138217,20.9891414642334,11521800,20.880606426770935
2009-06-05 00:00:00+00:00,21.331441985168116,20.747019855085988,20.830509185791016,10980400,21.272999931402556
2009-06-08 00:00:00+00:00,21.33144713326488,20.563347971774583,21.14777183532715,10700200,20.822165118665332
2009-06-09 00:00:00+00:00,21.28135415972312,20.939049254405077,21.14777183532715,8534800,21.02253860525929
2009-06-10 00:00:00+00:00,21.306399667451032,20.72197585259286,20.955745697021484,11791200,21.264654199288714
2009-06-11 00:00:00+00:00,21.406582475663814,20.955742632429608,21.06427764892578,9577300,20.99748650206047
2009-06-12 00:00:00+00:00,21.19786172550578,20.471508141308774,20.922348022460938,7332400,20.89730233554657
2009-06-15 00:00:00+00:00,20.688584320115005,20.07076562611091,20.246091842651367,7871500,20.688584320115005
2009-06-16 00:00:00+00:00,20.396367582206302,19.51138442730545,19.611570358276367,13346200,20.296180058808723
2009-06-17 00:00:00+00:00,19.995621471693454,19.50303611288026,19.770200729370117,8615100,19.561478173684076
2009-06-18 00:00:00+00:00,20.012319062663984,19.628270305438058,19.80359649658203,9313800,19.83699287152001
2009-06-19 00:00:00+00:00,20.13755144947428,19.519731326989735,19.64496612548828,13805600,19.945525501575595
2009-06-22 00:00:00+00:00,19.477988015963106,18.893564247583864,18.918611526489258,12356600,19.361103899257923
2009-06-23 00:00:00+00:00,19.26091495497551,18.82677170720679,19.102285385131836,9802300,18.968703092345542
2009-06-24 00:00:00+00:00,19.603222404054183,19.018800192969962,19.118986129760742,10006700,19.269266627373664
2009-06-25 00:00:00+00:00,19.811945464179054,19.01880067357346,19.661664962768555,11652800,19.08559183059737
2009-06-26 00:00:00+00:00,19.67001460450933,19.327709716170904,19.561479568481445,12086600,19.553130474567478
2009-06-29 00:00:00+00:00,19.903788147600135,19.461295642669104,19.753507614135742,7735600,19.619925271595644
2009-06-30 00:00:00+00:00,19.828645102263074,19.235873739360336,19.477991104125977,10805200,19.786901223229073
2009-07-01 00:00:00+00:00,19.978925372364753,19.528083840616173,19.57817840576172,8102100,19.61992228428945
2009-07-02 00:00:00+00:00,19.578173077987664,18.843468913388975,19.068889617919922,15561200,19.352752373456717
2009-07-06 00:00:00+00:00,19.31935464303211,18.86851485819802,19.277610778808594,14452200,18.935305996411454
2009-07-07 00:00:00+00:00,19.38614685435835,18.785026577162665,18.810073852539062,15263700,19.294310029497755
2009-07-08 00:00:00+00:00,19.06890113179679,18.409336803794236,18.56796646118164,14542800,18.93531876528974
2009-07-09 00:00:00+00:00,18.901910677399663,18.451070867609502,18.810073852539062,9779600,18.684839068083498
2009-07-10 00:00:00+00:00,18.96870396335645,18.55960797386011,18.709888458251953,11076000,18.609702530275136
2009-07-13 00:00:00+00:00,19.018798442891264,18.426025600455915,18.952007293701172,8433300,18.77667953181055
2009-07-14 00:00:00+00:00,19.37780309417405,18.91861406625051,19.294315338134766,10361500,18.96870703835945
2009-07-15 00:00:00+00:00,20.145900368295013,19.511385200529343,20.104156494140625,12112800,19.511385200529343
2009-07-16 00:00:00+00:00,20.863908947870538,20.33792874587548,20.696931838989258,15463500,20.488209258567473
2009-07-17 00:00:00+00:00,20.730324177785562,20.396368407000143,20.463159561157227,10516600,20.713625991139608
2009-07-20 00:00:00+00:00,21.231256750919012,20.68022937978989,21.181163787841797,13801500,20.855555546773434
2009-07-21 00:00:00+00:00,21.323100829472157,20.83886288579461,21.03923797607422,13081600,21.19786599994065
2009-07-22 00:00:00+00:00,21.373189113164955,20.8639055893402,21.189512252807617,8490700,20.947394926554747
2009-07-23 00:00:00+00:00,22.40845550376173,21.131072787200342,22.375059127807617,17220100,21.24795851061288
2009-07-24 00:00:00+00:00,22.391751062254666,21.849072843973435,22.191377639770508,8818000,22.233121505628137
2009-07-27 00:00:00+00:00,22.274868121322584,21.89081784728608,22.082843780517578,9796800,22.166331516570892
2009-07-28 00:00:00+00:00,22.199731338075868,21.78228622317023,22.016056060791016,10791500,22.183033151297227
2009-07-29 00:00:00+00:00,22.241474506734274,21.523470014733547,21.615306854248047,11834300,21.8574257775742
2009-07-30 00:00:00+00:00,22.291568038941325,21.865773863767547,21.890819549560547,17084100,22.02440184854527
2009-07-31 00:00:00+00:00,21.406584322826212,20.905651474324443,20.972442626953125,25054700,21.197861771808245
2009-08-03 00:00:00+00:00,21.381538637489975,21.172816086456066,21.306398391723633,18161500,21.306398391723633
2009-08-04 00:00:00+00:00,21.423280063019384,21.07262615364915,21.40658187866211,10073700,21.164464575187655
2009-08-05 00:00:00+00:00,21.45668417666565,20.86391115742912,21.097681045532227,12043000,21.406589605511858
2009-08-06 00:00:00+00:00,21.38988632516121,20.93069578760255,21.181163787841797,9145200,21.164465602673864
2009-08-07 00:00:00+00:00,22.4001063290508,21.37319165856534,22.283222198486328,14579100,21.398237348013815
2009-08-10 00:00:00+00:00,22.157992304653593,21.824034865824377,22.07450294494629,8199100,22.05780475451941
2009-08-11 00:00:00+00:00,22.049449501626555,21.515120296603563,21.623655319213867,8745200,21.98265835099868
2009-08-12 00:00:00+00:00,22.0995420907775,21.498421745346256,21.890819549560547,9024000,21.632004044330976
2009-08-13 00:00:00+00:00,21.999359384706757,21.4650285180849,21.924219131469727,10621800,21.940917319395034
2009-08-14 00:00:00+00:00,22.099543407411566,21.32309684546416,21.590261459350586,8901400,21.899169946996746
2009-08-17 00:00:00+00:00,21.323098494658034,20.78041853924865,20.947397232055664,9396100,21.18951458495632
2009-08-18 00:00:00+00:00,21.106029142025086,20.830515383424384,21.03923797607422,9701200,21.064283668038914
2009-08-19 00:00:00+00:00,21.37319206885805,20.872257568723317,21.27300453186035,11145500,20.872257568723317
2009-08-20 00:00:00+00:00,21.698796193064883,21.26465290515869,21.615306854248047,10030200,21.314747463904805
2009-08-21 00:00:00+00:00,22.425150813485004,21.598609723829018,22.366708755493164,13723300,21.74888861905376
2009-08-24 00:00:00+00:00,22.642225358159948,22.316617062314776,22.375059127807617,9356400,22.53368872873594
2009-08-25 00:00:00+00:00,22.792503674794094,22.37505854087899,22.433502197265625,11427900,22.525339043876716
2009-08-26 00:00:00+00:00,22.709008973920763,22.199725556787733,22.542030334472656,10588200,22.308260557730577
2009-08-27 00:00:00+00:00,22.63387768889543,22.13294316503965,22.55038833618164,9044600,22.625528594381354
2009-08-28 00:00:00+00:00,22.60882644361645,22.199730438674283,22.4084529876709,9270100,22.60882644361645
2009-08-31 00:00:00+00:00,22.516988002411658,21.498422537037282,21.740541458129883,29465600,22.116241090699774
2009-09-01 00:00:00+00:00,22.266520620131857,21.364839311464856,21.439979553222656,26083200,21.615305722373122
2009-09-02 00:00:00+00:00,21.414935569443628,21.089328866689137,21.206212997436523,14833200,21.398237381500618
2009-09-03 00:00:00+00:00,21.39823484668696,21.080977275485992,21.239606857299805,11087600,21.364840067183696
2009-09-04 00:00:00+00:00,21.732191934250814,21.164466357700565,21.623655319213867,11638500,21.247955694092067
2009-09-08 00:00:00+00:00,22.0077091300011,21.782288363618548,21.94091796875,12399400,21.965963658952354
2009-09-09 00:00:00+00:00,22.533684694540796,21.832376849327815,22.500289916992188,19096600,21.949262551814357
2009-09-10 00:00:00+00:00,23.685839328754245,22.50864250011196,23.677490234375,21856400,22.50864250011196
2009-09-11 00:00:00+00:00,23.727581024169922,23.385276148263788,23.727581024169922,14221600,23.669138961321575
2009-09-14 00:00:00+00:00,23.619045735610953,23.201600614167933,23.44371795654297,12298300,23.535556392836998
2009-09-15 00:00:00+00:00,23.68583641195034,23.23499492555193,23.61904525756836,10712200,23.37692632766698
2009-09-16 00:00:00+00:00,23.760979275302773,23.46041982356845,23.685840606689453,10020300,23.635746037711222
2009-09-17 00:00:00+00:00,23.819422361120242,23.49381404037084,23.76097869873047,13941400,23.635745464177766
2009-09-18 00:00:00+00:00,23.944651412868772,23.585648368750842,23.744277954101562,14104800,23.852812980440454
2009-09-21 00:00:00+00:00,23.527204998582288,23.093061732554165,23.376924514770508,10935700,23.47711203478723
2009-09-22 00:00:00+00:00,23.710885353300228,23.385278630060075,23.69418716430664,9578900,23.485464579167683
2009-09-23 00:00:00+00:00,23.877861265026134,23.410323174889445,23.44371795654297,11057300,23.786022828732104
2009-09-24 00:00:00+00:00,23.64409294957453,23.084716387045425,23.35188102722168,11950300,23.485463347309807
2009-09-25 00:00:00+00:00,23.39362527743191,22.984529244444882,23.059669494628906,13628000,23.376927090185063
2009-09-28 00:00:00+00:00,23.694180033286603,23.143152701751553,23.568946838378906,8633100,23.184898161671764
2009-09-29 00:00:00+00:00,23.744280785982856,23.32683563232422,23.32683563232422,8057800,23.594000275877445
2009-09-30 00:00:00+00:00,23.37692405362581,22.750756445046548,22.926082611083984,18600700,23.318481998279996
2009-10-01 00:00:00+00:00,23.176559551739093,22.542042605817414,22.84260368347168,16124900,23.176559551739093
2009-10-02 00:00:00+00:00,22.767456008461505,22.40845296968717,22.717361450195312,14635300,22.583779146338816
2009-10-05 00:00:00+00:00,23.184903071902443,22.5420371848196,23.10141372680664,10263300,22.675619500002163
2009-10-06 00:00:00+00:00,23.65243963417025,23.10141222183292,23.527206420898438,11016400,23.234994528313077
2009-10-07 00:00:00+00:00,23.752623942116653,23.343526392467755,23.51885414123535,6861400,23.619041653734907
2009-10-08 00:00:00+00:00,24.203466795245408,23.585648236081727,23.936302185058594,10366700,23.602346422325073
2009-10-09 00:00:00+00:00,24.011442407750028,23.75262689093255,23.9112548828125,7091600,23.936302162153552
2009-10-12 00:00:00+00:00,24.337049077050295,23.786021670960604,23.9112548828125,6960000,23.969696942181606
2009-10-13 00:00:00+00:00,24.036491755113328,23.67748868247086,23.7192325592041,9426400,23.877862157158717
2009-10-14 00:00:00+00:00,24.211817037564938,23.777673729191697,24.136676788330078,9541600,23.95300150821529
2009-10-15 00:00:00+00:00,24.42054302275154,23.961353961858634,24.403844833374023,8734100,23.986399653497926
2009-10-16 00:00:00+00:00,24.645958166069015,24.05318531813727,24.5457706451416,12048800,24.228513081653592
2009-10-19 00:00:00+00:00,25.030010141758616,24.378796744344942,24.938173294067383,12627300,24.545773844418804
2009-10-20 00:00:00+00:00,24.821287835868507,24.203469214939624,24.504030227661133,10377800,24.821287835868507
2009-10-21 00:00:00+00:00,25.013314413810644,24.378799141734728,24.403844833374023,9611300,24.487334187834637
2009-10-22 00:00:00+00:00,24.687705262509073,24.08658483569974,24.57917022705078,7547900,24.27026012356255
2009-10-23 00:00:00+00:00,24.604218106331327,23.953004650761414,24.11998176574707,9778300,24.512381250438658
2009-10-26 00:00:00+00:00,24.604213040855193,23.727578988486346,23.91960334777832,13255900,24.103280206602506
2009-10-27 00:00:00+00:00,24.15337080726189,23.385271852853606,23.51885414123535,11176400,23.90290282222625
2009-10-28 00:00:00+00:00,23.510507796610206,22.734059659388556,22.742408752441406,14359600,23.435367551561228
2009-10-29 00:00:00+00:00,23.510506931829386,22.6923149518655,23.49380874633789,13171500,22.926083179039974
2009-10-30 00:00:00+00:00,23.635744073385357,22.775808078944674,22.850948333740234,12957000,23.493812657930068
2009-11-02 00:00:00+00:00,23.260041513745147,22.550384524278357,22.884340286254883,13301400,22.859293006946636
2009-11-03 00:00:00+00:00,23.15150633963299,22.62552618077161,23.059669494628906,12044500,22.759108493892814
2009-11-04 00:00:00+00:00,23.98639593001387,23.29343710268682,23.401973724365234,12832900,23.477113972472832
2009-11-05 00:00:00+00:00,24.29530421568528,23.568949068606436,24.211814880371094,12129800,23.568949068606436
2009-11-06 00:00:00+00:00,24.211819350840294,23.66079186542222,23.844467163085938,11862600,24.03649314749223
2009-11-09 00:00:00+00:00,24.27025693736304,23.568949068606436,24.211814880371094,12643300,23.9363011885329
2009-11-10 00:00:00+00:00,24.462281073305338,24.170070790980528,24.312002182006836,16938200,24.220163754746693
2009-11-11 00:00:00+00:00,24.604214527066322,24.303655126844827,24.453935623168945,11551800,24.387142875978903
2009-11-12 00:00:00+00:00,24.595865893512475,24.128327801428245,24.25356101989746,18282100,24.54577292461014
2009-11-13 00:00:00+00:00,25.48919701933925,24.80458575422715,25.4140567779541,29084900,24.83798212481015
2009-11-16 00:00:00+00:00,25.78140911945623,25.071753711172683,25.63113021850586,12891200,25.14689395786122
2009-11-17 00:00:00+00:00,25.82315663061839,25.25543098509086,25.77306365966797,10173600,25.27212917288328
2009-11-18 00:00:00+00:00,25.69791752095851,25.2971690678655,25.6060791015625,7843500,25.614428193546363
2009-11-19 00:00:00+00:00,25.380664052544148,24.979917102552434,25.222034454345703,8148500,25.26377992356994
2009-11-20 00:00:00+00:00,25.25542907939509,24.921473310880167,25.055055618286133,9205600,25.105148585456693
2009-11-23 00:00:00+00:00,25.681228145663805,25.305526839656665,25.447458267211914,8046300,25.305526839656665
2009-11-24 00:00:00+00:00,25.489203262414495,25.130200152849547,25.23873519897461,7829700,25.430759599579634
2009-11-25 00:00:00+00:00,25.672874340684235,25.04670667383828,25.55599021911621,10274900,25.24708013613778
2009-11-27 00:00:00+00:00,25.46415381814427,24.87972997878989,25.33892059326172,5688000,25.105150739034595
2009-11-30 00:00:00+00:00,25.355619648251917,25.00496565113418,25.230384826660156,10260500,25.238733920928066
2009-12-01 00:00:00+00:00,25.68957580562566,25.414062060751522,25.656179428100586,9318200,25.414062060751522
2009-12-02 00:00:00+00:00,25.773063283010867,25.464153183073,25.70627212524414,11386300,25.514246153291342
2009-12-03 00:00:00+00:00,25.856547122548033,25.29717066375247,25.32221794128418,9511700,25.714615734721498
2009-12-04 00:00:00+00:00,25.965086097840732,25.39736049482218,25.748014450073242,14406400,25.614432142589667
2009-12-07 00:00:00+00:00,26.081970986040687,25.731317020474368,25.8815975189209,12451500,25.823155456730973
2009-12-08 00:00:00+00:00,25.86489587620642,25.42240512592926,25.614429473876953,8703000,25.77305904464644
2009-12-09 00:00:00+00:00,25.823154585631368,25.48084972512878,25.63113021850586,9267900,25.823154585631368
2009-12-10 00:00:00+00:00,26.627662521404776,25.96893766894204,26.433422088623047,13609600,26.0533898209179
2009-12-11 00:00:00+00:00,26.8810154524809,26.4925378361606,26.771228790283203,15481000,26.59387912268298
2009-12-14 00:00:00+00:00,27.09214695044286,26.864125026032976,26.88101577758789,9230700,26.957022548794278
2009-12-15 00:00:00+00:00,27.303276621592094,26.695222449511643,27.176597595214844,15183800,26.7712292210217
2009-12-16 00:00:00+00:00,27.522850531682586,27.193488922032852,27.387727737426758,11940200,27.193488922032852
2009-12-17 00:00:00+00:00,27.269494532511683,26.729001767741597,26.96546745300293,14592500,27.168150024954503
2009-12-18 00:00:00+00:00,27.168152678683555,26.669888354183563,26.98236083984375,15229700,27.092149122963892
2009-12-21 00:00:00+00:00,27.43840493438782,27.016144112810494,27.362398147583008,7702900,27.06681476708335
2009-12-22 00:00:00+00:00,27.44684380155405,27.21037971663137,27.286386489868164,9162000,27.286386489868164
2009-12-23 00:00:00+00:00,27.421509241386097,27.058366127777024,27.387727737426758,6567900,27.28638644713027
2009-12-24 00:00:00+00:00,27.311722188776105,26.973915187991626,27.26949691772461,3557400,27.041476588148523
2009-12-28 00:00:00+00:00,27.328607878380595,26.855676554110804,26.94857406616211,7981600,27.227266602316025
2009-12-29 00:00:00+00:00,27.429959132616915,27.033034426401876,27.345508575439453,6242100,27.066815937905762
2009-12-30 00:00:00+00:00,27.34550303227009,27.1090357212591,27.261049270629883,6692500,27.286387009912744
2009-12-31 00:00:00+00:00,27.657971152963565,27.210377536203296,27.2357120513916,19651700,27.252602802044237
2010-01-04 00:00:00+00:00,27.657972851178748,26.91479749552859,27.08370018005371,13700400,27.446843287429292
2010-01-05 00:00:00+00:00,27.159706240804763,26.77122862685596,27.016138076782227,10307700,27.083699470981614
2010-01-06 00:00:00+00:00,27.024581660057482,26.7543361011834,26.872568130493164,10709500,26.940129520211684
2010-01-07 00:00:00+00:00,26.90635190492026,26.636106323204547,26.88101577758789,8202100,26.830345133713877
2010-01-08 00:00:00+00:00,26.973918648378355,26.627666226805935,26.923246383666992,7657500,26.737452912098465
2010-01-11 00:00:00+00:00,26.805010867623963,26.256074290298915,26.484094619750977,11250500,26.627662796355143
2010-01-12 00:00:00+00:00,26.28140973564367,25.90982123925483,26.028053283691406,14618300,26.196957584992916
2010-01-13 00:00:00+00:00,26.492539655477035,26.070280507457763,26.424978256225586,9620600,26.087169649177515
2010-01-14 00:00:00+00:00,26.33207942634388,26.146284379495032,26.196956634521484,9235600,26.289852547155174
2010-01-15 00:00:00+00:00,26.306742840822988,25.68179953682715,25.84225845336914,13936400,26.188510802734527
2010-01-19 00:00:00+00:00,26.34052635458094,25.757808273759697,26.188512802124023,9662100,25.833815049988157
2010-01-20 00:00:00+00:00,26.38275376246597,25.9436038221951,26.34052848815918,13302800,26.180069546369637
2010-01-21 00:00:00+00:00,26.534763525788907,25.816922689876666,25.850704193115234,15403600,26.29829783549113
2010-01-22 00:00:00+00:00,25.93515681530056,25.293324310059788,25.31865882873535,14459400,25.757808741408184
2010-01-25 00:00:00+00:00,25.529788433198068,24.95551571773234,25.267988204956055,11155800,25.521343056701117
2010-01-26 00:00:00+00:00,25.284879949158547,24.7612778613576,25.04841423034668,11197300,25.16664628435715
2010-01-27 00:00:00+00:00,25.175088078709436,24.499474136518344,24.761274337768555,16121200,24.963958520425884
2010-01-28 00:00:00+00:00,24.896400139201535,24.246120634400754,24.78661346435547,17126000,24.85417486675095
2010-01-29 00:00:00+00:00,25.183531383929488,24.702156288344646,24.95551109313965,14507900,24.803499176736988
2010-02-01 00:00:00+00:00,25.141309162422175,24.77816605035881,24.930179595947266,10894200,24.997740992787605
2010-02-02 00:00:00+00:00,25.343994958201773,24.67682471270372,25.31865882873535,10100900,24.938626551484173
2010-02-03 00:00:00+00:00,26.070275992189146,25.15819645486772,25.96893310546875,15976200,25.267983105590158
2010-02-04 00:00:00+00:00,25.74936477211149,25.04841459314243,25.056859970092773,13407100,25.572016688527114
2010-02-05 00:00:00+00:00,25.200425918282168,24.482585049173398,24.947071075439453,11956100,25.02307623965962
2010-02-08 00:00:00+00:00,25.293321229641975,24.879505886042363,24.89639663696289,10656800,25.13286231747829
2010-02-09 00:00:00+00:00,25.36933040533616,24.896398999428033,25.20042610168457,14376800,25.242651372202058
2010-02-10 00:00:00+00:00,25.411556268077234,24.516367303759132,25.360885620117188,24191900,24.6261539761377
2010-02-11 00:00:00+00:00,25.698694866671392,25.132867480912346,25.470674514770508,12389400,25.18353813329332
2010-02-12 00:00:00+00:00,25.504451128733358,25.21731480236342,25.394662857055664,12802700,25.21731480236342
2010-02-16 00:00:00+00:00,25.75780950362925,25.479118514415063,25.732473373413086,9061600,25.572016047750097
2010-02-17 00:00:00+00:00,26.120950356518033,25.656464341406803,26.06183433532715,9768600,25.791588746574096
2010-02-18 00:00:00+00:00,26.23918190291946,25.909820299201204,26.196956634521484,8212300,26.061833842699087
2010-02-19 00:00:00+00:00,26.6192148765276,26.05338760053955,26.374303817749023,12595600,26.12939436976113
2010-02-22 00:00:00+00:00,26.57698840499342,26.230736055820447,26.281408309936523,7868200,26.475647118342685
2010-02-23 00:00:00+00:00,26.408084746670283,26.061832410307023,26.112503051757812,10228300,26.20540057007647
2010-02-24 00:00:00+00:00,26.602323635568194,26.188509905643123,26.50942611694336,12062100,26.2222897964581
2010-02-25 00:00:00+00:00,26.526319890779504,26.053390089938475,26.484094619750977,10553800,26.078724608239256
2010-02-26 00:00:00+00:00,26.52632347554699,26.163180296779466,26.382755279541016,13449800,26.509432720536626
2010-03-01 00:00:00+00:00,26.686777135282252,26.467202196056597,26.636106491088867,8681000,26.517872840249982
2010-03-02 00:00:00+00:00,26.957027893474567,26.509432553270468,26.923246383666992,14070600,26.526323308174256
2010-03-03 00:00:00+00:00,26.990803761439395,26.644551391579448,26.720558166503906,10345500,26.982359996039616
2010-03-04 00:00:00+00:00,27.75087154190764,26.957023897798344,27.50596046447754,23075400,27.041476049008406
2010-03-05 00:00:00+00:00,28.054903030395508,27.65797834085708,28.054903030395508,19204800,27.691759850941654
2010-03-08 00:00:00+00:00,28.291359986180197,27.826875615797977,28.029558181762695,13176600,27.83531938038763
2010-03-09 00:00:00+00:00,28.15624348707021,27.68331202494328,28.130908966064453,11072700,27.86910710320422
2010-03-10 00:00:00+00:00,28.37581181524667,27.95355269167704,28.147794723510742,9652900,28.021115697807275
2010-03-11 00:00:00+00:00,28.553163528442383,27.97044386726955,28.553163528442383,11392500,28.13934816357445
2010-03-12 00:00:00+00:00,28.55316297495385,28.26602664327596,28.451818466186523,9610400,28.55316297495385
2010-03-15 00:00:00+00:00,28.502484474227945,28.173122946867558,28.477149963378906,8235900,28.308245707363632
2010-03-16 00:00:00+00:00,28.570057827555058,28.282921454659665,28.50249481201172,8472600,28.494051045859752
2010-03-17 00:00:00+00:00,28.578501593707028,28.316699740849437,28.50249481201172,7858400,28.53627631978339
2010-03-18 00:00:00+00:00,28.58694424205065,28.30825486778645,28.527828216552734,8044200,28.451821437829448
2010-03-19 00:00:00+00:00,28.696733770963068,28.27447458677306,28.409597396850586,16729000,28.409597396850586
2010-03-22 00:00:00+00:00,28.8740769178121,28.223797498764377,28.67139434814453,11717600,28.266025987228034
2010-03-23 00:00:00+00:00,28.798069832761776,28.485598995364196,28.722063064575195,7038000,28.71361929992394
2010-03-24 00:00:00+00:00,29.076763604619277,28.603832224859826,29.04298210144043,12195200,28.637613728038673
2010-03-25 00:00:00+00:00,29.980394233577968,29.068313088000348,29.63414192199707,32705900,29.12743232217466
2010-03-26 00:00:00+00:00,30.064846488099143,29.431457841117435,29.81993865966797,22909800,29.465239342135963
2010-03-29 00:00:00+00:00,29.91283543185815,29.532804789467864,29.693262100219727,12560500,29.794603390085037
2010-03-30 00:00:00+00:00,29.72704524062897,29.355455121362777,29.64259147644043,17201800,29.66792921648784
2010-03-31 00:00:00+00:00,29.727043023515996,29.397681421699485,29.482131958007812,10789500,29.617254749050005
2010-04-01 00:00:00+00:00,30.056410293706495,29.566588070313973,30.022628784179688,14603000,29.617260334604186
2010-04-05 00:00:00+00:00,30.014180221211742,29.617255601656936,29.743934631347656,10607900,29.794603665958704
2010-04-06 00:00:00+00:00,30.07330447819972,29.642598236567903,29.9550724029541,12637700,29.760833533395953
2010-04-07 00:00:00+00:00,29.97195226093051,29.60880917810745,29.82838249206543,9242200,29.887498508191857
2010-04-08 00:00:00+00:00,30.191527315779094,29.67637066990298,30.123964309692383,9915900,29.79460270897328
2010-04-09 00:00:00+00:00,31.145831347496564,30.098627387908575,30.588449478149414,21346000,30.25064091787427
2010-04-12 00:00:00+00:00,30.6813550198916,30.233758077193468,30.309764862060547,10410800,30.520894462071087
2010-04-13 00:00:00+00:00,30.453336978403758,30.157753582988448,30.267541885375977,10922200,30.2928764083953
2010-04-14 00:00:00+00:00,30.58000939425288,30.20842247134713,30.571565628051758,9267400,30.30976377367017
2010-04-15 00:00:00+00:00,30.83336329049837,30.284428300407296,30.740468978881836,9185900,30.470223366803992
2010-04-16 00:00:00+00:00,30.833355982250094,30.132407598809163,30.25908660888672,12327500,30.5884481691911
2010-04-19 00:00:00+00:00,30.54622268676758,30.04796002616679,30.546222686767578,9840500,30.233751845203592
2010-04-20 00:00:00+00:00,30.951595414980293,30.63912134027795,30.85869789123535,16515000,30.63912134027795
2010-04-21 00:00:00+00:00,31.036044766347192,30.6982361877408,30.875587463378906,9039700,30.73201768991771
2010-04-22 00:00:00+00:00,31.137389070177672,30.50400034006741,31.061382293701172,10494600,30.656013893020408
2010-04-23 00:00:00+00:00,31.120498978468685,30.816475087686726,31.0698299407959,7677100,31.07827370654745
2010-04-26 00:00:00+00:00,31.365408715866927,30.96848408941099,31.28095817565918,9983200,31.044490864230603
2010-04-27 00:00:00+00:00,31.095158325289916,30.537776469775352,30.67289924621582,10931300,31.06137682578452
2010-04-28 00:00:00+00:00,30.86715452135524,30.36888841307342,30.647581100463867,10930900,30.841819993986228
2010-04-29 00:00:00+00:00,31.576534685940874,30.824914010454034,31.432968139648438,10576700,30.824914010454034
2010-04-30 00:00:00+00:00,31.66099495870828,30.909370906842515,31.112056732177734,11456400,31.40763687164378
2010-05-03 00:00:00+00:00,32.07480609522654,31.112055705222264,31.720109939575195,10887500,31.204953237868605
2010-05-04 00:00:00+00:00,31.500524124161732,30.672896782249868,30.900917053222656,13195700,31.492080360754226
2010-05-05 00:00:00+00:00,30.87559117545243,29.62570443886908,29.845277786254883,17960000,30.765802890968658
2010-05-06 00:00:00+00:00,30.022621888398326,26.180064655813005,28.722063064575195,25181500,29.693260300116915
2010-05-07 00:00:00+00:00,29.009195040512214,27.67485813640242,28.215349197387695,22579800,28.59538298138698
2010-05-10 00:00:00+00:00,30.0901873400972,29.186553034570338,29.803050994873047,18282600,29.549696154165048
2010-05-11 00:00:00+00:00,30.613797193146475,29.676381094675534,30.199981689453125,19853200,29.997299043157156
2010-05-12 00:00:00+00:00,30.579998917887686,29.406119301592945,29.66792106628418,25533300,29.54124206559275
2010-05-13 00:00:00+00:00,30.00573092332552,29.338563986873865,29.347007751464844,15445900,29.710150838921702
2010-05-14 00:00:00+00:00,29.372346587008124,28.57005674802804,28.76429557800293,16945200,29.27100528910422
2010-05-17 00:00:00+00:00,29.00076035897205,28.11401673300263,28.88252830505371,15136700,28.899419058696594
2010-05-18 00:00:00+00:00,29.254116854855365,28.308257149082355,28.485605239868164,17393800,29.01765273380762
2010-05-19 00:00:00+00:00,28.544711926979456,27.945104832537,28.19845962524414,18536600,28.266022621475898
2010-05-20 00:00:00+00:00,27.835320182798633,27.016138076782227,27.016138076782227,26615500,27.666415891904816
2010-05-21 00:00:00+00:00,27.759313583374023,26.517872353293278,27.759313583374023,20122900,26.517872353293278
2010-05-24 00:00:00+00:00,27.860660674238353,27.11748365379798,27.429954528808594,14040200,27.49751754047668
2010-05-25 00:00:00+00:00,27.33705941219273,26.357418207583244,27.29483413696289,26555900,26.66989072097346
2010-05-26 00:00:00+00:00,28.5869401067969,27.1428147415367,27.9282169342041,25296300,27.455285577051065
2010-05-27 00:00:00+00:00,29.02609634399414,28.27447548764124,29.02609634399414,16214500,28.375816793032797
2010-05-28 00:00:00+00:00,28.755844215293287,28.071786531546316,28.223796844482422,15832700,28.460264132387962
2010-06-01 00:00:00+00:00,28.603832128564044,27.742423129892224,28.147794723510742,15438800,27.91977441019337
2010-06-02 00:00:00+00:00,29.380794915368597,28.257583935002053,29.33856964111328,18309300,28.3504814713129
2010-06-03 00:00:00+00:00,29.642592148373353,28.975425114859977,29.313230514526367,17752500,29.490578590969857
2010-06-04 00:00:00+00:00,29.009200378081083,28.24068890529341,28.451818466186523,21813100,28.764292535846963
2010-06-07 00:00:00+00:00,28.77273628928905,27.87754579169066,27.902883529663086,14577700,28.46026544133491
2010-06-08 00:00:00+00:00,28.13934558213632,27.370834164952893,27.995779037475586,15662500,27.89443453604086
2010-06-09 00:00:00+00:00,28.56160690765104,27.725535645689234,27.818429946899414,13707600,28.122457031824236
2010-06-10 00:00:00+00:00,28.90785793045665,28.249134757819103,28.806516647338867,13720200,28.316694539370523
2010-06-11 00:00:00+00:00,28.933189254634176,28.35891989925198,28.916301727294922,8799700,28.586936955722365
2010-06-14 00:00:00+00:00,29.19499400280124,28.6460558825418,28.654502868652344,9336800,29.12743422182327
2010-06-15 00:00:00+00:00,29.55813973391316,28.806518981846704,29.54969596862793,11552200,28.806518981846704
2010-06-16 00:00:00+00:00,29.4990170050036,29.11898322194496,29.38078498840332,9416200,29.38078498840332
2010-06-17 00:00:00+00:00,29.6510338502729,29.22032777387874,29.617252349853516,10951100,29.389232054394466
2010-06-18 00:00:00+00:00,29.8537231797569,29.490580021849087,29.68482208251953,14672300,29.71860036901785
2010-06-21 00:00:00+00:00,30.25909764811113,29.439913719669256,29.60881805419922,11382500,29.980405012899357
2010-06-22 00:00:00+00:00,29.9466168373295,28.95853201582919,29.009201049804688,9731000,29.659480499002814
2010-06-23 00:00:00+00:00,29.24566251595729,28.755840474765364,29.000751495361328,9474000,29.017642243841827
2010-06-24 00:00:00+00:00,28.8656288517448,28.257574790186688,28.37580680847168,10273200,28.82340359115457
2010-06-25 00:00:00+00:00,28.443373662472613,27.970442303574544,28.27446937561035,11155500,28.299803891086228
2010-06-28 00:00:00+00:00,28.510940530208757,27.911333223327134,28.054903030395508,7802000,28.342039422950133
2010-06-29 00:00:00+00:00,28.181575083480645,27.058367407167424,27.27794075012207,15868300,28.130906046727404
2010-06-30 00:00:00+00:00,27.45528944106038,26.484095296269054,26.602327346801758,17186400,27.15970931472862
2010-07-01 00:00:00+00:00,27.109036685049535,26.104061047663755,26.593881607055664,19906200,26.576990854127114
2010-07-02 00:00:00+00:00,26.754338728967706,25.943600361924968,26.5009822845459,15597300,26.652995829040833
2010-07-06 00:00:00+00:00,27.277942768400617,26.500985801811094,26.788122177124023,15215500,26.830349062194138
2010-07-07 00:00:00+00:00,28.012671631575998,26.737450362949517,27.987337112426758,14309500,26.796566388685605
2010-07-08 00:00:00+00:00,28.32514668763776,27.78465545039995,28.15624237060547,10044000,28.147798604465706
2010-07-09 00:00:00+00:00,28.544720085935356,28.181576931344658,28.50249481201172,8530900,28.190023919078524
2010-07-12 00:00:00+00:00,28.620723767562918,28.198464630899952,28.51938247680664,10094300,28.35892516464407
2010-07-13 00:00:00+00:00,29.279446458653915,28.67983926865034,29.09365463256836,8653000,28.806518295983597
2010-07-14 00:00:00+00:00,29.144318783765303,28.646052966152602,28.916301727294922,7955100,28.916301727294922
2010-07-15 00:00:00+00:00,29.06831302064269,28.37580839908558,28.755842208862305,10656300,28.840295956357718
2010-07-16 00:00:00+00:00,28.713621553375276,27.801540263555964,27.894437789916992,13060100,28.620724027014244
2010-07-19 00:00:00+00:00,28.291366301737618,27.86066333672964,28.130908966064453,9647000,27.94511388780351
2010-07-20 00:00:00+00:00,28.249136355591695,27.7001981996249,28.206911087036133,11632000,28.147795066742045
2010-07-21 00:00:00+00:00,28.375815740775057,27.556635118399388,27.708648681640625,10151100,28.266030672997857
2010-07-22 00:00:00+00:00,28.519386078942624,27.911331814441667,28.367372512817383,9984500,27.945113322821044
2010-07-23 00:00:00+00:00,28.89097364554843,28.249141080050272,28.823413848876953,10790200,28.308257110231075
2010-07-26 00:00:00+00:00,29.32168111222144,28.78963359579973,29.051435470581055,10104400,28.78963359579973
2010-07-27 00:00:00+00:00,29.271006381494274,28.679842882092775,28.950088500976562,7103000,29.271006381494274
2010-07-28 00:00:00+00:00,28.890974498864008,28.54472207404305,28.747407913208008,6089200,28.87408374380175
2010-07-29 00:00:00+00:00,29.38923695259858,28.223800766540105,28.468711853027344,9938400,28.899418001205834
2010-07-30 00:00:00+00:00,28.612278994277407,27.88599278935207,28.451818466186523,7805000,28.181572885969853
2010-08-02 00:00:00+00:00,29.287892326574713,28.823407946731052,29.118988037109375,9948800,28.831851711492707
2010-08-03 00:00:00+00:00,29.178102727960976,28.730509119581672,28.890966415405273,8503300,29.0852052119016
2010-08-04 00:00:00+00:00,29.524358727902282,28.831853985889477,29.414573669433594,9840700,29.059874311417833
2010-08-05 00:00:00+00:00,29.600362430787808,29.186550314565167,29.54124641418457,8407300,29.287891597087672
2010-08-06 00:00:00+00:00,29.63414848734454,29.042985008860704,29.558141708374023,8061700,29.20344555423279
2010-08-09 00:00:00+00:00,29.752378121106283,29.473688768581308,29.693262100219727,7809300,29.524357802723202
2010-08-10 00:00:00+00:00,29.904392286839926,29.330119596391622,29.803050994873047,12353400,29.465242392874657
2010-08-11 00:00:00+00:00,29.36390036984614,28.82340919737039,28.899415969848633,15028900,29.36390036984614
2010-08-12 00:00:00+00:00,28.966975908034772,28.4687100017404,28.705177307128906,11809600,28.58694204364389
2010-08-13 00:00:00+00:00,28.553162907235905,28.215354321975514,28.443374633789062,11058100,28.536272155814743
2010-08-16 00:00:00+00:00,28.502489922954677,27.961998777646475,28.426483154296875,6917800,28.24068811500418
2010-08-17 00:00:00+00:00,28.705182624099855,28.29981094594284,28.510940551757812,9875200,28.646063370616112
2010-08-18 00:00:00+00:00,28.899417034613048,28.2069122916663,28.637615203857422,8325000,28.553164663139672
2010-08-19 00:00:00+00:00,28.527824053666134,27.91977313419068,28.029558181762695,12070700,28.477155022965604
2010-08-20 00:00:00+00:00,28.038008303489917,27.62419291753028,27.91132926940918,8632700,27.86910399857615
2010-08-23 00:00:00+00:00,28.333584582020524,27.7001959405972,27.80998420715332,8046500,28.063339019406403
2010-08-24 00:00:00+00:00,27.61574599154867,26.99924647672149,27.14281463623047,14229700,27.43839794139733
2010-08-25 00:00:00+00:00,27.227273335194557,26.644553605168387,27.11748504638672,14144000,26.91480083334641
2010-08-26 00:00:00+00:00,27.396170704402383,26.92324093828642,26.973913192749023,10120500,27.176597378227296
2010-08-27 00:00:00+00:00,27.742419845582546,26.669883022889806,27.683303833007812,11144000,27.134368970302276
2010-08-30 00:00:00+00:00,27.860656160491246,27.294827304977815,27.320161819458008,7057900,27.641079629725606
2010-08-31 00:00:00+00:00,27.725532374246676,26.948574002050506,27.480621337890625,12520700,27.193485038406553
2010-09-01 00:00:00+00:00,28.460265214246427,27.793095034234696,28.2998046875,10020900,27.869101804382634
2010-09-02 00:00:00+00:00,28.696731226676174,28.316697350283047,28.637615203857422,7034600,28.39270412556167
2010-09-03 00:00:00+00:00,29.30477574991072,28.73050324227637,29.279438018798828,8473800,28.73050324227637
2010-09-07 00:00:00+00:00,29.245665153673862,28.426481497180763,28.578495025634766,10733100,29.135876889439047
2010-09-08 00:00:00+00:00,28.798068332523233,28.502488261407763,28.578495025634766,8370900,28.612276525642578
2010-09-09 00:00:00+00:00,29.127441384148852,28.713625945671012,28.78118896484375,6990600,29.000762333991005
2010-09-10 00:00:00+00:00,28.950084659589848,28.755845848139543,28.840299606323242,7362900,28.848743371350878
2010-09-13 00:00:00+00:00,29.279446221397414,28.646057533026564,28.941640853881836,8826700,29.06831665860713
2010-09-14 00:00:00+00:00,28.90785573277299,28.47715289608008,28.755842208862305,7761800,28.90785573277299
2010-09-15 00:00:00+00:00,29.06831446156524,28.612277088808366,28.890966415405273,7262300,28.72206213362288
2010-09-16 00:00:00+00:00,28.87407993129882,28.46871152807544,28.857189178466797,7297600,28.789629388720417
2010-09-17 00:00:00+00:00,29.330120521427318,29.0176496487519,29.186553955078125,19012800,29.03454040154269
2010-09-20 00:00:00+00:00,29.549694896746615,29.161214054504892,29.47368812561035,10219200,29.186551792604615
2010-09-21 00:00:00+00:00,29.541253690160534,28.941646390312997,29.13588523864746,11630600,29.48213765899709
2010-09-22 00:00:00+00:00,29.397682028204947,28.62917053425073,28.705177307128906,9897700,29.194996226669303
2010-09-23 00:00:00+00:00,28.48559843451672,27.869100536510928,27.970441818237305,18090900,28.434926182862903
2010-09-24 00:00:00+00:00,28.561609366079352,28.13090643975092,28.35892677307129,10657100,28.190022464510083
2010-09-27 00:00:00+00:00,28.4264864548388,28.105568591957926,28.114015579223633,7884000,28.375814195989694
2010-09-28 00:00:00+00:00,28.266032636050905,27.818435681385623,28.054903030395508,12863900,28.181578860839476
2010-09-29 00:00:00+00:00,28.021119924011597,27.598860736755945,27.87755012512207,9231200,27.89444087920213
2010-09-30 00:00:00+00:00,28.28291706335636,27.725535157992446,27.95355224609375,14459500,28.029559015987985
2010-10-01 00:00:00+00:00,28.358928195360594,27.97044729971176,28.15624237060547,12916300,28.122460862882633
2010-10-04 00:00:00+00:00,28.375814773430132,27.93666807412827,27.987337112426758,10708300,28.063343891456267
2010-10-05 00:00:00+00:00,28.7051758877344,28.17312850389549,28.570053100585938,14555400,28.198463019741652
2010-10-06 00:00:00+00:00,28.696723241092254,28.24068271632523,28.477149963378906,11339900,28.57849122835578
2010-10-07 00:00:00+00:00,28.696731226676174,28.4433763829413,28.637615203857422,9029800,28.52782692365905
2010-10-08 00:00:00+00:00,29.304789631635284,28.544721769844323,29.144329071044922,12971700,28.68829157555243
2010-10-11 00:00:00+00:00,29.33856757573493,29.076765739251243,29.194997787475586,5347500,29.15277251619285
2010-10-12 00:00:00+00:00,29.22877630849905,28.679838173132037,29.118988037109375,9077900,29.017646752062717
2010-10-13 00:00:00+00:00,29.727043023515996,29.21188637592342,29.482131958007812,14425700,29.27100239565554
2010-10-14 00:00:00+00:00,29.515917009620114,29.20344612181575,29.43146324157715,7358700,29.380794202333213
2010-10-15 00:00:00+00:00,29.684816953892,29.18655107133022,29.456796646118164,9641200,29.591919433512135
2010-10-18 00:00:00+00:00,29.558137303633654,29.13587819929603,29.347007751464844,6926200,29.41457075451789
2010-10-19 00:00:00+00:00,29.22032554311575,28.71361596183342,28.916301727294922,9554500,29.135875020095675
2010-10-20 00:00:00+00:00,29.34700712363333,28.941638778731164,29.237218856811523,10107800,28.941638778731164
2010-10-21 00:00:00+00:00,29.591924236361553,29.102102039070584,29.28789710998535,16888400,29.355456903856787
2010-10-22 00:00:00+00:00,29.549697149311285,28.966977452318876,29.532806396484375,9598800,29.279448325662443
2010-10-25 00:00:00+00:00,30.16619560241753,29.642591921335086,29.946619033813477,11230400,29.693264180608733
2010-10-26 00:00:00+00:00,30.377322490127526,29.549694991534174,30.36887550354004,14800400,29.6679270311073
2010-10-27 00:00:00+00:00,30.36887786506685,29.955065694382288,30.33509635925293,11752600,30.06485075590497
2010-10-28 00:00:00+00:00,30.84180765879692,30.351985515014995,30.83336067199707,14226000,30.360432501814845
2010-10-29 00:00:00+00:00,30.833361994543196,30.259092509201228,30.512447357177734,12926000,30.833361994543196
2010-11-01 00:00:00+00:00,30.816472714941884,30.1999715503493,30.42799186706543,8454000,30.580005411542846
2010-11-02 00:00:00+00:00,30.782701850842603,30.487118424826257,30.49556541442871,16355300,30.7151388203534
2010-11-03 00:00:00+00:00,30.765813190296363,30.360444644478026,30.647581100463867,12050100,30.504011261679533
2010-11-04 00:00:00+00:00,31.382302633871813,30.791139128039966,31.27251434326172,16674900,30.82492063616337
2010-11-05 00:00:00+00:00,31.47520031825343,31.061384895752944,31.41608428955078,9712900,31.061384895752944
2010-11-08 00:00:00+00:00,31.36540753310499,31.15427796896553,31.297847747802734,6802600,31.289400761151526
2010-11-09 00:00:00+00:00,31.44141333284557,30.97692895041757,31.128942489624023,7600000,31.40763183044827
2010-11-10 00:00:00+00:00,31.247178964982645,30.833363555788218,31.23873519897461,7857200,31.17117218458293
2010-11-11 00:00:00+00:00,31.57653801628028,29.684818870617836,30.343542098999023,37821800,31.14583511039602
2010-11-12 00:00:00+00:00,32.09169329712723,30.909366465968912,31.880563735961914,39192700,31.044489256251453
2010-11-15 00:00:00+00:00,31.80455771853738,31.365407834320187,31.45830535888672,11658400,31.60187191752117
2010-11-16 00:00:00+00:00,31.492087194158508,31.002265049135705,31.17961311340332,12409800,31.13738784404173
2010-11-17 00:00:00+00:00,31.517418670222664,30.993818293183725,31.432968139648438,10600500,31.078268823757956
2010-11-18 00:00:00+00:00,31.905906348289182,31.416087317319967,31.73700523376465,9520400,31.416087317319967
2010-11-19 00:00:00+00:00,31.525860157860393,31.03603814553138,31.255611419677734,13691800,31.331618172570835
2010-11-22 00:00:00+00:00,31.289400869958463,30.841807223332406,31.2049503326416,6558800,31.1458343122035
2010-11-23 00:00:00+00:00,30.92625498726598,30.402654615377223,30.503995895385742,11925900,30.850248221864288
2010-11-24 00:00:00+00:00,31.230285756064166,30.656013065211496,31.137388229370117,9098200,30.70668532202141
2010-11-26 00:00:00+00:00,31.188064757811535,30.765805557972854,30.993825912475586,3490900,30.83336535472439
2010-11-29 00:00:00+00:00,31.0022696599613,30.48711292102095,30.75735855102539,8495200,30.78269629367595
2010-11-30 00:00:00+00:00,31.10360948270604,30.419548523087624,30.83336067199707,17578900,30.43643927510578
2010-12-01 00:00:00+00:00,31.593425607087138,31.28095477637657,31.348514556884766,15010900,31.37385229345894
2010-12-02 00:00:00+00:00,31.745438934999907,31.2893983385878,31.53430938720703,13967700,31.29784532458501
2010-12-03 00:00:00+00:00,31.81300504497885,31.289404564313262,31.745445251464844,6901500,31.289404564313262
2010-12-06 00:00:00+00:00,31.863676510696415,31.483642614225836,31.720109939575195,5086200,31.610321653576626
2010-12-07 00:00:00+00:00,32.074800444938596,31.508974804432814,31.52586555480957,8123100,31.956568413882536
2010-12-08 00:00:00+00:00,31.660993638072764,31.196505978883714,31.221843719482422,8561900,31.644102884867547
2010-12-09 00:00:00+00:00,31.588952682908445,31.170611065729165,31.36697769165039,6547200,31.477963558870076
2010-12-10 00:00:00+00:00,31.546271173441493,31.247454748910766,31.298681259155273,6748900,31.469433036484364
2010-12-13 00:00:00+00:00,31.99876437469489,31.221846790543527,31.699951171875,12361700,31.54627487990487
2010-12-14 00:00:00+00:00,32.01584026334931,31.70848767573001,31.793865203857422,6954600,31.75117481138387
2010-12-15 00:00:00+00:00,31.904842304552556,31.503579431907102,31.546266555786133,7258400,31.725554430169346
2010-12-16 00:00:00+00:00,31.742622777938596,31.503572332630593,31.597482681274414,7649800,31.60602205821716
2010-12-17 00:00:00+00:00,31.7340873114532,31.392587098477005,31.631637573242188,11285400,31.56333883337433
2010-12-20 00:00:00+00:00,31.879233011767948,31.452355228137858,31.640182495117188,5114100,31.61456761346244
2010-12-21 00:00:00+00:00,31.94752998436376,31.674328478601314,31.870695114135742,4783900,31.73409110443567
2010-12-22 00:00:00+00:00,32.43417159965573,31.879229243800445,32.400020599365234,7229000,31.95606736604474
2010-12-23 00:00:00+00:00,32.39148397820397,32.032908215085996,32.18658447265625,4506000,32.314645849418845
2010-12-27 00:00:00+00:00,32.22927463143846,31.84508395135548,31.998760223388672,3518900,32.058522856199446
2010-12-28 00:00:00+00:00,32.032913492097734,31.648722784881606,31.896312713623047,3464300,31.981686978862427
2010-12-29 00:00:00+00:00,32.30611050042624,31.853621096091903,32.1012077331543,5097000,31.973146353325955
2010-12-30 00:00:00+00:00,32.143900372228565,31.921922087372074,31.998760223388672,3411800,32.08413773941779
2010-12-31 00:00:00+00:00,32.10120258974879,31.768238495997572,32.02436447143555,3650800,31.90483923335239
2011-01-03 00:00:00+00:00,32.442715895022594,32.11828782416292,32.289039611816406,7591000,32.22074085084669
2011-01-04 00:00:00+00:00,33.29645802585756,32.3146380890345,33.28792190551758,21974200,32.38294007902692
2011-01-05 00:00:00+00:00,34.15022079613383,33.44160215134101,34.11606979370117,22003400,33.49282865498999
2011-01-06 00:00:00+00:00,34.05631326444498,33.672122560348804,33.85141372680664,14738300,33.88556147853341
2011-01-07 00:00:00+00:00,33.87702365184325,33.43307033351802,33.680660247802734,6598700,33.76603450805713
2011-01-10 00:00:00+00:00,33.76603001996114,33.23670251173839,33.72334289550781,8772600,33.30500125949996
2011-01-11 00:00:00+00:00,33.9880096159093,33.50136921298411,33.637969970703125,6494800,33.80871847523768
2011-01-12 00:00:00+00:00,33.851410159993485,33.33061873340603,33.44160461425781,9586900,33.70627001737479
2011-01-13 00:00:00+00:00,33.60382540141059,33.30500894762088,33.51844787597656,7084100,33.450149112448926
2011-01-14 00:00:00+00:00,33.58674306434481,33.2964660505544,33.5440559387207,5214000,33.381840301802605
2011-01-18 00:00:00+00:00,33.73187478602763,33.29646096031591,33.629425048828125,7892000,33.356223578417165
2011-01-19 00:00:00+00:00,33.71480210701777,33.26230953134735,33.37329864501953,8371900,33.37329864501953
2011-01-20 00:00:00+00:00,33.62943188465174,32.87812605989513,33.44160461425781,8977900,33.30500385128562
2011-01-21 00:00:00+00:00,34.09899787559866,33.53551930352503,33.92824935913086,10931800,33.54405868343993
2011-01-24 00:00:00+00:00,34.10753840363986,33.757498722187144,34.0989990234375,7794300,33.84287298329491
2011-01-25 00:00:00+00:00,34.08192393815938,33.69773650163978,34.03070068359375,7920300,33.97093804872095
2011-01-26 00:00:00+00:00,34.090460810780804,33.612356510148324,33.672119140625,9777100,34.01362267776521
2011-01-27 00:00:00+00:00,33.88555327727471,33.50990204464298,33.68918991088867,8231000,33.75749191145007
2011-01-28 00:00:00+00:00,33.97092034267797,32.997639931384086,33.16838836669922,8399900,33.60380534447868
2011-01-31 00:00:00+00:00,33.509906240097074,32.99765419902703,33.18547821044922,8206400,33.33061835140446
2011-02-01 00:00:00+00:00,34.10753408042165,33.33061667826781,34.04777145385742,9283000,33.33061667826781
2011-02-02 00:00:00+00:00,34.756385548916,33.979468175852894,34.56856155395508,15357000,33.979468175852894
2011-02-03 00:00:00+00:00,34.79052621346933,34.389260206371546,34.57708740234375,9513800,34.491713180620636
2011-02-04 00:00:00+00:00,34.807612305942506,34.500259803260995,34.756385803222656,11142200,34.551486305980845
2011-02-07 00:00:00+00:00,35.17473710506508,34.756395359872336,34.9527587890625,7283900,34.8332335066702
2011-02-08 00:00:00+00:00,35.20888031404719,34.824689665193794,35.15765380859375,11850200,34.91860329678229
2011-02-09 00:00:00+00:00,37.60793094080426,36.47243776448442,37.01884078979492,35806100,36.50658551095213
2011-02-10 00:00:00+00:00,37.27497131498835,36.48097830492166,36.976158142089844,14829000,36.52366543579012
2011-02-11 00:00:00+00:00,37.14689767858225,36.71148383815314,37.0615234375,14199200,36.74563483731345
2011-02-14 00:00:00+00:00,37.0615263378938,36.694411210236765,36.91638946533203,7500600,36.87369908463147
2011-02-15 00:00:00+00:00,37.19812853085765,36.69441263315483,36.788326263427734,12069100,36.71148813473344
2011-02-16 00:00:00+00:00,37.31765630117804,36.75417773836781,37.309120178222656,7902800,36.89077850338789
2011-02-17 00:00:00+00:00,37.479871948702545,37.11275678205749,37.309120178222656,6396000,37.13836840774277
2011-02-18 00:00:00+00:00,37.26642857875788,36.93346120070134,37.18959045410156,15918200,37.26642857875788
2011-02-22 00:00:00+00:00,36.839555566324755,36.199238864176486,36.41267776489258,14162700,36.566354033953694
2011-02-23 00:00:00+00:00,36.95908355386483,35.83212633556212,35.968727111816406,18834700,36.63465548895362
2011-02-24 00:00:00+00:00,36.25899515718833,35.51622556763436,36.216304779052734,14504800,35.85772905180758
2011-02-25 00:00:00+00:00,36.822476608646625,36.19923546784842,36.668800354003906,9457300,36.2846097173971
2011-02-28 00:00:00+00:00,37.454251399170175,36.71148505530918,37.343265533447266,12528200,36.72856055545547
2011-03-01 00:00:00+00:00,37.385953256668586,36.68587402350487,36.70294952392578,12093400,37.249352510120026
2011-03-02 00:00:00+00:00,37.24081354576665,36.69441055349422,36.959075927734375,7624800,36.83101130156233
2011-03-03 00:00:00+00:00,37.770143940119354,37.23227707478595,37.625003814697266,9641500,37.23227707478595
2011-03-04 00:00:00+00:00,37.85552082069181,36.79686251678215,37.181053161621094,11127700,37.59085543050966
2011-03-07 00:00:00+00:00,37.232277268418734,36.1821584113761,36.72856140136719,11765100,37.16397526626049
2011-03-08 00:00:00+00:00,37.206664467046934,36.48097037279496,36.88223648071289,6864300,36.76271123754209
2011-03-09 00:00:00+00:00,37.035916406100604,36.549276006625625,36.81393814086914,5386700,36.91639115104625
2011-03-10 00:00:00+00:00,36.56634753968809,35.994329693814656,36.258995056152344,10210600,36.41267129792022
2011-03-11 00:00:00+00:00,36.81394198154867,36.079711616107545,36.651729583740234,6954800,36.22485176725765
2011-03-14 00:00:00+00:00,36.43828861389774,35.49915877349775,36.06263732910156,11005600,36.4041376088747
2011-03-15 00:00:00+00:00,35.738208892839445,34.68808992634167,35.53330612182617,14572000,35.11496771386852
2011-03-16 00:00:00+00:00,35.49916283533775,34.50880311726642,34.662479400634766,16754900,35.19181026860106
2011-03-17 00:00:00+00:00,35.174734476546114,34.560029348098574,34.79907989501953,9378400,35.16619509597354
2011-03-18 00:00:00+00:00,35.57598767804089,35.149109957362775,35.20033645629883,13291500,35.21741195594418
2011-03-21 00:00:00+00:00,35.84920357930145,34.99544787207829,35.704063415527344,7130300,35.39671083983587
2011-03-22 00:00:00+00:00,35.815044362512005,35.32840398145192,35.3796272277832,6881000,35.72966685726184
2011-03-23 00:00:00+00:00,36.156547707686286,34.892989833205576,36.06263732910156,11705500,35.34548250771315
2011-03-24 00:00:00+00:00,36.70295385911578,36.19923793606777,36.59196472167969,7011100,36.25900056619049
2011-03-25 00:00:00+00:00,36.916396992504865,36.523666904986925,36.685882568359375,7935500,36.660267683352465
2011-03-28 00:00:00+00:00,36.96761360092641,36.30168533325195,36.30168533325195,6022900,36.87369997203512
2011-03-29 00:00:00+00:00,36.73708972514008,36.16507523416905,36.66025161743164,5452700,36.35290244341591
2011-03-30 00:00:00+00:00,37.12128880970741,36.75417368356334,37.01029968261719,7004800,36.8395511877938
2011-03-31 00:00:00+00:00,36.89077601608049,36.45536212469211,36.788326263427734,7206400,36.76271463946928
2011-04-01 00:00:00+00:00,37.03591626568799,36.404135732600146,36.58342361450195,8404800,36.9078516318616
2011-04-04 00:00:00+00:00,36.7541751266246,36.293146356135246,36.395599365234375,6841000,36.60049886979482
2011-04-05 00:00:00+00:00,36.56635708802121,36.02849010138398,36.224853515625,7635700,36.42121692986602
2011-04-06 00:00:00+00:00,36.480972140383614,35.90895751840259,36.0882453918457,7826300,36.47243601838009
2011-04-07 00:00:00+00:00,36.08824723439228,35.4308550747178,35.891883850097656,9439900,36.0114091051623
2011-04-08 00:00:00+00:00,36.062629863658614,35.34547519073074,35.65282440185547,7271800,36.04555436468195
2011-04-11 00:00:00+00:00,35.80650395648731,35.4735398376096,35.763816833496094,6882700,35.65282770826395
2011-04-12 00:00:00+00:00,35.644289339694524,35.217411623051476,35.541839599609375,8387000,35.50768860064149
2011-04-13 00:00:00+00:00,35.874809800953585,35.42232038651094,35.60160827636719,5964800,35.71259741348637
2011-04-14 00:00:00+00:00,35.48207436646932,34.86736945759617,35.02104568481445,11204000,35.43084787179046
2011-04-15 00:00:00+00:00,35.61013792560567,34.96982135810551,35.44792556762695,8376900,35.20033571322379
2011-04-18 00:00:00+00:00,35.243023320122454,34.5429441238586,35.17472457885742,9975800,34.97836121959497
2011-04-19 00:00:00+00:00,35.3967090543046,34.901532462639736,35.30279541015625,6903700,35.07228424683498
2011-04-20 00:00:00+00:00,36.25045961529159,35.652830083149425,35.891883850097656,7400000,35.75528309333536
2011-04-21 00:00:00+00:00,36.19923451880425,35.94310526323548,36.0882453918457,4860800,36.13093251550091
2011-04-25 00:00:00+00:00,36.156545579291944,35.74674331359618,35.797969818115234,5157000,36.148009456948216
2011-04-26 00:00:00+00:00,36.23337568429272,35.6186740502755,36.13946533203125,7290800,35.84064900706707
2011-04-27 00:00:00+00:00,36.438283331496706,36.01140560104976,36.352909088134766,5396900,36.079704344375585
2011-04-28 00:00:00+00:00,36.83955052646498,36.1821584113761,36.72856140136719,6529800,36.1821584113761
2011-04-29 00:00:00+00:00,37.01030244719959,36.54927691719264,36.7968635559082,5740200,36.74564030636244
2011-05-02 00:00:00+00:00,37.38595459920336,36.89077483967117,36.94200134277344,5601100,37.112753096295535
2011-05-03 00:00:00+00:00,37.19812945811635,36.61757541724744,36.7712516784668,6206900,36.92492793968616
2011-05-04 00:00:00+00:00,36.91639674985538,36.11386433251584,36.38706588745117,7481400,36.6602674423865
2011-05-05 00:00:00+00:00,36.92492353403789,36.23338044106132,36.44681930541992,8242300,36.29314306253624
2011-05-06 00:00:00+00:00,37.13836564766886,36.5834232490566,36.76271438598633,7791900,36.967613889879026
2011-05-09 00:00:00+00:00,37.01030244719959,36.651726673103184,36.7968635559082,6308300,36.984690822426714
2011-05-10 00:00:00+00:00,37.67623440352669,36.79686394741305,37.488407135009766,12541000,36.91639246353595
2011-05-11 00:00:00+00:00,36.35290748881516,35.09788597433294,35.44792556762695,38451900,35.951641397666485
2011-05-12 00:00:00+00:00,35.65283378419505,34.952754426012135,35.49916076660156,13080100,35.43939487604613
2011-05-13 00:00:00+00:00,35.7467386630663,35.21741121250868,35.44792556762695,8420500,35.52476368599971
2011-05-16 00:00:00+00:00,35.26010634842385,34.91006667555102,34.944217681884766,11697800,35.2259553420901
2011-05-17 00:00:00+00:00,35.12349750900525,34.73077079686812,35.012508392333984,10024400,34.88444703323803
2011-05-18 00:00:00+00:00,35.38817515839118,34.91861016490914,35.3625602722168,9948300,34.952757918442316
2011-05-19 00:00:00+00:00,35.63575597373902,35.12350072006838,35.32840347290039,10055800,35.4735403445082
2011-05-20 00:00:00+00:00,35.72113181031323,35.10642678128536,35.43085479736328,9213000,35.2942540416703
2011-05-23 00:00:00+00:00,35.28571553400861,34.961287539861786,35.14057540893555,7955900,35.132039287140046
2011-05-24 00:00:00+00:00,35.29425707895873,34.89299089972089,35.08081817626953,8459300,35.23449444675129
2011-05-25 00:00:00+00:00,35.29425523343885,34.87591357304246,35.114967346191406,7030500,34.93567620212494
2011-05-26 00:00:00+00:00,35.191800986399336,34.61978313655513,34.99543762207031,11189400,35.021049243603215
2011-05-27 00:00:00+00:00,35.5759869270359,35.166184714654015,35.44792556762695,8529400,35.166184714654015
2011-05-31 00:00:00+00:00,35.84919207668334,35.413774981889055,35.541839599609375,10977200,35.77235395741484
2011-06-01 00:00:00+00:00,35.507686011304415,34.42341629928136,34.49171829223633,12632100,35.45645951658819
2011-06-02 00:00:00+00:00,34.73931790315416,34.141691524758045,34.201454162597656,13421400,34.44904083786769
2011-06-03 00:00:00+00:00,33.859945904064745,33.44160424018122,33.62089538574219,15135500,33.859945904064745
2011-06-06 00:00:00+00:00,33.89409598432392,33.415991703897866,33.637969970703125,9193400,33.450142707532365
2011-06-07 00:00:00+00:00,34.0477723511389,33.57820744855144,33.595279693603516,8666700,33.81725796110819
2011-06-08 00:00:00+00:00,33.85140352244753,33.41598643678664,33.49282455444336,8483000,33.68918790916198
2011-06-09 00:00:00+00:00,33.74896652358819,33.16841230542245,33.61236572265625,9642200,33.25378984151741
2011-06-10 00:00:00+00:00,33.57821337092069,32.80129255444362,32.86959457397461,13096800,33.42453708379551
2011-06-13 00:00:00+00:00,33.17693610122172,32.741519013742376,32.75859451293945,9253400,32.98057274568301
2011-06-14 00:00:00+00:00,33.17694077802903,32.87812438518502,32.94642639160156,10074600,33.02326452041071
2011-06-15 00:00:00+00:00,33.14279189320138,32.647615342307006,32.77567672729492,10716200,32.76714060435671
2011-06-16 00:00:00+00:00,32.84398207186551,32.246352444136186,32.45125198364258,11806900,32.75860454972163
2011-06-17 00:00:00+00:00,32.758601516019034,32.42563735254163,32.476863861083984,12658300,32.70737826429584
2011-06-20 00:00:00+00:00,32.673223419895464,32.143895921090646,32.63907241821289,8746200,32.31464441586597
2011-06-21 00:00:00+00:00,33.20255239381781,32.65614936989619,33.108638763427734,7815000,32.826901129076425
2011-06-22 00:00:00+00:00,33.100109044465256,32.68176731638374,32.70738220214844,8543700,32.92082112821013
2011-06-23 00:00:00+00:00,32.382953257866795,31.75117262059474,32.289039611816406,11874100,32.340266125158294
2011-06-24 00:00:00+00:00,32.45979597259116,31.921928905591713,32.084144592285156,13425400,32.36588231330968
2011-06-27 00:00:00+00:00,32.801285048852925,31.990219921837387,32.502471923828125,8258400,32.11828129392567
2011-06-28 00:00:00+00:00,32.826897507658664,32.2634190442993,32.37440490722656,11912700,32.587843768450846
2011-06-29 00:00:00+00:00,32.80982192667402,32.21219246536261,32.741519927978516,9614100,32.536620445529124
2011-06-30 00:00:00+00:00,33.39891856729847,32.74152635646509,33.33061981201172,10049800,32.86959100075414
2011-07-01 00:00:00+00:00,34.03068855723257,33.322070057933814,33.911163330078125,9245300,33.424523044196064
2011-07-05 00:00:00+00:00,34.303898787501694,33.8087189976075,34.124610900878906,9446200,33.95385913688715
2011-07-06 00:00:00+00:00,34.10753193583411,33.52697795129763,33.783103942871094,11435800,34.10753193583411
2011-07-07 00:00:00+00:00,34.20145089366237,33.91970997921596,33.92824935913086,10227600,34.022159740460474
2011-07-08 00:00:00+00:00,34.13314213692005,33.467213935189136,34.07337951660156,11795100,34.13314213692005
2011-07-11 00:00:00+00:00,33.757492570603006,33.3647658301625,33.484291076660156,9785500,33.71480544782794
2011-07-12 00:00:00+00:00,33.740422511657385,33.32208082462831,33.42453384399414,11311000,33.58674623942787
2011-07-13 00:00:00+00:00,34.00508485259501,33.37330431755857,33.77457046508789,12361400,33.50990507421254
2011-07-14 00:00:00+00:00,34.01362005228253,33.62942941685992,33.79164505004883,13294000,33.74895466858721
2011-07-15 00:00:00+00:00,33.9965423939767,33.27938767229766,33.5269775390625,18304900,33.911168150108175
2011-07-18 00:00:00+00:00,33.398919372238794,32.835440786061206,33.083030700683594,11309600,33.398919372238794
2011-07-19 00:00:00+00:00,33.91970826530269,33.28793096992855,33.75749588012695,7987500,33.330618096888585
2011-07-20 00:00:00+00:00,34.022155357078645,33.53551498284148,33.603816986083984,6126400,33.79164423818211
2011-07-21 00:00:00+00:00,34.892987368618336,33.86848008802449,34.78200149536133,13473000,33.885555589329925
2011-07-22 00:00:00+00:00,34.97835970047455,34.61124461876564,34.70515823364258,7723300,34.81614409048043
2011-07-25 00:00:00+00:00,34.910064055072695,34.28682289195114,34.628326416015625,6840900,34.3636610220247
2011-07-26 00:00:00+00:00,34.84177309705422,34.466118485200674,34.58564376831055,9292900,34.474657866462636
2011-07-27 00:00:00+00:00,34.466112243670544,33.655043782106056,33.740421295166016,10736600,34.44903674105855
2011-07-28 00:00:00+00:00,34.00508511772655,33.4586788300315,33.637969970703125,11028100,33.689193219335905
2011-07-29 00:00:00+00:00,33.5611355629,32.86959231829392,32.972042083740234,16049700,33.33915727147711
2011-08-01 00:00:00+00:00,33.08302474541807,32.28903189098254,32.818359375,11497500,33.06594924505381
2011-08-02 00:00:00+00:00,32.80982336002768,31.529190139907374,31.56334114074707,13652300,32.49393474430724
2011-08-03 00:00:00+00:00,32.01583066229789,31.136463555622093,31.95606803894043,11804500,31.537726418619503
2011-08-04 00:00:00+00:00,31.495044134069992,30.103421568923622,30.180259704589844,19369200,31.460893127814067
2011-08-05 00:00:00+00:00,30.692510214673074,29.369189869565897,30.035118103027344,22781900,30.55590946789076
2011-08-08 00:00:00+00:00,29.514329241421077,28.19954490661621,28.19954490661621,25923500,29.078915341878673
2011-08-09 00:00:00+00:00,29.667999923486192,27.584837935845655,29.62531280517578,31836700,28.575194062011597
2011-08-10 00:00:00+00:00,27.550689374229265,25.271162206963748,26.927448272705078,87048500,27.183574262030014
2011-08-11 00:00:00+00:00,28.242236237233517,27.157964628044084,27.42262840270996,36389500,27.175040130515313
2011-08-12 00:00:00+00:00,28.65203284055177,27.695824432821613,28.25076675415039,24426900,27.969025904510673
2011-08-15 00:00:00+00:00,28.85693749476823,28.25077182422273,28.7288761138916,17839100,28.541048847089723
2011-08-16 00:00:00+00:00,28.745945815475103,27.960492327116132,28.532506942749023,18558300,28.27638094684148
2011-08-17 00:00:00+00:00,28.814250415392767,28.037332978909753,28.489822387695312,12741000,28.694725156982923
2011-08-18 00:00:00+00:00,27.90926485223336,27.465311621621982,27.78973960876465,23724700,27.72144086541908
2011-08-19 00:00:00+00:00,28.156856905910026,27.166500624290578,27.192113876342773,19006700,27.27748975477399
2011-08-22 00:00:00+00:00,27.875120488188486,27.268953190521906,27.33725357055664,15000100,27.6787538423208
2011-08-23 00:00:00+00:00,27.414093017578125,26.748163058966373,27.414093017578125,30417400,27.379942011716686
2011-08-24 00:00:00+00:00,27.815356321336623,27.089662177424753,27.755590438842773,12595700,27.328712680124795
2011-08-25 00:00:00+00:00,28.02879302218794,27.217723063890126,27.328710556030273,10799000,27.77266378140945
2011-08-26 00:00:00+00:00,27.866585487494767,26.77377923522267,27.661685943603516,11247100,27.422632133304344
2011-08-29 00:00:00+00:00,28.319071553867126,27.840970504508174,28.310535430908203,8397500,27.934884141152008
2011-08-30 00:00:00+00:00,28.916697871636337,28.020255248045178,28.669111251831055,14060100,28.276381246668542
2011-08-31 00:00:00+00:00,29.30088964803504,28.805713132170123,29.078914642333984,12282000,28.899623505123593
2011-09-01 00:00:00+00:00,29.309426099980918,28.46420677326269,28.49835777282715,10224700,29.10452335941273
2011-09-02 00:00:00+00:00,28.20808569308649,27.670218755323212,27.712905883789062,9144700,28.037333922403956
2011-09-06 00:00:00+00:00,27.26895067733858,26.748159309815396,27.11527442932129,12844800,26.85914680648935
2011-09-07 00:00:00+00:00,27.900736526320646,27.3116446375818,27.858049392700195,11471000,27.448247047668723
2011-09-08 00:00:00+00:00,27.883658227597405,27.243341516991077,27.27749252319336,10673200,27.678755447202928
2011-09-09 00:00:00+00:00,27.08112264299244,26.23590493181494,26.50057029724121,17509200,27.012822271232924
2011-09-12 00:00:00+00:00,26.731084110968133,26.056618116224914,26.71401023864746,10440000,26.20175661561159
2011-09-13 00:00:00+00:00,26.987215314862716,26.483499375405348,26.850614547729492,9792200,26.773776412665853
2011-09-14 00:00:00+00:00,27.943421308062796,26.662787866317558,27.56777000427246,12593100,27.038440798517524
2011-09-15 00:00:00+00:00,28.165399661239128,27.687295336076897,28.122709274291992,8466900,27.815359983279773
2011-09-16 00:00:00+00:00,28.42151965708549,27.85804119144966,28.097091674804688,16655300,28.293455037106114
2011-09-19 00:00:00+00:00,27.866579568018725,27.371403061451662,27.755590438842773,9979700,27.644604566485665
2011-09-20 00:00:00+00:00,28.071481138354187,27.51653877275599,27.584840774536133,10117700,27.8836538902775
2011-09-21 00:00:00+00:00,27.76413156640052,26.671323849030863,26.705474853515625,12618500,27.601919180326448
2011-09-22 00:00:00+00:00,26.381041887074996,24.912583165666657,25.228471755981445,26238400,26.073691046283475
2011-09-23 00:00:00+00:00,25.527290016068566,24.801597490035913,25.467527389526367,20944100,25.151637126991172
2011-09-26 00:00:00+00:00,25.902940672737817,25.339462201889038,25.868789672851562,14200600,25.663888558761943
2011-09-27 00:00:00+00:00,27.07258844292092,26.11638311290328,26.603023529052734,15723900,26.457885016481008
2011-09-28 00:00:00+00:00,26.824999233487308,25.937092686889432,26.02246856689453,11415000,26.696936227684393
2011-09-29 00:00:00+00:00,26.91037437241698,25.809028970340663,26.167606353759766,12114800,26.59448411362015
2011-09-30 00:00:00+00:00,26.21883054297286,25.604127171085008,25.749265670776367,15135000,25.749265670776367
2011-10-03 00:00:00+00:00,25.8944039627367,24.75037147514941,24.758909225463867,13899200,25.638277966940475
2011-10-04 00:00:00+00:00,25.58704743411607,24.06736394255712,25.493135452270508,19000000,24.528390988042823
2011-10-05 00:00:00+00:00,26.93598958853169,25.877332798284097,26.901840209960938,17823700,25.911483805264492
2011-10-06 00:00:00+00:00,27.362862548799374,26.48349544445506,27.345787048339844,12659400,26.66278331405209
2011-10-07 00:00:00+00:00,27.636067258052865,26.987214449188226,27.06405258178711,12070100,27.490930372487792
2011-10-10 00:00:00+00:00,28.259299628567533,27.57629602781526,28.173925399780273,7887400,27.627522519178456
2011-10-11 00:00:00+00:00,28.412987635618702,27.525084214620183,27.840972900390625,12891200,28.267850735093162
2011-10-12 00:00:00+00:00,29.39480814148903,27.960498347397582,28.822790145874023,17363400,28.139786257454155
2011-10-13 00:00:00+00:00,28.7971756410346,28.40444885152822,28.64349937438965,6837900,28.506898610351815
2011-10-14 00:00:00+00:00,29.48017450581972,28.95084704125162,29.428951263427734,10694700,29.044760661395017
2011-10-17 00:00:00+00:00,29.215511724933908,28.32760530010454,28.506893157958984,9987700,28.882547629827517
2011-10-18 00:00:00+00:00,29.198433905454525,28.28491593261176,28.976455688476562,10980600,28.56665350730751
2011-10-19 00:00:00+00:00,29.326504279714484,28.575201678116354,28.694726943969727,7479000,28.92524135246662
2011-10-20 00:00:00+00:00,29.13013515577146,28.387368823282007,28.891084671020508,7319800,28.899620792553645
2011-10-21 00:00:00+00:00,30.018043518066406,29.10452538544573,30.018043518066406,13707600,29.181363511405355
2011-10-24 00:00:00+00:00,30.48760939457832,29.89851924747031,30.19733238220215,8837900,30.086346507483984
2011-10-25 00:00:00+00:00,30.180261034270213,29.377731892813497,29.463106155395508,7812300,30.052199640397195
2011-10-26 00:00:00+00:00,30.04366047934489,29.104530556810357,29.924135208129883,10407200,29.778998309317195
2011-10-27 00:00:00+00:00,31.247444616471793,30.4193041387141,30.9742431640625,11316800,30.555904864918745
2011-10-28 00:00:00+00:00,31.025478886906875,30.496151322506034,30.91448974609375,8477600,30.93156524905109
2011-10-31 00:00:00+00:00,30.55591296070249,29.761920011514007,29.778995513916016,10152100,30.496150330704996
2011-11-01 00:00:00+00:00,29.428951613807552,28.438595415009054,28.686182022094727,13361700,29.394800613927252
2011-11-02 00:00:00+00:00,29.352123107401603,28.856943217386295,29.08745765686035,8538100,29.138684173461144
2011-11-03 00:00:00+00:00,29.99242858184887,29.00207243267014,29.90705108642578,9276100,29.5143243779349
2011-11-04 00:00:00+00:00,29.889975412137556,29.30942473075573,29.676536560058594,6430900,29.719226935929125
2011-11-07 00:00:00+00:00,30.02658228593962,29.54848124390181,30.009510040283203,6942700,29.761920139617
2011-11-08 00:00:00+00:00,30.27416708903613,29.317961909147428,30.129030227661133,10710900,30.2570915894358
2011-11-09 00:00:00+00:00,29.531407793038642,28.737414785272158,28.848403930664062,11913800,29.531407793038642
2011-11-10 00:00:00+00:00,29.676540709053562,28.728874809059906,29.5740909576416,12170600,29.16428869517489
2011-11-11 00:00:00+00:00,31.947532231877602,31.051089524478503,31.33283042907715,22388500,31.27306779903848
2011-11-14 00:00:00+00:00,31.093772472515294,30.63274699659022,30.837646484375,9631900,31.01693760720998
2011-11-15 00:00:00+00:00,31.588959261650448,30.701052598064706,31.119394302368164,14226700,30.701052598064706
2011-11-16 00:00:00+00:00,31.008394676267773,30.282703916872524,30.333927154541016,10809700,30.70104222298377
2011-11-17 00:00:00+00:00,30.615675722477757,29.710693632190484,30.009510040283203,32562000,30.205873433522886
2011-11-18 00:00:00+00:00,30.54737098800452,30.086345489561854,30.419309616088867,32200300,30.214406861477507
2011-11-21 00:00:00+00:00,30.4193126957786,29.215517439712446,29.309431076049805,39965700,30.291248054078725
2011-11-22 00:00:00+00:00,29.428954205504574,28.52397216988987,29.044763565063477,12500700,29.206975943552433
2011-11-23 00:00:00+00:00,28.839859001835514,28.51543426513672,28.51543426513672,10764000,28.669110511707174
2011-11-25 00:00:00+00:00,29.21551139599481,28.412979220088506,28.609342575073242,4991900,28.600806453908017
2011-11-28 00:00:00+00:00,29.480184513674075,28.8227922063191,29.08745765686035,8656400,29.258209455376655
2011-11-29 00:00:00+00:00,29.45456869461957,29.002079261203214,29.027690887451172,7655200,29.317967926598453
2011-11-30 00:00:00+00:00,30.64127913911265,29.59116044433456,30.607128143310547,16536000,29.608235942235613
2011-12-01 00:00:00+00:00,31.01694060591874,30.49614920081962,30.72666358947754,10350800,30.760811336197307
2011-12-02 00:00:00+00:00,31.443820162698927,30.991327482199964,31.255992889404297,10202500,31.016942364715955
2011-12-05 00:00:00+00:00,31.904852133430314,31.358448963084033,31.537736892700195,9973900,31.62311442357917
2011-12-06 00:00:00+00:00,31.759709619910357,31.37551894070119,31.44382095336914,6573100,31.477968702883896
2011-12-07 00:00:00+00:00,31.870696401154635,31.127926724100398,31.67432975769043,9543600,31.34136561264769
2011-12-08 00:00:00+00:00,31.55480727068845,30.581526374581195,30.666900634765625,9881700,31.46943301050402
2011-12-09 00:00:00+00:00,31.392592406039505,30.88033711474025,31.21330451965332,7323400,30.88033711474025
2011-12-12 00:00:00+00:00,31.392582244954546,30.666888298043105,31.290132522583008,10050800,30.905941992667298
2011-12-13 00:00:00+00:00,31.691407436869646,30.888878333250954,31.016942977905273,12708800,31.324292262801077
2011-12-14 00:00:00+00:00,31.251320958278868,30.48739885207616,30.522123336791992,10664000,30.990893945928367
2011-12-15 00:00:00+00:00,31.008261309419485,30.374554260487447,30.54817008972168,9876100,30.83464216867558
2011-12-16 00:00:00+00:00,31.025616912895433,30.513442378674007,30.6610164642334,20350200,30.77386937828462
2011-12-19 00:00:00+00:00,30.860679513040306,29.95786275815557,30.16620635986328,11436800,30.7217848824049
2011-12-20 00:00:00+00:00,31.581199072332574,30.513445931547526,31.398897171020508,10126200,30.53080486356834
2011-12-21 00:00:00+00:00,31.858986262056476,31.03429796161386,31.485706329345703,8226200,31.45098184455653
2011-12-22 00:00:00+00:00,32.11941179124449,31.477022098355647,32.07600784301758,8067600,31.581195547911015
2011-12-23 00:00:00+00:00,32.744443542700786,32.214906694867736,32.727081298828125,6788700,32.23226893874039
2011-12-27 00:00:00+00:00,32.81388499780412,32.466650099417386,32.648948669433594,5189500,32.648948669433594
2011-12-28 00:00:00+00:00,32.73576764492915,32.26699689637639,32.32776641845703,4634300,32.68368421387447
2011-12-29 00:00:00+00:00,32.81388435052009,32.336434304963355,32.735755920410156,5022500,32.51005340648642
2011-12-30 00:00:00+00:00,32.813886178518494,32.431926783096664,32.55345916748047,4776100,32.75311998632659
2012-01-03 00:00:00+00:00,33.38683419255236,32.93542572982007,33.256622314453125,9704200,32.96147075464778
2012-01-04 00:00:00+00:00,33.84691180254277,33.091669305392664,33.72537612915039,9889900,33.1524354863346
2012-01-05 00:00:00+00:00,34.35909130038765,33.59516922749661,34.289642333984375,14327100,33.708022142147435
2012-01-06 00:00:00+00:00,34.85390097560314,34.246235811291434,34.64555740356445,14401600,34.33304370126079
2012-01-09 00:00:00+00:00,34.94071423032749,34.36777345863839,34.50666809082031,12145200,34.49798862509424
2012-01-10 00:00:00+00:00,34.6455572633307,33.99448815666963,34.40249252319336,14070900,34.27227737725766
2012-01-11 00:00:00+00:00,34.31568387708335,33.3781460156704,33.59516906738281,16257600,34.194151497965834
2012-01-12 00:00:00+00:00,33.734064923862555,33.343422754167285,33.621212005615234,10073400,33.52572132952205
2012-01-13 00:00:00+00:00,33.499679834000055,33.00486751975836,33.33474349975586,9877700,33.395509691925255
2012-01-17 00:00:00+00:00,33.83822846879439,33.34341625414297,33.40418243408203,9142800,33.58648097389919
2012-01-18 00:00:00+00:00,33.94240861574246,33.33474663686196,33.872962951660156,9594500,33.43023401103645
2012-01-19 00:00:00+00:00,34.26360529391975,33.85560083950425,34.2375602722168,7731000,33.86428030573228
2012-01-20 00:00:00+00:00,34.2375558723197,33.942404385855355,34.12470626831055,7879900,34.22019363058545
2012-01-23 00:00:00+00:00,34.28963577367698,33.820865274667234,34.07261276245117,7124600,34.185465655510924
2012-01-24 00:00:00+00:00,34.089975000730234,33.48230990699632,34.07261276245117,9407000,33.88163145288979
2012-01-25 00:00:00+00:00,34.44589834597184,33.820870909818304,34.34172821044922,10054000,33.959765527684766
2012-01-26 00:00:00+00:00,34.506677416971925,33.90769477470776,34.15943908691406,7162600,34.36778274725081
2012-01-27 00:00:00+00:00,34.28963577367698,33.838227512946304,34.07261276245117,9588400,34.089975000730234
2012-01-30 00:00:00+00:00,33.95108633508837,33.31737942902198,33.84691619873047,8683200,33.62989314960463
2012-01-31 00:00:00+00:00,34.12470890298969,33.56044759334273,33.76879119873047,14020100,33.92504807489396
2012-02-01 00:00:00+00:00,34.43722281243215,33.994497159715735,34.14207458496094,8901000,34.072625605666815
2012-02-02 00:00:00+00:00,34.072628831327144,33.4736462300028,33.7774772644043,9076800,34.04658711738128
2012-02-03 00:00:00+00:00,34.723690032958984,34.1681115222731,34.723690032958984,11605300,34.22887771491005
2012-02-06 00:00:00+00:00,35.23586163839275,34.688962639016104,35.123008728027344,11536500,34.72368712089913
2012-02-07 00:00:00+00:00,35.72200599830633,34.897317500280955,35.57442855834961,20107300,35.357405443685565
2012-02-08 00:00:00+00:00,36.381742704445024,35.58309949774037,35.82616424560547,21690200,35.91297213798334
2012-02-09 00:00:00+00:00,36.147362936508706,35.20114219457855,36.05187225341797,13581000,35.374761317333586
2012-02-10 00:00:00+00:00,35.982425689697266,35.444209402999824,35.982425689697266,10116300,35.53969677218883
2012-02-13 00:00:00+00:00,36.39043370950498,36.10396492460367,36.277584075927734,9065800,36.13000663827382
2012-02-14 00:00:00+00:00,36.129991175620404,35.81747749928642,36.11262893676758,8210300,36.0258210540119
2012-02-15 00:00:00+00:00,36.24285738395922,35.70464102787523,35.80881118774414,7891200,36.00847204062192
2012-02-16 00:00:00+00:00,36.225490847273576,35.66123284594465,36.06055450439453,7464500,35.79144470247781
2012-02-17 00:00:00+00:00,36.338349583687005,36.0692397387319,36.24285888671875,7758700,36.20813439481942
2012-02-21 00:00:00+00:00,36.37307334245488,36.01715558643511,36.08660125732422,5675100,36.286262114456314
2012-02-22 00:00:00+00:00,36.20812360818046,35.72199411245026,35.82616424560547,6176200,36.06922899347057
2012-02-23 00:00:00+00:00,36.17340497471614,35.66991315680997,36.00846862792969,6271000,35.83484950359642
2012-02-24 00:00:00+00:00,36.0952862415604,35.79145189226356,35.86090087890625,6150600,35.973750514935695
2012-02-27 00:00:00+00:00,36.41647155242354,35.85221024978459,36.147361755371094,9132300,36.19944848394844
2012-02-28 00:00:00+00:00,36.43383337203359,36.06923289924616,36.39910888671875,6895200,36.24285201431116
2012-02-29 00:00:00+00:00,36.781075129879426,36.32966667137734,36.451202392578125,14858700,36.34702891726317
2012-03-01 00:00:00+00:00,36.92864656371486,36.57272885966205,36.798431396484375,7995900,36.57272885966205
2012-03-02 00:00:00+00:00,36.91997021211673,36.49460677328263,36.772396087646484,5070500,36.68558485721413
2012-03-05 00:00:00+00:00,37.12830922776192,36.55536842433145,37.067543029785156,9288800,36.76370872839193
2012-03-06 00:00:00+00:00,36.73766628839491,36.225491693116574,36.459877014160156,10434500,36.668220625590905
2012-03-07 00:00:00+00:00,36.520648198893774,36.19945492759949,36.24285888671875,7793500,36.45988199382485
2012-03-08 00:00:00+00:00,36.73766087902909,36.41646769889663,36.47723388671875,6163800,36.451192180940374
2012-03-09 00:00:00+00:00,36.954693103963415,36.48592241445837,36.6682243347168,6896400,36.564050862709216
2012-03-12 00:00:00+00:00,37.19775338279486,36.59009142768073,36.755027770996094,6834500,36.91996411431146
2012-03-13 00:00:00+00:00,38.26551194203778,36.83315825623511,38.204742431640625,15051900,36.93732840982692
2012-03-14 00:00:00+00:00,37.935633154995095,37.24115999592041,37.744651794433594,10991300,37.84014247471435
2012-03-15 00:00:00+00:00,37.76201506748337,37.47554301882626,37.7359733581543,6123600,37.76201506748337
2012-03-16 00:00:00+00:00,37.77937670716528,37.48422519728472,37.49290466308594,8952100,37.69256549160672
2012-03-19 00:00:00+00:00,37.831466130358024,37.28456702367862,37.709930419921875,6382500,37.38873717825724
2012-03-20 00:00:00+00:00,37.597074477821074,37.2671985136889,37.53630828857422,6853900,37.32796470293575
2012-03-21 00:00:00+00:00,38.083209108313916,37.562355041503906,37.562355041503906,9582000,37.69256690245171
2012-03-22 00:00:00+00:00,37.67520258534821,37.33664384765098,37.5797119140625,8560200,37.39741334788555
2012-03-23 00:00:00+00:00,37.944314407238416,37.20643726188791,37.89223098754883,8519000,37.61444171083974
2012-03-26 00:00:00+00:00,38.55197783529968,38.126611163099334,38.525936126708984,10850200,38.143973405996206
2012-03-27 00:00:00+00:00,38.63010199541061,38.27418433420539,38.326271057128906,9343100,38.53461132580526
2012-03-28 00:00:00+00:00,38.32628433113967,37.55367924197824,37.77070236206055,9444300,38.230793628461846
2012-03-29 00:00:00+00:00,37.562352878083004,36.72030231744603,37.336647033691406,10402500,37.501586684172004
2012-03-30 00:00:00+00:00,38.06583973339034,37.414770616092845,38.00507354736328,9096000,37.77937104376401
2012-04-02 00:00:00+00:00,38.19606551916559,37.60576242349407,38.05717086791992,7653800,37.84014776837921
2012-04-03 00:00:00+00:00,37.97903352897645,37.24983595275975,37.5797119140625,7996400,37.90958456385633
2012-04-04 00:00:00+00:00,37.31929483704957,36.87656584550725,37.267208099365234,8560700,37.24116638627797
2012-04-05 00:00:00+00:00,37.484223060233006,37.05017694171387,37.39741516113281,6340800,37.18907156717963
2012-04-09 00:00:00+00:00,36.69426114873967,36.42515134924074,36.55536651611328,6813500,36.572728759130236
2012-04-10 00:00:00+00:00,36.57272390529573,35.487608697069014,35.583099365234375,10682100,36.34701808753964
2012-04-11 00:00:00+00:00,36.19944734215503,35.80012570351836,35.9129753112793,6358400,36.03450769595053
2012-04-12 00:00:00+00:00,36.633507115611174,35.808818511824654,36.59010314941406,5538400,35.96507543934254
2012-04-13 00:00:00+00:00,36.65085116932913,36.19944285965495,36.329654693603516,7311700,36.48591154354876
2012-04-16 00:00:00+00:00,36.572738426695174,36.06056371259013,36.16473388671875,6109300,36.51197221582764
2012-04-17 00:00:00+00:00,37.10226907648756,36.355709113966945,37.0501823425293,6550300,36.355709113966945
2012-04-18 00:00:00+00:00,36.98940878314378,36.737661253027085,36.88523864746094,3781900,36.87655587110717
2012-04-19 00:00:00+00:00,36.9026001998997,36.28625549533364,36.52932357788086,7074200,36.83315454167846
2012-04-20 00:00:00+00:00,37.18907287545209,36.66821883950966,36.76370620727539,7773100,36.66821883950966
2012-04-23 00:00:00+00:00,36.67689905598725,36.22549067022475,36.46855545043945,6592100,36.67689905598725
2012-04-24 00:00:00+00:00,36.83315772545745,36.43383604951863,36.61613464355469,4954600,36.48591946980926
2012-04-25 00:00:00+00:00,37.119626450045565,36.78975375003156,37.067543029785156,4926300,36.80711599395484
2012-04-26 00:00:00+00:00,37.81410298403055,37.058860274699185,37.64048385620117,7713000,37.102267540288594
2012-04-27 00:00:00+00:00,37.89223579746554,37.432144558912256,37.631805419921875,6354200,37.84882852686839
2012-04-30 00:00:00+00:00,37.63180606052951,37.1890803718864,37.423465728759766,6987200,37.60576434693576
2012-05-01 00:00:00+00:00,38.27419430185385,37.458188632595,38.01376724243164,9316200,37.4842303450843
2012-05-02 00:00:00+00:00,38.031122977708954,37.58839407211937,37.79673767089844,8038200,37.82277937892988
2012-05-03 00:00:00+00:00,38.30891338066322,37.753334849317255,38.031124114990234,9353900,37.79673880117067
2012-05-04 00:00:00+00:00,37.94431913171253,37.18907964859364,37.267208099365234,7458800,37.84882843504616
2012-05-07 00:00:00+00:00,38.152655472241634,37.597076955931534,38.03980255126953,11780500,37.89222845665992
2012-05-08 00:00:00+00:00,38.6214292250813,37.40609863827874,38.45648956298828,19680900,38.00508115393331
2012-05-09 00:00:00+00:00,39.75862720923858,38.551979425948176,39.08151626586914,21348300,38.59538337922659
2012-05-10 00:00:00+00:00,39.5763302790162,39.10755961631928,39.307220458984375,14082900,39.1856880601021
2012-05-11 00:00:00+00:00,39.75862179663559,39.06414870419611,39.5502815246582,9779300,39.17700161656406
2012-05-14 00:00:00+00:00,39.49820303007066,39.04679459806013,39.21173095703125,8059400,39.21173095703125
2012-05-15 00:00:00+00:00,39.758623863414165,38.9947017662652,39.07283020019531,10168800,39.263811552359826
2012-05-16 00:00:00+00:00,39.54159555911723,39.11623227309017,39.13359451293945,8399800,39.194360696657604
2012-05-17 00:00:00+00:00,39.2638213534314,38.45649510513109,38.482540130615234,8475100,39.19437567899681
2012-05-18 00:00:00+00:00,38.62142713242264,37.86618446183429,38.031124114990234,10598200,38.59538211210318
2012-05-21 00:00:00+00:00,38.55197680542134,37.77069245347939,38.53461456298828,8309300,38.03112277846614
2012-05-22 00:00:00+00:00,38.803724353436984,38.3089120343768,38.53461456298828,6855400,38.62142577515358
2012-05-23 00:00:00+00:00,38.59539150125741,38.0311333668766,38.37836837768555,8875700,38.404413404341014
2012-05-24 00:00:00+00:00,38.725599421450454,38.20474203586814,38.57802200317383,9813200,38.55198029292302
2012-05-25 00:00:00+00:00,39.02942569422133,38.52593392502252,38.630104064941406,8520700,38.6214245997436
2012-05-29 00:00:00+00:00,39.49820483599276,38.71692033880878,39.48084259033203,10560000,38.80373156711242
2012-05-30 00:00:00+00:00,39.48083868746626,38.94262237122792,39.23777389526367,11208700,39.081517011273604
2012-05-31 00:00:00+00:00,40.01905166572348,39.11623823648475,39.68049621582031,14646500,39.1770044294669
2012-06-01 00:00:00+00:00,39.3679778971536,38.49120627783433,38.54329299926758,14874500,39.19436211539366
2012-06-04 00:00:00+00:00,38.7950476889803,38.31759753712654,38.55198287963867,9480300,38.60406961514459
2012-06-05 00:00:00+00:00,38.994704298083015,38.36968009757013,38.92525863647461,11166600,38.638786589628005
2012-06-06 00:00:00+00:00,39.58501241936616,39.064158299970444,39.52424621582031,9494400,39.08152054548493
2012-06-07 00:00:00+00:00,40.12322806777246,39.524242247939505,39.611053466796875,10238900,39.793352059133255
2012-06-08 00:00:00+00:00,40.14927013393267,39.57632933042773,40.14059066772461,10716400,39.67182001626346
2012-06-11 00:00:00+00:00,40.479147083019726,39.6978626458228,39.758628845214844,7907400,40.23607897394207
2012-06-12 00:00:00+00:00,40.288161000907714,39.567646158774906,40.26211929321289,7742900,39.71522025105774
2012-06-13 00:00:00+00:00,40.49650892095089,39.923568109925974,40.13190841674805,7317600,40.149270660901465
2012-06-14 00:00:00+00:00,41.1909855374074,40.11454949140464,40.956600189208984,12553900,40.27948916875338
2012-06-15 00:00:00+00:00,41.17361523940179,40.730886342220344,40.87846374511719,11198200,41.15625299720751
2012-06-18 00:00:00+00:00,41.14757633524196,40.62671896845487,40.88714599609375,8821100,40.76561360396289
2012-06-19 00:00:00+00:00,41.66842772240405,41.04340024688507,41.24306106567383,8209000,41.17361540812122
2012-06-20 00:00:00+00:00,41.64239132119961,41.173620654825505,41.43404769897461,7264700,41.35591925457893
2012-06-21 00:00:00+00:00,41.57294259511652,40.99132230337734,41.147579193115234,10077700,41.49481415024758
2012-06-22 00:00:00+00:00,41.2517436408589,40.722206844634414,41.20833969116211,18881600,41.13889072243997
2012-06-25 00:00:00+00:00,40.999997202708755,40.40969419868022,40.53990936279297,6740600,40.99131773713886
2012-06-26 00:00:00+00:00,41.2083455512077,40.644084190381186,41.060768127441406,7279900,40.6961709243298
2012-06-27 00:00:00+00:00,41.737878219168,40.99999779767018,41.55557632446289,6023500,41.03472228347203
2012-06-28 00:00:00+00:00,41.529531125719146,40.78297130126646,41.512168884277344,6674200,41.38195372921831
2012-06-29 00:00:00+00:00,42.49311638826153,41.85940944182341,42.102474212646484,10300500,42.11983645506373
2012-07-02 00:00:00+00:00,42.31950255706855,41.87677691045881,42.293460845947266,7275600,42.20664962302703
2012-07-03 00:00:00+00:00,42.319509138197944,42.03303702527608,42.18061447143555,3060800,42.25006014906171
2012-07-05 00:00:00+00:00,42.14587923872377,41.52085505329487,41.763919830322266,7770100,41.91149392737197
2012-07-06 00:00:00+00:00,41.82468408576082,41.408000210954214,41.70315170288086,5623100,41.468766402394195
2012-07-09 00:00:00+00:00,41.82468337801886,41.46008292403955,41.668426513671875,5596200,41.72051323895721
2012-07-10 00:00:00+00:00,41.99830469665248,40.95659331663018,41.112850189208984,8787500,41.81600280430442
2012-07-11 00:00:00+00:00,41.31251447227606,40.77429815027228,41.034725189208984,6501000,41.1909820748729
2012-07-12 00:00:00+00:00,41.49481695759246,40.67012849740558,41.1562614440918,8270700,41.13021973121013
2012-07-13 00:00:00+00:00,41.99830604902576,41.13021375630556,41.83336639404297,7187300,41.14757599954108
2012-07-16 00:00:00+00:00,41.77260042846945,41.399320475623774,41.546897888183594,5675200,41.63370579332985
2012-07-17 00:00:00+00:00,43.33515956230876,42.015662377262124,42.84034729003906,15909900,42.05038354733579
2012-07-18 00:00:00+00:00,43.118136519681386,42.501791873381784,42.84034729003906,7677500,42.658048728994196
2012-07-19 00:00:00+00:00,43.07473924315784,42.302137621616055,42.5278434753418,9330800,42.87507841040621
2012-07-20 00:00:00+00:00,42.493128299528465,42.102486014412314,42.18061447143555,8482300,42.18929393932254
2012-07-23 00:00:00+00:00,41.72052243817089,41.16494051381736,41.65107345581055,8333100,41.468774844379254
2012-07-24 00:00:00+00:00,41.954900863219045,41.3993190305444,41.80732345581055,8955100,41.69447053385219
2012-07-25 00:00:00+00:00,42.22401124122451,41.67711213522365,41.92885971069336,7034000,41.95490473293783
2012-07-26 00:00:00+00:00,43.29176482258138,42.58861213430077,43.152870178222656,10497100,42.58861213430077
2012-07-27 00:00:00+00:00,43.87338497748699,43.13550454666936,43.3525276184082,16174800,43.30912366636229
2012-07-30 00:00:00+00:00,43.52614668790749,43.100783322235074,43.230995178222656,8890600,43.36121034571951
2012-07-31 00:00:00+00:00,43.274402949161335,42.61465421067767,42.658058166503906,10503000,43.21363674870269
2012-08-01 00:00:00+00:00,42.996605127909305,42.293452573098754,42.3802604675293,6780200,42.82298933904821
2012-08-02 00:00:00+00:00,42.52784018649098,41.781280332148455,42.51915740966797,9559000,42.189281432084485
2012-08-03 00:00:00+00:00,43.291760141511965,42.84903454533649,43.204952239990234,8187800,43.2396767252026
2012-08-06 00:00:00+00:00,43.40460760096654,43.10077667236328,43.10077667236328,6353300,43.378565896088766
2012-08-07 00:00:00+00:00,43.67371971390327,43.16154518414936,43.23967361450195,13676500,43.41328940505533
2012-08-08 00:00:00+00:00,43.96887739650985,42.57992769558546,43.82998275756836,14724900,42.849037507319984
2012-08-09 00:00:00+00:00,43.8126249178509,43.27440524027948,43.369895935058594,10430300,43.64768524086525
2012-08-10 00:00:00+00:00,43.33515863928079,42.8143046726727,43.10077667236328,7449500,43.317799710368114
2012-08-13 00:00:00+00:00,43.39593780150395,42.93584660663782,43.283084869384766,4875000,42.99661280589211
2012-08-14 00:00:00+00:00,43.53483450548493,42.99661484159387,43.1355094909668,6365900,43.34385312078103
2012-08-15 00:00:00+00:00,43.378569145110085,43.100779900578395,43.309120178222656,4887100,43.100779900578395
2012-08-16 00:00:00+00:00,43.7692095295628,43.230993263333666,43.62163543701172,8285700,43.395932909725026
2012-08-17 00:00:00+00:00,43.882064442924374,43.69108639162209,43.80393600463867,6354700,43.72580756635297
2012-08-20 00:00:00+00:00,43.91678613626448,43.53482674644146,43.79525375366211,6937100,43.68240083631317
2012-08-21 00:00:00+00:00,43.821299728925005,42.979249122440955,43.09210205078125,7683200,43.76053353170548
2012-08-22 00:00:00+00:00,43.534837119400265,42.970575709719206,43.10947036743164,6759400,43.057383628973284
2012-08-23 00:00:00+00:00,43.109467831684405,42.56256870032535,42.68410110473633,5428300,43.06606387461044
2012-08-24 00:00:00+00:00,43.06605943966478,42.545202073886095,43.02265548706055,5793700,42.6059715813432
2012-08-27 00:00:00+00:00,43.27440167682425,42.89244224067019,43.08342361450195,6228800,42.96189121715791
2012-08-28 00:00:00+00:00,43.27440167682425,42.788272087448085,43.08342361450195,7962400,42.91848395109836
2012-08-29 00:00:00+00:00,43.552184472102724,43.04869271360615,43.439334869384766,7685100,43.09209666169067
2012-08-30 00:00:00+00:00,43.21363298532583,42.85771528013145,42.901119232177734,6697800,43.161549567474
2012-08-31 00:00:00+00:00,43.31779892650301,42.8837528583477,42.94451904296875,6232500,43.09209311661738
2012-09-04 00:00:00+00:00,43.2570478039754,42.73619035392137,43.10947036743164,6988700,42.98793795587199
2012-09-05 00:00:00+00:00,44.481054367567765,43.482746820343344,44.09041213989258,16689300,43.52615077641624
2012-09-06 00:00:00+00:00,45.027943686551495,43.960190625769066,45.019264221191406,10124600,44.012277352456906
2012-09-07 00:00:00+00:00,45.140794986128405,44.84564350183567,44.91509246826172,8923600,45.02794207144057
2012-09-10 00:00:00+00:00,44.96718590741672,44.68939660279483,44.72412109375,7479300,44.80224954264426
2012-09-11 00:00:00+00:00,44.85432602163986,44.64598573119089,44.75883865356445,6631700,44.68071021676879
2012-09-12 00:00:00+00:00,44.95849570929854,44.507087369157105,44.880367279052734,7100200,44.79355607238577
2012-09-13 00:00:00+00:00,45.72241780468715,44.90641227135943,45.661651611328125,11184700,44.90641227135943
2012-09-14 00:00:00+00:00,45.79187175067575,45.28837659498261,45.44463348388672,9507000,45.531444706338746
2012-09-17 00:00:00+00:00,45.514072283330734,45.10606790782391,45.2710075378418,7852900,45.41858161574328
2012-09-18 00:00:00+00:00,45.24496745489161,44.941136489899336,45.05398941040039,7100800,45.166839019392285
2012-09-19 00:00:00+00:00,45.96548574158782,44.94981607734121,45.74846267700195,7822500,44.94981607734121
2012-09-20 00:00:00+00:00,45.930752883421505,45.51406907275825,45.71372985839844,8598300,45.51406907275825
2012-09-21 00:00:00+00:00,46.34744585590658,45.77450508904884,45.78318786621094,13229300,45.956803671342385
2012-09-24 00:00:00+00:00,46.052298428139295,45.67033898692185,45.93944549560547,6148000,45.72242240846861
2012-09-25 00:00:00+00:00,46.35612944615358,45.60956954956055,45.60956954956055,7421200,45.91340052537898
2012-09-26 00:00:00+00:00,45.66165154395841,44.94113669026055,45.08871078491211,8017900,45.50539467226314
2012-09-27 00:00:00+00:00,45.81790672041295,45.11475413530967,45.644290924072266,5309400,45.244965982565176
2012-09-28 00:00:00+00:00,45.600892269032904,45.184208318464634,45.38386917114258,6695200,45.496722109268255
2012-10-01 00:00:00+00:00,45.887358485298535,45.071349622116315,45.20156478881836,6557200,45.40990839323978
2012-10-02 00:00:00+00:00,45.3578220427453,44.68071111786671,44.828285217285156,7243900,45.253651895419964
2012-10-03 00:00:00+00:00,45.73978329600524,44.87169097320872,45.548805236816406,6626600,44.897735994719014
2012-10-04 00:00:00+00:00,46.07834055889229,45.479354756616324,45.68769836425781,6507800,45.76582680318471
2012-10-05 00:00:00+00:00,46.13910599637987,45.80054722558712,45.98284912109375,5223200,45.86999619749617
2012-10-08 00:00:00+00:00,45.57484307474649,45.23628762746126,45.427268981933594,5827900,45.46199015514837
2012-10-09 00:00:00+00:00,45.42726604343935,44.672023451338944,44.71542739868164,8072100,45.418583267065465
2012-10-10 00:00:00+00:00,44.8196022857643,44.35083169178438,44.45500183105469,6407900,44.61125869571466
2012-10-11 00:00:00+00:00,44.75883786255368,43.578231865843364,43.699764251708984,10118400,44.55917704127314
2012-10-12 00:00:00+00:00,44.05568081864806,43.76920879227338,43.916786193847656,6135600,43.88206170977029
2012-10-15 00:00:00+00:00,44.10777438462365,43.71713215694846,44.09041213989258,6871200,43.91679300409143
2012-10-16 00:00:00+00:00,44.70674344501546,44.34214635013363,44.481040954589844,4997300,44.42027146060096
2012-10-17 00:00:00+00:00,45.488030645756666,44.55917229667673,45.392539978027344,7787900,44.619938483139244
2012-10-18 00:00:00+00:00,45.783190385447085,45.244970763094386,45.50539779663086,6290600,45.36650315797745
2012-10-19 00:00:00+00:00,45.652971874889076,44.793559084396556,45.05398941040039,8454800,45.57484343938975
2012-10-22 00:00:00+00:00,45.184202443844256,44.619944449597156,44.958499908447266,6131800,44.9758621514023
2012-10-23 00:00:00+00:00,44.57653613709999,44.05568210674705,44.064361572265625,8531000,44.55917720606284
2012-10-24 00:00:00+00:00,44.342163529406314,43.890755062159464,43.9688835144043,6069500,44.22931058471713
2012-10-25 00:00:00+00:00,44.29874915862229,43.3698906594124,43.63031768798828,6794100,44.21194125293344
2012-10-26 00:00:00+00:00,43.87338553560811,42.98793099426849,43.474063873291016,8359800,43.717128657047624
2012-10-31 00:00:00+00:00,44.48104778070768,42.36290059831121,42.640689849853516,20702900,44.40291934674208
2012-11-01 00:00:00+00:00,43.67372952622576,42.77959210874414,43.21363830566406,10582900,42.77959210874414
2012-11-02 00:00:00+00:00,44.26403014686181,43.20495642584218,43.283084869384766,14027500,43.951516372691465
2012-11-05 00:00:00+00:00,44.15117419363232,43.24835742147445,43.682403564453125,9575100,44.10777024163631
2012-11-06 00:00:00+00:00,44.01228291391501,43.47406658283392,43.8126220703125,7691200,43.899429980918974
2012-11-07 00:00:00+00:00,43.96887621822944,43.04869719020764,43.474063873291016,8533200,43.96887621822944
2012-11-08 00:00:00+00:00,44.13380797326399,43.335161420171154,43.439334869384766,11124200,43.48273881746929
2012-11-09 00:00:00+00:00,41.6250301216371,40.39233722483967,40.8524284362793,34216900,40.791662234836075
2012-11-12 00:00:00+00:00,41.34723587792053,40.765612333198646,41.19097900390625,12344500,41.22570348957814
2012-11-13 00:00:00+00:00,42.0330267949735,41.04340212121466,41.633705139160156,12269300,41.04340212121466
2012-11-14 00:00:00+00:00,41.70314907416134,40.843736359882506,40.947906494140625,9776400,41.694466297926326
2012-11-15 00:00:00+00:00,41.355913782433014,40.76561079433121,41.20833969116211,11416900,41.0086788733496
2012-11-16 00:00:00+00:00,41.46007990169564,40.84373526587317,41.1649284362793,9833400,41.312505824741855
2012-11-19 00:00:00+00:00,41.694471661330006,41.19097985472463,41.590301513671875,8512400,41.40800292739282
2012-11-20 00:00:00+00:00,42.10247888390964,41.373281179026904,42.050392150878906,7465100,41.47745133357886
2012-11-21 00:00:00+00:00,42.49312098747584,42.01567085960725,42.25873565673828,6763300,42.1024787695799
2012-11-23 00:00:00+00:00,42.77958453222206,42.362900654357325,42.76222229003906,3353600,42.44102908842628
2012-11-26 00:00:00+00:00,42.90979540641384,42.45838708927604,42.562557220458984,6935800,42.51915327509182
2012-11-27 00:00:00+00:00,42.7101426553855,42.128519081055785,42.18928527832031,6720400,42.58861026085644
2012-11-28 00:00:00+00:00,42.753547997923626,41.52953792374294,42.71014404296875,8148500,42.076437028400974
2012-11-29 00:00:00+00:00,43.27440204969994,42.81431416678757,43.16155242919922,7232200,42.97925052010288
2012-11-30 00:00:00+00:00,43.35253519055094,42.75355260007416,43.10947036743164,12343900,43.239685557822604
2012-12-03 00:00:00+00:00,43.40462924223505,42.77092205267967,42.78828430175781,8395400,43.204968345102024
2012-12-04 00:00:00+00:00,42.927166468314546,42.40630908234705,42.79695129394531,8400900,42.75354733965872
2012-12-05 00:00:00+00:00,43.31781207608078,42.65805999776515,43.048702239990234,9182300,42.909807588477946
2012-12-06 00:00:00+00:00,43.304317908893836,42.80190701013528,43.242618560791016,4828900,42.99581780601744
2012-12-07 00:00:00+00:00,43.52465903063719,43.19853017204993,43.40126037597656,5279200,43.34837379725294
2012-12-10 00:00:00+00:00,43.6392453368169,43.357190284028356,43.45414733886719,5264500,43.37481914512282
2012-12-11 00:00:00+00:00,44.06234353397158,43.507046023309165,43.612815856933594,9040000,43.51585877512687
2012-12-12 00:00:00+00:00,44.13284974793281,43.55992344770545,43.75383758544922,6474300,43.85960740496312
2012-12-13 00:00:00+00:00,43.79790569757727,43.110396864330745,43.28668212890625,6108000,43.727393609164125
2012-12-14 00:00:00+00:00,43.29549815138212,42.793087294904446,42.89885711669922,8086400,43.1985410804194
2012-12-17 00:00:00+00:00,43.47178116371478,42.8988548809911,43.4365234375,10324500,42.94292871994049
2012-12-18 00:00:00+00:00,44.35320137247025,43.32193816286434,44.26506042480469,14023800,43.498220058195464
2012-12-19 00:00:00+00:00,44.520671768815376,44.01826095581055,44.01826095581055,8382100,44.20336233088737
2012-12-20 00:00:00+00:00,45.005462709421906,43.9213127477715,44.89087677001953,8410700,43.9213127477715
2012-12-21 00:00:00+00:00,44.73221513748169,43.78909284101042,44.07114791870117,15996900,44.43253119714005
2012-12-24 00:00:00+00:00,44.2474328833991,43.93012008255402,43.96537780761719,2772000,44.00063217031863
2012-12-26 00:00:00+00:00,44.05352790463203,43.586374718817275,43.938941955566406,4200200,43.938941955566406
2012-12-27 00:00:00+00:00,44.07114545357083,43.10158159853689,43.65687561035156,6948200,43.89486019928423
2012-12-28 00:00:00+00:00,43.8067194911844,43.20735164077245,43.321937561035156,6985800,43.49821945391737
2012-12-31 00:00:00+00:00,43.89486011291554,43.013437205578434,43.88604736328125,10224500,43.09276540173323
2013-01-02 00:00:00+00:00,45.1729252338723,44.63525670774494,45.04071044921875,11674700,44.77628424227329
2013-01-03 00:00:00+00:00,45.25225453495381,44.81154305851771,45.13766860961914,7566600,44.99664107165406
2013-01-04 00:00:00+00:00,46.133679637787104,45.24344389333781,46.00146484375,8745900,45.28751437056288
2013-01-07 00:00:00+00:00,45.622461577048234,44.65289743972632,44.92613983154297,9472100,45.622461577048234
2013-01-08 00:00:00+00:00,45.11122722251644,44.573558680598516,44.74102783203125,8637600,44.84680100780516
2013-01-09 00:00:00+00:00,45.39328500582046,44.7410304991131,44.75865936279297,8389000,44.890874159211016
2013-01-10 00:00:00+00:00,45.16411615198591,44.59118985510602,44.76747512817383,8097400,44.8379872199838
2013-01-11 00:00:00+00:00,44.97019946158959,44.467788647412696,44.582374572753906,7149000,44.79391419853274
2013-01-14 00:00:00+00:00,44.80273334058003,44.22980703749399,44.591190338134766,9308800,44.42372117620532
2013-01-15 00:00:00+00:00,45.08479272416218,44.450167018821375,45.03190612792969,7299500,44.48542474964304
2013-01-16 00:00:00+00:00,45.64006774849886,44.77627387913617,45.41971206665039,7371800,44.82034434303369
2013-01-17 00:00:00+00:00,46.45099081605447,45.692966530002955,46.195377349853516,10132100,45.692966530002955
2013-01-18 00:00:00+00:00,46.1336784362793,45.66652533760867,46.1336784362793,8490900,46.045537484124694
2013-01-22 00:00:00+00:00,46.53912394963002,45.992642745907375,46.47742462158203,6635200,46.17774073005132
2013-01-23 00:00:00+00:00,47.73785906025868,46.52149464596226,47.55276107788086,13842700,46.59201008440781
2013-01-24 00:00:00+00:00,48.36366844583769,47.52631610728319,47.55276107788086,13608000,47.62327315396524
2013-01-25 00:00:00+00:00,48.09044199878087,47.25308944308057,47.931785583496094,7939400,47.42055860927581
2013-01-28 00:00:00+00:00,48.09043932239128,47.684982193471846,47.914154052734375,7133500,47.84363859992687
2013-01-29 00:00:00+00:00,47.78193872241725,47.182570829742986,47.58802795410156,7786400,47.72905549576834
2013-01-30 00:00:00+00:00,47.59684118392202,47.2002001682503,47.4117431640625,9821800,47.46462639124416
2013-01-31 00:00:00+00:00,47.81719918673601,47.28834671579065,47.49107360839844,7333900,47.455815880372214
2013-02-01 00:00:00+00:00,48.36367969144158,47.72905740967402,48.11688232421875,9552300,47.75549902405877
2013-02-04 00:00:00+00:00,48.037546068306995,47.42054939128766,47.50869369506836,7717400,47.737862160175396
2013-02-05 00:00:00+00:00,47.95822495695215,47.59684166399776,47.852455139160156,10246400,47.91415447973564
2013-02-06 00:00:00+00:00,48.91897756598387,47.95822634055385,48.05518341064453,26833600,48.83083660900797
2013-02-07 00:00:00+00:00,48.01992386958378,47.07680154363547,47.914154052734375,11723200,47.658540579849955
2013-02-08 00:00:00+00:00,48.231479285108534,47.870095902319555,48.178592681884766,9584300,47.9317952582326
2013-02-11 00:00:00+00:00,48.46063091741773,48.11687652241719,48.257904052734375,6358600,48.16976310717172
2013-02-12 00:00:00+00:00,48.522333609132,48.205020803372506,48.4341926574707,8758100,48.27553625459096
2013-02-13 00:00:00+00:00,48.74268854616298,48.18739114524889,48.4430046081543,5701400,48.548777783236226
2013-02-14 00:00:00+00:00,48.62810385090505,48.222650089921444,48.372493743896484,8564500,48.40774810745373
2013-02-15 00:00:00+00:00,49.02474674111524,48.38130834905245,49.015933990478516,17783400,48.52233589577358
2013-02-19 00:00:00+00:00,49.31562207009731,48.98068035774943,49.121707916259766,7780500,48.98949647148507
2013-02-20 00:00:00+00:00,49.2010236069644,48.09043228662373,48.12568664550781,8460700,49.02473836309853
2013-02-21 00:00:00+00:00,48.31960749533219,47.60565367107128,47.746681213378906,6802500,48.10806786305166
2013-02-22 00:00:00+00:00,48.10807476077156,47.535148396672284,47.817203521728516,7603600,47.94060221864533
2013-02-25 00:00:00+00:00,48.2931627389789,47.23545455932617,47.23545455932617,9830200,48.125690231763905
2013-02-26 00:00:00+00:00,47.632092357999944,47.24426414608765,47.50869369506836,6238300,47.42936550284642
2013-02-27 00:00:00+00:00,48.17857674394462,47.46462296723875,48.019920349121094,7243500,47.50869680319321
2013-02-28 00:00:00+00:00,48.51352335179969,47.94059704947589,48.11688232421875,6605000,48.07281184612352
2013-03-01 00:00:00+00:00,48.80438888487311,47.86126657639812,48.769134521484375,8311500,47.870082689016655
2013-03-04 00:00:00+00:00,49.21866074230976,48.478265283485676,49.18340301513672,6357400,48.61929282981589
2013-03-05 00:00:00+00:00,49.87091256270248,49.271544682452266,49.78276824951172,7067900,49.31561515786678
2013-03-06 00:00:00+00:00,50.10008459930924,49.580044882931574,49.677001953125,5572600,49.826842252615215
2013-03-07 00:00:00+00:00,49.7739536753617,49.368496574266025,49.64173889160156,4813700,49.676996615585814
2013-03-08 00:00:00+00:00,50.690627743548546,49.81802098569963,50.58485794067383,8157800,49.85327870744501
2013-03-11 00:00:00+00:00,50.902169835668325,50.54078659990089,50.82284164428711,7155200,50.584857070143485
2013-03-12 00:00:00+00:00,50.79640644664851,49.976682819689344,50.33806610107422,7159100,50.69944938245909
2013-03-13 00:00:00+00:00,50.62893150524903,50.1882200435873,50.54079055786133,5209800,50.38213416267418
2013-03-14 00:00:00+00:00,50.96387524148692,50.4790932863086,50.90217590332031,5908200,50.54960537462967
2013-03-15 00:00:00+00:00,50.92860883727497,50.54078401169485,50.75232696533203,13788100,50.68181152666591
2013-03-18 00:00:00+00:00,50.408587578488245,50.02076261185997,50.091278076171875,5125800,50.311633858602974
2013-03-19 00:00:00+00:00,50.28517803332035,49.14814163423308,49.63292694091797,8884200,50.09126727300807
2013-03-20 00:00:00+00:00,50.37331852175499,49.835650031408754,50.18821716308594,6018700,49.87972050257323
2013-03-21 00:00:00+00:00,50.10889277292236,49.500712155029056,49.63292694091797,5168500,50.01193907394706
2013-03-22 00:00:00+00:00,50.329254353721225,49.81803073778477,50.04719924926758,5500200,49.932616674707205
2013-03-25 00:00:00+00:00,50.338062691416226,49.24509680871566,49.54478073120117,7881500,50.24110563379422
2013-03-26 00:00:00+00:00,50.003126612191316,49.65055942801725,49.91498565673828,4675600,49.7210715199073
2013-03-27 00:00:00+00:00,49.80040172875294,49.350877458074294,49.77396011352539,6392400,49.659374176935906
2013-03-28 00:00:00+00:00,50.188221826305394,49.80039693671746,50.064823150634766,6705600,49.87972513712883
2013-04-01 00:00:00+00:00,50.364502138601985,49.49189538222066,49.96786117553711,6722400,50.1441464216061
2013-04-02 00:00:00+00:00,50.64656066894531,50.20584920465787,50.64656066894531,6575300,50.27636465287745
2013-04-03 00:00:00+00:00,50.90217155556491,50.241104392505626,50.46146011352539,8101000,50.80521450033839
2013-04-04 00:00:00+00:00,50.87573246748296,50.39976327951435,50.761146545410156,6412400,50.48790422734781
2013-04-05 00:00:00+00:00,50.88454631826035,49.68581057256428,50.85810470581055,7034700,50.14415090841052
2013-04-08 00:00:00+00:00,51.845298767089844,50.910989209508635,51.845298767089844,9796200,50.972691910710886
2013-04-09 00:00:00+00:00,52.215497982224804,51.58087237078616,52.12735366821289,8864800,51.7571576364482
2013-04-10 00:00:00+00:00,53.008779566145364,52.30364182685689,52.982337951660156,8438100,52.33008344134209
2013-04-11 00:00:00+00:00,53.47592513984601,52.903002278575634,53.370155334472656,9241800,52.98233047319603
2013-04-12 00:00:00+00:00,53.52881172371344,53.123358001147665,53.370155334472656,8533000,53.140986862436804
2013-04-15 00:00:00+00:00,53.475926369792305,51.862924191893995,51.8981819152832,12027900,53.11454311095683
2013-04-16 00:00:00+00:00,53.546443939208984,52.07446923415529,53.546443939208984,10309400,52.23312227097278
2013-04-17 00:00:00+00:00,53.49355777572043,52.9030060114907,53.484745025634766,11531200,53.19387383738187
2013-04-18 00:00:00+00:00,53.475932393903854,52.779610771514335,52.87656784057617,9203200,53.44949077956406
2013-04-19 00:00:00+00:00,54.26041030883789,53.10574477221964,54.26041030883789,9488300,53.10574477221964
2013-04-22 00:00:00+00:00,54.73636784812276,53.899018674350266,54.657039642333984,6306900,54.286843590227654
2013-04-23 00:00:00+00:00,55.194704094188985,54.24276905822706,55.16826248168945,6260800,55.00079333192291
2013-04-24 00:00:00+00:00,55.44150938460115,54.2868440162502,54.595340728759766,7335400,55.274036858642816
2013-04-25 00:00:00+00:00,54.79806416719821,54.25158286988998,54.648223876953125,6680900,54.657036627171514
2013-04-26 00:00:00+00:00,54.90384123547078,54.25158671514061,54.53364181518555,7038500,54.70111434246111
2013-04-29 00:00:00+00:00,55.750003572494265,55.168264539275754,55.52964782714844,7203900,55.370991421510496
2013-04-30 00:00:00+00:00,55.60016911580918,55.03605552412627,55.38862609863281,8528800,55.467954309778676
2013-05-01 00:00:00+00:00,55.970361865772624,55.353365078244465,55.71474838256836,7468900,55.423880533898874
2013-05-02 00:00:00+00:00,56.34937214338414,55.626605558986505,56.305301666259766,5249600,55.88221903361446
2013-05-03 00:00:00+00:00,57.16028568628594,56.30530758070623,57.11621856689453,9196000,56.569733833590284
2013-05-06 00:00:00+00:00,57.81252430350659,56.86059269019356,57.34537124633789,10239600,57.37181285716284
2013-05-07 00:00:00+00:00,58.253251724512154,57.089773456095465,58.235626220703125,14539100,57.68033206693317
2013-05-08 00:00:00+00:00,58.17392384085862,56.90467244150987,58.16510772705078,17803200,58.17392384085862
2013-05-09 00:00:00+00:00,59.1522974143547,57.742021974882775,58.764469146728516,11325000,57.93593610869586
2013-05-10 00:00:00+00:00,59.43433954693025,58.47358520011239,59.23160934448242,8654000,58.782088559235895
2013-05-13 00:00:00+00:00,59.51367662037612,58.984824177590504,59.33739471435547,5195000,59.02008190373937
2013-05-14 00:00:00+00:00,59.48724143889762,59.03772051252422,59.4696159362793,9675400,59.43435820631825
2013-05-15 00:00:00+00:00,59.75167009982,59.214001494743066,59.645896911621094,7925900,59.42554114641659
2013-05-16 00:00:00+00:00,59.839799431169425,58.35019259597838,58.58818054199219,8473100,59.60181820987859
2013-05-20 00:00:00+00:00,58.70276136808741,58.2179828279636,58.27968215942383,5893300,58.68513586969425
2013-05-21 00:00:00+00:00,58.526489215911475,57.91830518702743,58.024078369140625,7359100,58.482415375516666
2013-05-22 00:00:00+00:00,58.79972831171065,57.53047702277463,57.79490661621094,8142400,57.96237914036886
2013-05-23 00:00:00+00:00,57.680314364076516,56.622602892589455,57.495216369628906,7536200,57.177903600655064
2013-05-24 00:00:00+00:00,57.759657299224074,56.754835457411055,57.72439956665039,8846100,57.07214832584936
2013-05-28 00:00:00+00:00,58.84380001709014,58.103401217167615,58.782100677490234,8280000,58.15629116877015
2013-05-29 00:00:00+00:00,58.597001744462105,57.94474390775543,58.4030876159668,6954000,58.50004468021445
2013-05-30 00:00:00+00:00,59.15230104170677,56.69312994111145,56.98400115966797,13052700,58.56174921595203
2013-05-31 00:00:00+00:00,57.31893067337926,55.5913425793973,55.60015869140625,11280900,56.91347694236828
2013-06-03 00:00:00+00:00,56.25241203497643,55.115375629888106,56.23478317260742,8705600,55.58253207676259
2013-06-04 00:00:00+00:00,57.23079712695879,56.28767476175666,56.71957015991211,8147700,56.3493741043503
2013-06-05 00:00:00+00:00,56.516844286647725,55.35336285168427,55.63541793823242,8893600,56.45514494661293
2013-06-06 00:00:00+00:00,55.811702057505165,54.68348173456781,55.653045654296875,8661900,55.61778792861464
2013-06-07 00:00:00+00:00,57.17791054557645,55.750002911758195,57.1602783203125,7611300,56.08494458217552
2013-06-10 00:00:00+00:00,57.266044363056814,56.146636925948414,56.26122283935547,6729500,57.213161143300766
2013-06-11 00:00:00+00:00,56.67549800710924,55.5032038772829,56.23478317260742,6454800,55.81170056283631
2013-06-12 00:00:00+00:00,56.80770147226099,55.41505508141512,55.52082824707031,7663200,56.693118919676664
2013-06-13 00:00:00+00:00,56.76363991337134,55.10656380873238,56.675498962402344,5584900,55.520833675482564
2013-06-14 00:00:00+00:00,56.79008056896525,56.084942886013394,56.23478317260742,5311800,56.41988454630116
2013-06-17 00:00:00+00:00,57.40708202759124,56.631432148251356,56.84297180175781,6752000,56.67550599156386
2013-06-18 00:00:00+00:00,57.724392879636454,56.90466918525155,57.54811096191406,5234400,56.948743027044195
2013-06-19 00:00:00+00:00,57.77727567834666,56.70193862915039,56.70193862915039,6871400,57.45996288596995
2013-06-20 00:00:00+00:00,55.987988363614356,54.4895686179017,54.63059616088867,12260800,55.72356214080903
2013-06-21 00:00:00+00:00,55.60015651752223,54.48956181312675,55.291656494140625,11892400,55.19469944000245
2013-06-24 00:00:00+00:00,55.52083805955212,54.48957136750215,55.03605270385742,6494500,54.86858353884781
2013-06-25 00:00:00+00:00,55.61778786208965,55.08893542693578,55.150634765625,6776700,55.42387709579285
2013-06-26 00:00:00+00:00,55.935104137945416,55.30929459964145,55.71474838256836,5720400,55.48557987641549
2013-06-27 00:00:00+00:00,56.38462421955354,55.926283906195664,56.164268493652344,4875900,56.10256915938893
2013-06-28 00:00:00+00:00,56.86941047177919,55.661865234375,55.661865234375,10560300,56.19953045389516
2013-07-01 00:00:00+00:00,57.221975880247676,56.084942838484615,56.349369049072266,8221600,56.2700408496598
2013-07-02 00:00:00+00:00,56.53446892270435,55.600162723691,55.75881576538086,7690500,56.261229953119
2013-07-03 00:00:00+00:00,56.26122444418578,55.1506297245703,56.06731033325195,3351800,55.39742705676864
2013-07-05 00:00:00+00:00,56.36699298808678,55.626597645693714,56.25240707397461,5645800,56.305293656417476
2013-07-08 00:00:00+00:00,57.107392126411106,56.55209810447693,57.0368766784668,6679700,56.65786455167016
2013-07-09 00:00:00+00:00,57.76845349203415,56.983987705786895,57.239601135253906,4556400,57.57453939211279
2013-07-10 00:00:00+00:00,57.55692352355388,56.9134817865962,57.21316909790039,5761700,57.169095258827404
2013-07-11 00:00:00+00:00,58.90549825793978,57.86541889213912,58.685142517089844,8329800,57.86541889213912
2013-07-12 00:00:00+00:00,59.05534904478231,58.112226575294926,59.037723541259766,5889900,58.517680403560796
2013-07-15 00:00:00+00:00,59.37265596880959,58.07696303591605,58.112220764160156,6458000,59.07296864109674
2013-07-16 00:00:00+00:00,58.26204996030022,57.23078682344493,57.31892776489258,7470900,58.129835185767355
2013-07-17 00:00:00+00:00,57.69793555155697,57.08094228283044,57.60979461669922,6846700,57.66267783266942
2013-07-18 00:00:00+00:00,58.50004410553847,57.87423461272989,58.0152587890625,4962800,57.90948561327043
2013-07-19 00:00:00+00:00,58.20035878064532,57.213169338604594,57.43352508544922,7220400,58.076960100390224
2013-07-22 00:00:00+00:00,57.583361129476515,56.64023887157686,56.76363754272461,5973600,57.424704734468946
2013-07-23 00:00:00+00:00,57.08976382667816,56.70194228577027,56.807708740234375,4534500,56.93992353303821
2013-07-24 00:00:00+00:00,57.39826757399479,56.878224512637125,56.975181579589844,5326800,56.93110774016633
2013-07-25 00:00:00+00:00,57.063320740104494,56.64024148372148,56.89585494995117,5407800,56.693124709588474
2013-07-26 00:00:00+00:00,57.354204311488836,56.50803889135796,57.274879455566406,4949600,56.82535176449766
2013-07-29 00:00:00+00:00,57.31893028866087,56.82533561504273,56.948734283447266,3805800,57.1162067868776
2013-07-30 00:00:00+00:00,57.1779244451133,56.49922482665975,56.569740295410156,6210500,57.02807739283737
2013-07-31 00:00:00+00:00,57.39827106645012,56.7460131718584,56.98400115966797,7155300,56.79008701396362
2013-08-01 00:00:00+00:00,58.059322126612706,57.40706441427635,57.60979461669922,6338100,57.433512746983716
2013-08-02 00:00:00+00:00,58.693944691738025,57.583356736140836,58.623435974121094,6098500,57.786080226963925
2013-08-05 00:00:00+00:00,58.64988730556111,57.830163645473675,58.19154357910156,7265800,58.614629578547
2013-08-06 00:00:00+00:00,59.196379535304786,58.14748387824324,59.099422454833984,11546300,58.25325034804798
2013-08-07 00:00:00+00:00,58.43834747946826,56.51684507411005,58.0945930480957,16970500,57.2307955508494
2013-08-08 00:00:00+00:00,58.57938094055076,57.46878590382292,57.95357131958008,8826400,58.47360774309696
2013-08-09 00:00:00+00:00,57.953568247482316,56.93993034763849,57.05451965332031,7945500,57.70677085789763
2013-08-12 00:00:00+00:00,56.790080520838906,56.12019720083106,56.349369049072266,8004900,56.64024023437186
2013-08-13 00:00:00+00:00,56.640244791732535,55.89103321202951,56.3934440612793,6025100,56.640244791732535
2013-08-14 00:00:00+00:00,56.56091054782954,55.94391715678967,56.37581253051758,6413700,56.366999780229214
2013-08-15 00:00:00+00:00,55.81170986563656,54.8245169449568,54.98317337036133,9014100,55.77645213502172
2013-08-16 00:00:00+00:00,55.08893638358589,54.392611420730525,54.798065185546875,8238800,54.62178327900887
2013-08-19 00:00:00+00:00,54.80688692824712,54.498390197753906,54.498390197753906,5659900,54.780445312022614
2013-08-20 00:00:00+00:00,54.99198184265822,54.46312937403703,54.542457580566406,5192100,54.46312937403703
2013-08-21 00:00:00+00:00,54.54245992753807,53.84613490274632,53.89020538330078,7185400,54.31328804887546
2013-08-22 00:00:00+00:00,54.4895661279094,53.907827119376485,54.330909729003906,5302300,54.04885465591896
2013-08-23 00:00:00+00:00,54.63940820038822,54.172251767150534,54.41023635864258,5505900,54.61296322642582
2013-08-26 00:00:00+00:00,54.74517393105132,54.0576651817518,54.07529067993164,4499100,54.43667391512258
2013-08-27 00:00:00+00:00,54.07529983795083,53.38779097221702,53.493560791015625,7734500,53.67866217686558
2013-08-28 00:00:00+00:00,53.899011004139254,53.246756586878384,53.599327087402344,7161700,53.273198197591164
2013-08-29 00:00:00+00:00,54.22513948754139,53.37015816269852,53.83731460571289,5396200,53.56407228479361
2013-08-30 00:00:00+00:00,54.004791182740234,53.37016550484107,53.616966247558594,5404100,53.89020524370574
2013-09-03 00:00:00+00:00,54.63940279548133,53.414222235506664,53.70509338378906,7016400,54.13698868823344
2013-09-04 00:00:00+00:00,53.96071897313443,53.34372217965541,53.86376190185547,14014600,53.69628937424198
2013-09-05 00:00:00+00:00,54.295653328989836,53.731543169056714,54.031227111816406,6356600,53.82850023323805
2013-09-06 00:00:00+00:00,54.498378144876725,53.44067001911102,54.11054992675781,7319400,54.18106537091087
2013-09-09 00:00:00+00:00,54.507198094737014,54.004787257041976,54.286842346191406,7224500,54.295655096694
2013-09-10 00:00:00+00:00,55.50320137250999,54.586520744860096,55.37980270385742,9919600,54.727548275086114
2013-09-11 00:00:00+00:00,56.358177185058594,55.51201203550847,56.358177185058594,9439700,55.63541069952268
2013-09-12 00:00:00+00:00,58.482424005172476,55.89104118353034,57.72439956665039,22426500,56.23479567021769
2013-09-13 00:00:00+00:00,59.08178126276873,57.73320517956819,58.782100677490234,12718700,58.05933410300978
2013-09-16 00:00:00+00:00,59.62826617633216,58.94956671321907,59.00245666503906,9716500,59.337394977855126
2013-09-17 00:00:00+00:00,59.23163097890669,58.808551647118286,59.037723541259766,6450700,58.90550872830411
2013-09-18 00:00:00+00:00,59.38146217723711,58.35900840287536,59.15229034423828,9865600,58.76446212296687
2013-09-19 00:00:00+00:00,58.6146213477699,57.645057527563395,57.9271125793457,11864800,58.51766429327696
2013-09-20 00:00:00+00:00,58.032887476981315,57.21317053728018,57.30131149291992,29076200,57.83016395148228
2013-09-23 00:00:00+00:00,57.715577636688096,57.010436587876185,57.07213592529297,8286600,57.3277493873692
2013-09-24 00:00:00+00:00,57.43352548993545,56.6578689517565,56.6931266784668,8272800,57.239611355390714
2013-09-25 00:00:00+00:00,57.230794732261906,56.587352993802554,56.807708740234375,7281400,56.78126712661835
2013-09-26 00:00:00+00:00,57.54810597298158,56.631425285900576,57.504032135009766,6971200,56.72838234965976
2013-09-27 00:00:00+00:00,57.680320491575564,57.01925327344066,57.459964752197266,5586000,57.2660506255886
2013-09-30 00:00:00+00:00,57.248425606280314,56.75483083985715,56.84297180175781,7463200,57.0545181799886
2013-10-01 00:00:00+00:00,57.51283894493349,56.728373173930585,57.142642974853516,4881200,56.73718928504366
2013-10-02 00:00:00+00:00,57.59217173292454,56.76363874125611,57.18671798706055,7218800,56.80770585346892
2013-10-03 00:00:00+00:00,57.230786072832416,56.26122228017911,56.428688049316406,7264100,57.04568808080319
2013-10-04 00:00:00+00:00,57.671497833775085,56.38462126882392,57.556915283203125,6546000,56.42868837686418
2013-10-07 00:00:00+00:00,57.56573218355503,56.91348106681074,56.93110656738281,5840900,57.125020697293614
2013-10-08 00:00:00+00:00,57.089756804601166,56.38462253758553,56.41106414794922,8636300,56.86940108527324
2013-10-09 00:00:00+00:00,56.56971841511203,55.617780129352276,56.049678802490234,8746900,56.428687532159785
2013-10-10 00:00:00+00:00,57.88304340437902,56.666682156552916,57.80371856689453,7676600,56.8341546686514
2013-10-11 00:00:00+00:00,58.69395090323505,57.733203117393,58.359012603759766,6735000,57.87423401699739
2013-10-14 00:00:00+00:00,59.03770182486873,57.97999043501613,58.905487060546875,6461500,58.06813136965661
2013-10-15 00:00:00+00:00,59.00246770825145,58.1122284454076,58.5617561340332,5943100,58.81736965404678
2013-10-16 00:00:00+00:00,58.93194185499656,58.288500111173086,58.48241424560547,7724800,58.738027720564176
2013-10-17 00:00:00+00:00,58.69395345297604,58.156291617867005,58.54411315917969,6952100,58.34138963809609
2013-10-18 00:00:00+00:00,59.293304571613,58.16508454397063,59.187538146972656,7587000,58.61461202285751
2013-10-21 00:00:00+00:00,59.61063163413908,59.19636849677829,59.5930061340332,4845800,59.293318834445785
2013-10-22 00:00:00+00:00,60.932774105951175,59.71641269628552,60.81819152832031,7860700,59.88388523066659
2013-10-23 00:00:00+00:00,60.99446942647775,59.95439000868369,60.042537689208984,5864500,60.6507149915455
2013-10-24 00:00:00+00:00,60.98564994438116,59.95438008554749,60.86225128173828,6045400,60.09541097126664
2013-10-25 00:00:00+00:00,61.585024191552215,60.79174218833378,61.04735565185547,6613300,61.100238877162205
2013-10-28 00:00:00+00:00,61.24127755870037,60.74767606913625,60.81819152832031,4469200,61.12668825634519
2013-10-29 00:00:00+00:00,61.161939090063655,60.62427054267368,60.7476692199707,4450200,60.923957848054705
2013-10-30 00:00:00+00:00,61.08261494126836,59.87506304295964,60.35103225708008,5816100,61.012099489237855
2013-10-31 00:00:00+00:00,61.08261478270845,60.24525892264805,60.4567985534668,5706100,60.35103210041923
2013-11-01 00:00:00+00:00,60.97684377597199,60.37747586337581,60.827003479003906,5008600,60.56257388752294
2013-11-04 00:00:00+00:00,61.30296888460758,60.298147259221274,60.65071105957031,4790200,61.179570209540735
2013-11-05 00:00:00+00:00,60.87105684464116,59.98963403843565,60.68595886230469,5140600,60.615443423874886
2013-11-06 00:00:00+00:00,61.36467624991032,60.48325318428249,60.81819152832031,6503200,60.976847949122295
2013-11-07 00:00:00+00:00,61.11784936859879,59.134648209930674,59.187538146972656,10496300,61.11784936859879
2013-11-08 00:00:00+00:00,61.17957311492166,58.80854311405204,60.44799041748047,16182800,58.94075790782345
2013-11-11 00:00:00+00:00,60.58902077305329,60.10424211279359,60.2364501953125,4954000,60.359855613537555
2013-11-12 00:00:00+00:00,60.33340727137334,59.42554257289388,59.734039306640625,6586700,60.227640805359854
2013-11-13 00:00:00+00:00,60.80936591716147,59.319765741717866,60.79174041748047,5681000,59.43434830145252
2013-11-14 00:00:00+00:00,61.83182103734779,60.81818330400306,61.71723175048828,7246600,60.94158197852606
2013-11-15 00:00:00+00:00,61.84944813996387,61.3029702028376,61.699607849121094,6184400,61.49687760730989
2013-11-18 00:00:00+00:00,61.778924499702036,61.109047973647435,61.258888244628906,4904400,61.752482890084444
2013-11-19 00:00:00+00:00,61.45280641149838,60.85343856321845,60.923954010009766,4801700,61.25007618315412
2013-11-20 00:00:00+00:00,61.62908941698238,60.888697386468976,61.020912170410156,4726800,60.92395511050151
2013-11-21 00:00:00+00:00,61.70842403986603,61.056166199977085,61.646724700927734,4498300,61.22363871626257
2013-11-22 00:00:00+00:00,61.99047811257175,61.52332502182371,61.87588882446289,4667500,61.655533085451665
2013-11-25 00:00:00+00:00,62.21083488846574,61.34703741826628,61.470436096191406,5830600,62.17557716266948
2013-11-26 00:00:00+00:00,63.189220324404864,61.611472264979284,62.73969268798828,8850000,61.629097767021975
2013-11-27 00:00:00+00:00,62.801385691407845,62.105060748353836,62.378299713134766,5446100,62.76612796615813
2013-11-29 00:00:00+00:00,62.819021801934674,62.04337188960254,62.17558670043945,4801000,62.61629825341275
2013-12-02 00:00:00+00:00,62.85426130061177,62.36948276779865,62.5016975402832,6774600,62.39592437735102
2013-12-03 00:00:00+00:00,62.06100072588471,61.153129327606926,61.611473083496094,8304700,61.89352819299548
2013-12-04 00:00:00+00:00,62.12268810880764,61.10023433079989,61.673160552978516,4883800,61.18837527466054
2013-12-05 00:00:00+00:00,62.2989891108235,61.770136560676534,61.90235137939453,5587000,61.95523461699172
2013-12-06 00:00:00+00:00,63.01291087549477,62.378285415904344,62.98646926879883,5542000,62.554574001747206
2013-12-09 00:00:00+00:00,63.004115055507995,62.510513633589866,62.67798614501953,6477100,62.898341881227665
2013-12-10 00:00:00+00:00,63.15395814063314,62.49289090271595,63.08344268798828,7112200,62.50170701547748
2013-12-11 00:00:00+00:00,63.577035218782015,62.078618887633546,62.15794372558594,9519200,63.224471417140116
2013-12-12 00:00:00+00:00,62.47917045942634,61.39056447249182,62.13117218017578,8756300,61.81886690491815
2013-12-13 00:00:00+00:00,62.577335424858155,61.81887767911654,62.12226486206055,5784300,62.37210912581114
2013-12-16 00:00:00+00:00,63.219781213698006,62.38101949687033,62.91640090942383,6246600,62.38101949687033
2013-12-17 00:00:00+00:00,63.27333865830269,62.309647809638626,63.050262451171875,6829100,63.07703050678828
2013-12-18 00:00:00+00:00,64.42438507080078,62.586239896710374,64.42438507080078,7971400,63.31792934726763
2013-12-19 00:00:00+00:00,65.2096424239452,64.33518064399557,65.11148834228516,6768100,64.3708736562125
2013-12-20 00:00:00+00:00,65.63792937468419,64.54931658758133,64.60285949707031,12989700,65.22747004323865
2013-12-23 00:00:00+00:00,65.43270236772977,64.83485987924156,65.3880844116211,5621900,65.04008613875517
2013-12-24 00:00:00+00:00,65.90563058127273,65.36132412922883,65.8967056274414,2883600,65.36132412922883
2013-12-26 00:00:00+00:00,66.64623943730294,65.95024286873134,66.58377838134766,4620100,65.9859290654962
2013-12-27 00:00:00+00:00,66.7265410053689,65.96808341023927,66.34284973144531,3844800,66.61054385101777
2013-12-30 00:00:00+00:00,68.29701332311092,66.82470897442826,68.02040100097656,8578900,66.91393809694783
2013-12-31 00:00:00+00:00,68.26131010282606,67.6456176763615,68.17208099365234,4692300,68.06500197799708
2014-01-02 00:00:00+00:00,68.2613167773364,67.72593526220048,68.05608367919922,5200900,67.85085738880736
2014-01-03 00:00:00+00:00,68.43977135219755,67.82408570621048,67.91331481933594,4060700,68.08285489969576
2014-01-06 00:00:00+00:00,68.56470426393932,67.36009402778241,67.65455627441406,6816200,68.28809192738923
2014-01-07 00:00:00+00:00,68.43977580658132,67.72593604737271,68.11854553222656,4494900,67.92224419367234
2014-01-08 00:00:00+00:00,68.06499662052262,66.7533077149051,67.11915588378906,10900300,67.93114956342498
2014-01-09 00:00:00+00:00,67.33331426493687,66.3160874149987,66.83362579345703,8052900,67.33331426493687
2014-01-10 00:00:00+00:00,67.3779377921328,66.53024414197547,67.27085876464844,6219000,66.99424645332894
2014-01-13 00:00:00+00:00,67.03884519612117,65.18285671759662,65.37915802001953,8232800,66.83361894112409
2014-01-14 00:00:00+00:00,66.54810238491129,65.39702822433924,66.43209838867188,5996500,65.7717946558521
2014-01-15 00:00:00+00:00,67.01207741431335,66.25361982833246,66.28038787841797,7283900,66.29823778363776
2014-01-16 00:00:00+00:00,66.38746608420887,65.78069866120812,66.21792602539062,5597400,66.37854113170683
2014-01-17 00:00:00+00:00,66.59269553523964,65.74500881593185,66.01270294189453,6624800,66.41423732309413
2014-01-21 00:00:00+00:00,66.81578244222837,65.40594600111808,66.20901489257812,7507100,66.02163169738775
2014-01-22 00:00:00+00:00,67.30654954395638,66.07517140353595,67.19947052001953,6795100,66.10193945758387
2014-01-23 00:00:00+00:00,66.8782235625586,66.16438400439581,66.73545837402344,6280900,66.50345728394238
2014-01-24 00:00:00+00:00,66.23577139775409,64.88838958740234,64.88838958740234,7334900,66.11976744639827
2014-01-27 00:00:00+00:00,65.05793372185249,63.99608903561935,64.46900939941406,7415100,64.66531750689354
2014-01-28 00:00:00+00:00,65.13825273668424,64.46009915818834,65.03117370605469,5508400,64.47794906716607
2014-01-29 00:00:00+00:00,64.46009175579741,63.46071481566935,63.64809799194336,8604800,64.21917247422934
2014-01-30 00:00:00+00:00,65.70039032444019,64.24593616482993,65.33454895019531,7550500,64.32624031731868
2014-01-31 00:00:00+00:00,65.42378828261079,64.06748796918791,64.79025268554688,7748500,64.42440444636811
2014-02-03 00:00:00+00:00,64.89733172890338,62.327489523019224,62.45241165161133,11964800,64.83487066460734
2014-02-04 00:00:00+00:00,63.57670879370097,62.35424892470425,63.398250579833984,11278800,63.3000965198838
2014-02-05 00:00:00+00:00,64.29054556470867,62.791473648069896,64.03177642822266,11573300,64.29054556470867
2014-02-06 00:00:00+00:00,68.46654039620319,66.7265422032345,67.42253875732422,19821900,67.46715671396869
2014-02-07 00:00:00+00:00,67.54745896810532,66.57485017184088,67.52069091796875,11480100,66.99423444463167
2014-02-10 00:00:00+00:00,68.98406246524738,67.43145445704377,68.760986328125,8781600,67.52068355034403
2014-02-11 00:00:00+00:00,69.52838883656746,68.8056241223221,69.41239166259766,8186200,68.84131713148483
2014-02-12 00:00:00+00:00,69.60869169408093,69.27853650362452,69.51946258544922,6329500,69.29638640999764
2014-02-13 00:00:00+00:00,69.8139241811596,68.88592639169923,69.51054382324219,5955400,69.17146364939894
2014-02-14 00:00:00+00:00,70.91145499197326,69.3945329302956,70.69730377197266,7001100,69.49268699107598
2014-02-18 00:00:00+00:00,71.38437939507473,70.87576596419463,71.00961303710938,6136500,70.93822702385552
2014-02-19 00:00:00+00:00,71.18807721754014,70.31362230913753,70.37608337402344,7024000,70.93823295799655
2014-02-20 00:00:00+00:00,71.07207282158323,70.34930136390963,70.66161346435547,5748700,70.67945656347634
2014-02-21 00:00:00+00:00,71.78590341487573,70.31360624916715,71.5003662109375,8252300,70.55452549934407
2014-02-24 00:00:00+00:00,72.80314243556687,71.79484050291704,72.0357666015625,6635200,71.83053351041063
2014-02-25 00:00:00+00:00,72.58897346411237,71.42005668719241,71.57174682617188,6064300,72.0268240508537
2014-02-26 00:00:00+00:00,72.23205010798148,71.01851538361812,71.45574951171875,5775600,71.94651292623384
2014-02-27 00:00:00+00:00,71.91083035641084,71.2594517572126,71.81268310546875,4919800,71.38437386686006
2014-02-28 00:00:00+00:00,72.80314385714945,71.5360727012386,72.10714721679688,7030700,72.13391527100347
2014-03-03 00:00:00+00:00,71.96436382654024,70.3582129021163,70.90251922607422,8449400,71.65205859338656
2014-03-04 00:00:00+00:00,73.32068430856835,71.86622992491401,72.91022491455078,8021400,71.91976603481987
2014-03-05 00:00:00+00:00,74.24867726313181,73.186832434548,73.7757568359375,7709700,73.36529746879252
2014-03-06 00:00:00+00:00,74.43607108249483,73.9185326208309,74.36468505859375,5774400,73.93638253067914
2014-03-07 00:00:00+00:00,74.64128997288867,73.18682894603988,73.35636901855469,7478100,74.59667201451805
2014-03-10 00:00:00+00:00,73.5526789008468,72.89237530919759,73.14221954345703,5209700,73.32960271915161
2014-03-11 00:00:00+00:00,73.46344558760373,72.02683451504139,72.32129669189453,7171600,73.33852347761956
2014-03-12 00:00:00+00:00,72.62469338755521,71.42900812020613,72.61576843261719,6378300,71.91084676292421
2014-03-13 00:00:00+00:00,73.1511498490821,71.08100300379587,71.3219223022461,8570600,72.9459167514987
2014-03-14 00:00:00+00:00,71.750225522548,71.00068602064962,71.44683837890625,7754700,71.25053025203418
2014-03-17 00:00:00+00:00,72.81205508790963,71.66098131975731,72.62467193603516,7280700,71.83052137477209
2014-03-18 00:00:00+00:00,73.39206583891286,72.52652914038799,73.16006469726562,5395900,72.74960532834821
2014-03-19 00:00:00+00:00,73.43667374296636,71.42006337379797,71.8483657836914,6403200,73.39205578838643
2014-03-20 00:00:00+00:00,72.29453040398832,71.17023128083963,72.10714721679688,5968200,71.91083907562148
2014-03-21 00:00:00+00:00,73.21360017021776,71.42899084792354,71.6966781616211,7840900,73.13328921068748
2014-03-24 00:00:00+00:00,72.21421934199584,70.83114433966888,70.9292984008789,7642900,72.01791121957581
2014-03-25 00:00:00+00:00,71.68776391788839,70.13515548172505,70.98284912109375,6692400,71.59853479999308
2014-03-26 00:00:00+00:00,71.59852917439416,70.14407492451781,70.15299987792969,6750800,71.32191688832894
2014-03-27 00:00:00+00:00,70.14408097464994,68.95731395506479,70.02808380126953,9194700,69.86746866472609
2014-03-28 00:00:00+00:00,70.90253864241798,69.87638676012577,70.483154296875,5281700,70.25115995028365
2014-03-31 00:00:00+00:00,71.7323756158807,71.08099698516307,71.44683837890625,6848800,71.11668318300825
2014-04-01 00:00:00+00:00,72.82099421690808,71.73238128745083,72.7853012084961,6555000,71.73238128745083
2014-04-02 00:00:00+00:00,73.14221346703751,72.54437098361998,72.87451934814453,6073500,72.91913730387478
2014-04-03 00:00:00+00:00,73.38312794427357,72.4015942518889,72.89236450195312,4930100,73.09759074634815
2014-04-04 00:00:00+00:00,73.92744211970121,71.74129835481999,71.76806640625,8894400,73.45452172378569
2014-04-07 00:00:00+00:00,72.09822443680095,70.09945695306263,70.60807037353516,9000800,71.75914428465607
2014-04-08 00:00:00+00:00,71.07207265731586,69.70684751827476,71.00068664550781,7085100,70.73299250510004
2014-04-09 00:00:00+00:00,71.85729281471644,70.72406889769347,71.80375671386719,7004800,71.35760438613866
2014-04-10 00:00:00+00:00,72.20529995951424,69.13577619677395,69.16254425048828,10160200,72.20529995951424
2014-04-11 00:00:00+00:00,69.55513892991816,68.53791225857309,68.71637725830078,9204100,69.16252954600454
2014-04-14 00:00:00+00:00,69.44807193968015,68.57361039487395,69.26068878173828,5964700,69.3320679792322
2014-04-15 00:00:00+00:00,69.78715022228333,68.09176991974854,69.29638671875,6398700,69.50161298874286
2014-04-16 00:00:00+00:00,70.47423122051578,69.76930966038766,70.44745635986328,5958800,69.93884293138412
2014-04-17 00:00:00+00:00,71.5806908593931,70.13515465857179,71.37545776367188,7627700,70.22438377541985
2014-04-21 00:00:00+00:00,71.36653275795416,70.21545888033859,70.59022521972656,7080300,71.34868285165307
2014-04-22 00:00:00+00:00,71.28623969633281,70.67947207687254,70.89362335205078,5876000,70.6883970322643
2014-04-23 00:00:00+00:00,71.33975358624014,70.46529884719287,70.95606231689453,4148600,70.9649872695056
2014-04-24 00:00:00+00:00,71.43791612114143,70.59022933156594,71.0185317993164,4632700,71.15237887339279
2014-04-25 00:00:00+00:00,70.90253128372481,69.74253924792295,69.80500030517578,6193300,70.90253128372481
2014-04-28 00:00:00+00:00,70.54559879966963,68.60037451860246,69.40345001220703,7522700,70.27791150696396
2014-04-29 00:00:00+00:00,70.20654567196146,69.36777693685252,70.17085266113281,4608700,69.9120834384344
2014-04-30 00:00:00+00:00,70.96498836673332,69.76037843989336,70.79544830322266,6550200,70.04591565816465
2014-05-01 00:00:00+00:00,71.26838700124476,70.72408052729273,70.99176788330078,6486800,70.80438469177153
2014-05-02 00:00:00+00:00,71.87515353450624,71.04530980776303,71.66099548339844,7599300,71.04530980776303
2014-05-05 00:00:00+00:00,72.55329610209924,71.2059208486679,72.47299194335938,5669800,71.75914542952889
2014-05-06 00:00:00+00:00,72.83882533128127,72.09821765377497,72.3034439086914,10696500,72.80313232874273
2014-05-07 00:00:00+00:00,73.5616069340361,71.49146015354516,71.64315032958984,11906800,72.85668535343747
2014-05-08 00:00:00+00:00,73.40991535604431,71.44684745348076,72.81207275390625,9257700,71.57176958503959
2014-05-09 00:00:00+00:00,73.18682781636187,72.18745091863437,73.1243667602539,5376600,72.51759929760027
2014-05-12 00:00:00+00:00,74.00775685187602,73.24037423564897,73.54375457763672,5704400,73.24037423564897
2014-05-13 00:00:00+00:00,73.83820652997335,72.94590191933924,73.24036407470703,5274700,73.55266932688019
2014-05-14 00:00:00+00:00,73.32959753040413,71.94652257866139,72.20529174804688,6192000,72.96374935059366
2014-05-15 00:00:00+00:00,72.1250018161458,70.6794655252571,71.51823425292969,7687700,71.95546171814925
2014-05-16 00:00:00+00:00,71.75913651882763,70.79544588714637,71.73236846923828,5823700,71.53606036192424
2014-05-19 00:00:00+00:00,72.61575206100326,71.50929616925303,72.32129669189453,4896900,71.76806534214721
2014-05-20 00:00:00+00:00,72.95482864768192,71.84836600198342,72.35697937011719,6023200,72.2231391214589
2014-05-21 00:00:00+00:00,73.47236412061818,72.65144544846193,73.3385238647461,4736400,72.65144544846193
2014-05-22 00:00:00+00:00,73.87390898199371,73.20468043840393,73.48129272460938,4652000,73.33852750867084
2014-05-23 00:00:00+00:00,74.38251001657878,73.33851529628427,74.34681701660156,4580300,73.33851529628427
2014-05-27 00:00:00+00:00,74.93575379973305,74.34682941352479,74.72159576416016,5197700,74.56098064135288
2014-05-28 00:00:00+00:00,74.86435853622332,74.28435917510912,74.59666442871094,4652100,74.7751294363005
2014-05-29 00:00:00+00:00,75.03390567618814,74.44498806146504,74.9803695678711,6522000,74.88221549745971
2014-05-30 00:00:00+00:00,75.30159777035678,74.61452610404481,74.9625244140625,6352400,74.78405937831944
2014-06-02 00:00:00+00:00,75.3283661183632,74.96252470721306,75.19451904296875,3933800,75.19451904296875
2014-06-03 00:00:00+00:00,75.15883157678694,74.70375425121311,74.84651947021484,4541400,75.01605955004027
2014-06-04 00:00:00+00:00,75.31052716396461,74.3379113831238,75.16775512695312,5800100,74.81975679641941
2014-06-05 00:00:00+00:00,75.8012873447224,74.86437142264538,75.64959716796875,5956000,75.28375575298966
2014-06-06 00:00:00+00:00,75.83697525488161,75.19451477564415,75.4979019165039,5302800,75.76559605210107
2014-06-09 00:00:00+00:00,76.61328140102532,75.4265145267867,76.27420806884766,5667600,75.48897558291797
2014-06-10 00:00:00+00:00,76.20282505672894,75.57820766310518,75.6228256225586,4632600,76.20282505672894
2014-06-11 00:00:00+00:00,75.67637706334163,75.10530246688404,75.230224609375,4300900,75.4889938496052
2014-06-12 00:00:00+00:00,75.13207209803916,73.70438557700149,73.88285064697266,7231400,74.98038189437342
2014-06-13 00:00:00+00:00,74.05238395376234,72.99054572035581,73.88285064697266,4711100,73.83823267754329
2014-06-16 00:00:00+00:00,74.45390923981704,73.66867671634573,74.32898712158203,5181100,73.74006272897854
2014-06-17 00:00:00+00:00,74.47175074555516,73.7132930988593,74.20406341552734,4535900,74.04344829441277
2014-06-18 00:00:00+00:00,74.73050942136183,73.89174092818436,74.57881927490234,4536300,74.22189607731127
2014-06-19 00:00:00+00:00,74.88219910000969,74.2843566622322,74.74835205078125,4326900,74.64127985759346
2014-06-20 00:00:00+00:00,75.0249787092875,73.87390486158625,73.90067291259766,11073400,75.01605375636889
2014-06-23 00:00:00+00:00,73.99883525844811,73.45452880111242,73.8471450805664,3946600,73.92744924259372
2014-06-24 00:00:00+00:00,74.569907517027,73.60621675534144,73.7757568359375,5057100,73.7757568359375
2014-06-25 00:00:00+00:00,75.23913862640757,73.59730110221777,74.86437225341797,7899200,73.76683438081105
2014-06-26 00:00:00+00:00,75.5603584934005,74.74835798924971,75.3551254272461,6424000,75.5603584934005
2014-06-27 00:00:00+00:00,76.1938982109037,75.06959237650051,76.11359405517578,17932200,75.06959237650051
2014-06-30 00:00:00+00:00,76.80066488117284,75.90836018553577,76.5062026977539,6991400,76.23851537370953
2014-07-01 00:00:00+00:00,77.5145236994504,76.5240647850136,77.15760040283203,5608200,76.56867594224987
2014-07-02 00:00:00+00:00,77.37175581051102,76.9166784127034,77.1308364868164,4439600,77.25575862617599
2014-07-03 00:00:00+00:00,77.61266848843849,77.18435922220235,77.48773956298828,3210400,77.36281744528291
2014-07-07 00:00:00+00:00,77.4699044303015,77.0237520189757,77.2646713256836,4897800,77.28252123447413
2014-07-08 00:00:00+00:00,77.0237482608578,76.45267374684411,76.61328887939453,4733600,76.90775109036119
2014-07-09 00:00:00+00:00,77.88927379739658,76.60435292156625,77.82681274414062,6311200,76.73819998075594
2014-07-10 00:00:00+00:00,78.174820919196,76.90774978816613,77.5055923461914,7249700,77.21113014021056
2014-07-11 00:00:00+00:00,77.95175590947404,77.06837597256595,77.5323715209961,5016000,77.63052560373545
2014-07-14 00:00:00+00:00,78.06773757709918,77.32712983783952,77.4163589477539,4012300,78.04096952489932
2014-07-15 00:00:00+00:00,77.31821509936523,76.32775619064891,76.87206268310547,7001300,77.25575403339869
2014-07-16 00:00:00+00:00,78.1926567074578,75.95297686080606,76.158203125,10667200,77.35389493698933
2014-07-17 00:00:00+00:00,76.90774982918477,75.72990781237829,75.87267303466797,6885900,76.14036718711061
2014-07-18 00:00:00+00:00,76.72036152450372,75.99759008425147,76.56866455078125,4719100,76.2385161669171
2014-07-21 00:00:00+00:00,76.73820382478803,76.29205147696949,76.5062026977539,4799800,76.56866375413873
2014-07-22 00:00:00+00:00,77.23790347172488,76.300987490144,76.92559814453125,4984200,77.0683701842458
2014-07-23 00:00:00+00:00,77.21112264944793,76.52405104322843,76.77389526367188,3650200,77.01481453117252
2014-07-24 00:00:00+00:00,77.5948221081698,77.0148226451797,77.45205688476562,4168200,77.18436273023323
2014-07-25 00:00:00+00:00,77.36282849263499,76.78283578092821,76.94345092773438,4659800,77.00591199550645
2014-07-28 00:00:00+00:00,77.82680430820433,76.56865161903892,77.76434326171875,4546800,77.12188289344225
2014-07-29 00:00:00+00:00,77.89820476150933,76.8809779255586,76.91666412353516,5478700,77.88927980814282
2014-07-30 00:00:00+00:00,77.87143772141393,76.81851777400556,77.81790161132812,7294200,77.29144504149667
2014-07-31 00:00:00+00:00,77.58587672677959,76.46157791234738,76.63111114501953,6342400,77.26464654901514
2014-08-01 00:00:00+00:00,76.74714637328947,76.03329973002248,76.18498992919922,6759200,76.19391488437024
2014-08-04 00:00:00+00:00,78.09452507921623,76.74714952612403,77.84468078613281,8262700,76.88991477599467
2014-08-05 00:00:00+00:00,77.84465995203014,76.75604713116557,77.40743255615234,9361800,77.7554308437737
2014-08-06 00:00:00+00:00,78.18375101152098,76.88990493402885,77.2646713256836,9789500,76.89882988842412
2014-08-07 00:00:00+00:00,77.6394211871136,76.05112016946734,76.30096435546875,7916900,77.62157128368865
2014-08-08 00:00:00+00:00,77.53236659432574,76.39914244890677,77.49667358398438,6382700,76.42591050472639
2014-08-11 00:00:00+00:00,78.50497707290508,77.67513336013072,78.07666778564453,5047900,77.6929764602167
2014-08-12 00:00:00+00:00,78.18374985090222,77.43421027097392,77.81790161132812,4510100,77.76436550124234
2014-08-13 00:00:00+00:00,78.47819119103174,78.00527081609243,78.16588592529297,4532300,78.29080803158847
2014-08-14 00:00:00+00:00,79.33481755769996,78.35327689927843,79.06712341308594,8218000,78.54958503096273
2014-08-15 00:00:00+00:00,79.8344951949164,79.13849868269764,79.66495513916016,8211000,79.43295403250592
2014-08-18 00:00:00+00:00,80.63757048527876,79.93264902270106,80.28064727783203,4973300,80.0040350257392
2014-08-19 00:00:00+00:00,80.56619085178286,79.98619144479532,80.38772583007812,4153000,80.42341883441907
2014-08-20 00:00:00+00:00,80.35203229158834,80.01295218520389,80.16464233398438,3894500,80.23602833614362
2014-08-21 00:00:00+00:00,80.78033906375569,80.28957558975706,80.64649200439453,4719100,80.36095478803801
2014-08-22 00:00:00+00:00,81.11049233152067,80.41449580847613,80.74464416503906,4756400,80.42341395321174
2014-08-25 00:00:00+00:00,81.32464544614533,80.57511280611358,80.64649200439453,3515400,81.15510538377157
2014-08-26 00:00:00+00:00,80.90527106276443,80.25389239943678,80.32527160644531,4117700,80.85173495557176
2014-08-27 00:00:00+00:00,80.67326624492688,80.28957497515886,80.6375732421875,3739700,80.43234017837216
2014-08-28 00:00:00+00:00,80.74465148908949,80.27173108093129,80.51265716552734,2678400,80.28958098750972
2014-08-29 00:00:00+00:00,80.64649260033401,79.70957679337096,80.2003402709961,4179400,80.59295649929163
2014-09-02 00:00:00+00:00,81.13726027366424,80.44126375154228,81.0212631225586,5602000,80.46803180120173
2014-09-03 00:00:00+00:00,81.34251023602103,80.90527597491742,81.14620208740234,3684000,81.25327430828855
2014-09-04 00:00:00+00:00,81.37820645976741,80.31636822798654,80.43236541748047,5458700,81.08375100832187
2014-09-05 00:00:00+00:00,81.14620208740234,80.3966625024715,81.14620208740234,4597100,80.4323555120154
2014-09-08 00:00:00+00:00,81.05697318697224,80.45021239535883,80.80712890625,4331200,80.98559396944165
2014-09-09 00:00:00+00:00,80.78926909241625,79.8701963322656,79.95050048828125,4797700,80.75357608716106
2014-09-10 00:00:00+00:00,80.14681402666923,79.19204819677566,79.87911987304688,5078600,79.89696978075243
2014-09-11 00:00:00+00:00,80.34310832855441,79.46864681069714,80.28064727783203,4065500,79.59356891214189
2014-09-12 00:00:00+00:00,80.48586740311309,79.63818080669937,80.01294708251953,3870200,80.3966383099764
2014-09-15 00:00:00+00:00,80.63756858759209,79.91479723739224,80.37879943847656,4910000,80.07541233657624
2014-09-16 00:00:00+00:00,80.6911118591605,79.82557523703137,80.54833984375,4324600,80.048651405302
2014-09-17 00:00:00+00:00,80.9944923623429,80.28065270691903,80.60188293457031,4058100,80.82495910334234
2014-09-18 00:00:00+00:00,80.75358135650876,80.22712481206796,80.61080932617188,4343600,80.58404127241998
2014-09-19 00:00:00+00:00,81.33356848930387,80.65541506347459,80.74464416503906,13382900,81.0212632299562
2014-09-22 00:00:00+00:00,80.85173111668574,79.58466004982344,79.67388916015625,5003000,80.74465209963952
2014-09-23 00:00:00+00:00,79.6292591233223,78.72803639558596,78.7994155883789,6155800,79.52218693026103
2014-09-24 00:00:00+00:00,79.98620574841564,78.73697760406586,79.81666564941406,5607000,78.84405663623723
2014-09-25 00:00:00+00:00,79.9504988285579,78.57634878961109,78.58527374267578,7077400,79.64711850180387
2014-09-26 00:00:00+00:00,79.31696780009837,78.44251296716807,79.18312072753906,5786400,78.65666419861601
2014-09-29 00:00:00+00:00,79.45973585662227,77.95173874276325,79.263427734375,5188600,78.62989221750533
2014-09-30 00:00:00+00:00,79.89696420817513,79.00465950199637,79.44188690185547,4824500,79.27234682920322
2014-10-01 00:00:00+00:00,79.62927472099885,77.80897219721801,78.06774139404297,7512500,79.4865094997046
2014-10-02 00:00:00+00:00,78.21944578657319,75.53360630361048,77.4431381225586,11051100,78.07667374400907
2014-10-03 00:00:00+00:00,79.32590345446165,78.12129325441991,78.92436218261719,7549000,78.61205684301315
2014-10-06 00:00:00+00:00,79.57573811128202,78.58527929125023,79.02250671386719,4047800,79.22773980237842
2014-10-07 00:00:00+00:00,78.7548123186497,77.66619952871689,77.7286605834961,6217600,78.52281119757933
2014-10-08 00:00:00+00:00,78.656664686441,77.0326703217536,78.6209716796875,7008000,77.68404897370652
2014-10-09 00:00:00+00:00,78.66558164143225,76.35450904528089,76.47943115234375,8726200,78.54957767934228
2014-10-10 00:00:00+00:00,77.63050373019658,76.20281766682226,76.97911834716797,12675300,76.66681308451486
2014-10-13 00:00:00+00:00,77.08620287025036,74.73944394841303,74.873291015625,9039800,76.66681856993367
2014-10-14 00:00:00+00:00,76.3098920881758,74.86436288531687,75.0785140991211,8607100,75.62282049033776
2014-10-15 00:00:00+00:00,74.7394360928821,70.08160493613298,73.24036407470703,21844400,73.51697632552555
2014-10-16 00:00:00+00:00,73.58837429768717,70.98284604469417,72.9369888305664,13216500,71.32191940109901
2014-10-17 00:00:00+00:00,75.54252499233394,73.77575855474866,74.80191040039062,12381800,73.77575855474866
2014-10-20 00:00:00+00:00,76.39022461794754,75.08746025385783,76.3099136352539,8302100,75.15884628119744
2014-10-21 00:00:00+00:00,78.23727257118472,76.96127663980342,78.11235046386719,9170400,77.02373769346218
2014-10-22 00:00:00+00:00,79.0671238905585,77.61266960899277,77.71974182128906,9314500,78.46928134608777
2014-10-23 00:00:00+00:00,79.08495993852448,78.3086592376144,78.51388549804688,7245300,78.71019361341311
2014-10-24 00:00:00+00:00,79.11174137310324,78.14805062178657,79.06712341308594,4937500,78.44251281931304
2014-10-27 00:00:00+00:00,79.40620762418305,78.73697897885476,78.92436218261719,5644300,78.9422120921636
2014-10-28 00:00:00+00:00,80.27174028419586,79.37051051550894,80.2449722290039,4554400,79.45082148883029
2014-10-29 00:00:00+00:00,80.53049910795819,79.37050027582606,79.8880386352539,5442100,80.16465091354536
2014-10-30 00:00:00+00:00,80.78927566083212,79.33482131909156,80.50373840332031,4445300,79.80774176361938
2014-10-31 00:00:00+00:00,82.07419138034298,80.97665357613478,81.53880310058594,7472200,81.65480707148086
2014-11-03 00:00:00+00:00,81.93141363977608,81.19972409061002,81.83325958251953,5447700,81.41387530292235
2014-11-04 00:00:00+00:00,82.07419686985264,80.12897217216461,80.61973571777344,7928500,82.06527191586115
2014-11-05 00:00:00+00:00,81.73511907221636,79.94158450150759,81.19973754882812,7021000,81.73511907221636
2014-11-06 00:00:00+00:00,82.09203338623047,81.3335757436675,82.09203338623047,9938800,81.4584978585487
2014-11-07 00:00:00+00:00,80.32525428981688,79.10280138748867,80.30741119384766,16176300,79.76310486224764
2014-11-10 00:00:00+00:00,80.68218896266173,79.37049997055946,80.11111450195312,8155700,80.5215738451034
2014-11-11 00:00:00+00:00,80.33419244995781,79.53111684443155,80.28958129882812,5896800,80.31634935105488
2014-11-12 00:00:00+00:00,80.4144935273242,79.7095720717968,80.21818542480469,5262500,80.10218146909195
2014-11-13 00:00:00+00:00,80.94095227312734,80.33418485164727,80.74464416503906,5098800,80.3966459035168
2014-11-14 00:00:00+00:00,81.06587426940966,80.6464900040941,81.0212631225586,4281100,80.91418411617673
2014-11-17 00:00:00+00:00,81.00341956117917,80.35204094264144,80.67327117919922,4148400,80.75357533446636
2014-11-18 00:00:00+00:00,80.92310676152334,80.4234115537317,80.55725860595703,4461600,80.6018765592801
2014-11-19 00:00:00+00:00,80.55727180737486,79.58466289678819,80.14681243896484,7710000,80.5394287077679
2014-11-20 00:00:00+00:00,79.82557804341762,79.1920425201855,79.32588958740234,8604000,79.63819487241189
2014-11-21 00:00:00+00:00,80.1289722359652,79.20097444472194,79.37943267822266,7383500,80.03081816521623
2014-11-24 00:00:00+00:00,80.89634480886843,79.70065300869199,80.82495880126953,6504100,79.70065300869199
2014-11-25 00:00:00+00:00,82.0206586896024,80.94097065762644,81.77973937988281,7404200,80.94097065762644
2014-11-26 00:00:00+00:00,82.34185239550713,81.79754614406399,82.02062225341797,4607200,82.05631524784373
2014-11-28 00:00:00+00:00,82.94863824542135,82.29725967269442,82.54710388183594,3853000,82.56494697916999
2014-12-01 00:00:00+00:00,83.10926053985403,82.18126282011329,82.71664428710938,6714700,82.65418322942224
2014-12-02 00:00:00+00:00,83.70708204115607,82.46677934448684,83.40370178222656,6664200,82.67201237262498
2014-12-03 00:00:00+00:00,83.57327465800483,82.53819777494704,83.08250427246094,5492400,83.46619562631916
2014-12-04 00:00:00+00:00,83.54647632639457,82.6006356392973,83.18955993652344,6017300,83.52863322999852
2014-12-05 00:00:00+00:00,83.85879896859116,83.28771769564659,83.66249084472656,5226800,83.60002978783734
2014-12-08 00:00:00+00:00,84.32280707376616,83.3501980694163,83.69819641113281,6682200,84.06403785417645
2014-12-09 00:00:00+00:00,83.49294322338119,81.8778740357462,82.93079376220703,9519900,83.43940712452957
2014-12-10 00:00:00+00:00,82.83265644425349,81.69050738637107,81.76188659667969,10346100,82.5560373262306
2014-12-11 00:00:00+00:00,83.73182879427158,81.9245370721688,82.90950775146484,8227800,82.31309817392095
2014-12-12 00:00:00+00:00,83.6866464256269,82.18659093895556,82.674560546875,7890900,82.39443252713775
2014-12-15 00:00:00+00:00,83.75894553923862,81.49983065810063,82.14141845703125,6746800,83.16253590136787
2014-12-16 00:00:00+00:00,83.13542416709974,81.44560382437432,81.48175048828125,6549400,81.77995529481007
2014-12-17 00:00:00+00:00,82.8462613388316,81.50886229342663,82.57516479492188,6885900,81.65344895531754
2014-12-18 00:00:00+00:00,83.68663787841797,83.00890353012775,83.68663787841797,9387500,83.30710829800032
2014-12-19 00:00:00+00:00,84.21978711485161,83.02697491603253,83.93965911865234,12837900,83.44265116319838
2014-12-22 00:00:00+00:00,85.26803790350355,84.2378820054773,85.12345123291016,7477500,84.39150017227885
2014-12-23 00:00:00+00:00,85.90962904717657,85.30418785288663,85.56624603271484,5385800,85.37648119096451
2014-12-24 00:00:00+00:00,85.95480667831494,85.27707220452096,85.32225036621094,2165700,85.56623863756886
2014-12-26 00:00:00+00:00,86.1264785820175,85.41259757610192,85.87345886230469,3142400,85.6114007542392
2014-12-29 00:00:00+00:00,86.68673995827295,85.5662211213768,86.29817199707031,3584400,85.6113992738184
2014-12-30 00:00:00+00:00,86.29819114864526,85.39454516803117,85.57527160644531,3490100,86.03613298695457
2014-12-31 00:00:00+00:00,86.31625422007481,84.96982374565714,85.11441040039062,4797000,85.96383286700086
2015-01-02 00:00:00+00:00,86.09937389691672,83.90351424614589,84.716796875,5865400,85.76502935091655
2015-01-05 00:00:00+00:00,84.3553354562817,82.93661180242034,83.47879791259766,7789400,84.29208052499885
2015-01-06 00:00:00+00:00,84.21077623394442,82.37637588540882,83.0360336303711,6793100,83.65051321013263
2015-01-07 00:00:00+00:00,84.17461868866224,83.22578771651146,83.88545227050781,6589500,83.7860506679293
2015-01-08 00:00:00+00:00,85.2138139302364,84.54511097836878,84.7529525756836,7579400,84.82524590468626
2015-01-09 00:00:00+00:00,86.09034836145713,84.93368262518382,85.16863250732422,8621300,84.98790607138336
2015-01-12 00:00:00+00:00,85.62949498918967,84.73488050517679,85.3583984375,6586200,85.56624004636497
2015-01-13 00:00:00+00:00,87.13857780609446,85.57526730473724,86.01805877685547,9364300,86.09938360177227
2015-01-14 00:00:00+00:00,85.66563637270788,84.30112909675655,85.15055847167969,6509300,84.94271687563229
2015-01-15 00:00:00+00:00,85.81021964399883,84.97886701436109,85.25899505615234,5662200,85.49394493644877
2015-01-16 00:00:00+00:00,86.0542106309233,84.92465314382044,86.00902557373047,6117000,84.9427230301345
2015-01-20 00:00:00+00:00,86.1987832718867,84.71680452297319,85.61141204833984,7940600,86.04516512097679
2015-01-21 00:00:00+00:00,85.61139892271603,84.78004646308224,85.09632110595703,7474700,85.27705439779274
2015-01-22 00:00:00+00:00,86.19879144470633,84.95176244583047,85.98191833496094,7014200,85.4668403903957
2015-01-23 00:00:00+00:00,86.32527357283675,85.33126467069505,85.59332275390625,4664700,85.7740491381976
2015-01-26 00:00:00+00:00,85.84635265620537,84.87945190732208,85.81924438476562,5446900,85.34934469890862
2015-01-27 00:00:00+00:00,85.6114079251872,84.36437910460513,84.91560363769531,5390000,84.88849536463692
2015-01-28 00:00:00+00:00,85.36742528705423,83.68664344005172,83.74085998535156,6198400,85.06922049936362
2015-01-29 00:00:00+00:00,84.49090430830806,82.70168212477004,84.23788452148438,7681700,84.13848290605047
2015-01-30 00:00:00+00:00,83.98487049971673,82.07817668263384,82.19564819335938,10212300,83.58726401068786
2015-02-02 00:00:00+00:00,83.1806140703089,81.38235363101701,83.07217407226562,9392000,82.50287959464949
2015-02-03 00:00:00+00:00,85.04211944442817,83.30712090487263,85.0330810546875,12329100,83.52399399874923
2015-02-04 00:00:00+00:00,92.1176650953992,89.29828741025968,91.52125549316406,32640500,89.81336529661226
2015-02-05 00:00:00+00:00,92.93094768764779,90.82545782983432,92.7502212524414,14089500,91.05136932097808
2015-02-06 00:00:00+00:00,93.0664866365425,91.85560447458468,92.18994903564453,8535200,92.77732023262192
2015-02-09 00:00:00+00:00,92.62370654468236,91.67487557358932,91.92790222167969,5461800,91.99115716013448
2015-02-10 00:00:00+00:00,92.34358238495162,91.4308980396366,92.09959411621094,5726300,92.13574078173812
2015-02-11 00:00:00+00:00,92.18994657447247,91.33148577476501,92.05440521240234,5868200,92.18091507984828
2015-02-12 00:00:00+00:00,93.84362124145316,91.90078126237117,93.59963989257812,6816800,92.31646442519217
2015-02-13 00:00:00+00:00,94.34966958676901,93.4640935913899,94.1327896118164,5175600,93.73519011294518
2015-02-17 00:00:00+00:00,94.38580622810912,93.59060036243987,94.08760833740234,4759300,94.18700993239483
2015-02-18 00:00:00+00:00,94.27737579716292,93.43698485760831,93.8526611328125,3760200,93.43698485760831
2015-02-19 00:00:00+00:00,94.05144800541827,93.57251687785268,93.87975311279297,5094100,93.97915469333712
2015-02-20 00:00:00+00:00,94.60267562474363,92.83153078484413,94.47616577148438,5197000,93.85264799879953
2015-02-23 00:00:00+00:00,95.09067456627444,94.37679337679408,94.87379455566406,5587100,94.66595983000252
2015-02-24 00:00:00+00:00,94.9279998225744,94.29544358753118,94.58460998535156,4098800,94.4671385061426
2015-02-25 00:00:00+00:00,95.76838627609958,94.58460557320203,95.39788818359375,6547200,94.59364396172595
2015-02-26 00:00:00+00:00,95.52440840974215,94.10568460546214,94.48521423339844,5049000,95.33464359577401
2015-02-27 00:00:00+00:00,95.00932264611289,93.94302028385516,94.05146026611328,4161600,94.58460800010684
2015-03-02 00:00:00+00:00,95.76839684165894,94.2954495919284,95.68706512451172,5635500,94.2954495919284
2015-03-03 00:00:00+00:00,96.36481085821613,95.07259677603159,96.10275268554688,4671900,95.58767473078923
2015-03-04 00:00:00+00:00,95.78645615887699,94.68400716415381,95.39788818359375,4972300,95.65994629662387
2015-03-05 00:00:00+00:00,95.61477006406739,94.76534760980313,94.90992736816406,3954700,95.37078870558972
2015-03-06 00:00:00+00:00,94.88281545382296,93.51830827261502,93.81651306152344,5704200,94.58461066491452
2015-03-09 00:00:00+00:00,95.26234708987717,93.81651505959454,95.11776733398438,4868900,93.92495504721734
2015-03-10 00:00:00+00:00,94.29545621165713,93.1568603515625,93.1568603515625,6472600,94.22316287895583
2015-03-11 00:00:00+00:00,93.97916742980385,92.95805011178284,92.97611999511719,4831900,93.53638289827074
2015-03-12 00:00:00+00:00,96.98832140236321,93.80748379972792,96.84373474121094,10730400,93.84363046501599
2015-03-13 00:00:00+00:00,96.9431259795177,95.35270734828877,96.18406677246094,8024200,96.9431259795177
2015-03-16 00:00:00+00:00,97.34978055957318,95.8316550982102,97.02446746826172,6407300,96.54552932685718
2015-03-17 00:00:00+00:00,96.87988029579195,95.92201780658998,96.65396881103516,4489400,96.69011547590881
2015-03-18 00:00:00+00:00,97.97328063282818,95.54247800352539,97.56664276123047,5520600,96.59974198509597
2015-03-19 00:00:00+00:00,98.0275150174268,96.81662586770719,97.02446746826172,4885600,97.449175270662
2015-03-20 00:00:00+00:00,98.44319168569412,97.14193931567083,97.98233032226562,8710100,97.44014413284641
2015-03-23 00:00:00+00:00,98.36185885038569,97.62990784768084,97.79256439208984,5667000,98.13594736616604
2015-03-24 00:00:00+00:00,97.63894198410735,96.7624043604353,96.78951263427734,4493500,97.34073718330264
2015-03-25 00:00:00+00:00,97.10578042268753,94.8828125,94.8828125,6964700,97.09674203395844
2015-03-26 00:00:00+00:00,95.62380957889296,94.0695375161609,95.09969329833984,5915800,94.40388898360433
2015-03-27 00:00:00+00:00,96.1931048425729,94.77438103255282,95.31657409667969,5330400,95.06354744942726
2015-03-30 00:00:00+00:00,96.6449259453427,95.8316501533005,95.89490509033203,3831900,95.84068164839711
2015-03-31 00:00:00+00:00,96.07563064512014,94.78341674804688,94.78341674804688,5701600,95.42500450194045
2015-04-01 00:00:00+00:00,95.78646552387833,94.20508519683317,95.28042602539062,6117200,95.27138763598303
2015-04-02 00:00:00+00:00,96.0033263051586,94.75629760331326,95.78645324707031,3651600,95.3255919661463
2015-04-06 00:00:00+00:00,96.30153191297275,94.91895495235347,95.45210266113281,4153500,95.16293628305735
2015-04-07 00:00:00+00:00,96.15696888709824,95.24428454683824,95.27139282226562,4694600,95.6057443058367
2015-04-08 00:00:00+00:00,96.40999836636372,95.02742102605893,96.1117935180664,4277400,95.09067597318817
2015-04-09 00:00:00+00:00,96.6901108766787,95.67802499117214,96.48226928710938,3924400,96.24732631801317
2015-04-10 00:00:00+00:00,96.78047624479795,96.15696525073318,96.64492797851562,3251500,96.44613166814224
2015-04-13 00:00:00+00:00,97.50340472912625,96.21119067401442,96.2473373413086,4201500,96.75337689488352
2015-04-14 00:00:00+00:00,96.96121402597917,95.88587313007098,96.38288116455078,5389300,96.15696967510932
2015-04-15 00:00:00+00:00,97.07867308850484,96.56359523430027,96.67203521728516,4307300,96.61781177865738
2015-04-16 00:00:00+00:00,97.86485349435436,96.59974785851672,97.68412017822266,6379100,96.82565933297805
2015-04-17 00:00:00+00:00,97.4130282484238,95.82260957532239,96.40998077392578,9663500,97.4130282484238
2015-04-20 00:00:00+00:00,98.04558415133245,96.9792816700448,97.79256439208984,8094200,97.44014302824888
2015-04-21 00:00:00+00:00,98.4883699328675,97.21423273132841,97.30459594726562,4579400,98.43415338215947
2015-04-22 00:00:00+00:00,97.81967118186769,96.66300550330868,97.53954315185547,4060500,97.61182958606196
2015-04-23 00:00:00+00:00,99.31066564153805,97.24131612303782,98.49738311767578,5983800,97.55759074502046
2015-04-24 00:00:00+00:00,99.83481674474103,98.6691125350286,98.97634887695312,6355600,98.97634887695312
2015-04-27 00:00:00+00:00,100.90110793417576,99.46430731929946,99.54563903808594,8479100,100.75652127600927
2015-04-28 00:00:00+00:00,100.44023032940832,98.39798892597395,99.32874298095703,7324500,100.07877063674212
2015-04-29 00:00:00+00:00,99.74442508070824,98.73234615484463,99.2293472290039,6024700,99.09380586876904
2015-04-30 00:00:00+00:00,99.5727530933858,97.30459974519391,98.24439239501953,7770300,99.11189171156508
2015-05-01 00:00:00+00:00,100.00648942505097,98.74138379471447,99.87094116210938,6205100,99.35586327834814
2015-05-04 00:00:00+00:00,100.78363297828741,99.85287874106949,100.3318099975586,7566200,100.73845481677746
2015-05-05 00:00:00+00:00,102.38308656303937,99.90709175250376,100.13300323486328,14619300,102.35597139396832
2015-05-06 00:00:00+00:00,101.17219810713111,98.69621017435831,99.14803314208984,8975300,100.81073835409161
2015-05-07 00:00:00+00:00,99.20224604614097,98.24438359592061,98.73235321044922,8291200,99.03958950796476
2015-05-08 00:00:00+00:00,100.03359790352887,99.01248052325147,99.50045013427734,6260600,99.63599839749638
2015-05-11 00:00:00+00:00,99.52756376281492,98.0365465757285,98.13594818115234,6728500,99.52756376281492
2015-05-12 00:00:00+00:00,99.09381570394359,97.29555534461467,98.71427917480469,6345000,98.13594633283368
2015-05-13 00:00:00+00:00,99.2835850642799,98.29860737336304,98.66910552978516,4141400,99.12996000995251
2015-05-14 00:00:00+00:00,99.40105401268467,98.5064464569665,99.33779907226562,4662000,99.12092597572486
2015-05-15 00:00:00+00:00,100.02457867863666,99.11189428155704,99.67215728759766,5852200,99.49142394971106
2015-05-18 00:00:00+00:00,100.06974048470825,99.41008286849946,99.69924926757812,4868900,99.82575913628312
2015-05-19 00:00:00+00:00,100.2956572490301,99.8257644110498,99.90708923339844,4549600,100.02456761359686
2015-05-20 00:00:00+00:00,100.13299638135682,99.4191153186491,99.58177185058594,4393500,100.10588810841249
2015-05-21 00:00:00+00:00,99.97938285183315,99.31068680935762,99.75347137451172,4880600,99.43719668511594
2015-05-22 00:00:00+00:00,100.21434210085414,99.50949932870626,99.6360092163086,4267700,99.67215588337667
2015-05-26 00:00:00+00:00,100.16916452213073,98.28054756315358,98.89502716064453,5970800,99.55468492463976
2015-05-27 00:00:00+00:00,99.95226277168916,98.76848897651408,99.73538970947266,3984200,98.95825376773732
2015-05-28 00:00:00+00:00,99.88902038418505,99.03959101695926,99.8799819946289,3392000,99.50045236452551
2015-05-29 00:00:00+00:00,99.870931064439,98.8678905663363,99.73538970947266,5264900,99.69924305005819
2015-06-01 00:00:00+00:00,101.0004980223352,99.89805582848129,100.26854705810547,6778900,100.73844678137397
2015-06-02 00:00:00+00:00,100.53061173139791,99.41912418169717,100.07878875732422,4425900,100.23240691388412
2015-06-03 00:00:00+00:00,101.04567652778115,99.8528643068547,100.45830535888672,4510300,100.07877576456252
2015-06-04 00:00:00+00:00,100.53061823617534,99.3920223374414,99.67215728759766,5748200,100.25952167648138
2015-06-05 00:00:00+00:00,100.09686511951939,99.22033428428901,99.67215728759766,4323500,99.67215728759766
2015-06-08 00:00:00+00:00,99.61793668107636,98.68718237079072,98.75947570800781,6068100,99.42817184158558
2015-06-09 00:00:00+00:00,98.86789555677387,97.27747693361104,98.06364440917969,7711800,98.81367211778002
2015-06-10 00:00:00+00:00,99.62695822282271,98.25341951935235,99.40104675292969,5128700,98.40703766425457
2015-06-11 00:00:00+00:00,100.26856294092674,99.41010196774312,99.9613265991211,5036300,99.41010196774312
2015-06-12 00:00:00+00:00,99.87996642393676,98.98535903693669,99.35585021972656,4009900,99.69924002661539
2015-06-15 00:00:00+00:00,99.77155467994125,98.43415561323447,99.56371307373047,5742200,98.74139193323902
2015-06-16 00:00:00+00:00,100.56675883879528,99.3106915168896,100.35891723632812,3848300,99.7173294376352
2015-06-17 00:00:00+00:00,101.15411944263826,100.19625014607729,100.74747467041016,4732300,100.48541654455758
2015-06-18 00:00:00+00:00,102.6089958204986,100.82881227502247,102.310791015625,6929900,101.05472375248348
2015-06-19 00:00:00+00:00,102.54573646439181,101.56979726918357,101.76860046386719,9587700,101.95836526944588
2015-06-22 00:00:00+00:00,103.44034885980079,102.35596962663581,102.5909194946289,5906200,102.47344800776796
2015-06-23 00:00:00+00:00,103.48552599342851,102.76261340608683,103.3861312866211,6003100,102.9523782187992
2015-06-24 00:00:00+00:00,103.52167376337223,102.75357611486868,102.80779266357422,5636200,103.28673078946747
2015-06-25 00:00:00+00:00,104.17229948906964,103.36805518003693,103.42227172851562,6213500,103.57589677299053
2015-06-26 00:00:00+00:00,104.08193510061025,103.38613079066944,103.91024017333984,9509600,103.89217028880822
2015-06-29 00:00:00+00:00,104.09097485777441,102.11198810340883,102.15717315673828,7618200,103.16022067106567
2015-06-30 00:00:00+00:00,103.79276940548417,102.60899547375554,103.14214324951172,6946700,102.95237843639828
2015-07-01 00:00:00+00:00,104.75090112409154,103.9237974049403,104.64183044433594,5435400,104.4782278918867
2015-07-02 00:00:00+00:00,105.13264250721801,104.02378148685891,104.49641418457031,5549500,104.86906022087292
2015-07-06 00:00:00+00:00,105.30530913376305,103.86015240653346,105.15988159179688,5880500,104.04193683399117
2015-07-07 00:00:00+00:00,106.51415488872206,104.39641301011726,106.4323501586914,8359900,105.81429694322121
2015-07-08 00:00:00+00:00,106.05063436952781,104.62365919674245,104.69637298583984,8445200,105.88703181124299
2015-07-09 00:00:00+00:00,106.53233204997939,104.98720244679966,105.06900024414062,7016800,106.18695201503861
2015-07-10 00:00:00+00:00,106.73229952418497,105.13263100098666,105.83248901367188,7020700,106.38691946317182
2015-07-13 00:00:00+00:00,107.53213153485169,106.56869818814002,107.29582214355469,7595200,107.0231489266822
2015-07-14 00:00:00+00:00,107.37760352142547,106.97768471368998,107.11402130126953,5061700,107.27762381949161
2015-07-15 00:00:00+00:00,108.06838790475999,107.11403857219209,107.5230484008789,4845200,107.28673207326216
2015-07-16 00:00:00+00:00,108.29562180876442,107.74119130472955,108.22290802001953,6303000,108.15928518845989
2015-07-17 00:00:00+00:00,108.06840035272687,107.27765347367712,108.03204345703125,5109900,107.87753185110151
2015-07-20 00:00:00+00:00,108.97728770736556,108.05929528047402,108.68643951416016,6951000,108.42285725557277
2015-07-21 00:00:00+00:00,108.88640678443913,108.00477118503726,108.4410400390625,4785200,108.85004989087562
2015-07-22 00:00:00+00:00,108.79549470713992,108.09564368089913,108.4592056274414,4714100,108.41375778373586
2015-07-23 00:00:00+00:00,108.76824846737144,107.7684581341417,107.97750854492188,3347200,108.4319593267871
2015-07-24 00:00:00+00:00,108.88639056384166,107.77752974562905,108.07746887207031,4320900,108.47738077295794
2015-07-27 00:00:00+00:00,107.9774756911703,107.05039249499768,107.47757720947266,5179300,107.82295720223053
2015-07-28 00:00:00+00:00,108.06838351662361,107.13221613500687,107.66846466064453,6447300,107.86842408863407
2015-07-29 00:00:00+00:00,108.94092666294065,107.62302235461799,108.92274475097656,6083500,108.02293427104846
2015-07-30 00:00:00+00:00,109.3862842725851,108.16835970092633,109.0954360961914,4430100,108.8045879197977
2015-07-31 00:00:00+00:00,109.72259411181828,108.7046218990557,109.06818389892578,5767300,109.17725457919732
2015-08-03 00:00:00+00:00,110.64057391967273,109.22268297613437,110.08614349365234,8426900,109.86800215811255
2015-08-04 00:00:00+00:00,110.95868853318841,109.62260231804295,110.60421752929688,12624400,110.43152403814084
2015-08-05 00:00:00+00:00,103.56930990359702,99.52470151969423,100.46086883544922,61011200,100.73354202431857
2015-08-06 00:00:00+00:00,100.34272117352322,94.7438849293948,98.6612548828125,57175200,100.34272117352322
2015-08-07 00:00:00+00:00,99.57925044917967,97.85234307161474,99.38838195800781,15791600,98.84304242117844
2015-08-10 00:00:00+00:00,100.88807678222656,99.74285883388613,100.88807678222656,11617000,99.9791751895939
2015-08-11 00:00:00+00:00,100.42451667537131,98.11590621986802,98.1613540649414,13574000,100.2881800745187
2015-08-12 00:00:00+00:00,97.65237223244588,95.89819218844836,97.24336242675781,16923500,97.25245338271559
2015-08-13 00:00:00+00:00,98.62488444064118,97.02521617150698,97.72506713867188,9754500,97.44330994770984
2015-08-14 00:00:00+00:00,97.86141529069222,96.81617725945925,97.39788055419922,7104500,97.80688342389718
2015-08-17 00:00:00+00:00,99.3247432053956,97.10702158551645,99.1156997680664,7954000,97.5251223289095
2015-08-18 00:00:00+00:00,98.3885958604079,97.07069134549405,97.19793701171875,12021500,98.19772736107086
2015-08-19 00:00:00+00:00,97.93413821954798,96.13451016912474,96.7525634765625,9484400,96.870725111482
2015-08-20 00:00:00+00:00,95.43464971794809,90.67200818793246,90.90831756591797,34651300,94.83477144836742
2015-08-21 00:00:00+00:00,91.46275761473684,87.80897654932645,89.83582305908203,30875700,88.61789834873467
2015-08-24 00:00:00+00:00,90.89015416081222,81.80113874473099,86.6728515625,30159200,84.87322345899379
2015-08-25 00:00:00+00:00,90.97193945000991,87.00004469785553,87.15455627441406,19079400,90.64474131968434
2015-08-26 00:00:00+00:00,90.4265940891393,87.49084658853359,90.1902847290039,13755900,89.69947716397594
2015-08-27 00:00:00+00:00,93.27146707879122,90.69018341626378,92.86245727539062,17532200,92.11715838147724
2015-08-28 00:00:00+00:00,93.92587496196816,92.5352568167311,93.14422607421875,11005200,92.88064381472635
2015-08-31 00:00:00+00:00,93.12604912962773,91.71725593088198,92.59888458251953,8518200,92.98062849195172
2015-09-01 00:00:00+00:00,92.10807047061753,90.12667194819413,90.44478607177734,14212600,90.26300161946706
2015-09-02 00:00:00+00:00,92.6534190391284,90.48114505787517,92.60797119140625,12148200,91.72633564679332
2015-09-03 00:00:00+00:00,93.64412624865462,92.2171510824469,92.69886779785156,8953300,92.88973629257595
2015-09-04 00:00:00+00:00,92.54435447246546,91.21735905694905,91.77178955078125,9213800,91.76269859376329
2015-09-08 00:00:00+00:00,94.66209673501166,93.18058278748667,94.53485107421875,8571500,93.57141072688444
2015-09-09 00:00:00+00:00,95.38922211617978,92.41711687392377,92.62616729736328,9577500,95.20744456617336
2015-09-10 00:00:00+00:00,93.81682502076546,92.0990015376125,93.25330352783203,9026100,92.57162732231518
2015-09-11 00:00:00+00:00,94.98020348167057,92.88972732985795,94.96202850341797,9529800,93.02606393704013
2015-09-14 00:00:00+00:00,95.34376736978278,93.60776220117788,94.36215209960938,6959800,95.11654199804087
2015-09-15 00:00:00+00:00,94.34397885301743,92.55344178132043,94.00768280029297,9171400,93.84408025226054
2015-09-16 00:00:00+00:00,94.58937485715427,93.38962520488953,94.48939514160156,6509700,93.90769876076821
2015-09-17 00:00:00+00:00,96.29812019379125,94.29853947977486,94.7075424194336,7792600,94.7075424194336
2015-09-18 00:00:00+00:00,94.71662548198788,93.06242501191338,93.47142791748047,13559400,93.79863301568142
2015-09-21 00:00:00+00:00,94.37124655695878,93.12604897724792,93.98950958251953,7152300,94.2349099419824
2015-09-22 00:00:00+00:00,93.38963666319799,92.23533471614735,93.1533203125,8330100,92.871563043755
2015-09-23 00:00:00+00:00,93.28055676671678,92.14442991220191,92.31712341308594,5818000,93.10787020020076
2015-09-24 00:00:00+00:00,92.09900125290424,90.19939329353106,91.45368194580078,10706800,91.79906205915549
2015-09-25 00:00:00+00:00,92.52617883765231,90.50841632479514,91.16282653808594,7179800,92.26259656094527
2015-09-28 00:00:00+00:00,91.24462208147638,89.34502125308785,89.51770782470703,8238300,90.79926228296847
2015-09-29 00:00:00+00:00,90.94466474050543,88.86327986543456,90.36296844482422,9466900,89.53587184148901
2015-09-30 00:00:00+00:00,93.0987827610906,91.34460255407053,92.88973236083984,9190000,91.59909386959788
2015-10-01 00:00:00+00:00,94.04404909822057,91.87177484198095,93.31692504882812,7503700,93.58959830094251
2015-10-02 00:00:00+00:00,93.62595039313756,90.78108411014377,93.61685943603516,9105600,91.98992483312935
2015-10-05 00:00:00+00:00,94.70754134946243,93.26239117358413,94.3894271850586,7144600,94.25309056192305
2015-10-06 00:00:00+00:00,94.98929588624218,93.8077211851387,94.31670379638672,5660600,94.69844768919074
2015-10-07 00:00:00+00:00,95.06200779880434,93.30783450096777,93.97132873535156,6947200,94.971119032578
2015-10-08 00:00:00+00:00,95.33467624292071,93.34417977102088,95.08018493652344,7499100,93.79863051369259
2015-10-09 00:00:00+00:00,96.38901606230863,95.13472743441902,95.94364929199219,7341800,95.51646443665986
2015-10-12 00:00:00+00:00,96.97979629662133,95.9981878554389,96.66168212890625,5179000,96.26177014707962
2015-10-13 00:00:00+00:00,97.6069304845117,95.71641372051792,96.87980651855469,8342700,96.1072416387054
2015-10-14 00:00:00+00:00,97.11611733394844,95.64370144131452,96.09815216064453,5563600,96.79800321729097
2015-10-15 00:00:00+00:00,98.1613734692241,96.57988661606547,98.06139373779297,6739200,96.79802105992933
2015-10-16 00:00:00+00:00,98.61581003850434,97.67055167237055,98.3794937133789,5908900,98.40675964813032
2015-10-19 00:00:00+00:00,99.95191021230677,98.10684107102195,99.4974594116211,8001900,98.38859834844902
2015-10-20 00:00:00+00:00,100.46086915133708,99.44290403634076,99.83372497558594,9674400,99.5701496757153
2015-10-21 00:00:00+00:00,101.39706058667325,99.98826726299207,100.06097412109375,8769800,100.58813871495227
2015-10-22 00:00:00+00:00,103.02399424123054,100.33364635646738,102.93310546875,10028900,100.58813769316042
2015-10-23 00:00:00+00:00,103.80563848741126,101.66063041323179,102.78766632080078,7928400,103.80563848741126
2015-10-26 00:00:00+00:00,103.23302848749853,101.90603320092266,103.1784896850586,5729600,102.76948680578172
2015-10-27 00:00:00+00:00,103.86017433482077,102.93309782933426,103.40572357177734,5857600,102.96945472250194
2015-10-28 00:00:00+00:00,104.03286064998822,102.57861969568252,103.92378997802734,6452900,103.58750087462506
2015-10-29 00:00:00+00:00,104.88723316680326,103.79654721990933,104.56002807617188,6125100,103.92379287355841
2015-10-30 00:00:00+00:00,104.74180838481021,103.31483328720664,103.37845611572266,8501600,104.52367396337931
2015-11-02 00:00:00+00:00,104.80542842696138,103.62386065245302,104.56002807617188,6949500,104.06012948371615
2015-11-03 00:00:00+00:00,105.79613643890956,104.10557908693684,105.01448059082031,7132100,104.49640701098147
2015-11-04 00:00:00+00:00,106.18697483788263,100.71538336150694,102.93310546875,20740800,106.01428131611142
2015-11-05 00:00:00+00:00,103.55116565591157,101.43342313910443,102.70588684082031,14843700,102.94220321234296
2015-11-06 00:00:00+00:00,106.11423692729906,104.13283162635682,105.13262176513672,16803400,104.16009755846679
2015-11-09 00:00:00+00:00,106.09607233942036,104.68727227794199,105.8143081665039,9317500,105.34168245012889
2015-11-10 00:00:00+00:00,106.80502557247436,104.98722243008902,106.72322082519531,8240500,105.58709386120447
2015-11-11 00:00:00+00:00,106.86863742540584,105.82339933904822,105.90519714355469,6381700,106.84137149057034
2015-11-12 00:00:00+00:00,106.33238567153843,104.5236736089715,105.62344360351562,7223000,105.0690131278838
2015-11-13 00:00:00+00:00,105.81430849337004,103.96014864456885,104.37824249267578,8078100,105.35985775398841
2015-11-16 00:00:00+00:00,105.505290853978,103.01489567877364,105.35986328125,5770200,103.13305731520721
2015-11-17 00:00:00+00:00,106.84137323391082,104.9872133567953,105.55072784423828,6434400,105.53255286550737
2015-11-18 00:00:00+00:00,107.50486253073369,105.47801617794887,107.37761688232422,6744600,105.63252776039353
2015-11-19 00:00:00+00:00,108.30470073344193,106.92316663824971,107.89569091796875,6101000,107.37761736586361
2015-11-20 00:00:00+00:00,109.29539268951885,108.06837719380728,109.13179016113281,10821700,108.25924565452976
2015-11-23 00:00:00+00:00,109.65897523073805,108.15928626125034,108.54102325439453,6986400,109.34086106978457
2015-11-24 00:00:00+00:00,107.76845461398254,106.5959708029442,107.2049331665039,9158200,107.15949225042284
2015-11-25 00:00:00+00:00,108.46830685220284,107.38671873101372,107.85934448242188,4751500,107.51396439233008
2015-11-27 00:00:00+00:00,105.88702803433115,103.34210098164709,104.64183044433594,14912000,105.43257727023531
2015-11-30 00:00:00+00:00,105.05083163236442,102.98762145021188,103.13304901123047,16560300,105.03264972005321
2015-12-01 00:00:00+00:00,104.94176613803887,103.30574760208695,104.87814331054688,8896100,103.75110739453092
2015-12-02 00:00:00+00:00,104.9508629981837,103.46026501220881,103.61477661132812,7787800,104.87814920999747
2015-12-03 00:00:00+00:00,104.20555329709967,101.28798045602863,101.69698333740234,10446600,103.7692775471823
2015-12-04 00:00:00+00:00,103.89653909403388,102.2786953646107,103.83291625976562,8771300,102.46956386741546
2015-12-07 00:00:00+00:00,104.12374501138409,102.38774689579897,103.46025085449219,6738500,104.12374501138409
2015-12-08 00:00:00+00:00,103.11488219285252,102.16053968785079,102.2332534790039,7480600,103.02399342109553
2015-12-09 00:00:00+00:00,102.76039657103112,100.50632483956569,101.31524658203125,9050700,102.1514342587243
2015-12-10 00:00:00+00:00,102.06532305075615,100.77555358567008,101.31524658203125,7030200,101.67198984283829
2015-12-11 00:00:00+00:00,101.31525499341639,98.44301020553605,98.82719421386719,12334900,101.31525499341639
2015-12-14 00:00:00+00:00,100.501136869747,99.04671616942043,100.02547454833984,9702600,99.41260865231395
2015-12-15 00:00:00+00:00,103.68439999268244,102.06533477525059,102.59587860107422,13361700,102.49525797966561
2015-12-16 00:00:00+00:00,104.96501375523704,102.26656957005055,104.08687591552734,12304500,104.91013232113617
2015-12-17 00:00:00+00:00,104.71803494984691,102.43121559539271,102.45865631103516,9375000,104.39787465716826
2015-12-18 00:00:00+00:00,102.85199345701041,98.19602544409454,98.53447723388672,28376900,102.45866023383213
2015-12-21 00:00:00+00:00,100.71152809497137,96.34827961550825,97.5008316040039,22847200,99.52238615748581
2015-12-22 00:00:00+00:00,98.05881256518451,96.80564000701392,97.6380386352539,8644500,97.86672057405221
2015-12-23 00:00:00+00:00,98.09539761632563,95.40610289589317,96.55865478515625,12372900,98.06795690165059
2015-12-24 00:00:00+00:00,97.54655529259546,96.10128394171866,96.83306884765625,4356100,96.22934525343503
2015-12-28 00:00:00+00:00,98.97353411468163,97.26299778616603,98.10454559326172,9092700,97.41849981988227
2015-12-29 00:00:00+00:00,98.82719641942055,97.37277552853766,97.94905853271484,8607200,98.68083661555981
2015-12-30 00:00:00+00:00,98.06796380803816,97.18982598250162,97.27214813232422,4917000,97.77525119952598
2015-12-31 00:00:00+00:00,97.24469423116233,96.10128466874599,96.11958312988281,6670100,97.08919220559005
2016-01-04 00:00:00+00:00,94.61029414122432,93.05525971370987,94.19866943359375,12531500,94.32673076391522
2016-01-05 00:00:00+00:00,93.91510089053342,91.37215874103023,92.29603576660156,16212900,93.91510089053342
2016-01-06 00:00:00+00:00,92.80828509698208,90.887358043482,91.80208587646484,13934500,90.90564952946106
2016-01-07 00:00:00+00:00,92.7076563233739,90.11897510879125,91.01541137695312,14680200,90.52145755312748
2016-01-08 00:00:00+00:00,92.31432155128192,90.55804597100322,90.78672790527344,10691600,92.04904967007023
2016-01-11 00:00:00+00:00,91.88441710952496,90.1464396382058,91.39961242675781,9583200,91.66488436198931
2016-01-12 00:00:00+00:00,93.16502422542159,91.78378330534348,92.80828094482422,8863900,92.36006628078479
2016-01-13 00:00:00+00:00,93.19245063459954,89.75307968926005,90.08238220214844,11615400,93.19245063459954
2016-01-14 00:00:00+00:00,91.39043813294326,88.90237793706046,90.65865325927734,11147500,90.23787939950566
2016-01-15 00:00:00+00:00,88.61881360873895,85.49044667161766,85.89292907714844,22337000,87.46626177642158
2016-01-19 00:00:00+00:00,86.96316937253376,85.09712387230655,85.95697021484375,13286800,86.89913870737583
2016-01-20 00:00:00+00:00,85.65510197559499,82.7096776407102,84.6489028930664,16918100,84.31960036004708
2016-01-21 00:00:00+00:00,86.77108344954596,84.42938241266938,86.0027084350586,12078200,84.95077700224955
2016-01-22 00:00:00+00:00,89.11277848191826,87.40224200304036,88.63712310791016,12303800,87.76812753128392
2016-01-25 00:00:00+00:00,88.43587680322017,87.00890378429544,87.1644058227539,7812200,88.19804564045981
2016-01-26 00:00:00+00:00,88.20718893870365,86.98145023967982,88.06082916259766,6915600,87.34734270112655
2016-01-27 00:00:00+00:00,88.39015703353661,85.86551298091248,86.27713775634766,6328900,88.09744437618221
2016-01-28 00:00:00+00:00,87.08208287108357,84.49340852766274,85.55448913574219,7312700,87.08208287108357
2016-01-29 00:00:00+00:00,87.64920806884766,85.6459521695631,87.64920806884766,8211600,86.17649591129066
2016-02-01 00:00:00+00:00,87.54859174013124,86.62471476251828,87.03634643554688,7027200,86.97231577247383
2016-02-02 00:00:00+00:00,86.13991094344784,84.95076905020534,85.17945098876953,7244400,85.98440890014072
2016-02-03 00:00:00+00:00,87.27417154454358,84.53913074888789,87.02719116210938,10878000,86.07587353477066
2016-02-04 00:00:00+00:00,88.48162948522265,86.5332546655993,87.29248046875,8350300,86.78023509738075
2016-02-05 00:00:00+00:00,87.25587134294369,85.49959590233016,85.89292907714844,8898500,87.19184068559272
2016-02-08 00:00:00+00:00,85.03308500987455,81.87727727888367,84.26471710205078,13750100,84.6671925390363
2016-02-09 00:00:00+00:00,85.25262023018715,81.44735656549973,84.44766235351562,19237400,82.46270488726127
2016-02-10 00:00:00+00:00,82.35293086877395,78.89526139886088,81.27355194091797,32649800,80.49603481854793
2016-02-11 00:00:00+00:00,83.29510801833251,79.5447255789176,82.60906219482422,17523800,79.581315526963
2016-02-12 00:00:00+00:00,83.77989389900718,81.96873723773014,83.3774185180664,10786100,83.71586324893813
2016-02-16 00:00:00+00:00,85.35325127025537,83.96286804444804,84.98736572265625,9050900,84.58488324571384
2016-02-17 00:00:00+00:00,88.21633731814696,85.5819172042066,87.35649108886719,12610000,85.68253780460395
2016-02-18 00:00:00+00:00,88.22548444116117,86.39602902938951,87.05463409423828,8773900,88.12486383520825
2016-02-19 00:00:00+00:00,87.55775061149801,86.4966629593864,86.90829467773438,6838200,87.10953592063966
2016-02-22 00:00:00+00:00,88.72859686516365,86.90829049179311,88.1523208618164,6980400,86.90829049179311
2016-02-23 00:00:00+00:00,88.5639526224129,87.03635874531959,87.24674224853516,6253800,88.27123998142005
2016-02-24 00:00:00+00:00,87.58519310650668,85.28008195652528,87.29248046875,6945600,86.57899385039433
2016-02-25 00:00:00+00:00,87.76813517839275,86.30457200144308,87.49372100830078,4562300,87.74069445926554
2016-02-26 00:00:00+00:00,88.01510672741409,87.1552603944814,87.18270111083984,5277000,87.54859361286348
2016-02-29 00:00:00+00:00,88.07913830130911,87.10952909293104,87.37479400634766,7794400,87.1827020110361
2016-03-01 00:00:00+00:00,89.3323151250943,87.38394055746953,89.32316589355469,7139900,87.7223923362466
2016-03-02 00:00:00+00:00,89.48781762780747,88.18890589525078,88.72859191894531,6498600,89.34145783769571
2016-03-03 00:00:00+00:00,90.41169358516824,88.62797714335672,90.39340209960938,8581300,89.45123356989255
2016-03-04 00:00:00+00:00,90.75012947969238,89.55183848929289,90.08238220214844,6739800,90.5580375103105
2016-03-07 00:00:00+00:00,91.20749988295496,90.0823886984637,90.91478729248047,7218700,90.16471084321341
2016-03-08 00:00:00+00:00,90.53977119230628,89.27744221578016,89.47868347167969,6229300,90.49403200548544
2016-03-09 00:00:00+00:00,89.86285799225139,88.55479694637184,89.33232116699219,7010700,89.64332527218485
2016-03-10 00:00:00+00:00,90.02750428908583,87.69495269291646,88.76518249511719,5453500,89.58843887327889
2016-03-11 00:00:00+00:00,89.96348235909461,89.22255503622706,89.58844757080078,5605800,89.24999575502666
2016-03-14 00:00:00+00:00,90.7592962148968,89.49696734575495,90.3842544555664,6175000,89.58844571161471
2016-03-15 00:00:00+00:00,89.94519076842363,89.08534435999645,89.86286163330078,5942400,89.66162039057787
2016-03-16 00:00:00+00:00,90.63123211858714,89.15851980196196,90.04580688476562,6079400,89.78968421732111
2016-03-17 00:00:00+00:00,91.39046583515788,89.89945492440249,91.10689544677734,6385600,89.89945492440249
2016-03-18 00:00:00+00:00,91.6099852317527,90.52145697991033,90.7409896850586,10205100,91.45448318972348
2016-03-21 00:00:00+00:00,90.66782589630678,89.36890706127818,90.06410217285156,7070300,90.48487614125085
2016-03-22 00:00:00+00:00,89.93603662966494,89.13107868150529,89.25914001464844,6475700,89.2682822678592
2016-03-23 00:00:00+00:00,89.50610883279343,88.49990970478191,88.57308959960938,5517700,89.38719673781297
2016-03-24 00:00:00+00:00,89.17682118005611,88.08829972266257,88.92984771728516,5577700,88.3169816980809
2016-03-28 00:00:00+00:00,90.06409111444414,89.14021415660258,89.72563934326172,5317100,89.18595333445543
2016-03-29 00:00:00+00:00,89.981772473547,89.05789547972182,89.78968048095703,5170800,89.64332068918239
2016-03-30 00:00:00+00:00,90.64037520187304,89.96347857759689,90.4757308959961,5677500,90.46658166384093
2016-03-31 00:00:00+00:00,91.81122996375295,90.5671996223063,90.84161376953125,7038800,90.5671996223063
2016-04-01 00:00:00+00:00,90.86905901397903,90.17387088998235,90.62208557128906,5895500,90.37511212859908
2016-04-04 00:00:00+00:00,90.96053013041852,90.17386370333195,90.26533508300781,5334700,90.83246880310851
2016-04-05 00:00:00+00:00,89.28657640581326,87.95107472572865,88.72859191894531,10818800,88.59138136042029
2016-04-06 00:00:00+00:00,89.304874793926,88.57309672325351,89.16767120361328,6952400,88.6920088277977
2016-04-07 00:00:00+00:00,89.11277996128379,87.74068827113494,87.9602279663086,7525400,88.82921657854185
2016-04-08 00:00:00+00:00,88.58222778521876,87.6309171114154,88.19804382324219,6982700,88.39013580423048
2016-04-11 00:00:00+00:00,89.3140085749368,87.99679850525585,88.06082916259766,5916600,88.66455277080752
2016-04-12 00:00:00+00:00,89.21339547421339,87.87789380964556,89.04874420166016,6277200,88.06998579782119
2016-04-13 00:00:00+00:00,91.29897858538548,89.60673356781976,90.99712371826172,7967400,89.67076423403621
2016-04-14 00:00:00+00:00,91.35386431505161,89.88115205651269,90.21959686279297,6676200,91.28068441900544
2016-04-15 00:00:00+00:00,90.4574350580836,89.8079791325969,90.18301391601562,6146800,90.10069176068696
2016-04-18 00:00:00+00:00,93.25648475353158,91.01540471538367,92.82656860351562,10665200,91.10687608817817
2016-04-19 00:00:00+00:00,94.80240033724141,93.23821644359808,93.8876724243164,10639800,93.30224711835002
2016-04-20 00:00:00+00:00,94.65602718450276,93.26563714713153,94.46392822265625,7712000,94.23524629350612
2016-04-21 00:00:00+00:00,95.24147110145252,93.8968199769087,94.13465118408203,6824800,94.54627594600278
2016-04-22 00:00:00+00:00,95.12254403238882,94.1529347765674,94.92130279541016,5731300,94.27184688077324
2016-04-25 00:00:00+00:00,95.69882298185735,94.53711479159053,95.65308380126953,6117100,94.67432535453484
2016-04-26 00:00:00+00:00,96.56782365880187,95.29635244223054,95.94580841064453,6452900,95.6622449962325
2016-04-27 00:00:00+00:00,96.59524861039597,95.82688065336185,96.30253601074219,5996100,96.2202138634109
2016-04-28 00:00:00+00:00,96.49462795318696,94.9487428083367,95.15912628173828,5658300,95.62563938617916
2016-04-29 00:00:00+00:00,95.32379216700909,93.66813692649491,94.45480346679688,7006900,95.0859609625685
2016-05-02 00:00:00+00:00,95.65309054529409,94.03402532909253,95.46099853515625,5285700,94.4913892519406
2016-05-03 00:00:00+00:00,95.12252715128477,94.39074921256085,94.93043518066406,6243300,95.02190655065228
2016-05-04 00:00:00+00:00,95.5707529061628,94.3998955911469,94.82981872558594,6445100,94.5005161961781
2016-05-05 00:00:00+00:00,96.16533413165843,94.62859110008506,95.98239135742188,6466000,95.11340271156898
2016-05-06 00:00:00+00:00,96.72330224024,95.48842127679885,96.54035949707031,7407500,95.59819110999165
2016-05-09 00:00:00+00:00,97.58316074037553,96.01897705975462,96.357421875,8130300,96.97029479709737
2016-05-10 00:00:00+00:00,97.6471898098198,96.45804091287985,97.50997924804688,15177200,96.53122080966796
2016-05-11 00:00:00+00:00,93.75959687798228,92.03991117444879,93.5675048828125,27068100,92.80827915512788
2016-05-12 00:00:00+00:00,94.0797535582231,92.5064206135045,93.0369644165039,11251700,93.75960022152323
2016-05-13 00:00:00+00:00,93.33881530449695,91.8020724900186,91.94842529296875,9570200,93.03695348871298
2016-05-16 00:00:00+00:00,92.08564927146728,90.89650727588129,91.80208587646484,9113000,91.84782505964179
2016-05-17 00:00:00+00:00,92.65279670512687,91.06117199506649,91.41791534423828,8694400,92.19543272118143
2016-05-18 00:00:00+00:00,91.26238170850814,89.9726192501063,90.55804443359375,9323100,91.09773043947614
2016-05-19 00:00:00+00:00,90.20130671664775,89.19510755694887,90.01836395263672,7063500,90.173865999928
2016-05-20 00:00:00+00:00,91.40874070417838,90.34765320651167,91.27153015136719,7297000,90.5580436513313
2016-05-23 00:00:00+00:00,91.77464809309755,90.66782821724985,90.72270965576172,5588600,91.10689368298428
2016-05-24 00:00:00+00:00,91.50937894483037,90.90565518765108,91.02457427978516,5250800,90.96968586079252
2016-05-25 00:00:00+00:00,92.20456530083908,91.29897975144416,91.34471893310547,5667300,91.3996003680436
2016-05-26 00:00:00+00:00,91.92098822303727,91.07944038095768,91.2989730834961,3852600,91.37215297728183
2016-05-27 00:00:00+00:00,91.9575850872163,91.29897995124028,91.73805236816406,4589100,91.29897995124028
2016-05-31 00:00:00+00:00,91.37216622893044,90.16472572162661,90.7593002319336,10396200,91.33557627673095
2016-06-01 00:00:00+00:00,90.54889592750368,89.39634401386766,90.11897277832031,7243900,90.25618333341566
2016-06-02 00:00:00+00:00,90.30191040039062,89.52439333088662,90.30191040039062,4830100,89.70733606059893
2016-06-03 00:00:00+00:00,90.48487063953652,89.39634932312183,90.3293685913086,6857500,90.2470464406535
2016-06-06 00:00:00+00:00,90.66783026199262,90.07325574236613,90.35681915283203,4986600,90.52147045090061
2016-06-07 00:00:00+00:00,90.59463482316494,89.93602974381456,89.96347045898438,5608400,90.55804487666562
2016-06-08 00:00:00+00:00,90.39338758520748,89.36889008793023,89.67990112304688,5466200,90.09152578081084
2016-06-09 00:00:00+00:00,89.5792849945367,88.82005931968388,89.49695587158203,5379400,89.47866438804688
2016-06-10 00:00:00+00:00,89.37804068184322,88.5273436611804,89.03958892822266,7204400,88.86579541480094
2016-06-13 00:00:00+00:00,90.53975419618602,88.4541691001315,89.24998474121094,8766300,88.49990827836616
2016-06-14 00:00:00+00:00,90.1464192324072,88.89323974870824,90.00920867919922,6125700,88.91153123235394
2016-06-15 00:00:00+00:00,90.55805898010512,89.81713163985387,89.89030456542969,6663200,89.81713163985387
2016-06-16 00:00:00+00:00,90.21958767947159,88.6005227724616,89.99090576171875,7129700,89.46036901643409
2016-06-17 00:00:00+00:00,90.68610575630545,89.89029012618097,90.55804443359375,8959400,90.01835842771135
2016-06-20 00:00:00+00:00,92.35090820678023,91.01540659569856,91.07943725585938,8268600,91.54595033921306
2016-06-21 00:00:00+00:00,91.28068919383027,90.34766291748319,90.39340209960938,5202500,91.22580775833433
2016-06-22 00:00:00+00:00,91.12518490772675,90.28363003743465,90.36595916748047,4948900,90.63123106390938
2016-06-23 00:00:00+00:00,91.12518196071765,90.20130496907731,90.57633972167969,5826100,90.96053068477006
2016-06-24 00:00:00+00:00,88.9847200342829,87.02720308371804,87.55774688720703,15079900,87.82301878895153
2016-06-27 00:00:00+00:00,87.10954028297691,85.98442190439815,86.33201599121094,9438400,86.81682763649772
2016-06-28 00:00:00+00:00,88.0699950055437,87.02720582995586,87.85961151123047,7143100,87.31991845856263
2016-06-29 00:00:00+00:00,88.99386764230054,88.06999061912961,88.7103042602539,6563600,88.6462735940234
2016-06-30 00:00:00+00:00,89.70736544814369,88.61883700695263,89.47868347167969,7189500,88.82007826285216
2016-07-01 00:00:00+00:00,90.22873792288854,89.37804090014791,89.6707534790039,5681600,89.4146308448572
2016-07-05 00:00:00+00:00,89.64332527218485,88.88409951588133,89.33232116699219,5846400,89.43293480545738
2016-07-06 00:00:00+00:00,90.1189775646835,88.50906170110356,90.05494689941406,6223300,88.72859441362463
2016-07-07 00:00:00+00:00,90.73677515760409,89.90753842617148,90.67227935791016,5146000,89.95360283765861
2016-07-08 00:00:00+00:00,91.99902871059916,91.00394487503505,91.78711700439453,6045800,91.44620670067907
2016-07-11 00:00:00+00:00,92.45973881161943,91.58443765524761,92.11883544921875,5428000,91.9529881003834
2016-07-12 00:00:00+00:00,92.86513902695698,92.13725387778075,92.32152557373047,8508500,92.30310121594134
2016-07-13 00:00:00+00:00,92.87436340886966,91.99905519743817,92.02669525146484,5494700,92.56109306103161
2016-07-14 00:00:00+00:00,92.87435238627833,91.842412638159,92.10961151123047,7461500,92.52422633145359
2016-07-15 00:00:00+00:00,92.63479373606528,91.71342121873364,91.9529800415039,5764400,92.52422650336028
2016-07-18 00:00:00+00:00,92.79141797928277,92.017468500593,92.27545166015625,5051300,92.04510854918708
2016-07-19 00:00:00+00:00,92.12802872986674,91.54756662062952,91.64891815185547,5742700,91.96218140872556
2016-07-20 00:00:00+00:00,90.9302538392513,89.50212365928061,90.49720764160156,10664900,90.89339809588596
2016-07-21 00:00:00+00:00,91.3356512437066,89.94438386271689,90.30371856689453,6726600,90.45113450807591
2016-07-22 00:00:00+00:00,90.68148691547854,89.80618578324432,90.02731323242188,5381700,90.6538468630207
2016-07-25 00:00:00+00:00,90.349785542302,89.60347606309766,89.73246765136719,4825500,90.20236959692868
2016-07-26 00:00:00+00:00,89.52056302089677,88.76503075887042,89.08751678466797,6274800,89.3915643928688
2016-07-27 00:00:00+00:00,89.30864336333238,88.32277499602537,88.75582122802734,6911400,89.09672457954944
2016-07-28 00:00:00+00:00,88.90322613018019,88.28590827300032,88.36883544921875,7713500,88.8203059834757
2016-07-29 00:00:00+00:00,88.80187586692055,88.31354958397836,88.40568542480469,8264000,88.31354958397836
2016-08-01 00:00:00+00:00,88.63603341991221,87.60410069864008,88.0279312133789,7131600,88.58996901172081
2016-08-02 00:00:00+00:00,88.22141018767057,87.12497474633761,87.53959655761719,7644100,87.85285980970444
2016-08-03 00:00:00+00:00,88.8479612001634,87.53039808465587,88.5346908569336,9068700,87.58567819189606
2016-08-04 00:00:00+00:00,88.43334353458066,87.26319641863132,87.67781829833984,10038300,88.01872165487214
2016-08-05 00:00:00+00:00,88.45175186276484,87.85285838695798,88.29512023925781,6528500,87.89892981952529
2016-08-08 00:00:00+00:00,88.71897764572041,88.06480387580768,88.221435546875,7792000,88.55313027943862
2016-08-09 00:00:00+00:00,89.2349238667531,87.80680073110473,89.06907653808594,15548700,88.09242395233156
2016-08-10 00:00:00+00:00,91.46465137480904,88.31355889165123,90.16551971435547,27181300,89.0967241654866
2016-08-11 00:00:00+00:00,90.65384936665507,89.51134931325062,90.08259582519531,9233900,90.47878632356748
2016-08-12 00:00:00+00:00,90.12866384203934,89.0598753241818,89.22571563720703,9360300,90.12866384203934
2016-08-15 00:00:00+00:00,89.93517295328695,89.29942365999702,89.46527099609375,5299600,89.69561412792176
2016-08-16 00:00:00+00:00,89.6034759697297,88.70052782326951,89.26256561279297,5777800,89.24414125570839
2016-08-17 00:00:00+00:00,89.34550041529977,88.93087853562567,89.25336456298828,5697300,89.22571748073139
2016-08-18 00:00:00+00:00,89.48371307337504,88.95853095124669,89.05066680908203,5250700,89.253369914029
2016-08-19 00:00:00+00:00,89.17964660344575,88.49783291035708,88.81109619140625,6362400,88.82031188482371
2016-08-22 00:00:00+00:00,88.88480757629158,88.12928239577124,88.33198547363281,5495300,88.88480757629158
2016-08-23 00:00:00+00:00,88.84794087334302,88.26747879157485,88.42411041259766,4996300,88.57152634135042
2016-08-24 00:00:00+00:00,88.65447728381994,88.00030354751397,88.28592681884766,5912500,88.46098987135046
2016-08-25 00:00:00+00:00,88.28593031249085,87.90817116734429,88.03716278076172,4518700,88.10165858747044
2016-08-26 00:00:00+00:00,88.57153798605972,87.30004643665764,87.723876953125,6019600,88.1384988056252
2016-08-29 00:00:00+00:00,87.82522883828824,87.03284790409805,87.41061401367188,7903000,87.59488570694259
2016-08-30 00:00:00+00:00,87.79760349734222,87.31848576734113,87.40141296386719,6845000,87.31848576734113
2016-08-31 00:00:00+00:00,87.43825068841588,86.75643701422402,87.03284454345703,7375200,87.24476330909849
2016-09-01 00:00:00+00:00,87.41060955149715,86.52609281582478,86.84857177734375,6274200,87.28161796688956
2016-09-02 00:00:00+00:00,87.49354426192109,86.72880329053314,86.99600219726562,5382000,87.30005685280763
2016-09-06 00:00:00+00:00,87.09734164346595,86.01012180800143,86.42474365234375,8463500,87.09734164346595
2016-09-07 00:00:00+00:00,86.6366510389573,85.9916931306249,86.34181213378906,6281500,86.5905866337987
2016-09-08 00:00:00+00:00,86.80249226656915,85.62313672871895,86.69192504882812,7438100,86.13910301915003
2016-09-09 00:00:00+00:00,86.36947090346722,85.12561922235477,85.15325927734375,10248400,86.15755912887474
2016-09-12 00:00:00+00:00,86.48003158508952,84.72020656961176,86.27732849121094,9367300,84.72942226374668
2016-09-13 00:00:00+00:00,85.96406114449587,85.18088885868923,85.4112319946289,7795200,85.72450231485449
2016-09-14 00:00:00+00:00,85.58630636504779,84.8307810602614,85.00584411621094,6386500,85.30989175349752
2016-09-15 00:00:00+00:00,85.45730236156567,84.01996346077806,85.22695922851562,7559400,84.8768401969048
2016-09-16 00:00:00+00:00,85.4480891631085,84.5820037376201,85.28224182128906,10568600,85.01504293560693
2016-09-19 00:00:00+00:00,85.98247468854855,85.07952661624044,85.34672546386719,5421500,85.50336411903719
2016-09-20 00:00:00+00:00,85.96407235971103,85.39281877742732,85.64158630371094,6200100,85.41124313771977
2016-09-21 00:00:00+00:00,85.76136735449428,84.48986860741978,85.12561798095703,12049500,85.68765585592162
2016-09-22 00:00:00+00:00,86.3418219797245,85.3559536191284,86.06541442871094,6470700,85.43888080509282
2016-09-23 00:00:00+00:00,86.16675211894069,85.68764151742094,85.93640899658203,4407700,85.7521373105008
2016-09-26 00:00:00+00:00,85.39280523109464,84.21344953303004,84.72941589355469,10449300,85.1993178458979
2016-09-27 00:00:00+00:00,84.93212369004593,84.3055900619568,84.50829315185547,9167400,84.70178054780014
2016-09-28 00:00:00+00:00,85.04269678089368,84.287171503519,84.95055389404297,8272300,84.53593902127608
2016-09-29 00:00:00+00:00,85.77978853642772,84.33323382072906,84.5820083618164,7476600,84.8952716748714
2016-09-30 00:00:00+00:00,86.1391169558056,84.9597612271446,85.55865478515625,8923700,85.02425702388341
2016-10-03 00:00:00+00:00,85.42966169378492,84.81234378874943,85.21774291992188,5834700,85.19931856239725
2016-10-04 00:00:00+00:00,85.67842589024177,84.86762062954003,85.30987548828125,5903400,85.1808839020222
2016-10-05 00:00:00+00:00,85.94562618152945,85.11638952074208,85.1808853149414,5365000,85.63236290385109
2016-10-06 00:00:00+00:00,86.22204288499127,85.12560732687479,85.53101348876953,7484800,85.45730199942238
2016-10-07 00:00:00+00:00,85.95484375216826,84.78469670819072,85.21774291992188,6144100,85.74292497830521
2016-10-10 00:00:00+00:00,85.88113226304071,85.13482276678928,85.21774291992188,4241000,85.4112303067458
2016-10-11 00:00:00+00:00,85.11639396001935,84.37008444114383,84.63728332519531,6651100,85.0703295500541
2016-10-12 00:00:00+00:00,84.83998945467995,84.2042401205301,84.22267150878906,6836600,84.65571071966515
2016-10-13 00:00:00+00:00,84.17659466242462,83.21836639042331,83.9554672241211,5725200,83.79882855203802
2016-10-14 00:00:00+00:00,84.55436952512532,84.11211456597267,84.12133026123047,4345700,84.55436952512532
2016-10-17 00:00:00+00:00,84.27795612280313,83.43950365004329,83.68827819824219,5134600,84.1673888758797
2016-10-18 00:00:00+00:00,84.52672325653799,83.82648511775795,84.00154113769531,4890800,84.2134599359546
2016-10-19 00:00:00+00:00,84.89526197951939,83.844897887032,84.70177459716797,6140500,84.09366537019403
2016-10-20 00:00:00+00:00,85.06112133185066,84.2503159441544,84.7939224243164,6153200,84.45301904845729
2016-10-21 00:00:00+00:00,86.7840894997694,83.47635813204579,85.71529388427734,13814500,84.14896323896961
2016-10-24 00:00:00+00:00,86.74723397528646,85.50338233850584,86.028564453125,7281000,86.13912466914044
2016-10-25 00:00:00+00:00,86.01933605896028,85.35594674274752,85.4572982788086,6380700,85.81663298683813
2016-10-26 00:00:00+00:00,86.35104079928861,84.6741429561872,86.13912200927734,7152800,85.12561355984506
2016-10-27 00:00:00+00:00,86.92228798740545,85.97327533109734,86.62744903564453,6647000,86.42475296778993
2016-10-28 00:00:00+00:00,86.97756763632428,86.17597101014327,86.47080993652344,7309100,86.50766568101028
2016-10-31 00:00:00+00:00,86.44316403666318,85.05188965185754,85.40201568603516,9957600,86.3510281964374
2016-11-01 00:00:00+00:00,85.67844016122118,84.45301988764885,85.12561798095703,6449800,85.4849527496045
2016-11-02 00:00:00+00:00,85.28223610906772,84.48064653522668,84.683349609375,6716200,84.683349609375
2016-11-03 00:00:00+00:00,86.7288025862737,84.9874088888778,86.028564453125,7751400,85.00584027789054
2016-11-04 00:00:00+00:00,86.41552812756136,85.09796516361985,85.1808853149414,7456500,86.14832925744574
2016-11-07 00:00:00+00:00,87.05127468270625,85.64156888870744,87.00520324707031,6996100,86.39709403834367
2016-11-08 00:00:00+00:00,87.39217550988326,86.51687449385544,86.9591293334961,6226900,87.09733660695152
2016-11-09 00:00:00+00:00,87.45667549552884,84.86762103529009,87.19869232177734,8635700,85.03346836548953
2016-11-10 00:00:00+00:00,88.50703860035561,86.8209322963661,87.4935302734375,13777900,87.42903448071128
2016-11-11 00:00:00+00:00,90.58934213265269,88.24905518525485,89.99966430664062,23008100,89.53897806572405
2016-11-14 00:00:00+00:00,90.58014471457484,89.78776365797032,90.22080993652344,13208400,89.88911521378128
2016-11-15 00:00:00+00:00,90.42349543872712,89.76010612243378,90.0180892944336,7184600,90.20236800980075
2016-11-16 00:00:00+00:00,91.37251094140375,90.3866426281255,91.32644653320312,9702400,90.59856140029459
2016-11-17 00:00:00+00:00,91.67656911427393,90.54327777997531,91.55679321289062,8662600,91.26195427681928
2016-11-18 00:00:00+00:00,91.55679577270884,90.42350440672477,90.51564025878906,8586100,91.26195682839415
2016-11-21 00:00:00+00:00,90.54327588224436,89.37313585628762,89.95359802246094,10771100,90.39585993205579
2016-11-22 00:00:00+00:00,90.2300163231325,89.62190705100062,90.02731323242188,5323700,89.74168998433774
2016-11-23 00:00:00+00:00,90.55249723483358,89.91674789678383,90.53407287597656,5897400,89.99045939124191
2016-11-25 00:00:00+00:00,91.28036905424297,90.75518703481598,91.0500259399414,4396800,90.9486744072876
2016-11-28 00:00:00+00:00,91.40015944291166,90.58935408256782,91.18824768066406,7106700,90.77362579143661
2016-11-29 00:00:00+00:00,91.8424218711045,91.18824816279194,91.83320617675781,8396800,91.43701567403158
2016-11-30 00:00:00+00:00,92.40445069239705,91.21587930039561,91.32644653320312,11369200,91.58442971357283
2016-12-01 00:00:00+00:00,91.90690824153488,90.86575983167951,91.16059875488281,9958100,91.33565475241593
2016-12-02 00:00:00+00:00,91.28958570615856,90.52484487155972,90.75518798828125,7737200,91.0223868472199
2016-12-05 00:00:00+00:00,92.38600312501659,90.9210244518445,92.10037994384766,11331500,91.19743897069478
2016-12-06 00:00:00+00:00,92.80062616205053,91.97138962376506,92.74534606933594,8427500,92.09116550115112
2016-12-07 00:00:00+00:00,94.04449854149586,92.54266377339522,93.97078704833984,12255700,92.607159572528
2016-12-08 00:00:00+00:00,96.52409673270546,94.21219988023023,95.98558044433594,16524800,94.21219988023023
2016-12-09 00:00:00+00:00,97.97249938714027,95.79987526779556,97.35971069335938,12173900,96.0876997236859
2016-12-12 00:00:00+00:00,97.21115811463959,96.3105449042925,96.61693572998047,7880200,97.12759891227638
2016-12-13 00:00:00+00:00,96.84904816414253,96.29196559795874,96.42195129394531,7393200,96.74691553391176
2016-12-14 00:00:00+00:00,96.94190937098419,96.0969951918318,96.60765838623047,7961900,96.20841454797961
2016-12-15 00:00:00+00:00,98.08390845765307,96.39408751396242,96.9233169555664,8745400,96.42194057662236
2016-12-16 00:00:00+00:00,97.23902431201658,96.32911724435472,96.47767639160156,12635500,97.22045087676571
2016-12-19 00:00:00+00:00,98.65956770642623,97.55468229255044,97.76823425292969,11475600,98.13961787912012
2016-12-20 00:00:00+00:00,98.60385440207499,97.54539548432066,97.91678619384766,8947300,98.08391165895037
2016-12-21 00:00:00+00:00,98.33462254549974,97.03475835089884,98.00965118408203,5202400,97.12760427543677
2016-12-22 00:00:00+00:00,97.94465441300592,97.21115959620624,97.8796615600586,5230800,97.4525646573062
2016-12-23 00:00:00+00:00,97.80538003548862,97.25758415497764,97.62897491455078,3238800,97.71253411651773
2016-12-27 00:00:00+00:00,98.0096259436846,97.28541800162792,97.64752197265625,3639500,97.35041084043587
2016-12-28 00:00:00+00:00,97.78681480368822,96.61693637694269,96.83977508544922,5178600,97.48041689225897
2016-12-29 00:00:00+00:00,97.27614003297867,96.4405197685102,97.08116149902344,5896800,96.7747707077731
2016-12-30 00:00:00+00:00,97.48970339210109,96.52409024179371,96.76549530029297,6983300,97.09045956152872
2017-01-03 00:00:00+00:00,99.2538023913844,97.68468016532263,98.4924545288086,8884300,97.768246450223
2017-01-04 00:00:00+00:00,99.81087886021506,98.6502872455614,99.75517272949219,8322000,99.01239126263822
2017-01-05 00:00:00+00:00,99.92231688133336,99.15168220508245,99.69947814941406,6303000,99.50449957175245
2017-01-06 00:00:00+00:00,101.52855102435686,100.04299520373067,101.18502044677734,9551300,100.29367987071271
2017-01-09 00:00:00+00:00,101.04575861755104,100.37725665736133,100.609375,6195200,100.81364027491237
2017-01-10 00:00:00+00:00,101.03646785034324,99.67161091694811,100.62793731689453,7901900,100.182274083759
2017-01-11 00:00:00+00:00,101.65854863032042,100.62794260941695,101.61212921142578,7616800,100.77650175073516
2017-01-12 00:00:00+00:00,101.20359443605486,99.74589157018586,99.83873748779297,8218900,100.38654044394701
2017-01-13 00:00:00+00:00,100.60007627162484,99.25379287853713,100.33081817626953,6489000,99.49519790949168
2017-01-17 00:00:00+00:00,101.13860224221598,99.95015748827176,100.24726867675781,7586500,100.19156254256964
2017-01-18 00:00:00+00:00,100.64650714569626,99.17023091504652,100.42367553710938,7162900,99.28165026118451
2017-01-19 00:00:00+00:00,100.28440177594298,99.42092133513746,99.60661315917969,5350200,100.20083549654166
2017-01-20 00:00:00+00:00,100.10799418799904,99.51377182331167,99.95944213867188,5649000,99.67161058937471
2017-01-23 00:00:00+00:00,99.97800399306222,98.9473980760905,99.45806121826172,5716600,99.66231939144117
2017-01-24 00:00:00+00:00,100.33081063282165,99.4209108735941,100.18225860595703,5456100,99.53232312282049
2017-01-25 00:00:00+00:00,100.6650808183406,100.27512370402158,100.31226348876953,6180200,100.48867569539988
2017-01-26 00:00:00+00:00,100.85076801860924,100.25654569909713,100.33081817626953,6088100,100.47009058196211
2017-01-27 00:00:00+00:00,101.57497786892284,100.4143862732626,101.48213195800781,5578300,100.73006378711149
2017-01-30 00:00:00+00:00,103.10694676175918,101.16643418305804,103.00481414794922,13793600,102.00206143982676
2017-01-31 00:00:00+00:00,102.8748452277003,102.11349739946606,102.7355728149414,8485800,102.67985959962434
2017-02-01 00:00:00+00:00,103.9797225686983,102.76342481616199,103.33908081054688,10501300,102.79127788168738
2017-02-02 00:00:00+00:00,103.56190568657246,102.64271916553903,102.69842529296875,6515900,103.25550781833178
2017-02-03 00:00:00+00:00,103.19980726144871,102.32704010493337,102.41060638427734,7923400,102.96768893971071
2017-02-06 00:00:00+00:00,102.27134248423623,101.48214154139745,101.73282623291016,6896300,102.05779049364499
2017-02-07 00:00:00+00:00,101.88137902353128,100.99003841578075,101.2035903930664,10184800,101.8070994589372
2017-02-08 00:00:00+00:00,103.45049409436835,101.18502404376247,101.2035903930664,13615500,101.72353317784658
2017-02-09 00:00:00+00:00,101.99279742485393,101.2035964836915,101.6585464477539,6369700,101.2035964836915
2017-02-10 00:00:00+00:00,101.94638381844995,100.81364511855983,101.44500732421875,7671800,101.5285665314123
2017-02-13 00:00:00+00:00,102.0392243596107,101.11075099343351,101.8071060180664,5653200,101.1571704115286
2017-02-14 00:00:00+00:00,102.43846893310547,101.69568740130262,102.43846893310547,4768700,101.94637917885419
2017-02-15 00:00:00+00:00,102.76343101252395,101.94637701186002,102.2991943359375,7087100,102.0485096474042
2017-02-16 00:00:00+00:00,102.93984178842642,102.21562663269867,102.7912826538086,7179600,102.44774496777195
2017-02-17 00:00:00+00:00,102.59629753918401,101.68639060708122,102.1877670288086,6349200,102.35489250271772
2017-02-21 00:00:00+00:00,102.32704161914307,101.94637124937799,102.14134979248047,5432700,102.07635694477965
2017-02-22 00:00:00+00:00,102.39204418515659,101.69568914354514,102.24349212646484,5478400,101.84424828592668
2017-02-23 00:00:00+00:00,102.58701278051923,101.75138539502807,101.88137817382812,5470400,102.41060767069101
2017-02-24 00:00:00+00:00,102.4291763305664,101.29643774731231,102.4291763305664,4786800,101.77924784034977
2017-02-27 00:00:00+00:00,102.5684508194279,101.97422844958766,102.34561920166016,3547700,102.06707436668343
2017-02-28 00:00:00+00:00,102.50345348745078,101.97422399108544,102.21562194824219,4766000,102.13206275161619
2017-03-01 00:00:00+00:00,103.80332853214716,102.74486942713854,103.09768676757812,7418100,102.74486942713854
2017-03-02 00:00:00+00:00,103.2555266675195,102.54988489527824,102.67987060546875,4715600,103.06054810223375
2017-03-03 00:00:00+00:00,103.52478366749885,102.16921335920487,103.28337860107422,5837900,102.67986947685755
2017-03-06 00:00:00+00:00,103.04196666255929,102.21561893493562,102.75413513183594,4983200,102.84698104213523
2017-03-07 00:00:00+00:00,102.9955424686137,102.2806211512653,102.93054962158203,5114400,102.78199049483017
2017-03-08 00:00:00+00:00,103.35765764939204,102.74486889457434,102.9119873046875,4929900,102.93984745672951
2017-03-09 00:00:00+00:00,103.3576446352956,102.77270902248124,103.08838653564453,4005700,102.96768756008602
2017-03-10 00:00:00+00:00,103.52476801949251,102.77270694909096,102.98625183105469,4027400,103.43192211065225
2017-03-13 00:00:00+00:00,103.6919017232248,102.8934140931495,103.54334259033203,5213600,102.98626000936282
2017-03-14 00:00:00+00:00,104.81537179341599,103.72905950943468,104.27685546875,7273500,103.73834622777458
2017-03-15 00:00:00+00:00,104.40681814309642,103.19980712190437,103.8683090209961,5319500,104.38825179420566
2017-03-16 00:00:00+00:00,104.28613406133753,103.43194021657706,103.71976470947266,4409400,104.15614834946919
2017-03-17 00:00:00+00:00,104.07257276287314,103.22766571119338,103.76618194580078,9061200,103.86831457938803
2017-03-20 00:00:00+00:00,105.06604110850937,104.03543518783532,104.64822387695312,8156300,104.0540015368496
2017-03-21 00:00:00+00:00,105.0103345797491,103.56191841899198,103.75689697265625,7109800,104.88963559424917
2017-03-22 00:00:00+00:00,104.15613937412363,103.38550480324707,104.06329345703125,5044700,103.84974147239834
2017-03-23 00:00:00+00:00,104.89893612721748,103.67335142584461,104.21186065673828,8307900,103.71977084929401
2017-03-24 00:00:00+00:00,104.52751852741099,103.69189119892523,104.11898803710938,4707300,104.36039306171384
2017-03-27 00:00:00+00:00,104.49966559698505,103.47833936992876,104.3418197631836,4469800,103.81259030174925
2017-03-28 00:00:00+00:00,105.14031807995067,104.0075794820838,104.96391296386719,6280900,104.54609571446139
2017-03-29 00:00:00+00:00,104.8617794526601,104.27683672512778,104.4811019897461,3781200,104.60180805539653
2017-03-30 00:00:00+00:00,105.19603697066842,104.24899015455296,105.0846176147461,4192800,104.48110849995717
2017-03-31 00:00:00+00:00,105.5766979642825,104.87105627370957,105.27958679199219,4617400,104.91748277212864
2017-04-03 00:00:00+00:00,105.52098952782232,104.38825099455947,105.1031723022461,4643300,105.08460595349756
2017-04-04 00:00:00+00:00,105.42815138110676,104.7596494379032,104.95462799072266,3386100,105.05676062558373
2017-04-05 00:00:00+00:00,105.69739462250628,104.72250193031093,104.91748046875,4795100,105.45599667035636
2017-04-06 00:00:00+00:00,105.30744356297512,104.35111716488109,104.96391296386719,4744000,104.77821404734593
2017-04-07 00:00:00+00:00,105.17747069213294,104.48111560854235,104.52754211425781,4300700,104.75037375757354
2017-04-10 00:00:00+00:00,104.81535678218694,104.02615584489395,104.38825988769531,4053600,104.73179758016643
2017-04-11 00:00:00+00:00,105.6881092883808,104.53679738491422,104.98246765136719,5230800,105.54883688738371
2017-04-12 00:00:00+00:00,105.17745961056069,104.69465658696338,104.95462799072266,4086300,104.94534127381998
2017-04-13 00:00:00+00:00,106.078072078235,104.9081937637861,105.1031723022461,6530800,104.9546202611909
2017-04-17 00:00:00+00:00,105.79025224646323,105.12175032331191,105.64169311523438,5120200,105.22388295510943
2017-04-18 00:00:00+00:00,106.54230450403526,104.9174763307711,106.0223617553711,6191100,105.36314660368943
2017-04-19 00:00:00+00:00,106.77443390169292,105.41886367785328,105.59527587890625,5303400,106.36590336607104
2017-04-20 00:00:00+00:00,106.8208652062847,105.72526633449804,106.57946014404297,5279300,106.00380409829414
2017-04-21 00:00:00+00:00,106.88584053283175,106.09663262226294,106.25447845458984,6654500,106.19876524401447
2017-04-24 00:00:00+00:00,107.12727201266405,105.5303035111702,105.56743621826172,7294600,107.01585972400795
2017-04-25 00:00:00+00:00,107.25722106728465,105.54883377754199,106.94154357910156,6918300,105.59526027106932
2017-04-26 00:00:00+00:00,107.6657597982037,106.64444061548416,107.31294250488281,4809800,107.14581703253315
2017-04-27 00:00:00+00:00,107.79574921981344,107.13653402375837,107.5543441772461,3910800,107.51721147871801
2017-04-28 00:00:00+00:00,107.61006492484842,106.99726910090385,107.3315200805664,3987600,107.58221185715814
2017-05-01 00:00:00+00:00,107.3408043010752,106.51446358826514,106.52375030517578,4963300,107.32223086725392
2017-05-02 00:00:00+00:00,106.76516318258122,105.54886519397057,106.18951416015625,6604600,106.65375089885534
2017-05-03 00:00:00+00:00,105.92951542304607,103.22766180289572,103.63619232177734,11521200,105.8738092918128
2017-05-04 00:00:00+00:00,103.33908986183044,101.2593043937076,103.2183837890625,10691200,102.67058789591165
2017-05-05 00:00:00+00:00,104.12828783520955,102.98626249551751,103.97972869873047,5871400,103.5154920227676
2017-05-08 00:00:00+00:00,104.35111308868876,103.06053577495874,103.45049285888672,5980100,104.35111308868876
2017-05-09 00:00:00+00:00,104.12828041744028,102.45702566955305,104.05400085449219,9337400,103.57119786270755
2017-05-10 00:00:00+00:00,101.81639099121094,100.39582081499263,101.81639099121094,17061100,101.20359517985918
2017-05-11 00:00:00+00:00,102.14134736983549,100.73935073561204,101.74210357666016,8021300,101.89065561772898
2017-05-12 00:00:00+00:00,102.02993010729568,101.4542741126515,101.84423828125,5067700,101.94637091068186
2017-05-15 00:00:00+00:00,102.20636437618911,101.31503066801015,101.32431030273438,6241300,101.88140006857553
2017-05-16 00:00:00+00:00,101.41714531656606,100.10799451639849,100.25655364990234,10047100,101.32429231628147
2017-05-17 00:00:00+00:00,100.2565571867047,97.70325542997037,98.70600128173828,12763200,100.2565571867047
2017-05-18 00:00:00+00:00,99.63445797251006,98.39959398589376,99.04952239990234,6532200,98.39959398589376
2017-05-19 00:00:00+00:00,100.14512948693354,99.06809707185944,99.8294448852539,6336700,99.12381028609056
2017-05-22 00:00:00+00:00,100.46080909205583,99.7273214123828,99.93157958984375,5487200,99.95015302286969
2017-05-23 00:00:00+00:00,100.08944199596792,99.26310118182253,99.36522674560547,7542600,99.97802263044515
2017-05-24 00:00:00+00:00,100.11728636022828,99.28165890069957,100.00586700439453,4366700,99.48592417788322
2017-05-25 00:00:00+00:00,100.39583117515342,99.14239343967533,99.59734344482422,8030400,100.39583117515342
2017-05-26 00:00:00+00:00,100.73007998557965,99.79232692574155,100.65580749511719,6236800,100.00587184681751
2017-05-30 00:00:00+00:00,100.83219482645077,100.22868578947293,100.59078979492188,4813400,100.73006220094581
2017-05-31 00:00:00+00:00,100.87862897322819,99.94086892415268,100.21941375732422,9963600,100.64651064014836
2017-06-01 00:00:00+00:00,100.47010040283203,99.50448726831475,100.47010040283203,5907400,100.02443716147913
2017-06-02 00:00:00+00:00,100.86934125886563,99.3002190759842,99.5137710571289,10876900,100.70221577735347
2017-06-05 00:00:00+00:00,99.55089832428739,98.52029249848118,98.90096282958984,6372800,99.38377286378669
2017-06-06 00:00:00+00:00,98.59458256330147,97.12759304074217,97.95393371582031,9589500,98.57600913032827
2017-06-07 00:00:00+00:00,98.65029286229505,97.9910776376815,98.3438949584961,5777700,98.22319597382807
2017-06-08 00:00:00+00:00,98.34389331207353,96.70978535321544,96.85833740234375,11002400,98.34389331207353
2017-06-09 00:00:00+00:00,98.34389878695471,96.63551116658053,98.06536102294922,9392500,96.82120300925085
2017-06-12 00:00:00+00:00,99.53232583462292,98.06534353822994,99.38377380371094,8049500,98.06534353822994
2017-06-13 00:00:00+00:00,99.58805357664198,98.56673430763935,98.93811798095703,4918900,99.47663422443297
2017-06-14 00:00:00+00:00,99.35593876152845,98.19534703203944,98.54816436767578,4781100,99.30022554160394
2017-06-15 00:00:00+00:00,98.56673027699786,97.70324981283407,98.39960479736328,5309900,98.36246501481234
2017-06-16 00:00:00+00:00,98.74314054155428,97.27615093085194,97.96322631835938,8683400,98.67814768962138
2017-06-19 00:00:00+00:00,98.41816466328392,97.66610359631657,97.8332290649414,5956200,98.04677394593
2017-06-20 00:00:00+00:00,97.76826348130392,96.38483285051228,96.50553894042969,7895700,97.55471145708208
2017-06-21 00:00:00+00:00,97.56398753445522,96.13413763430842,97.30401611328125,7765700,96.9233386153551
2017-06-22 00:00:00+00:00,97.27615140118068,96.64478922919854,96.76549530029297,6156000,97.220445266023
2017-06-23 00:00:00+00:00,97.099734915454,95.79058422293618,96.89546966552734,18147900,96.40337997271612
2017-06-26 00:00:00+00:00,98.27889227552281,97.08116093078941,98.0189208984375,5867000,97.11830071089999
2017-06-27 00:00:00+00:00,98.55743718101617,97.61967721244982,97.87036895751953,5694500,97.79608939722563
2017-06-28 00:00:00+00:00,99.84802168687148,97.04402829349235,99.21665954589844,7874400,98.43673827354854
2017-06-29 00:00:00+00:00,99.727311611762,97.79608562082758,98.1489028930664,7268700,99.16094238284673
2017-06-30 00:00:00+00:00,98.93811590877087,97.95393644445082,98.6502914428711,5113800,98.6502914428711
2017-07-03 00:00:00+00:00,100.85079055668616,99.12382934101103,99.77375793457031,5399400,99.12382934101103
2017-07-05 00:00:00+00:00,100.13585035718845,97.758960824792,98.07463836669922,8049700,100.11728400683079
2017-07-06 00:00:00+00:00,97.92498336075182,96.28806754372117,96.67156982421875,8690800,97.85015121066907
2017-07-07 00:00:00+00:00,97.02701832547372,96.08228206200718,96.64350891113281,6030900,96.82123348230411
2017-07-10 00:00:00+00:00,97.19537807006756,96.22258162491879,96.89604949951172,4421300,96.62479547112082
2017-07-11 00:00:00+00:00,97.45728692296217,96.52190651563595,97.12989807128906,4557300,96.9054087717189
2017-07-12 00:00:00+00:00,97.88755883686453,96.95217845072418,97.63500213623047,5203300,97.59758606441854
2017-07-13 00:00:00+00:00,98.53297220736496,97.31698191616967,97.55082702636719,5339500,97.70048418597267
2017-07-14 00:00:00+00:00,98.44878996520781,97.66307383180603,98.29912567138672,4370300,97.68177830034051
2017-07-17 00:00:00+00:00,98.60779596961768,97.94367676950068,98.01850891113281,3973800,98.37395087930666
2017-07-18 00:00:00+00:00,98.96323762837486,97.56951585678432,98.91646575927734,5740500,97.84077699750225
2017-07-19 00:00:00+00:00,99.9641073854954,99.19709573168402,99.9173355102539,5789400,99.2719207411297
2017-07-20 00:00:00+00:00,100.74982893977328,99.85186455053301,100.42244720458984,6185500,100.07635386374643
2017-07-21 00:00:00+00:00,100.39437251599546,99.9079707480953,100.16987609863281,4328500,100.17923190011932
2017-07-24 00:00:00+00:00,100.59081491989315,99.99217200000383,100.08570861816406,4615500,100.37567427537674
2017-07-25 00:00:00+00:00,100.77788423937895,99.33739753926048,99.54318237304688,5394700,100.64693155176693
2017-07-26 00:00:00+00:00,100.11375997052598,99.44028496155586,100.02957916259766,4149000,99.66478138880315
2017-07-27 00:00:00+00:00,102.89185333251953,100.4972815749701,102.89185333251953,10468700,100.73112669618038
2017-07-28 00:00:00+00:00,103.06957179109877,102.5831699714728,102.85443115234375,4864500,102.87314275730662
2017-07-31 00:00:00+00:00,103.02279927182349,102.27449207848028,102.82637023925781,6815300,102.91055105190613
2017-08-01 00:00:00+00:00,103.66821005900465,102.84507075072041,103.4624252319336,5987200,102.87313815690956
2017-08-02 00:00:00+00:00,102.77959074421797,100.57209253752782,101.64778137207031,8812700,102.77959074421797
2017-08-03 00:00:00+00:00,102.11547506463413,101.06785359921392,102.06871032714844,6895800,101.50747638623218
2017-08-04 00:00:00+00:00,101.4887807733311,100.38503153568642,100.73112487792969,8503800,101.23623118699284
2017-08-07 00:00:00+00:00,100.69369659526265,99.25320999287966,99.47769927978516,8093100,100.63756892124695
2017-08-08 00:00:00+00:00,100.21664321874583,99.31867900102142,100.06698608398438,9787100,99.6647722757592
2017-08-09 00:00:00+00:00,96.3441783558466,94.00572742487944,96.18516540527344,27877600,94.20215644671437
2017-08-10 00:00:00+00:00,96.17580675733024,94.67919963307598,94.80079650878906,12259900,95.87648533247939
2017-08-11 00:00:00+00:00,95.88583104573726,94.50146514121347,95.39942932128906,9410400,94.70724993721963
2017-08-14 00:00:00+00:00,96.16646269213147,94.7166272627247,94.84757995605469,9707300,96.15711402574117
2017-08-15 00:00:00+00:00,95.5023410019787,94.8101614781527,94.95046997070312,8868500,95.06271105563435
2017-08-16 00:00:00+00:00,96.01680408305319,95.1468999839604,95.59587860107422,6698800,95.25914107004563
2017-08-17 00:00:00+00:00,95.9606590698439,94.79143372508187,94.82884979248047,6612400,95.63327740058756
2017-08-18 00:00:00+00:00,95.16559118308786,94.15538586725016,94.19279479980469,6893900,94.77273316379622
2017-08-21 00:00:00+00:00,94.86627612452817,94.0337881598922,94.63243103027344,6492700,94.13668057227515
2017-08-22 00:00:00+00:00,96.2599881251023,94.63242129827053,96.1290283203125,6888700,94.85691770386572
2017-08-23 00:00:00+00:00,96.32547480797136,94.92240423599678,94.94110870361328,5954400,95.85778461731317
2017-08-24 00:00:00+00:00,95.43684665032458,94.87561992239932,94.95980072021484,6976600,95.24041765237
2017-08-25 00:00:00+00:00,96.05422564915354,94.99724111884106,95.79232025146484,6186900,95.11884515090142
2017-08-28 00:00:00+00:00,96.20387837583432,95.48363856544677,95.9326171875,5630400,95.86714084110113
2017-08-29 00:00:00+00:00,96.33482889472322,95.24043549972988,95.94197082519531,6011700,95.40880426329704
2017-08-30 00:00:00+00:00,96.76509513981313,95.85778218749911,96.22257995605469,6573200,95.85778218749911
2017-08-31 00:00:00+00:00,96.52189626506109,94.47341110692115,94.66048431396484,9823800,96.34417172289979
2017-09-01 00:00:00+00:00,95.33396675103353,94.81015602113986,94.94110870361328,7827400,95.08141718808793
2017-09-05 00:00:00+00:00,95.92325302172875,94.37987409298081,95.03463745117188,9346100,95.40879100001764
2017-09-06 00:00:00+00:00,95.44621496589045,94.37052610009941,94.94110870361328,7531000,95.1843096009436
2017-09-07 00:00:00+00:00,95.2778379385637,89.98358201456236,90.78800964355469,26419400,94.98787232917763
2017-09-08 00:00:00+00:00,91.19023661000652,90.03972267133233,90.79737854003906,13147700,90.25485617500607
2017-09-11 00:00:00+00:00,91.68597452737113,90.6944736858622,90.81607055664062,9610300,91.57373345784809
2017-09-12 00:00:00+00:00,92.00401437910966,90.85349337630925,91.56438446044922,9151700,91.2837674930191
2017-09-13 00:00:00+00:00,92.55589254352772,91.68598844078862,92.43429565429688,7615300,91.89177328132271
2017-09-14 00:00:00+00:00,92.45299848094798,91.23700820108071,91.57374572753906,9710000,92.40623374117598
2017-09-15 00:00:00+00:00,92.53718830442486,91.66728419952493,92.15367889404297,23870300,91.71405607663031
2017-09-18 00:00:00+00:00,92.34074156018465,91.40536128852376,91.76080322265625,7013600,92.03206435780412
2017-09-19 00:00:00+00:00,92.29398546014914,91.74211443104886,92.06949615478516,6970300,91.88242292304624
2017-09-20 00:00:00+00:00,92.86456386618022,92.24721652044018,92.79908752441406,6459100,92.37816920397249
2017-09-21 00:00:00+00:00,92.96746133805017,92.36881842750687,92.49977111816406,4958000,92.7803881046503
2017-09-22 00:00:00+00:00,92.59330578853762,92.1630316516532,92.22850799560547,6359100,92.18174325643172
2017-09-25 00:00:00+00:00,93.21066589107159,92.06014476520627,93.13583374023438,7492500,92.22851353639665
2017-09-26 00:00:00+00:00,93.29483403789627,92.23785681232121,92.25656127929688,6220500,93.20129743024651
2017-09-27 00:00:00+00:00,93.0984172602105,91.68599074894006,92.82715606689453,7596600,92.5746064793999
2017-09-28 00:00:00+00:00,92.64943068499745,91.6672784188129,91.71405029296875,7149600,92.38751818066514
2017-09-29 00:00:00+00:00,92.21915155078148,91.34925461706969,92.20044708251953,8185900,91.56438811582005
2017-10-02 00:00:00+00:00,93.94961926298117,92.70556149108346,93.40709686279297,6923300,92.89263473565127
2017-10-03 00:00:00+00:00,94.33309807118435,93.45384547694005,94.2769775390625,5447700,93.5847981428144
2017-10-04 00:00:00+00:00,94.40794748898463,93.72511663215528,94.05250549316406,5126100,94.23022292288115
2017-10-05 00:00:00+00:00,94.35182126097062,93.55674223087355,93.64093017578125,4736700,94.13668063410515
2017-10-06 00:00:00+00:00,93.79059649365391,92.9206923719632,93.60352325439453,4360200,93.49127502900691
2017-10-09 00:00:00+00:00,94.45472363729006,93.02358551397856,93.13583374023438,5429600,94.29570353266432
2017-10-10 00:00:00+00:00,93.60351413554034,92.28463151355801,93.14517974853516,7704400,93.52868199257207
2017-10-11 00:00:00+00:00,93.14518046197027,91.71404961457398,92.1817398071289,7984000,93.14518046197027
2017-10-12 00:00:00+00:00,91.4989079452783,90.55417176887474,90.66641998291016,11018200,91.25570704972783
2017-10-13 00:00:00+00:00,91.36795828476771,90.54482609711617,91.08734130859375,6858000,90.54482609711617
2017-10-16 00:00:00+00:00,91.91983972462415,91.23701594760935,91.78888702392578,4911600,91.33055257148148
2017-10-17 00:00:00+00:00,92.10691311027541,91.53633047070646,92.00402069091797,5942500,92.04143676490125
2017-10-18 00:00:00+00:00,92.12561234162585,91.24635963035752,91.901123046875,5404300,92.00401546038289
2017-10-19 00:00:00+00:00,92.88326828928288,91.77016342892928,92.61200714111328,5634300,91.84499556698685
2017-10-20 00:00:00+00:00,93.22002282439064,92.54654773146274,92.97682189941406,5938700,93.02358664196436
2017-10-23 00:00:00+00:00,92.77103777956337,92.25657565275858,92.32205200195312,5888200,92.71491723350715
2017-10-24 00:00:00+00:00,92.47169645047117,91.72338936059793,91.93852996826172,4966200,92.1536634395402
2017-10-25 00:00:00+00:00,91.87305975819284,91.15281288730444,91.4802017211914,5144400,91.7140468103188
2017-10-26 00:00:00+00:00,93.05163346796819,90.96573230190977,92.19107818603516,6167500,91.27440950728622
2017-10-27 00:00:00+00:00,92.0040091143429,90.62899889811247,91.95723724365234,7868700,91.57373502225472
2017-10-30 00:00:00+00:00,91.9759578317304,91.38666360355673,91.70469665527344,7093200,91.77952880113457
2017-10-31 00:00:00+00:00,91.75146073112187,91.08734149827241,91.48955535888672,5701700,91.61115937912886
2017-11-01 00:00:00+00:00,93.03292825027883,91.66727380304867,92.6307144165039,6920400,91.7888706787906
2017-11-02 00:00:00+00:00,92.71490631654746,91.68598218409127,91.99465942382812,6799200,92.48106122033214
2017-11-03 00:00:00+00:00,92.95809436102897,91.5737354729554,92.26591491699219,5416900,92.00400956716126
2017-11-06 00:00:00+00:00,94.59502265626895,91.9946661383803,94.13668823242188,14728700,92.0133777438194
2017-11-07 00:00:00+00:00,96.25064796233382,94.2302228020217,95.04400634765625,12177500,94.7446848946159
2017-11-08 00:00:00+00:00,95.40879627412886,93.93089359950291,94.64178466796875,8023200,95.29654806235455
2017-11-09 00:00:00+00:00,97.19538188481957,94.286348237125,96.04486083984375,13172500,94.31440850761945
2017-11-10 00:00:00+00:00,99.37479430323783,97.35437670381272,98.00914001464844,16701500,98.20556900789916
2017-11-13 00:00:00+00:00,98.3459019670319,97.26086433361195,97.97174835205078,7856000,97.41052149777242
2017-11-14 00:00:00+00:00,97.81273073833876,96.34418375682131,96.5031967163086,6929300,97.81273073833876
2017-11-15 00:00:00+00:00,97.2421507167207,95.82972423916193,96.9896011352539,5691500,96.11034122869081
2017-11-16 00:00:00+00:00,97.26086755336905,96.11970220127309,96.9054183959961,6410900,96.93347866918093
2017-11-17 00:00:00+00:00,97.27019984074387,96.31611503118428,96.75574493408203,7500800,96.54996011686302
2017-11-20 00:00:00+00:00,96.7370394603066,96.06356442905737,96.11033630371094,5112600,96.7370394603066
2017-11-21 00:00:00+00:00,96.50318255284868,96.14774061268189,96.34416961669922,5725900,96.31610934989463
2017-11-22 00:00:00+00:00,96.64349735165257,96.05421030101297,96.1009750366211,4140700,96.5499607440506
2017-11-24 00:00:00+00:00,96.269344016137,95.82971410932724,96.00743865966797,2217600,96.25999535082434
2017-11-27 00:00:00+00:00,96.31611196688512,95.76423387132074,96.14774322509766,4007500,95.9980789495597
2017-11-28 00:00:00+00:00,97.16732211271791,95.56782234138018,96.72769927978516,8401100,95.93262015924387
2017-11-29 00:00:00+00:00,99.39351452756932,96.74638651652937,98.43942260742188,14503100,96.81186285329356
2017-11-30 00:00:00+00:00,98.87905778028374,97.71918812290991,98.04656982421875,9949000,98.55167607897491
2017-12-01 00:00:00+00:00,99.00999532307215,97.15794647518034,98.44876861572266,9258400,97.82206557812214
2017-12-04 00:00:00+00:00,105.3893203869828,99.61802435093387,103.09764099121094,17824000,99.61802435093387
2017-12-05 00:00:00+00:00,102.92927677688188,99.63673323815482,100.29150390625,13055600,102.45223069727338
2017-12-06 00:00:00+00:00,101.01172920809756,98.55168128110871,98.64521789550781,8121700,100.24471755180697
2017-12-07 00:00:00+00:00,99.15032465515695,97.73789822084345,98.45814514160156,9948600,98.90712374743728
2017-12-08 00:00:00+00:00,98.9861704519815,98.13755450990733,98.27899169921875,6536600,98.92016738947541
2017-12-11 00:00:00+00:00,100.73996128450793,98.78814832809378,100.73053741455078,7434000,98.8824445780161
2017-12-12 00:00:00+00:00,101.6734433291166,100.5042360018781,101.29627990722656,8147000,101.02283660620114
2017-12-13 00:00:00+00:00,102.01290536283304,100.65511971293455,101.46601867675781,10368300,101.97518829546975
2017-12-14 00:00:00+00:00,105.17163046591342,101.07941879546891,104.25701141357422,27571300,101.16428399100491
2017-12-15 00:00:00+00:00,105.60536179080894,104.28529332966497,104.91703796386719,19978600,105.58650685575869
2017-12-18 00:00:00+00:00,105.5959304423353,104.01184973198254,104.69074249267578,12270000,105.45449325155849
2017-12-19 00:00:00+00:00,105.97308746788872,104.4455788488472,105.42620086669922,10546600,104.97361051617916
2017-12-20 00:00:00+00:00,105.8882442064807,103.42726135253906,103.42726135253906,8661100,105.24706845921249
2017-12-21 00:00:00+00:00,104.74729915946021,102.95578565116139,103.3140869140625,9372800,103.45552408413695
2017-12-22 00:00:00+00:00,103.42725944863056,102.25805198209126,102.46549224853516,7378400,103.23867411832029
2017-12-26 00:00:00+00:00,103.12552304154576,101.73002046813296,101.94689178466797,3982400,102.29576203267544
2017-12-27 00:00:00+00:00,102.3523325185376,101.32456240919083,101.4942855834961,5624000,102.22975027422099
2017-12-28 00:00:00+00:00,101.88088650400961,100.94740538935311,101.61686706542969,3477700,101.83373837724324
2017-12-29 00:00:00+00:00,102.15433273750853,101.3717269897461,101.3717269897461,4538400,101.88089659532089
2018-01-02 00:00:00+00:00,105.42619480454852,102.36175387264325,105.4167709350586,11014300,102.7294862089684
2018-01-03 00:00:00+00:00,106.72742417886165,105.08676422359217,105.86937713623047,9237900,105.78451913533442
2018-01-04 00:00:00+00:00,106.54826881816992,105.2564863321128,105.82223510742188,7417400,106.50112068896266
2018-01-05 00:00:00+00:00,106.246539719014,104.88875416548203,105.24706268310547,6008300,106.246539719014
2018-01-08 00:00:00+00:00,104.92646561608579,103.28581295588067,103.7384033203125,8052600,104.55873324731213
2018-01-09 00:00:00+00:00,104.53045000887147,103.58754499864806,103.66297912597656,5838000,103.84212618613887
2018-01-10 00:00:00+00:00,104.1909937741019,102.78606745602555,103.21980285644531,6060000,103.68182425348905
2018-01-11 00:00:00+00:00,104.73788032035647,103.25751988257402,104.65301513671875,6427000,103.95526750964638
2018-01-12 00:00:00+00:00,106.28424919132378,104.66245149463411,106.04852294921875,5899900,104.9641807967768
2018-01-16 00:00:00+00:00,106.69914740313045,104.30416752226036,104.37017059326172,8069200,106.6142822011029
2018-01-17 00:00:00+00:00,105.80336732531102,104.25700372802024,105.57707214355469,7030700,104.85103127780339
2018-01-18 00:00:00+00:00,105.59592291683342,103.90812219978174,104.11556243896484,8070900,105.36019668026968
2018-01-19 00:00:00+00:00,104.74731616170492,103.56868487609498,104.27586364746094,10514300,104.63417216231481
2018-01-22 00:00:00+00:00,105.19047216186651,103.77611476050562,104.7567367553711,8073600,103.9741239334409
2018-01-23 00:00:00+00:00,104.79445672932538,103.6158255287582,104.10614013671875,7477300,103.9741268239648
2018-01-24 00:00:00+00:00,105.067911518331,103.99300032139574,104.19100952148438,7211800,104.62474498745871
2018-01-25 00:00:00+00:00,105.43563002858345,103.83269450923305,104.23814392089844,6291000,104.28528485158887
2018-01-26 00:00:00+00:00,106.10510728377487,104.35130326306827,105.7845230102539,7743800,104.48330939849394
2018-01-29 00:00:00+00:00,106.02966302832998,104.8887488560488,105.17162322998047,6847800,105.69964772127247
2018-01-30 00:00:00+00:00,106.00138100718085,103.81384164058142,103.82327270507812,8393900,105.05847598375361
2018-01-31 00:00:00+00:00,103.83270891655415,102.27691411201968,102.46549224853516,9841400,103.7949918504921
2018-02-01 00:00:00+00:00,104.33244021423032,101.23028188535095,104.18157196044922,9518900,102.41834420559702
2018-02-02 00:00:00+00:00,104.26644048366754,102.25804815534221,102.4937744140625,9947700,103.67240570766393
2018-02-05 00:00:00+00:00,102.4277538945277,98.07153797975364,98.72213745117188,15107900,100.98511058800938
2018-02-06 00:00:00+00:00,100.13650896065546,95.95001561739333,100.10822296142578,17765100,97.00606462220446
2018-02-07 00:00:00+00:00,101.86202856211936,98.44871698025945,98.77873229980469,12445000,101.67345043489192
2018-02-08 00:00:00+00:00,99.77820978324488,95.41256209301925,95.56342315673828,12667500,99.44819446217718
2018-02-09 00:00:00+00:00,97.82638410720612,94.53564799583796,97.20406341552734,12479700,96.69490109625465
2018-02-12 00:00:00+00:00,98.66558506225522,96.27060534273163,97.48695373535156,9584700,97.99612333182931
2018-02-13 00:00:00+00:00,98.35440949344589,96.55346484452123,98.17526245117188,8447900,96.77976001011628
2018-02-14 00:00:00+00:00,98.77873691621205,96.82692371363322,98.62786865234375,7425700,97.58124345159042
2018-02-15 00:00:00+00:00,99.54246835233953,97.99610491752047,99.17473602294922,6494700,99.3444591898827
2018-02-16 00:00:00+00:00,101.22085180658063,99.18418071726582,100.44766998291016,8746400,99.18418071726582
2018-02-20 00:00:00+00:00,101.42828493281282,99.49532691257744,99.92906951904297,6734500,100.29680187312968
2018-02-21 00:00:00+00:00,100.80599690982676,99.02389948961387,99.05219268798828,6743300,99.94794973736145
2018-02-22 00:00:00+00:00,99.95736414307525,98.9390249851985,99.2313232421875,4462200,99.2973263064687
2018-02-23 00:00:00+00:00,101.23028415422952,99.41047716652487,101.1265640258789,6101100,99.71220648705543
2018-02-26 00:00:00+00:00,103.5404052734375,101.52258896330711,103.5404052734375,8138200,101.8337493684437
2018-02-27 00:00:00+00:00,101.98460448778727,98.8635841612341,98.8824462890625,14179600,101.83373624033604
2018-02-28 00:00:00+00:00,99.54248562049965,97.25122606631753,97.27008819580078,10760800,99.42933442498394
2018-03-01 00:00:00+00:00,98.09040847689161,95.54456779009787,96.7137680053711,10487300,97.30779558061111
2018-03-02 00:00:00+00:00,97.27951018038982,95.64828850765527,97.10978698730469,7835400,96.1763130222337
2018-03-05 00:00:00+00:00,98.03383044808758,96.57232487353743,97.50580596923828,5736700,96.84576817688267
2018-03-06 00:00:00+00:00,98.95788731140365,97.6001088599537,98.9484634399414,6216200,98.06213034442928
2018-03-07 00:00:00+00:00,98.28841151646458,96.90234006720189,97.67552185058594,6214800,97.79810410003806
2018-03-08 00:00:00+00:00,98.61842516523933,97.56237622636223,98.09040069580078,6627000,98.05268363458462
2018-03-09 00:00:00+00:00,98.7693050702144,97.72267987773766,98.75045013427734,5618400,98.46757573865861
2018-03-12 00:00:00+00:00,99.89135457431433,98.74100936278052,99.16531372070312,6485300,98.74100936278052
2018-03-13 00:00:00+00:00,99.7876477807209,97.51524305215698,97.80754852294922,6716700,99.7876477807209
2018-03-14 00:00:00+00:00,98.67501324816561,97.5623850202791,97.96783447265625,6235900,98.56186205431808
2018-03-15 00:00:00+00:00,98.33555783308493,97.34550476074219,97.34550476074219,5174600,98.06211453506843
2018-03-16 00:00:00+00:00,98.31669662069676,96.96834224553797,96.99663543701172,10468000,97.64723496502965
2018-03-19 00:00:00+00:00,97.07207671582958,95.23341465690243,95.6860122680664,6528300,96.93064670652363
2018-03-20 00:00:00+00:00,96.31775005671682,94.99768157865161,95.56342315673828,8330300,95.74257741408694
2018-03-21 00:00:00+00:00,97.06264804147098,95.62942833853396,96.006591796875,6136400,95.7048624689611
2018-03-22 00:00:00+00:00,95.83686135892114,94.67709226486276,94.85623931884766,8911600,95.50684605548153
2018-03-23 00:00:00+00:00,95.33713764561949,92.82900656321883,92.91387176513672,7505100,95.0919802991619
2018-03-26 00:00:00+00:00,95.02597167561412,93.42303593629082,94.90339660644531,7340100,94.15850073889315
2018-03-27 00:00:00+00:00,95.40312906434427,93.24387573124909,93.68704223632812,7193500,95.12025468422743
2018-03-28 00:00:00+00:00,94.36594651908524,92.54613934234793,92.91387176513672,9099700,93.81905982075492
2018-03-29 00:00:00+00:00,95.49741237796614,93.21558412086574,94.70537567138672,9343600,93.35702130241033
2018-04-02 00:00:00+00:00,95.22397898525156,92.19725463800647,93.02701568603516,8203700,94.46022819676574
2018-04-03 00:00:00+00:00,93.809609624839,92.12180893412379,93.74360656738281,8484700,93.15901011385483
2018-04-04 00:00:00+00:00,95.37484172404909,92.17839436512718,95.1862564086914,8759200,92.81013898553842
2018-04-05 00:00:00+00:00,96.53462577855045,95.21456433573906,96.28004455566406,6612800,95.57286569967424
2018-04-06 00:00:00+00:00,96.3554550619199,93.77189042880069,94.6205062866211,7162400,95.82742342050189
2018-04-09 00:00:00+00:00,95.71428463688856,93.8944777738076,94.00762176513672,7094300,94.9505267264472
2018-04-10 00:00:00+00:00,95.73314408016236,94.5922298864915,95.58228302001953,8116800,95.1579714511671
2018-04-11 00:00:00+00:00,95.84629046882512,94.67709033456521,95.0448226928711,6305000,95.02596056517677
2018-04-12 00:00:00+00:00,95.71428984649143,93.98877194686504,94.65823364257812,7337800,95.62942465458153
2018-04-13 00:00:00+00:00,95.72370330489086,94.44135924548769,94.6205062866211,6324600,95.23339591692437
2018-04-16 00:00:00+00:00,95.23340208972652,94.03591594159043,94.51679229736328,10328000,94.94110385067314
2018-04-17 00:00:00+00:00,96.73260430573843,94.99766284915664,96.33658599853516,9577400,95.42196715061827
2018-04-18 00:00:00+00:00,96.84576920694856,95.42198067914316,95.43141174316406,5822100,96.80805214465903
2018-04-19 00:00:00+00:00,95.78029119734113,94.49793982758351,95.12968444824219,6803400,95.23340457328098
2018-04-20 00:00:00+00:00,95.6105655169595,94.20563912415557,94.51679229736328,6396900,95.40312527229166
2018-04-23 00:00:00+00:00,94.96939373922754,93.8473344755376,94.43193817138672,5889800,94.80910161407022
2018-04-24 00:00:00+00:00,95.09196361054424,93.21558475769585,93.78132629394531,6567700,94.83738243705986
2018-04-25 00:00:00+00:00,95.69543167664543,93.39474824242505,95.37484741210938,8977700,93.81905263814502
2018-04-26 00:00:00+00:00,95.59170776405027,94.04534411603578,94.13963317871094,8038400,95.45027776693472
2018-04-27 00:00:00+00:00,94.28106333227238,93.29101745739095,93.56446075439453,8038000,94.0830541572961
2018-04-30 00:00:00+00:00,95.58227605043868,94.40364487922588,94.60165405273438,8558900,94.6770881742025
2018-05-01 00:00:00+00:00,94.95053506877049,93.28159630588787,94.34707641601562,6716200,94.46022761108013
2018-05-02 00:00:00+00:00,94.96939161968638,93.58332013519085,93.93219757080078,9286400,94.45079099834649
2018-05-03 00:00:00+00:00,93.58331351179184,92.1029530719515,93.12129211425781,10450800,93.45130739821069
2018-05-04 00:00:00+00:00,95.56342554491945,92.95158171714726,95.37484741210938,9980100,93.07415678409436
2018-05-07 00:00:00+00:00,96.81748436991546,95.91229644549179,96.62890625,10181100,96.50632399764022
2018-05-08 00:00:00+00:00,96.77976213001664,95.08253036639297,95.9782943725586,14229500,95.4219767191177
2018-05-09 00:00:00+00:00,96.43089185954416,93.63047003273427,94.26221466064453,18345700,96.41203692468169
2018-05-10 00:00:00+00:00,96.24232041528701,94.57338160304738,95.87458801269531,8927300,94.68652560766341
2018-05-11 00:00:00+00:00,96.37433096973746,95.47857398773743,96.24232482910156,7036000,96.07260162059897
2018-05-14 00:00:00+00:00,97.58124783157058,96.15746629482894,96.59120178222656,9891900,96.59120178222656
2018-05-15 00:00:00+00:00,97.42094089133515,96.27059568072217,97.04377746582031,5762400,96.5911871102377
2018-05-16 00:00:00+00:00,99.04273223876953,97.26064254104641,99.04273223876953,8111600,97.35493159293462
2018-05-17 00:00:00+00:00,99.45761630976449,98.14697182390832,98.38269805908203,7320600,99.22189007459076
2018-05-18 00:00:00+00:00,98.80701551120826,97.64723919948416,97.9961166381836,5427300,98.3827039462288
2018-05-21 00:00:00+00:00,98.70329417150812,97.69438612475837,98.11869049072266,5848700,98.26955874142631
2018-05-22 00:00:00+00:00,99.46704375983236,98.05268629788202,98.12812042236328,6971600,98.43928079050293
2018-05-23 00:00:00+00:00,97.43979201187527,96.24230591606053,97.01548767089844,8046600,97.30778589718054
2018-05-24 00:00:00+00:00,96.98722341165387,95.4314284897172,96.28004455566406,7474100,96.94007527706975
2018-05-25 00:00:00+00:00,97.11921795269745,96.1480269241776,96.3648910522461,6982700,96.41203918119723
2018-05-29 00:00:00+00:00,95.84630013402459,93.70590163389846,93.99820709228516,11270400,94.80910601385787
2018-05-30 00:00:00+00:00,94.80910015183684,93.74361290315434,94.27164459228516,7216400,94.7619520245557
2018-05-31 00:00:00+00:00,94.42250849432546,93.16844308634013,93.79076385498047,9620000,94.0642071750987
2018-06-01 00:00:00+00:00,94.33764899432025,93.53617398192065,93.68704223632812,6847700,93.99820261569778
2018-06-04 00:00:00+00:00,94.76194960413382,94.00762274966787,94.51679229736328,6598000,94.06420193971894
2018-06-05 00:00:00+00:00,94.7713804100833,94.0830566177226,94.23392486572266,5974400,94.62994322603176
2018-06-06 00:00:00+00:00,96.11973955169505,94.06420633080316,96.0914535522461,7833000,94.3470735190871
2018-06-07 00:00:00+00:00,97.08149008734631,95.99714798626054,96.61946868896484,7559200,96.09144423367174
2018-06-08 00:00:00+00:00,98.05269779710106,96.016026553813,98.04327392578125,7090300,96.26117669643621
2018-06-11 00:00:00+00:00,98.8070237849984,97.82640164262658,98.39214324951172,8175000,97.9961248440716
2018-06-12 00:00:00+00:00,99.2124682864017,98.02440593579067,98.37328338623047,9215300,98.7504468365286
2018-06-13 00:00:00+00:00,101.72059502773276,96.80806054071775,100.240234375,22009400,97.30779907025634
2018-06-14 00:00:00+00:00,103.23865643160033,100.37222464611091,102.54090881347656,18068700,100.37222464611091
2018-06-15 00:00:00+00:00,103.17267903249227,101.69231824556272,102.63522338867188,16169200,101.99404760360584
2018-06-18 00:00:00+00:00,101.34344382417132,100.4193936562431,100.94741821289062,9288600,100.89084620861983
2018-06-19 00:00:00+00:00,100.88140596067691,99.72163681592227,100.04222106933594,8869500,99.82535694350773
2018-06-20 00:00:00+00:00,101.73945108991788,99.76877589621694,101.03227233886719,18625900,100.8908351498982
2018-06-21 00:00:00+00:00,101.12656683944783,99.74992632661373,99.8442153930664,7707800,100.90027164120248
2018-06-22 00:00:00+00:00,100.70225151858989,99.76877043873375,100.26850891113281,8959100,100.01392773994996
2018-06-25 00:00:00+00:00,100.02336710695414,97.81696560043595,98.4864273071289,7995800,99.94793297819578
2018-06-26 00:00:00+00:00,98.73157056001614,97.97725096130206,98.30726623535156,6550000,98.49584433658173
2018-06-27 00:00:00+00:00,99.83476683056992,97.57180085714973,98.0243911743164,8803300,98.53356067647397
2018-06-28 00:00:00+00:00,99.11816945526856,97.76038404550795,98.78814697265625,6303600,97.97725534604228
2018-06-29 00:00:00+00:00,99.64620429810115,98.67501326392035,98.82587432861328,6774000,98.93902552247887
2018-07-02 00:00:00+00:00,99.35388679608613,97.9678155133217,99.31616973876953,5488900,98.20354172620563
2018-07-03 00:00:00+00:00,99.90079085743216,97.59067627718109,98.09984588623047,2406300,99.8347877892477
2018-07-05 00:00:00+00:00,99.57076460926103,98.46756750739867,99.32560729980469,6202800,98.7221486871384
2018-07-06 00:00:00+00:00,99.83887906521277,98.88839469549629,99.59175109863281,4134500,99.32561663537143
2018-07-09 00:00:00+00:00,100.81788234635522,99.56324319944376,100.77035522460938,4725200,99.810371179605
2018-07-10 00:00:00+00:00,101.29312390493799,99.63928305184756,100.77986145019531,4213600,100.98896918193721
2018-07-11 00:00:00+00:00,103.92596353614367,100.10501933881923,102.69033813476562,11753800,100.10501933881923
2018-07-12 00:00:00+00:00,103.79290334822386,102.4812373633547,102.88994598388672,5931400,102.69985198664348
2018-07-13 00:00:00+00:00,104.78139791627923,102.32915368274871,104.55328369140625,8188800,102.65231489701705
2018-07-16 00:00:00+00:00,104.98099113817776,103.38417717690221,104.74337005615234,8245900,104.3821886220569
2018-07-17 00:00:00+00:00,107.04354804200088,104.63881659154326,104.83842468261719,9075900,104.80040443915644
2018-07-18 00:00:00+00:00,105.56078864000366,104.22060948941319,105.20911407470703,6414100,104.84792538392234
2018-07-19 00:00:00+00:00,109.00155029349065,105.78891566121057,106.57781219482422,17796800,106.01702988468799
2018-07-20 00:00:00+00:00,106.64434172870115,105.34218280340819,105.95999908447266,11787900,106.59682186192397
2018-07-23 00:00:00+00:00,105.70336279460176,104.87643880654913,105.58930206298828,5447800,105.55128907073716
2018-07-24 00:00:00+00:00,106.34969134670266,105.06653894859315,105.21861267089844,5648800,106.30216422944602
2018-07-25 00:00:00+00:00,105.9029646777175,104.20159681875617,105.67485046386719,6756800,105.1615880439889
2018-07-26 00:00:00+00:00,108.88747710730472,106.15008498366875,107.88947296142578,9466400,106.59681375680391
2018-07-27 00:00:00+00:00,108.40273374893388,106.37819761550942,107.04354095458984,5717000,108.35520663484975
2018-07-30 00:00:00+00:00,107.72789018240827,106.50177178153709,107.05304718017578,5199300,106.64433862934541
2018-07-31 00:00:00+00:00,108.4027389953438,106.79641818293562,107.93699645996094,8421200,106.97701252325223
2018-08-01 00:00:00+00:00,108.19363784346409,107.01503200060012,107.376220703125,6466600,108.05106373728955
2018-08-02 00:00:00+00:00,107.70888239847024,106.15008870036829,107.16710662841797,4027300,106.92948554941925
2018-08-03 00:00:00+00:00,108.45026462557108,106.83444410528121,108.44075775146484,4747500,107.59482724651518
2018-08-06 00:00:00+00:00,111.05458013880627,108.50728922206183,110.19915008544922,12715600,108.98253136353557
2018-08-07 00:00:00+00:00,112.06210493256405,110.48429745025533,110.7884521484375,15466900,110.79795902227382
2018-08-08 00:00:00+00:00,110.64589726954203,108.26017929192045,108.33621978759766,11722900,110.16114817412583
2018-08-09 00:00:00+00:00,109.11560308723931,107.22413406492912,108.50729370117188,7042000,108.40273984560217
2018-08-10 00:00:00+00:00,108.16512340520103,106.83444384673663,107.10057830810547,5740200,107.95601568509117
2018-08-13 00:00:00+00:00,107.25265627565722,106.18811838809448,106.56831359863281,6080900,107.08157604511648
2018-08-14 00:00:00+00:00,107.58532204797405,106.40671627497416,107.16710662841797,4326400,106.81542482091673
2018-08-15 00:00:00+00:00,107.51878845175179,105.95048787980541,107.26215362548828,5183200,106.62533087406673
2018-08-16 00:00:00+00:00,107.71839457198686,106.8344438245552,106.91048431396484,5082500,107.68988120136329
2018-08-17 00:00:00+00:00,107.2716657612304,106.3496947690939,106.91048431396484,4764500,106.93899768458841
2018-08-20 00:00:00+00:00,107.40472382088588,106.36869943471844,106.44473266601562,5167600,107.3381902112386
2018-08-21 00:00:00+00:00,107.40473194886873,106.45424759533891,106.82493591308594,4770400,106.69186868372137
2018-08-22 00:00:00+00:00,107.16712214255531,106.39723205566406,106.39723205566406,3213000,106.87247428246032
2018-08-23 00:00:00+00:00,106.58731374901774,106.00751771908628,106.4542465209961,4257400,106.39721978087827
2018-08-24 00:00:00+00:00,107.1195803093402,105.92197528343833,106.38771057128906,5049000,106.1025623737201
2018-08-27 00:00:00+00:00,107.30017509154985,106.52077823349899,106.76790618896484,4767700,106.91997991043773
2018-08-28 00:00:00+00:00,107.20511686978931,106.64432740482765,107.0055160522461,3131600,106.9960091795195
2018-08-29 00:00:00+00:00,107.13858518530385,106.4732418632754,106.88195037841797,4001500,107.00551797122202
2018-08-30 00:00:00+00:00,106.85344651013348,106.06454277679029,106.37820434570312,3481600,106.52077844535621
2018-08-31 00:00:00+00:00,106.72037929876448,106.03602942163232,106.47325134277344,4642800,106.35919786433138
2018-09-04 00:00:00+00:00,106.45424156143184,105.17108920722066,105.3611831665039,6391200,106.2641476021486
2018-09-05 00:00:00+00:00,105.3326752483276,104.26813016704415,104.42971801757812,6388300,105.10456103505976
2018-09-06 00:00:00+00:00,104.9429891535558,103.94497760372342,104.8004150390625,5267200,104.55328705738216
2018-09-07 00:00:00+00:00,105.83643168917487,104.56278613172239,105.47525024414062,4754800,104.62931974663975
2018-09-10 00:00:00+00:00,106.36869907283061,104.90495241395105,105.19960021972656,4636500,105.92197030173898
2018-09-11 00:00:00+00:00,105.13307934158651,104.08754795909618,104.17308807373047,5488600,105.02852547817544
2018-09-12 00:00:00+00:00,104.79089199722789,103.7738741064579,104.04000854492188,5236700,103.84040771607388
2018-09-13 00:00:00+00:00,105.23762874184108,103.95447631540267,105.19010162353516,5119400,104.12556378903581
2018-09-14 00:00:00+00:00,105.74138400747383,103.4887334858999,103.84992218017578,6012400,105.42772243137743
2018-09-17 00:00:00+00:00,104.43922551459053,103.23211349126129,103.94497680664062,5592900,104.15408453941119
2018-09-18 00:00:00+00:00,104.3156522014422,102.87091925232627,104.1065444946289,4937800,103.49823512114644
2018-09-19 00:00:00+00:00,104.72437180870625,104.05903562727921,104.35368347167969,5964600,104.2016024864275
2018-09-20 00:00:00+00:00,106.40671001970627,104.49624187803248,106.09305572509766,7121800,105.10455122437926
2018-09-21 00:00:00+00:00,106.43524640288433,104.93347930908203,104.93347930908203,25753600,106.40672577949628
2018-09-24 00:00:00+00:00,107.53779325220465,106.1690935380275,107.18611145019531,9232300,106.71086929961933
2018-09-25 00:00:00+00:00,109.03005723218183,107.0720618219802,108.00353240966797,12169400,107.69937771243644
2018-09-26 00:00:00+00:00,110.56034065069962,108.36472409593294,109.50530242919922,11141500,108.36472409593294
2018-09-27 00:00:00+00:00,110.82646596054403,109.40073953587591,110.29419708251953,5195300,109.4862868921982
2018-09-28 00:00:00+00:00,111.64388395557047,109.63836152134279,111.1496353149414,7366800,109.92350970930318
2018-10-01 00:00:00+00:00,111.58686403175963,109.95202979109098,110.48429870605469,8643900,111.47280329928738
2018-10-02 00:00:00+00:00,111.87199736494793,109.59084088385254,111.833984375,6441700,109.82846195493494
2018-10-03 00:00:00+00:00,112.25220337349442,110.959544041795,111.12113189697266,6111700,112.10962926674722
2018-10-04 00:00:00+00:00,111.36826547776465,109.41977663255047,110.3797607421875,6442800,111.2066848555431
2018-10-05 00:00:00+00:00,110.80746279644373,109.04906827015334,109.09658813476562,5835700,110.25618015527859
2018-10-08 00:00:00+00:00,110.40825146543528,108.46926276906414,110.27517700195312,5652300,109.14410570111767
2018-10-09 00:00:00+00:00,111.9385354091677,110.29420159304509,111.10211181640625,6761400,110.84548424018372
2018-10-10 00:00:00+00:00,111.42529474769236,107.14811474251957,107.27167510986328,9006500,111.05459914241956
2018-10-11 00:00:00+00:00,107.64234737418758,104.85742807479502,105.64633178710938,10045400,106.92948414654396
2018-10-12 00:00:00+00:00,107.661365927536,105.72238411260624,107.03404998779297,5963900,106.42574054553646
2018-10-15 00:00:00+00:00,108.94453185731267,106.34970608028317,107.82295989990234,6628800,106.38772632903178
2018-10-16 00:00:00+00:00,110.60787031600505,108.20313873444272,110.43678283691406,7619000,108.6783809261821
2018-10-17 00:00:00+00:00,111.41577807631498,109.71441019810366,111.33023071289062,7120600,110.35123298026863
2018-10-18 00:00:00+00:00,111.33023388028919,109.8569874282148,110.42727661132812,6056300,110.96905242302884
2018-10-19 00:00:00+00:00,113.26922372656821,111.41578205508777,113.0125961303711,10431000,111.60587603363227
2018-10-22 00:00:00+00:00,113.76347349257266,111.89101817399657,112.41378021240234,8406400,113.15516409233535
2018-10-23 00:00:00+00:00,112.62288917994643,109.69540287812994,112.01457977294922,8607400,111.15914240322812
2018-10-24 00:00:00+00:00,111.2636938500738,105.74138218843655,106.08355712890625,11630500,111.2636938500738
2018-10-25 00:00:00+00:00,109.0110492316696,106.56830481372447,108.50729370117188,7406900,107.0435469748159
2018-10-26 00:00:00+00:00,108.48828439079254,106.54929542404405,107.5853271484375,7984700,107.25265182077177
2018-10-29 00:00:00+00:00,109.24867069219002,106.41622421152093,107.4427490234375,9234100,108.78292815153422
2018-10-30 00:00:00+00:00,109.20115130285689,106.84395406974565,109.07759094238281,7365400,107.77542471373269
2018-10-31 00:00:00+00:00,110.75043287738046,109.0015451603784,109.14411926269531,9196700,110.4747987982865
2018-11-01 00:00:00+00:00,110.5223142722976,109.21064853667392,110.35122680664062,6779900,109.4957894783557
2018-11-02 00:00:00+00:00,111.1591378002111,108.70689377738304,109.4767837524414,6377900,111.04508432338459
2018-11-05 00:00:00+00:00,110.46529069595452,109.41975937662386,109.73341369628906,7920800,110.00905502393788
2018-11-06 00:00:00+00:00,111.0545982692042,109.73342548034657,110.93103790283203,5036600,110.00906683759597
2018-11-07 00:00:00+00:00,111.48231038074123,109.45778132402576,111.25419616699219,8249800,110.797960487874
2018-11-08 00:00:00+00:00,111.9955678348859,109.50529633550042,110.25617980957031,11074800,111.63437915654202
2018-11-09 00:00:00+00:00,114.24821288138826,111.37775341268545,112.15715026855469,16878200,112.34724423276867
2018-11-12 00:00:00+00:00,112.59438632858334,110.82648468320188,110.9215316772461,9170600,112.1571643546833
2018-11-13 00:00:00+00:00,111.94805296672087,110.4272793567362,111.06410217285156,4650600,111.3112301506055
2018-11-14 00:00:00+00:00,112.36625577318628,110.67439486940374,111.32072448730469,7109100,111.62487917504514
2018-11-15 00:00:00+00:00,111.61538060147127,109.97103943972255,111.31122589111328,7088700,110.72192296721079
2018-11-16 00:00:00+00:00,111.52983407661833,110.2466816092461,110.43678283691406,7141900,110.75994404651907
2018-11-19 00:00:00+00:00,111.99556563937821,109.10609252737,109.70489501953125,9714600,110.25617764816076
2018-11-20 00:00:00+00:00,108.9159920419745,105.99800554213748,106.33068084716797,11194600,107.89897413490739
2018-11-21 00:00:00+00:00,108.34569919143767,106.73938571684545,107.43323516845703,7242500,106.92947966894245
2018-11-23 00:00:00+00:00,107.2051393987043,106.20712784963919,106.5302963256836,3242300,106.68237006317102
2018-11-26 00:00:00+00:00,107.5758228146941,106.3782104610293,106.97702026367188,7002400,107.5758228146941
2018-11-27 00:00:00+00:00,108.45026395413669,106.84395031789802,108.26016998291016,7357500,107.98452864849756
2018-11-28 00:00:00+00:00,110.5413280193816,108.40273832447919,110.35122680664062,9039800,108.65936589715477
2018-11-29 00:00:00+00:00,111.33973883361936,109.50530370431487,110.83598327636719,10834700,110.01856613574735
2018-11-30 00:00:00+00:00,111.27320565371522,109.36273002672102,109.77143859863281,16857800,111.05459105643297
2018-12-03 00:00:00+00:00,111.13062790879415,109.22015959596422,110.0090560913086,9273300,110.87400032628359
2018-12-04 00:00:00+00:00,110.53182851874912,107.08157285807734,107.28117370605469,10806700,109.89500572973277
2018-12-06 00:00:00+00:00,108.67837627021036,105.65584302179411,108.66887664794922,10546200,106.51127312898058
2018-12-07 00:00:00+00:00,109.18612111434986,106.90642400729247,107.26083374023438,8305500,109.06160233092827
2018-12-10 00:00:00+00:00,107.55776810252245,104.91408062090542,107.14588928222656,7337500,107.27040806682977
2018-12-11 00:00:00+00:00,108.92750874686882,106.73401514786391,107.25125885009766,6861800,108.2091159339669
2018-12-12 00:00:00+00:00,109.17654348049149,107.42366342615547,107.48113250732422,7723900,108.23784041014473
2018-12-13 00:00:00+00:00,108.81256115510593,107.60565920664001,108.61141204833984,6661500,108.11332958985282
2018-12-14 00:00:00+00:00,109.11907290524674,107.32788490661083,107.4715576171875,7601900,107.63439886895655
2018-12-17 00:00:00+00:00,108.13247734016419,105.39300570526528,105.95814514160156,7731800,107.55776459538777
2018-12-18 00:00:00+00:00,106.39875974279548,104.31063114281221,104.83744812011719,6682300,106.19761064514785
2018-12-19 00:00:00+00:00,107.4045174326161,104.35853146473038,104.61715698242188,9416900,105.36428437509518
2018-12-20 00:00:00+00:00,104.60757066395948,101.65736910834949,102.49070739746094,9387300,104.16695728480259
2018-12-21 00:00:00+00:00,104.1669569843292,99.4830364686979,99.82786560058594,15530600,101.98304402095137
2018-12-24 00:00:00+00:00,99.52134407537322,96.1209487915039,96.1209487915039,7133000,98.87958163723825
2018-12-26 00:00:00+00:00,101.3891643009511,96.14968522218791,101.37001037597656,9422800,96.25505007922064
2018-12-27 00:00:00+00:00,102.05966378394407,98.46770012155096,102.03092193603516,8201400,100.00985043856791
2018-12-28 00:00:00+00:00,103.9466480521047,101.71484658937504,102.77806854248047,7620500,102.75890730829913
2018-12-31 00:00:00+00:00,105.04817614146314,103.01752396486435,105.02902221679688,7241700,104.51177855637954
2019-01-02 00:00:00+00:00,104.54052713534018,103.18995237500415,104.37769317626953,9723500,103.54435483793795
2019-01-03 00:00:00+00:00,104.07115817118587,101.47536673627506,101.84893035888672,10594700,103.90832424499484
2019-01-04 00:00:00+00:00,106.08267151242148,102.73017173550524,104.99071502685547,10122800,103.39109545861555
2019-01-07 00:00:00+00:00,106.7052689458333,104.69377075106105,105.90066528320312,6714700,105.27806409301012
2019-01-08 00:00:00+00:00,107.8163826759868,106.48496201710032,106.72442626953125,8730700,107.08841661026246
2019-01-09 00:00:00+00:00,108.04627902421628,106.85853101108466,107.9217529296875,5931900,107.0884219665827
2019-01-10 00:00:00+00:00,108.15165240589148,106.80107034044549,108.0462875366211,6160100,107.27041828946
2019-01-11 00:00:00+00:00,108.16119840640681,107.02135367516601,107.90258026123047,4819100,107.45238635308263
2019-01-14 00:00:00+00:00,107.95048028315814,106.7340051164376,107.68228149414062,6980600,106.94473482434248
2019-01-15 00:00:00+00:00,108.4102651700605,105.94857275398329,107.05010986328125,9800900,107.56735356611341
2019-01-16 00:00:00+00:00,107.28957271443961,106.14013984295885,106.23593139648438,5899900,106.75316778460079
2019-01-17 00:00:00+00:00,106.5711674260582,105.51752623153054,106.33170318603516,6392000,106.05392379066419
2019-01-18 00:00:00+00:00,107.21293526828568,106.15929402036633,106.36044311523438,8554700,107.14588556999632
2019-01-22 00:00:00+00:00,106.63822659035503,105.12481070513059,105.9389877319336,6986700,105.95814896524338
2019-01-23 00:00:00+00:00,107.1267313359591,105.36427783271647,106.43708038330078,6845600,106.50413008597046
2019-01-24 00:00:00+00:00,106.42748795489356,105.29721644399443,105.8910903930664,6716800,106.32212310412484
2019-01-25 00:00:00+00:00,106.80105771061292,105.99646132173615,106.40833282470703,5706900,106.77232316927719
2019-01-28 00:00:00+00:00,106.31254363721591,105.3163715060077,106.14012908935547,6178800,106.09224062531405
2019-01-29 00:00:00+00:00,106.25508341934832,105.36427606575039,106.22634887695312,5253700,105.98688461316733
2019-01-30 00:00:00+00:00,105.91982480846038,104.36809389630729,105.48878479003906,7853800,105.65162602786152
2019-01-31 00:00:00+00:00,106.83937455097609,105.37385445682052,106.8202133178711,8351600,105.46005808218534
2019-02-01 00:00:00+00:00,107.32788220721022,106.25507971204757,106.60948944091797,6557700,107.25125189158379
2019-02-04 00:00:00+00:00,107.26083924967888,106.01562212002558,107.08842468261719,7037000,106.7148610052951
2019-02-05 00:00:00+00:00,107.98880104905798,106.75316458587199,107.91217803955078,13619800,107.29914280840819
2019-02-06 00:00:00+00:00,109.11907497778046,106.3891838069346,106.71485900878906,14229000,109.05202527561474
2019-02-07 00:00:00+00:00,106.42748394402217,105.18226701342984,106.27422332763672,8658100,106.37001486681184
2019-02-08 00:00:00+00:00,106.83939586343824,105.42176395351565,106.81066131591797,6395500,105.80490830548425
2019-02-11 00:00:00+00:00,107.09798966051709,104.64587806005359,104.82787322998047,11086400,107.05967450327621
2019-02-12 00:00:00+00:00,106.15929594334995,104.5500958473873,104.59798431396484,7610200,105.5654219564089
2019-02-13 00:00:00+00:00,105.82404563988186,104.62672437783874,105.55583953857422,6919700,104.63629768626939
2019-02-14 00:00:00+00:00,106.80105633948475,104.92365748167217,105.9964599609375,6324300,105.22059081548807
2019-02-15 00:00:00+00:00,107.88343081840173,106.35086108652106,107.8451156616211,8197300,106.70527080584021
2019-02-19 00:00:00+00:00,108.97538643244897,108.0750058320623,108.72634887695312,8169600,108.15163614507743
2019-02-20 00:00:00+00:00,109.28190061070673,108.51561940252083,108.8891830444336,7081500,108.81255273125434
2019-02-21 00:00:00+00:00,109.71295212685598,108.11333253809278,109.4734878540039,9480100,108.62099562728005
2019-02-22 00:00:00+00:00,110.89111072446397,109.14781113450643,110.39302825927734,8734700,109.79915423997791
2019-02-25 00:00:00+00:00,110.91984124365169,108.67845210962226,108.80297088623047,9327700,110.74742669488019
2019-02-26 00:00:00+00:00,109.20527545950429,108.09415786384527,108.71676635742188,8956000,108.86044636484243
2019-02-27 00:00:00+00:00,108.72636139556053,107.72060851807535,108.0271224975586,7249500,108.33363647704184
2019-02-28 00:00:00+00:00,108.64972656242239,107.99838346958154,108.08458709716797,6716700,108.142063490095
2019-03-01 00:00:00+00:00,109.61716294172015,108.668879202274,109.20528411865234,6996900,108.668879202274
2019-03-04 00:00:00+00:00,109.59799866812043,108.32404707538136,109.51179504394531,6015000,109.59799866812043
2019-03-05 00:00:00+00:00,109.71294527311387,108.96581795774738,109.1957015991211,5225100,109.41601193184493
2019-03-06 00:00:00+00:00,110.20144821680081,109.19569546698371,110.00987243652344,7352800,109.19569546698371
2019-03-07 00:00:00+00:00,110.05777630697675,108.68804043564609,109.20528411865234,6324000,110.00988053141587
2019-03-08 00:00:00+00:00,109.04242930179787,108.14204875778753,109.0136947631836,6549100,108.67844629956973
2019-03-11 00:00:00+00:00,110.15356491853468,109.22444237561487,109.91410064697266,6952700,109.23402299268083
2019-03-12 00:00:00+00:00,110.44091379954638,109.23401194671463,109.89493560791016,9920300,109.885354991813
2019-03-13 00:00:00+00:00,110.00987952414742,108.92750370035375,109.28190612792969,17994500,110.00029890754911
2019-03-14 00:00:00+00:00,109.93325154759404,109.12865512506757,109.65547943115234,17409600,109.31065030496401
2019-03-15 00:00:00+00:00,110.61333174657763,108.88918618958857,110.11524200439453,14932700,109.67462865269046
2019-03-18 00:00:00+00:00,109.19571008436375,107.72060926417447,108.35279846191406,21769800,108.2665875222815
2019-03-19 00:00:00+00:00,108.9179296546441,105.17271220437569,105.3642807006836,45384400,108.18995621450858
2019-03-20 00:00:00+00:00,106.20718270657902,103.4964529205083,105.35469055175781,35588700,105.66120450284106
2019-03-21 00:00:00+00:00,105.50795445563014,103.80297009307424,104.08074951171875,27438900,105.46005868046517
2019-03-22 00:00:00+00:00,104.40641571225221,102.97921079137983,103.66886901855469,24133800,103.76465325946917
2019-03-25 00:00:00+00:00,104.47346950589309,102.79721964665715,103.2474136352539,18187500,103.91791065580051
2019-03-26 00:00:00+00:00,105.68995871238019,103.70719462372956,105.4983901977539,16693100,103.83172073532
2019-03-27 00:00:00+00:00,106.40833101156687,105.10565221003986,105.6324691772461,10794800,105.79530311395334
2019-03-28 00:00:00+00:00,106.58075493038567,105.59416329933724,106.04435729980469,11748900,105.93899243553062
2019-03-29 00:00:00+00:00,106.89684645709869,105.73784029119719,106.35086822509766,16358800,106.85853129774623
2019-04-01 00:00:00+00:00,108.11333041249523,106.68611811269082,107.76850128173828,10785100,106.88726722098747
2019-04-02 00:00:00+00:00,108.534781909276,107.203361170947,107.2416763305664,9231800,108.38152857866787
2019-04-03 00:00:00+00:00,108.34320798367786,107.48113520516351,107.77806854248047,10534900,107.95048309818334
2019-04-04 00:00:00+00:00,110.01946551108952,108.26658528936673,109.91410064697266,14378400,108.4677344005345
2019-04-05 00:00:00+00:00,110.27806796694033,109.49262556065197,110.15354919433594,10907900,110.12481465510943
2019-04-08 00:00:00+00:00,110.94858024158408,109.80872805069303,110.11524200439453,11054200,110.15355716209085
2019-04-09 00:00:00+00:00,112.22252541764043,110.42174964816215,111.93516540527344,17340300,110.7378442001921
2019-04-10 00:00:00+00:00,113.05585744040435,111.37960773637224,112.22252655029297,14091100,112.62482472537216
2019-04-11 00:00:00+00:00,112.89302859648191,111.41792791351138,111.68612670898438,12784500,112.76850981511777
2019-04-12 00:00:00+00:00,125.38348436888549,121.03481971060572,124.57888793945312,65253500,122.51950108931906
2019-04-15 00:00:00+00:00,127.10762248488692,124.32025507403985,126.47543334960938,32773700,125.52716426243116
2019-04-16 00:00:00+00:00,126.56166047068974,124.0999607631673,124.42562866210938,14564300,126.1976701037903
2019-04-17 00:00:00+00:00,126.78195572019939,123.83175434544683,126.19766235351562,14253700,124.33941739666112
2019-04-18 00:00:00+00:00,127.27046992546003,125.58464666827032,126.86817169189453,11890600,126.21683587061884
2019-04-22 00:00:00+00:00,126.62868969705832,125.50799878554865,126.13059997558594,10197500,126.34132968021896
2019-04-23 00:00:00+00:00,128.5827413057839,127.05973742137577,127.73982238769531,12159300,127.7685569311993
2019-04-24 00:00:00+00:00,130.02911071306994,127.12680465978332,129.40650939941406,11449500,127.50036837112495
2019-04-25 00:00:00+00:00,133.0271837101888,129.15743327815548,131.456298828125,16382500,129.6555230063429
2019-04-26 00:00:00+00:00,134.13829937889804,131.71492212985632,134.0233612060547,14167600,132.85477439635008
2019-04-29 00:00:00+00:00,136.3700870651991,131.81069331939767,133.42947387695312,25746100,136.1976798325713
2019-04-30 00:00:00+00:00,133.5156743257417,130.29727451807727,131.19766235351562,15253100,133.25704886719873
2019-05-01 00:00:00+00:00,132.34709538187198,130.49843845104093,130.63253784179688,8906700,131.6957596598395
2019-05-02 00:00:00+00:00,129.97161976220337,126.80111540404228,128.4869384765625,16580400,129.6746864282228
2019-05-03 00:00:00+00:00,129.60764117310003,128.1421209871543,128.6689453125,8874400,129.52143754233603
2019-05-06 00:00:00+00:00,129.6267940376885,126.72448839678049,129.31069946289062,9955600,126.95436473064193
2019-05-07 00:00:00+00:00,130.23982928719093,127.16510160703008,127.81645202636719,10972700,129.64596257029413
2019-05-08 00:00:00+00:00,129.981202542616,127.6919247111573,129.30113220214844,15423500,127.87391989446918
2019-05-09 00:00:00+00:00,130.72831967948298,127.24172077312717,127.96011352539062,15297100,129.33942994825455
2019-05-10 00:00:00+00:00,128.65937249168917,125.69958294923305,128.3911590576172,9858500,127.4045674153783
2019-05-13 00:00:00+00:00,127.06930986370064,125.04823106098733,125.804931640625,11389900,125.95819226446524
2019-05-14 00:00:00+00:00,128.98503319769276,126.48502572541523,127.58655548095703,12001700,127.89307675093583
2019-05-15 00:00:00+00:00,129.51185859287398,126.47543887240856,129.00418090820312,9734100,126.96395532360873
2019-05-16 00:00:00+00:00,130.6516771925084,129.1286882073842,129.78961181640625,9689400,129.58845543358956
2019-05-17 00:00:00+00:00,130.24940228032986,128.3815838883811,129.34901428222656,8964200,128.60188692544708
2019-05-20 00:00:00+00:00,128.73598796222086,127.63445814720863,128.2666473388672,8009000,128.5923152439982
2019-05-21 00:00:00+00:00,128.89880770588013,127.50033022637278,128.43902587890625,7050300,128.89880770588013
2019-05-22 00:00:00+00:00,128.51567412550668,127.76854682203765,128.20916748046875,5093700,128.18043293923827
2019-05-23 00:00:00+00:00,127.92180995274431,126.38923285038487,127.13636016845703,6743300,127.11721355108791
2019-05-24 00:00:00+00:00,127.67274561058089,126.64784628087887,127.19381713867188,4570100,127.49076506847459
2019-05-28 00:00:00+00:00,128.39116120819853,127.00227131519658,127.031005859375,8938400,127.59615266494295
2019-05-29 00:00:00+00:00,126.58080516055946,125.26854565992363,126.02526092529297,7749600,126.3988245956212
2019-05-30 00:00:00+00:00,127.08844458090037,125.8049198618211,126.62867736816406,5274000,126.3221707649186
2019-05-31 00:00:00+00:00,127.32792550509403,125.26853877695615,126.47543334960938,7420700,125.44096063918552
2019-06-03 00:00:00+00:00,127.34709640952923,125.9486332515398,126.8873291015625,7901400,126.45629633685998
2019-06-04 00:00:00+00:00,129.19575948793454,127.31835329848838,129.13829040527344,8247500,127.8260163496458
2019-06-05 00:00:00+00:00,130.26855917253678,129.25323303515137,130.21109008789062,6842800,129.70342701919793
2019-06-06 00:00:00+00:00,131.64786954780348,130.0099276328284,131.4275665283203,6027300,130.7570549299783
2019-06-07 00:00:00+00:00,132.91220752041264,131.54247927884268,132.22254943847656,7026300,131.8011047135025
2019-06-10 00:00:00+00:00,133.02719120450706,130.33561524419034,131.29347229003906,8479500,133.02719120450706
2019-06-11 00:00:00+00:00,131.94482117293637,129.25324494524097,129.38734436035156,6352200,131.79156052259853
2019-06-12 00:00:00+00:00,130.5367791678147,129.13831582861937,130.00038146972656,5537000,129.39692675150687
2019-06-13 00:00:00+00:00,135.87202745706327,131.81070833124753,135.76666259765625,17939500,132.13637621823702
2019-06-14 00:00:00+00:00,136.92565217606747,134.6076400416027,135.68043518066406,11125200,136.06358674156996
2019-06-17 00:00:00+00:00,135.51760030479178,133.2474839582106,135.0290985107422,8542700,134.87583788744675
2019-06-18 00:00:00+00:00,137.46206372769564,133.11339903318216,133.3720245361328,11231400,136.0061314953743
2019-06-19 00:00:00+00:00,135.1249037604799,132.7398343966315,134.98121643066406,6877100,133.63063445538586
2019-06-20 00:00:00+00:00,136.23599285325722,134.0137722813677,136.03485107421875,8485800,135.99652861057692
2019-06-21 00:00:00+00:00,136.01567750037458,134.09996373276368,134.3202667236328,14150000,135.9677817330371
2019-06-24 00:00:00+00:00,134.55016541222378,131.992689138571,133.35284423828125,10497400,134.21490963722508
2019-06-25 00:00:00+00:00,134.4927049458149,132.8260285033061,134.04251098632812,14675400,133.16128429977087
2019-06-26 00:00:00+00:00,134.80882157952928,133.63064675272196,134.48313903808594,8842100,134.4448311827198
2019-06-27 00:00:00+00:00,135.7666471352649,133.06548356486746,133.42947387695312,6466300,135.05782774218673
2019-06-28 00:00:00+00:00,134.30112768202258,132.76855073522316,133.75514221191406,20078800,133.53483920862288
2019-07-01 00:00:00+00:00,135.9677951974091,133.35284973807825,135.68043518066406,8972400,134.53100972942153
2019-07-02 00:00:00+00:00,136.83945577958724,135.31646661089812,136.5233612060547,7554100,135.44097808599517
2019-07-03 00:00:00+00:00,136.97353745121438,136.01568054596115,136.95437622070312,4150900,136.68617745649112
2019-07-05 00:00:00+00:00,137.7157869725535,135.60508705668573,137.29171752929688,5596000,136.29901619906008
2019-07-08 00:00:00+00:00,137.07970489297392,135.86533605129367,135.9135284423828,4993900,137.03151250188478
2019-07-09 00:00:00+00:00,136.58816458443496,134.68949926798544,136.48214721679688,7396300,134.98827147507873
2019-07-10 00:00:00+00:00,139.02653590604564,136.86764367640882,138.3422393798828,9533700,137.24352072423062
2019-07-11 00:00:00+00:00,140.07706948480578,138.34224659429353,138.3615264892578,10471100,138.79522853532313
2019-07-12 00:00:00+00:00,140.16381542656393,138.78560433144008,139.6337432861328,8510000,138.9301667867846
2019-07-15 00:00:00+00:00,140.0963600805298,138.75669405007963,139.80722045898438,5289200,139.87469274338753
2019-07-16 00:00:00+00:00,139.73973889356333,138.60246049904006,139.07472229003906,5854700,139.5084242947833
2019-07-17 00:00:00+00:00,139.4409904121728,137.21464009612157,137.40740966796875,5296400,139.3639002309382
2019-07-18 00:00:00+00:00,137.301365574913,135.09428088041687,136.5014190673828,8031700,137.301365574913
2019-07-19 00:00:00+00:00,137.08934364219914,134.6798713005943,134.785888671875,6109900,137.08934364219914
2019-07-22 00:00:00+00:00,136.3182846319376,134.9400590572354,135.74000549316406,7706400,136.135162414451
2019-07-23 00:00:00+00:00,137.37843904680548,135.1906492191068,136.14479064941406,7514500,136.5206676657091
2019-07-24 00:00:00+00:00,136.46286091220617,135.31594981787097,136.17372131347656,5896600,136.27973867613574
2019-07-25 00:00:00+00:00,138.0434808878609,135.9327808307324,138.0242156982422,7294400,136.27974542514056
2019-07-26 00:00:00+00:00,139.9325178591586,137.8700101260148,139.4120635986328,8139400,138.53502684432436
2019-07-29 00:00:00+00:00,141.8215398685897,139.91324184167738,141.0890655517578,11674100,140.3180314409465
2019-07-30 00:00:00+00:00,141.4842104885869,139.37351048893368,139.68191528320312,6563100,140.48186181814597
2019-07-31 00:00:00+00:00,139.74939670644451,137.18571458908784,137.83145141601562,9710700,139.73976411126728
2019-08-01 00:00:00+00:00,139.2963867299771,136.1447934026917,136.71343994140625,8911700,138.149475765556
2019-08-02 00:00:00+00:00,137.07004873813574,134.87261137968622,136.57852172851562,6539100,135.88459259361045
2019-08-05 00:00:00+00:00,135.15211295919525,132.06799142889005,133.29200744628906,10669700,134.10158659057203
2019-08-06 00:00:00+00:00,136.80983192782116,133.359465888106,136.73272705078125,18818900,135.32560348699474
2019-08-07 00:00:00+00:00,130.95001467241184,127.47073558297619,129.97659301757812,29084500,130.04405060442107
2019-08-08 00:00:00+00:00,133.0028832239523,131.0849378020514,132.89686584472656,14054800,132.9064984405641
2019-08-09 00:00:00+00:00,134.19795743087144,131.80775062505734,133.5040283203125,8811900,132.1354499928907
2019-08-12 00:00:00+00:00,132.5884226155682,130.3331458111213,130.83432006835938,7918900,132.33782813382467
2019-08-13 00:00:00+00:00,132.92575744439887,130.1114957456142,132.0487060546875,8145400,130.1114957456142
2019-08-14 00:00:00+00:00,130.25605496911132,127.87549537379161,128.0393524169922,11797700,130.16931750359373
2019-08-15 00:00:00+00:00,129.41756261909876,127.67310719379951,128.57907104492188,7590100,128.66580850992284
2019-08-16 00:00:00+00:00,130.59338458119646,128.98385902306384,130.3042449951172,6353800,129.16698125112237
2019-08-19 00:00:00+00:00,132.6366210679216,129.41756973559296,130.3909912109375,11741800,131.83667453211817
2019-08-20 00:00:00+00:00,131.1138225242228,128.43449082358356,130.23678588867188,8628000,128.50196309891442
2019-08-21 00:00:00+00:00,131.13310320745535,129.1958929925439,130.84396362304688,6325000,129.7356123734396
2019-08-22 00:00:00+00:00,131.7210214229351,129.81272360235496,131.1523895263672,6967100,131.268039483296
2019-08-23 00:00:00+00:00,131.49936948697982,126.27563503166147,126.90209197998047,10190900,130.60303809717055
2019-08-26 00:00:00+00:00,129.76452344941532,127.75020838682738,129.73561096191406,8093800,129.33082143064638
2019-08-27 00:00:00+00:00,131.065647839687,129.33082501034377,129.61996459960938,6013600,130.8536131213089
2019-08-28 00:00:00+00:00,131.77886741911587,128.68511292783245,131.6053924560547,5950500,129.2055525232692
2019-08-29 00:00:00+00:00,133.6582271545622,132.4438585296525,132.84864807128906,6532700,133.11850776571345
2019-08-30 00:00:00+00:00,133.48477650586614,131.80777835154132,132.2896728515625,5622200,133.2823743451059
2019-09-03 00:00:00+00:00,131.48007131534698,130.16931790940944,131.37405395507812,5997400,131.43187893227014
2019-09-04 00:00:00+00:00,133.19563808447552,131.45118233142273,132.89686584472656,4285400,131.78851436702823
2019-09-05 00:00:00+00:00,134.2268758131353,133.31127935673615,133.81243896484375,5143500,133.8895438367643
2019-09-06 00:00:00+00:00,134.74732970874902,133.24382131132862,134.4967498779297,4090000,134.09196028679744
2019-09-09 00:00:00+00:00,135.00753136100806,133.46546346141798,133.80279541015625,5458700,134.52563698066734
2019-09-10 00:00:00+00:00,133.42692825690554,129.70670277708462,130.8728790283203,10974600,133.11850877166108
2019-09-11 00:00:00+00:00,131.30659997716916,130.04402421350568,131.25840759277344,7896400,130.65121590313956
2019-09-12 00:00:00+00:00,133.64861214349725,131.595736970744,132.52098083496094,7333900,131.88487659745257
2019-09-13 00:00:00+00:00,133.21489533067705,132.14508912449085,133.0221405029297,5209100,132.85829816403188
2019-09-16 00:00:00+00:00,132.27038081438877,130.4006281807922,130.8825225830078,6329300,131.35476968517906
2019-09-17 00:00:00+00:00,131.77884350167272,130.75722968794577,131.37405395507812,4726500,130.8825269426955
2019-09-18 00:00:00+00:00,132.10655586453785,130.80543492485842,131.84632873535156,6857900,131.4704516404167
2019-09-19 00:00:00+00:00,132.38604896834022,128.1839286149679,128.4730682373047,12216100,132.03908436278647
2019-09-20 00:00:00+00:00,128.40559873187163,126.84426532621296,127.4803695678711,25231600,128.21284388155922
2019-09-23 00:00:00+00:00,128.07790482914967,127.11411594046432,127.66348266601562,6096100,127.21050071183339
2019-09-24 00:00:00+00:00,129.29227590132427,126.73824118205724,127.19122314453125,11904000,129.1573460426885
2019-09-25 00:00:00+00:00,128.58872779685262,126.46839491861948,128.2706756591797,6523000,127.0177470064159
2019-09-26 00:00:00+00:00,128.47306130486695,124.38659113843542,126.51657104492188,11615100,128.3188515537749
2019-09-27 00:00:00+00:00,126.25633936550165,124.25165679250541,125.2540054321289,8401300,125.38893528289545
2019-09-30 00:00:00+00:00,126.12140690477011,125.11907299213975,125.60096740722656,5532500,125.62987989563173
2019-10-01 00:00:00+00:00,127.00807807002803,124.82027352816527,124.85883331298828,5978500,126.0635692293501
2019-10-02 00:00:00+00:00,124.54078895018546,122.9505359718482,124.46368408203125,8296100,123.85649243672296
2019-10-03 00:00:00+00:00,124.7431853096281,122.92163230240817,123.50953674316406,8498700,123.94325349592563
2019-10-04 00:00:00+00:00,125.7166072157358,123.95287203409838,125.55276489257812,6732900,124.0299768990401
2019-10-07 00:00:00+00:00,126.80570170520485,124.36730246856932,126.15995025634766,5784100,125.55277330191889
2019-10-08 00:00:00+00:00,125.33110359040556,123.72157787282624,123.81796264648438,6526000,125.19617373103519
2019-10-09 00:00:00+00:00,125.14799441357347,123.42280404891883,124.64682006835938,5004600,124.42515273934701
2019-10-10 00:00:00+00:00,125.42749007467792,124.21312132378269,124.65645599365234,4512000,124.54080602868667
2019-10-11 00:00:00+00:00,126.24671264730371,125.13834659432915,125.31183624267578,6559000,125.58169595676927
2019-10-14 00:00:00+00:00,125.58169719393375,124.79138323326606,125.00341796875,3710300,125.41785484492372
2019-10-15 00:00:00+00:00,126.15031960644536,124.71426895280871,125.06123352050781,5914700,125.30218072845857
2019-10-16 00:00:00+00:00,127.05630595219537,125.00343067106537,126.12142944335938,7610800,125.06125565820936
2019-10-17 00:00:00+00:00,128.60798997720767,125.78408092304065,127.57672882080078,8005100,127.73093857047397
2019-10-21 00:00:00+00:00,126.95989973816917,125.31182905775346,125.54312896728516,6257100,126.68040744540151
2019-10-22 00:00:00+00:00,128.83928513599045,127.31651170953702,127.60563659667969,9291600,128.32847822703758
2019-10-23 00:00:00+00:00,127.87550625674447,126.02503330363042,126.38164520263672,5970800,127.65383892391748
2019-10-24 00:00:00+00:00,126.93098724947771,124.93595199851386,125.54312896728516,5746300,126.75751231732895
2019-10-25 00:00:00+00:00,126.98880922717528,125.32145869160063,126.15995025634766,6696000,125.77444061206748
2019-10-28 00:00:00+00:00,127.29725111461815,125.42749812761751,125.80337524414062,8940300,126.69005934706048
2019-10-29 00:00:00+00:00,126.03467774428552,124.75283675094093,124.7913818359375,9305100,125.77445062524151
2019-10-30 00:00:00+00:00,125.59130997697235,124.47331149464644,124.90702819824219,10880000,124.99376565646163
2019-10-31 00:00:00+00:00,125.43712143431425,124.08782283549692,125.2154541015625,9628300,124.83957701287397
2019-11-01 00:00:00+00:00,127.99117029206248,125.78408545088864,127.94297790527344,8507600,126.24671471656147
2019-11-04 00:00:00+00:00,129.28265048977786,127.67312469153198,128.10682678222656,7631800,129.26337059282963
2019-11-05 00:00:00+00:00,127.96226433333318,126.15033638258362,126.69005584716797,7404500,127.96226433333318
2019-11-06 00:00:00+00:00,126.89244812180168,125.92865923685332,126.51657104492188,9132500,126.834623141705
2019-11-07 00:00:00+00:00,128.85858015585433,126.97919463757336,128.1453857421875,18047600,127.55747389223782
2019-11-08 00:00:00+00:00,135.17137957983473,131.78848617657872,132.9643096923828,24175900,135.1424670922535
2019-11-11 00:00:00+00:00,133.5425705929695,131.27767579068706,131.78848266601562,10138400,132.52095684231236
2019-11-12 00:00:00+00:00,134.29433335456443,131.7884911958362,133.56185913085938,17284000,133.0317723279311
2019-11-13 00:00:00+00:00,144.49121463528803,131.88485540980898,143.3346710205078,45725400,133.56185321030273
2019-11-14 00:00:00+00:00,145.17552922158197,140.98304155163666,141.821533203125,28393600,142.64075966478154
2019-11-15 00:00:00+00:00,141.86972013814577,138.9880008000963,139.43133544921875,13733400,141.81189515836903
2019-11-18 00:00:00+00:00,143.64308696388784,138.4868253241702,142.3034210205078,15353100,139.50843917514695
2019-11-19 00:00:00+00:00,144.06714739406087,141.48420043880049,143.00698852539062,11504300,142.81421899813225
2019-11-20 00:00:00+00:00,143.59489909959467,140.7420777710433,141.60948181152344,9448400,142.72748035286452
2019-11-21 00:00:00+00:00,142.12996370780985,140.96377255771438,141.58059692382812,6241400,141.83119147354031
2019-11-22 00:00:00+00:00,144.0286390667251,141.36857185674427,142.92027282714844,9639400,141.87939358683428
2019-11-25 00:00:00+00:00,144.7707207979667,142.351601520037,144.26954650878906,11316800,143.41177507286474
2019-11-26 00:00:00+00:00,147.85486686402095,145.15625485337046,146.14895629882812,24949900,146.2549736719475
2019-11-27 00:00:00+00:00,147.0452767758336,145.67668362198472,145.99473571777344,6155400,146.7850496599608
2019-11-29 00:00:00+00:00,146.94888168592894,145.54174354636686,146.0911102294922,6284900,145.99472546556663
2019-12-02 00:00:00+00:00,147.4307880759854,143.70092976766273,145.16587829589844,10351000,147.4018755857078
2019-12-03 00:00:00+00:00,143.71057504806916,141.55168244384572,143.19976806640625,9273800,142.39018885466723
2019-12-04 00:00:00+00:00,143.92261064621357,142.81424449162628,142.91062927246094,7684800,143.89369815321373
2019-12-05 00:00:00+00:00,143.4406943372055,141.77334376739034,142.1010284423828,7363300,143.30576448831152
2019-12-06 00:00:00+00:00,143.22866103793686,141.85043534046744,142.3130645751953,7084900,143.02625890946206
2019-12-09 00:00:00+00:00,143.13227569266914,140.13489180451123,140.9155731201172,11515000,142.6022035943419
2019-12-10 00:00:00+00:00,141.5324120190195,139.79758898212225,140.8095703125,7084100,139.99997642444652
2019-12-11 00:00:00+00:00,142.5347450906663,141.44565888749085,142.24560546875,8253700,142.05285062288985
2019-12-12 00:00:00+00:00,143.53705492797425,141.91789684806238,142.409423828125,7748300,142.5636335613308
2019-12-13 00:00:00+00:00,143.30144534073585,141.85679083243198,141.92466735839844,9350100,142.94269689301123
2019-12-16 00:00:00+00:00,144.12556505602365,142.0894911943627,143.9413604736328,9134400,143.09783042189568
2019-12-17 00:00:00+00:00,143.94137340082773,143.12692898865862,143.23358154296875,8776100,143.59233002257292
2019-12-18 00:00:00+00:00,143.4468833915217,141.74045735570277,141.80831909179688,9467800,143.27236910354134
2019-12-19 00:00:00+00:00,142.33188513240873,140.8969356943336,141.70166015625,10243900,141.73074586960308
2019-12-20 00:00:00+00:00,143.3790022292937,141.3332234070983,142.40943908691406,12629900,142.67121048341775
2019-12-23 00:00:00+00:00,141.87620130625382,139.9370746810788,140.2764129638672,9314000,141.46898649029052
2019-12-24 00:00:00+00:00,141.00356662300607,140.053398845948,140.86782836914062,3508500,140.17944679395168
2019-12-26 00:00:00+00:00,141.42048399901913,140.75148304731303,141.26535034179688,4422000,140.97447843309513
2019-12-27 00:00:00+00:00,142.0506901743472,141.02295561406544,141.31382751464844,5495300,141.60469941523144
2019-12-30 00:00:00+00:00,141.43019330847216,139.0353707828694,139.3941192626953,6602800,141.31385044710257
2019-12-31 00:00:00+00:00,140.36365877894852,138.8996089810624,140.22792053222656,5662900,139.29713341587646
2020-01-02 00:00:00+00:00,143.6892547607422,140.68361789558458,143.6892547607422,9502100,140.86782246539903
2020-01-03 00:00:00+00:00,143.39839825247742,141.60471512290806,142.041015625,7320200,141.94405338259688
2020-01-06 00:00:00+00:00,141.58531191654905,139.91766204073036,141.2168731689453,8262500,141.11022062592107
2020-01-07 00:00:00+00:00,142.3997374708099,140.99387383883786,141.26535034179688,6906500,141.54653194480719
2020-01-08 00:00:00+00:00,141.68227911242076,140.41215365199864,140.9744873046875,6984200,141.06175923884197
2020-01-09 00:00:00+00:00,142.16703035975158,140.2085089168907,140.42181396484375,6664200,142.01189672590252
2020-01-10 00:00:00+00:00,141.07143623594297,139.86917262177724,140.2182159423828,5152500,140.87752656768637
2020-01-13 00:00:00+00:00,140.3442782194262,138.99658591500028,139.50076293945312,9921300,140.3442782194262
2020-01-14 00:00:00+00:00,142.25428803428684,137.95911614582303,140.78054809570312,14839100,139.0450367926331
2020-01-15 00:00:00+00:00,141.27504501490938,139.54920909581853,139.92735290527344,6818200,141.27504501490938
2020-01-16 00:00:00+00:00,141.0035651462159,140.04370707334905,140.7030029296875,6948400,140.67391721804668
2020-01-17 00:00:00+00:00,141.20718291152215,139.62679017189998,139.9370574951172,10355300,141.1102206744267
2020-01-21 00:00:00+00:00,140.1891242675426,138.65721280307966,139.1904754638672,9250200,139.8497860611205
2020-01-22 00:00:00+00:00,140.38304335920697,139.17108940979122,139.6267852783203,7550000,140.0533954356122
2020-01-23 00:00:00+00:00,139.23897490067307,136.36906125408632,137.87188720703125,11082000,139.2292845944231
2020-01-24 00:00:00+00:00,137.92035648574233,134.96318595371392,135.81640625,13076300,137.09622190006968
2020-01-27 00:00:00+00:00,133.53795936605354,130.89105549730743,131.76365661621094,12831800,131.7248805907685
2020-01-28 00:00:00+00:00,134.7014155787575,131.72486408642433,134.15846252441406,10390000,132.345383976297
2020-01-29 00:00:00+00:00,134.45901297176465,131.6569760093774,131.91876220703125,9382700,134.3814609373989
2020-01-30 00:00:00+00:00,133.65429984802148,130.7262146924017,133.61550903320312,11847300,130.9782958112766
2020-01-31 00:00:00+00:00,134.44932409752013,132.88832678940278,134.10028076171875,12379100,134.1875378970791
2020-02-03 00:00:00+00:00,137.50347366433473,135.49647054142568,137.01869201660156,12639900,135.53524656372514
2020-02-04 00:00:00+00:00,141.158699804379,138.88992551416575,140.3248748779297,23519700,141.0617523630096
2020-02-05 00:00:00+00:00,142.81665588179848,134.35237366972396,137.067138671875,27824100,142.13796463126073
2020-02-06 00:00:00+00:00,139.56862826890853,136.92172471246312,138.35667419433594,9504600,137.60041603535154
2020-02-07 00:00:00+00:00,137.6682912571873,135.8551979186826,136.72781372070312,10948900,137.57132901439797
2020-02-10 00:00:00+00:00,138.25001525878906,136.1848556712644,138.25001525878906,8162100,136.73749901067728
2020-02-11 00:00:00+00:00,138.63783955281647,136.18484597733368,136.7180938720703,10790100,138.50210130417014
2020-02-12 00:00:00+00:00,137.89125005272015,136.58233409438256,137.5325164794922,8168200,137.03802988465668
2020-02-13 00:00:00+00:00,137.58102877114803,136.53391340777654,136.61146545410156,7543100,136.8732516921255
2020-02-14 00:00:00+00:00,136.9798920267927,134.89533699888133,135.2928466796875,9110500,136.80537774658913
2020-02-18 00:00:00+00:00,135.40920632661891,133.8966900317482,134.905029296875,8214900,134.78868644168833
2020-02-19 00:00:00+00:00,137.55191084636758,134.99226488049982,136.999267578125,7080900,135.3800989931214
2020-02-20 00:00:00+00:00,137.31925443699888,134.6238696558949,136.09759521484375,5981700,137.31925443699888
2020-02-21 00:00:00+00:00,135.62250995130245,134.36207478781034,134.74020385742188,7725800,135.60311454419497
2020-02-24 00:00:00+00:00,130.34809209534322,127.21640678654293,128.96160888671875,19336500,128.85495633220918
2020-02-25 00:00:00+00:00,129.86330348148095,124.0847074254236,124.28831481933594,21032500,129.679084097721
2020-02-26 00:00:00+00:00,124.46282243639405,118.41275017914397,119.60531616210938,31195900,122.2813126478312
2020-02-27 00:00:00+00:00,119.15931260793936,114.3308848664435,114.44723510742188,30827500,116.1633586280692
2020-02-28 00:00:00+00:00,114.70902256581516,109.76425160709846,114.0691146850586,35389900,111.02468675608797
2020-03-02 00:00:00+00:00,116.32819366455078,112.49841466282655,116.32819366455078,21775900,115.50405904328682
2020-03-03 00:00:00+00:00,118.07340566583282,111.64520429357874,112.90563201904297,19529700,117.46258351098956
2020-03-04 00:00:00+00:00,115.61070743239186,111.96515533020343,115.55253601074219,13842100,115.33923093512037
2020-03-05 00:00:00+00:00,113.40011271922722,108.69773260672235,110.51081848144531,22397200,113.30315787717997
2020-03-06 00:00:00+00:00,112.34327942416058,106.96220124284532,111.76153564453125,22899600,107.38881137532564
2020-03-09 00:00:00+00:00,107.06886578114194,101.10605054879167,101.17391967773438,26233600,105.38182786372302
2020-03-10 00:00:00+00:00,108.18386275825293,99.3123580704121,108.06751251220703,24083700,104.80977959472332
2020-03-11 00:00:00+00:00,105.5854331324346,99.72927056264156,102.29861450195312,24771300,105.12003954532054
2020-03-12 00:00:00+00:00,96.95631940912702,88.8507705147496,89.01559448242188,40392900,94.64876167017465
2020-03-13 00:00:00+00:00,99.73897310771275,89.44220884151004,99.39962005615234,40960100,97.71258209067749
2020-03-16 00:00:00+00:00,95.2886706361376,87.26068847956633,92.11820220947266,35379500,89.00590520802974
2020-03-17 00:00:00+00:00,94.49362638088624,88.37568509864526,90.68324279785156,27526200,92.88415535295042
2020-03-18 00:00:00+00:00,86.6207636794559,76.66335391145742,86.09720611572266,43592500,84.92402825688283
2020-03-19 00:00:00+00:00,94.43546425208172,82.51953074146506,92.04064178466797,30866800,85.32156800813974
2020-03-20 00:00:00+00:00,94.03792993081524,83.2272990893565,83.36304473876953,31957800,93.06836675933339
2020-03-23 00:00:00+00:00,84.62346717150102,78.62186914540085,83.14973449707031,32246600,81.91838520328736
2020-03-24 00:00:00+00:00,96.15158956610715,89.00591286250575,95.13355255126953,32538100,89.51978022197343
2020-03-25 00:00:00+00:00,102.69613645448605,92.60298698745952,97.66410827636719,28533000,97.5962391455542
2020-03-26 00:00:00+00:00,104.45104271124156,97.73196970177946,102.1531753540039,24520300,97.76105541309465
2020-03-27 00:00:00+00:00,98.40097791579561,92.6320792003879,93.46590423583984,30591500,97.39263118926812
2020-03-30 00:00:00+00:00,97.40232090826414,89.29677173781224,96.76241302490234,23119200,93.07806980299497
2020-03-31 00:00:00+00:00,100.02013688497999,93.23319491774137,93.65979766845703,21563200,97.16961889164226
2020-04-01 00:00:00+00:00,94.43544935753664,89.74276001069518,92.03092956542969,18303900,90.6541517104971
2020-04-02 00:00:00+00:00,94.29971362864535,91.33284537251178,94.01853942871094,13936500,91.33284537251178
2020-04-03 00:00:00+00:00,93.97006365559494,89.88820346748102,91.02259063720703,14814600,93.37862951127347
2020-04-06 00:00:00+00:00,97.14053691198102,91.64310808551808,96.54910278320312,20407400,94.29971651212627
2020-04-07 00:00:00+00:00,102.66705533529081,97.19871901679379,98.15858459472656,22899600,101.66840633841782
2020-04-08 00:00:00+00:00,99.2347912281702,95.64741037641066,97.9937515258789,22562500,97.4701865145035
2020-04-09 00:00:00+00:00,104.70312458608393,100.37887373847808,101.31935119628906,31453600,104.63525546011716
2020-04-13 00:00:00+00:00,101.67809674440285,96.57819217611734,100.34979248046875,17306000,101.52296307977684
2020-04-14 00:00:00+00:00,104.36377742284746,100.73761329399571,102.80278015136719,19866900,102.28891286271465
2020-04-15 00:00:00+00:00,101.68779005071833,99.57414188950051,100.2237548828125,14157600,101.21270613384998
2020-04-16 00:00:00+00:00,100.56308716829368,97.81922178578945,98.91482543945312,18029300,100.37886780990138
2020-04-17 00:00:00+00:00,103.53963986553295,101.17390363659459,103.38450622558594,17926900,102.97729151649365
2020-04-20 00:00:00+00:00,101.66840013120552,98.89544872231518,99.14753723144531,17021000,100.4273603896116
2020-04-21 00:00:00+00:00,98.42035873819246,96.11279367627182,97.4798812866211,16101400,96.96601399382764
2020-04-22 00:00:00+00:00,99.50625874172907,97.81922101128092,97.91617584228516,11463800,98.70152698693231
2020-04-23 00:00:00+00:00,99.4093186476194,96.43275977173558,97.92588806152344,17132200,97.58654240411268
2020-04-24 00:00:00+00:00,98.81787676598547,96.49092367254691,98.11009979248047,13614100,98.68213851360971
2020-04-27 00:00:00+00:00,103.27785389385312,98.51730311590555,102.83185577392578,15518300,98.89543211752174
2020-04-28 00:00:00+00:00,106.71012715159097,102.75431477929719,102.97731018066406,16503700,105.4787850993475
2020-04-29 00:00:00+00:00,109.2697660427723,105.25577512020058,108.83346557617188,20139800,106.59377702584445
2020-04-30 00:00:00+00:00,106.95251376485652,103.60752369811674,104.85826110839844,18638700,106.10899851868014
2020-05-01 00:00:00+00:00,103.6560052033686,101.29026862962384,102.2889175415039,13209100,103.12274248480149
2020-05-04 00:00:00+00:00,100.66974543121694,97.48957942617541,100.0395278930664,19514800,98.90514076270341
2020-05-05 00:00:00+00:00,101.97865760998997,97.82892830005753,97.98405456542969,30169800,98.42036244347297
2020-05-06 00:00:00+00:00,102.06590602608055,95.8510102954297,97.80952453613281,51992400,98.39126832381568
2020-05-07 00:00:00+00:00,102.39557205163815,98.73062427090062,102.3567886352539,20868800,98.75001228050259
2020-05-08 00:00:00+00:00,105.85692005445283,103.3845307117708,105.83753204345703,24079700,105.73087949002803
2020-05-11 00:00:00+00:00,105.49816899928894,103.17122324642072,104.48982238769531,20555900,105.10065193542634
2020-05-12 00:00:00+00:00,106.10899845666803,101.30965620180865,101.37752532958984,17049700,105.74055970827284
2020-05-13 00:00:00+00:00,101.35813240205788,98.50761437920823,99.78743743896484,21085800,101.3193489884677
2020-05-14 00:00:00+00:00,102.69612981994995,96.62666966455237,102.68643951416016,22002200,98.87605593683958
2020-05-15 00:00:00+00:00,106.05082335170351,101.0963546584932,105.73087310791016,29766000,101.78475106077505
2020-05-18 00:00:00+00:00,116.1342696470981,110.98589183294047,113.29344940185547,40044600,110.98589183294047
2020-05-19 00:00:00+00:00,112.92502001688581,109.96784948317338,110.8889389038086,20332600,111.5967158530711
2020-05-20 00:00:00+00:00,117.19110902827438,112.50811690179408,116.27001953125,25749900,112.87654826229564
2020-05-21 00:00:00+00:00,116.63845165558129,112.95410867137687,114.2436294555664,17578300,115.70766450808425
2020-05-22 00:00:00+00:00,114.96111154973397,113.27407360566758,114.42784881591797,9288200,113.92367919254862
2020-05-26 00:00:00+00:00,118.78119278980424,116.76449950607612,117.26866912841797,16466400,117.36563136868172
2020-05-27 00:00:00+00:00,120.01252600743031,116.06640426690382,117.83100891113281,19345400,119.91557117147526
2020-05-28 00:00:00+00:00,118.26732940650724,112.46933787180474,113.1965103149414,18606000,117.89889063445574
2020-05-29 00:00:00+00:00,114.16606732885212,110.64655555953354,113.72976684570312,17745100,112.65355109694335
2020-06-01 00:00:00+00:00,116.00824204478086,113.37102887345316,115.15502166748047,10538300,113.69098651494079
2020-06-02 00:00:00+00:00,116.20214576627225,114.2436313953633,115.13562774658203,10753100,115.37801854183799
2020-06-03 00:00:00+00:00,118.7230062159464,115.68827618217999,118.46122741699219,12584300,116.3378817253307
2020-06-04 00:00:00+00:00,120.71061387603581,118.14127001289305,119.9252700805664,14195100,118.23822484982337
2020-06-05 00:00:00+00:00,123.92956351997631,120.49730902639892,121.0208740234375,16581600,122.4655210688414
2020-06-08 00:00:00+00:00,123.56113188674061,120.16766081550121,123.40599822998047,13858100,121.29235023829271
2020-06-09 00:00:00+00:00,121.9613502473011,119.75074743577889,120.11917877197266,10882800,121.80621659173751
2020-06-10 00:00:00+00:00,120.32278691251958,117.24927346461553,118.46122741699219,11497100,120.2452200842443
2020-06-11 00:00:00+00:00,114.40845275146556,108.8334645877289,109.21159362792969,26078800,114.0206260084653
2020-06-12 00:00:00+00:00,113.4388883108544,109.45398318098077,111.97484588623047,18361900,111.66458597477174
2020-06-15 00:00:00+00:00,114.52481087572697,108.3099070487201,113.51646423339844,14156400,108.66864810519229
2020-06-16 00:00:00+00:00,117.80192094674574,112.51780481788293,114.8350601196289,12951200,117.54983246034075
2020-06-17 00:00:00+00:00,115.60102635298607,113.57463537003281,114.0691146850586,8921600,115.02898020478364
2020-06-18 00:00:00+00:00,114.9223305577545,112.40146759335877,114.76720428466797,9577300,113.3225497197328
2020-06-19 00:00:00+00:00,116.46392851394246,110.86954498291016,110.86954498291016,23496300,116.32819026439871
2020-06-22 00:00:00+00:00,112.65355562734108,109.66729906209135,112.39176940917969,12868000,110.71442914037587
2020-06-23 00:00:00+00:00,113.87519149613703,112.44024214521245,113.04136657714844,10187600,113.40010761346957
2020-06-24 00:00:00+00:00,112.46932669554903,106.68103343982415,108.65894317626953,22252500,112.32389074193777
2020-06-25 00:00:00+00:00,108.11599412543175,105.19760683241873,107.9705581665039,17240400,105.67269072754824
2020-06-26 00:00:00+00:00,107.81543164913874,104.73222018370588,105.77935028076172,15270900,107.57304083392289
2020-06-29 00:00:00+00:00,108.1741753980186,104.80978961594091,108.12569427490234,12584300,105.68239805176782
2020-06-30 00:00:00+00:00,108.63956234372854,106.58408564329697,108.11599731445312,10565900,108.10629961099052
2020-07-01 00:00:00+00:00,112.08150043581138,108.8722487255779,109.5703353881836,11930900,109.38611601966824
2020-07-02 00:00:00+00:00,111.59672493359167,108.591080436656,108.7656021118164,10312000,111.49977009120929
2020-07-06 00:00:00+00:00,111.0440602379109,109.46367505389487,110.94710540771484,11933400,110.36536902935909
2020-07-07 00:00:00+00:00,111.57734180830775,109.18251937100953,110.17147064208984,10836500,110.17147064208984
2020-07-08 00:00:00+00:00,113.56492612584736,109.37641372329901,113.10923767089844,13629500,110.02602663866287
2020-07-09 00:00:00+00:00,114.26302345048141,111.86820112499879,113.25467681884766,13582900,112.9638122925485
2020-07-10 00:00:00+00:00,115.80462672393077,112.67293444813534,115.7076644897461,14207900,113.27406627305277
2020-07-13 00:00:00+00:00,116.47361269645297,112.36266721814174,112.68262481689453,15620200,116.28940073728756
2020-07-14 00:00:00+00:00,115.45558512115144,111.05376740119172,115.04837036132812,12425100,111.72276836174433
2020-07-15 00:00:00+00:00,118.37396712950869,116.05671168126695,117.2201919555664,15314200,117.92796894670694
2020-07-16 00:00:00+00:00,116.33789017679955,114.02063464329068,115.79493713378906,10210100,114.13698489415596
2020-07-17 00:00:00+00:00,115.9209720528578,113.49706408991126,115.0386734008789,9843500,115.28106419717355
2020-07-20 00:00:00+00:00,114.88353284377854,113.26436419705732,114.20484161376953,8947900,114.45693009799271
2020-07-21 00:00:00+00:00,116.72571376864056,114.07881035890655,115.00959014892578,8946300,114.45693941743997
2020-07-22 00:00:00+00:00,115.66888304732485,114.34057891140492,115.40709686279297,7063300,114.59266739353721
2020-07-23 00:00:00+00:00,115.71736170641101,113.4485874618761,114.5248031616211,7255800,115.24227782905778
2020-07-24 00:00:00+00:00,114.61205560683375,112.01362614754883,114.03031921386719,8233300,112.17845010273977
2020-07-27 00:00:00+00:00,113.84611324322968,112.15907528606104,112.7698974609375,9413000,113.63280814804666
2020-07-28 00:00:00+00:00,113.28376009572867,111.18950744212394,112.64385223388672,6821100,111.94576555029175
2020-07-29 00:00:00+00:00,113.1577121173643,111.60641258739194,112.09119415283203,9496500,112.68262825444332
2020-07-30 00:00:00+00:00,112.7505087555817,109.9193859030408,112.13968658447266,9713500,111.4125141629322
2020-07-31 00:00:00+00:00,113.48737458879879,110.64655414019322,113.38072204589844,9601000,111.71307217201665
2020-08-03 00:00:00+00:00,113.55523780538618,111.8391069023606,112.80867004394531,10229200,112.63414838257287
2020-08-04 00:00:00+00:00,114.74780452163007,112.23663935624144,113.7200698852539,17293900,112.43054903953421
2020-08-05 00:00:00+00:00,126.343777442754,119.52774937249838,123.72595977783203,53000200,119.61501390649184
2020-08-06 00:00:00+00:00,127.62360828738645,121.78683370213177,126.83826446533203,27238000,123.09574253794916
2020-08-07 00:00:00+00:00,127.9241655857686,124.74399960729494,125.97533416748047,16088600,126.25651576847635
2020-08-10 00:00:00+00:00,127.32304945684557,124.57918376234612,124.87004089355469,8529200,125.80082809650418
2020-08-11 00:00:00+00:00,128.71922393975188,126.04323444218072,126.51832580566406,13885700,126.55710182981906
2020-08-12 00:00:00+00:00,128.95192572318894,126.51832703739105,127.77874755859375,12204200,126.69284133933137
2020-08-13 00:00:00+00:00,128.32169123552953,126.47951233924007,126.9739990234375,6468600,126.66373170830501
2020-08-14 00:00:00+00:00,127.09035350952746,125.79114229572623,126.55709075927734,6507600,126.05291372318983
2020-08-17 00:00:00+00:00,126.17894844832661,124.62764148198768,125.43238067626953,7492200,126.14017243162999
2020-08-18 00:00:00+00:00,125.64569935911635,124.45314069129745,124.99609375,6714600,125.50027078780718
2020-08-19 00:00:00+00:00,126.2565147872128,123.55143270653768,123.8810806274414,7624200,125.3160373465948
2020-08-20 00:00:00+00:00,124.54037843881524,122.6788190441612,124.22042083740234,4918100,122.94060522610974
2020-08-21 00:00:00+00:00,124.40464957291417,123.35752695772625,123.5611343383789,6064700,123.83261084591577
2020-08-24 00:00:00+00:00,126.89642333569631,124.03620775073196,126.71220397949219,7613600,124.24950541922479
2020-08-25 00:00:00+00:00,127.10002700631783,125.37420582056764,125.83959197998047,5494400,126.84794591879405
2020-08-26 00:00:00+00:00,128.56407461900795,125.57781845756197,128.15684509277344,8447800,126.04320460908268
2020-08-27 00:00:00+00:00,132.20963919020215,128.77739195493905,129.65968322753906,13667600,128.95190623049933
2020-08-28 00:00:00+00:00,132.63625572251556,129.5142608701148,131.4145965576172,11020100,130.406257285892
2020-08-31 00:00:00+00:00,131.41459568699705,127.25517587644026,127.8563003540039,11617500,131.13342885553178
2020-09-01 00:00:00+00:00,129.54335514763977,126.90614174650264,129.4851837158203,7351200,127.90479077770213
2020-09-02 00:00:00+00:00,131.78301704858367,129.2039756074755,131.26914978027344,8187800,129.56272402082425
2020-09-03 00:00:00+00:00,133.06286918892414,128.0017477098009,129.1846160888672,12079200,131.12374263889566
2020-09-04 00:00:00+00:00,130.7746856007797,125.48086416294316,127.97264862060547,11248300,129.67907448032085
2020-09-08 00:00:00+00:00,132.9658897307307,126.87703433541604,130.11537170410156,17257300,127.97264542854673
2020-09-09 00:00:00+00:00,131.42427936492348,128.2344085247458,129.30093383789062,8891800,130.19293010235785
2020-09-10 00:00:00+00:00,132.58776372151348,128.69982072921417,129.1652069091797,9853400,129.5142502427438
2020-09-11 00:00:00+00:00,129.669395933366,127.10004441348917,127.73995971679688,7165300,129.669395933366
2020-09-14 00:00:00+00:00,128.88403183913658,126.91581968446928,127.25517272949219,8391900,128.4962124685624
2020-09-15 00:00:00+00:00,128.5058960546766,127.02246558798234,127.24547576904297,7289100,127.45878085001233
2020-09-16 00:00:00+00:00,129.55302580071154,127.40059438375837,128.06959533691406,6601000,128.14716216569326
2020-09-17 00:00:00+00:00,127.75934135532827,124.68582792260017,126.25651550292969,6723500,126.57647312010046
2020-09-18 00:00:00+00:00,126.80916532723953,124.22043334001103,124.71492004394531,9916300,125.55843529979492
2020-09-21 00:00:00+00:00,123.02785999855011,119.82829884007187,121.59291076660156,10352700,122.1455614324646
2020-09-22 00:00:00+00:00,123.59021562585298,120.90452156419497,123.33812713623047,6978800,121.44748195701112
2020-09-23 00:00:00+00:00,123.42539624896553,119.1593167610738,119.52774810791016,8323600,123.20239346194612
2020-09-24 00:00:00+00:00,120.0319278740185,117.1038428491764,118.76179504394531,8480000,118.21884201562715
2020-09-25 00:00:00+00:00,120.41004944292287,117.29775263259427,120.225830078125,6851800,117.66618396501026
2020-09-28 00:00:00+00:00,122.99878845724007,121.5541413567688,122.15526580810547,6283700,121.92257271072289
2020-09-29 00:00:00+00:00,122.44613973752982,119.91557914577,121.5832290649414,7405800,122.08739868374238
2020-09-30 00:00:00+00:00,121.72865715472528,119.48896123501797,120.30339813232422,13642500,119.48896123501797
2020-10-01 00:00:00+00:00,121.65109910733386,118.69392831019324,119.55683898925781,8908300,121.13723178128197
2020-10-02 00:00:00+00:00,119.91557289391666,117.98614426113222,118.8199691772461,6490200,118.27700877317525
2020-10-05 00:00:00+00:00,119.83800851329575,118.60666651974779,119.6150131225586,5919200,119.5083605801434
2020-10-06 00:00:00+00:00,120.41006106857897,116.93902289619226,117.24928283691406,9052000,119.38231900472887
2020-10-07 00:00:00+00:00,119.55682567699425,117.24926811984315,119.16900634765625,10187800,118.23821924514232
2020-10-08 00:00:00+00:00,119.98344399953588,118.6939231897126,119.3435287475586,7404600,119.8186200336072
2020-10-09 00:00:00+00:00,121.72865318728057,119.57622186827132,121.1760025024414,11502200,120.08039143803458
2020-10-12 00:00:00+00:00,122.10678296165912,119.96404933197924,121.16630554199219,10958200,121.09843641877806
2020-10-13 00:00:00+00:00,127.36181967219339,124.00713196349196,125.03487396240234,22389000,125.8493034813932
2020-10-14 00:00:00+00:00,125.55843191860565,121.47657181493652,122.73699951171875,11531500,125.20938858172933
2020-10-15 00:00:00+00:00,123.52235733054547,120.64275334575804,123.48357391357422,7744000,121.19540409253277
2020-10-16 00:00:00+00:00,124.22042749829775,122.48491594899492,122.95030212402344,6291700,123.91986528537602
2020-10-19 00:00:00+00:00,123.52235861406822,119.94466788098308,120.44884490966797,6576900,123.49327290033266
2020-10-20 00:00:00+00:00,121.90317708540398,119.87678627230687,121.14691162109375,6161200,120.78817799278708
2020-10-21 00:00:00+00:00,123.67747375466838,120.07069763247921,122.7757797241211,6591500,120.57487461578513
2020-10-22 00:00:00+00:00,124.20105503128471,122.13588062798824,123.67748260498047,5177700,122.81457192656714
2020-10-23 00:00:00+00:00,124.5888718613677,122.50430949086598,124.44344329833984,5439900,124.20105249705314
2020-10-26 00:00:00+00:00,123.2411748316269,119.20778850356109,120.28400421142578,8578900,123.2411748316269
2020-10-27 00:00:00+00:00,120.81727414149029,119.28536246962136,119.55683898925781,6813800,120.25492569528316
2020-10-28 00:00:00+00:00,117.83101978810895,114.71872266442344,114.8641586303711,11654700,117.326850156295
2020-10-29 00:00:00+00:00,118.89753384985706,113.66189843049496,117.84071350097656,9583700,114.56359251221714
2020-10-30 00:00:00+00:00,118.04432140232362,115.46527970029982,117.55953979492188,8090200,116.96810564211734
2020-11-02 00:00:00+00:00,119.18839730944246,116.16335764424274,116.47361755371094,9186000,118.5193963745474
2020-11-03 00:00:00+00:00,121.26326831103587,117.67588745407987,120.24522399902344,8144900,117.90858054930152
2020-11-04 00:00:00+00:00,122.99878650969451,119.65379647300588,121.26326751708984,7483000,119.8186204394929
2020-11-05 00:00:00+00:00,124.70521231504986,121.97105182215174,123.09574127197266,7654800,122.92121960251319
2020-11-06 00:00:00+00:00,124.14286931014286,120.81727453654194,123.58052825927734,6259700,122.41705534355098
2020-11-09 00:00:00+00:00,143.18508847187087,133.8676001794807,138.25001525878906,35634700,135.99093119280036
2020-11-10 00:00:00+00:00,138.03670328972026,133.47975936573488,137.7846221923828,18115400,135.70975760770727
2020-11-11 00:00:00+00:00,137.67794944560399,132.46169564086483,133.62518310546875,9600900,137.16408222629227
2020-11-12 00:00:00+00:00,134.27482197786625,130.01843983368994,131.3952178955078,13768200,132.19025208022572
2020-11-13 00:00:00+00:00,136.89262342252798,132.36476529042952,134.1487579345703,21062300,136.61144182437778
2020-11-16 00:00:00+00:00,140.3345849002868,137.26107128766904,140.26670837402344,16382500,137.26107128766904
2020-11-17 00:00:00+00:00,140.4218558607507,138.22094300622604,140.10189819335938,9354900,140.00493594468492
2020-11-18 00:00:00+00:00,141.05203783992846,138.98687846496475,139.52012634277344,9456200,140.10187012956717
2020-11-19 00:00:00+00:00,138.93840573017468,137.38709873473297,137.406494140625,8892500,138.23062875589588
2020-11-20 00:00:00+00:00,138.26941174662252,136.57267610731964,136.7762908935547,8481600,137.39681076415388
2020-11-23 00:00:00+00:00,143.25296575866173,137.38710531863964,141.53683471679688,12887000,138.11427773365824
2020-11-24 00:00:00+00:00,147.23785348714182,143.3499107681326,146.87911987304688,16711700,143.6504729631158
2020-11-25 00:00:00+00:00,145.6962466565661,142.75847173831227,144.55215454101562,9552000,145.6962466565661
2020-11-27 00:00:00+00:00,145.7738193454775,142.07008116806986,142.65182495117188,5306400,144.46490323067746
2020-11-30 00:00:00+00:00,144.16434603038024,141.83738561168454,143.50503540039062,9710100,142.58395337385585
2020-12-01 00:00:00+00:00,146.79184537441375,144.4648998846197,144.89151000976562,8825500,145.017557945202
2020-12-02 00:00:00+00:00,149.32242018474685,143.82499872361942,148.93460083007812,10601900,144.9400052584221
2020-12-03 00:00:00+00:00,149.73932417548485,147.499635831773,148.5758514404297,9063200,148.77945140202613
2020-12-04 00:00:00+00:00,149.97201337561867,148.15893511077147,149.44845581054688,6033300,149.01215537392724
2020-12-07 00:00:00+00:00,149.19639640770984,147.62569389556168,149.00247192382812,6815500,148.5176903028458
2020-12-08 00:00:00+00:00,150.16594128058267,147.6159855319443,149.04124450683594,7900600,147.78080948759282
2020-12-09 00:00:00+00:00,152.66741945942178,149.2060719273458,149.72962951660156,10804300,151.53301755970847
2020-12-10 00:00:00+00:00,150.61193007495413,147.8583743910393,149.98171997070312,8993200,148.65342324315554
2020-12-11 00:00:00+00:00,173.9881095831196,160.29788222429212,170.37164306640625,87410700,164.51547317803366
2020-12-14 00:00:00+00:00,171.90355437211255,163.67195766713328,164.1470489501953,30939400,168.51008325002377
2020-12-15 00:00:00+00:00,169.15968026298953,162.7120913743007,168.64581298828125,18802600,165.3008231528385
2020-12-16 00:00:00+00:00,169.52813936816287,166.39643943372448,167.8507843017578,11105800,168.69431438538265
2020-12-17 00:00:00+00:00,169.51843024260742,166.72609822244456,168.2677001953125,9004600,168.52948640776424
2020-12-18 00:00:00+00:00,170.48798551322614,167.03634296979493,167.62777709960938,21172100,168.3161734648793
2020-12-21 00:00:00+00:00,166.70670502051252,163.07084288866244,165.4947509765625,11424200,164.91300711772212
2020-12-22 00:00:00+00:00,166.23161770180604,164.01132434948215,165.26205444335938,6419200,164.82575393593063
2020-12-23 00:00:00+00:00,170.594646011175,167.0557461673923,168.2677001953125,9994000,167.69566144478074
2020-12-24 00:00:00+00:00,169.26633429151096,167.13329834824276,168.44219970703125,2721000,168.69429559112874
2020-12-28 00:00:00+00:00,174.44381129760114,169.72204319017166,173.41607666015625,13145400,170.40073447958238
2020-12-29 00:00:00+00:00,174.71529191571528,170.8564343844357,171.903564453125,6875400,174.5310725340439
2020-12-30 00:00:00+00:00,177.81786804787484,172.940966799324,175.65574645996094,11680400,173.06701473752938
2020-12-31 00:00:00+00:00,177.81788250764114,174.7831597936978,175.6654510498047,7073500,175.704241862111
2021-01-04 00:00:00+00:00,177.03253125310033,169.411764334816,172.27197265625,13426600,176.71257363964128
2021-01-05 00:00:00+00:00,174.85101415686862,170.83702332517004,173.00885009765625,7771800,170.83702332517004
2021-01-06 00:00:00+00:00,176.08238496759864,171.88417425913659,173.6681671142578,7517800,172.89252833854343
2021-01-07 00:00:00+00:00,174.47290446672707,172.1750442906772,173.1446075439453,7300800,174.03660396162866
2021-01-08 00:00:00+00:00,174.54075668447038,171.22485259547946,173.25123596191406,7894500,173.3675788019056
2021-01-11 00:00:00+00:00,175.7430343997073,171.95205322740424,173.6390838623047,6461300,172.33987262076118
2021-01-12 00:00:00+00:00,172.89250674993033,169.53781176584795,170.6334228515625,8349800,171.90354820171328
2021-01-13 00:00:00+00:00,172.32044234351815,168.45189511647695,170.7594451904297,6839500,169.09179550659508
2021-01-14 00:00:00+00:00,172.9216005760855,168.12225095781747,168.15133666992188,8951200,171.62237465986166
2021-01-15 00:00:00+00:00,168.88820722808626,164.99055922814694,166.22190856933594,12232500,167.68594359780758
2021-01-19 00:00:00+00:00,168.42283099862684,166.2219183789146,167.01695251464844,7834700,166.86183364542555
2021-01-20 00:00:00+00:00,172.4659031595539,167.73443010786517,168.35494995117188,9809200,169.8868615506016
2021-01-21 00:00:00+00:00,169.67356409430872,165.81470660761343,166.06678771972656,8416400,167.96713814710154
2021-01-22 00:00:00+00:00,169.91595578059773,166.65822274133222,167.52113342285156,9517200,168.70400174507276
2021-01-25 00:00:00+00:00,167.84107130799293,163.6331709425835,166.658203125,7833700,166.658203125
2021-01-26 00:00:00+00:00,168.0737767419956,163.90465226859078,164.3991241455078,7523200,167.73442372423168
2021-01-27 00:00:00+00:00,161.2771225893641,155.63427303742134,158.06787109375,18239200,159.98760189035335
2021-01-28 00:00:00+00:00,167.61809226147616,160.8990115318281,166.64852905273438,14449100,161.11231662130015
2021-01-29 00:00:00+00:00,164.64152039328698,160.74387228704342,163.0514373779297,12848800,163.66226691242548
2021-02-01 00:00:00+00:00,166.50308279260366,162.91570194166036,165.76622009277344,8140400,165.6401721436387
2021-02-02 00:00:00+00:00,174.28867874924765,167.54052703651777,171.57391357421875,12215200,168.4810045415673
2021-02-03 00:00:00+00:00,172.9991390421595,170.4104073074057,171.0600128173828,5508600,171.6126708927365
2021-02-04 00:00:00+00:00,175.8593606952611,171.118197704228,174.74435424804688,9035400,172.18470824296813
2021-02-05 00:00:00+00:00,176.77075389080647,173.8717548565186,175.64605712890625,6640500,176.17931980001057
2021-02-08 00:00:00+00:00,184.8375150524999,177.72092520811375,184.2169952392578,16085700,178.25418789004664
2021-02-09 00:00:00+00:00,183.48981493499832,180.37751090399388,182.48147583007812,11270800,182.44268502160503
2021-02-10 00:00:00+00:00,184.89568596461388,180.15452284985525,183.85826110839844,11464600,184.1975993273425
2021-02-11 00:00:00+00:00,185.42895211900625,182.34574840859457,185.09930419921875,17507900,183.42194930066088
2021-02-12 00:00:00+00:00,187.94980851371332,180.88168539304786,181.95790100097656,27233800,187.12567397999584
2021-02-16 00:00:00+00:00,182.70448403747267,179.2334461531496,180.6781005859375,11630700,181.59918262805715
2021-02-17 00:00:00+00:00,181.91916353330515,176.61565119145993,180.765380859375,11391800,179.7182507383551
2021-02-18 00:00:00+00:00,180.7265469100189,177.27490481323832,177.43003845214844,12380900,179.16554980508633
2021-02-19 00:00:00+00:00,179.15588334517687,177.22644728962524,178.06027221679688,8834500,178.6614114489923
2021-02-22 00:00:00+00:00,188.11465366729846,176.00480413678432,185.92343139648438,18799600,176.20841891555452
2021-02-23 00:00:00+00:00,192.8849149679669,182.9178059598151,191.09121704101562,23191400,187.69774567224593
2021-02-24 00:00:00+00:00,194.49437447340452,189.38477251299614,191.4984130859375,16205900,191.5662896079624
2021-02-25 00:00:00+00:00,191.9347370626117,184.5854462511577,185.16717529296875,12712000,191.71172687527516
2021-02-26 00:00:00+00:00,185.7779934725126,179.80548099151122,183.2862091064453,15844000,184.28487274944197
2021-03-01 00:00:00+00:00,190.90698495241625,185.56469713620922,189.04542541503906,10709900,187.34868984356734
2021-03-02 00:00:00+00:00,191.93472684583153,187.600778400698,188.03707885742188,8371400,190.13133880292793
2021-03-03 00:00:00+00:00,190.81973397076584,186.35975205852912,186.40821838378906,8750300,188.70609326342856
2021-03-04 00:00:00+00:00,186.62151419271495,178.51596552694983,182.3069610595703,12542600,184.12003944718887
2021-03-05 00:00:00+00:00,184.76966960891787,177.7597168888136,184.2073211669922,10266400,183.3928768199229
2021-03-08 00:00:00+00:00,196.84072686231988,187.89164779000467,195.76451110839844,25093200,191.30451442860354
2021-03-09 00:00:00+00:00,195.56086722437422,188.45396818359168,188.58970642089844,23331000,194.09683232239726
2021-03-10 00:00:00+00:00,192.74914179867804,188.75453187925876,189.1229705810547,13662100,191.30448749448308
2021-03-11 00:00:00+00:00,192.99156455769236,189.4526498793391,190.76156616210938,11933900,191.37239573331692
2021-03-12 00:00:00+00:00,192.371042160583,189.23934230593127,191.15908813476562,13249100,190.54825857155828
2021-03-15 00:00:00+00:00,192.4970614593311,188.88059504909836,190.771240234375,10311400,192.4970614593311
2021-03-16 00:00:00+00:00,190.60643719000473,187.00936579048965,188.32797241210938,9680700,190.13136066234873
2021-03-17 00:00:00+00:00,190.21861324133707,185.94283582884535,189.2975311279297,14418700,187.55231434789624
2021-03-18 00:00:00+00:00,189.1423767628442,185.9040394663594,186.42759704589844,9644500,189.01632882202438
2021-03-19 00:00:00+00:00,188.0952472871423,183.98429428850554,185.32229614257812,28354600,185.10899107035323
2021-03-22 00:00:00+00:00,190.35434521105725,186.1561347713591,186.98995971679688,8838500,187.37777907982638
2021-03-23 00:00:00+00:00,186.4857804465678,182.24879403972207,182.98565673828125,10701200,185.75860805394063
2021-03-24 00:00:00+00:00,184.70177571761,179.02013520087397,179.0977020263672,13549100,184.27516557457682
2021-03-25 00:00:00+00:00,181.9966922411665,175.50060777022048,181.22103881835938,9609200,176.31505200106517
2021-03-26 00:00:00+00:00,183.2280456567782,177.01315691524016,180.2611846923828,10196100,183.08261709748825
2021-03-29 00:00:00+00:00,180.28057516972055,177.57548568600146,179.2237548828125,7544700,179.60188392098874
2021-03-30 00:00:00+00:00,180.64901984208987,177.97301598144625,179.883056640625,5929700,178.23480218397881
2021-03-31 00:00:00+00:00,181.2113435299356,178.80683110397607,178.90379333496094,8478000,180.1739186713223
2021-04-01 00:00:00+00:00,183.34440121767844,179.9412250253179,183.21835327148438,7749400,180.7556545368182
2021-04-05 00:00:00+00:00,185.83616287502477,182.36512510320642,182.7626495361328,7405300,185.6422532083941
2021-04-06 00:00:00+00:00,185.45804132118315,182.15182737247565,183.95521545410156,7926200,182.7626569016205
2021-04-07 00:00:00+00:00,184.53696680653235,181.2598384354669,181.8512725830078,6238700,184.02309949080865
2021-04-08 00:00:00+00:00,182.32636832393126,179.98002708312353,181.61859130859375,7763000,181.50223366085166
2021-04-09 00:00:00+00:00,182.4911917710955,180.48418878989466,182.17123413085938,6089300,182.44271065087293
2021-04-12 00:00:00+00:00,182.1324492900795,179.83457449319687,180.8138427734375,6662500,182.0354870543305
2021-04-13 00:00:00+00:00,180.76533546878065,178.9813430265758,179.84425354003906,6826500,179.9412009673836
2021-04-14 00:00:00+00:00,184.6048215279539,180.05758269092877,181.7543182373047,9089900,180.30966378899222
2021-04-15 00:00:00+00:00,183.15047783668805,180.04787863561202,180.2708740234375,7262500,182.36513403204881
2021-04-16 00:00:00+00:00,183.70313540703523,180.53265969174907,181.56039428710938,9453500,181.86097129773205
2021-04-19 00:00:00+00:00,184.53697732006611,179.99941356358525,181.72523498535156,7625800,181.80280182158796
2021-04-20 00:00:00+00:00,182.3554220414899,176.28596261381037,177.22642517089844,10765800,181.5894589394956
2021-04-21 00:00:00+00:00,177.79849884479927,173.41606917407697,177.53671264648438,8400200,175.77210057583127
2021-04-22 00:00:00+00:00,179.25284112993143,175.74301244280576,177.19735717773438,7378300,178.6129258959165
2021-04-23 00:00:00+00:00,178.30266845551952,176.4217282548099,177.449462890625,6075500,176.79985731505056
2021-04-26 00:00:00+00:00,179.95091287871386,177.68212403646334,178.66139221191406,6178300,178.36083002535892
2021-04-27 00:00:00+00:00,180.15454408101493,178.54506554460937,179.02015686035156,4870000,179.35950991364754
2021-04-28 00:00:00+00:00,179.16557960179657,177.25555368320033,177.80819702148438,5199300,179.16557960179657
2021-04-29 00:00:00+00:00,179.9024530347708,177.18767314131227,179.68914794921875,5958300,179.17528064157798
2021-04-30 00:00:00+00:00,180.64901093830122,177.95361180437504,180.35813903808594,7866300,178.68078415773357
2021-05-03 00:00:00+00:00,183.4607486775203,179.61158161535892,179.86366271972656,7542800,181.97731817485317
2021-05-04 00:00:00+00:00,179.98000008160986,176.76104354028422,178.64199829101562,7069300,179.2431226691163
2021-05-05 00:00:00+00:00,179.37888382641881,175.83998403416777,175.98541259765625,5901700,179.37888382641881
2021-05-06 00:00:00+00:00,177.42036935037856,174.33715078459917,176.2568817138672,6944900,177.21675457568114
2021-05-07 00:00:00+00:00,179.48552679323416,175.98540320656986,179.21405029296875,6888400,176.46049447921416
2021-05-10 00:00:00+00:00,181.27923802636224,178.42871976731462,178.6905059814453,8260300,180.04788858367715
2021-05-11 00:00:00+00:00,176.702881842444,172.99914355520835,176.14053344726562,10865600,176.26658138935923
2021-05-12 00:00:00+00:00,176.90650009911116,172.17502715973566,172.4368133544922,8988100,175.20005947475426
2021-05-13 00:00:00+00:00,175.24854659047256,170.4492117589001,172.91189575195312,12332200,172.94098146410397
2021-05-14 00:00:00+00:00,169.5862943779002,163.6428675250666,168.41311645507812,33149400,167.66654868600952
2021-05-17 00:00:00+00:00,167.72473741750468,163.43926999897513,164.90330505371094,17771600,167.44355581451447
2021-05-18 00:00:00+00:00,166.04738400374077,164.29247702430808,164.51547241210938,10401000,165.07782082886217
2021-05-19 00:00:00+00:00,164.2440141235795,162.01403040951124,164.11798095703125,9251000,162.60546460355965
2021-05-20 00:00:00+00:00,166.66792106232504,163.83679807451983,166.1443634033203,7400700,164.05980827972024
2021-05-21 00:00:00+00:00,167.85076608781299,166.29947394019567,167.15267944335938,8105700,166.9781651794257
2021-05-24 00:00:00+00:00,169.78020058337069,166.52246786909183,169.00454711914062,7346700,167.2011591024084
2021-05-25 00:00:00+00:00,172.0489618955038,170.06135466527985,170.80792236328125,8089700,170.25527911260565
2021-05-26 00:00:00+00:00,172.48528416699168,170.8370297163974,171.09881591796875,8086200,171.24424447753057
2021-05-27 00:00:00+00:00,174.12383885189723,171.40905913080522,173.590576171875,13567800,171.8065835644908
2021-05-28 00:00:00+00:00,174.6570871309344,172.65978961622432,173.21243286132812,7124800,174.04625767560455
2021-06-01 00:00:00+00:00,175.50063315163914,173.29973529386015,173.3966827392578,7475600,174.69589390359934
2021-06-02 00:00:00+00:00,173.64875935226425,171.54479437927574,171.6126708984375,7851700,173.59057313825744
2021-06-03 00:00:00+00:00,171.5836009693509,170.08077504801065,170.87582397460938,5583900,170.9049096871083
2021-06-04 00:00:00+00:00,172.1168636599338,170.2649943945597,171.78720092773438,6343400,170.57524692594927
2021-06-07 00:00:00+00:00,172.6501115100641,171.0309280840946,171.6029815673828,5178100,172.55314928052803
2021-06-08 00:00:00+00:00,171.7290067899855,169.85775716001248,170.9630584716797,5356200,170.6140151735554
2021-06-09 00:00:00+00:00,171.93264484316168,170.52678115539547,170.68190002441406,5082400,170.94368623207106
2021-06-10 00:00:00+00:00,172.2041247656636,170.20682689179395,171.19578552246094,5253000,171.06973756917532
2021-06-11 00:00:00+00:00,173.05734062000033,171.42846675351166,171.9811248779297,5476300,172.0489866087549
2021-06-14 00:00:00+00:00,173.4257606022672,171.515719961499,172.7567596435547,10170000,172.24289234368914
2021-06-15 00:00:00+00:00,173.26094119626813,170.27468475951326,170.50738525390625,7895000,172.75676418893022
2021-06-16 00:00:00+00:00,170.89519474447994,168.26768690433025,169.34390258789062,8336000,170.65280395804166
2021-06-17 00:00:00+00:00,170.89519525918524,168.54885421471903,169.33419799804688,8906000,169.276026576224
2021-06-18 00:00:00+00:00,168.56826202699446,166.88121669816437,167.17208862304688,12357500,167.87017532502065
2021-06-21 00:00:00+00:00,168.95606303396661,166.09585480460353,168.67489624023438,9196900,166.8909036599137
2021-06-22 00:00:00+00:00,169.3827113220173,167.10424636600683,168.21923828125,8097100,169.06275364679288
2021-06-23 00:00:00+00:00,170.10985786266227,167.67625959409187,169.99351501464844,9174200,168.3355554586505
2021-06-24 00:00:00+00:00,172.81493551441227,170.42980373411572,172.5143585205078,7549400,170.7691567432303
2021-06-25 00:00:00+00:00,173.6390829539793,172.08779059430495,172.92161560058594,7431800,173.3870018290521
2021-06-28 00:00:00+00:00,173.2221691094948,169.66387385358016,171.19578552246094,9881400,173.06703544304497
2021-06-29 00:00:00+00:00,171.63206971915952,168.51007525147847,168.6361083984375,13498300,171.26363099491167
2021-06-30 00:00:00+00:00,170.62372021737556,168.06407407480592,170.4201202392578,7481900,168.59733676999954
2021-07-01 00:00:00+00:00,172.1944240724496,169.2857345765931,171.86476135253906,5887100,170.0129069505572
2021-07-02 00:00:00+00:00,172.93129913617162,169.3051273123544,171.71934509277344,11099300,172.44651751881233
2021-07-06 00:00:00+00:00,171.61269435650587,166.97818322918414,168.4034423828125,11557900,171.37999385174743
2021-07-07 00:00:00+00:00,169.01426608148117,166.75518202401108,167.55992126464844,6757300,167.59869728357867
2021-07-08 00:00:00+00:00,168.46160944370678,164.64152799051868,167.54052734375,6960100,165.00026164765663
2021-07-09 00:00:00+00:00,172.11685971820094,168.63611666107445,171.65145874023438,7873300,169.38268445149748
2021-07-12 00:00:00+00:00,179.35950054623981,171.97141894935146,178.76806640625,21835500,172.3010816789558
2021-07-13 00:00:00+00:00,180.01879398422054,176.3053652268375,178.06027221679688,12534600,178.48688238340006
2021-07-14 00:00:00+00:00,180.61992192175197,176.53806913677977,177.8372802734375,8787300,179.56310158496444
2021-07-15 00:00:00+00:00,179.77639325920245,177.4785333820727,178.5450439453125,7867000,177.8663527151855
2021-07-16 00:00:00+00:00,179.65035488236637,173.47424216787948,173.8523712158203,8348800,179.31101664641744
2021-07-19 00:00:00+00:00,171.1085314752278,166.92002560376625,167.68597412109375,14651800,170.3619783668242
2021-07-20 00:00:00+00:00,172.10714769477875,167.6083753159246,171.3702850341797,8372400,168.4131144976317
2021-07-21 00:00:00+00:00,172.4852653439158,169.9838056262729,171.50601196289062,6302200,171.1278829549345
2021-07-22 00:00:00+00:00,171.34120824582467,168.6070329467295,169.7996063232422,5713700,171.32181283958963
2021-07-23 00:00:00+00:00,171.12791298938427,168.73309058723038,170.77886962890625,5126300,170.31348341305593
2021-07-26 00:00:00+00:00,173.3385196735009,170.00321966825425,173.29974365234375,5641000,170.27469619943838
2021-07-27 00:00:00+00:00,174.0947772636854,171.19579257360013,174.03660583496094,6684100,172.82465175533028
2021-07-28 00:00:00+00:00,174.86071181520143,172.14593216371594,173.6487579345703,5926900,174.22079661558206
2021-07-29 00:00:00+00:00,175.89816715465184,172.844048763448,172.92161560058594,6209100,174.3371696938593
2021-07-30 00:00:00+00:00,173.74574082125542,169.8093161808348,170.66253662109375,6813400,172.1265718816636
2021-08-02 00:00:00+00:00,173.37729333852585,169.97411713994487,170.20681762695312,5847200,171.8259863471907
2021-08-03 00:00:00+00:00,170.7691746222256,165.71774373800278,167.72474670410156,9931300,170.66252207628276
2021-08-04 00:00:00+00:00,167.9768303230278,166.1249609950826,167.3272247314453,5665800,167.24965789738698
2021-08-05 00:00:00+00:00,171.72900680872348,167.23993983950763,171.3314971923828,8864200,167.23993983950763
2021-08-06 00:00:00+00:00,173.36759813260974,171.2539574005079,171.73873901367188,5505200,172.02959614608167
2021-08-09 00:00:00+00:00,171.91324049251972,169.73172339571673,171.34120178222656,5339000,171.6126782818355
2021-08-10 00:00:00+00:00,172.0005153645901,170.23591793514464,171.68057250976562,5185000,170.88552354008718
2021-08-11 00:00:00+00:00,173.0573287583256,171.1375831050083,172.66949462890625,5359900,171.96171768496
2021-08-12 00:00:00+00:00,174.2499124538021,171.0794364114603,173.83299255371094,11081300,172.66951958600686
2021-08-13 00:00:00+00:00,181.87067297580862,175.3746022752115,175.56851196289062,32504600,180.6199281207105
2021-08-16 00:00:00+00:00,175.0934287789356,171.13760883037617,173.6390838623047,8746700,175.01586194139188
2021-08-17 00:00:00+00:00,173.01855289304223,169.59599592496733,170.47830200195312,8534500,171.75811775368544
2021-08-18 00:00:00+00:00,171.4090864264931,169.18879301620075,169.42149353027344,7063500,170.54617569572073
2021-08-19 00:00:00+00:00,169.36327476874746,167.30780573625756,167.976806640625,8478600,168.7039789637446
2021-08-20 00:00:00+00:00,169.8771583979064,167.3950644180265,169.78988647460938,6239600,167.7344174230421
2021-08-23 00:00:00+00:00,172.88281944295565,170.5558735781633,172.2526092529297,7395900,171.69026079682666
2021-08-24 00:00:00+00:00,174.59893058388587,172.34953701637914,173.03793334960938,5886900,172.5046706681436
2021-08-25 00:00:00+00:00,173.15428901351126,171.4963442198789,172.8828125,4842100,172.73738393717625
2021-08-26 00:00:00+00:00,173.49366161074732,170.9727910789783,171.18609619140625,4563000,172.91191770515076
2021-08-27 00:00:00+00:00,175.0449544181039,170.9146200212889,174.65713500976562,8697000,170.9146200212889
2021-08-30 00:00:00+00:00,175.86907132911116,173.42576787999946,174.50198364257812,6421300,175.0061606578083
2021-08-31 00:00:00+00:00,177.41068908211253,173.09613534162338,175.78182983398438,8620000,173.794222103496
2021-09-01 00:00:00+00:00,178.60323854532513,176.24719234269273,177.89544677734375,7302800,176.4217214068388
2021-09-02 00:00:00+00:00,179.6600523682839,176.0241906020384,176.3247528076172,6492600,178.55475098311965
2021-09-03 00:00:00+00:00,176.28595453552202,173.67782765738048,175.49090576171875,6847400,176.28595453552202
2021-09-07 00:00:00+00:00,179.90245655796474,174.5698589034511,178.72927856445312,10702900,175.51033640061416
2021-09-08 00:00:00+00:00,181.7543058570532,178.32204418647515,179.5146026611328,8634000,178.72925891454463
2021-09-09 00:00:00+00:00,181.87064870988323,178.95226909463787,180.25148010253906,7190700,179.5146026755703
2021-09-10 00:00:00+00:00,181.40526950396705,178.40930815613078,178.51596069335938,5572200,180.68778745403287
2021-09-13 00:00:00+00:00,180.1448413875285,177.91484311979798,179.34979248046875,6818200,179.48553073358138
2021-09-14 00:00:00+00:00,179.49523042541236,176.60592159079198,176.8483123779297,6185900,179.33040646548187
2021-09-15 00:00:00+00:00,179.03954045331668,175.58789789799738,178.79714965820312,5933400,176.51867026639175
2021-09-16 00:00:00+00:00,179.020139645272,176.57683636183444,177.75970458984375,5678200,178.37053410929303
2021-09-17 00:00:00+00:00,180.241773406585,177.16826017137484,177.8857421875,10035100,177.34278922150637
2021-09-20 00:00:00+00:00,175.37458803922948,171.17637780685857,173.17367553710938,8056600,174.2692866353839
2021-09-21 00:00:00+00:00,176.68351149973205,163.88527922578635,165.96014404296875,23216000,174.83165688778902
2021-09-22 00:00:00+00:00,170.00318800643234,166.43520295003057,168.3646240234375,14214500,167.6762425169841
2021-09-23 00:00:00+00:00,171.7969050770586,169.06272976287502,170.88551330566406,8052900,169.61538788592244
2021-09-24 00:00:00+00:00,171.32180341992617,169.75111587153117,170.6431121826172,5712800,169.9644209453082
2021-09-27 00:00:00+00:00,173.9881179330951,170.60435174301307,172.83433532714844,7755000,171.2539573290585
2021-09-28 00:00:00+00:00,172.58223592664834,168.56824518844337,169.20816040039062,9133100,172.33984514585248
2021-09-29 00:00:00+00:00,169.63476603247656,167.3368914314495,167.4241485595703,6240800,168.94636972379718
2021-09-30 00:00:00+00:00,168.3937205685107,163.95313436640652,164.02099609375,13978000,167.83138696128916
2021-10-01 00:00:00+00:00,171.92294164367746,166.73577297045347,170.65280151367188,12165000,167.0363351742343
2021-10-04 00:00:00+00:00,170.60434312300157,167.41447198604382,168.18043518066406,7200600,170.21650897561156
2021-10-05 00:00:00+00:00,170.87583351485463,168.32587741810363,169.29544067382812,6798200,168.5391825179119
2021-10-06 00:00:00+00:00,170.3619720003773,166.32858516794818,170.1389617919922,6005200,167.7344489779663
2021-10-07 00:00:00+00:00,174.162646033831,171.93264766779325,172.30108642578125,7780000,172.29138132518537
2021-10-08 00:00:00+00:00,173.16399916533757,171.03094821929622,171.36061096191406,4132200,172.51437878081353
2021-10-11 00:00:00+00:00,171.1472911303198,168.19981087378562,168.2386016845703,8046300,170.6625095560282
2021-10-12 00:00:00+00:00,169.17909549304545,167.29814043568393,167.86048889160156,5188400,168.33556541198848
2021-10-13 00:00:00+00:00,168.41313077687465,165.73714157716432,167.69566345214844,8914700,168.34526904356636
2021-10-14 00:00:00+00:00,170.66249862586216,168.703977048738,169.10150146484375,7450200,168.77185356608425
2021-10-15 00:00:00+00:00,173.44515803139967,168.8009568724906,171.08912658691406,13943900,170.34255879006957
2021-10-18 00:00:00+00:00,168.06409706927158,164.63184953359337,165.93106079101562,20494800,167.11392918788118
2021-10-19 00:00:00+00:00,166.35763696955485,165.00023976520956,165.9698028564453,9669500,166.22189872855617
2021-10-20 00:00:00+00:00,165.81468938147717,164.7093880134075,165.35899353027344,9737600,165.7662082664718
2021-10-21 00:00:00+00:00,167.24965108009323,164.92270533063606,166.1249542236328,7509000,165.0196527734866
2021-10-22 00:00:00+00:00,165.6013837973379,163.4683478929508,164.2633819580078,7854300,165.37838842223593
2021-10-25 00:00:00+00:00,167.31751918053928,163.88525735939075,166.77455139160156,9798700,164.72877256208474
2021-10-26 00:00:00+00:00,167.85077995553735,165.51414383844823,166.80364990234375,5850200,167.6859559834181
2021-10-27 00:00:00+00:00,166.80365306910824,164.27309242443786,164.3894500732422,7054700,166.5418816466106
2021-10-28 00:00:00+00:00,165.1650927583148,163.46835720227725,164.51547241210938,7884500,164.32156273600566
2021-10-29 00:00:00+00:00,165.27173387620502,163.0320306697751,163.92404174804688,7598800,163.87556063378184
2021-11-01 00:00:00+00:00,166.03768326415968,163.9434233873787,165.00994873046875,8182900,164.059781021217
2021-11-02 00:00:00+00:00,165.64987779081773,163.83678455592258,164.66091918945312,6777200,164.85482886958965
2021-11-03 00:00:00+00:00,165.00995759374862,163.24534553028124,164.90330505371094,6829300,164.53486631642437
2021-11-04 00:00:00+00:00,165.23295199577888,163.53621646532804,165.0972137451172,7505500,164.85482295505278
2021-11-05 00:00:00+00:00,171.60298450649344,167.08481674893585,170.2843780517578,16859200,168.2192038410132
2021-11-08 00:00:00+00:00,173.7941829175751,170.7400651187754,171.4866180419922,10584600,173.25122995728702
2021-11-09 00:00:00+00:00,171.72902910675063,167.93804824162245,169.78021240234375,7293300,171.56420513821115
2021-11-10 00:00:00+00:00,171.486630364694,168.57794090183052,169.14028930664062,11045800,169.37298978963918
2021-11-11 00:00:00+00:00,158.9695858663752,153.51094041627914,157.17588806152344,62366500,157.93214616010656
2021-11-12 00:00:00+00:00,158.6302349374407,154.0926714914382,154.77137756347656,25638400,158.5429778005307
2021-11-15 00:00:00+00:00,155.82820297134006,152.8613418648773,153.60789489746094,21285300,155.21737340435274
2021-11-16 00:00:00+00:00,155.36279983149873,153.7242357899483,153.99571228027344,15516200,154.21870765567783
2021-11-17 00:00:00+00:00,154.0538980787334,151.97903339796147,152.5413818359375,14695500,153.89876441425162
2021-11-18 00:00:00+00:00,152.51230022063652,149.03157174858936,150.8446502685547,14487700,152.3086854312387
2021-11-19 00:00:00+00:00,150.48587607520832,148.12014004571648,149.3126983642578,16776500,150.30165674259686
2021-11-22 00:00:00+00:00,151.07734343702583,147.92626306806721,149.46786499023438,12790400,148.56616353004966
2021-11-23 00:00:00+00:00,149.55513082469395,145.61870640963122,146.43313598632812,17382900,149.1576063428439
2021-11-24 00:00:00+00:00,146.80156487849786,144.27100438271648,146.7336883544922,14123700,146.1034782041885
2021-11-26 00:00:00+00:00,144.3195024281892,141.4108125421876,143.60202026367188,12027700,142.33189471388243
2021-11-29 00:00:00+00:00,144.75576571458356,139.85946937382082,143.3111114501953,21231300,144.28067449611436
2021-11-30 00:00:00+00:00,142.79726544384587,138.75418871675032,140.4897003173828,26011100,142.25431242452754
2021-12-01 00:00:00+00:00,143.85411055763376,137.71677273191406,137.82342529296875,16469000,142.23494152661266
2021-12-02 00:00:00+00:00,143.15599651371096,138.4245382916847,142.71969604492188,18177700,138.49240002069814
2021-12-03 00:00:00+00:00,143.8056198728429,139.92736710122614,141.76953125,14975600,143.31113317607122
2021-12-06 00:00:00+00:00,146.15193074025026,142.20580226151336,145.79318237304688,14333900,142.79723627840846
2021-12-07 00:00:00+00:00,148.110478778623,145.16301296765258,146.21983337402344,14661100,147.21848235169298
2021-12-08 00:00:00+00:00,148.983073086902,145.97742148672702,148.6728057861328,12886300,146.31677449764842
2021-12-09 00:00:00+00:00,149.59390515392664,147.08273992365213,148.28500366210938,11862300,147.63539806939517
2021-12-10 00:00:00+00:00,149.95264166036714,146.84033741172945,148.06199645996094,10247900,148.90551167375145
2021-12-13 00:00:00+00:00,147.85839771042077,144.7460931245054,145.8513946533203,10195800,147.4899589360287
2021-12-14 00:00:00+00:00,147.00514740646702,143.9995107769743,144.56185913085938,10872000,144.71697797778486
2021-12-15 00:00:00+00:00,146.32647313786705,142.8651402833588,145.82229614257812,12231500,144.23221312146072
2021-12-16 00:00:00+00:00,147.43178618660494,144.05771020166262,144.2225341796875,11145600,146.74340456040466
2021-12-17 00:00:00+00:00,145.27933822480352,142.10887738978482,144.23220825195312,13785000,143.98981746548847
2021-12-20 00:00:00+00:00,143.23359214900614,140.66425514268522,142.01194763183594,11201900,142.50641962332708
2021-12-21 00:00:00+00:00,146.8209538771199,142.90392490917196,146.45252990722656,10781400,143.0687488841381
2021-12-22 00:00:00+00:00,147.56750042281658,145.30841663120356,147.2572479248047,7820400,145.84167929349138
2021-12-23 00:00:00+00:00,149.4969477598433,147.3057255241684,148.95399475097656,6572400,147.68386936358618
2021-12-27 00:00:00+00:00,149.33211439395984,146.79184898475646,148.1492462158203,7762000,148.22681303996902
2021-12-28 00:00:00+00:00,151.73664671586513,147.77113662390545,150.47621154785156,12198700,147.97473661900153
2021-12-29 00:00:00+00:00,151.1742943320942,149.4872490162135,150.15625,8737000,149.85568777119403
2021-12-30 00:00:00+00:00,152.28929141580863,150.77676047112982,151.18397521972656,7228400,150.97068493705555
2021-12-31 00:00:00+00:00,151.80450237071298,150.03020011418,150.17562866210938,6410200,151.12579636208545
2022-01-03 00:00:00+00:00,152.76437728319024,150.6313411761152,151.9887237548828,10222800,151.0870370692073
2022-01-04 00:00:00+00:00,155.44035696094696,150.81553701993286,150.99005126953125,16582000,153.76300221434084
2022-01-05 00:00:00+00:00,154.52896323508716,150.37923457559515,150.46649169921875,12272100,151.75601232763614
2022-01-06 00:00:00+00:00,152.96796533180057,149.00244124493352,152.1244354248047,11095300,151.48453506057484
2022-01-07 00:00:00+00:00,154.45141257686853,151.53301803032292,153.02615356445312,9554600,152.1244521429195
2022-01-10 00:00:00+00:00,153.45277167253752,149.94294283143472,151.83360290527344,8672900,153.17159005994105
2022-01-11 00:00:00+00:00,153.40429296321807,151.20338032414784,153.08433532714844,8042600,151.85298590246114
2022-01-12 00:00:00+00:00,154.1508682191776,151.57182639382222,152.99708557128906,6995600,153.6757768952349
2022-01-13 00:00:00+00:00,153.70485485629678,150.44712187132308,150.7089080810547,9680600,152.9001156147963
2022-01-14 00:00:00+00:00,147.9747255385429,143.90256320357724,147.3154296875,16832000,147.71295413587814
2022-01-18 00:00:00+00:00,148.46923151635102,145.2696696965036,147.63540649414062,10419500,146.5107095256965
2022-01-19 00:00:00+00:00,148.20742105135963,145.395693884367,145.54112243652344,10413200,146.24889938095026
2022-01-20 00:00:00+00:00,148.01352968512248,142.67122669517389,143.12692260742188,11760400,146.31679399315777
2022-01-21 00:00:00+00:00,137.55192230818113,132.47142076154324,133.19859313964844,34491800,136.93140247063909
2022-01-24 00:00:00+00:00,133.48944384097052,125.32572411038241,133.27615356445312,31419500,130.71650750829335
2022-01-25 00:00:00+00:00,133.55732036271007,128.35077111978885,132.3550567626953,14694400,131.17218856758575
2022-01-26 00:00:00+00:00,133.99362734215788,128.2344197363619,129.5336456298828,14569900,133.51855085651417
2022-01-27 00:00:00+00:00,133.71246601297702,129.9408657130216,131.29824829101562,11913900,130.9589100436974
2022-01-28 00:00:00+00:00,134.46872440420924,129.49486038635692,134.41055297851562,10011700,131.09464856473426
2022-01-31 00:00:00+00:00,138.7929529788337,134.25540473513135,138.61843872070312,10185500,134.63353375543988
2022-02-01 00:00:00+00:00,140.286103286733,137.92036668614364,140.09219360351562,8573300,138.6669345006091
2022-02-02 00:00:00+00:00,140.18913919360756,137.07684961408074,138.2790985107422,9529900,139.80131983230265
2022-02-03 00:00:00+00:00,137.7167611944576,135.0116861643111,135.7679443359375,9820600,135.73885862121045
2022-02-04 00:00:00+00:00,138.83174424237268,135.28313970518064,137.69735717773438,8061100,135.77761156586124
2022-02-07 00:00:00+00:00,139.7043511318941,137.29983865544673,138.1724395751953,10937500,139.02565988382744
2022-02-08 00:00:00+00:00,138.54086547090216,136.4563108033368,138.14334106445312,9231700,137.47434018393116
2022-02-09 00:00:00+00:00,142.86515220697126,138.88993692522385,142.74879455566406,22877400,139.9758430416827
2022-02-10 00:00:00+00:00,152.70618017043392,146.5106728810078,147.52871704101562,42500300,151.27123100077645
2022-02-11 00:00:00+00:00,149.9817294625294,144.03830248323112,144.9206085205078,17975200,148.86672293797403
2022-02-14 00:00:00+00:00,149.05093774713626,144.66852299517996,146.25860595703125,14694700,144.8236418542595
2022-02-15 00:00:00+00:00,150.13686643079524,147.86807731429784,150.0108184814453,12726000,148.86672622005122
2022-02-16 00:00:00+00:00,151.95962571265068,149.07033171835135,151.59120178222656,10656400,150.26289022967757
2022-02-17 00:00:00+00:00,150.63134392690583,147.9650450457806,148.29469299316406,8110300,149.98173833846408
2022-02-18 00:00:00+00:00,149.002461140899,145.4829568874305,146.75308227539062,10785500,148.2559081505523
2022-02-22 00:00:00+00:00,146.20042877143212,143.11722488928174,143.58261108398438,12227200,145.61869972664394
2022-02-23 00:00:00+00:00,145.18237966977935,141.07142692015762,141.43016052246094,9300700,144.94967920662245
2022-02-24 00:00:00+00:00,145.01757619123387,135.73884918494164,144.8527374267578,12475500,135.73884918494164
2022-02-25 00:00:00+00:00,145.70596271415386,142.73910156297262,144.97879028320312,10149500,145.00787599689227
2022-02-28 00:00:00+00:00,144.9303042945708,142.00223405622592,143.9413604736328,10834700,143.33053091795426
2022-03-01 00:00:00+00:00,143.64077713986822,139.40379083820937,141.26535034179688,8944000,143.35961033121774
2022-03-02 00:00:00+00:00,143.95103400599808,141.47864515302484,142.8554229736328,7851000,141.85677416858366
2022-03-03 00:00:00+00:00,144.12556976425228,140.05340711354233,141.1393280029297,8048400,142.82635857279413
2022-03-04 00:00:00+00:00,139.86916701918915,135.30253311807627,136.43692016601562,12913000,139.62677624498778
2022-03-07 00:00:00+00:00,136.60174686303677,129.3785046055104,129.43667602539062,14549700,136.0103127703224
2022-03-08 00:00:00+00:00,131.36613164117924,125.35482758372329,127.73995971679688,16552000,128.97130920145966
2022-03-09 00:00:00+00:00,131.3758052679302,129.30094074329594,129.5821075439453,14673100,131.3661149625145
2022-03-10 00:00:00+00:00,130.11538653016956,127.61391154410306,129.5724334716797,8447200,128.33139368245682
2022-03-11 00:00:00+00:00,132.01573725113295,127.56544543100094,127.73995971679688,7058400,130.96860715327344
2022-03-14 00:00:00+00:00,129.0197810056059,124.47252726997118,125.10273742675781,9971500,126.99338269147793
2022-03-15 00:00:00+00:00,130.46441502969614,125.56811816584647,130.11537170410156,9834800,125.7911283421705
2022-03-16 00:00:00+00:00,134.74988483204922,130.83285614616634,133.93545532226562,10638700,131.52123771002158
2022-03-17 00:00:00+00:00,135.2249755859375,132.40354322973474,135.2249755859375,6816000,133.25676354774075
2022-03-18 00:00:00+00:00,136.44661390312547,134.0905826199179,136.0297088623047,11308800,135.30253652140965
2022-03-21 00:00:00+00:00,135.06014373557082,132.71380279244727,134.4008331298828,9090300,134.67230961623702
2022-03-22 00:00:00+00:00,137.8621980546684,134.6723267428054,135.8455047607422,8511600,134.8274604102676
2022-03-23 00:00:00+00:00,135.5061374319537,133.35370610442536,133.45066833496094,8761300,134.83715130095155
2022-03-24 00:00:00+00:00,135.03107676408538,133.2276885434153,134.7305145263672,5858800,134.3620757604618
2022-03-25 00:00:00+00:00,136.10729304646094,133.9160706447053,134.905029296875,5949400,135.0407675593798
2022-03-28 00:00:00+00:00,135.38010876059263,132.13206625695437,134.497802734375,8456100,134.65293639061628
2022-03-29 00:00:00+00:00,140.0631105273449,136.66963922689914,138.04641723632812,11280700,136.66963922689914
2022-03-30 00:00:00+00:00,138.90932053008453,135.81641162793667,136.6696319580078,7922400,137.0089701933879
2022-03-31 00:00:00+00:00,136.5920824458848,132.93682466225772,132.9853057861328,12306500,135.87460027787412
2022-04-01 00:00:00+00:00,133.8966798247246,131.40489537411295,132.8301544189453,10341000,133.15980234641896
2022-04-04 00:00:00+00:00,135.02137170870498,132.72351156014753,134.36207580566406,8174600,132.80107839480428
2022-04-05 00:00:00+00:00,134.96317936622486,131.01706527722857,131.4921417236328,8694100,133.5476255375985
2022-04-06 00:00:00+00:00,129.85358002837967,126.82854786386194,128.5349884033203,11679700,129.67906577013085
2022-04-07 00:00:00+00:00,129.15552634571395,126.06261722779071,127.8563003540039,9858700,128.96160186127054
2022-04-08 00:00:00+00:00,129.06825440997,126.6540513988766,127.8563003540039,6702000,127.98234831001992
2022-04-11 00:00:00+00:00,128.3992527802476,126.08199722827152,126.67343139648438,9915300,126.08199722827152
2022-04-12 00:00:00+00:00,129.15551016036184,126.18863457589286,126.85763549804688,7885600,127.79811291116785
2022-04-13 00:00:00+00:00,128.84525869118357,126.77039394421521,128.3217010498047,7694500,127.06126587580836
2022-04-14 00:00:00+00:00,129.52394137725358,126.38256614943622,126.49890899658203,7283500,128.7676832820857
2022-04-18 00:00:00+00:00,126.2565147872128,122.95999859227646,123.8810806274414,10571000,126.11108623221398
2022-04-19 00:00:00+00:00,129.13613615649047,123.90049294372058,127.88539123535156,12767200,124.1913574905973
2022-04-20 00:00:00+00:00,123.47387268571423,120.33248997251097,120.77848815917969,36465700,122.21344495743661
2022-04-21 00:00:00+00:00,122.60126295869337,117.58862301955386,117.95706176757812,18688600,121.71896429842604
2022-04-22 00:00:00+00:00,118.1800560742375,114.55389183212537,114.67023468017578,19472800,116.35727994870724
2022-04-25 00:00:00+00:00,116.66753387952355,113.19649607882822,116.2990951538086,16491000,114.0788020828512
2022-04-26 00:00:00+00:00,115.52345866549622,112.12028970613575,112.24633026123047,16116000,115.52345866549622
2022-04-27 00:00:00+00:00,113.34194096544358,109.9387720200168,111.70337677001953,15553000,111.91668186021441
2022-04-28 00:00:00+00:00,112.4693338246216,109.26008192482709,111.78094482421875,23192100,111.71307569452215
2022-04-29 00:00:00+00:00,112.45964204619663,107.97056675191301,108.23234558105469,16907000,111.69368617230552
2022-05-02 00:00:00+00:00,110.20055908080813,107.6312150696553,110.04542541503906,14300700,108.3099063644442
2022-05-03 00:00:00+00:00,111.33493456543191,109.26007008561494,110.0938949584961,11149500,110.57867651727912
2022-05-04 00:00:00+00:00,112.89594763717533,108.42626044547768,112.65355682373047,11488300,109.91938874395969
2022-05-05 00:00:00+00:00,111.76154459023664,108.08690664471442,109.18251037597656,12720200,111.2476772879882
2022-05-06 00:00:00+00:00,108.67832995966168,105.00369212977347,106.93312072753906,12525200,108.36807004747234
2022-05-09 00:00:00+00:00,107.36942145167137,103.2390877474126,103.72386932373047,17941600,104.81947302322412
2022-05-10 00:00:00+00:00,107.33063474953806,102.9094292760723,104.40255737304688,15657700,106.49680987204344
2022-05-11 00:00:00+00:00,106.71982958188366,101.60053666390964,102.00775146484375,26933300,104.61587904654326
2022-05-12 00:00:00+00:00,101.80414046980277,96.44245692194205,101.13513946533203,36298800,99.76805913984282
2022-05-13 00:00:00+00:00,104.4122681522245,102.10470289645221,104.06322479248047,16782600,102.15318401754242
2022-05-16 00:00:00+00:00,104.34438941975438,101.65869533758035,101.97865295410156,11993600,104.18925576428477
2022-05-17 00:00:00+00:00,105.4787794626025,103.06456921051479,105.33334350585938,11847600,104.45104485672982
2022-05-18 00:00:00+00:00,104.38317537733407,100.7182203479414,101.12544250488281,11794000,104.11169147364646
2022-05-19 00:00:00+00:00,102.09501552880656,99.82623362516293,100.0007553100586,11285000,100.28192954667831
2022-05-20 00:00:00+00:00,101.61023096618486,97.00480555554807,99.30266571044922,15650400,101.30966133035528
2022-05-23 00:00:00+00:00,102.80278877777428,98.46883992727157,102.60887908935547,14402400,100.60188348578085
2022-05-24 00:00:00+00:00,100.67944206819278,97.08236337914127,98.4979248046875,13970200,100.55340151150853
2022-05-25 00:00:00+00:00,100.65035125747427,98.08101475054711,100.11709594726562,11026600,98.34279355415062
2022-05-26 00:00:00+00:00,102.89973845051522,100.79578810847016,102.39556884765625,11297800,101.04787660848969
2022-05-27 00:00:00+00:00,106.04111874807508,103.28755570174609,105.99263763427734,13671300,103.63659900898749
2022-05-31 00:00:00+00:00,107.85421366518213,104.62557367033503,107.07856750488281,20274600,106.65195730855083
2022-06-01 00:00:00+00:00,109.41520511441774,104.97460390444807,105.86660766601562,11829700,108.6007755809806
2022-06-02 00:00:00+00:00,107.57302756909637,104.62556212904244,107.49546813964844,8829900,106.09929484906941
2022-06-03 00:00:00+00:00,106.50651158180405,104.63525438825465,105.3624267578125,6767600,105.84720833751773
2022-06-06 00:00:00+00:00,106.83616615292432,104.37347485763955,104.5479965209961,7575900,106.40955599867945
2022-06-07 00:00:00+00:00,104.6352415821174,102.77368231920569,104.50920104980469,7279100,103.53963800905747
2022-06-08 00:00:00+00:00,106.03142822823708,103.70447515473096,104.07290649414062,7019500,104.1601710254518
2022-06-09 00:00:00+00:00,103.80142827062973,100.10739504339006,100.15587615966797,8261200,103.2875609856749
2022-06-10 00:00:00+00:00,99.01179338393722,96.35518497751909,96.37458038330078,15369700,98.34279243088726
2022-06-13 00:00:00+00:00,94.63906176411844,91.94367733083375,92.79689025878906,15239700,94.63906176411844
2022-06-14 00:00:00+00:00,93.33984933808487,90.26633565979526,91.35224914550781,12443700,93.33984933808487
2022-06-15 00:00:00+00:00,94.33850104551563,91.22619670600615,92.96171569824219,11751600,91.7303737056218
2022-06-16 00:00:00+00:00,92.47694138898419,90.56690797394768,91.4104232788086,15298500,91.14864445248158
2022-06-17 00:00:00+00:00,93.04898255097189,90.62507452326992,91.46858978271484,15403800,91.14863954491518
2022-06-21 00:00:00+00:00,92.54479099554679,90.43114323165929,90.4505386352539,16649800,92.01153575156059
2022-06-22 00:00:00+00:00,91.73037529377923,89.20951244359671,90.65415954589844,11403500,89.36463870965491
2022-06-23 00:00:00+00:00,91.76917051461315,89.26769535195997,91.42982482910156,11348800,91.10016945090375
2022-06-24 00:00:00+00:00,95.569834521243,92.49632126795387,94.80387878417969,11681200,92.54479498467165
2022-06-27 00:00:00+00:00,95.24019732062087,92.88415842573087,93.66950225830078,10793700,95.23049961731573
2022-06-28 00:00:00+00:00,97.34415007891879,92.86476527918474,93.00050354003906,16812400,96.70423479445088
2022-06-29 00:00:00+00:00,93.27197908919871,91.65281028219061,92.73872375488281,8653200,93.02958828346048
2022-06-30 00:00:00+00:00,92.53511049153784,89.72337584402896,91.52676391601562,10983500,91.54615192448456
2022-07-01 00:00:00+00:00,93.37862247936631,91.11954601325418,93.21379852294922,10543400,91.37162710053457
2022-07-05 00:00:00+00:00,94.27064146248148,89.50038447806115,94.22216033935547,10660600,91.39103732226347
2022-07-06 00:00:00+00:00,95.20140312168327,92.49632118599959,93.15562438964844,8640200,94.56148792526848
2022-07-07 00:00:00+00:00,94.56149341037175,93.01019384038423,94.46453857421875,7813100,93.95067128514599
2022-07-08 00:00:00+00:00,94.16398111603401,92.44785010106473,92.94232940673828,7717300,93.63071839450565
2022-07-11 00:00:00+00:00,92.43814075637043,90.5862791148986,90.78988647460938,7643700,92.10849285888993
2022-07-12 00:00:00+00:00,92.35089464841165,90.46993967640148,90.75111389160156,8665300,90.73172588239267
2022-07-13 00:00:00+00:00,90.41176062434616,88.23994131433889,90.11119842529297,12006400,89.31615696555588
2022-07-14 00:00:00+00:00,89.23859480614337,87.48368784042421,89.044677734375,11146400,88.6956417995518
2022-07-15 00:00:00+00:00,92.41876418774142,89.87850593362029,92.30241394042969,14946700,90.08212071571086
2022-07-18 00:00:00+00:00,94.3093994393661,92.40905665189156,92.78718566894531,10430400,93.4271008653005
2022-07-19 00:00:00+00:00,96.81088676789571,93.7373731126327,96.57819366455078,13683400,93.7373731126327
2022-07-20 00:00:00+00:00,101.08665937836555,96.90783703585421,100.20435333251953,15112700,97.19870894918765
2022-07-21 00:00:00+00:00,101.07695573171628,98.51730967474502,101.00908660888672,8611300,99.58382763228644
2022-07-22 00:00:00+00:00,101.3872113431581,99.0020870454696,99.59352111816406,7803500,100.13647407781305
2022-07-25 00:00:00+00:00,100.24313676392165,98.71122516151652,99.56444549560547,6726700,99.65170263131182
2022-07-26 00:00:00+00:00,99.24449404370772,96.52971400721327,96.7430191040039,6346600,99.0311889469171
2022-07-27 00:00:00+00:00,100.49522844176056,97.74166507209125,100.34979248046875,9684800,97.89679873671724
2022-07-28 00:00:00+00:00,101.77505296779074,99.58383800687474,101.70718383789062,7970300,100.10740303632443
2022-07-29 00:00:00+00:00,103.10335198223565,100.2237553565532,102.87065887451172,10320000,101.9398790464355
2022-08-01 00:00:00+00:00,103.4039196245523,100.69883733393824,102.98700714111328,7769700,101.67809826428207
2022-08-02 00:00:00+00:00,103.12274527941408,101.4357073378708,101.52296447753906,9093000,102.52161341648238
2022-08-03 00:00:00+00:00,106.3610778552576,102.5119182454422,105.70177459716797,11243000,102.5119182454422
2022-08-04 00:00:00+00:00,106.1186758688181,104.38316446968746,104.82916259765625,7322400,105.60480862131446
2022-08-05 00:00:00+00:00,104.42193840189955,102.16286209830909,103.38450622558594,10100000,103.55902787193678
2022-08-08 00:00:00+00:00,107.8445162251494,104.61586904668495,105.7890396118164,13025900,104.91643126666655
2022-08-09 00:00:00+00:00,105.8956872261592,103.77234158463104,104.83885955810547,8776500,105.8956872261592
2022-08-10 00:00:00+00:00,109.24068106668224,106.56469203174001,109.00798797607422,26398700,109.05646909365838
2022-08-11 00:00:00+00:00,119.5180439178337,113.7588439490905,114.1078872680664,50375000,118.49030936594887
2022-08-12 00:00:00+00:00,117.90857253629976,115.30044535602266,117.86978912353516,21964800,115.37801218155185
2022-08-15 00:00:00+00:00,122.12617494808282,117.30744485135803,120.47792053222656,24628300,117.31714255418444
2022-08-16 00:00:00+00:00,122.63036413501432,119.692581249441,121.15662384033203,14607300,120.93362843339789
2022-08-17 00:00:00+00:00,120.69122040444051,118.83935129502271,119.0720443725586,9140900,119.6925641774407
2022-08-18 00:00:00+00:00,119.38231563371777,118.00553764796479,118.93631744384766,7343900,119.26597278247007
2022-08-19 00:00:00+00:00,117.6952761423824,115.84341427870734,116.48332214355469,8702500,117.5595378862881
2022-08-22 00:00:00+00:00,114.61206083015111,112.1687649094692,112.4111557006836,11575800,114.11758154486337
2022-08-23 00:00:00+00:00,112.828071423185,111.1313358355735,111.36402893066406,7180700,112.44994236972026
2022-08-24 00:00:00+00:00,113.59402418179737,110.62715586107554,112.86685180664062,7840500,111.17980657030745
2022-08-25 00:00:00+00:00,114.18544990731185,112.57597891093938,113.8848876953125,6920900,113.45827753852902
2022-08-26 00:00:00+00:00,114.76720065864859,110.42355419175297,110.59807586669922,7807400,113.89459228391729
2022-08-29 00:00:00+00:00,110.98589274749332,108.9885950654799,110.07450103759766,6882700,109.11463560947796
2022-08-30 00:00:00+00:00,111.25737424443174,108.05781281055648,109.00798797607422,8060000,110.80167836898855
2022-08-31 00:00:00+00:00,110.28780108641268,108.4456297426763,108.66863250732422,7353000,109.43458823330016
2022-09-01 00:00:00+00:00,109.16310611140959,106.68102693720793,109.10493469238281,7718700,108.38746006806129
2022-09-02 00:00:00+00:00,110.42354155095762,107.46637111877534,107.81541442871094,8465100,109.60911209256088
2022-09-06 00:00:00+00:00,108.3777685092158,105.21699054608906,106.73920440673828,9537300,108.36807080643514
2022-09-07 00:00:00+00:00,109.52185723715253,106.52591052570908,109.26007843017578,8193900,106.52591052570908
2022-09-08 00:00:00+00:00,109.55094148173058,107.00099298492925,108.9110336303711,8443300,107.68938195409204
2022-09-09 00:00:00+00:00,112.01363917031779,109.74486475482531,111.6742935180664,9563100,109.82242419163961
2022-09-12 00:00:00+00:00,113.91396820240307,111.76153690559006,112.84745025634766,7923400,112.60505947782691
2022-09-13 00:00:00+00:00,110.3556809644538,107.7863370553929,108.35838317871094,10504600,109.6091205698503
2022-09-14 00:00:00+00:00,109.30855216462942,106.53560084450214,109.07585906982422,8610400,108.44564151576255
2022-09-15 00:00:00+00:00,110.92772281275012,107.34033474303082,107.39850616455078,9739800,108.96920112020753
2022-09-16 00:00:00+00:00,106.24472855067087,103.70447051123604,104.95520782470703,15978800,105.8859875329967
2022-09-19 00:00:00+00:00,105.89569486443649,103.7820467730509,105.84721374511719,7979500,104.25713067422309
2022-09-20 00:00:00+00:00,105.11034294628783,103.60751712916263,104.29590606689453,6957400,104.98429500462643
2022-09-21 00:00:00+00:00,104.75160647110219,101.30965423583984,101.30965423583984,9776400,104.121388926975
2022-09-22 00:00:00+00:00,101.47449095482735,98.91483722846746,99.05058288574219,10953400,101.03818306408378
2022-09-23 00:00:00+00:00,98.10039338069599,95.03657047693669,96.47152709960938,11976900,97.55744041939356
2022-09-26 00:00:00+00:00,97.59624419225617,95.07537372386392,95.13355255126953,9760500,95.93828445904188
2022-09-27 00:00:00+00:00,96.6072699785581,92.52541007636518,92.93262481689453,13360200,96.5006174421557
2022-09-28 00:00:00+00:00,96.83027625583163,92.54480143120745,96.37458038330078,12895500,92.87445675487697
2022-09-29 00:00:00+00:00,95.59893939302837,93.30107911842353,94.48394012451172,9435100,95.53107025827592
2022-09-30 00:00:00+00:00,94.51303396272827,91.41042695706743,91.45890808105469,12094900,93.56285867171702
2022-10-03 00:00:00+00:00,94.80388544677149,91.62371943715756,94.17366790771484,9468400,92.81628538935276
2022-10-04 00:00:00+00:00,98.43005272020572,95.24019630460965,98.35249328613281,10229000,95.67649678534293
2022-10-05 00:00:00+00:00,98.1391865019905,95.6958831400234,97.73197174072266,7562800,96.99510165091893
2022-10-06 00:00:00+00:00,98.37187213859299,96.83027034613107,96.9950942993164,6728200,97.37322332000251
2022-10-07 00:00:00+00:00,95.79284175627332,93.51436244608121,94.2027587890625,7051000,95.51166755635218
2022-10-10 00:00:00+00:00,94.76510105549436,91.54615166465493,92.26363372802734,9532300,94.61966510226048
2022-10-11 00:00:00+00:00,92.16666977208232,89.83002644992838,90.26632690429688,8900900,91.92427898694876
2022-10-12 00:00:00+00:00,91.20681002680325,89.39372417785654,90.56690216064453,6156200,90.32451136038226
2022-10-13 00:00:00+00:00,94.01854313629804,87.94907553323024,93.6985855102539,11025400,88.78290046324703
2022-10-14 00:00:00+00:00,95.10445053768325,91.45889823930676,91.57524108886719,8202100,94.50332608914061
2022-10-17 00:00:00+00:00,94.98810405973562,93.33015194220908,94.36758422851562,7083800,93.44649478732542
2022-10-18 00:00:00+00:00,97.31505585066232,94.66814520123987,95.48258209228516,8533500,96.83027427654815
2022-10-19 00:00:00+00:00,98.76940514087721,95.50197451725137,95.97705841064453,11731000,97.38292947890199
2022-10-20 00:00:00+00:00,97.68348568778464,95.12383960744238,95.58922576904297,8212400,95.24018984643236
2022-10-21 00:00:00+00:00,99.18630783692144,94.91053102613654,98.93421936035156,10193400,95.3565291633421
2022-10-24 00:00:00+00:00,100.04922138172054,97.07266287951786,98.62396240234375,8221500,99.01178913234513
2022-10-25 00:00:00+00:00,101.54235768692135,98.92453259582189,101.1836166381836,7687500,99.0505805466331
2022-10-26 00:00:00+00:00,104.16017638155927,100.37887836731804,101.44539642333984,9203700,100.37887836731804
2022-10-27 00:00:00+00:00,103.61721579731874,101.13512912015226,101.26117706298828,8673500,102.58947383524068
2022-10-28 00:00:00+00:00,102.86095034548651,100.37887106517051,102.72521209716797,7250900,100.9121337529789
2022-10-31 00:00:00+00:00,103.64629978732732,101.62960670722953,103.29725646972656,8814800,102.44404358069116
2022-11-01 00:00:00+00:00,105.52723710752039,102.4246383564863,102.773681640625,7955800,104.42193584014082
2022-11-02 00:00:00+00:00,102.85125771738285,98.69183103794683,98.72091674804688,9583200,102.2404282165637
2022-11-03 00:00:00+00:00,97.63501256435138,95.56014788085571,96.2291488647461,8978400,97.15023095797987
2022-11-04 00:00:00+00:00,98.08101437568288,95.12384373179349,96.54910278320312,11035800,98.07131667271834
2022-11-07 00:00:00+00:00,98.46884142068883,95.97706416109543,97.37323760986328,11355200,97.80953811401295
2022-11-08 00:00:00+00:00,98.86635515705422,95.06566940098439,96.85935974121094,27130300,97.673789233006
2022-11-09 00:00:00+00:00,88.32721815988293,83.65392319055043,84.109619140625,62029800,87.79396276502341
2022-11-10 00:00:00+00:00,87.74547134367842,84.94343423177074,87.7066879272461,36968100,87.01829892922804
2022-11-11 00:00:00+00:00,92.6708529406227,88.32720652599166,92.11820220947266,22373300,88.79260011930864
2022-11-14 00:00:00+00:00,93.67920516142566,91.34255414626598,91.4104232788086,20598000,92.93263730627628
2022-11-15 00:00:00+00:00,94.22215030570852,90.84806717819588,92.60298156738281,15801900,93.078065455267
2022-11-16 00:00:00+00:00,92.32181116508727,90.86746633235981,91.09046173095703,11137700,92.32181116508727
2022-11-17 00:00:00+00:00,89.46158349500544,88.08480567582686,88.66654205322266,12306400,89.31615494854101
2022-11-18 00:00:00+00:00,90.3245039591263,88.14298693552088,89.00589752197266,10011700,90.03363206377375
2022-11-21 00:00:00+00:00,97.81922950944681,93.3883260332795,94.60997772216797,70273500,97.07266910895835
2022-11-22 00:00:00+00:00,94.69723867082462,91.79824669131348,93.28167724609375,25753700,94.04763308361161
2022-11-23 00:00:00+00:00,96.3164052913961,92.86476264663881,95.87040710449219,15503200,93.07806773541463
2022-11-25 00:00:00+00:00,96.77209446393745,95.09475437714568,95.86071014404297,6664300,95.80253132566438
2022-11-28 00:00:00+00:00,96.11279630897242,92.52541546681306,92.77750396728516,13660000,95.22079994998514
2022-11-29 00:00:00+00:00,93.49497544254496,91.06136984942118,91.80793762207031,13205300,93.07806298951722
2022-11-30 00:00:00+00:00,94.95901292032634,91.0128913768053,94.89114379882812,15368100,92.06001390889507
2022-12-01 00:00:00+00:00,95.83161655238735,93.64040919692353,95.58922576904297,13855700,94.89114652664209
2022-12-02 00:00:00+00:00,96.65575977306982,94.05733004747044,96.40367126464844,12608100,94.49363053761714
2022-12-05 00:00:00+00:00,96.14189297301957,92.75811199069551,93.01020050048828,10764500,95.24988918387142
2022-12-06 00:00:00+00:00,93.07805815418916,89.18041772374146,89.4809799194336,11492400,92.81627937038947
2022-12-07 00:00:00+00:00,89.96577286522303,88.48234230908369,89.34525299072266,10353400,89.83973230849591
2022-12-08 00:00:00+00:00,90.58629096435075,88.87985764432838,89.73307800292969,9351200,89.68459688357997
2022-12-09 00:00:00+00:00,92.02124922704374,89.10286184884814,90.53781127929688,10111900,89.55855774810563
2022-12-12 00:00:00+00:00,91.77886199951172,89.79125435206801,91.77886199951172,14140700,90.87716786929695
2022-12-13 00:00:00+00:00,94.42575418255907,90.7220232612992,91.817626953125,22882100,93.5531458718581
2022-12-14 00:00:00+00:00,92.5641934616292,89.80094001289366,91.28437042236328,11505400,91.6624994523387
2022-12-15 00:00:00+00:00,90.28572710853847,87.37703753232861,87.73577117919922,15957700,89.65550955425697
2022-12-16 00:00:00+00:00,88.30782005819121,86.1069074012543,87.3382568359375,26383900,87.44490938215984
2022-12-19 00:00:00+00:00,86.73711326046293,82.81038717898623,83.16912078857422,19225300,86.71772525339576
2022-12-20 00:00:00+00:00,85.16644057183888,83.1497544385194,84.37139892578125,14918400,83.4600144126594
2022-12-21 00:00:00+00:00,85.41852189563534,83.84783414552204,84.2744369506836,11004800,84.5362231738229
2022-12-22 00:00:00+00:00,84.09021464629836,82.1123049469368,84.03203582763672,15487400,83.41151600789738
2022-12-23 00:00:00+00:00,85.38943974158964,83.15944118732499,85.33126831054688,11171600,83.44061543266659
2022-12-27 00:00:00+00:00,85.26337888773138,83.34364075111154,83.74116516113281,11561400,84.75920194805461
2022-12-28 00:00:00+00:00,84.05143477439508,81.51117656974317,81.6081314086914,12399500,83.4600006404768
2022-12-29 00:00:00+00:00,85.55424667452971,82.38377856257779,84.5265121459961,13045100,82.65525504957311
2022-12-30 00:00:00+00:00,84.46834195502635,82.6358682439775,84.23564147949219,23231000,83.12064980557093
2023-01-03 00:00:00+00:00,87.23159467051384,85.15673019546476,86.26203155517578,14997100,86.27172925753943
2023-01-04 00:00:00+00:00,89.9269879702253,86.64016927122815,89.18042755126953,14957200,87.2606891355286
2023-01-05 00:00:00+00:00,89.6652061998118,87.7551655504136,89.12224578857422,11622600,88.87016468757895
2023-01-06 00:00:00+00:00,91.80793093851435,88.54050067720183,91.06136322021484,9828100,89.8397190583818
2023-01-09 00:00:00+00:00,92.78719979199275,90.60568248593793,91.88550567626953,11675800,91.55585772289012
2023-01-10 00:00:00+00:00,92.72903320877545,90.96442830268651,92.6514663696289,6914600,91.4104265320078
2023-01-11 00:00:00+00:00,93.61132295498152,92.15697826317245,93.39801788330078,8757300,93.00049345022674
2023-01-12 00:00:00+00:00,97.56713620621684,94.60027536214714,96.7720947265625,19764300,95.50196937907535
2023-01-13 00:00:00+00:00,96.5684900580382,95.02688817148994,96.37458038330078,12230200,96.35518497751909
2023-01-17 00:00:00+00:00,97.91618698107077,95.9867582550336,96.86906433105469,14914200,97.26658140254683
2023-01-18 00:00:00+00:00,98.05191123270492,95.71526806560605,96.02552795410156,11384500,97.22778409737427
2023-01-19 00:00:00+00:00,96.42305707432828,94.16398044503028,96.06432342529297,10973600,95.13354364295085
2023-01-20 00:00:00+00:00,100.43704370124188,96.27762427475665,100.33039855957031,14549900,97.28596344669378
2023-01-23 00:00:00+00:00,102.72521035954294,99.78743526791662,102.47312927246094,11479100,100.14617628793586
2023-01-24 00:00:00+00:00,105.13941781152532,98.89542950324292,102.773681640625,8606700,101.51324673710425
2023-01-25 00:00:00+00:00,104.86794600841606,101.00908170537755,104.82916259765625,10008000,101.76533972224549
2023-01-26 00:00:00+00:00,106.41927044216034,104.29592443683009,106.36109161376953,9204400,104.87766094047124
2023-01-27 00:00:00+00:00,107.21430213707525,105.8375241464943,106.2059555053711,10249700,105.9344789886008
2023-01-30 00:00:00+00:00,105.65330192324343,104.20865484237397,104.31529998779297,8548500,104.96491294649113
2023-01-31 00:00:00+00:00,105.41091478334397,104.17956534776863,105.18791198730469,8251700,104.30561330094835
2023-02-01 00:00:00+00:00,106.59378673651253,103.64631355047884,106.0605239868164,9975500,105.1976132807122
2023-02-02 00:00:00+00:00,110.07450399383886,106.35138502285065,109.76424407958984,13093200,107.30155277397209
2023-02-03 00:00:00+00:00,109.69638630033161,107.0106993333204,107.34034729003906,12472500,108.0772174365369
2023-02-06 00:00:00+00:00,107.06886243841862,105.22669091396939,106.52590942382812,11956500,106.81677393999588
2023-02-07 00:00:00+00:00,108.70743691114181,105.54665856764267,108.23234558105469,10844000,105.97326877517209
2023-02-08 00:00:00+00:00,109.88059533580835,106.93312242464128,108.37776947021484,27719900,108.78498422445492
2023-02-09 00:00:00+00:00,114.58297549980205,106.46772911997206,107.00099182128906,46137200,114.44723724804498
2023-02-10 00:00:00+00:00,106.39985480315252,103.94686129112864,104.77098846435547,15566000,105.6435967524931
2023-02-13 00:00:00+00:00,104.99399319604726,103.30695540562131,104.38317108154297,12341500,104.80977383256419
2023-02-14 00:00:00+00:00,105.13942914631392,102.59917105948611,104.38317108154297,10768100,103.56873419835753
2023-02-15 00:00:00+00:00,105.94416292063663,103.45238590279848,105.91507720947266,8156000,103.83051494228981
2023-02-16 00:00:00+00:00,104.7322175471092,102.48283113442082,102.60887908935547,9479900,104.27652903960693
2023-02-17 00:00:00+00:00,102.57978155416416,100.71821473284677,102.0174331665039,9492200,101.83321380570979
2023-02-21 00:00:00+00:00,100.57279462604754,98.73062305497506,98.98270416259766,10648200,100.39827295305794
2023-02-22 00:00:00+00:00,99.43839510589811,98.01313608025394,98.5851821899414,9885100,98.24583656411656
2023-02-23 00:00:00+00:00,98.94392691841745,96.57819035767658,98.6336669921875,10974800,98.36218308420369
2023-02-24 00:00:00+00:00,97.37322529714606,95.94796631461445,97.24718475341797,8523000,96.50061700200634
2023-02-27 00:00:00+00:00,98.38157483565233,97.01448723208921,97.39261627197266,6641200,97.66410016987089
2023-02-28 00:00:00+00:00,97.68349515191464,96.53941024779657,96.57819366455078,8233700,97.3926232248482
2023-03-01 00:00:00+00:00,96.5975842502885,95.11415365648811,95.54076385498047,7898300,96.17098144897673
2023-03-02 00:00:00+00:00,96.2679283539606,94.45484255710555,95.90918731689453,7776600,94.76510247664
2023-03-03 00:00:00+00:00,98.10040603575065,95.87040769042189,98.0616226196289,7434300,96.6363635151708
2023-03-06 00:00:00+00:00,99.5741396400091,97.4314058135176,97.59623718261719,6773300,98.51731928186518
2023-03-07 00:00:00+00:00,97.86769753049543,95.88009030091877,96.04491424560547,6951300,97.34413259103847
2023-03-08 00:00:00+00:00,96.58788595706989,95.3080628645994,96.27762603759766,5668700,95.98675412682618
2023-03-09 00:00:00+00:00,97.00479390362008,93.00049345126611,93.21379852294922,8275600,96.42305010914626
2023-03-10 00:00:00+00:00,92.98110690915627,90.00454835552061,90.7220230102539,13978800,92.69023500733427
2023-03-13 00:00:00+00:00,91.15832546454808,87.70668296629005,89.78154754638672,11915300,89.09315858730604
2023-03-14 00:00:00+00:00,91.42981680360815,89.52946633718916,90.51842498779297,10323600,91.13894487174102
2023-03-15 00:00:00+00:00,90.5184153920461,88.62777022687631,90.26632690429688,9543800,88.84106790416287
2023-03-16 00:00:00+00:00,91.68188376097399,89.09315207646253,91.42010498046875,9931700,89.8494101058992
2023-03-17 00:00:00+00:00,91.40071350887132,90.08211445028451,90.36328125,12943200,91.18741583273882
2023-03-20 00:00:00+00:00,92.03094045084038,90.16938081577352,91.35224914550781,6657200,90.58629330252937
2023-03-21 00:00:00+00:00,93.9021857321848,92.27331941135675,93.60162353515625,7285800,92.27331941135675
2023-03-22 00:00:00+00:00,94.9493262714508,91.93398407052695,92.01155090332031,8811100,94.48393267187097
2023-03-23 00:00:00+00:00,94.06702136900552,91.87581379403015,92.91324615478516,9527000,92.37998341913428
2023-03-24 00:00:00+00:00,92.10849561609874,90.1887574000779,91.21649932861328,9534600,91.9242762577691
2023-03-27 00:00:00+00:00,93.09745222335259,91.50736921812529,92.70963287353516,7487900,91.89519596512267
2023-03-28 00:00:00+00:00,93.0780600031525,91.71097244620998,91.93397521972656,5426100,92.6029761430967
2023-03-29 00:00:00+00:00,93.96036849670223,92.44784495133932,93.92158508300781,5889100,93.15562930619771
2023-03-30 00:00:00+00:00,95.90919255049137,94.69723851786634,95.11415100097656,7669500,95.72498056761502
2023-03-31 00:00:00+00:00,97.15022844121142,95.50197398111997,97.08235931396484,8920000,95.88010303251954
2023-04-03 00:00:00+00:00,97.37323074022983,96.24853389758462,96.72362518310547,7313200,97.15992565647436
2023-04-04 00:00:00+00:00,97.36353304875975,95.75406201172459,96.5394058227539,6794200,97.24719020101024
2023-04-05 00:00:00+00:00,97.13084314426364,95.62801720261069,96.86906433105469,7747200,96.66544954644961
2023-04-06 00:00:00+00:00,97.26658411954257,95.55046043635033,96.92723846435547,7042500,96.41337112976063
2023-04-10 00:00:00+00:00,97.74166870117188,95.88980674331735,97.74166870117188,8016600,96.27763352210182
2023-04-11 00:00:00+00:00,98.80818748804315,97.23749246926809,97.36353302001953,7504600,98.08101510110322
2023-04-12 00:00:00+00:00,99.10875184958233,94.7263220271529,94.95902252197266,9289200,98.16827435859804
2023-04-13 00:00:00+00:00,97.99374710259812,95.51166781005261,97.77074432373047,8745000,95.51166781005261
2023-04-14 00:00:00+00:00,97.79013947348234,95.91888230627157,96.85935974121094,7337300,97.44109614923309
2023-04-17 00:00:00+00:00,97.50896354337007,96.13218567613829,97.24718475341797,6705300,96.53940041481029
2023-04-18 00:00:00+00:00,98.07132206163455,96.56849609828974,97.85801696777344,8180100,97.5477570304792
2023-04-19 00:00:00+00:00,96.79149186367735,95.3662328374973,95.7443618774414,11523300,96.74301074689278
2023-04-20 00:00:00+00:00,95.57953940927422,94.42575686582848,95.0850601196289,7762700,94.77480020002753
2023-04-21 00:00:00+00:00,96.68484177962084,94.7457154138753,96.5394058227539,9468000,95.17232558143694
2023-04-24 00:00:00+00:00,97.67379172251293,95.6667962555154,96.64605712890625,8540600,97.10175300257863
2023-04-25 00:00:00+00:00,96.67514037523401,95.02688598632812,95.02688598632812,6511400,96.35518276181283
2023-04-26 00:00:00+00:00,95.48258812298741,93.5240662974448,93.66950225830078,8634500,94.86206086352323
2023-04-27 00:00:00+00:00,97.02418123835176,93.76644855948793,96.88844299316406,8166500,94.17366329505101
2023-04-28 00:00:00+00:00,99.43839755906474,96.06432182879597,99.3802261352539,11329700,96.3454960391817
2023-05-01 00:00:00+00:00,99.48687152407952,98.5173084119822,99.09904479980469,6909500,99.29296186053186
2023-05-02 00:00:00+00:00,98.60457344932576,96.58788763628536,97.53805541992188,6955900,98.24583980327486
2023-05-03 00:00:00+00:00,99.45778801793485,97.57683317169261,97.7901382446289,7772100,97.98404791247299
2023-05-04 00:00:00+00:00,96.51033125728769,93.66951050748239,94.48394012451172,13260700,96.51033125728769
2023-05-05 00:00:00+00:00,97.78044498968055,95.12384395404534,97.46048736572266,9300100,95.58923013691137
2023-05-08 00:00:00+00:00,100.74731400127935,98.59488254922505,99.83592224121094,10810100,98.60457285509553
2023-05-09 00:00:00+00:00,99.84561501564467,98.98269701906449,99.06996154785156,6829900,99.77774589200125
2023-05-10 00:00:00+00:00,100.10740158767445,96.99510456641177,98.0616226196289,19525200,99.86501078479873
2023-05-11 00:00:00+00:00,92.21515367474082,89.08346138141596,89.50037384033203,57127200,91.91459145918968
2023-05-12 00:00:00+00:00,90.05301983713623,88.46293691361993,89.19010925292969,21837500,89.52945486517166
2023-05-15 00:00:00+00:00,90.04333570355405,87.9393779690878,90.03363800048828,16792000,88.75381489147023
2023-05-16 00:00:00+00:00,89.60703490270858,88.01695174473218,88.21086883544922,17013300,89.23860352611719
2023-05-17 00:00:00+00:00,90.21786454238988,88.08482092639487,89.94638061523438,12461600,88.24964490571094
2023-05-18 00:00:00+00:00,91.37164387378982,89.64582237289373,90.90625762939453,15014800,90.02395147040778
2023-05-19 00:00:00+00:00,90.16937606919055,88.54050962495667,88.56959533691406,16429000,90.16937606919055
2023-05-22 00:00:00+00:00,89.14163404881059,87.15402672896957,89.02528381347656,14150600,88.55019996426002
2023-05-23 00:00:00+00:00,89.22890016749616,87.0764686786195,87.08616638183594,14778700,88.3272060950527
2023-05-24 00:00:00+00:00,86.76620063170427,85.71907809489326,86.3589859008789,15350800,86.7177269145181
2023-05-25 00:00:00+00:00,86.83407622207204,85.11795264450845,85.4572982788086,13605800,86.83407622207204
2023-05-26 00:00:00+00:00,86.52381952522107,85.41851804819304,85.60273742675781,12892700,85.79664711153524
2023-05-30 00:00:00+00:00,86.26204049847405,84.36169748305313,85.14704132080078,14800700,86.26204049847405
2023-05-31 00:00:00+00:00,85.48638325774054,84.49743207523395,85.28277587890625,11440600,84.91434453585084
2023-06-01 00:00:00+00:00,86.34929635208722,84.45865106817453,85.89360046386719,11993200,85.70938848567839
2023-06-02 00:00:00+00:00,88.5598909725713,86.87285323131826,88.00724029541016,14350200,86.90193894108786
2023-06-05 00:00:00+00:00,88.96711756984747,86.71773133612658,88.2302474975586,18506700,88.42415717054942
2023-06-06 00:00:00+00:00,89.69430325727683,88.24964860942524,89.3549575805664,12109100,88.32721544901075
2023-06-07 00:00:00+00:00,90.24694756250292,89.06407923391367,89.70398712158203,11082400,89.95607563353886
2023-06-08 00:00:00+00:00,89.859112403546,88.52111792897601,89.71367645263672,9030200,89.70397874999483
2023-06-09 00:00:00+00:00,90.09181593019996,88.76351900429474,89.13195037841797,9625400,89.95607766619769
2023-06-12 00:00:00+00:00,90.39237927955469,88.9768105154379,90.30511474609375,12341600,89.44220410047603
2023-06-13 00:00:00+00:00,91.56554585842721,90.59598271260627,90.99349975585938,12964400,91.2552859476517
2023-06-14 00:00:00+00:00,91.64310378139976,89.1222411231504,89.6361083984375,15877400,91.39102269360056
2023-06-15 00:00:00+00:00,90.67353941107321,88.82167770487196,90.11119842529297,13354600,89.25797814847688
2023-06-16 00:00:00+00:00,90.14029286168564,88.0945138958027,88.54051208496094,22683400,90.05302832620889
2023-06-20 00:00:00+00:00,88.01695189554721,87.00860521363283,87.01830291748047,14939200,87.54186796754259
2023-06-21 00:00:00+00:00,86.94073422283545,85.42821793088193,85.94208526611328,17873000,86.82439136787318
2023-06-22 00:00:00+00:00,86.47533711164034,85.43790486826684,85.79663848876953,10915300,85.74816477103705
2023-06-23 00:00:00+00:00,85.70938233544015,84.94342657361295,85.41851043701172,13538000,85.34094361114019
2023-06-26 00:00:00+00:00,86.76620757578513,85.09855770978206,86.00025177001953,13132700,85.36034391282072
2023-06-27 00:00:00+00:00,86.93103272909761,85.7966382589388,86.34928894042969,10032700,86.19416268804991
2023-06-28 00:00:00+00:00,86.6789553789301,85.83543269477555,86.12630462646484,12118300,86.66925767529233
2023-06-29 00:00:00+00:00,86.40747663255345,84.68164789125332,86.24264526367188,13402600,85.12765348095603
2023-06-30 00:00:00+00:00,86.87285144586613,85.91298605729902,86.56259155273438,12837500,86.46563672310182
2023-07-03 00:00:00+00:00,88.18175327885402,86.20385123724478,87.74545288085938,7979500,86.40745858278753
2023-07-05 00:00:00+00:00,87.63881190687142,86.53351051558953,87.05707550048828,11028800,87.36733541037127
2023-07-06 00:00:00+00:00,86.12629651257974,85.1082522447568,86.03903198242188,12084600,85.97116285771233
2023-07-07 00:00:00+00:00,86.99891304749707,85.39913221714136,85.94208526611328,9705100,85.62212762060604
2023-07-10 00:00:00+00:00,85.98085882881088,85.18581735657676,85.41851043701172,13642600,85.56394638622594
2023-07-11 00:00:00+00:00,86.86316730815176,85.46700126962561,86.7662124633789,13735500,85.51547499342179
2023-07-12 00:00:00+00:00,87.94908097925241,86.84377947282069,87.4061279296875,14912100,87.36734451226421
2023-07-13 00:00:00+00:00,88.04602517074085,86.3686851039283,87.71637725830078,15325500,87.79394408376184
2023-07-14 00:00:00+00:00,87.7357697506695,85.72877427165018,85.92269134521484,17770000,87.65821031842363
2023-07-17 00:00:00+00:00,85.79663841362546,82.70373709105047,82.95581817626953,34503400,85.72876929111577
2023-07-18 00:00:00+00:00,84.64287784088079,82.71344157544671,83.3339614868164,21885100,82.90735867098776
2023-07-19 00:00:00+00:00,85.21490478716784,83.56665038861341,84.39077758789062,17177000,83.57634069415823
2023-07-20 00:00:00+00:00,84.52652181850588,83.41152263603,83.58604431152344,15277500,84.19686647716034
2023-07-21 00:00:00+00:00,85.22459876808665,83.26607714531262,84.5265121459961,19901000,83.6732992729851
2023-07-24 00:00:00+00:00,85.28277891840551,83.91569864117213,83.96417236328125,13911900,84.8270830269343
2023-07-25 00:00:00+00:00,83.68299250313015,82.56800080645196,83.02368927001953,15335400,83.1206515020609
2023-07-26 00:00:00+00:00,83.64421353538228,82.84917201177352,83.24669647216797,14983700,83.06247709811394
2023-07-27 00:00:00+00:00,84.23564218977499,82.5970855278548,82.76190948486328,16691400,83.96416569654228
2023-07-28 00:00:00+00:00,83.9447841382672,82.84917298145547,83.50847625732422,13638300,83.24669744650261
2023-07-31 00:00:00+00:00,86.64016701196704,84.23564705261875,86.1844711303711,20837800,84.35199729808369
2023-08-01 00:00:00+00:00,86.99890432885583,85.76755499124846,86.32020568847656,13717500,86.40747021813351
2023-08-02 00:00:00+00:00,85.64151368168685,83.6345182836289,83.67330169677734,15162700,85.57364455797203
2023-08-03 00:00:00+00:00,83.82843990197932,82.84917892263157,82.8879623413086,14145400,83.20791999750847
2023-08-04 00:00:00+00:00,84.4586454707888,82.84916711243775,83.67330169677734,11533900,83.3242583756212
2023-08-07 00:00:00+00:00,84.57499868397609,83.37273502564118,84.18717193603516,10818400,84.02234797224374
2023-08-08 00:00:00+00:00,85.6415107480644,83.4793817714758,85.44759368896484,16767900,83.86720849249548
2023-08-09 00:00:00+00:00,86.83406743144353,84.390771714649,84.82707214355469,32517900,86.48502412944727
2023-08-10 00:00:00+00:00,89.71367768529873,85.07916698088586,88.96711730957031,56716800,87.23159837181431
2023-08-11 00:00:00+00:00,88.56960048161491,86.1553900855784,86.31051635742188,21998900,88.54051476796803
2023-08-14 00:00:00+00:00,86.58199435718258,85.31186156974536,86.10690307617188,13676400,86.28142474329867
2023-08-15 00:00:00+00:00,85.54456609727588,84.24534753682426,84.41017150878906,13677900,85.31186559866404
2023-08-16 00:00:00+00:00,84.41016783776159,83.46000006655085,83.7217788696289,12182700,83.90599824038976
2023-08-17 00:00:00+00:00,84.3132095264622,83.1885201338008,83.30486297607422,14206000,84.27442611331115
2023-08-18 00:00:00+00:00,84.08052091253667,82.77161208715104,83.3436508178711,12364400,82.77161208715104
2023-08-21 00:00:00+00:00,83.62482380122424,82.8103942852848,83.26608276367188,11215000,83.19821363734358
2023-08-22 00:00:00+00:00,83.46969754766062,82.77161821371678,83.1788330078125,9835300,83.10126617164742
2023-08-23 00:00:00+00:00,83.70238715796174,83.03338622820907,83.21760559082031,7576000,83.19821018571403
2023-08-24 00:00:00+00:00,83.33395275400594,79.95017931110415,79.95987701416016,27531000,82.90734998288225
2023-08-25 00:00:00+00:00,81.10395096782891,79.95016856616868,80.8227767944336,16050900,80.5416026210383
2023-08-28 00:00:00+00:00,82.11230938766329,80.98761253032352,81.59844207763672,12166400,81.27848444782315
2023-08-29 00:00:00+00:00,81.97657457569905,81.18153301793993,81.83113861083984,11210700,81.23970444501143
2023-08-30 00:00:00+00:00,82.1026171275557,81.27848983624409,81.71479034423828,11816600,81.83114059838769
2023-08-31 00:00:00+00:00,82.03475079885217,81.09427322124975,81.133056640625,10448000,81.8893148254902
2023-09-01 00:00:00+00:00,79.72718990615988,78.07892793036663,79.15514373779297,27701900,79.61083965229356
2023-09-05 00:00:00+00:00,79.8823067357143,78.70913622070246,78.71883392333984,12741700,78.94182930374141
2023-09-06 00:00:00+00:00,79.59144431203477,78.07892799639674,78.5152359008789,15518500,78.33101651472995
2023-09-07 00:00:00+00:00,78.38917515387905,77.32265722333786,78.1176986694336,14768000,78.36008944442838
2023-09-08 00:00:00+00:00,79.18421910621142,77.72987441021164,79.09696197509766,16220900,78.08861543154292
2023-09-11 00:00:00+00:00,81.29787505343481,78.69944531082018,80.00835418701172,26579100,79.44601313756212
2023-09-12 00:00:00+00:00,82.09292222932461,80.05684079379964,81.133056640625,16594600,80.50283902084371
2023-09-13 00:00:00+00:00,81.49178337415837,80.59008937468741,80.93913269042969,9772700,80.81308475035745
2023-09-14 00:00:00+00:00,82.16076482559986,80.51251071904079,81.90868377685547,22371900,81.44329029185775
2023-09-15 00:00:00+00:00,83.56666154908913,82.03474978992138,82.97522735595703,21631200,82.62618398305347
2023-09-18 00:00:00+00:00,83.30485924038075,82.39347496233002,82.4322509765625,11894200,82.645556040738
2023-09-19 00:00:00+00:00,82.2092602693771,79.2230039959329,79.44600677490234,21478900,81.36573766698805
2023-09-20 00:00:00+00:00,80.6676619362272,79.15514558654193,80.0471420288086,12715200,79.53327467396326
2023-09-21 00:00:00+00:00,81.12335185387711,79.42661623954581,80.21196746826172,14378000,79.56235449691789
2023-09-22 00:00:00+00:00,80.81309707356115,78.72853456366377,78.77701568603516,11495300,80.38649426485198
2023-09-25 00:00:00+00:00,79.28118187996711,78.10801126202745,78.54431915283203,11034400,79.07757448979712
2023-09-26 00:00:00+00:00,78.28253425776322,77.36145213473642,77.61354064941406,14867900,78.04984115038876
2023-09-27 00:00:00+00:00,78.10800167734097,76.80879066220326,77.46809387207031,14662500,77.68139893955369
2023-09-28 00:00:00+00:00,78.45704922984221,77.22570726986385,77.69109344482422,12229800,77.8365293984418
2023-09-29 00:00:00+00:00,78.85457587439107,77.96257951653905,78.58309936523438,11261400,78.20497031359754
2023-10-02 00:00:00+00:00,79.28118183302958,78.33101401279885,79.1842269897461,9128100,78.45705456934935
2023-10-03 00:00:00+00:00,79.3975287093111,77.04148987145739,77.11905670166016,12586200,78.77700886204906
2023-10-04 00:00:00+00:00,77.36144998497018,76.33371534187678,76.90575408935547,12010500,77.18692830999392
2023-10-05 00:00:00+00:00,78.47645078706435,76.47914548832422,78.35040283203125,15466600,76.6924505840598
2023-10-06 00:00:00+00:00,80.98761184996607,78.04013887297266,80.41557312011719,15391100,78.58309928793203
2023-10-09 00:00:00+00:00,82.296515677558,80.59978020281778,82.12199401855469,13604400,81.7341746849292
2023-10-10 00:00:00+00:00,82.69404727660779,81.37544071591596,82.4031753540039,9450600,82.20926567038816
2023-10-11 00:00:00+00:00,83.11095578401982,81.6953944491349,82.2674331665039,9499200,82.7716101553111
2023-10-12 00:00:00+00:00,82.48074818526626,80.96823183095117,81.78266143798828,9554900,82.2480550685672
2023-10-13 00:00:00+00:00,82.00566424782795,80.84218386997104,81.78266143798828,10808000,81.38514433850992
2023-10-16 00:00:00+00:00,83.31456240237274,81.74386742456772,83.10125732421875,10275100,81.74386742456772
2023-10-17 00:00:00+00:00,83.66360425082625,82.71342911872448,83.57633972167969,9985700,82.75221253199187
2023-10-18 00:00:00+00:00,83.63452704905347,82.02504852201896,82.10261535644531,10047000,83.0818762988316
2023-10-19 00:00:00+00:00,82.67464744727346,80.6385662895068,80.71613311767578,14316800,82.66495714163725
2023-10-20 00:00:00+00:00,80.90034752219198,80.09560837296277,80.13439178466797,10437000,80.3767825599409
2023-10-23 00:00:00+00:00,81.47239568397411,78.44736319067131,80.5707015991211,10772500,79.58175037565987
2023-10-24 00:00:00+00:00,81.63722521621638,79.2521004351047,80.0471420288086,11499500,80.87127673454403
2023-10-25 00:00:00+00:00,80.03744291963348,78.06922346408412,78.13709259033203,9372500,79.63022076496604
2023-10-26 00:00:00+00:00,78.15649249034804,77.00270988060917,77.35175323486328,11651000,77.6426251624685
2023-10-27 00:00:00+00:00,78.56369775129819,76.8184885886837,76.91544342041016,10300600,77.32265815196891
2023-10-30 00:00:00+00:00,78.46674074677985,77.10935094865809,78.22434997558594,10291200,77.29357030186283
2023-10-31 00:00:00+00:00,79.18422576784887,77.8850146141015,79.10665893554688,8672200,78.23405796228025
2023-11-01 00:00:00+00:00,79.0969726205336,77.7395825754773,78.60249328613281,9093000,79.04849149860348
2023-11-02 00:00:00+00:00,80.76461103250973,79.32965435699461,80.75491333007812,11518500,79.35874006710985
2023-11-03 00:00:00+00:00,83.31456837502772,81.59844471834663,82.48074340820312,11331800,81.60813502464478
2023-11-06 00:00:00+00:00,83.18852866503842,81.045787402482,81.46269989013672,14160900,82.49044195108814
2023-11-07 00:00:00+00:00,82.1026148793145,81.39483046435316,82.01535034179688,10540200,81.59844525283414
2023-11-08 00:00:00+00:00,82.33530007061113,81.39482264129511,81.92808532714844,26942600,81.5790420049862
2023-11-09 00:00:00+00:00,88.43387004635387,84.93374584892435,87.59034729003906,51062700,85.16643897587352
2023-11-10 00:00:00+00:00,87.41581703281636,84.29382251061867,85.58333587646484,25175700,87.38672392472587
2023-11-13 00:00:00+00:00,87.163733476488,84.74952317091693,86.71773529052734,12834400,85.72877668050917
2023-11-14 00:00:00+00:00,88.75381446989398,87.25098858058216,88.2981185913086,13152000,87.28977199548092
2023-11-15 00:00:00+00:00,91.6915876399713,89.91728528388657,91.0710678100586,20593100,90.1596760736081
2023-11-16 00:00:00+00:00,91.73037005756744,90.7801949174212,91.63341522216797,12923900,91.03228340720364
2023-11-17 00:00:00+00:00,92.47692893315352,91.06136764708513,91.28437042236328,12189300,91.86610682254239
2023-11-20 00:00:00+00:00,92.68054151873987,91.01289905029827,92.13758850097656,14105300,91.11955159267036
2023-11-21 00:00:00+00:00,92.06972039103948,91.10015719307506,91.57524108886719,7654800,91.84672499792856
2023-11-22 00:00:00+00:00,92.79688085913038,91.87579889835467,92.17636108398438,7328200,92.02123483878748
2023-11-24 00:00:00+00:00,93.57254597398499,92.01154863903922,93.13623809814453,5440500,92.01154863903922
2023-11-27 00:00:00+00:00,92.82598143287899,91.64311311046457,92.27333068847656,11049500,92.82598143287899
2023-11-28 00:00:00+00:00,92.24424722415672,89.63611970859505,89.68460083007812,18660300,92.10850896062078
2023-11-29 00:00:00+00:00,90.4020755655082,88.65686614982583,89.68460083007812,13857000,89.78155567586371
2023-11-30 00:00:00+00:00,91.00319969419085,89.39372128194196,89.86881256103516,13396700,90.70263747870001
2023-12-01 00:00:00+00:00,90.01424235648594,88.97681004659296,89.76216125488281,11898200,89.91728751762473
2023-12-04 00:00:00+00:00,89.59732989444483,88.82167645321141,89.20950317382812,12602800,89.10285064072905
2023-12-05 00:00:00+00:00,88.98650732101173,87.19281692058898,88.02664184570312,12357000,88.8216833560236
2023-12-06 00:00:00+00:00,89.73306338917948,87.86180640360573,88.71501922607422,10462000,88.33689022770461
2023-12-07 00:00:00+00:00,90.54750831627703,88.8604703885582,89.5391616821289,10264700,89.00590635066058
2023-12-08 00:00:00+00:00,90.98852408487578,89.54889056156996,90.28816223144531,9498200,89.54889056156996
2023-12-11 00:00:00+00:00,90.54106729477184,89.46134406763339,89.68506622314453,10811000,90.20061569641473
2023-12-12 00:00:00+00:00,89.68506614632665,88.38162076479351,88.58589172363281,13218400,89.60725393911757
2023-12-13 00:00:00+00:00,90.3367918924463,88.30379686861473,90.29788208007812,10173200,88.68315826259453
2023-12-14 00:00:00+00:00,92.24332450578876,90.66751056328286,91.37760162353516,12439300,90.66751056328286
2023-12-15 00:00:00+00:00,91.3873301670492,90.39515589331778,90.91069793701172,17551600,90.51188533428717
2023-12-18 00:00:00+00:00,91.15387763610961,90.17142526136175,90.32706451416016,9083600,90.17142526136175
2023-12-19 00:00:00+00:00,91.42624278653405,90.08388756998632,91.36788177490234,8804000,90.11306807580218
2023-12-20 00:00:00+00:00,91.69860294108356,88.76098245824333,88.78043365478516,13060600,90.6966993401939
2023-12-21 00:00:00+00:00,89.5683476823823,88.57616593285408,89.50997924804688,13037200,89.42243772847655
2023-12-22 00:00:00+00:00,89.72397771679998,88.27462235878725,88.5372543334961,9419800,89.12089413736176
2023-12-26 00:00:00+00:00,88.7804407352107,88.12871799040366,88.46916961669922,8086900,88.36216947396507
2023-12-27 00:00:00+00:00,88.45944865701041,87.58399630785294,87.91471862792969,11123500,88.43026814891999
2023-12-28 00:00:00+00:00,88.49835478785738,87.51590233577352,87.93417358398438,8479600,87.63262436327233
2023-12-29 00:00:00+00:00,88.12870546224315,87.40889249450383,87.82716369628906,9211000,87.66180256149411
2024-01-02 00:00:00+00:00,88.98471876952321,87.28245322369601,88.2357177734375,10587600,87.64235604661748
2024-01-03 00:00:00+00:00,89.56834140428779,87.54507565254214,89.15007019042969,11929800,87.76880522235426
2024-01-04 00:00:00+00:00,89.43215280093253,87.545067852413,88.08979034423828,12087400,89.43215280093253
2024-01-05 00:00:00+00:00,88.82905882256196,87.89524568820799,88.42051696777344,9092100,87.94388480385348
2024-01-08 00:00:00+00:00,89.43215679408557,88.51779478087764,89.05279541015625,11103700,89.05279541015625
2024-01-09 00:00:00+00:00,88.61506959495078,87.15598499979367,87.22407531738281,11255100,88.56643789455168
2024-01-10 00:00:00+00:00,87.36998846626119,86.45562637827453,86.85444641113281,15091600,87.36998846626119
2024-01-11 00:00:00+00:00,87.33107883466752,86.27081421662237,87.01007843017578,9642200,86.95171741891849
2024-01-12 00:00:00+00:00,88.35243890700177,87.20462537874484,87.88552856445312,11919400,87.20462537874484
2024-01-16 00:00:00+00:00,90.5507889895906,87.01980684051028,90.51188659667969,16780900,87.82716878724415
2024-01-17 00:00:00+00:00,91.20252763905162,87.64235723005828,87.87580871582031,15735200,90.05471398722901
2024-01-18 00:00:00+00:00,89.98661359168601,87.94389662195137,89.69479370117188,12203200,88.18707739028379
2024-01-19 00:00:00+00:00,91.0274265972199,89.13061215949925,90.5216064453125,19790100,89.8017934520622
2024-01-22 00:00:00+00:00,92.63242881658434,90.33680158945825,92.48651885986328,15119400,90.33680158945825
2024-01-23 00:00:00+00:00,93.27441777702043,90.63833905776524,91.21224212646484,11559400,92.82696604007964
2024-01-24 00:00:00+00:00,92.6518654644808,90.71614877840649,90.94960021972656,10454900,91.84450359585979
2024-01-25 00:00:00+00:00,92.3503263369498,91.19278356278085,92.27250671386719,8661600,91.35814469586563
2024-01-26 00:00:00+00:00,92.92423412740963,92.11687219439744,92.75887298583984,7812800,92.40869208528729
2024-01-29 00:00:00+00:00,94.84050170880755,92.40869397268428,94.83077239990234,13422200,92.8172358912438
2024-01-30 00:00:00+00:00,94.87940872237105,93.3911436192022,94.2957763671875,9139600,93.88722703939979
2024-01-31 00:00:00+00:00,94.90858950989643,93.19659483113762,93.4300537109375,9592300,93.7899564967082
2024-02-01 00:00:00+00:00,95.25877021376925,93.28414357587826,94.4124984741211,8484800,93.74132460460929
2024-02-02 00:00:00+00:00,94.75295951870353,93.2063259504579,94.4805908203125,9321300,93.653777680168
2024-02-05 00:00:00+00:00,94.71404893855329,93.85804787882451,94.01368713378906,11679300,94.06231883499937
2024-02-06 00:00:00+00:00,96.61084554089467,94.14985760255057,96.5816650390625,16455500,94.27630891758574
2024-02-07 00:00:00+00:00,96.57194876856748,94.00396036263547,96.4357681274414,28886300,94.73350269207725
2024-02-08 00:00:00+00:00,109.69398689965745,103.88683589947775,107.52481842041016,60558400,104.15919719541115
2024-02-09 00:00:00+00:00,107.14544340491946,104.75254563796307,105.4334487915039,21509100,106.61044276907467
2024-02-12 00:00:00+00:00,108.03062314548087,104.88873174557165,106.30890655517578,13424000,104.93736344691376
2024-02-13 00:00:00+00:00,107.63181072756687,105.25836402782312,107.44699096679688,14594500,105.32645434685078
2024-02-14 00:00:00+00:00,108.63372010958807,106.67854452855062,108.5169906616211,11405500,107.56372614440085
2024-02-15 00:00:00+00:00,109.83989437770592,108.05008737552289,109.3827133178711,9961900,108.05008737552289
2024-02-16 00:00:00+00:00,109.48971389442735,108.12790744004977,108.55590057373047,8782200,108.96444251004375
2024-02-20 00:00:00+00:00,108.09871572253832,106.36726978728018,106.45481872558594,9770900,107.82635444121074
2024-02-21 00:00:00+00:00,106.24081701890667,104.31482203639675,104.73309326171875,10427500,105.52100401066237
2024-02-22 00:00:00+00:00,105.53072395419422,104.48018867710219,104.70391082763672,9266200,105.04436241842062
2024-02-23 00:00:00+00:00,105.05409569402318,102.94328833016914,104.80118560791016,11724000,104.6358244606121
2024-02-26 00:00:00+00:00,105.79336343911606,104.45100084949173,104.7428207397461,8694200,104.58718148593361
2024-02-27 00:00:00+00:00,106.59099539297279,104.84009090500734,106.43535614013672,7595000,104.84009090500734
2024-02-28 00:00:00+00:00,108.01116904584826,105.69609084386641,107.77771759033203,10773000,105.81281286098054
2024-02-29 00:00:00+00:00,109.67452215772238,107.94307634343666,108.53643798828125,11658300,108.1084374782195
2024-03-01 00:00:00+00:00,109.09089611683022,108.00144358347693,108.89634704589844,7242400,108.40026361292091
2024-03-04 00:00:00+00:00,111.01689084617605,108.75045153851909,110.58889770507812,11558900,109.59671593250704
2024-03-05 00:00:00+00:00,112.04796929094088,109.20761237552038,109.79125213623047,14929600,110.51106510747498
2024-03-06 00:00:00+00:00,110.20952758776644,106.26999615757452,107.05789947509766,14743900,109.99552732342976
2024-03-07 00:00:00+00:00,108.05007377564311,106.22134976647885,107.17462158203125,8609300,107.68043428206943
2024-03-08 00:00:00+00:00,108.27380771107856,106.3575419843749,107.3108139038086,10009200,107.17463326121641
2024-03-11 00:00:00+00:00,109.83016842059192,107.02872115221695,109.24652862548828,8794300,107.087082163212
2024-03-12 00:00:00+00:00,109.86906538240741,108.59480056341955,109.3924331665039,8085000,109.45079417461392
2024-03-13 00:00:00+00:00,111.01688671771333,109.37298969577584,109.43135070800781,7267900,109.66480217822414
2024-03-14 00:00:00+00:00,109.28543224744372,106.52290237131716,109.00334167480469,10520500,108.69207059832158
2024-03-15 00:00:00+00:00,109.87879944556131,108.36135379873456,108.89634704589844,15364200,108.55589544837811
2024-03-18 00:00:00+00:00,111.3086955986656,109.22706892726434,110.74451446533203,11820800,109.22706892726434
2024-03-19 00:00:00+00:00,112.02851375034838,110.15115793577772,111.38652038574219,10999700,110.31652649720651
2024-03-20 00:00:00+00:00,113.3319643161915,111.2406082802886,113.2833251953125,11699600,111.48378904210783
2024-03-21 00:00:00+00:00,114.15878548674314,112.69970081275234,113.51678466796875,10353500,113.79887526216159
2024-03-22 00:00:00+00:00,114.45060984523916,112.68024658077907,112.70943450927734,7144800,113.73078936805581
2024-03-25 00:00:00+00:00,116.1528642802583,113.682146814678,116.1042251586914,12103600,113.77941763652379
2024-03-26 00:00:00+00:00,117.11585717018583,114.96614011168805,116.65867614746094,11870000,116.36685626278481
2024-03-27 00:00:00+00:00,118.70140090267455,116.74622535752488,117.68004608154297,10782800,117.66058746326135
2024-03-28 00:00:00+00:00,120.36474740217933,117.89402997954498,119.02239227294922,15367400,117.94266910026643
2024-04-01 00:00:00+00:00,119.06130623440798,117.4854921763452,118.21503448486328,8419700,118.73057652880995
2024-04-02 00:00:00+00:00,120.16048113046881,116.88240909379647,119.4698486328125,15517100,116.94077010390349
2024-04-03 00:00:00+00:00,120.31612110544978,115.15095646272766,115.7345962524414,22480400,118.93484868058722
2024-04-04 00:00:00+00:00,116.91158851549434,113.76968972442326,113.8961410522461,13815400,115.96804594730398
2024-04-05 00:00:00+00:00,115.61786554258939,113.12769683992263,115.15095520019531,9653900,113.41950931029182
2024-04-08 00:00:00+00:00,115.28713973861477,113.63351342003284,114.14905548095703,6266000,114.80077818358616
2024-04-09 00:00:00+00:00,115.27741521785134,113.70160114388717,114.75214385986328,7451100,114.17823337896796
2024-04-10 00:00:00+00:00,114.35332626244079,113.1957908097817,113.99342346191406,6746300,113.4195129688191
2024-04-11 00:00:00+00:00,115.05369569281295,113.19579829181198,113.95452117919922,6559400,114.38251432876014
2024-04-12 00:00:00+00:00,113.51678181290065,110.62780046494211,110.90016174316406,12155200,113.21524002933894
2024-04-15 00:00:00+00:00,112.39815017050977,109.69397388711224,109.86906433105469,9637100,111.74642009393692
2024-04-16 00:00:00+00:00,111.3767878546575,109.4507929739876,110.77369689941406,9291400,109.74261285391232
2024-04-17 00:00:00+00:00,111.09469950000775,109.81070536103454,109.85934448242188,7379000,110.89042854849929
2024-04-18 00:00:00+00:00,111.13361410586353,109.12980689592236,109.3632583618164,8235600,110.09280068636255
2024-04-19 00:00:00+00:00,109.64534546815155,108.05008022952295,109.53834533691406,9436000,108.67262239965663
2024-04-22 00:00:00+00:00,110.54025154351868,108.70180549396805,108.93525695800781,6901700,110.01498018346304
2024-04-23 00:00:00+00:00,111.12388709768554,109.72317085203169,110.60834503173828,6839300,109.75235135821157
2024-04-24 00:00:00+00:00,111.06551687960064,110.05388402857965,110.81260681152344,6157200,110.05388402857965
2024-04-25 00:00:00+00:00,109.81070679603927,107.378899120653,109.69397735595703,8045900,108.18626104999038
2024-04-26 00:00:00+00:00,109.93716588215564,108.28353951470586,109.65508270263672,6304800,108.79908159086531
2024-04-29 00:00:00+00:00,110.77370134622532,107.33026076280697,109.0228042602539,7151200,109.9566175236963
2024-04-30 00:00:00+00:00,108.98388869134477,107.77771421742227,108.06952667236328,8156600,108.94497887976176
2024-05-01 00:00:00+00:00,108.93526011997187,107.20381415395076,107.4664535522461,6338400,108.25435690455518
2024-05-02 00:00:00+00:00,109.7912612243321,107.5442657706914,109.54808044433594,6799800,108.39053755674189
2024-05-03 00:00:00+00:00,110.99743005436139,109.7231652081284,110.55970764160156,7411100,110.44297820159784
2024-05-06 00:00:00+00:00,113.75024134576174,111.03634301439178,113.29306030273438,16303200,111.6686145117426
2024-05-07 00:00:00+00:00,104.93735218487801,101.36746063707052,102.51527404785156,55084600,104.32453938046044
2024-05-08 00:00:00+00:00,103.57555191317515,101.59119603350031,102.56391906738281,15238100,102.03864773853174
2024-05-09 00:00:00+00:00,103.2351012633297,101.54256512545244,102.91410827636719,15096000,101.76629470670596
2024-05-10 00:00:00+00:00,104.10081837404513,102.54446296591757,102.90437316894531,15884600,104.00354755252866
2024-05-13 00:00:00+00:00,103.73118638377211,102.7098242036445,102.94328308105469,9666400,102.7098242036445
2024-05-14 00:00:00+00:00,103.09891392301994,102.08728106113772,102.47637176513672,11278400,102.42774006544178
2024-05-15 00:00:00+00:00,102.99191271473289,98.62438834685933,99.96674346923828,20745600,102.7390100678782
2024-05-16 00:00:00+00:00,101.19238555461514,100.03484266050064,100.5503921508789,9476700,100.22939173836654
2024-05-17 00:00:00+00:00,100.98810662610173,100.2293838354698,100.43365478515625,7356000,100.80328687202393
2024-05-20 00:00:00+00:00,100.84220183341465,99.72356878595933,100.09320831298828,7667400,100.5114795421659
2024-05-21 00:00:00+00:00,100.87138447695733,99.91811997620998,100.20021057128906,7333300,100.18075195298653
2024-05-22 00:00:00+00:00,100.99783348741335,99.9472908390905,100.20992279052734,7190300,100.17102040025263
2024-05-23 00:00:00+00:00,100.20021215158074,97.53494542002156,97.91431427001953,10504000,100.17103164495518
2024-05-24 00:00:00+00:00,99.30529166932789,97.94348534928925,98.98429870605469,6451600,98.09911717674173
2024-05-28 00:00:00+00:00,100.05429385439476,98.19638926040597,99.645751953125,7813100,98.59520927447022
2024-05-29 00:00:00+00:00,99.29556797892744,98.02129577219374,98.1282958984375,7376300,98.98429690838766
2024-05-30 00:00:00+00:00,99.28584404759141,98.21585014849558,98.92593383789062,7300600,98.38121129026834
2024-05-31 00:00:00+00:00,101.24102185116658,98.64385295984059,101.0756607055664,14735800,98.7508456730673
2024-06-03 00:00:00+00:00,101.37719632879484,99.6846603186148,99.96674346923828,6908600,101.32855720832164
2024-06-04 00:00:00+00:00,100.66710643841641,98.85784097042155,100.511474609375,7269100,99.3247513001216
2024-06-05 00:00:00+00:00,100.26829614314443,98.27421087503497,98.73139190673828,10796900,100.19047651619746
2024-06-06 00:00:00+00:00,99.1496644828782,98.0602119545643,98.44930267333984,10294700,98.29367083860254
2024-06-07 00:00:00+00:00,99.48039319114967,97.8073156086128,98.77030944824219,6047800,98.10885741001555
2024-06-10 00:00:00+00:00,100.04456879866339,97.89485165008082,99.93756866455078,7621900,98.48821333150953
2024-06-11 00:00:00+00:00,100.07375180494209,97.99212492411235,98.11858367919922,9134200,99.84030033435711
2024-06-12 00:00:00+00:00,98.9162066005277,97.51548307235709,98.05048370361328,9041800,98.43956697584937
2024-06-13 00:00:00+00:00,98.31311989161412,96.8929451071399,97.35984802246094,10164600,97.8656681722281
2024-06-14 00:00:00+00:00,97.64193851277976,96.54276412189692,97.24312591552734,7087600,97.08748666303701
2024-06-17 00:00:00+00:00,99.13993759105443,97.87540200081517,98.75084686279297,10389000,98.22558291412165
2024-06-18 00:00:00+00:00,98.98430198367187,97.86566896549554,98.73139190673828,7044700,98.36175981067232
2024-06-20 00:00:00+00:00,99.15939677886396,97.64194367205509,99.06211853027344,7886900,97.826763438831
2024-06-21 00:00:00+00:00,99.7430242107505,98.81893284404958,99.48038482666016,14137300,99.02321121891454
2024-06-24 00:00:00+00:00,100.26830484087945,99.13022052788774,99.19831085205078,7393600,99.46094283916858
2024-06-25 00:00:00+00:00,100.85192585605554,98.99402127321545,99.41229248046875,10296100,99.85975161302727
2024-06-26 00:00:00+00:00,99.57766491482968,98.66330283982623,99.3928451538086,10122300,99.12048387732796
2024-06-27 00:00:00+00:00,99.4901178108395,99.0329367649158,99.38311767578125,8365200,99.2566663440253
2024-06-28 00:00:00+00:00,99.78192451606668,95.69648356995422,96.5816650390625,21439400,99.23719460381263
2024-07-01 00:00:00+00:00,97.01940240593488,95.21013679979903,95.36577606201172,15299000,96.68868010566565
2024-07-02 00:00:00+00:00,95.31713104248047,94.3054981645266,95.31713104248047,13340300,95.26849934201293
2024-07-03 00:00:00+00:00,96.37740810265173,95.16150420779981,95.92022705078125,5030000,95.17122609563096
2024-07-05 00:00:00+00:00,95.62840212636719,94.91831844497936,95.31713104248047,8550800,95.62840212636719
2024-07-08 00:00:00+00:00,96.05004066122575,94.68194418921519,95.15100860595703,8167600,95.46371573194293
2024-07-09 00:00:00+00:00,95.30736724624936,93.95881903875937,94.83831024169922,9044400,95.24873698456226
2024-07-10 00:00:00+00:00,95.06305714236103,94.0565312990065,94.76012420654297,7761100,94.74057581715248
2024-07-11 00:00:00+00:00,95.35622170544238,94.10539320481732,94.39855194091797,7422600,94.7992119057726
2024-07-12 00:00:00+00:00,95.6005253576208,94.76989774688556,94.91647338867188,6465700,94.8871582603146
2024-07-15 00:00:00+00:00,95.26827280771288,94.39855584690007,94.66240692138672,7417700,95.11192296642835
2024-07-16 00:00:00+00:00,96.4702395597428,94.339919978299,96.22593688964844,10755500,94.80897692978569
2024-07-17 00:00:00+00:00,96.362753679718,94.33015350875476,95.09237670898438,9456100,96.05982072976173
2024-07-18 00:00:00+00:00,95.82528287625782,94.47673473767338,94.584228515625,7529400,95.14123833977143
2024-07-19 00:00:00+00:00,94.6135328853029,93.26498490007843,93.55814361572266,9301000,94.6135328853029
2024-07-22 00:00:00+00:00,92.9913736754614,91.35942614228321,91.9848403930664,13377000,92.94251015831155
2024-07-23 00:00:00+00:00,89.60045412829722,87.7828415759046,88.86754608154297,22534700,88.63301013860276
2024-07-24 00:00:00+00:00,88.68187968309297,87.53854484179439,87.75353240966797,11768500,88.16395915441208
2024-07-25 00:00:00+00:00,88.43757421683678,87.17697143554688,87.17697143554688,10765300,88.02714748493582
2024-07-26 00:00:00+00:00,88.48643516921169,87.30400361722467,87.88056182861328,11301900,87.94896628194485
2024-07-29 00:00:00+00:00,90.44085927203948,88.13464127047585,90.04019927978516,13024800,88.33008044124166
2024-07-30 00:00:00+00:00,91.89689820320899,89.58090608258351,91.65259552001953,9896100,89.58090608258351
2024-07-31 00:00:00+00:00,92.6786646413084,91.50601471478896,91.55487823486328,10241800,91.65259781948549
2024-08-01 00:00:00+00:00,91.8089422837525,90.48970932984386,90.92945861816406,9263600,91.72099689940406
2024-08-02 00:00:00+00:00,90.09882429543472,86.97175301204358,87.52876281738281,15433600,90.05974242797761
2024-08-05 00:00:00+00:00,87.51899017257328,84.45054909155678,85.77955627441406,19103200,84.90983932533445
2024-08-06 00:00:00+00:00,89.81543834643969,85.95545163688477,87.91964721679688,21717500,86.21930269901337
2024-08-07 00:00:00+00:00,87.20627983668973,83.7958166181457,84.00102996826172,30581900,85.99454066935068
2024-08-08 00:00:00+00:00,84.36260060733808,81.99775252825715,84.00102996826172,21890500,83.20949169559621
2024-08-09 00:00:00+00:00,84.28442776487235,82.77952230490015,84.2453384399414,16008400,84.16715979007954
2024-08-12 00:00:00+00:00,84.41146528080742,83.53198153501438,83.99126434326172,11754600,83.90331895089307
2024-08-13 00:00:00+00:00,84.48964042663748,83.36584657467752,83.64923858642578,14615200,84.48964042663748
2024-08-14 00:00:00+00:00,84.56781094025025,83.61014121835058,84.33328247070312,9475100,84.04989048621776
2024-08-15 00:00:00+00:00,86.90334943139243,85.22254580390738,86.76654052734375,12401000,85.26163512728216
2024-08-16 00:00:00+00:00,87.62648630224008,86.32679421335109,87.26492309570312,10277700,86.93266756330212
2024-08-19 00:00:00+00:00,88.87731700435856,87.37241897171651,88.75028228759766,9723600,87.37241897171651
2024-08-20 00:00:00+00:00,88.60369920250344,87.27469195172263,87.69489288330078,8863400,88.33008137831796
2024-08-21 00:00:00+00:00,88.71119526469505,87.39196217530103,88.6525650024414,7637600,88.16395960225645
2024-08-22 00:00:00+00:00,89.29751537006689,87.65580101701092,87.87078857421875,7613000,88.91640377520802
2024-08-23 00:00:00+00:00,88.68186533899248,87.63625025525513,88.4961929321289,7369200,88.09554044769101
2024-08-26 00:00:00+00:00,89.70794102733623,88.84799088020385,89.68839263916016,8043800,88.84799088020385
2024-08-27 00:00:00+00:00,89.62975783198893,88.68186235279948,88.82844543457031,7237400,89.34636586203871
2024-08-28 00:00:00+00:00,88.55484501196356,86.73723233507526,87.45059204101562,8569700,88.2714529864781
2024-08-29 00:00:00+00:00,88.63301503508798,87.58739979550849,87.76329803466797,6181800,88.38871233934019
2024-08-30 00:00:00+00:00,88.3887169601644,87.36265005769846,88.3203125,8403600,87.92943413079031
2024-09-03 00:00:00+00:00,88.42780027012645,86.52224225556984,87.09879302978516,8465500,87.56785747865182
2024-09-04 00:00:00+00:00,87.9685057982488,86.79585591560237,87.21605682373047,6317200,86.9228906253058
2024-09-05 00:00:00+00:00,87.62648186023179,86.3267898372275,86.62973022460938,6234100,87.62648186023179
2024-09-06 00:00:00+00:00,87.05969944929912,85.72092553469493,85.9359130859375,7791500,86.43428518506225
2024-09-09 00:00:00+00:00,86.8642587243915,85.80886937666162,86.32678985595703,8750200,86.20952934322659
2024-09-10 00:00:00+00:00,86.86425287724109,85.9749950749485,86.38542175292969,6858300,86.31701730659948
2024-09-11 00:00:00+00:00,86.41475239170465,84.61668062099366,86.30725860595703,10779000,86.04341496718449
2024-09-12 00:00:00+00:00,87.29423822536543,86.17044436997666,87.26492309570312,7173300,86.20953369470186
2024-09-13 00:00:00+00:00,88.65255897195952,87.3528669065511,88.48643493652344,7084200,87.4114971648165
2024-09-16 00:00:00+00:00,90.2649591823191,88.87731425848537,89.75680541992188,9028600,89.0238973613125
2024-09-17 00:00:00+00:00,91.12490126400154,90.06951187826643,90.74378967285156,8193100,90.26495849906529
2024-09-18 00:00:00+00:00,91.92620355710974,90.57765557329454,91.44737243652344,10289800,91.38873472903552
2024-09-19 00:00:00+00:00,93.1184147022594,91.19330830210299,91.32034301757812,10912400,92.65912444977215
2024-09-20 00:00:00+00:00,91.8675793702621,90.70469625939616,91.6135025024414,19251500,91.07603363888339
2024-09-23 00:00:00+00:00,91.56463985019633,90.05974192907514,90.85128021240234,7338700,91.56463985019633
2024-09-24 00:00:00+00:00,91.65259781948549,90.35290572298341,91.55487823486328,7860300,91.2128485053959
2024-09-25 00:00:00+00:00,92.28777099415574,91.22260756854119,91.77961730957031,8408200,91.50599953580516
2024-09-26 00:00:00+00:00,93.60701473832817,92.03370489991615,93.03045654296875,10061600,92.30732270563544
2024-09-27 00:00:00+00:00,94.69171549680895,93.10863152603702,93.8219985961914,10155400,93.31384487225317
2024-09-30 00:00:00+00:00,95.3464500314792,93.26499387358831,93.9979019165039,7982300,94.64285711739603
2024-10-01 00:00:00+00:00,93.66565218452675,91.19331009311941,91.90667724609375,10099200,93.02069694375929
2024-10-02 00:00:00+00:00,92.4245877919684,91.45714385195963,92.00438690185547,6144200,91.45714385195963
2024-10-03 00:00:00+00:00,91.94575475328124,91.00763333953056,91.4962387084961,6180300,91.47669777416903
2024-10-04 00:00:00+00:00,93.16726286024698,91.75031035329847,92.98159790039062,6308900,92.15097031164406
2024-10-07 00:00:00+00:00,92.9718218139776,89.66885245942134,90.28449249267578,11043600,92.92295829865274
2024-10-08 00:00:00+00:00,91.60373663237526,89.60045900225788,90.40177154541016,10209100,90.41153828525263
2024-10-09 00:00:00+00:00,91.86757890621845,89.37568866852878,91.4669189453125,8654500,89.76657443500326
2024-10-10 00:00:00+00:00,91.74053600099644,90.57766036096349,90.87081909179688,6698000,91.58418616899048
2024-10-11 00:00:00+00:00,92.45390480891679,90.68515582987611,91.9848403930664,8089100,90.7340118915
2024-10-14 00:00:00+00:00,93.02068211122882,91.6623599340771,92.80569458007812,6262000,92.03369728891214
2024-10-15 00:00:00+00:00,93.47020363280947,91.54509738797387,92.07279205322266,6535800,93.0793178671964
2024-10-16 00:00:00+00:00,94.58422482082288,91.49623542125228,94.54513549804688,9936300,91.59396245595529
2024-10-17 00:00:00+00:00,95.11191737664376,93.4311138123409,94.33992004394531,9542500,94.72103161311564
2024-10-18 00:00:00+00:00,95.3171338186694,93.86109194418299,95.06305694580078,8609700,94.79921333378319
2024-10-21 00:00:00+00:00,95.22917764674014,93.76336162884968,94.41809844970703,8189900,94.98487497709174
2024-10-22 00:00:00+00:00,95.04352365967281,94.00767515102456,94.53536987304688,5344300,94.00767515102456
2024-10-23 00:00:00+00:00,94.92625172581039,93.80245787140895,94.04676055908203,5388500,94.72103836282817
2024-10-24 00:00:00+00:00,94.59399516200104,93.07931565211848,93.22589874267578,5015300,94.39854855608274
2024-10-25 00:00:00+00:00,94.64284955417736,92.84478554456612,92.86432647705078,6638100,93.6265495878871
2024-10-28 00:00:00+00:00,94.48650615851199,93.04023102386952,94.0076675415039,8146400,93.05000521853988
2024-10-29 00:00:00+00:00,94.41810867186207,93.49952814876588,93.93927001953125,6834400,94.06631219303912
2024-10-30 00:00:00+00:00,94.50605122514175,92.77639146915465,92.91320037841797,7718200,93.51906627500514
2024-10-31 00:00:00+00:00,94.42786844601598,92.83501766894867,94.0076675415039,8147700,93.09886128083947
2024-11-01 00:00:00+00:00,94.19334040158881,92.66889406905725,93.62655639648438,7944900,93.5190626211878
2024-11-04 00:00:00+00:00,93.83177945951876,92.86434283729174,93.60702514648438,6088000,93.64611447386577
2024-11-05 00:00:00+00:00,94.4669533960528,93.07931603814366,94.42786407470703,6561700,93.421338280512
2024-11-06 00:00:00+00:00,97.28133045366292,95.97186420801236,96.63636779785156,11325100,95.97186420801236
2024-11-07 00:00:00+00:00,97.25200391046383,95.89368165727421,96.67545318603516,7805100,96.52887009245175
2024-11-08 00:00:00+00:00,96.99793314546349,95.38553404962772,96.76339721679688,7982100,96.48001268349475
2024-11-11 00:00:00+00:00,98.60055935370073,96.74385756587672,98.56147003173828,9137900,96.74385756587672
2024-11-12 00:00:00+00:00,98.98167327399551,97.23246521614742,98.68850708007812,9366200,98.25853943933225
2024-11-13 00:00:00+00:00,100.84813867496665,98.06308974239977,100.37908172607422,17701300,98.49306482515598
2024-11-14 00:00:00+00:00,112.19357187221301,105.92965439211754,106.63324737548828,47436100,107.81567157317029
2024-11-15 00:00:00+00:00,112.56490649658528,107.73748309937983,112.45741271972656,32048000,107.73748309937983
2024-11-18 00:00:00+00:00,112.80920889447374,110.31731855435267,110.95250701904297,14226200,110.7472936607017
2024-11-19 00:00:00+00:00,109.9362108769569,108.29449649630664,109.8580322265625,12166800,109.49646901565967
2024-11-20 00:00:00+00:00,111.76359118626634,108.92967864631437,111.65609741210938,9319300,109.70167599911161
2024-11-21 00:00:00+00:00,113.6007449001036,111.23589677409007,112.1056137084961,10261000,111.54860390269081
2024-11-22 00:00:00+00:00,113.68868987254318,111.01113462764869,113.01441955566406,10098000,111.25543730396636
2024-11-25 00:00:00+00:00,113.9232293283888,112.31083012378679,113.3564453125,10397800,113.04373817537622
2024-11-26 00:00:00+00:00,113.76688066354149,112.80921824523493,112.81898498535156,6808100,113.35645391283867
2024-11-27 00:00:00+00:00,115.50630787007782,112.81897830287144,114.91998291015625,8142400,112.81897830287144
2024-11-29 00:00:00+00:00,115.05678947898095,114.06981200780412,114.7929458618164,5095200,114.58773250279371
2024-12-02 00:00:00+00:00,115.92649891313027,113.89390638897318,114.49000549316406,8390500,115.09587133606082
2024-12-03 00:00:00+00:00,114.55841131828207,112.81897004491466,113.79618072509766,9194000,114.33364958140862
2024-12-04 00:00:00+00:00,114.61704926257332,113.20008920793371,114.32388305664062,7996200,113.32713137641684
2024-12-05 00:00:00+00:00,114.59750363841411,113.41507950219298,113.84505462646484,9823600,113.89391814714173
2024-12-06 00:00:00+00:00,114.58773710514706,113.57143700855394,114.06981658935547,6677900,113.89391835233884
2024-12-09 00:00:00+00:00,114.50956226539996,111.3140862180226,111.99813079833984,8666100,113.73756483588379
2024-12-10 00:00:00+00:00,112.33036705438583,111.12840206771428,112.11538696289062,7526400,112.03720831751457
2024-12-11 00:00:00+00:00,112.42810593769741,111.38249067605433,111.99813079833984,6426800,112.02744592956391
2024-12-12 00:00:00+00:00,112.38900317139934,111.55837557876158,112.28150939941406,5285100,112.08606278874727
2024-12-13 00:00:00+00:00,112.34014894681181,110.71798294949588,110.75706481933594,6864500,111.71473465200006
2024-12-16 00:00:00+00:00,110.98281320215158,109.66755218100478,110.04053497314453,10528500,110.91410564863736
2024-12-17 00:00:00+00:00,111.93491452519767,108.75472440742044,110.9337387084961,12238600,108.9804745994282
2024-12-18 00:00:00+00:00,113.97651696216505,109.18659320962105,109.29456329345703,12292800,111.24782732988315
2024-12-19 00:00:00+00:00,110.82577508233209,109.1964137633534,109.31420135498047,9468500,109.59884908499103
2024-12-20 00:00:00+00:00,110.88467167478957,108.39155700249992,109.96202087402344,17955300,108.56823465608147
2024-12-23 00:00:00+00:00,109.7853411994127,108.27376741072199,109.3436508178711,6037200,109.54977349516133
2024-12-24 00:00:00+00:00,110.65890878541984,109.13752502356829,110.48223114013672,2475000,109.19641507580863
2024-12-26 00:00:00+00:00,111.22820285777271,109.79515419224836,110.47241973876953,4781400,110.05035689636043
2024-12-27 00:00:00+00:00,110.05036084858274,108.81361730269147,109.49088287353516,4523800,109.75589560337359
2024-12-30 00:00:00+00:00,109.48106068347026,107.80262683015147,108.75472259521484,5716300,108.39154980680617
2024-12-31 00:00:00+00:00,109.5301309815711,108.62711526999902,109.29456329345703,4757500,108.73508535383502
2025-01-02 00:00:00+00:00,110.12887665875883,108.13634999865789,108.77435302734375,5688100,109.63810625031772
2025-01-03 00:00:00+00:00,109.4810608079038,108.14616473206955,109.10807800292969,5393100,109.31420067056501
2025-01-06 00:00:00+00:00,110.76688347863949,108.82343678828957,109.00011444091797,6274400,109.41235980086341
2025-01-07 00:00:00+00:00,111.64045122581453,109.23567920242107,109.33383178710938,7878800,110.07980491015248
2025-01-08 00:00:00+00:00,109.05899578087494,106.63458887575679,107.73391723632812,7805300,108.95102569686517
2025-01-10 00:00:00+00:00,108.49952068846203,105.6334233561139,106.6444091796875,8835500,107.9694877590176
2025-01-13 00:00:00+00:00,106.6051458406455,104.7500343459403,106.08493041992188,6690200,105.93769780365471
2025-01-14 00:00:00+00:00,106.94868194063348,105.62360339215456,106.12419128417969,5501600,106.67385172181555
2025-01-15 00:00:00+00:00,107.57687642964802,105.99659505079067,106.18309020996094,6296900,107.15481356159489
2025-01-16 00:00:00+00:00,106.59533165765424,104.20037714675411,104.49483489990234,7872800,106.29105639949908
2025-01-17 00:00:00+00:00,105.75121289394373,104.57336682691391,105.04450225830078,7144300,104.85801458230137
2025-01-21 00:00:00+00:00,107.42963704172972,104.82855992523842,106.6934814453125,8643700,105.12301767066813
2025-01-22 00:00:00+00:00,107.52779822446232,106.23216466090732,106.80145263671875,8781700,107.52779822446232
2025-01-23 00:00:00+00:00,109.01973280563276,106.4873558268586,108.99028778076172,7608300,106.4971733313362
2025-01-24 00:00:00+00:00,111.29691351839627,108.58785874531128,110.0896224975586,8304500,109.10808167281672
2025-01-27 00:00:00+00:00,111.97417885252663,109.40253920113223,111.24783325195312,10176900,109.61847938029936
2025-01-28 00:00:00+00:00,110.87485527565089,109.5006965661467,110.06999206542969,6516800,110.76688518135369
2025-01-29 00:00:00+00:00,112.26863731991696,110.67854596969073,111.1006088256836,7607100,111.40488408631953
2025-01-30 00:00:00+00:00,113.05387042307437,111.03189875747226,111.33617401123047,6236200,111.98398704964504
2025-01-31 00:00:00+00:00,111.9054755120077,110.67854943737379,110.97300720214844,7793400,111.20858240024313
2025-02-03 00:00:00+00:00,112.48457576155207,108.81361521480977,111.8956527709961,8870700,109.2945681167649
2025-02-04 00:00:00+00:00,112.54346843579603,110.43315427971314,111.20857238769531,13521100,111.69934277336287
2025-02-05 00:00:00+00:00,116.4009263647638,108.19525170892099,108.49952697753906,23310000,113.56427389375604
2025-02-06 00:00:00+00:00,110.60000983679642,107.13517225553329,110.0208969116211,12470800,109.81477425679778
2025-02-07 00:00:00+00:00,110.47242024305916,108.76453385608451,108.81361389160156,8669300,109.54976949298518
2025-02-10 00:00:00+00:00,109.32400567690368,106.6836661603736,107.26277160644531,8239500,109.08843799448142
2025-02-11 00:00:00+00:00,107.03702850351056,105.70213240061085,107.00757598876953,7456700,106.37939046841228
2025-02-12 00:00:00+00:00,107.50816472282116,105.76102326291237,107.21370697021484,6521200,106.25179367248505
2025-02-13 00:00:00+00:00,107.73391473782515,106.55606134555157,107.56704711914062,6553200,106.90941661437748
2025-02-14 00:00:00+00:00,108.47008099377969,107.56705772410632,108.34247589111328,5964500,107.83207794613473
2025-02-18 00:00:00+00:00,107.89096821941884,106.70330469191663,107.53761291503906,8362900,107.75355309977807
2025-02-19 00:00:00+00:00,109.69699860385694,107.12535908935895,109.29456329345703,8452100,107.12535908935895
2025-02-20 00:00:00+00:00,109.46142666401825,107.36092995219728,108.50933837890625,5970100,109.18659643833132
2025-02-21 00:00:00+00:00,109.69700322948088,105.92788261791333,106.65422821044922,9082100,108.95103011567527
2025-02-24 00:00:00+00:00,109.50068651605021,106.64440675345969,109.14733123779297,7093300,106.83089440857859
2025-02-25 00:00:00+00:00,109.8344138707364,107.05665168906998,108.48970031738281,7289000,109.37308850978438
2025-02-26 00:00:00+00:00,111.15950278152587,108.0283850308983,109.76571655273438,7831600,108.0283850308983
2025-02-27 00:00:00+00:00,111.03189634303865,109.00991723284324,109.25530242919922,7854700,110.24666071927473
2025-02-28 00:00:00+00:00,111.88583611351562,108.95103115487979,111.69934844970703,14609400,109.40253903401128
2025-03-03 00:00:00+00:00,113.41704737653048,109.93257438930178,110.70799255371094,7884700,111.96436363427584
2025-03-04 00:00:00+00:00,110.17795467911577,106.27141900443462,106.99776458740234,12658000,109.63810424428327
2025-03-05 00:00:00+00:00,108.89213734540273,106.2223452056297,107.29222106933594,9956100,107.32166609478665
2025-03-06 00:00:00+00:00,106.82108884522341,103.0814132425467,103.48384857177734,11618800,106.37939098470963
2025-03-07 00:00:00+00:00,103.8175731607692,101.40298355092442,103.5623779296875,12715900,103.06178999576771
2025-03-10 00:00:00+00:00,102.86548226542479,100.22513502904384,101.17723083496094,10947100,102.50230946143265
2025-03-11 00:00:00+00:00,99.17488736988761,95.65115186031834,96.09284973144531,16906000,97.94796131991656
2025-03-12 00:00:00+00:00,97.65348649167287,94.60089417975105,96.93696594238281,11891800,96.85844088563384
2025-03-13 00:00:00+00:00,96.82900489183601,94.15921262187672,95.08186340332031,11059500,95.96524416416548
2025-03-14 00:00:00+00:00,97.270691216355,95.62170238240654,96.81918334960938,10199800,95.64133739188703
2025-03-17 00:00:00+00:00,98.27186726737311,96.8388186027327,97.52589416503906,8332100,96.9173361751663
2025-03-18 00:00:00+00:00,97.88906542388855,96.66213944713982,97.51607513427734,6727000,97.43755007451057
2025-03-19 00:00:00+00:00,99.09635887528566,97.63386517114077,98.43872833251953,8614600,97.82036032062092
2025-03-20 00:00:00+00:00,98.20316170056704,96.81918555459045,97.03512573242188,7836500,97.73201881361102
2025-03-21 00:00:00+00:00,98.04610916601085,95.94561246909716,97.6240463256836,15089900,96.56398047250417
2025-03-24 00:00:00+00:00,98.58595984460666,97.0351235912759,98.33075714111328,8224400,98.3700196715401
2025-03-25 00:00:00+00:00,99.88159999729865,98.55652133418492,99.73436737060547,7365200,98.79208904375653
2025-03-26 00:00:00+00:00,100.38217138682846,98.40927982826138,98.919677734375,6314000,99.82269344672466
2025-03-27 00:00:00+00:00,99.16506725903352,97.74183607388879,98.59577178955078,6598800,98.8509744980365
2025-03-28 00:00:00+00:00,98.53687891397188,95.93579433318747,96.25970458984375,7679700,98.20315864121952
2025-03-31 00:00:00+00:00,97.0253072647441,93.93345222528421,96.8780746459961,10554000,95.04259812976541
2025-04-01 00:00:00+00:00,96.77011329893604,95.05241673170273,95.87691497802734,8762700,96.50510055210194
2025-04-02 00:00:00+00:00,96.49526685433887,94.66960049585752,96.07320404052734,7959900,94.83646811141017
2025-04-03 00:00:00+00:00,93.03043560615448,86.97433068170983,87.20008087158203,19353400,92.76542288574755
2025-04-04 00:00:00+00:00,85.9240786726015,81.54640779978813,81.98809814453125,22580900,84.41250500984432
2025-04-07 00:00:00+00:00,85.03087717660328,78.62141692299748,81.7623519897461,20456000,79.49498763969818
2025-04-08 00:00:00+00:00,85.34497164981575,79.35757412123759,80.21151733398438,14845600,84.36343082583369
2025-04-09 00:00:00+00:00,90.5471360818955,79.69129755611317,89.75209045410156,24970900,79.78945013545436
2025-04-10 00:00:00+00:00,87.36695389823595,81.53659880331665,83.65673065185547,16377000,87.27861132693226
2025-04-11 00:00:00+00:00,84.088606373432,81.81143180480603,83.32300567626953,10204400,83.53894587055899
2025-04-14 00:00:00+00:00,84.85420342231403,82.47887636438186,83.09725189208984,10841300,84.24565288845841
2025-04-15 00:00:00+00:00,84.39288407475414,82.95982786934495,83.44078826904297,7840500,83.18558555579119
2025-04-16 00:00:00+00:00,83.23466834041292,80.49616842866612,81.24213409423828,10144300,82.72426289706092
2025-04-17 00:00:00+00:00,84.19656441552459,81.82123759555928,83.24446868896484,14810900,81.83105509986571
2025-04-21 00:00:00+00:00,83.65673092776255,81.44826398919881,82.44943237304688,14166800,83.34263815159821
2025-04-22 00:00:00+00:00,84.9621722532609,83.03835311592236,84.50084686279297,9578500,83.44078845264964
2025-04-23 00:00:00+00:00,88.21106483624663,85.42348537216438,85.6786880493164,12089100,87.38656675950975
2025-04-24 00:00:00+00:00,88.57423804019103,85.16829032966132,88.3484878540039,10310000,85.83573836073252
2025-04-25 00:00:00+00:00,88.67239255428538,87.4258390293615,88.6135025024414,7749600,88.40737983242542
2025-04-28 00:00:00+00:00,89.68338334934292,87.98531451283596,88.49571990966797,8491800,88.78036014461594
2025-04-29 00:00:00+00:00,89.96802853443761,88.10309961597618,89.48706817626953,6359900,88.17180716877711
2025-04-30 00:00:00+00:00,89.50671625788085,86.92525892154623,89.2711410522461,8474800,88.23071010399538
2025-05-01 00:00:00+00:00,89.91895605756783,88.69203001976516,89.13372039794922,7790600,89.58522828123314
2025-05-02 00:00:00+00:00,91.46979027293553,90.144704191589,90.78270721435547,7594000,90.144704191589
2025-05-05 00:00:00+00:00,91.36181712432817,87.95586943727834,90.40972137451172,10231000,88.04420451250907
2025-05-06 00:00:00+00:00,91.02809829732855,89.32021927825612,90.46862030029297,11839400,89.51652445706902
2025-05-07 00:00:00+00:00,101.4029787285867,98.29149615679681,100.20549774169922,36155300,100.5294080063941
2025-05-08 00:00:00+00:00,104.22981372342102,101.94282199875218,103.1795654296875,19265400,102.05079207938884
2025-05-09 00:00:00+00:00,104.22982123819291,102.82621757728072,103.98443603515625,10438200,103.31698798335404
2025-05-12 00:00:00+00:00,108.8921373003889,106.65422550431659,108.450439453125,18366600,107.84188895789664
2025-05-13 00:00:00+00:00,110.12887592125865,108.11672175326221,109.32401275634766,14076700,108.2148743365807
2025-05-14 00:00:00+00:00,111.31654234013291,108.78416535582485,110.85521697998047,15352200,109.3240082862844
2025-05-15 00:00:00+00:00,110.7668818246298,109.52032825810518,110.14851379394531,8322400,110.15833129910096
2025-05-16 00:00:00+00:00,111.34599762066989,109.3632808887009,111.32636260986328,10961000,109.8540513189915
2025-05-19 00:00:00+00:00,110.9042937052344,109.83441781992991,110.58039093017578,7209700,110.05035799567705
2025-05-20 00:00:00+00:00,111.30672246734345,109.74606878191827,110.28591918945312,6433300,110.36444424665122
2025-05-21 00:00:00+00:00,110.41352427762463,108.09708735314508,108.4209976196289,10150600,109.62829611808579
2025-05-22 00:00:00+00:00,109.73626658019961,107.94986258882716,109.07862854003906,7903700,107.94986258882716
2025-05-23 00:00:00+00:00,108.31302437213732,106.77200563574264,107.69465637207031,8086100,107.57686878172149
2025-05-27 00:00:00+00:00,110.80613458840764,108.11671503214679,110.28591918945312,10201100,108.98046819564094
2025-05-28 00:00:00+00:00,110.39390172076848,109.11789560736202,109.46143341064453,5787900,110.12888149497735
2025-05-29 00:00:00+00:00,110.18776939140317,108.47988305279549,109.95219421386719,9682100,109.94238419789122
2025-05-30 00:00:00+00:00,111.25765203220872,109.3142053745531,110.95337677001953,12881100,109.94239090920564
2025-06-02 00:00:00+00:00,111.50303138764703,110.17795282906333,110.86502838134766,7546800,110.60001566505566
2025-06-03 00:00:00+00:00,112.57291219238172,110.44296305127614,111.5030288696289,9738800,110.64909320086838
2025-06-04 00:00:00+00:00,111.94473325776941,110.89448488233857,111.39506530761719,5614900,111.75823810606043
2025-06-05 00:00:00+00:00,112.2293680750457,109.77551614943883,110.4527816772461,8547200,111.63063509467446
2025-06-06 00:00:00+00:00,112.11159337240737,111.12023504994038,111.79750061035156,5790700,111.267467670277
2025-06-09 00:00:00+00:00,113.9667071658259,111.87602787921621,113.52501678466797,7960400,111.87602787921621
2025-06-10 00:00:00+00:00,118.27566930055232,113.39741020674964,116.53834533691406,18948400,113.39741020674964
2025-06-11 00:00:00+00:00,117.34321136592807,115.47828225714109,117.31375885009766,10439200,116.19480288253794
2025-06-12 00:00:00+00:00,117.18615574207331,115.48809434834747,116.4205551147461,7980300,116.6757578200425
2025-06-13 00:00:00+00:00,116.13590700195742,115.1347386822566,115.76292419433594,13204900,115.1445486984789
2025-06-16 00:00:00+00:00,118.11862386800185,115.69422422659773,117.27450561523438,9592100,115.84144936520907
2025-06-17 00:00:00+00:00,117.12726291236841,115.4782741047107,115.94940948486328,9241200,116.79353515357865
2025-06-18 00:00:00+00:00,116.55796551573245,114.68321906534872,115.68439483642578,8181200,115.70402235670338
2025-06-20 00:00:00+00:00,116.85243467284285,114.74212046529048,115.4586410522461,17180400,116.06719904119853
2025-06-23 00:00:00+00:00,115.81199897384477,112.89682154735202,115.57643127441406,8348000,114.50655537772124
2025-06-24 00:00:00+00:00,117.38031411432493,116.06929605670585,116.95645141601562,8350200,116.06929605670585
2025-06-25 00:00:00+00:00,118.01118270147997,116.93673686104356,117.71546173095703,6976300,117.07473797515513
2025-06-26 00:00:00+00:00,119.93333527003792,117.97174174185582,119.72633361816406,10439600,118.26746268481617
2025-06-27 00:00:00+00:00,121.18521478735649,119.74605504172781,120.5937728881836,13435600,120.1107690229888
2025-06-30 00:00:00+00:00,122.91023877382277,121.42178966419762,122.23994445800781,13456200,122.53565789350199
2025-07-01 00:00:00+00:00,121.9935139533567,120.70220712222152,121.72736358642578,9815700,121.73722295718154
2025-07-02 00:00:00+00:00,121.93436428032354,120.781066087445,121.22464752197266,7317100,121.55979092004144
2025-07-03 00:00:00+00:00,122.46665953701238,121.14578962301546,122.23008728027344,4252300,121.31336132485153
2025-07-07 00:00:00+00:00,122.83137710704507,120.83035355865147,121.4020767211914,7023500,121.45135853282652
2025-07-08 00:00:00+00:00,121.94422984169572,120.08120727539062,120.08120727539062,6622900,121.46122594093058
2025-07-09 00:00:00+00:00,120.60363551131145,118.88847351074219,118.88847351074219,6724900,120.10091289165454
2025-07-10 00:00:00+00:00,120.20934576497264,118.89833521266709,119.82491302490234,6888700,118.89833521266709
2025-07-11 00:00:00+00:00,119.49962333055525,118.02103362477034,118.1590347290039,6112400,118.91804080228853
2025-07-14 00:00:00+00:00,118.78004033524819,117.89288500291889,118.25760650634766,6853300,118.07031606938475
2025-07-15 00:00:00+00:00,118.51389636424958,117.18315961821314,117.28173828125,7943600,118.51389636424958
2025-07-16 00:00:00+00:00,118.84904371477589,117.18316352447022,118.10974884033203,6747500,117.65631555313269
2025-07-17 00:00:00+00:00,120.64306828159881,118.04075086827204,120.46563720703125,9933700,118.04075086827204
2025-07-18 00:00:00+00:00,120.41634790201164,118.57303671537335,119.68690490722656,9486800,120.22905746814843
2025-07-21 00:00:00+00:00,120.22905667423224,119.05603978861772,119.11518096923828,6392500,119.34190136244378
2025-07-22 00:00:00+00:00,119.6967680175776,118.83918326364058,119.33204650878906,5614500,119.02647370335582
2025-07-23 00:00:00+00:00,121.42179106626146,119.7657702386845,121.18521881103516,8258900,119.78548145974652
2025-07-24 00:00:00+00:00,121.6386508853957,120.07134184899806,120.20934295654297,6702200,121.09649830540047
2025-07-25 00:00:00+00:00,120.7022061779014,119.1447640330128,119.73619842529297,5656600,120.51492325798543
2025-07-28 00:00:00+00:00,119.66719833455083,118.17874921716457,118.65190124511719,6042200,119.30247682299367
2025-07-29 00:00:00+00:00,119.0856112376309,117.65631087869022,118.1984634399414,6283700,118.85889836328663
2025-07-30 00:00:00+00:00,118.78004441055589,117.4788857186626,117.83374786376953,5281500,118.23789182206016
2025-07-31 00:00:00+00:00,118.19847346434635,116.88745535631234,117.4098892211914,7235000,117.75489200738544
2025-08-01 00:00:00+00:00,116.20729738266621,113.9204121857883,114.92584991455078,8637800,115.91157642217914
2025-08-04 00:00:00+00:00,117.81402555406507,116.04958177329885,117.64645385742188,8845000,116.04958177329885
2025-08-05 00:00:00+00:00,117.8633150225341,115.65528981101693,116.63115692138672,15365700,117.54788284946022
2025-08-06 00:00:00+00:00,114.46256776590393,110.59851403939454,113.526123046875,22153700,114.12741683388934
2025-08-07 00:00:00+00:00,114.73856800652807,110.2239387567539,111.26880645751953,15484400,114.09784426680524
2025-08-08 00:00:00+00:00,112.65868539683322,110.42108197455606,110.82523345947266,9491000,111.68281824323698
2025-08-11 00:00:00+00:00,111.53495398290336,109.94793373043844,110.94351959228516,8532600,111.29838173075534
2025-08-12 00:00:00+00:00,112.76711132685739,110.88437013169167,112.09681701660156,7274000,111.69266554813285
2025-08-13 00:00:00+00:00,115.55671833595603,112.520678978508,114.97513580322266,9025700,112.59953890167459
2025-08-14 00:00:00+00:00,115.04413339377851,112.98396871744457,114.64984130859375,6800900,113.83169406841819
2025-08-15 00:00:00+00:00,115.1722813829264,113.54583866397552,113.74298095703125,6768600,114.9061385352515
2025-08-18 00:00:00+00:00,115.33986212942779,113.51626957281583,114.88642883300781,5798400,113.5458401651155
2025-08-19 00:00:00+00:00,115.32013685462793,114.06826755505004,114.61041259765625,5914000,114.83713299327069
2025-08-20 00:00:00+00:00,116.20729656347052,114.3442740788259,115.36943054199219,7046700,114.4231340037994
2025-08-21 00:00:00+00:00,114.99485860374352,113.88098283105856,114.55127716064453,6337100,114.90613930692514
2025-08-22 00:00:00+00:00,118.07031872163594,115.4581419979589,117.1634521484375,7161700,115.91157528455813
2025-08-25 00:00:00+00:00,117.35073882574632,116.02000207979303,116.02986145019531,5424900,116.79872689065964
2025-08-26 00:00:00+00:00,116.69030215777553,115.48772212649209,115.9707260131836,5787400,115.753864976568
2025-08-27 00:00:00+00:00,116.76915570215809,115.61585754736583,116.40443420410156,4378000,115.85242979233693
2025-08-28 00:00:00+00:00,116.68045251414705,114.94557170890717,115.96086883544922,5687700,116.41430213854098
2025-08-29 00:00:00+00:00,116.95645035341602,115.57643175374959,116.69029998779297,5212600,115.7144328616666
2025-09-02 00:00:00+00:00,116.59173040355418,114.34427516395587,116.58187103271484,6015900,115.34971289517222
2025-09-03 00:00:00+00:00,116.92688086734914,114.68927748690189,115.70457458496094,6288700,116.14815602502803
2025-09-04 00:00:00+00:00,117.97175104558646,115.0934313918265,117.11416625976562,6949300,115.40886357962901
2025-09-05 00:00:00+00:00,118.07032408546763,116.02001107166052,116.22702026367188,6669100,117.21274680640644
2025-09-08 00:00:00+00:00,117.18316775682275,115.07371357386128,117.14373779296875,6450700,116.2763011496704
2025-09-09 00:00:00+00:00,117.35074590072908,115.54686455365677,115.6947250366211,5444300,116.8381638958523
2025-09-10 00:00:00+00:00,115.83272652896665,112.86568757092638,114.13727569580078,7484900,115.18214340998583
2025-09-11 00:00:00+00:00,115.49757102719055,112.9938248401568,115.40885925292969,8399100,113.80212026112862
2025-09-12 00:00:00+00:00,115.33985588532559,113.45711472554292,114.30484008789062,7640900,114.60056103587094
2025-09-15 00:00:00+00:00,115.0835642376594,113.35854293216985,113.96969604492188,7150900,114.45269990472005
2025-09-16 00:00:00+00:00,114.1964117205285,113.07268412988444,113.58526611328125,6844900,113.80211962264548
2025-09-17 00:00:00+00:00,114.99486017426216,113.57541156975391,114.4428482055664,7333900,113.5951227912625
2025-09-18 00:00:00+00:00,114.12741714539436,112.42211444943419,113.22055053710938,9460500,113.68384321235185
2025-09-19 00:00:00+00:00,112.96425235541462,110.33236447617224,112.13624572753906,23398400,112.96425235541462
2025-09-22 00:00:00+00:00,112.00809616350351,109.92821270858948,110.953369140625,15479800,110.16479247632579
2025-09-23 00:00:00+00:00,111.9982446066948,110.00707291909815,110.64779663085938,13145000,111.11108927660204
2025-09-24 00:00:00+00:00,112.52068315616218,110.59851194021539,111.81095886230469,8755200,110.80552112633755
2025-09-25 00:00:00+00:00,112.42211061919328,111.04209201158332,111.37723541259766,6365500,111.10123319517494
2025-09-26 00:00:00+00:00,111.94895871950861,111.15052265810526,111.85038757324219,6145700,111.51523665134067
2025-09-29 00:00:00+00:00,113.36840588789269,111.7123850814297,113.14168548583984,9304100,111.85038618859359
2025-09-30 00:00:00+00:00,113.24025787275913,111.72223815681234,112.86568450927734,9303700,112.89525510106586
2025-10-01 00:00:00+00:00,114.40341676056116,111.18009437014412,111.33780670166016,9736300,112.45168247513328
2025-10-02 00:00:00+00:00,111.55467245381372,109.19878658838293,110.53937530517578,8695100,111.36738952225221
2025-10-03 00:00:00+00:00,111.94895983110008,109.96764743333713,110.86466217041016,7148400,110.44079946880906
2025-10-06 00:00:00+00:00,111.49552528948075,109.85921568563828,111.14066314697266,6141200,111.08152196338676
2025-10-07 00:00:00+00:00,111.7813900254436,110.20422908126997,110.9238052368164,5409800,111.02237638573415
2025-10-08 00:00:00+00:00,111.58423754963299,110.05636597655416,110.29293823242188,7074400,111.1998048136618
2025-10-09 00:00:00+00:00,111.38709702254263,109.2973540878383,109.4057846069336,6502400,110.22393942538118
2025-10-10 00:00:00+00:00,111.07166068453807,107.55261743219965,107.63147735595703,9635200,109.93807372213854
2025-10-13 00:00:00+00:00,109.37620620969729,107.81875661064336,108.69605255126953,7435100,108.81434243288619
2025-10-14 00:00:00+00:00,110.24364875988587,107.64133138713296,109.58321380615234,7898000,108.08491282688409
2025-10-15 00:00:00+00:00,111.07165726859614,109.55363762518547,110.1155014038086,7012600,109.87892916030833
2025-10-16 00:00:00+00:00,110.49007723202818,106.96118215882947,108.3116226196289,7531200,110.1943638011324
2025-10-17 00:00:00+00:00,109.86907979236612,107.87791548068175,109.0903549194336,10090500,108.17362893185447
2025-10-20 00:00:00+00:00,110.64780006515922,109.0213498295899,110.3619384765625,8047500,109.44521252709589
2025-10-21 00:00:00+00:00,112.90511320674356,110.44079697869476,112.66854095458984,8163200,110.6477986393913
2025-10-22 00:00:00+00:00,112.64882646753823,111.36738649285628,111.46595764160156,7569200,112.37282424285277
2025-10-23 00:00:00+00:00,112.2052560082749,110.30280344871413,111.41667175292969,6945400,111.55467286954057
2025-10-24 00:00:00+00:00,112.02781993789965,109.99721820298862,110.0859375,6235200,111.61381660650383
2025-10-27 00:00:00+00:00,110.992802225815,109.72121414030401,110.73651123046875,6029600,110.34222664747004
2025-10-28 00:00:00+00:00,110.87452077220003,109.86907552398264,110.05636596679688,6839400,110.31265696425376
2025-10-29 00:00:00+00:00,109.93806903255158,108.43976814755506,108.6664810180664,7097100,109.59306628145
2025-10-30 00:00:00+00:00,111.95882193375118,107.98634519092047,110.24365234375,8311300,108.55806086709089
2025-10-31 00:00:00+00:00,111.48566433940304,108.95234756491078,111.01251983642578,8700600,109.98736338598
2025-11-03 00:00:00+00:00,111.19980713961529,109.4452151242777,110.51966094970703,8542300,110.94352365727146
2025-11-04 00:00:00+00:00,110.19436130295243,109.06077437564393,109.8789291381836,7950100,109.38606591070129
2025-11-05 00:00:00+00:00,110.37179393080024,109.02134596097005,109.77050018310547,5746000,109.76064081267712
2025-11-06 00:00:00+00:00,110.11550561539397,107.6216187917271,108.91291809082031,10291800,109.58321240678778
2025-11-07 00:00:00+00:00,109.83950120723244,108.46934201115236,109.15934753417969,8782100,108.68620303853129
2025-11-10 00:00:00+00:00,111.18009203239778,109.44521129922117,110.637939453125,9158700,109.56350118574332
2025-11-11 00:00:00+00:00,113.32898325337655,110.81537752944548,113.210693359375,9713300,111.04209794615758
2025-11-12 00:00:00+00:00,115.41870750910988,112.75724907720958,114.98499298095703,15248700,112.93468014070267
2025-11-13 00:00:00+00:00,107.79905712325126,103.41257694270482,106.07403564453125,44045400,107.33576443711553
2025-11-14 00:00:00+00:00,107.17805028647318,103.79700794451774,104.28987121582031,16691400,105.98531455188389
2025-11-17 00:00:00+00:00,106.13316886064071,103.61957083558194,104.18143463134766,12296400,104.24057581390313
2025-11-18 00:00:00+00:00,105.55159230254684,103.501279438279,104.76300811767578,11796200,103.59985058126385
2025-11-19 00:00:00+00:00,106.05431455756745,102.59441982577245,103.17599487304688,12790000,104.5658729007312
2025-11-20 00:00:00+00:00,104.2898661203646,101.03696568050115,101.2341079711914,12609900,103.86600342693386
2025-11-21 00:00:00+00:00,103.28442055767384,101.22425580064441,102.79155731201172,10785400,102.00298063125011
2025-11-24 00:00:00+00:00,102.85070006221002,100.43567312986309,100.4849624633789,15024800,102.60426843562375
2025-11-25 00:00:00+00:00,102.43668954127516,100.54409658691114,101.83539581298828,10574500,101.02710043536432
2025-11-26 00:00:00+00:00,102.76199267347984,101.41154459475649,101.95369720458984,10130200,101.84526668262318
2025-11-28 00:00:00+00:00,103.24498652210353,101.76639684345389,102.97884368896484,6525500,101.82554554453716
2025-12-01 00:00:00+00:00,105.30516616131858,102.97885096751278,105.24601745605469,12628900,103.42242489426108
2025-12-02 00:00:00+00:00,105.04887170307993,103.32385034616124,103.33370971679688,8548200,105.00944174103365
2025-12-03 00:00:00+00:00,104.33914340194502,102.97884360606103,104.230712890625,10177800,103.40270628108587
2025-12-04 00:00:00+00:00,104.70387160730532,103.01828016942518,103.9645767211914,11471400,104.32929071855652
2025-12-05 00:00:00+00:00,104.65458195184677,103.06756166622483,103.79700469970703,10680100,103.67871481091348
2025-12-08 00:00:00+00:00,106.5077532235307,103.33371263391743,106.09374237060547,13727700,103.79700530041951
2025-12-09 00:00:00+00:00,106.21203055464959,105.0291617608474,105.49244689941406,8549400,106.05431070454455
2025-12-10 00:00:00+00:00,108.10462562433456,105.05873428791234,107.27661895751953,11237900,105.59102751107764
2025-12-11 00:00:00+00:00,109.96764310381356,107.55261624915427,109.86907196044922,13281400,107.64132802203332
2025-12-12 00:00:00+00:00,111.72224214759265,109.56350614445985,110.007080078125,13059100,110.13522934111462
2025-12-15 00:00:00+00:00,110.7017554968497,107.72456807053958,109.64981079101562,14318000,109.85821300229183
2025-12-16 00:00:00+00:00,111.99186760326596,110.01700202680637,110.77122497558594,15580200,110.3742651303662
2025-12-17 00:00:00+00:00,111.27734346351971,109.6200442181698,109.78874969482422,12142500,110.21548021137211
2025-12-18 00:00:00+00:00,111.9422536896534,109.58034674668848,111.01932525634766,12913900,109.6895108947102
2025-12-19 00:00:00+00:00,112.61708377659764,110.07654526588401,110.39411163330078,21138400,111.46590096259969
