datetime,high,low,close,volume,open
2007-01-03 00:00:00+00:00,25.465237959262673,24.929639572019987,24.99658966064453,50853600,25.136575154244184
2007-01-04 00:00:00+00:00,25.063515929993482,24.576609823304366,24.692249298095703,22319400,24.9539617657695
2007-01-05 00:00:00+00:00,24.728773776752114,24.174917518520495,24.21752166748047,21676500,24.61313195378763
2007-01-08 00:00:00+00:00,24.314898097837414,23.888854370822752,24.034927368164062,17465300,24.308810465332783
2007-01-09 00:00:00+00:00,24.254042041652106,23.870604640005837,23.931467056274414,20341100,24.041021262959735
2007-01-10 00:00:00+00:00,24.30274848533271,23.77323771492175,24.21145248413086,15324600,24.247971348962352
2007-01-11 00:00:00+00:00,24.460977346062442,24.132317049926833,24.39402961730957,12149100,24.132317049926833
2007-01-12 00:00:00+00:00,24.57052274662401,24.25403318968112,24.41227912902832,11218600,24.314897905488316
2007-01-16 00:00:00+00:00,24.600965549138813,24.296648791796162,24.5218448638916,12639900,24.345340587412238
2007-01-17 00:00:00+00:00,24.631399082275163,24.400117696604017,24.5218448638916,12729000,24.460980119371506
2007-01-18 00:00:00+00:00,24.917451566089134,24.351422295498306,24.874847412109375,18810000,24.375768189701674
2007-01-19 00:00:00+00:00,24.941794852104998,24.61921991377528,24.680082321166992,12125900,24.935709540066632
2007-01-22 00:00:00+00:00,24.74703930195221,24.33316831472456,24.37577247619629,14165800,24.74703930195221
2007-01-23 00:00:00+00:00,24.716598398443008,24.345331718259274,24.607044219970703,11380400,24.363589974087404
2007-01-24 00:00:00+00:00,24.826157856628537,24.60096181868153,24.76529312133789,9835700,24.661826553972173
2007-01-25 00:00:00+00:00,24.75311056331915,24.351412753378252,24.400104522705078,11086200,24.667902288748557
2007-01-26 00:00:00+00:00,24.47923583882621,24.126227356021133,24.30881690979004,9797400,24.41837110640181
2007-01-29 00:00:00+00:00,24.66183233692101,24.247961326905088,24.290565490722656,12147600,24.527932209635626
2007-01-30 00:00:00+00:00,24.57660814193962,24.351412196579222,24.448793411254883,8671700,24.41227690684607
2007-01-31 00:00:00+00:00,24.923543072616432,24.31490955348906,24.795730590820312,11630100,24.32708250248192
2007-02-01 00:00:00+00:00,25.06352889755749,24.7652974469239,25.002666473388672,12544200,24.81398924366108
2007-02-02 00:00:00+00:00,25.039182641485628,24.71660761884433,24.850507736206055,9928300,24.893111896866127
2007-02-05 00:00:00+00:00,25.09395040487422,24.673994268315713,24.97222328186035,9017400,24.753114924785734
2007-02-06 00:00:00+00:00,25.18525717623171,24.899198662190926,25.11830711364746,8096800,25.008752887919194
2007-02-07 00:00:00+00:00,25.233952421840062,24.96615443203722,25.1730899810791,8347100,25.087881635312435
2007-02-08 00:00:00+00:00,25.118299385503185,24.917449259545975,25.008745193481445,11976500,25.087868181442044
2007-02-09 00:00:00+00:00,25.20960258224215,24.89920046800203,24.953977584838867,9320000,25.08787771971845
2007-02-12 00:00:00+00:00,25.568684412903803,25.11829706225143,25.221763610839844,18480700,25.331317792728655
2007-02-13 00:00:00+00:00,25.46522239719397,25.06352443268228,25.41653060913086,13173700,25.130474480392934
2007-02-14 00:00:00+00:00,25.53825504651319,25.25828426012744,25.398269653320312,20514700,25.392184341334538
2007-02-15 00:00:00+00:00,25.47132003567903,25.148744909796104,25.355680465698242,10828700,25.300903338496106
2007-02-16 00:00:00+00:00,25.355663682426577,25.075692916155983,25.221763610839844,11035300,25.258282445386726
2007-02-20 00:00:00+00:00,25.44087087008224,24.771375184718917,25.160900115966797,17903400,24.795721073359843
2007-02-21 00:00:00+00:00,25.209591976504868,24.740946345092546,25.13655662536621,11916800,24.887017047369856
2007-02-22 00:00:00+00:00,25.136563431828208,24.947888530151424,25.063528060913086,9484700,25.05744042564782
2007-02-23 00:00:00+00:00,25.25220185188234,24.83833093669864,24.929624557495117,13729700,25.209595376074603
2007-02-26 00:00:00+00:00,24.953972905643337,24.534016636476824,24.826160430908203,12198400,24.953972905643337
2007-02-27 00:00:00+00:00,24.661828422952613,24.077540850396083,24.23578453063965,23480300,24.643570161857856
2007-02-28 00:00:00+00:00,24.254040248734963,23.913207028022384,24.095796585083008,26115700,23.913207028022384
2007-03-01 00:00:00+00:00,24.132316751591063,23.529768626245488,24.010589599609375,21139500,23.84017065813409
2007-03-02 00:00:00+00:00,23.967999751813398,23.718459986082575,23.7428035736084,19521700,23.925395571451087
2007-03-05 00:00:00+00:00,23.85844324704572,23.487176291446698,23.535865783691406,22835500,23.5845575976896
2007-03-06 00:00:00+00:00,23.887861358795323,23.526666031236495,23.753177642822266,17472800,23.887861358795323
2007-03-07 00:00:00+00:00,23.86950018124069,23.58176758981194,23.698083877563477,12320700,23.69808387756348
2007-03-08 00:00:00+00:00,23.949079955870467,23.710324157801708,23.753177642822266,11707100,23.73481253076768
2007-03-09 00:00:00+00:00,23.979702794097648,23.563411895324208,23.67360496520996,11988600,23.96746093604231
2007-03-12 00:00:00+00:00,23.73482480565738,23.330775784116803,23.36750602722168,14195200,23.514434005664157
2007-03-13 00:00:00+00:00,23.34301549046391,22.804282786839202,22.865501403808594,21392500,23.281794538153974
2007-03-14 00:00:00+00:00,23.00630088811016,22.345128831848534,22.994056701660156,24242400,22.822640426699856
2007-03-15 00:00:00+00:00,23.140994899229707,22.785922639732643,22.951215744018555,10151000,22.932848286648305
2007-03-16 00:00:00+00:00,23.15323474778745,22.853260246007565,22.96345329284668,16888700,23.018550983936542
2007-03-19 00:00:00+00:00,23.128740726256506,22.8716197874289,23.092010498046875,9396200,23.049157008242272
2007-03-20 00:00:00+00:00,23.263428830502132,22.957331082732367,23.2205753326416,11080800,23.04916134119949
2007-03-21 00:00:00+00:00,23.826654253254198,23.14711902415499,23.716461181640625,15305400,23.196093463167564
2007-03-22 00:00:00+00:00,23.8144150203509,23.35526821920281,23.465463638305664,9487800,23.636877696758372
2007-03-23 00:00:00+00:00,23.55116596860944,23.306286789385464,23.398117065429688,11566800,23.47770081363769
2007-03-26 00:00:00+00:00,23.434843750193952,23.00630875461448,23.208332061767578,11825300,23.355260014066666
2007-03-27 00:00:00+00:00,23.134865311381603,22.822644341697508,22.859376907348633,12839000,23.09813274573048
2007-03-28 00:00:00+00:00,22.804282949486126,22.40635493032531,22.51042938232422,13983700,22.7614294502338
2007-03-29 00:00:00+00:00,22.687958784150826,22.345128573533213,22.541030883789062,14383400,22.632861113432636
2007-03-30 00:00:00+00:00,22.767551557630576,22.253307204614455,22.4920654296875,12672200,22.510430548792854
2007-04-02 00:00:00+00:00,22.56552615070072,22.406354015399696,22.522672653198242,9918400,22.449207512902174
2007-04-03 00:00:00+00:00,23.128752314053706,22.52880082086597,23.036924362182617,15862400,22.58389852612511
2007-04-04 00:00:00+00:00,23.422594585118162,22.981815492513746,23.330766677856445,19168400,23.02466898297056
2007-04-05 00:00:00+00:00,23.330774424081383,23.1348720211386,23.275676727294922,10734900,23.226699958888798
2007-04-09 00:00:00+00:00,23.416476741567497,23.177720881778523,23.31240463256836,7312400,23.410355814413588
2007-04-10 00:00:00+00:00,23.600136307741522,23.281794364130985,23.404233932495117,10978700,23.31852693524238
2007-04-11 00:00:00+00:00,23.46546223616947,23.122631804407867,23.245071411132812,15910400,23.336899364670582
2007-04-12 00:00:00+00:00,23.37974885714665,23.018553363844486,23.275676727294922,11377900,23.1960906463054
2007-04-13 00:00:00+00:00,23.25730592173894,23.11037798777686,23.19608497619629,10763200,23.238938470406
2007-04-16 00:00:00+00:00,23.74706307155555,23.208330398847526,23.606258392333984,11514300,23.26342808509426
2007-04-17 00:00:00+00:00,24.181721583381847,23.691965663951063,24.144989013671875,15722100,23.777672657933895
2007-04-18 00:00:00+00:00,24.144990870323447,23.765430295495477,23.900114059448242,11182000,24.114381560881622
2007-04-19 00:00:00+00:00,23.97969784098982,23.618504719435773,23.820528030395508,11024800,23.814407102632142
2007-04-20 00:00:00+00:00,24.083776531912566,23.82665314915268,24.00419044494629,13711900,24.077655603072557
2007-04-23 00:00:00+00:00,24.114385846794665,23.906239236118957,24.00419044494629,7912200,23.991946251925242
2007-04-24 00:00:00+00:00,24.120500666253324,23.661354097748553,24.06540298461914,13273100,23.93071924388221
2007-04-25 00:00:00+00:00,24.298033197579873,23.998058776502333,24.181716918945312,11327800,24.132740168779193
2007-04-26 00:00:00+00:00,24.181723623776357,23.808283973906573,23.869504928588867,11421300,24.13274686003052
2007-04-27 00:00:00+00:00,23.869500808405416,23.514426338560433,23.551158905029297,11310100,23.814403126372238
2007-04-30 00:00:00+00:00,23.60626778311148,23.159365188146435,23.18385124206543,20383500,23.569535199220983
2007-05-01 00:00:00+00:00,23.557291219208025,23.202218913063692,23.526681900024414,13068100,23.355267844323105
2007-05-02 00:00:00+00:00,23.912351823388413,23.471570412804667,23.722570419311523,13997800,23.471570412804667
2007-05-03 00:00:00+00:00,24.02866788598294,23.532788803537084,23.912351608276367,10799300,23.845009745005203
2007-05-04 00:00:00+00:00,23.99193843655617,23.710329094829408,23.814403533935547,8889900,23.949084942612544
2007-05-07 00:00:00+00:00,23.998052928583785,23.60012510414227,23.77766227722168,7764700,23.691955320656284
2007-05-08 00:00:00+00:00,23.7225774204293,23.477698267759564,23.64911460876465,12568400,23.698089038094192
2007-05-09 00:00:00+00:00,23.998068777605187,23.51443367719162,23.985824584960938,10012600,23.545042991131762
2007-05-10 00:00:00+00:00,24.255183705433236,23.649111501973586,23.74706268310547,13333800,23.808281295560253
2007-05-11 00:00:00+00:00,23.97969802105357,23.63687001555594,23.789918899536133,11994300,23.691967707202434
2007-05-14 00:00:00+00:00,24.193971180778423,23.789922165023167,23.881750106811523,15876800,23.90011756344196
2007-05-15 00:00:00+00:00,24.071529918156596,23.245066822747436,23.44709014892578,31391600,23.263431942761613
2007-05-16 00:00:00+00:00,23.61850155517473,23.263427073614118,23.489938735961914,14048500,23.545036419813034
2007-05-17 00:00:00+00:00,23.62462742686549,23.355262213514095,23.44709014892578,9091200,23.36750406996302
2007-05-18 00:00:00+00:00,23.820527288468863,23.4164783437935,23.802162170410156,13864100,23.56340629428479
2007-05-21 00:00:00+00:00,23.906235617261263,23.594016916180994,23.64911460876465,12653300,23.691968110180753
2007-05-22 00:00:00+00:00,23.69196315312983,23.477693355540143,23.587888717651367,9354700,23.630742210101268
2007-05-23 00:00:00+00:00,23.955209914343737,23.636867982801242,23.74094009399414,10899400,23.704209859615677
2007-05-24 00:00:00+00:00,24.120501077664695,23.636866123442232,23.845012664794922,19185500,23.64911031238536
2007-05-25 00:00:00+00:00,23.875627653353956,23.416480967712534,23.49606704711914,9629300,23.82665088592195
2007-05-29 00:00:00+00:00,23.679719180347263,23.459328454116118,23.661354064941406,8878900,23.496061020268048
2007-05-30 00:00:00+00:00,23.722583958577317,23.434851225189867,23.691974639892578,9268900,23.64912112666568
2007-05-31 00:00:00+00:00,23.893988857419913,23.612379496862026,23.796037673950195,9728800,23.722574870183013
2007-06-01 00:00:00+00:00,24.224581248643037,23.85114153519477,24.00419044494629,12959300,23.936848551001056
2007-06-04 00:00:00+00:00,24.408234740438434,23.82664852908597,24.365381240844727,12809100,23.87562529167339
2007-06-05 00:00:00+00:00,24.53469080877185,23.814350923676393,23.925172805786133,15236100,24.300735589756048
2007-06-06 00:00:00+00:00,23.82666805769449,23.518829975162568,23.58039665222168,11719100,23.73431569348764
2007-06-07 00:00:00+00:00,23.58038587321462,23.15557035901372,23.18635368347168,17329400,23.488035899840742
2007-06-08 00:00:00+00:00,23.395687733612505,23.13094686873749,23.364904403686523,10146700,23.186357802051273
2007-06-11 00:00:00+00:00,23.29102683178096,23.161733072262734,23.217144012451172,13278600,23.260241149417972
2007-06-12 00:00:00+00:00,23.26639451539223,22.995495596591535,23.00165367126465,17317200,23.217139312476704
2007-06-13 00:00:00+00:00,23.291026871437598,23.050911231133668,23.22945785522461,14036400,23.15557738438684
2007-06-14 00:00:00+00:00,23.297182717499414,23.130949895803756,23.266399383544922,9948800,23.272555110888685
2007-06-15 00:00:00+00:00,23.697370003569223,23.364904403686523,23.364904403686523,21091500,23.598861938635554
2007-06-18 00:00:00+00:00,23.549607935836708,23.334122266720556,23.371061325073242,8644200,23.39568892972013
2007-06-19 00:00:00+00:00,23.641970184435444,23.278721083861974,23.561931610107422,14297900,23.617342569470107
2007-06-20 00:00:00+00:00,25.359701641931686,24.57163686341147,24.645517349243164,66783600,25.150371641559968
2007-06-21 00:00:00+00:00,24.713237681473682,24.356146773377635,24.59626007080078,26940900,24.608573874337594
2007-06-22 00:00:00+00:00,24.700912375044442,24.232999801635742,24.232999801635742,19316100,24.374604953438595
2007-06-25 00:00:00+00:00,24.448490333634716,24.011360992062745,24.122182846069336,13095600,24.288415627079228
2007-06-26 00:00:00+00:00,24.26994634676896,23.931325022713725,24.103715896606445,16997300,24.177596357636176
2007-06-27 00:00:00+00:00,24.503896623632627,23.894378890555974,24.47926902770996,15476200,23.980573127668485
2007-06-28 00:00:00+00:00,24.713230860992994,24.319198651033485,24.331512451171875,19649200,24.42386242928394
2007-06-29 00:00:00+00:00,24.602409384752495,24.085241514114276,24.22684669494629,13714300,24.343826623742018
2007-07-02 00:00:00+00:00,24.380773392765168,24.103721017884435,24.239168167114258,8844800,24.349990056513754
2007-07-03 00:00:00+00:00,24.34998809591623,23.98058339340675,24.134502410888672,6266400,24.2761076251379
2007-07-05 00:00:00+00:00,24.565472236987986,24.134498586605883,24.522375106811523,14665100,24.214537120626797
2007-07-06 00:00:00+00:00,24.94103801585679,24.534691879919894,24.81174659729004,16811000,24.577789019442143
2007-07-09 00:00:00+00:00,25.224255302525904,24.73171245119346,24.768653869628906,17337100,25.10727531845618
2007-07-10 00:00:00+00:00,25.138061045284342,24.737870565139808,24.780967712402344,34920700,24.885631541863244
2007-07-11 00:00:00+00:00,25.094948235751847,24.713229841675027,24.92255973815918,20798500,24.76864076570369
2007-07-12 00:00:00+00:00,25.24271380218828,24.891778700632614,25.205772399902344,20013800,25.01491435963505
2007-07-13 00:00:00+00:00,25.248870116267774,25.00260114114503,25.162675857543945,12028000,25.150362056495197
2007-07-16 00:00:00+00:00,25.088802303558143,24.934883271020976,24.98413848876953,11226400,25.027235629990496
2007-07-17 00:00:00+00:00,24.9841375046114,24.68861090699734,24.719396591186523,13871500,24.916412757183927
2007-07-18 00:00:00+00:00,24.891781822008884,24.436180531153642,24.651668548583984,17388700,24.63935474627788
2007-07-19 00:00:00+00:00,24.71323940907219,24.331520867218185,24.44234275817871,15693500,24.65782846359193
2007-07-20 00:00:00+00:00,24.54700626588344,24.22069867358735,24.251482009887695,17880700,24.319206758919265
2007-07-23 00:00:00+00:00,24.319201899907277,23.94979724087469,23.986736297607422,19651500,24.313046173324334
2007-07-24 00:00:00+00:00,23.980580396676324,23.315649196910925,23.364904403686523,26185100,23.86975853004876
2007-07-25 00:00:00+00:00,23.641964293083486,23.161735315402478,23.420320510864258,23885100,23.52498432545776
2007-07-26 00:00:00+00:00,23.53729291120155,22.650720327512875,22.96471405029297,35164600,23.06938019029802
2007-07-27 00:00:00+00:00,23.08170391113749,22.607632911355445,22.626102447509766,25522900,22.816962932705717
2007-07-30 00:00:00+00:00,23.506516568336135,22.656882788538212,23.278717041015625,29638600,22.75539088267288
2007-07-31 00:00:00+00:00,23.654272957392653,22.829269296565005,22.88467788696289,29752100,23.494198216135082
2007-08-01 00:00:00+00:00,23.3279679252689,22.502961826483745,23.254087448120117,30751500,22.74307513868081
2007-08-02 00:00:00+00:00,23.488046314071312,23.15558062583423,23.28487205505371,26469600,23.24177491198055
2007-08-03 00:00:00+00:00,23.29718124653566,22.10892631169856,22.281314849853516,45337400,23.29718124653566
2007-08-06 00:00:00+00:00,22.773858826252845,21.979636133555353,22.712289810180664,33499100,22.373668441946034
2007-08-07 00:00:00+00:00,22.82310815935955,22.11507985008963,22.410606384277344,28361200,22.502956371170733
2007-08-08 00:00:00+00:00,23.272550582885742,22.349036652226648,23.272550582885742,35795600,22.472172312704668
2007-08-09 00:00:00+00:00,22.31825603322229,21.622541463401312,22.035045623779297,37137600,21.770304743633726
2007-08-10 00:00:00+00:00,22.330577509704618,21.733370805264595,22.115089416503906,22034500,22.028895118671013
2007-08-13 00:00:00+00:00,22.1766510394964,21.622541669124946,21.69642448425293,21036600,22.1766510394964
2007-08-14 00:00:00+00:00,21.727215590593815,20.618998801930847,20.637468338012695,42251600,21.616393676865666
2007-08-15 00:00:00+00:00,21.203878767868588,20.446597634939426,20.538949966430664,26864000,20.63129994930455
2007-08-16 00:00:00+00:00,20.76059899651803,19.60928416433941,20.20648956298828,37740300,20.354252861468865
2007-08-17 00:00:00+00:00,21.019181006941764,20.286527316842626,20.50817108154297,30623400,20.8344786525641
2007-08-20 00:00:00+00:00,20.896041851559726,20.508167676354844,20.803691864013672,18473500,20.72980905563586
2007-08-21 00:00:00+00:00,21.33933097051489,20.686713537351626,21.117687225341797,18789300,20.809849212294196
2007-08-22 00:00:00+00:00,21.425526338645344,20.994552628523564,21.40705680847168,28241500,21.228510188067006
2007-08-23 00:00:00+00:00,21.1546271695527,20.797533971774254,20.945297241210938,23123600,21.025335776681533
2007-08-24 00:00:00+00:00,21.517892700457164,21.03150773443433,21.351659774780273,14370700,21.06229108764428
2007-08-27 00:00:00+00:00,21.893439908175488,21.604071429973974,21.702579498291016,25881100,21.80724329335767
2007-08-28 00:00:00+00:00,22.034078383650535,21.693279455482298,21.71806526184082,55781000,21.996899674112747
2007-08-29 00:00:00+00:00,22.802433627709842,21.7676503887085,22.647525787353516,66298200,21.7676503887085
2007-08-30 00:00:00+00:00,23.013092060035262,22.529780697362565,22.951129913330078,34579600,22.548368868633244
2007-08-31 00:00:00+00:00,23.880588248715227,23.062675211566674,23.738073348999023,65864700,23.149423205854315
2007-09-04 00:00:00+00:00,23.155615391826803,22.38727409022629,22.529788970947266,94537000,23.0564745024685
2007-09-05 00:00:00+00:00,22.65371561082475,21.414453315425906,22.622732162475586,45147200,22.480217282149347
2007-09-06 00:00:00+00:00,22.783841834209674,21.823413848876953,21.823413848876953,36327500,22.529793110815785
2007-09-07 00:00:00+00:00,21.618929693977545,21.14181344141429,21.197580337524414,30279900,21.569360432826972
2007-09-10 00:00:00+00:00,21.464018633688976,20.695677475414094,20.949726104736328,22191400,21.346289588194953
2007-09-11 00:00:00+00:00,21.62513313344374,20.974518382955903,21.606542587280273,33242500,21.067464022655823
2007-09-12 00:00:00+00:00,21.88536609956848,21.352483076748,21.74285125732422,19849900,21.389661786609178
2007-09-13 00:00:00+00:00,22.21377937498659,21.761448845969,22.0650691986084,16274100,21.866787387633718
2007-09-14 00:00:00+00:00,22.201386020423104,21.68709101324474,22.108440399169922,12541000,22.182795477949266
2007-09-17 00:00:00+00:00,22.12083967376809,21.79863108803558,21.922557830810547,13144900,21.90396728298539
2007-09-18 00:00:00+00:00,22.542181877580212,21.841998016903013,22.529788970947266,21552700,22.00310107572078
2007-09-19 00:00:00+00:00,23.01930956587591,22.3191253578458,22.41826629638672,20242000,22.647529273567642
2007-09-20 00:00:00+00:00,22.418253378505195,21.792424644070195,21.8853702545166,20980500,22.33150540273125
2007-09-21 00:00:00+00:00,22.027890792675908,21.35869026184082,21.35869026184082,23949700,22.009302611285
2007-09-24 00:00:00+00:00,21.5569731282674,20.776236379848488,20.99310874938965,16852100,21.389672396463347
2007-09-25 00:00:00+00:00,20.577950634224976,20.26813504853521,20.497400283813477,27939100,20.559362455469298
2007-09-26 00:00:00+00:00,20.683289001248628,20.33009942541203,20.441633224487305,18513800,20.571755202173353
2007-09-27 00:00:00+00:00,20.590341606868677,20.23095679035893,20.299114227294922,16988700,20.54077234694204
2007-09-28 00:00:00+00:00,20.330104910212004,20.057465610604403,20.100839614868164,24716200,20.330104910212004
2007-10-01 00:00:00+00:00,20.7266620575545,20.181385993784726,20.546968460083008,22312300,20.18758362884524
2007-10-02 00:00:00+00:00,20.862980683060602,20.52218400701339,20.670896530151367,23370600,20.57795090772696
2007-10-03 00:00:00+00:00,21.19758843978209,20.596547622756727,20.986913681030273,20350500,20.61513580732992
2007-10-04 00:00:00+00:00,21.098442887204275,20.75764618379355,20.90635871887207,12150200,21.07365707074026
2007-10-05 00:00:00+00:00,21.408252424399983,21.005493657872073,21.20377540588379,12933200,21.191382501169944
2007-10-08 00:00:00+00:00,21.26575142543221,20.906366409325674,21.02409553527832,11252200,21.234770325308507
2007-10-09 00:00:00+00:00,21.067457731065417,20.70807055283938,20.943531036376953,14044100,21.011690836640863
2007-10-10 00:00:00+00:00,21.067467424300652,20.695689532883705,20.850597381591797,16501700,20.87538084096839
2007-10-11 00:00:00+00:00,21.222366994527516,20.58414766319456,20.714269638061523,17127000,20.881570333049876
2007-10-12 00:00:00+00:00,20.869179142781057,20.57175644846346,20.72046661376953,12414300,20.77003824467519
2007-10-15 00:00:00+00:00,20.850583452441846,20.33628860372465,20.454017639160156,14904100,20.726656783522856
2007-10-16 00:00:00+00:00,20.42305115078522,19.9769181331961,20.144216537475586,15989800,20.416855876581135
2007-10-17 00:00:00+00:00,20.385868686761984,19.48740291843255,19.69188117980957,23218000,20.330101780763453
2007-10-18 00:00:00+00:00,19.834390362836725,19.44402329198004,19.629913330078125,17879500,19.580342889622475
2007-10-19 00:00:00+00:00,19.735252562284817,18.935927803459304,19.05985450744629,27030000,19.654699850137487
2007-10-22 00:00:00+00:00,19.32010257814333,18.81200514187036,19.134212493896484,17779900,18.94832359150246
2007-10-23 00:00:00+00:00,19.332497591207453,18.836791827776036,19.159000396728516,16354200,19.332497591207453
2007-10-24 00:00:00+00:00,19.23335458127316,18.762434689108435,19.134212493896484,18545700,19.202372309638942
2007-10-25 00:00:00+00:00,19.530773813523087,18.824393510368978,19.022676467895508,24280100,19.264332234266526
2007-10-26 00:00:00+00:00,19.54936345539684,18.89875118251051,19.425437927246094,12484600,19.21476322935186
2007-10-29 00:00:00+00:00,19.735255432027785,19.369672902143993,19.4564208984375,15986200,19.549365349016657
2007-10-30 00:00:00+00:00,19.67329642114453,19.382070096440362,19.493602752685547,18673800,19.518388575308748
2007-10-31 00:00:00+00:00,19.704262817638273,19.220951455580412,19.52457046508789,14935900,19.6484959401928
2007-11-01 00:00:00+00:00,19.567954738682406,18.9916974897082,19.016483306884766,15003400,19.456420925093486
2007-11-02 00:00:00+00:00,19.214759695113713,18.663288418923102,18.83678436279297,16577200,19.158992804054833
2007-11-05 00:00:00+00:00,18.68187506117272,18.297704489694073,18.465003967285156,17515500,18.68187506117272
2007-11-06 00:00:00+00:00,18.663292615235182,18.279120743990347,18.626113891601562,15828300,18.279120743990347
2007-11-07 00:00:00+00:00,18.53936731459741,18.15519541404271,18.179981231689453,16487900,18.403048863098817
2007-11-08 00:00:00+00:00,18.316296404531816,17.504579931545265,18.025070190429688,25256800,18.27911886656939
2007-11-09 00:00:00+00:00,17.91973890437991,17.343481552866123,17.380659103393555,21922500,17.777223975813904
2007-11-12 00:00:00+00:00,18.018878429012968,17.349676662174637,17.634706497192383,18968500,17.380657754901634
2007-11-13 00:00:00+00:00,18.1118197460961,17.207158758701127,18.04366111755371,28296000,17.34967365147934
2007-11-14 00:00:00+00:00,18.421639093307355,17.882560499916348,17.987897872924805,18442800,18.149002159987912
2007-11-15 00:00:00+00:00,18.43403324736443,17.8701687955227,17.95691680908203,17497700,18.012683726899613
2007-11-16 00:00:00+00:00,18.093230861299553,17.60991811723411,18.012678146362305,18189700,18.04366041435843
2007-11-19 00:00:00+00:00,17.8639630902203,17.36206227159439,17.46739959716797,21986400,17.8639630902203
2007-11-20 00:00:00+00:00,17.814390701160097,17.318686389173084,17.659482955932617,26557200,17.46739768276919
2007-11-21 00:00:00+00:00,17.5913338594707,17.231947719430806,17.380659103393555,12611300,17.479800026035388
2007-11-23 00:00:00+00:00,17.97549769363004,17.38684769747583,17.93832015991211,9786400,17.461203946764172
2007-11-26 00:00:00+00:00,17.969306118495545,16.98409234365739,17.033662796020508,16282500,17.901146303301456
2007-11-27 00:00:00+00:00,17.2491999426026,16.73066193753704,16.961816787719727,20151400,17.230457174369203
2007-11-28 00:00:00+00:00,17.79897099727794,16.911833742903145,17.661527633666992,24263400,17.055524694624445
2007-11-29 00:00:00+00:00,17.617802238121346,17.211717201681864,17.417882919311523,19899300,17.5678227063204
2007-11-30 00:00:00+00:00,18.180067416263217,17.567818017218237,17.84270477294922,24847100,17.680271040050524
2007-12-03 00:00:00+00:00,18.13633961836502,17.773987729072857,17.79897689819336,12101600,17.880194378948456
2007-12-04 00:00:00+00:00,18.080102485117482,17.49284244095037,17.986391067504883,18286500,17.730244778342637
2007-12-05 00:00:00+00:00,18.22379772372742,17.911425463253245,18.098848342895508,12545200,18.14882785690715
2007-12-06 00:00:00+00:00,18.529927961601967,17.855203723983507,18.423721313476562,11632800,18.017637491210948
2007-12-07 00:00:00+00:00,18.586155080704003,18.323762255429827,18.423721313476562,10064200,18.529927961601967
2007-12-10 00:00:00+00:00,18.523673222950052,18.148826304131052,18.486188888549805,11895200,18.242538927539933
2007-12-11 00:00:00+00:00,18.617388552435965,17.686519243974743,17.742746353149414,19388100,18.47994516978997
2007-12-12 00:00:00+00:00,18.29252579808761,17.492852128929805,17.79897689819336,20141500,18.117596847820156
2007-12-13 00:00:00+00:00,17.792728050701648,17.03053997649304,17.267942428588867,20290600,17.686521408331064
2007-12-14 00:00:00+00:00,17.08675861505917,16.63694190979004,16.63694190979004,21681100,17.061768268497413
2007-12-17 00:00:00+00:00,16.69942891163914,16.143406397858246,16.205881118774414,25190900,16.555737887656285
2007-12-18 00:00:00+00:00,16.61820092757506,15.974713780178652,16.536983489990234,22441300,16.330817890005807
2007-12-19 00:00:00+00:00,16.512000917252095,16.14340148674803,16.393299102783203,17910700,16.512000917252095
2007-12-20 00:00:00+00:00,16.505750242646513,16.230862320586944,16.412038803100586,16008200,16.368306877419528
2007-12-21 00:00:00+00:00,16.830618138613232,16.42453442841074,16.655689239501953,24522500,16.46826635528715
2007-12-24 00:00:00+00:00,16.924331020948998,16.555731617901227,16.874351501464844,7199400,16.62445390404409
2007-12-26 00:00:00+00:00,16.899344625764687,16.655694560130787,16.861860275268555,15081100,16.868107865618914
2007-12-27 00:00:00+00:00,16.85560870968907,16.68692738482926,16.72441291809082,13361100,16.85560870968907
2007-12-28 00:00:00+00:00,16.874346066113628,16.46201486528286,16.668180465698242,13743400,16.705664795335945
2007-12-31 00:00:00+00:00,16.98056029695304,16.405795153711455,16.83062171936035,16689900,16.561981320987908
2008-01-02 00:00:00+00:00,17.0367799729785,16.255849477608443,16.312076568603516,16560700,16.9493149472054
2008-01-03 00:00:00+00:00,16.53074130835294,16.118409973559945,16.130905151367188,14635500,16.393297927290522
2008-01-04 00:00:00+00:00,16.037201231993304,15.468683482454669,15.593631744384766,19772000,15.968478913387655
2008-01-07 00:00:00+00:00,16.124654393030113,15.574879785237425,15.849767684936523,20682400,15.65609604180928
2008-01-08 00:00:00+00:00,16.118407496291002,15.412446741162777,15.456178665161133,15488100,15.96222137252227
2008-01-09 00:00:00+00:00,15.599877384631014,14.850184332020374,15.449938774108887,25468800,15.462433956220602
2008-01-10 00:00:00+00:00,16.062181051148244,15.212529313503778,15.79354190826416,16098800,15.31248834146195
2008-01-11 00:00:00+00:00,15.968470156400867,15.349973202947929,15.437437057495117,17627000,15.681088239114018
2008-01-14 00:00:00+00:00,15.930990750072567,15.331236376158369,15.862268447875977,15513500,15.681093094274985
2008-01-15 00:00:00+00:00,16.02469537343144,15.406198492812603,15.849767684936523,20304900,15.649848454133673
2008-01-16 00:00:00+00:00,16.768150521846113,15.793548967814479,16.455778121948242,27356000,15.806042958189728
2008-01-17 00:00:00+00:00,16.686923730630053,16.255850916972573,16.3995418548584,20633800,16.47451171335845
2008-01-18 00:00:00+00:00,17.174231604505106,16.243362147506122,16.418291091918945,25818700,16.530744136606533
2008-01-22 00:00:00+00:00,18.005132980826904,15.593619273977893,17.6177921295166,45150200,15.593619273977893
2008-01-23 00:00:00+00:00,18.817304326916297,16.91808052918422,18.711097717285156,41347200,17.30542263242884
2008-01-24 00:00:00+00:00,18.617391587974154,18.073864366138707,18.467453002929688,26773500,18.49244336290674
2008-01-25 00:00:00+00:00,18.523674440212428,17.58655767738611,17.82396125793457,22483600,18.498685279505295
2008-01-28 00:00:00+00:00,18.21755232206907,17.511591452971654,18.20505714416504,17078900,17.811468573033967
2008-01-29 00:00:00+00:00,18.692359944524885,17.84895443010873,18.5611629486084,19525200,18.34875086423964
2008-01-30 00:00:00+00:00,18.867291218970433,18.148833830133405,18.354999542236328,21216400,18.148833830133405
2008-01-31 00:00:00+00:00,19.417061719058562,18.005138809244976,19.142173767089844,33237000,18.10509784785074
2008-02-01 00:00:00+00:00,19.173410379770463,18.667366441418242,19.02347183227539,17198800,18.929759197436027
2008-02-04 00:00:00+00:00,19.085940963661443,18.217546628051366,18.33624839782715,16497000,19.023467476879286
2008-02-05 00:00:00+00:00,18.392483011291844,17.399138912653214,17.486602783203125,21585200,18.048872735434873
2008-02-06 00:00:00+00:00,18.098849728124705,17.236702747536434,17.274187088012695,23844900,17.64278647891211
2008-02-07 00:00:00+00:00,18.223799979819034,17.192971630959676,17.742746353149414,20958600,17.211713206280727
2008-02-08 00:00:00+00:00,17.861449956505265,17.30542758942994,17.47410774230957,15908100,17.68027343281212
2008-02-11 00:00:00+00:00,18.042624112348197,17.286683693655814,17.92392349243164,13946700,17.505344549110948
2008-02-12 00:00:00+00:00,18.19880780684205,17.630290374489583,17.730249404907227,17804800,17.99888974600676
2008-02-13 00:00:00+00:00,17.992648975967352,17.57406993062087,17.70526695251465,12399300,17.830216383689095
2008-02-14 00:00:00+00:00,17.742751916667245,17.080522768475845,17.186729431152344,16340000,17.674030799598544
2008-02-15 00:00:00+00:00,17.28668939089454,16.84311994459891,17.192977905273438,15780200,17.28668939089454
2008-02-19 00:00:00+00:00,17.567817242835673,16.924329928363857,17.0617733001709,15004300,17.417877502457152
2008-02-20 00:00:00+00:00,17.44286048169062,16.83061136848725,17.31791114807129,13649500,16.886838449455432
2008-02-21 00:00:00+00:00,17.630289446238635,17.03678288333324,17.111751556396484,13051000,17.342907546820236
2008-02-22 00:00:00+00:00,17.374148407122522,16.868105573565206,17.349159240722656,13601200,17.1492411431003
2008-02-25 00:00:00+00:00,18.00513458251953,17.043028763893034,18.00513458251953,20911400,17.043028763893034
2008-02-26 00:00:00+00:00,18.423720165334863,17.630294148878917,18.011388778686523,30638500,17.630294148878917
2008-02-27 00:00:00+00:00,18.267534642863694,17.78023335434493,18.061368942260742,17330300,17.836460471928092
2008-02-28 00:00:00+00:00,17.930170410329065,17.286683046448648,17.31167221069336,18085800,17.89268487655337
2008-02-29 00:00:00+00:00,17.274188703855355,16.499505509115725,16.58696937561035,21898800,17.192972426625456
2008-03-03 00:00:00+00:00,16.980554948178586,16.430779145242298,16.924327850341797,19162200,16.555728516347504
2008-03-04 00:00:00+00:00,16.89934115092442,16.55573209354966,16.786888122558594,15672300,16.736908601638522
2008-03-05 00:00:00+00:00,17.22420720014792,16.55573071658788,16.718164443969727,18340500,16.868102994259353
2008-03-06 00:00:00+00:00,16.79313525973774,16.068431578671436,16.093421936035156,14345600,16.66818704773662
2008-03-07 00:00:00+00:00,16.50575488864862,15.731071609884307,16.168392181396484,15410100,15.918494541731535
2008-03-10 00:00:00+00:00,16.212117063327312,15.593619081349752,15.618609428405762,17188800,16.212117063327312
2008-03-11 00:00:00+00:00,16.529571413962124,15.936978933561155,16.516963958740234,22119800,16.296317259582192
2008-03-12 00:00:00+00:00,17.1032520858718,16.371966777225243,16.47283363342285,20008900,16.523267061521658
2008-03-13 00:00:00+00:00,16.80695504639378,16.063061115511204,16.693479537963867,20243000,16.422399423920787
2008-03-14 00:00:00+00:00,16.876295593853143,15.987406023240023,16.23326873779297,21473500,16.863686941202403
2008-03-17 00:00:00+00:00,16.40347959073339,15.678499001185244,16.201745986938477,21915500,15.829799204031431
2008-03-18 00:00:00+00:00,17.17259365969486,16.45391721126517,17.14107322692871,21428500,16.510654952186194
2008-03-19 00:00:00+00:00,17.664321111158667,16.901514340453225,16.920427322387695,23266600,17.10955233202244
2008-03-20 00:00:00+00:00,17.758881530847926,16.996074849706098,17.68953514099121,22243000,17.002379176277376
2008-03-24 00:00:00+00:00,18.912550542945755,17.733667696700667,18.446041107177734,25245600,17.733667696700667
2008-03-25 00:00:00+00:00,18.57212286091955,17.840837716510276,18.130830764770508,18463700,18.389302176030984
2008-03-26 00:00:00+00:00,17.99844728199203,17.613892823446545,17.75258445739746,14793500,17.99844728199203
2008-03-27 00:00:00+00:00,18.036268073564496,17.50041227434186,17.519325256347656,13212700,17.75888368295028
2008-03-28 00:00:00+00:00,17.569754961058777,17.197808143842906,17.260848999023438,15818700,17.399541766245974
2008-03-31 00:00:00+00:00,17.689534977400392,17.103245838394255,17.632797241210938,15593400,17.26715472044964
2008-04-01 00:00:00+00:00,18.64777358706688,17.714754775580424,18.591035842895508,20263800,17.77779684715167
2008-04-02 00:00:00+00:00,18.91255094275743,18.263219594182154,18.382999420166016,16090000,18.565821323111255
2008-04-03 00:00:00+00:00,18.59104307164734,18.074100048129758,18.42082977294922,11648300,18.2947467832094
2008-04-04 00:00:00+00:00,18.527990170170945,18.04256907900343,18.14974021911621,13520500,18.28843178767446
2008-04-07 00:00:00+00:00,18.338863837750978,17.872354557196864,17.966917037963867,10883600,18.250605682692065
2008-04-08 00:00:00+00:00,17.922790870827814,17.626493526569174,17.765186309814453,11547400,17.77779496327809
2008-04-09 00:00:00+00:00,17.809316646686725,17.273460861079688,17.443674087524414,13431800,17.746274577363405
2008-04-10 00:00:00+00:00,18.187570913366294,17.412156577073947,17.891273498535156,19890600,17.412156577073947
2008-04-11 00:00:00+00:00,18.074093595388412,17.645408937978797,17.75888442993164,12688100,17.645408937978797
2008-04-14 00:00:00+00:00,17.891276502012023,17.550851137253957,17.594980239868164,8104500,17.721064420846922
2008-04-15 00:00:00+00:00,17.714753243962004,17.336502049665636,17.607582092285156,9872000,17.714753243962004
2008-04-16 00:00:00+00:00,17.790399081099494,17.43106094170312,17.664316177368164,12137900,17.683227951592933
2008-04-17 00:00:00+00:00,17.784103955575304,17.56345845929493,17.727367401123047,9241200,17.651716657807082
2008-04-18 00:00:00+00:00,18.206489191333485,17.784108668420945,18.080406188964844,12670000,17.784108668420945
2008-04-21 00:00:00+00:00,18.389309204173657,17.721065875942923,18.269529342651367,16470500,17.966928726368916
2008-04-22 00:00:00+00:00,18.433425214376555,17.821920086446355,17.979524612426758,20109900,18.21908296284904
2008-04-23 00:00:00+00:00,18.08670445509512,17.66432407380393,17.73366928100586,15925000,18.080400126726275
2008-04-24 00:00:00+00:00,18.43974085846121,17.727368492826518,18.23170280456543,21726200,17.727368492826518
2008-04-25 00:00:00+00:00,18.792765077313334,18.156042589240354,18.773853302001953,19656600,18.288431028556133
2008-04-28 00:00:00+00:00,19.013418276789263,18.42082466190646,18.742338180541992,13374300,18.66668864817342
2008-04-29 00:00:00+00:00,18.893633268884415,18.357778753799415,18.509078979492188,10969000,18.67929098187949
2008-04-30 00:00:00+00:00,18.6919016901355,18.118221153720416,18.15604591369629,15221000,18.50908101489591
2008-05-01 00:00:00+00:00,19.202548484699403,18.288442307282114,18.830602645874023,26628800,18.338875743260807
2008-05-02 00:00:00+00:00,19.227757652745407,18.805377354571608,18.98819923400879,19294300,19.16471558389026
2008-05-05 00:00:00+00:00,18.937766903780048,18.42712719899901,18.5153865814209,15897800,18.843203193868916
2008-05-06 00:00:00+00:00,18.490171027000642,18.09931110255026,18.458650588989258,14309000,18.458650588989258
2008-05-07 00:00:00+00:00,18.584734278405463,17.95431587382649,18.004749298095703,14745400,18.439738333934944
2008-05-08 00:00:00+00:00,18.143436440815012,17.51932255981575,17.601276397705078,19465900,18.03626529746601
2008-05-09 00:00:00+00:00,17.92909984315499,17.418460067412507,17.63910675048828,13031400,17.53823990149839
2008-05-12 00:00:00+00:00,18.099304860217156,17.658012868118366,18.05517578125,12314100,17.658012868118366
2008-05-13 00:00:00+00:00,18.263218577188926,17.96692239512568,18.124526977539062,10391900,18.06778923167604
2008-05-14 00:00:00+00:00,18.61625765232265,18.124530818122196,18.357786178588867,12094200,18.206484689275044
2008-05-15 00:00:00+00:00,18.628862260010955,18.13083237544672,18.616254806518555,11044900,18.338870388416417
2008-05-16 00:00:00+00:00,18.81798660995623,18.12452623525238,18.345172882080078,13246300,18.81798660995623
2008-05-19 00:00:00+00:00,18.521688503083006,17.979529600936186,18.200176239013672,13893700,18.06148344811657
2008-05-20 00:00:00+00:00,17.771487899923688,17.02128996834303,17.254545211791992,39809400,17.676925418362774
2008-05-21 00:00:00+00:00,17.330199137871357,16.895210168791067,16.97716522216797,29274700,17.223027977443675
2008-05-22 00:00:00+00:00,17.141077145205628,16.838475390312666,16.96455955505371,15894100,16.92043045812266
2008-05-23 00:00:00+00:00,17.014992426525318,16.567395940879194,16.876300811767578,17324800,16.920429907261965
2008-05-27 00:00:00+00:00,17.355415696850436,16.838471696747423,17.197811126708984,21412600,16.95825150673461
2008-05-28 00:00:00+00:00,17.55715325671087,17.159988978316452,17.292377471923828,13242200,17.39324432304006
2008-05-29 00:00:00+00:00,17.56976301838198,17.204120359489426,17.468894958496094,13855400,17.241945130429265
2008-05-30 00:00:00+00:00,17.4941079938541,17.241940911905665,17.248245239257812,11714900,17.4941079938541
2008-06-02 00:00:00+00:00,17.399544330787627,16.895208998018074,17.122159957885742,15497700,17.279764523921088
2008-06-03 00:00:00+00:00,17.322403013540413,16.979132793854344,17.220693588256836,15232800,17.195265625699946
2008-06-04 00:00:00+00:00,17.481321422065232,17.080840773883693,17.277902603149414,17537800,17.207976929470178
2008-06-05 00:00:00+00:00,17.88180303857797,17.417753681238196,17.741952896118164,20265500,17.43046766122687
2008-06-06 00:00:00+00:00,17.602101800473424,17.227047898420462,17.277902603149414,19366500,17.44953768628656
2008-06-09 00:00:00+00:00,17.57667402362201,16.794782475652386,16.871065139770508,17695600,17.303329528200482
2008-06-10 00:00:00+00:00,17.13170088813855,16.585011730325235,16.979135513305664,17878700,16.775716630158065
2008-06-11 00:00:00+00:00,17.049059626671,16.43244604280127,16.4705867767334,19163100,16.979133937402036
2008-06-12 00:00:00+00:00,17.087201298143217,16.553227356379118,16.832927703857422,15099500,16.553227356379118
2008-06-13 00:00:00+00:00,17.53217665054653,16.94098993261658,17.50039291381836,16052200,16.96641789197659
2008-06-16 00:00:00+00:00,17.59574280319291,17.252472676084885,17.481319427490234,12418600,17.4622484607159
2008-06-17 00:00:00+00:00,17.62752884647137,17.036342136145475,17.080841064453125,12272500,17.51310545576677
2008-06-18 00:00:00+00:00,17.080844313655962,16.731217085276096,16.877424240112305,13989600,16.947349928282687
2008-06-19 00:00:00+00:00,17.347828276828654,16.88377773214617,17.277902603149414,16005900,16.88377773214617
2008-06-20 00:00:00+00:00,17.277902786245768,16.604077638328558,16.686716079711914,17186900,17.182550365427492
2008-06-23 00:00:00+00:00,16.782072354423214,15.828545502325621,15.930254936218262,22900000,16.782072354423214
2008-06-24 00:00:00+00:00,16.36887190763278,15.784042260880625,16.089170455932617,18579100,15.94932033631837
2008-06-25 00:00:00+00:00,16.769356429402166,16.057390474632225,16.19088363647461,19925800,16.15274290630135
2008-06-26 00:00:00+00:00,16.12732408710894,15.644203488291302,15.675987243652344,18896500,16.038327389647435
2008-06-27 00:00:00+00:00,15.701408790356442,15.199217416416804,15.269143104553223,22343700,15.675980826498817
2008-06-30 00:00:00+00:00,15.485279310037836,14.824166655845518,14.887735366821289,19582700,15.269146420203603
2008-07-01 00:00:00+00:00,14.868659621883479,14.31561480242437,14.754236221313477,21993700,14.690668743194076
2008-07-02 00:00:00+00:00,14.938582210705105,14.283826894341844,14.315611839294434,22753400,14.779661123357178
2008-07-03 00:00:00+00:00,14.595314438544156,14.207547747235667,14.328328132629395,11321500,14.410966577916554
2008-07-07 00:00:00+00:00,14.741529496888536,13.997778300733165,14.188483238220215,20770400,14.398259154444938
2008-07-08 00:00:00+00:00,14.66524037406654,14.175763046341263,14.646170616149902,17205000,14.182120036470774
2008-07-09 00:00:00+00:00,14.690664962116307,14.175759792077395,14.220258712768555,13390800,14.690664962116307
2008-07-10 00:00:00+00:00,14.309257721189457,13.800709412162359,13.902420043945312,18560300,14.24568903100208
2008-07-11 00:00:00+00:00,14.067700873645851,13.349377747392975,13.718074798583984,27126500,13.718074798583986
2008-07-14 00:00:00+00:00,13.985059161912986,13.54007952177242,13.686287879943848,12911800,13.921490468682622
2008-07-15 00:00:00+00:00,13.915133978326564,13.196810992675882,13.641789436340332,20546400,13.59729171322109
2008-07-16 00:00:00+00:00,14.449106849100673,13.482866221418355,14.417323112487793,19572400,13.686286258145026
2008-07-17 00:00:00+00:00,15.072077645334392,14.01684156108572,14.86230182647705,22340200,14.487249118496107
2008-07-18 00:00:00+00:00,15.141998745570822,14.430033059638225,14.900439262390137,15882800,15.141998745570822
2008-07-21 00:00:00+00:00,15.122935899853397,14.56988981249667,14.697027206420898,13685300,15.014869478759419
2008-07-22 00:00:00+00:00,15.319995176672126,14.531746620161261,15.224642753601074,17808300,14.620742053364665
2008-07-23 00:00:00+00:00,16.432442479665653,15.10386194647108,15.911181449890137,26441300,15.10386194647108
2008-07-24 00:00:00+00:00,15.974752126993605,15.211931398345616,15.269143104553223,16362800,15.892113669400427
2008-07-25 00:00:00+00:00,15.815830787646194,14.976727390649085,15.129291534423828,14512500,15.326354614379238
2008-07-28 00:00:00+00:00,15.313643872049235,14.665245214490819,14.722456932067871,11420200,14.900449077026739
2008-07-29 00:00:00+00:00,15.536126497943757,14.773304761312595,15.466200828552246,15479200,14.811445484402636
2008-07-30 00:00:00+00:00,15.892120954828053,14.811456244910703,15.091157913208008,19262100,15.70141598835916
2008-07-31 00:00:00+00:00,15.606057528024456,14.93223214475521,15.148365020751953,18557500,14.989443859723304
2008-08-01 00:00:00+00:00,15.389917645427492,14.506316780378144,15.192855834960938,11920700,15.275495480056763
2008-08-04 00:00:00+00:00,15.370854441099798,14.944945693446243,15.186505317687988,10556200,15.142007587891262
2008-08-05 00:00:00+00:00,15.8539695106376,15.319994509719962,15.822184562683105,14371000,15.319994509719962
2008-08-06 00:00:00+00:00,15.892107567417307,15.510696743304974,15.82853889465332,15075400,15.574265416068961
2008-08-07 00:00:00+00:00,15.828545334022756,15.459848336964212,15.56155776977539,13603900,15.701409149244823
2008-08-08 00:00:00+00:00,16.858356755418605,15.574273505973574,16.763004302978516,25506600,15.574273505973574
2008-08-11 00:00:00+00:00,18.27592905592206,16.559580450898864,17.487680435180664,53932100,16.693074824053618
2008-08-12 00:00:00+00:00,17.646600943390272,17.277904001155058,17.468608856201172,27222900,17.38597040900703
2008-08-13 00:00:00+00:00,17.474970123023784,16.604082869382786,16.858356475830078,21870300,17.366903688724662
2008-08-14 00:00:00+00:00,17.70381295658409,16.661289588077793,17.271547317504883,17365400,16.67400356863234
2008-08-15 00:00:00+00:00,17.633886063042883,17.22704841305747,17.50039291381836,23269100,17.290617098985653
2008-08-18 00:00:00+00:00,17.86273307557787,16.890135442126518,17.138051986694336,22175300,17.646600268144237
2008-08-19 00:00:00+00:00,17.214334106062203,16.483297262967746,16.50236701965332,30629300,17.150765421342726
2008-08-20 00:00:00+00:00,16.807490845162665,16.3180137126655,16.508718490600586,19012500,16.53414644097668
2008-08-21 00:00:00+00:00,16.9600643159418,16.216313329561466,16.890138626098633,18816700,16.2735250371655
2008-08-22 00:00:00+00:00,17.25882708427399,16.896487257044456,17.233400344848633,13319700,16.96641291228927
2008-08-25 00:00:00+00:00,17.188905115379324,16.851991979085597,16.88377571105957,13088300,17.15076318204457
2008-08-26 00:00:00+00:00,17.21433587441431,16.623149106995267,17.17619514465332,16797600,16.864709891249383
2008-08-27 00:00:00+00:00,17.46860916621267,16.909207359003762,17.271547317504883,13091000,17.17619488828963
2008-08-28 00:00:00+00:00,17.570327360863704,17.15713248625417,17.430477142333984,13626200,17.424120148881837
2008-08-29 00:00:00+00:00,17.468608843279373,17.176194570762046,17.239763259887695,12520800,17.303330736541447
2008-09-02 00:00:00+00:00,18.38396063420408,17.72372730522894,17.992948532104492,27655200,17.72372730522894
2008-09-03 00:00:00+00:00,18.845470023566453,17.890376609074362,18.800600051879883,39057000,17.909607120917908
2008-09-04 00:00:00+00:00,18.698049837981376,18.24293726014907,18.313447952270508,31607400,18.55702967635419
2008-09-05 00:00:00+00:00,18.454458667682207,17.967296723767003,18.326257705688477,25053100,18.15318677378143
2008-09-08 00:00:00+00:00,19.704415347686002,19.04418237796641,19.33263397216797,41467300,19.101872696806723
2008-09-09 00:00:00+00:00,19.621090917014136,18.672406094387938,18.685226440429688,35965400,19.345459590193954
2008-09-10 00:00:00+00:00,18.928802788421866,18.4416407797137,18.65317153930664,19819300,18.80701198059104
2008-09-11 00:00:00+00:00,18.922398669892573,18.17883568786783,18.909578323364258,27556200,18.30062531204021
2008-09-12 00:00:00+00:00,18.79419232235601,18.268570489845555,18.46087074279785,25732100,18.698042195879864
2008-09-15 00:00:00+00:00,18.640351320852794,17.640387834546058,18.268569946289062,27620000,17.640387834546058
2008-09-16 00:00:00+00:00,18.204474030233175,17.608341402377963,17.678852081298828,42932600,17.877562549712078
2008-09-17 00:00:00+00:00,17.300662151414837,16.38402812525451,16.422489166259766,42981300,17.204511994132865
2008-09-18 00:00:00+00:00,17.62757543369002,15.672517556454318,17.2750244140625,42121100,16.66607131912511
2008-09-19 00:00:00+00:00,19.03136051740965,16.762211563435088,17.544235229492188,32616200,18.659579195430286
2008-09-22 00:00:00+00:00,17.76859381343852,16.210958331193197,16.422489166259766,24649000,17.569883325373702
2008-09-23 00:00:00+00:00,16.82632310983904,16.121219801665486,16.191730499267578,22392700,16.45454154336437
2008-09-24 00:00:00+00:00,16.390438563168686,15.755846047731627,16.037887573242188,20665700,16.35838891776286
2008-09-25 00:00:00+00:00,16.627611623190973,16.037889046206548,16.537870407104492,22970800,16.185319384798728
2008-09-26 00:00:00+00:00,16.98016039063081,15.98019657900855,16.96092987060547,17008500,15.98019657900855
2008-09-29 00:00:00+00:00,17.06349076158688,15.666104815122171,16.01865577697754,28057100,16.6596584149804
2008-09-30 00:00:00+00:00,16.63402302920747,15.839178487031962,16.595561981201172,23152800,16.44813163169112
2008-10-01 00:00:00+00:00,16.723760470213183,16.21736775249532,16.614789962768555,20739900,16.358389128374025
2008-10-02 00:00:00+00:00,16.70452303918352,15.819940220783757,15.935320854187012,18545900,16.480171943412206
2008-10-03 00:00:00+00:00,16.22377174608318,15.204577747816423,15.26226806640625,27243600,16.089161817783683
2008-10-06 00:00:00+00:00,14.999457389769523,13.954623913023752,14.627676010131836,36436400,14.832796602674675
2008-10-07 00:00:00+00:00,15.204577174050282,13.896932854795335,14.031542778015137,34193300,14.819976694785073
2008-10-08 00:00:00+00:00,14.396917172001874,13.30721353379651,13.570024490356445,35105500,13.56361431792628
2008-10-09 00:00:00+00:00,13.768737348044315,12.634162304830467,12.77518367767334,29596900,13.659766842945546
2008-10-10 00:00:00+00:00,13.659764178336987,10.929093132606196,12.65980052947998,49333700,11.986748332148705
2008-10-13 00:00:00+00:00,13.980264895987027,12.980301287297848,13.91616439819336,24678100,13.146962092515261
2008-10-14 00:00:00+00:00,14.61485736776386,13.070041350006766,13.5059232711792,26867500,14.518707231650014
2008-10-15 00:00:00+00:00,13.576432203256285,12.499547882386132,12.711078643798828,26416300,13.377721784381365
2008-10-16 00:00:00+00:00,12.826460839745547,11.550865945023448,12.627750396728516,38445400,12.499549401005416
2008-10-17 00:00:00+00:00,13.268750774534904,12.153405471737445,12.954658508300781,26629800,12.29442678864626
2008-10-20 00:00:00+00:00,13.461052226746846,12.890560404564445,13.320032119750977,18408800,13.121320468501757
2008-10-21 00:00:00+00:00,13.755918277398314,13.01876536749965,13.153376579284668,15135300,13.14055623099739
2008-10-22 00:00:00+00:00,12.967488036919084,12.15982425717318,12.480325698852539,23827700,12.845698369364428
2008-10-23 00:00:00+00:00,12.6918510491765,11.544457025672964,12.217509269714355,29497600,12.473910066367482
2008-10-24 00:00:00+00:00,12.179053819071445,11.268829747899366,11.864962577819824,22524500,11.473950458707291
2008-10-27 00:00:00+00:00,12.499551480560477,11.544457693631513,12.121359825134277,21744700,11.544457693631513
2008-10-28 00:00:00+00:00,13.87130510535787,11.967526556364442,13.826435089111328,28156400,12.288028069686879
2008-10-29 00:00:00+00:00,14.85844404314163,13.29439698001732,13.87770938873291,32328400,13.621308531486891
2008-10-30 00:00:00+00:00,14.698185937213134,14.031542822173908,14.56357479095459,21072800,14.243073575481526
2008-10-31 00:00:00+00:00,15.403293557984671,14.29435808473246,15.121252059936523,21720300,14.550760113475587
2008-11-03 00:00:00+00:00,15.121255424672775,14.172571619594494,14.243081092834473,17940200,15.050744728817039
2008-11-04 00:00:00+00:00,15.057146291673368,14.204613145045618,14.993045806884766,24131800,14.544344858594668
2008-11-05 00:00:00+00:00,14.954592150478499,14.140518471143498,14.198208808898926,22260700,14.743061319580447
2008-11-06 00:00:00+00:00,14.6212604438017,13.255926239338102,13.416176795959473,25524300,14.03794851550909
2008-11-07 00:00:00+00:00,13.967441492329556,13.26874884807855,13.49950885772705,19600100,13.493098687651408
2008-11-10 00:00:00+00:00,13.916165610162682,13.114912374498353,13.294393539428711,14073700,13.800786171223965
2008-11-11 00:00:00+00:00,13.762324013806715,12.781590915770929,13.14696216583252,17405400,13.070041323528091
2008-11-12 00:00:00+00:00,13.037992644121681,12.576471224216768,12.691850662231445,18189400,12.730311697518406
2008-11-13 00:00:00+00:00,14.339228114934981,12.275199044669934,14.249486923217773,28059400,12.749540802603756
2008-11-14 00:00:00+00:00,14.512304748129342,13.025178268689142,13.166199684143066,24957300,13.935402403190087
2008-11-17 00:00:00+00:00,13.454643580588709,12.653390381011377,12.820051193237305,22643100,12.76877103736897
2008-11-18 00:00:00+00:00,13.730276145689995,12.781592563149344,13.275163650512695,32638500,13.243114008614008
2008-11-19 00:00:00+00:00,13.627710894015113,12.563647029429198,12.666207313537598,21970500,13.127728592025397
2008-11-20 00:00:00+00:00,13.005940165615474,11.736754398283802,11.871365547180176,32825000,12.461087844111365
2008-11-21 00:00:00+00:00,12.396989327865322,11.191903857652369,12.36493968963623,38361300,12.063667710775327
2008-11-24 00:00:00+00:00,14.04436724346699,12.089309750272532,13.730276107788086,31820400,12.576471886003729
2008-11-25 00:00:00+00:00,14.390504320973715,13.589251323650346,14.262303352355957,31618500,13.864881327732947
2008-11-26 00:00:00+00:00,15.243041181595588,13.813604556300165,15.095609664916992,25401900,13.813604556300165
2008-11-28 00:00:00+00:00,15.249455899766351,14.569992109365954,14.813573837280273,10272300,15.005874171852032
2008-12-01 00:00:00+00:00,14.743057151757332,13.544381967120282,13.595662117004395,26816900,14.454605544524691
2008-12-02 00:00:00+00:00,14.220861338325793,13.378622824807305,14.156073570251465,23835800,13.942274800612905
2008-12-03 00:00:00+00:00,14.823393720575464,13.644260283631638,14.745649337768555,32948500,13.812708094012853
2008-12-04 00:00:00+00:00,15.756328052557857,14.434663003088424,15.043664932250977,30083600,14.557758427822305
2008-12-05 00:00:00+00:00,15.898861307995285,14.706770593191152,15.808157920837402,32975900,14.790993842990472
2008-12-08 00:00:00+00:00,16.319983713529492,15.58140482484545,15.710980415344238,28815400,16.17745031683594
2008-12-09 00:00:00+00:00,16.028431621497482,14.803947940741056,15.030704498291016,26321100,15.477737477654388
2008-12-10 00:00:00+00:00,15.827604444640748,14.907620849135897,15.736902236938477,18719700,15.153813085352732
2008-12-11 00:00:00+00:00,15.633235787647502,14.771561393615348,14.894658088684082,18390900,15.464789239521224
2008-12-12 00:00:00+00:00,15.367596208835593,14.356911446079106,15.20562744140625,20831300,14.454092459391987
2008-12-15 00:00:00+00:00,15.464786637949365,14.927050095077897,15.166763305664062,14736800,15.302817784846823
2008-12-16 00:00:00+00:00,15.93125715534213,14.823389511277558,15.756330490112305,26188100,15.374083881969051
2008-12-17 00:00:00+00:00,16.26814642945163,15.484216806342996,16.002517700195312,20068300,15.555483472732107
2008-12-18 00:00:00+00:00,16.24223434304843,15.58140120915595,15.84055233001709,22105800,16.0673077071844
2008-12-19 00:00:00+00:00,16.1968859107019,15.43887160065208,15.691542625427246,23095200,16.080268134428955
2008-12-22 00:00:00+00:00,15.63323247175538,15.004793794154029,15.374082565307617,13244400,15.607318098972717
2008-12-23 00:00:00+00:00,15.542528611129836,15.21859095461844,15.302815437316895,13559600,15.283378733065538
2008-12-24 00:00:00+00:00,15.620275903226164,15.302817113362126,15.374082565307617,3976000,15.348168192524955
2008-12-26 00:00:00+00:00,15.549006272149349,15.166759769101091,15.263940811157227,4461200,15.2963353156586
2008-12-29 00:00:00+00:00,15.354642748853962,14.901129614134238,15.13436508178711,8461500,15.250982815613547
2008-12-30 00:00:00+00:00,15.34817225266478,14.700296697297034,14.972404479980469,14896900,15.225075551142034
2008-12-31 00:00:00+00:00,15.419431129086098,14.881694697531788,14.91408920288086,15143500,14.991833544270577
2009-01-02 00:00:00+00:00,15.67210839671381,14.875220607527096,15.633234977722168,14902500,14.946487306620682
2009-01-05 00:00:00+00:00,16.119135806318454,15.425909480941863,16.008996963500977,22570900,15.561963927115913
2009-01-06 00:00:00+00:00,16.514338835736638,15.95068809909939,16.365327835083008,22856600,16.158007967091198
2009-01-07 00:00:00+00:00,16.300539454911004,15.82759086936027,15.918292999267578,19857300,16.112656294999603
2009-01-08 00:00:00+00:00,15.847037383501629,15.354652990062277,15.80168628692627,17319800,15.626760805239131
2009-01-09 00:00:00+00:00,15.859987360818447,15.250985456505942,15.458305358886719,16927400,15.859987360818447
2009-01-12 00:00:00+00:00,15.523093164624086,14.654941311698439,14.881696701049805,23560200,15.45182771470974
2009-01-13 00:00:00+00:00,14.96591805423109,14.415223861803907,14.583671569824219,20440300,14.875214681774656
2009-01-14 00:00:00+00:00,14.421709650643923,14.045941887343028,14.194952964782715,20531200,14.350442945901237
2009-01-15 00:00:00+00:00,15.101972812057433,14.032978820214717,14.778035163879395,25999400,14.201426545554185
2009-01-16 00:00:00+00:00,15.147320991348531,14.622542447556322,15.030704498291016,20942600,15.12140662702147
2009-01-20 00:00:00+00:00,15.03070828717501,14.149597434918972,14.24677848815918,20339500,14.83634494497046
2009-01-21 00:00:00+00:00,14.538320851960306,13.994105546997025,14.434660911560059,19667200,14.44113981230057
2009-01-22 00:00:00+00:00,14.480016179192898,13.922842911208036,14.2338228225708,22725600,14.194950642581535
2009-01-23 00:00:00+00:00,14.24030235979559,13.7997468478699,14.071854591369629,20867100,13.851576835406782
2009-01-26 00:00:00+00:00,14.991836551682564,14.285652257822262,14.726207733154297,34329500,14.31804676966978
2009-01-27 00:00:00+00:00,14.82986429232924,14.130159061601722,14.331001281738281,21691000,14.732683250563417
2009-01-28 00:00:00+00:00,15.050136870403271,14.447612885976843,14.90112590789795,20543500,14.635497240571567
2009-01-29 00:00:00+00:00,14.952968085017593,14.194953619760946,14.253262519836426,18030700,14.577200304378163
2009-01-30 00:00:00+00:00,14.480010817736114,13.832135624421065,13.948753356933594,27041800,14.395786350599794
2009-02-02 00:00:00+00:00,14.311574662042426,13.676656757080824,13.974678993225098,17971800,13.741443340086198
2009-02-03 00:00:00+00:00,14.279171126212292,13.495241429869564,14.201425552368164,17471100,14.2338188206309
2009-02-04 00:00:00+00:00,14.29860677329685,13.929318073256583,14.078329086303711,18486300,14.01354131323679
2009-02-05 00:00:00+00:00,14.544799899537406,13.838615776103982,14.512405395507812,24668100,13.91636011432705
2009-02-06 00:00:00+00:00,15.451827708781638,14.492972464759115,15.244507789611816,31085500,14.505929032914084
2009-02-09 00:00:00+00:00,15.30929126203424,14.616064958177684,14.959439277648926,16315200,15.205631323273854
2009-02-10 00:00:00+00:00,15.050143986069004,14.253257607324219,14.389310836791992,21897800,14.836345171388107
2009-02-11 00:00:00+00:00,14.57719242150235,14.188467043117505,14.34395694732666,17896200,14.486490286311321
2009-02-12 00:00:00+00:00,14.292130158125621,13.70256367680419,14.240300178527832,23454000,14.05889586779766
2009-02-13 00:00:00+00:00,14.356918477756581,13.734958699354127,13.747915267944336,18598200,14.110726374403335
2009-02-17 00:00:00+00:00,13.44341209308741,12.86680348789993,12.918633460998535,35715200,13.411018823297294
2009-02-18 00:00:00+00:00,13.125954706956271,12.58821821720974,12.82793140411377,23374800,13.11947580518533
2009-02-19 00:00:00+00:00,13.242570369634533,12.912153846002637,13.061164855957031,20353800,12.925111647491878
2009-02-20 00:00:00+00:00,13.119477718226765,12.41977228935031,12.60765552520752,29576700,12.750188913503683
2009-02-23 00:00:00+00:00,12.85385088811907,11.81724977087246,12.121750831604004,26930200,12.58822201401347
2009-02-24 00:00:00+00:00,13.462849167384624,12.594696167266731,13.391582489013672,37719500,12.730749387003204
2009-02-25 00:00:00+00:00,13.462850290502567,12.963985971737033,13.158348083496094,27022900,13.184263690783524
2009-02-26 00:00:00+00:00,13.534119302157286,13.171309354687196,13.372150421142578,22728900,13.313841525119322
2009-02-27 00:00:00+00:00,13.786785106015413,13.067643217450216,13.534112930297852,23320600,13.067643217450216
2009-03-02 00:00:00+00:00,13.57299189676264,12.853849713419374,12.905679702758789,25493600,13.184266358854808
2009-03-03 00:00:00+00:00,12.925117974448957,12.154145708576937,12.23836898803711,29268800,12.685403472451506
2009-03-04 00:00:00+00:00,12.549346133514268,12.115269597499703,12.316110610961914,22093200,12.303152807325857
2009-03-05 00:00:00+00:00,12.42624790272351,11.661754884783004,11.758935928344727,23774300,11.99217142147207
2009-03-06 00:00:00+00:00,12.05048493622164,11.363737230051306,11.661759376525879,25862900,11.856121538511514
2009-03-09 00:00:00+00:00,12.277236227624865,11.331337739630495,11.810765266418457,28387300,11.493306548777399
2009-03-10 00:00:00+00:00,12.843917477063103,11.97803559677034,12.738962173461914,25527600,12.030513248570935
2009-03-11 00:00:00+00:00,13.066949307983363,12.594650387634346,12.909516334533691,21666600,12.738963633838365
2009-03-12 00:00:00+00:00,13.414616476505016,12.647129840054205,13.335899353027344,17504200,12.889838572708415
2009-03-13 00:00:00+00:00,13.775402136525276,12.988235799685842,13.585169792175293,22210800,13.40805842987786
2009-03-16 00:00:00+00:00,13.814757397448867,13.158785994420596,13.211263656616211,17034600,13.598286884496183
2009-03-17 00:00:00+00:00,14.096828000497245,13.34246099278577,14.0902681350708,25333900,13.447416337276076
2009-03-18 00:00:00+00:00,14.982390910085494,13.808201187376454,14.811838150024414,31811800,13.97219408153136
2009-03-19 00:00:00+00:00,14.982388607111098,14.562567262979437,14.720000267028809,22955200,14.772477935045268
2009-03-20 00:00:00+00:00,14.91022600069809,14.273934347644476,14.536322593688965,22361800,14.818390427373982
2009-03-23 00:00:00+00:00,15.2710185562037,14.542889715219605,15.251338958740234,22873800,14.713442473070225
2009-03-24 00:00:00+00:00,15.39564960846278,15.008626349667274,15.054545402526855,20462800,15.107023068914401
2009-03-25 00:00:00+00:00,15.710511164781577,14.936464927689327,15.271010398864746,33358900,15.264450536547683
2009-03-26 00:00:00+00:00,15.979465241315813,15.435008976995372,15.835150718688965,28080900,15.618680185914965
2009-03-27 00:00:00+00:00,15.808916871328373,15.303818405146178,15.500609397888184,18856900,15.625244360580316
2009-03-30 00:00:00+00:00,15.389089413001312,14.864312760405191,15.3366117477417,21579600,15.244776146328936
2009-03-31 00:00:00+00:00,15.592441774589185,14.851193330310945,15.454687118530273,27463300,15.428448910955305
2009-04-01 00:00:00+00:00,15.671160503013635,15.034868526632174,15.631802558898926,21365000,15.185741688377291
2009-04-02 00:00:00+00:00,16.556723103511814,15.900751500752234,16.248416900634766,30264800,15.94666931275876
2009-04-03 00:00:00+00:00,16.484569677300314,15.966352640681725,16.399293899536133,20294400,16.195943005508596
2009-04-06 00:00:00+00:00,16.41897078765687,16.045065897594803,16.30089569091797,17140400,16.254977875778756
2009-04-07 00:00:00+00:00,16.16313812643204,15.828592495420697,15.986026763916016,16837400,16.051622916094928
2009-04-08 00:00:00+00:00,16.602634294853143,16.195932763976636,16.47800064086914,18547600,16.195932763976636
2009-04-09 00:00:00+00:00,17.029020111405522,16.68791587083504,16.989662170410156,20316000,16.766631752825774
2009-04-13 00:00:00+00:00,17.120859092028873,16.77975355811926,17.029022216796875,11593400,16.81255163780934
2009-04-14 00:00:00+00:00,16.845346749774876,16.432084042648242,16.622316360473633,14961600,16.786309220185355
2009-04-15 00:00:00+00:00,16.89127048440042,16.464889149590636,16.83879280090332,17464000,16.543605049252957
2009-04-16 00:00:00+00:00,17.16021654005138,16.582962096553658,17.035581588745117,16673900,16.910947888605353
2009-04-17 00:00:00+00:00,17.363567939391235,16.563283031459484,17.120859146118164,21671300,17.16021709210391
2009-04-20 00:00:00+00:00,16.969980878657474,16.3402476762529,16.4976806640625,17480600,16.871584166506075
2009-04-21 00:00:00+00:00,17.08805403790617,16.25497133183529,16.969980239868164,20556600,16.530479362922875
2009-04-22 00:00:00+00:00,17.658755352377455,16.71415590712674,17.166776657104492,23918400,16.81255139594803
2009-04-23 00:00:00+00:00,17.19957539996986,16.6026413267659,16.897829055786133,17975100,17.02902262888779
2009-04-24 00:00:00+00:00,17.59315344171482,16.76662929497548,17.258607864379883,21857600,17.009339273061446
2009-04-27 00:00:00+00:00,17.252053470131447,16.792874077127276,16.976545333862305,14868400,16.989665066819548
2009-04-28 00:00:00+00:00,17.370127374288167,16.62888002932326,17.101179122924805,14949200,16.773193328465435
2009-04-29 00:00:00+00:00,17.61284125035023,17.06838476296312,17.278295516967773,21349300,17.232377695925102
2009-04-30 00:00:00+00:00,17.75714971509868,17.23237297388708,17.26517105102539,18251600,17.41604420772792
2009-05-01 00:00:00+00:00,17.435721138664512,16.733831885430458,16.90438461303711,15045800,17.435721138664512
2009-05-04 00:00:00+00:00,17.56035327840727,16.94373986123581,17.193008422851562,18075500,17.14709062869861
2009-05-05 00:00:00+00:00,17.31764113662409,17.009335092656578,17.179887771606445,11348800,17.17332790882
2009-05-06 00:00:00+00:00,17.38980526584805,16.766631817063022,17.081499099731445,13892300,17.258610460472344
2009-05-07 00:00:00+00:00,17.278287789629083,16.60263675757591,16.799428939819336,20582800,17.17989232409048
2009-05-08 00:00:00+00:00,16.910944490755714,16.23529344446519,16.727272033691406,18467600,16.910944490755714
2009-05-11 00:00:00+00:00,16.56328135878505,16.097542166682064,16.353370666503906,17525200,16.27465353131527
2009-05-12 00:00:00+00:00,16.550168534912004,15.920436195250796,16.163145065307617,19437700,16.471452618037823
2009-05-13 00:00:00+00:00,16.491123957452114,15.887630096379231,16.28777313232422,32337000,16.366490266884338
2009-05-14 00:00:00+00:00,16.50424591599356,16.058185012669426,16.090984344482422,15822700,16.412410289250325
2009-05-15 00:00:00+00:00,16.34681037133563,15.887629805664327,16.005704879760742,20385500,16.038504206546627
2009-05-18 00:00:00+00:00,17.153656108443244,16.635439224695904,17.06838035583496,26101700,16.83223019297131
2009-05-19 00:00:00+00:00,16.661676437048193,15.743316554911624,16.156578063964844,39888600,16.655116571677013
2009-05-20 00:00:00+00:00,16.399289350551392,15.454689933633015,15.631802558898926,31471700,16.30089386468138
2009-05-21 00:00:00+00:00,15.6317958608111,14.851189671881164,15.015182495117188,25534300,15.408765521116832
2009-05-22 00:00:00+00:00,15.244777771407433,14.82495640457799,14.995509147644043,15133800,15.218539561563777
2009-05-26 00:00:00+00:00,15.723634868837474,14.811834973267082,15.612119674682617,20313100,14.870872502594137
2009-05-27 00:00:00+00:00,15.88107321015336,15.225101553370488,15.303818702697754,18507500,15.67772234687733
2009-05-28 00:00:00+00:00,15.500604922585755,14.647842532022693,14.890552520751953,27154200,15.500604922585755
2009-05-29 00:00:00+00:00,15.211984212806518,14.857758890998571,15.192304611206055,18681600,15.080789371136893
2009-06-01 00:00:00+00:00,16.02538108255322,15.343170243857529,15.848268508911133,18094400,15.474365020888584
2009-06-02 00:00:00+00:00,16.268095302307618,15.631803295925515,16.071304321289062,18364400,15.71707905405581
2009-06-03 00:00:00+00:00,16.274653336769155,15.802354284782412,15.986026763916016,14453400,15.999145243651954
2009-06-04 00:00:00+00:00,16.169693768967274,15.579319795375724,16.117216110229492,15777400,15.999141065277968
2009-06-05 00:00:00+00:00,16.32713172183183,15.723637836814152,15.854832649230957,14749000,16.2549757010524
2009-06-08 00:00:00+00:00,16.25497509145821,15.74331684362063,16.110660552978516,13184500,15.900749861916868
2009-06-09 00:00:00+00:00,16.27948268238287,15.941843811192403,16.120594024658203,13033200,16.113973506077826
2009-06-10 00:00:00+00:00,16.63036736088593,16.014672846391587,16.147079467773438,24352000,16.590644238009727
2009-06-11 00:00:00+00:00,16.312584088794463,15.994806771859851,16.041149139404297,17911500,16.147074911715837
2009-06-12 00:00:00+00:00,16.04777024318242,15.776335283894635,15.988186836242676,18283600,16.01466891165361
2009-06-15 00:00:00+00:00,15.888882748763642,15.571105396844757,15.78957748413086,13946900,15.84916089545752
2009-06-16 00:00:00+00:00,15.875631909002813,15.339382800859966,15.359244346618652,17023400,15.796188251436405
2009-06-17 00:00:00+00:00,15.915359693733757,15.233461574413473,15.657164573669434,19015600,15.385729681929266
2009-06-18 00:00:00+00:00,15.729986251163599,15.39896802516117,15.458551406860352,11365200,15.710124703019098
2009-06-19 00:00:00+00:00,15.696885311167247,15.465173538940304,15.571099281311035,15209600,15.537996697611149
2009-06-22 00:00:00+00:00,15.650543084458238,15.332765854752413,15.392349243164062,12930800,15.471794181957751
2009-06-23 00:00:00+00:00,15.392350172882653,15.04147033801315,15.147396087646484,15209400,15.38572965568875
2009-06-24 00:00:00+00:00,15.332766134739622,14.915683670976312,15.014988899230957,14555600,15.326145617824714
2009-06-25 00:00:00+00:00,15.723371941970639,14.995131304742928,15.604205131530762,18940500,15.008372342066208
2009-06-26 00:00:00+00:00,15.928601542957592,15.504898488438561,15.630685806274414,18879400,15.537999816047346
2009-06-29 00:00:00+00:00,15.994804444495706,15.59758222475885,15.802814483642578,12322400,15.663786138504099
2009-06-30 00:00:00+00:00,15.895500303881983,15.458556210791908,15.643925666809082,12676800,15.835916903666543
2009-07-01 00:00:00+00:00,15.849155429462215,15.54461795851644,15.69688606262207,13277900,15.756469453399841
2009-07-02 00:00:00+00:00,15.69688884977786,15.061334252277927,15.101056098937988,13532900,15.471797543547687
2009-07-06 00:00:00+00:00,15.319525746484283,14.909063782338755,15.147396087646484,12638500,15.067952406788754
2009-07-07 00:00:00+00:00,15.167258221088314,14.776656530805333,14.829619407653809,15007900,15.167258221088314
2009-07-08 00:00:00+00:00,15.061328603007686,14.756792454949428,15.001745223999023,14710700,14.816374571223825
2009-07-09 00:00:00+00:00,15.206978838825343,14.783275858147125,15.014988899230957,14322200,15.127535161315421
2009-07-10 00:00:00+00:00,15.107670899073506,14.78327320487224,14.90906047821045,9814600,14.948782309836208
2009-07-13 00:00:00+00:00,15.319531469362024,14.74356014840848,15.299671173095703,17804800,14.902448832214114
2009-07-14 00:00:00+00:00,15.683648220202732,15.193741262346705,15.677027702331543,15595800,15.286425987074026
2009-07-15 00:00:00+00:00,15.981562011493292,15.650543734451693,15.941840171813965,13914400,15.80943235590352
2009-07-16 00:00:00+00:00,16.233137190421182,15.769711080875668,16.1536922454834,13633700,15.9352202253227
2009-07-17 00:00:00+00:00,16.38540802918777,16.10073205128957,16.33244514465332,15283300,16.286102778527525
2009-07-20 00:00:00+00:00,16.458231638109712,16.21327752029434,16.418508529663086,10165600,16.32582380209037
2009-07-21 00:00:00+00:00,16.484713088382506,15.974944541450032,16.193416595458984,13716300,16.464852796121992
2009-07-22 00:00:00+00:00,16.484711512967934,16.067628999805134,16.39864730834961,11348400,16.133832914060957
2009-07-23 00:00:00+00:00,16.88855813186937,16.226521362745846,16.736289978027344,20780700,16.392030555026725
2009-07-24 00:00:00+00:00,16.83559414302668,16.51781681762552,16.76276969909668,11246800,16.703186292742107
2009-07-27 00:00:00+00:00,16.76276319742787,16.405264160696206,16.656837463378906,13443900,16.71642084662324
2009-07-28 00:00:00+00:00,16.81572925160553,16.524432796393107,16.80910873413086,11689700,16.603877743354527
2009-07-29 00:00:00+00:00,16.981238400268445,16.6303598132532,16.80910873413086,11970200,16.795868961916117
2009-07-30 00:00:00+00:00,17.31887653632196,16.901794053640575,17.113645553588867,13545300,17.014340320829923
2009-07-31 00:00:00+00:00,17.338742213786517,17.080547031893296,17.173233032226562,11709000,17.107029107055613
2009-08-03 00:00:00+00:00,17.46452271013718,16.99447739059863,17.424800872802734,12022400,17.332116164777542
2009-08-04 00:00:00+00:00,17.504244870863513,17.2659113341778,17.404939651489258,10411100,17.31887420202636
2009-08-05 00:00:00+00:00,17.51748930424485,17.18647097638473,17.431425094604492,9996600,17.41156354034839
2009-08-06 00:00:00+00:00,17.70285637532667,17.32549576134671,17.570449829101562,13755000,17.47776385773609
2009-08-07 00:00:00+00:00,18.192766748314956,17.616795572815633,18.047119140625,16415900,17.696239263288447
2009-08-10 00:00:00+00:00,18.033879266737543,17.722722477321145,17.941194534301758,10407600,17.99415741894146
2009-08-11 00:00:00+00:00,17.947816786334798,17.696242112945097,17.802167892456055,9524200,17.894853896579317
2009-08-12 00:00:00+00:00,18.225866803163317,17.7094778359784,18.007394790649414,13269600,17.742579158615396
2009-08-13 00:00:00+00:00,18.41123662264732,17.874987355546594,18.325172424316406,19973100,18.153042764920034
2009-08-14 00:00:00+00:00,18.371513115025074,17.80878183012607,17.967670440673828,15928500,18.318550244842488
2009-08-17 00:00:00+00:00,17.504246235708898,16.83558918777514,17.28577423095703,30714600,17.159986936483392
2009-08-18 00:00:00+00:00,18.07359660565199,17.590310246039966,17.828643798828125,35350300,17.841884832368457
2009-08-19 00:00:00+00:00,17.828645163813547,17.52410768274238,17.7094783782959,19453600,17.7094783782959
2009-08-20 00:00:00+00:00,17.749203558586412,17.54397253532384,17.66313934326172,14196700,17.73596378427593
2009-08-21 00:00:00+00:00,18.225866647488807,17.6498942942893,18.206005096435547,18664100,17.835264982582885
2009-08-24 00:00:00+00:00,18.358270726732055,17.83526258012518,17.894845962524414,16237900,18.358270726732055
2009-08-25 00:00:00+00:00,18.358274580373415,17.874988166339794,18.08683967590332,21848800,18.020635763481067
2009-08-26 00:00:00+00:00,18.497307830344834,18.020640544625365,18.25235366821289,15608400,18.060363660258613
2009-08-27 00:00:00+00:00,18.33179311109617,18.00739534094899,18.239107131958008,13446800,18.272209718341124
2009-08-28 00:00:00+00:00,18.37813518891569,18.03387587219076,18.3317928314209,12841400,18.32517231424528
2009-08-31 00:00:00+00:00,18.272211365071414,17.941193047815535,18.066980361938477,13091300,18.206007449073304
2009-09-01 00:00:00+00:00,18.344004782779734,17.776595345997176,17.850025177001953,15738800,18.030261340432634
2009-09-02 00:00:00+00:00,17.903432542043056,17.589689026114808,17.70984649658203,10684100,17.769925231815645
2009-09-03 00:00:00+00:00,17.963508441184448,17.64308941934799,17.956832885742188,9733200,17.763246870844668
2009-09-04 00:00:00+00:00,18.130387356636533,17.863371595693817,18.043607711791992,8150000,17.97685345324842
2009-09-08 00:00:00+00:00,18.404090049273048,18.050294424748046,18.344011306762695,12253300,18.17712619384113
2009-09-09 00:00:00+00:00,18.357355674902237,18.170443958757932,18.277250289916992,10679500,18.317303619025566
2009-09-10 00:00:00+00:00,18.41743815719718,18.170447670172734,18.37738609313965,9446400,18.290605135577483
2009-09-11 00:00:00+00:00,18.370706757088186,18.016909989883803,18.25054931640625,14667900,18.357355647405328
2009-09-14 00:00:00+00:00,18.464171200927062,18.083673297536972,18.36404037475586,8349400,18.130400931534695
2009-09-15 00:00:00+00:00,18.49086665433455,18.19047301272155,18.297279357910156,10045700,18.417436814555355
2009-09-16 00:00:00+00:00,18.831324402760742,18.397423159390918,18.73119354248047,17815700,18.450826369755926
2009-09-17 00:00:00+00:00,18.978173489072567,18.524245820211487,18.637727737426758,13318200,18.96482237569848
2009-09-18 00:00:00+00:00,18.984851597497872,18.69113342995071,18.844667434692383,15767900,18.697808987535012
2009-09-21 00:00:00+00:00,18.95814852993727,18.58432623435195,18.784587860107422,8915700,18.664430375361192
2009-09-22 00:00:00+00:00,18.898065653500655,18.344007251999535,18.437463760375977,14328500,18.851338035928478
2009-09-23 00:00:00+00:00,18.65775526568685,18.23052853069059,18.257230758666992,14091100,18.50422000128716
2009-09-24 00:00:00+00:00,18.384057339817133,17.950155200184703,18.0502872467041,12037700,18.370706230516966
2009-09-25 00:00:00+00:00,18.177124798662454,17.72319712263967,17.923460006713867,11859300,17.9434854038587
2009-09-28 00:00:00+00:00,18.31063310131066,17.95683623624911,18.19715118408203,6862900,17.990214019688263
2009-09-29 00:00:00+00:00,18.31730080770693,17.80997017594997,17.91010093688965,13765400,18.237195435016165
2009-09-30 00:00:00+00:00,17.98354041426394,17.569664767337514,17.78327751159668,16564800,17.98354041426394
2009-10-01 00:00:00+00:00,17.789946499744794,17.429475445226096,17.569658279418945,16260800,17.789946499744794
2009-10-02 00:00:00+00:00,17.536275650944503,17.269259912513235,17.376066207885742,13849200,17.456170292799385
2009-10-05 00:00:00+00:00,17.576341884826093,17.356053563601982,17.45618438720703,10168400,17.4628599452117
2009-10-06 00:00:00+00:00,17.676468593687538,17.476206993094507,17.549636840820312,14352000,17.562986680489566
2009-10-07 00:00:00+00:00,17.63641661412922,17.402777230144398,17.449504852294922,13455700,17.53628581334493
2009-10-08 00:00:00+00:00,18.063639060540055,17.60971148048921,17.950157165527344,16128300,17.62973814663216
2009-10-09 00:00:00+00:00,18.030261166665348,17.78994628440715,17.996883392333984,11117900,17.923454835268792
2009-10-12 00:00:00+00:00,18.317303066548156,18.03026058275385,18.0502872467041,11015900,18.090339301372744
2009-10-13 00:00:00+00:00,18.430789269627073,17.9301340125954,18.37738609313965,13896000,18.03694036557025
2009-10-14 00:00:00+00:00,18.704476887785138,18.23719823404032,18.277250289916992,17510700,18.530916281343686
2009-10-15 00:00:00+00:00,18.270575317740708,18.056961390264462,18.223846435546875,13350200,18.21049659958049
2009-10-16 00:00:00+00:00,18.270581034415923,17.916784169354372,18.19715118408203,12072000,18.123721333748136
2009-10-19 00:00:00+00:00,18.484194730178473,18.170449915467735,18.444141387939453,8302000,18.210503257706755
2009-10-20 00:00:00+00:00,18.47084168533121,17.930134353948056,18.003562927246094,12902600,18.243877862630686
2009-10-21 00:00:00+00:00,18.1771197740518,17.502904003180102,17.569658279418945,23488900,17.950155998778875
2009-10-22 00:00:00+00:00,17.923460425715366,17.389427328932218,17.836679458618164,14882100,17.496233693642388
2009-10-23 00:00:00+00:00,17.85002696684858,17.46952921027428,17.536283493041992,16329000,17.783272684080867
2009-10-26 00:00:00+00:00,17.7165219975352,17.356049587263648,17.42280387878418,17852200,17.556311188593035
2009-10-27 00:00:00+00:00,17.616385033392223,17.336018105420617,17.35604476928711,16016300,17.422799042276893
2009-10-28 00:00:00+00:00,17.35605093324658,16.79531687816003,16.828693389892578,22498500,17.349375376253608
2009-10-29 00:00:00+00:00,17.416130307886103,16.855396232357023,17.29597282409668,12980200,17.02228134356848
2009-10-30 00:00:00+00:00,17.28929395490467,16.661805700446862,16.748586654663086,19426300,17.242566336433836
2009-11-02 00:00:00+00:00,17.135757529033775,16.494918254604894,16.728557586669922,15585500,16.781960753436334
2009-11-03 00:00:00+00:00,16.875413031605568,16.334704670878562,16.688501358032227,17426600,16.628422651284783
2009-11-04 00:00:00+00:00,17.022280446282917,16.621755945841567,16.661808013916016,18645200,16.868746457637293
2009-11-05 00:00:00+00:00,17.22921200373974,16.77528446933816,17.109054565429688,15410500,16.808662242886438
2009-11-06 00:00:00+00:00,17.54963849794087,17.222542567130244,17.409454345703125,15066700,17.26927146669771
2009-11-09 00:00:00+00:00,17.936804730293755,17.489552770397303,17.896751403808594,13331200,17.562981322489804
2009-11-10 00:00:00+00:00,18.016912842528974,17.689818242900923,17.903430938720703,14851300,17.896755382822324
2009-11-11 00:00:00+00:00,18.323986316272205,18.05696911106364,18.23052978515625,18716700,18.12372341236578
2009-11-12 00:00:00+00:00,18.55094187790666,18.137066413568483,18.183794021606445,18713500,18.243872738578627
2009-11-13 00:00:00+00:00,18.39073214838058,17.943480159859973,18.25054931640625,14179800,18.19714615090671
2009-11-16 00:00:00+00:00,18.6577537953649,18.290605829016286,18.457490921020508,18782200,18.44413980808444
2009-11-17 00:00:00+00:00,18.223843808090997,17.58968149138844,18.01690673828125,31046300,18.09033655505283
2009-11-18 00:00:00+00:00,18.230524367736745,17.92345645552117,18.217174530029297,17834400,17.930132010990903
2009-11-19 00:00:00+00:00,18.18379121437378,17.890073229324464,18.09701156616211,11302700,18.163764554064183
2009-11-20 00:00:00+00:00,18.203826064438022,17.850029212521186,18.143747329711914,17600400,18.010238747380072
2009-11-23 00:00:00+00:00,18.424119125105086,18.17712856553242,18.36404037475586,18224600,18.270585106760407
2009-11-24 00:00:00+00:00,18.470841191000584,18.277253881958995,18.397411346435547,11705100,18.357359282687415
2009-11-25 00:00:00+00:00,18.61769673587806,18.210498058562827,18.59099578857422,11451600,18.40408406451952
2009-11-27 00:00:00+00:00,18.557619780088082,18.09701789107155,18.430788040161133,7517800,18.130394396687677
2009-11-30 00:00:00+00:00,18.524244903280138,17.99688741019747,18.263904571533203,16716700,18.41743854803872
2009-12-01 00:00:00+00:00,19.041301853733913,18.408610679028502,18.84610939025879,20488700,18.502840815167215
2009-12-02 00:00:00+00:00,19.16919074783248,18.846114802190172,19.06822967529297,17298300,18.866307530213952
2009-12-03 00:00:00+00:00,19.07495290999523,18.74514618770649,18.798992156982422,15502800,19.07495290999523
2009-12-04 00:00:00+00:00,19.182647447457402,18.812456519004662,18.89995574951172,16845500,19.135532378431346
2009-12-07 00:00:00+00:00,19.04803620490629,18.873037704012557,18.994190216064453,12664800,18.873037704012557
2009-12-08 00:00:00+00:00,18.920156088924823,18.536503190932983,18.62400245666504,15120500,18.899963358160566
2009-12-09 00:00:00+00:00,18.664387695352584,18.462465511391507,18.54323387145996,12481400,18.644196247230436
2009-12-10 00:00:00+00:00,18.913428543208667,18.684582688996805,18.83938980102539,11865000,18.698044511901053
2009-12-11 00:00:00+00:00,19.20284030211827,18.947070948804974,19.17591667175293,16327200,18.947070948804974
2009-12-14 00:00:00+00:00,19.519193297919326,19.24996330229221,19.43169403076172,11488900,19.39803947893965
2009-12-15 00:00:00+00:00,19.66053532573446,19.25669104070964,19.532651901245117,17012400,19.25669104070964
2009-12-16 00:00:00+00:00,19.768227835079998,19.451881531091686,19.492265701293945,13734200,19.606688586691703
2009-12-17 00:00:00+00:00,19.59996013967176,19.364383445716655,19.38457489013672,11472300,19.41822943715299
2009-12-18 00:00:00+00:00,19.532649777836603,19.12880425292445,19.283611297607422,17315800,19.505726143740677
2009-12-21 00:00:00+00:00,19.68745821088585,19.323996827696632,19.492265701293945,10009100,19.323996827696632
2009-12-22 00:00:00+00:00,19.801879506661276,19.4922641365264,19.714380264282227,11790600,19.552841028861714
2009-12-23 00:00:00+00:00,19.77495409942878,19.377840806317117,19.51918601989746,9789800,19.74803175179941
2009-12-24 00:00:00+00:00,19.68072102119637,19.512452201298533,19.63360595703125,3790100,19.64033686388187
2009-12-28 00:00:00+00:00,19.815342491262406,19.498996194027466,19.640342712402344,7299800,19.667265064032573
2009-12-29 00:00:00+00:00,19.727846277199678,19.37784792667515,19.700923919677734,6991500,19.626885189860104
2009-12-30 00:00:00+00:00,19.70764797443608,19.512455494195336,19.606685638427734,5703100,19.58649419825761
2009-12-31 00:00:00+00:00,19.768224216754913,19.445147062903168,19.472070693969727,7437100,19.579762650657177
2010-01-04 00:00:00+00:00,19.620145396286844,19.216299945984325,19.297069549560547,13120900,19.620145396286844
2010-01-05 00:00:00+00:00,19.51246379966373,19.041311594166658,19.438425064086914,15594300,19.337463968893967
2010-01-06 00:00:00+00:00,19.519194733066964,19.317272542447782,19.371118545532227,8833200,19.438425086545305
2010-01-07 00:00:00+00:00,19.667261112549898,19.337454347658355,19.59995460510254,12058200,19.424954861402863
2010-01-08 00:00:00+00:00,19.680719854927876,19.310528986605625,19.505720138549805,15609800,19.519181951453305
2010-01-11 00:00:00+00:00,19.53265126263049,18.89995993496644,18.953805923461914,23670500,19.519189444559213
2010-01-12 00:00:00+00:00,19.0816934895149,18.77207804638623,18.83265495300293,23075800,18.94707785619116
2010-01-13 00:00:00+00:00,19.014384362018983,18.846115473859523,18.93361473083496,15639100,18.846115473859523
2010-01-14 00:00:00+00:00,19.142271854033996,18.926887851343924,19.04804039001465,13208200,18.926887851343924
2010-01-15 00:00:00+00:00,19.310534555278277,18.846112146492924,19.229764938354492,23013500,19.05476517151089
2010-01-19 00:00:00+00:00,19.4855414400476,19.08169577548584,19.438425064086914,14170100,19.15573322727268
2010-01-20 00:00:00+00:00,19.41149803689685,19.081691187215313,19.29034423828125,13256400,19.31726787521346
2010-01-21 00:00:00+00:00,19.55957902059959,19.061503168417463,19.1691951751709,18900600,19.270156271028494
2010-01-22 00:00:00+00:00,19.216306464483473,18.630731454128682,18.65765380859375,16696600,19.007653403167723
2010-01-25 00:00:00+00:00,18.81246217059575,18.516308568590254,18.590347290039062,11098400,18.81246217059575
2010-01-26 00:00:00+00:00,18.812462285722752,18.50957777229655,18.664384841918945,13275800,18.50957777229655
2010-01-27 00:00:00+00:00,18.792266470684094,18.502843824005815,18.738420486450195,12821800,18.590344350754357
2010-01-28 00:00:00+00:00,18.81246054046988,18.300923011800275,18.401884078979492,19430400,18.798998722502084
2010-01-29 00:00:00+00:00,18.906690225013854,18.428805969446096,18.85284423828125,22453800,18.556690669357128
2010-02-01 00:00:00+00:00,19.1489956014379,18.785534270017635,19.108610153198242,17172100,18.85284206662762
2010-02-02 00:00:00+00:00,19.552845378040107,19.048038685487025,19.539384841918945,19640800,19.10861559129658
2010-02-03 00:00:00+00:00,19.478810532979008,19.021118865306125,19.162464141845703,19437300,19.478810532979008
2010-02-04 00:00:00+00:00,19.202837568446512,18.73841528107335,18.798992156982422,19813600,19.007645127453017
2010-02-05 00:00:00+00:00,18.893231859619632,18.529771703709255,18.83265495300293,20229400,18.74515568999538
2010-02-08 00:00:00+00:00,19.4787978745573,19.162451689003593,19.243221282958984,26005400,19.20283712787586
2010-02-09 00:00:00+00:00,19.57977020740916,19.22977057119897,19.43169403076172,18057700,19.43169403076172
2010-02-10 00:00:00+00:00,19.492264326692712,19.115342435876485,19.283611297607422,14481500,19.411495991984005
2010-02-11 00:00:00+00:00,19.566306703110445,19.20957747102025,19.512460708618164,14614200,19.323999086000295
2010-02-12 00:00:00+00:00,19.51918601989746,19.216301585383288,19.51918601989746,15027700,19.350917174898346
2010-02-16 00:00:00+00:00,19.85572420646297,19.472071435676604,19.815340042114258,13317200,19.599956120535207
2010-02-17 00:00:00+00:00,20.232647065815286,20.023994041981748,20.205724716186523,21524600,20.030724950336314
2010-02-18 00:00:00+00:00,20.448030093213262,20.104762768845895,20.394184112548828,16564800,20.20572382211803
2010-02-19 00:00:00+00:00,20.4951496640688,20.192265172958564,20.29322624206543,18576300,20.333610412950247
2010-02-22 00:00:00+00:00,20.562462824122683,20.32688734810486,20.407655715942383,16101000,20.46150172243075
2010-02-23 00:00:00+00:00,20.88553267259958,20.42784113934613,20.697071075439453,35770100,20.569186374374024
2010-02-24 00:00:00+00:00,21.14803302147774,20.69034145962054,21.107648849487305,22937500,20.717265096807285
2010-02-25 00:00:00+00:00,21.1682257493678,20.858610340668648,21.107648849487305,15049200,20.912456331252454
2010-02-26 00:00:00+00:00,21.107646191237944,20.831685363776106,20.999954223632812,13879200,21.107646191237944
2010-03-01 00:00:00+00:00,21.235536349591623,20.925922165271025,21.154767990112305,14182000,21.026883256515134
2010-03-02 00:00:00+00:00,21.255725002645356,21.047071949606813,21.107648849487305,15189500,21.127840293587685
2010-03-03 00:00:00+00:00,21.41053025560644,21.08072343068027,21.181684494018555,13900900,21.15476214289681
2010-03-04 00:00:00+00:00,21.255723457114247,21.067261861879366,21.1614933013916,13777600,21.22880110567474
2010-03-05 00:00:00+00:00,21.47783394032784,21.1951422469182,21.40379524230957,18768700,21.2355264077512
2010-03-08 00:00:00+00:00,21.565344782847447,21.323037134207382,21.511497497558594,11048000,21.323037134207382
2010-03-09 00:00:00+00:00,21.664733870240358,21.47487032674098,21.481651306152344,15127700,21.495213264975064
2010-03-10 00:00:00+00:00,21.617276831729548,21.325702344661522,21.502002716064453,10532400,21.420633512853897
2010-03-11 00:00:00+00:00,21.847822199943355,21.373163862602915,21.786794662475586,15316800,21.41384845646812
2010-03-12 00:00:00+00:00,22.105485452072198,21.780006206840653,22.003774642944336,14953600,21.85459568554188
2010-03-15 00:00:00+00:00,22.180077310349652,21.888501636879205,22.166515350341797,12049100,22.030900923622003
2010-03-16 00:00:00+00:00,22.247891443999702,21.935971476419674,22.07158851623535,13690400,22.11227440418402
2010-03-17 00:00:00+00:00,22.13261391707595,21.929189670340694,22.051244735717773,14730700,22.03090308704814
2010-03-18 00:00:00+00:00,22.078378022489115,21.85460944549773,21.969884872436523,17763500,22.00378849682532
2010-03-19 00:00:00+00:00,22.085145720558117,21.766446133658267,21.9427490234375,22430600,21.9427490234375
2010-03-22 00:00:00+00:00,22.234323949867438,21.79356932678794,22.152952194213867,11737300,21.79356932678794
2010-03-23 00:00:00+00:00,22.12583684703036,21.881726687400196,22.098712921142578,11511400,22.098712921142578
2010-03-24 00:00:00+00:00,22.10548880102475,21.86138127012845,21.915626525878906,11804400,21.99699570284434
2010-03-25 00:00:00+00:00,22.32247329248221,22.010555982371493,22.119049072265625,12956600,22.037679901514853
2010-03-26 00:00:00+00:00,22.3631635039975,22.12583563220976,22.207204818725586,12346300,22.1529569699285
2010-03-29 00:00:00+00:00,22.302132363579744,22.03768061012692,22.105487823486328,8929400,22.227542876876765
2010-03-30 00:00:00+00:00,22.295352677076735,22.037680610286237,22.166515350341797,8666400,22.078366490309808
2010-03-31 00:00:00+00:00,22.1326167987536,21.834261370474508,21.935972213745117,10342100,22.064809569906522
2010-04-01 00:00:00+00:00,22.12583857160315,21.807138884280874,21.956317901611328,9432500,21.9766595542727
2010-04-05 00:00:00+00:00,22.200427052711717,21.807137874927783,22.14617919921875,11381200,21.93597264695354
2010-04-06 00:00:00+00:00,22.193643593401475,21.983437052353178,22.07158851623535,9399600,22.119054092168856
2010-04-07 00:00:00+00:00,22.186865584146812,21.9563173750201,22.112276077270508,11070100,22.037686570394207
2010-04-08 00:00:00+00:00,22.430971863925986,21.969875525698463,22.356382369995117,13825000,22.01055882298466
2010-04-09 00:00:00+00:00,22.64795324781558,22.268226171720073,22.546239852905273,13060700,22.39706089681792
2010-04-12 00:00:00+00:00,22.763237021776845,22.47166124116515,22.70220947265625,12251500,22.525909101130274
2010-04-13 00:00:00+00:00,23.475214975530644,22.654735787068567,23.28535270690918,30322500,22.654735787068567
2010-04-14 00:00:00+00:00,23.78035928575665,23.25823531383886,23.719331741333008,24720700,23.27179727778635
2010-04-15 00:00:00+00:00,23.834604005988954,23.556590248339788,23.827821731567383,17975700,23.69220469661369
2010-04-16 00:00:00+00:00,23.787136048612016,23.536243653745732,23.739667892456055,28512200,23.726108518330964
2010-04-19 00:00:00+00:00,23.915977241731866,23.55659423693183,23.848167419433594,17571800,23.678646743708256
2010-04-20 00:00:00+00:00,24.065148825909777,23.739666952840384,23.854942321777344,14848400,23.949873456972817
2010-04-21 00:00:00+00:00,24.031256046678617,23.79392807620821,23.915983200073242,19597400,23.834613979723514
2010-04-22 00:00:00+00:00,24.336387930843085,23.753236389182316,24.221115112304688,21648900,23.83460817640027
2010-04-23 00:00:00+00:00,24.70932627736779,24.207546657457637,24.67542266845703,21336400,24.248229953478727
2010-04-26 00:00:00+00:00,25.109395328398534,24.722888492151764,24.74323272705078,22057300,24.763574375270217
2010-04-27 00:00:00+00:00,24.668639130325598,23.87528135493125,23.929529190063477,20588400,24.668639130325598
2010-04-28 00:00:00+00:00,24.173648668069127,23.7532355424699,23.86172866821289,19371600,24.024469650167454
2010-04-29 00:00:00+00:00,24.38385090165895,24.00412628203461,24.112619400024414,16263800,24.038029896403927
2010-05-03 00:00:00+00:00,24.451661840021654,23.8481660951403,24.322824478149414,12644500,23.99734510923233
2010-05-04 00:00:00+00:00,24.132950743414426,23.590485385168357,24.017675399780273,25531100,24.112609100817345
2010-05-05 00:00:00+00:00,24.18721071818319,23.75323816725628,23.89563751220703,24373800,23.88885523609105
2010-05-06 00:00:00+00:00,23.99055985713428,21.746105824466127,23.027681350708008,31183100,23.678639937580158
2010-05-07 00:00:00+00:00,23.27179174680453,22.125833225741715,22.668298721313477,28620700,22.878505232519824
2010-05-10 00:00:00+00:00,24.004118670030717,23.448091293321138,23.929529190063477,21683400,23.48877458299116
2010-05-11 00:00:00+00:00,24.38385160877111,23.78035846078449,24.160085678100586,26625400,23.821044351215516
2010-05-12 00:00:00+00:00,24.370289341859074,23.990564715950985,24.33638572692871,19130600,24.187206717219098
2010-05-13 00:00:00+00:00,24.410983386112143,23.814269734625423,23.915983200073242,20229800,24.309269920664327
2010-05-14 00:00:00+00:00,24.05159575859038,23.57015504444981,23.868513107299805,22621300,23.90919641646634
2010-05-17 00:00:00+00:00,24.200772327970988,23.109061277266886,24.132965087890625,33494400,23.71255450869549
2010-05-18 00:00:00+00:00,24.61439598887144,23.21076532065845,23.549806594848633,49088700,24.28213698870566
2010-05-19 00:00:00+00:00,23.441315691598216,22.817480930119515,23.312480926513672,27200100,23.312480926513672
2010-05-20 00:00:00+00:00,22.98021018085302,22.234320638534484,22.302127838134766,29536800,22.824251552429285
2010-05-21 00:00:00+00:00,22.70220090159086,21.86815976961632,22.390283584594727,36007500,21.874939456212164
2010-05-24 00:00:00+00:00,22.763233492986508,22.213985636046377,22.52590560913086,24263400,22.27501317570639
2010-05-25 00:00:00+00:00,23.081934212064567,21.983438447838143,23.041248321533203,30507700,22.06481022890088
2010-05-26 00:00:00+00:00,23.69899299855005,23.007348272387645,23.081937789916992,25393100,23.427758859657967
2010-05-27 00:00:00+00:00,23.51590682579314,23.17686549622482,23.42775535583496,16379300,23.40063142866628
2010-05-28 00:00:00+00:00,23.488778657706522,22.93275118454009,22.959875106811523,17549000,23.44131308707131
2010-06-01 00:00:00+00:00,23.332711657890698,22.684013792599146,22.902523040771484,17273700,22.820580119080077
2010-06-02 00:00:00+00:00,23.134683270958163,22.800089608733174,23.127853393554688,14262300,22.95714292615796
2010-06-03 00:00:00+00:00,23.257599018136737,22.64986746156196,22.827407836914062,15651600,23.14834440439524
2010-06-04 00:00:00+00:00,22.465500589272533,21.809971657746527,21.953369140625,20061800,22.4518434380617
2010-06-07 00:00:00+00:00,22.13773479269287,21.50952144833237,21.543663024902344,20853000,22.02848018476777
2010-06-08 00:00:00+00:00,21.755341909833657,21.338807961648683,21.72119903564453,16153400,21.530004149855348
2010-06-09 00:00:00+00:00,22.1240752226613,21.591458153143908,21.687055587768555,15788600,21.762168602069274
2010-06-10 00:00:00+00:00,22.3699058508102,21.912402898202586,22.342594146728516,15343000,22.01483025422548
2010-06-11 00:00:00+00:00,22.192364123614183,21.70071837189987,22.001169204711914,13693000,22.062625086478416
2010-06-14 00:00:00+00:00,22.28796329529544,21.844116239208997,21.891916275024414,20280100,22.178708675410096
2010-06-15 00:00:00+00:00,22.110421526195182,21.5436614969559,22.028478622436523,19748300,21.91239674936446
2010-06-16 00:00:00+00:00,22.02847922634079,21.63243226665697,21.9465389251709,16321600,21.823627170998456
2010-06-17 00:00:00+00:00,22.055791937265287,21.475377388193184,21.78948402404785,23934100,21.980678914596776
2010-06-18 00:00:00+00:00,22.04897156819161,21.707550525406987,21.80997657775879,19785600,21.816805154904632
2010-06-21 00:00:00+00:00,21.987511957169637,21.331982988646768,21.46172332763672,16599700,21.967024926779516
2010-06-22 00:00:00+00:00,21.577809839174517,20.8471690270171,20.901796340942383,22902300,21.48221106299184
2010-06-23 00:00:00+00:00,21.024702092580647,20.669624002700715,20.826677322387695,24796400,20.881304620644798
2010-06-24 00:00:00+00:00,20.614994354953694,20.191631864898607,20.259916305541992,28837400,20.580851483423313
2010-06-25 00:00:00+00:00,20.655965835850044,20.198461747058484,20.621824264526367,43592400,20.198461747058484
2010-06-28 00:00:00+00:00,20.642308194839266,20.19846126611261,20.205289840698242,15451400,20.587680900571637
2010-06-29 00:00:00+00:00,19.90484470497864,19.406370340893822,19.549766540527344,22817400,19.90484470497864
2010-06-30 00:00:00+00:00,19.70682335420754,19.112750156210613,19.167377471923828,20940900,19.48148551408828
2010-07-01 00:00:00+00:00,19.460997350684558,18.771326761966655,19.06494903564453,27119600,19.39954146538371
2010-07-02 00:00:00+00:00,19.12640085065844,18.832778639466273,18.955690383911133,15404500,19.12640085065844
2010-07-06 00:00:00+00:00,19.208344014370567,18.505017619867505,18.668899536132812,18300200,19.112746555486897
2010-07-07 00:00:00+00:00,19.181027288711906,18.648410187448448,19.126399993896484,21796200,18.77132192638751
2010-07-08 00:00:00+00:00,19.379051530890937,18.928376004759812,19.22199821472168,15975800,19.358567108514293
2010-07-09 00:00:00+00:00,19.338079747586267,19.071771859881387,19.297109603881836,13507400,19.18785501905843
2010-07-12 00:00:00+00:00,19.63853241544455,19.276625754037674,19.331253051757812,14259400,19.276625754037674
2010-07-13 00:00:00+00:00,19.76144052480888,19.31759364969849,19.55658721923828,22058600,19.454161217661618
2010-07-14 00:00:00+00:00,19.495138289563656,19.181031599388124,19.310771942138672,13638600,19.495138289563656
2010-07-15 00:00:00+00:00,19.39954243297867,19.064949986550953,19.351743698120117,13535300,19.26980207949271
2010-07-16 00:00:00+00:00,19.310769723452328,18.4708731825847,18.511844635009766,21870900,19.221999545615606
2010-07-19 00:00:00+00:00,18.614269817200576,18.33430475041183,18.484529495239258,17061600,18.545985368672646
2010-07-20 00:00:00+00:00,19.140056061970306,18.17724923122716,19.0717716217041,23279400,18.266018091881072
2010-07-21 00:00:00+00:00,19.126408647192694,18.675732935463405,18.757673263549805,17161300,18.969355266345403
2010-07-22 00:00:00+00:00,19.440512605220746,18.921552493317353,19.26980209350586,26142700,18.921552493317353
2010-07-23 00:00:00+00:00,19.3653943122857,19.051286399769992,19.290281295776367,18979200,19.21516827926703
2010-07-26 00:00:00+00:00,19.850216754989102,19.276629370120215,19.795589447021484,16149800,19.283457946418388
2010-07-27 00:00:00+00:00,20.055068864220214,19.4883100916094,19.515623092651367,14851100,19.959470104529142
2010-07-28 00:00:00+00:00,19.76827700324294,19.119576563168323,19.174203872680664,13917900,19.515624882737242
2010-07-29 00:00:00+00:00,19.47464972693235,18.962518343315093,19.15371322631836,15504300,19.303939265726594
2010-07-30 00:00:00+00:00,19.501970335210196,18.866926963276573,19.46782875061035,14837700,18.94886858970135
2010-08-02 00:00:00+00:00,19.966292008509303,19.583901004776838,19.88435173034668,17882200,19.679498430105642
2010-08-03 00:00:00+00:00,19.92532942613793,19.399540782588918,19.426855087280273,11724700,19.86387354300011
2010-08-04 00:00:00+00:00,19.75461688609224,19.467823228581217,19.61121940612793,10987700,19.53610768083005
2010-08-05 00:00:00+00:00,19.754619077466582,19.344913620942666,19.604393005371094,9101200,19.47465396436575
2010-08-06 00:00:00+00:00,19.58390998840332,19.26297339486261,19.58390998840332,11372800,19.48148394250605
2010-08-09 00:00:00+00:00,19.781932961208252,19.583909451557577,19.597566604614258,8354900,19.64536533789484
2010-08-10 00:00:00+00:00,19.47465109386034,19.13323014748446,19.28345489501953,13866400,19.39270949366641
2010-08-11 00:00:00+00:00,19.160543774166495,18.846437118362292,18.92154884338379,11672600,19.071774898261964
2010-08-12 00:00:00+00:00,18.948859379982526,18.648408632343788,18.853261947631836,9886800,18.798634657371824
2010-08-13 00:00:00+00:00,18.921553085980502,18.621103513692436,18.64841651916504,9316000,18.78498545378171
2010-08-16 00:00:00+00:00,19.167372142232363,18.627927712364844,18.696210861206055,12152400,18.77815246320012
2010-08-17 00:00:00+00:00,19.665845413095866,18.921547667648003,19.331253051757812,22537900,19.140058160946076
2010-08-18 00:00:00+00:00,19.8024208258674,19.338087991218813,19.706823348999023,13733000,19.358573723012583
2010-08-19 00:00:00+00:00,19.699993312381366,19.099091581790976,19.26980209350586,14149300,19.50196849363153
2010-08-20 00:00:00+00:00,19.338084682236506,19.044462422191195,19.235658645629883,12430300,19.174202763182368
2010-08-23 00:00:00+00:00,19.556597923222963,18.983010437549172,19.003496170043945,11447300,19.501970605654886
2010-08-24 00:00:00+00:00,19.174200961434554,18.505016195907203,18.969348907470703,16615700,18.81229427685298
2010-08-25 00:00:00+00:00,19.460990916428845,18.839604994869593,19.344907760620117,14357500,18.839604994869593
2010-08-26 00:00:00+00:00,19.501955272597144,19.303931890511898,19.379043579101562,12712200,19.385872151230977
2010-08-27 00:00:00+00:00,19.693162386712366,19.297114098869372,19.6248779296875,12750900,19.47465316616695
2010-08-30 00:00:00+00:00,19.665852766101857,19.105922429509686,19.112751007080078,9632800,19.6248826030975
2010-08-31 00:00:00+00:00,19.337244211222355,18.972260139369585,19.15819549560547,12408200,19.02735195082921
2010-09-01 00:00:00+00:00,19.791748787933816,19.3234678094043,19.74354362487793,12772500,19.337241088418033
2010-09-02 00:00:00+00:00,20.349563219673183,19.791758286824876,20.25315284729004,14321400,19.805531572448984
2010-09-03 00:00:00+00:00,20.879816577026542,20.32889845368511,20.55615234375,12769800,20.597470874627504
2010-09-07 00:00:00+00:00,20.521721444300386,20.163625280667397,20.198057174682617,8605900,20.425311090263726
2010-09-08 00:00:00+00:00,20.3908805130517,20.16362658279498,20.280696868896484,9560100,20.191171837087463
2010-09-09 00:00:00+00:00,20.58370382131179,20.177401089850253,20.25315284729004,7879000,20.507953377364814
2010-09-10 00:00:00+00:00,20.507948196596097,20.280694295178986,20.439083099365234,7330900,20.30135290490351
2010-09-13 00:00:00+00:00,20.762744804413945,20.501059043196246,20.65256118774414,9961400,20.61812930009445
2010-09-14 00:00:00+00:00,20.817836931469337,20.57680977375441,20.6387882232666,14073800,20.68010806526962
2010-09-15 00:00:00+00:00,20.666344458376813,20.418430544281232,20.618139266967773,9804100,20.50795559703484
2010-09-16 00:00:00+00:00,20.69388094552989,20.452855090672415,20.625017166137695,9352500,20.576810681673805
2010-09-17 00:00:00+00:00,20.790293560897805,20.52171981759651,20.583698272705078,13015200,20.693881901010883
2010-09-20 00:00:00+00:00,21.16904746430297,20.59058281783079,21.10706901550293,11541200,20.68699446790437
2010-09-21 00:00:00+00:00,21.53403520608122,21.134619197326106,21.286121368408203,13833500,21.203484298178896
2010-09-22 00:00:00+00:00,21.49959766088115,21.169046819674893,21.265457153320312,11663500,21.169046819674893
2010-09-23 00:00:00+00:00,21.4100790479135,21.05886820322956,21.237916946411133,16047000,21.07952812826718
2010-09-24 00:00:00+00:00,21.823263003420227,21.51337077130072,21.788829803466797,11421600,21.53403069127278
2010-09-27 00:00:00+00:00,21.93344400596423,21.651098367409723,21.761281967163086,7991000,21.83703237106095
2010-09-28 00:00:00+00:00,22.07117830302085,21.59601190422345,21.905902862548828,12505200,21.788832594694586
2010-09-29 00:00:00+00:00,21.98854123953106,21.802605876440367,21.905902862548828,9178300,21.85769768993104
2010-09-30 00:00:00+00:00,22.195129786046436,21.77505530342885,21.816373825073242,11401200,21.95410266838526
2010-10-01 00:00:00+00:00,22.064293776177454,21.795720026360133,21.912790298461914,8648800,21.905903657339163
2010-10-04 00:00:00+00:00,22.022972720320713,21.713081767765708,21.809492111206055,10321100,21.83703736069226
2010-10-05 00:00:00+00:00,21.988534319579845,21.520253395534294,21.857690811157227,15975000,21.58911846909841
2010-10-06 00:00:00+00:00,21.947215800838187,21.719961977521024,21.857690811157227,9957300,21.87835072727407
2010-10-07 00:00:00+00:00,22.112491189296847,21.75439385755707,21.857690811157227,13163400,21.926555884721342
2010-10-08 00:00:00+00:00,22.133160646754508,21.830156276056297,21.96099853515625,10578500,21.919679996150617
2010-10-11 00:00:00+00:00,21.960995590029963,21.781946860360364,21.892131805419922,8358700,21.960995590029963
2010-10-12 00:00:00+00:00,21.88524209889229,21.52025804951528,21.630441665649414,12539000,21.857695538112605
2010-10-13 00:00:00+00:00,21.79572186503133,21.30678212550183,21.348100662231445,15267600,21.781948581623922
2010-10-14 00:00:00+00:00,21.478945600870382,21.01066444301989,21.21725845336914,11242500,21.396307208635072
2010-10-15 00:00:00+00:00,21.403190075570755,20.948682282176765,21.141504287719727,12945300,21.34809826162883
2010-10-18 00:00:00+00:00,21.175933368498185,20.783404082070152,21.024431228637695,10701300,21.113954921852468
2010-10-19 00:00:00+00:00,21.189705305291188,20.83160792814771,20.941791534423828,12047100,20.866039812549424
2010-10-20 00:00:00+00:00,21.327438221679557,20.886703712565318,21.16216278076172,18500800,21.017547262518274
2010-10-21 00:00:00+00:00,22.064292975640402,21.26545970978696,21.905902862548828,22203300,21.27234635065985
2010-10-22 00:00:00+00:00,21.91278852019774,21.623556183976405,21.678647994995117,9102000,21.878356630870687
2010-10-25 00:00:00+00:00,21.91967124629125,21.568460521207417,21.623552322387695,8561300,21.637325601055803
2010-10-26 00:00:00+00:00,21.699307938211454,21.34809715005914,21.547805786132812,9277900,21.534032504991373
2010-10-27 00:00:00+00:00,21.382525173348593,20.969337321751095,21.27922821044922,11575100,21.382525173348593
2010-10-28 00:00:00+00:00,21.54092324187254,21.26546282063067,21.478944778442383,7932400,21.472058136562076
2010-10-29 00:00:00+00:00,21.47205017108896,21.25856960596463,21.27922821044922,9499200,21.410071730650905
2010-11-01 00:00:00+00:00,21.561571303069634,21.045085236217652,21.14838218688965,8229900,21.34809076321524
2010-11-02 00:00:00+00:00,22.016091792937782,21.334329944202917,21.69931411743164,15092700,21.348103229266513
2010-11-03 00:00:00+00:00,21.795726251630793,21.37565153110165,21.66488265991211,9073300,21.768180992764837
2010-11-04 00:00:00+00:00,22.02297715505737,21.871474968644407,21.995431900024414,11096000,21.919680150071592
2010-11-05 00:00:00+00:00,22.236453655772067,21.878356233901698,21.981653213500977,10750000,22.002313134817776
2010-11-08 00:00:00+00:00,21.78883816547263,21.48583377055065,21.6855411529541,9696400,21.781951522839023
2010-11-09 00:00:00+00:00,21.699314759418737,21.472060803117003,21.671768188476562,10268600,21.678654831212107
2010-11-10 00:00:00+00:00,21.83014710345208,21.520254907388832,21.816373825073242,11175200,21.678643668269107
2010-11-11 00:00:00+00:00,21.988537469340955,21.57534828226076,21.830148696899414,9226300,21.60289484102914
2010-11-12 00:00:00+00:00,21.87147315671548,21.589127420181867,21.651105880737305,10594800,21.671764491927398
2010-11-15 00:00:00+00:00,22.0160865864595,21.589125358400118,21.616670608520508,9645900,21.644217172133345
2010-11-16 00:00:00+00:00,22.601444033545818,21.71997477570644,21.83704376220703,25568500,21.83015843293636
2010-11-17 00:00:00+00:00,21.83704343076179,21.12084966963777,21.231033325195312,19411800,21.80261153095985
2010-11-18 00:00:00+00:00,21.410079526654176,21.175938958296044,21.258577346801758,26258300,21.34121442181485
2010-11-19 00:00:00+00:00,21.499601364135742,21.210368999887617,21.499601364135742,25364400,21.210368999887617
2010-11-22 00:00:00+00:00,21.589122936932515,21.265457418246726,21.41007423400879,23205700,21.382527673485615
2010-11-23 00:00:00+00:00,21.34809982782646,21.23102955042448,21.286121368408203,11698400,21.33432654495739
2010-11-24 00:00:00+00:00,21.589118349003357,21.403183045462168,21.458274841308594,9748600,21.472048118643205
2010-11-26 00:00:00+00:00,21.45828430250549,21.244803663661106,21.348100662231445,4182200,21.293008842094423
2010-11-29 00:00:00+00:00,21.293001803459596,20.886699271697083,21.134613037109375,11838700,21.25856991981552
2010-11-30 00:00:00+00:00,21.242879381749493,20.805668129430227,20.96528434753418,12889600,20.861186871539047
2010-12-01 00:00:00+00:00,22.034018491445956,21.235936196647472,21.936861038208008,17102400,21.235936196647472
2010-12-02 00:00:00+00:00,23.269312832107612,21.943803103683155,23.151336669921875,25843400,21.943803103683155
2010-12-03 00:00:00+00:00,23.290135391499437,22.90150287452483,23.234615325927734,16353500,23.026420374718725
2010-12-06 00:00:00+00:00,23.283189250232283,23.10969305217192,23.137453079223633,9357000,23.213791829944892
2010-12-07 00:00:00+00:00,23.546897025986283,23.262363453901102,23.28318214416504,12615800,23.366459552561878
2010-12-08 00:00:00+00:00,23.699580660338384,23.18603077208085,23.616300582885742,11406300,23.20684946777313
2010-12-09 00:00:00+00:00,24.115979691405215,23.5122134590922,23.81756591796875,15158700,24.011880878404483
2010-12-10 00:00:00+00:00,23.963289678407335,23.699577411318767,23.87307357788086,11475700,23.88695094154539
2010-12-13 00:00:00+00:00,24.046574338374256,23.831438097694065,23.984115600585938,12755700,23.873078138666916
2010-12-14 00:00:00+00:00,24.22007512251232,23.921661390743914,24.095157623291016,11134100,24.0188188573955
2010-12-15 00:00:00+00:00,24.351930831146685,23.977178340793447,24.143735885620117,13972800,23.991058356807535
2010-12-16 00:00:00+00:00,24.442149408106012,24.074335605150388,24.37274932861328,11193300,24.178434400718317
2010-12-17 00:00:00+00:00,24.476848365240688,24.240893387326288,24.358869552612305,17797200,24.28253343543202
2010-12-20 00:00:00+00:00,24.62953622260266,24.331122371061962,24.428279876708984,8956500,24.46297860767671
2010-12-21 00:00:00+00:00,24.629525388483216,24.338050352413703,24.34499168395996,7002600,24.53930660977809
2010-12-22 00:00:00+00:00,24.532364817262614,24.296409848627544,24.41438865661621,6448100,24.400508641126823
2010-12-23 00:00:00+00:00,24.56706304521234,24.310286762433442,24.351926803588867,6238800,24.37968683102582
2010-12-27 00:00:00+00:00,24.574006058349365,24.115976114302352,24.456029891967773,5111100,24.247832296848085
2010-12-28 00:00:00+00:00,24.497662976619967,24.268649368619943,24.351926803588867,4081700,24.44214556908799
2010-12-29 00:00:00+00:00,24.497668492565115,24.213134765625,24.213134765625,6126800,24.338052269876027
2010-12-30 00:00:00+00:00,24.331115494634087,24.115979187686165,24.192317962646484,6563300,24.14373922355223
2010-12-31 00:00:00+00:00,24.34499192384595,24.032698184745076,24.331111907958984,5411300,24.109036948452214
2011-01-03 00:00:00+00:00,24.685044987673937,24.421329959777726,24.504610061645508,7464300,24.428271291937982
2011-01-04 00:00:00+00:00,24.67809824092184,24.039630905225184,24.060449600219727,14359700,24.476842031502333
2011-01-05 00:00:00+00:00,24.199249193924214,23.893896835482384,23.984115600585938,11479400,24.025752994216873
2011-01-06 00:00:00+00:00,24.150670223350307,23.762040434270425,23.88695526123047,11526700,24.03269407947731
2011-01-07 00:00:00+00:00,24.01187630798114,23.72040392280643,23.859201431274414,11735800,23.886958815094186
2011-01-10 00:00:00+00:00,23.921654693149595,23.64405973985841,23.866134643554688,9825600,23.70651847198184
2011-01-11 00:00:00+00:00,24.43521165811774,23.93554424924219,24.192317962646484,12408600,24.01882170949766
2011-01-12 00:00:00+00:00,24.338046490816104,24.053512831438397,24.171491622924805,8963300,24.150670278931972
2011-01-13 00:00:00+00:00,24.48379491826587,24.088223599829774,24.476856231689453,10713100,24.157623702310012
2011-01-14 00:00:00+00:00,24.983450867251086,24.303346133545812,24.90711212158203,13844200,24.365804866607608
2011-01-18 00:00:00+00:00,25.129180102281147,24.886286566956976,24.997323989868164,10765000,24.962625291584853
2011-01-19 00:00:00+00:00,24.98345826118545,24.62258576862056,24.7266845703125,9110300,24.98345826118545
2011-01-20 00:00:00+00:00,25.427611104567298,24.796084832442194,25.323514938354492,13483000,24.80302616526206
2011-01-21 00:00:00+00:00,25.67049829586658,25.309625890914973,25.337383270263672,11886200,25.552519506102662
2011-01-24 00:00:00+00:00,25.434547424316406,25.19165112300837,25.434547424316406,8884200,25.3026886001559
2011-01-25 00:00:00+00:00,25.80234932516276,25.247162138366896,25.788469314575195,14228300,25.337378236174057
2011-01-26 00:00:00+00:00,26.35754266239895,25.781536648983415,25.968910217285156,14228300,25.795414015467884
2011-01-27 00:00:00+00:00,26.454699485105078,25.961970918979297,26.357542037963867,10722100,26.031368339125336
2011-01-28 00:00:00+00:00,26.343667677237175,25.420669083998632,25.469247817993164,12588000,26.295088943242643
2011-01-31 00:00:00+00:00,25.80236365169609,25.365152341124816,25.51782989501953,11189800,25.76766492963169
2011-02-01 00:00:00+00:00,25.767664911680026,25.330453601413346,25.670507431030273,9623200,25.63580606164725
2011-02-02 00:00:00+00:00,25.64968754758038,25.247177583665522,25.372095108032227,7782400,25.476191280109177
2011-02-03 00:00:00+00:00,25.71214148796582,25.309631599533642,25.469247817993164,5664700,25.385970366480034
2011-02-04 00:00:00+00:00,25.78154880552403,25.34433742953443,25.538652420043945,7559900,25.510892379301673
2011-02-07 00:00:00+00:00,25.594162686626426,25.379026424389508,25.399845123291016,7046400,25.53864262643283
2011-02-08 00:00:00+00:00,25.864808049136126,25.267980830577574,25.788469314575195,6137400,25.420658299699436
2011-02-09 00:00:00+00:00,25.816242950874695,25.656626715950352,25.795421600341797,6812400,25.726024158146075
2011-02-10 00:00:00+00:00,25.98971835894942,25.719064845180853,25.892560958862305,6009500,25.774582224941806
2011-02-11 00:00:00+00:00,26.01055335998535,25.448424646032056,26.01055335998535,10053400,25.698259630011297
2011-02-14 00:00:00+00:00,26.135465829206538,25.864812197691226,26.07994842529297,9070800,26.003609678487777
2011-02-15 00:00:00+00:00,26.184046267071697,25.89951260408786,26.156286239624023,6538400,26.086888818346765
2011-02-16 00:00:00+00:00,26.43388339661311,26.08689096696334,26.274267196655273,6801500,26.19098975479513
2011-02-17 00:00:00+00:00,26.52409982525417,26.10076867492269,26.496339797973633,8196500,26.253446177623726
2011-02-18 00:00:00+00:00,26.71841836086779,26.36448723052845,26.704538345336914,12894800,26.461644691902297
2011-02-22 00:00:00+00:00,27.32912675195284,26.20486928118048,26.43388557434082,20604500,27.273606687910682
2011-02-23 00:00:00+00:00,26.56573828011939,25.60804112675865,25.88563346862793,15127800,26.37836205950307
2011-02-24 00:00:00+00:00,26.142402491364663,25.524756529267453,25.77459144592285,9342800,25.837050175086702
2011-02-25 00:00:00+00:00,26.010546317710926,25.524756496759842,25.732954025268555,9723700,25.81623144826711
2011-02-28 00:00:00+00:00,26.052185512057743,25.71907318347303,26.00360679626465,9736700,25.781531910541506
2011-03-01 00:00:00+00:00,26.17710300746556,25.462296986034612,25.510875701904297,10015500,25.77459062186935
2011-03-02 00:00:00+00:00,25.670491099533837,25.21246137690884,25.44147491455078,12677300,25.399834886188106
2011-03-03 00:00:00+00:00,26.107704619242384,25.642736124109543,26.059125900268555,8060300,25.691314843083372
2011-03-04 00:00:00+00:00,26.274268080641477,25.524763136656983,25.83011817932129,9269600,25.989734384649342
2011-03-07 00:00:00+00:00,26.163229852375686,25.559463763102862,25.587221145629883,8888200,25.857874818499006
2011-03-08 00:00:00+00:00,26.03440680351823,25.531328268632695,25.88068962097168,14254200,25.657098568707976
2011-03-09 00:00:00+00:00,26.397736981858298,25.789849112074226,26.320877075195312,9339800,25.915619383810927
2011-03-10 00:00:00+00:00,26.202098510570117,25.810812879929433,25.901647567749023,8897300,26.09728905036172
2011-03-11 00:00:00+00:00,26.097283065001374,25.622151574413614,25.950551986694336,7729400,25.873692088891215
2011-03-14 00:00:00+00:00,25.81081520989951,25.34965834110096,25.629148483276367,8729100,25.796840436249184
2011-03-15 00:00:00+00:00,25.545308705434863,25.028252616569826,25.356653213500977,8897300,25.084151724735204
2011-03-16 00:00:00+00:00,25.33568341569067,24.755744972461482,24.9304256439209,13998700,25.251837439706495
2011-03-17 00:00:00+00:00,25.244857500480503,24.811647411229146,24.986328125,9726300,25.20293316962568
2011-03-18 00:00:00+00:00,25.34267385996524,24.986323773302704,25.15401840209961,11368200,25.181967951135043
2011-03-21 00:00:00+00:00,25.643127062286723,25.349662102911704,25.454471588134766,7704500,25.35665082348174
2011-03-22 00:00:00+00:00,25.587230371142716,25.33568971523087,25.356653213500977,6506200,25.405563600437596
2011-03-23 00:00:00+00:00,25.629149282585633,25.174978453740025,25.58722496032715,8496900,25.209916721663237
2011-03-24 00:00:00+00:00,26.376779970797553,25.706006868193516,26.104278564453125,9999300,25.74792852122166
2011-03-25 00:00:00+00:00,26.42568452190122,26.090298044478004,26.146194458007812,7611400,26.139208405847132
2011-03-28 00:00:00+00:00,26.20908402225813,25.58722132359563,25.608184814453125,8585300,26.174148424715955
2011-03-29 00:00:00+00:00,26.418710215775878,25.957553271106896,26.34185028076172,18370800,26.11127047571924
2011-03-30 00:00:00+00:00,26.439658654148005,25.999462747024673,26.25100326538086,7722000,26.244017213388624
2011-03-31 00:00:00+00:00,26.17414261133854,25.719974613332262,25.894655227661133,8917300,26.05536107299394
2011-04-01 00:00:00+00:00,26.460624674090063,25.82478720128841,26.244022369384766,9247500,25.936582713031054
2011-04-04 00:00:00+00:00,26.362796108689697,26.013434905024983,26.181129455566406,6571700,26.18811550685734
2011-04-05 00:00:00+00:00,26.439659600231742,26.027413217155505,26.27196502685547,10098700,26.04138798705476
2011-04-06 00:00:00+00:00,26.404727128448815,25.99946674972501,26.202096939086914,10077900,26.341841989178402
2011-04-07 00:00:00+00:00,26.481586682368185,26.020429889072034,26.432676315307617,10395700,26.160172271865033
2011-04-08 00:00:00+00:00,26.523511800429606,26.020433292656758,26.174150466918945,9848100,26.48159014627421
2011-04-11 00:00:00+00:00,26.50953078431321,26.132222658692527,26.27196502685547,7032900,26.167158250733262
2011-04-12 00:00:00+00:00,26.54447281092146,26.104276825541568,26.383764266967773,8542600,26.14619847577714
2011-04-13 00:00:00+00:00,26.530495971699814,25.97151580157447,26.320877075195312,10337800,26.439661294242196
2011-04-14 00:00:00+00:00,26.53049953033987,26.167163437188698,26.439664840698242,6608300,26.271970234084105
2011-04-15 00:00:00+00:00,26.83094127065834,26.509526940410385,26.67023277282715,10440600,26.516515657054054
2011-04-18 00:00:00+00:00,26.425688582618545,25.999467369122243,26.383764266967773,8250600,26.397739038851363
2011-04-19 00:00:00+00:00,26.565431521527902,26.25100584271226,26.390750885009766,7023300,26.474596844222276
2011-04-20 00:00:00+00:00,26.90781618988149,26.439673152662582,26.509544372558594,8887400,26.747110251787706
2011-04-21 00:00:00+00:00,26.670235399359935,26.230042162377348,26.41170883178711,8406800,26.600364218528803
2011-04-25 00:00:00+00:00,26.348829162347418,26.055366943553693,26.244022369384766,8594000,26.278957967038984
2011-04-26 00:00:00+00:00,26.23702979576014,25.810808636921077,25.99946403503418,14100000,26.048374397647038
2011-04-27 00:00:00+00:00,26.237036081366917,25.83876436729692,26.076330184936523,12615000,26.062355411497077
2011-04-28 00:00:00+00:00,26.320871804700726,25.96452454974508,26.181129455566406,9730800,25.971510601036012
2011-04-29 00:00:00+00:00,26.244028185089178,25.866717249814528,25.957551956176758,15945000,26.17415430888137
2011-05-02 00:00:00+00:00,26.320873380163494,25.978500872711113,26.09728240966797,7918500,26.160167536708247
2011-05-03 00:00:00+00:00,26.14619276787545,25.894654925128943,26.09728240966797,8833000,25.908629693961743
2011-05-04 00:00:00+00:00,26.285943639519,25.922607565266347,25.985492706298828,11319900,26.062352619273554
2011-05-05 00:00:00+00:00,26.153194730128803,25.6990238420019,25.859729766845703,13661700,25.852743711598567
2011-05-06 00:00:00+00:00,26.188127264081448,25.692034771855077,25.845754623413086,10677800,26.090306509604773
2011-05-09 00:00:00+00:00,25.915619911852357,25.64311853934217,25.824785232543945,6550000,25.80382440863241
2011-05-10 00:00:00+00:00,26.111258740913634,25.775872265101906,26.0413875579834,6818400,25.775872265101906
2011-05-11 00:00:00+00:00,26.0903086472864,25.79684369439598,26.01344871520996,9594900,25.85972885105708
2011-05-12 00:00:00+00:00,26.153200655672727,25.768903560026637,26.05537986755371,9749400,25.957559079434695
2011-05-13 00:00:00+00:00,26.104284347150948,25.6990238420019,25.859729766845703,8666600,26.06934874008333
2011-05-16 00:00:00+00:00,26.069340103986473,25.53830945697793,25.838760375976562,11603500,25.636130190528167
2011-05-17 00:00:00+00:00,26.50953513146306,25.985493168672882,26.132226943969727,17428400,26.097288680784843
2011-05-18 00:00:00+00:00,26.230049559680065,25.95754814600822,26.174150466918945,9069300,26.09030449319271
2011-05-19 00:00:00+00:00,26.16715891464331,25.91561838090425,26.125234603881836,7015200,26.16715891464331
2011-05-20 00:00:00+00:00,26.111263448502022,25.78286563102548,25.887672424316406,8154000,26.07632785073838
2011-05-23 00:00:00+00:00,25.852733310388512,25.524332872161622,25.72696304321289,9662800,25.63612836904941
2011-05-24 00:00:00+00:00,25.775876799978278,25.47542586277186,25.538311004638672,10580400,25.761902027850624
2011-05-25 00:00:00+00:00,25.650111827736513,25.37761037835722,25.594215393066406,12316900,25.5383162929805
2011-05-26 00:00:00+00:00,25.62216605743021,25.230882960770668,25.286779403686523,8083300,25.46844884034947
2011-05-27 00:00:00+00:00,25.44748067072457,25.091133249477732,25.15401840209961,9596500,25.405559012587116
2011-05-31 00:00:00+00:00,25.349660873413086,25.167994128642288,25.349660873413086,8628100,25.279789663597196
2011-06-01 00:00:00+00:00,25.335688280915683,24.734788894653317,24.73478889465332,10483000,25.23786751258032
2011-06-02 00:00:00+00:00,24.67189494368816,24.25265980180294,24.51817512512207,11346600,24.629970629875114
2011-06-03 00:00:00+00:00,24.357471787872715,24.05702083782352,24.196765899658203,8840300,24.189777180588024
2011-06-06 00:00:00+00:00,24.3225418059564,23.959205627441403,23.959205627441406,7485400,24.126897608038497
2011-06-07 00:00:00+00:00,24.4692659223275,23.97317351297635,23.98714828491211,9335000,24.07798030437176
2011-06-08 00:00:00+00:00,23.98015296532712,23.770536774821203,23.826433181762695,9432400,23.89630702220765
2011-06-09 00:00:00+00:00,24.147854164050575,23.833428459033925,23.98714828491211,6934100,23.847403230969686
2011-06-10 00:00:00+00:00,23.93124848984951,23.351307466024696,23.386245727539062,12388200,23.875349403758626
2011-06-13 00:00:00+00:00,23.672725327095208,23.344324812032195,23.414196014404297,11743300,23.379260413218244
2011-06-14 00:00:00+00:00,24.519434945337917,23.73098151324729,24.463115692138672,17534700,23.83657877027097
2011-06-15 00:00:00+00:00,24.266011269368974,23.80842659302695,23.850666046142578,14608600,24.181532363137727
2011-06-16 00:00:00+00:00,24.484246284166094,23.942185286221818,24.287134170532227,14084900,23.98442474719385
2011-06-17 00:00:00+00:00,24.589833720362844,24.153370207375414,24.308242797851562,18322400,24.43495844443663
2011-06-20 00:00:00+00:00,24.62503934697643,24.132256426568322,24.477205276489258,7866600,24.139297678753923
2011-06-21 00:00:00+00:00,24.96294425007465,24.357525529106976,24.94182586669922,14805200,24.561678853238043
2011-06-22 00:00:00+00:00,24.920703151022224,24.561674583351245,24.589834213256836,9901700,24.829185696554116
2011-06-23 00:00:00+00:00,25.110775891583483,24.31528642577838,25.096698760986328,17098000,24.33640480712443
2011-06-24 00:00:00+00:00,25.124860776567296,24.695438385009766,24.695438385009766,15738100,25.07558275318445
2011-06-27 00:00:00+00:00,24.913669108529504,24.413847617628754,24.77991485595703,8424900,24.66023773695986
2011-06-28 00:00:00+00:00,25.54019322262856,24.822138932248603,25.38532066345215,17004200,24.878458179548765
2011-06-29 00:00:00+00:00,25.561317180996102,25.19525008839231,25.329004287719727,12298200,25.448681359075692
2011-06-30 00:00:00+00:00,25.561322690335416,25.300850114075732,25.49796485900879,11945200,25.47684379159965
2011-07-01 00:00:00+00:00,26.01890467549391,25.526121840676517,25.856990814208984,9777900,25.54724290811396
2011-07-05 00:00:00+00:00,25.941458851846953,25.645790855410063,25.758426666259766,9938900,25.786586290334583
2011-07-06 00:00:00+00:00,25.86402559336572,25.568354892279096,25.744348526000977,7031700,25.6598723337404
2011-07-07 00:00:00+00:00,26.223057515957635,25.87107016675015,26.08226203918457,9850200,25.92034818080317
2011-07-08 00:00:00+00:00,25.828834295291927,25.561325806369446,25.779556274414062,9822700,25.77251770805325
2011-07-11 00:00:00+00:00,25.80771518062099,25.45572779262264,25.59652328491211,8283800,25.526124196042048
2011-07-12 00:00:00+00:00,25.871058229857955,25.41347381283728,25.420515060424805,8931500,25.62466827327705
2011-07-13 00:00:00+00:00,25.78658809935784,25.385322827214946,25.434600830078125,10563600,25.582434838667666
2011-07-14 00:00:00+00:00,25.723234645427567,25.216372032370803,25.31492805480957,10861100,25.483883154311894
2011-07-15 00:00:00+00:00,25.406451247052207,24.984067431130548,25.279735565185547,9923500,25.406451247052207
2011-07-18 00:00:00+00:00,25.30788803857436,24.87846309218732,25.124853134155273,6908300,25.216370586364818
2011-07-19 00:00:00+00:00,25.53315085278309,25.15300404653045,25.420515060424805,9689400,25.23748021943689
2011-07-20 00:00:00+00:00,25.75140243749079,25.286776437970815,25.631725311279297,11320700,25.50500961785586
2011-07-21 00:00:00+00:00,26.19489880830309,25.716195781644654,25.849952697753906,12431800,25.74435541508349
2011-07-22 00:00:00+00:00,25.920347906577053,25.60355875855174,25.709156036376953,8011500,25.83587169558708
2011-07-25 00:00:00+00:00,26.025946132960442,25.512044912078437,25.800674438476562,8622300,25.603559691715347
2011-07-26 00:00:00+00:00,26.018899104114073,25.60355400612013,25.617633819580078,9886700,25.758429268729685
2011-07-27 00:00:00+00:00,25.596514070560023,25.026293740511026,25.082612991333008,12291900,25.56131588152113
2011-07-28 00:00:00+00:00,25.42052988521119,24.681356898947243,24.744714736938477,13821200,25.082622311074832
2011-07-29 00:00:00+00:00,24.808067316849982,24.378642359865147,24.589834213256836,12097800,24.470157128883137
2011-08-01 00:00:00+00:00,24.688396523035312,23.850667460768033,24.11113739013672,14037800,24.688396523035312
2011-08-02 00:00:00+00:00,23.93513666309993,23.08332803224467,23.104446411132812,18396800,23.836580647688578
2011-08-03 00:00:00+00:00,23.21708319298654,22.773578419999208,23.195964813232422,14224700,23.132606988519946
2011-08-04 00:00:00+00:00,23.034044704293812,22.30895054241969,22.315990447998047,18946100,22.815811659538923
2011-08-05 00:00:00+00:00,22.632784085101687,21.555702481760814,21.640178680419922,36483500,22.57646482902899
2011-08-08 00:00:00+00:00,21.365629879509182,20.358945963069264,20.365985870361328,38047000,21.203716039966753
2011-08-09 00:00:00+00:00,21.302268251095374,19.80280183388091,21.224830627441406,26132600,20.612373572418424
2011-08-10 00:00:00+00:00,20.87988883284344,20.021040209443676,20.0703182220459,23457600,20.640537335011107
2011-08-11 00:00:00+00:00,21.400831348174474,19.936563975476357,21.15443992614746,20127300,19.94360388384573
2011-08-12 00:00:00+00:00,21.576816295474398,20.971399190743934,21.527538299560547,18736700,21.288186882786405
2011-08-15 00:00:00+00:00,22.1540793203064,21.450104747580397,22.14703941345215,15899400,21.58386029236132
2011-08-16 00:00:00+00:00,23.519798559603228,23.005897264768862,23.315645217895508,28972400,23.25228737686383
2011-08-17 00:00:00+00:00,23.92808555274494,23.17483064679454,23.519779205322266,16303100,23.618335169059158
2011-08-18 00:00:00+00:00,23.097410441540216,22.351196306741993,22.63982582092285,18497300,22.82285805789961
2011-08-19 00:00:00+00:00,23.1326070424164,22.379354394329813,22.442710876464844,15469100,22.42159249666152
2011-08-22 00:00:00+00:00,22.956611376506352,22.54830483299289,22.72429847717285,12720900,22.808777359903157
2011-08-23 00:00:00+00:00,23.33675910059784,22.703180885429123,23.3085994720459,12545000,22.85101490715183
2011-08-24 00:00:00+00:00,24.25896787774562,23.1466892316621,24.19561004638672,19880300,23.217085628527364
2011-08-25 00:00:00+00:00,24.47016339936606,23.66763253955892,23.822507858276367,15470400,24.258971491856414
2011-08-26 00:00:00+00:00,24.26601152299383,23.66059278259533,23.935142517089844,18409800,24.005538920901017
2011-08-29 00:00:00+00:00,24.27305054542396,23.794347471248543,23.928104400634766,14713500,24.27305054542396
2011-08-30 00:00:00+00:00,23.99192437417896,23.61605143699356,23.807533264160156,16123400,23.921003675960954
2011-08-31 00:00:00+00:00,24.048651111214966,23.53094234148379,23.672780990600586,17507500,23.99900798982617
2011-09-01 00:00:00+00:00,23.956466000636954,23.311102436607637,23.353654861450195,15358200,23.779168288482214
2011-09-02 00:00:00+00:00,23.10543564890797,22.637368515214472,22.821758270263672,12277400,22.88558554519124
2011-09-06 00:00:00+00:00,22.779203983439448,22.04164637641348,22.72956085205078,12043700,22.091289507802145
2011-09-07 00:00:00+00:00,23.31110382080078,22.942324232979303,23.31110382080078,13313200,23.11253123710789
2011-09-08 00:00:00+00:00,23.325282659173965,22.906860020577028,23.02033042907715,9915100,23.190537394501302
2011-09-09 00:00:00+00:00,22.942327262023923,22.36788429611268,22.601917266845703,11734600,22.73666393262364
2011-09-12 00:00:00+00:00,22.95650019269841,22.1054722387718,22.94231605529785,12102200,22.119656376172358
2011-09-13 00:00:00+00:00,23.289823047159018,22.793389008608887,23.162168502807617,12607700,22.95650254742504
2011-09-14 00:00:00+00:00,24.112487730755625,23.176356070577683,23.7862606048584,15407500,23.21181507028855
2011-09-15 00:00:00+00:00,24.32524027561398,23.89263351919632,24.31105613708496,12017900,24.03447219913867
2011-09-16 00:00:00+00:00,24.82167943890334,24.452899876883546,24.545095443725586,20791300,24.55927958518962
2011-09-19 00:00:00+00:00,24.459989582456462,23.99192380668116,24.360700607299805,8805400,24.155037350702315
2011-09-20 00:00:00+00:00,25.055707262458434,24.261411777117072,24.686927795410156,13980300,24.467077717358013
2011-09-21 00:00:00+00:00,24.842959749681064,23.963564428733374,23.9990234375,11896600,24.73658272338119
2011-09-22 00:00:00+00:00,23.949377166993493,23.10544096465608,23.438758850097656,19984900,23.261461123992003
2011-09-23 00:00:00+00:00,24.013200002152406,23.339468226858575,23.91391372680664,12993800,23.389111364531455
2011-09-26 00:00:00+00:00,24.112489700317383,23.389114684666044,24.112489700317383,17329700,23.92810126355064
2011-09-27 00:00:00+00:00,24.58055563618739,23.89263962125287,24.027387619018555,13172200,24.523821772929598
2011-09-28 00:00:00+00:00,24.32524773215525,23.80753869121533,23.828813552856445,9723100,24.13376586133934
2011-09-29 00:00:00+00:00,24.45289499099143,23.438752074408285,23.96355438232422,14233100,24.14085205717655
2011-09-30 00:00:00+00:00,23.864274555207274,23.289828959790416,23.31110382080078,10915500,23.580597116775813
2011-10-03 00:00:00+00:00,23.403298390835356,22.396247315062137,22.403339385986328,17929700,23.2614596777
2011-10-04 00:00:00+00:00,23.08415962228446,22.006190651905143,23.02742576599121,15100000,22.07710864860875
2011-10-05 00:00:00+00:00,23.431669085994578,22.51681213273519,23.282739639282227,16324600,22.580639424947442
2011-10-06 00:00:00+00:00,23.68696512604699,22.97777458581022,23.672780990600586,9052800,23.055783272744602
2011-10-07 00:00:00+00:00,24.35361335771989,23.74370880737507,24.05575180053711,12809500,23.85717923264748
2011-10-10 00:00:00+00:00,24.580554962158203,24.233050252344935,24.580554962158203,8757300,24.318155102920684
2011-10-11 00:00:00+00:00,24.694031649428364,24.275608830104257,24.61602020263672,8010300,24.538008755845073
2011-10-12 00:00:00+00:00,24.88550006426578,24.61600685925349,24.62310028076172,10671200,24.757845530594043
2011-10-13 00:00:00+00:00,24.61600831486713,24.147942565508604,24.40325164794922,8943700,24.48126305706694
2011-10-14 00:00:00+00:00,24.87840951732959,24.459986921970017,24.857131958007812,7648700,24.694018431728338
2011-10-17 00:00:00+00:00,25.162094330488614,24.530914824137366,24.573467254638672,8837700,24.715303278945523
2011-10-18 00:00:00+00:00,25.672710547577505,24.4174423579766,25.495412826538086,15042600,24.63729250599095
2011-10-19 00:00:00+00:00,25.545055709948855,25.027346694466463,25.105358123779297,9948800,25.381942132907703
2011-10-20 00:00:00+00:00,25.424488121562714,24.935147462278703,25.339385986328125,9481300,25.247190428370928
2011-10-21 00:00:00+00:00,26.14077377319336,25.52377852401443,26.14077377319336,14116400,25.637248945763982
2011-10-24 00:00:00+00:00,26.48826445976384,25.92800601306718,26.027292251586914,11163800,26.32515096714612
2011-10-25 00:00:00+00:00,26.062765224124043,25.509597195282744,25.559240341186523,10883800,25.89965164396183
2011-10-26 00:00:00+00:00,25.998934653990574,25.282653135401436,25.920923233032227,11159200,25.8145462361012
2011-10-27 00:00:00+00:00,26.701038037658535,26.091133440612953,26.396085739135742,11760900,26.623026607057557
2011-10-28 00:00:00+00:00,26.36771382390331,25.55214333217295,25.615970611572266,14076900,26.183322703261652
2011-10-31 00:00:00+00:00,25.545049462312356,25.30392451493109,25.389026641845703,10288000,25.417394919266517
2011-11-01 00:00:00+00:00,25.516678523152304,24.523813265123717,25.204635620117188,13087000,24.63728365762263
2011-11-02 00:00:00+00:00,25.672702583548876,25.360656959897327,25.523773193359375,9894700,25.608875315560848
2011-11-03 00:00:00+00:00,25.885467013648874,25.311021429283535,25.850008010864258,9028600,25.701078575959784
2011-11-04 00:00:00+00:00,25.82872419627444,25.42448571055895,25.807449340820312,6245200,25.62306094773957
2011-11-07 00:00:00+00:00,26.53791403885551,25.935103040908857,26.48118019104004,12573600,26.03438930359675
2011-11-08 00:00:00+00:00,26.949248738882556,26.43863052864499,26.906696319580078,9872600,26.637205780041842
2011-11-09 00:00:00+00:00,26.793224558363207,26.261331517917046,26.353527069091797,10918000,26.559193027347806
2011-11-10 00:00:00+00:00,26.623025790291553,26.27552107518879,26.381900787353516,7287700,26.573382646040937
2011-11-11 00:00:00+00:00,27.21874689682063,26.594658161141588,26.991806030273438,10185600,26.594658161141588
2011-11-14 00:00:00+00:00,27.332216675240726,26.913793955316496,27.126550674438477,13926600,27.055632669847306
2011-11-15 00:00:00+00:00,27.47405880681196,26.842876583915043,26.998899459838867,15280400,27.360588362144306
2011-11-16 00:00:00+00:00,27.481148550500734,26.651396460575576,26.835784912109375,11800000,26.701039609271163
2011-11-17 00:00:00+00:00,27.01306896938274,26.41025806590882,26.67974853515625,11376300,26.83577132655543
2011-11-18 00:00:00+00:00,26.913792234737794,26.44572640045315,26.86414909362793,11816000,26.82869009359921
2011-11-21 00:00:00+00:00,26.842862727100652,26.02020175159677,26.282604217529297,11602100,26.59464710294546
2011-11-22 00:00:00+00:00,26.573372777528544,26.08402952971562,26.310970306396484,8235700,26.247143043870775
2011-11-23 00:00:00+00:00,26.1620504348573,25.864191571742808,25.89965057373047,6710500,26.084039007275376
2011-11-25 00:00:00+00:00,26.204600404757237,25.821636726342646,25.86418914794922,3616800,25.87837328848474
2011-11-28 00:00:00+00:00,26.750683335520524,26.2897081387104,26.452821731567383,8060800,26.3748102946904
2011-11-29 00:00:00+00:00,27.946639043209096,26.631502927849457,27.846574783325195,20793800,26.731569914279945
2011-11-30 00:00:00+00:00,28.439802151517895,27.582104652286354,28.03239631652832,19655000,28.19678790551138
2011-12-01 00:00:00+00:00,28.27541895999004,27.725062923921968,28.118173599243164,9621900,27.77509504296943
2011-12-02 00:00:00+00:00,28.91868906106536,28.35403776716902,28.547019958496094,17909600,28.368333047253902
2011-12-05 00:00:00+00:00,29.011616465437097,28.43981870857596,28.75430679321289,13964300,28.68283309606029
2011-12-06 00:00:00+00:00,29.104532346869735,28.568471477376093,28.818632125854492,12500900,28.654240453062034
2011-12-07 00:00:00+00:00,29.254640690161,28.61851530133868,29.111690521240234,12196100,28.64710588043237
2011-12-08 00:00:00+00:00,29.161710293372582,28.47555304565712,28.525585174560547,12008200,28.940140215813557
2011-12-09 00:00:00+00:00,28.882961629324992,28.582768829427938,28.75430679321289,10311000,28.675684090416965
2011-12-12 00:00:00+00:00,28.668530527160996,28.096732915583377,28.62564468383789,11089400,28.482694599306967
2011-12-13 00:00:00+00:00,28.76859964301538,28.13247452193901,28.23968505859375,11351400,28.747158080993742
2011-12-14 00:00:00+00:00,28.282567187694998,27.760801676966775,27.9752254486084,12084800,28.139617097751852
2011-12-15 00:00:00+00:00,28.56132229663696,28.146769977915028,28.175357818603516,10784900,28.318307928232187
2011-12-16 00:00:00+00:00,28.975877904542482,28.40408018147151,28.890106201171875,20212600,28.411226460145755
2011-12-19 00:00:00+00:00,29.168855199771905,28.66853125449329,28.732858657836914,8901900,28.811481342650914
2011-12-20 00:00:00+00:00,30.012265573473297,29.147418540776385,29.983675003051758,20396200,29.147418540776385
2011-12-21 00:00:00+00:00,30.055136478162503,29.70491167586044,30.019399642944336,12073900,29.962218525358672
2011-12-22 00:00:00+00:00,30.119464588837584,29.769239778202255,29.96221923828125,9880000,29.96936824142244
2011-12-23 00:00:00+00:00,30.112330805710215,29.797839974116748,30.083740234375,4353700,30.00511752647663
2011-12-27 00:00:00+00:00,30.355343695135957,29.96223017524881,30.17665672302246,4763300,30.01226503586366
2011-12-28 00:00:00+00:00,30.298153202916993,29.676323495340828,29.683469772338867,5136600,30.183793685126595
2011-12-29 00:00:00+00:00,30.04083603316389,29.719201844960523,30.026540756225586,6297000,29.81211705524158
2011-12-30 00:00:00+00:00,30.24810966112545,30.026536986219384,30.04798126220703,4773800,30.126603912223537
2012-01-03 00:00:00+00:00,30.66267266147333,30.069430853808104,30.119462966918945,8452900,30.312445143151766
2012-01-04 00:00:00+00:00,30.676972859938946,29.962225092728293,30.548320770263672,11085800,30.062292070436722
2012-01-05 00:00:00+00:00,30.877103677141182,30.29815701186266,30.798480987548828,10245500,30.46969767338655
2012-01-06 00:00:00+00:00,30.948583226279986,30.591209279725835,30.87710952758789,7285500,30.73415940365686
2012-01-09 00:00:00+00:00,30.94857834537533,30.555467611472682,30.89854621887207,7346600,30.862809375162087
2012-01-10 00:00:00+00:00,31.163004389645888,30.819925757415724,31.112972259521484,7497500,31.112972259521484
2012-01-11 00:00:00+00:00,31.162997205319616,30.848509213247436,31.06293296813965,8222100,31.10581880973648
2012-01-12 00:00:00+00:00,31.20589310244731,30.827077589186462,31.012910842895508,8449900,31.155860967735382
2012-01-13 00:00:00+00:00,31.112960515858884,30.676964066588493,31.098665237426758,8076200,30.81276784842092
2012-01-17 00:00:00+00:00,31.420306059836044,31.105818075190314,31.263063430786133,7709100,31.17014547279352
2012-01-18 00:00:00+00:00,32.15649972671247,31.23447455356232,32.077877044677734,13147000,31.248769834527366
2012-01-19 00:00:00+00:00,32.46384946560909,31.770545831965702,32.456703186035156,15722900,32.07073865191598
2012-01-20 00:00:00+00:00,32.52103052280724,31.670481475306104,31.81342887878418,12589200,32.48529367193772
2012-01-23 00:00:00+00:00,32.15649972671247,31.434603033980874,32.077877044677734,13779200,31.677617357294572
2012-01-24 00:00:00+00:00,32.256567896421515,31.849161882198597,32.13505935668945,10953000,31.949226134597716
2012-01-25 00:00:00+00:00,32.456696748161846,31.877750061818716,32.349483489990234,9930000,32.04214445142756
2012-01-26 00:00:00+00:00,32.413819612502394,31.784843356900872,32.12792205810547,11174400,32.413819612502394
2012-01-27 00:00:00+00:00,32.16364626575816,31.741945016767485,32.07072830200195,7924800,31.97066406097808
2012-01-30 00:00:00+00:00,32.01355141578959,31.60614542864407,31.999256134033203,6724600,31.86345504716676
2012-01-31 00:00:00+00:00,32.342344807388294,31.63474313567854,31.7276611328125,10343500,32.07073982236821
2012-02-01 00:00:00+00:00,32.09932194239256,31.749094338677146,31.784833908081055,10906400,31.942076561963635
2012-02-02 00:00:00+00:00,31.892033214143463,31.66331422848349,31.777673721313477,8963500,31.84200110643943
2012-02-03 00:00:00+00:00,32.35663648781469,32.03499940015316,32.285160064697266,10422700,32.03499940015316
2012-02-06 00:00:00+00:00,32.363780886652705,32.156506088020855,32.306602478027344,8091400,32.19938921285323
2012-02-07 00:00:00+00:00,32.5782109821638,32.23512958668051,32.49243927001953,9725400,32.256573877990014
2012-02-08 00:00:00+00:00,32.499586607502785,32.056440963815014,32.285160064697266,7578800,32.492437601917665
2012-02-09 00:00:00+00:00,32.42809827358998,32.04213663670607,32.356624603271484,5356700,32.356624603271484
2012-02-10 00:00:00+00:00,32.399513244628906,32.113613085527064,32.399513244628906,5026100,32.142203646746445
2012-02-13 00:00:00+00:00,32.95702397242281,32.48529049801307,32.828369140625,9184000,32.535322629651475
2012-02-14 00:00:00+00:00,33.02849425297504,32.6496788021439,32.92128372192383,7717100,32.77833362064248
2012-02-15 00:00:00+00:00,32.999895301359935,32.628228949642555,32.671112060546875,7486800,32.70684889514904
2012-02-16 00:00:00+00:00,33.04279295143912,32.67827274570978,32.828369140625,7453800,32.799778572104
2012-02-17 00:00:00+00:00,33.39302089267339,32.94272897742712,33.38587188720703,11555900,32.98561483058519
2012-02-21 00:00:00+00:00,34.35792210595388,33.335832665374795,33.53596115112305,20475700,34.35077582855407
2012-02-22 00:00:00+00:00,33.76469493035638,33.20004338590815,33.28581237792969,11639500,33.45020408203225
2012-02-23 00:00:00+00:00,33.73609048148797,33.250061849029514,33.557403564453125,9232100,33.26435712957782
2012-02-24 00:00:00+00:00,33.6932054985382,33.43589589520295,33.5788459777832,9730700,33.59314125869583
2012-02-27 00:00:00+00:00,33.85760175177987,33.30009935296659,33.543113708496094,9804600,33.378722045424134
2012-02-28 00:00:00+00:00,33.82902572514776,33.47165170849442,33.75754928588867,7947700,33.72895871018503
2012-02-29 00:00:00+00:00,34.16492946778617,33.73608206451606,34.00053787231445,11348600,33.74322833973427
2012-03-01 00:00:00+00:00,34.22926631478311,33.80041879294343,33.92192459106445,7940900,33.97195671106088
2012-03-02 00:00:00+00:00,34.043430041914334,33.786120461424865,33.88618469238281,5916700,33.907626248575
2012-03-05 00:00:00+00:00,34.07918001070854,33.550265366260454,33.87190246582031,9044600,33.79327976075603
2012-03-06 00:00:00+00:00,33.59861792304288,33.167127188277526,33.361297607421875,9087000,33.54108472774067
2012-03-07 00:00:00+00:00,34.15955492729456,33.33972604797292,34.080448150634766,10648900,33.37568292554539
2012-03-08 00:00:00+00:00,34.51193944742095,34.130788857899105,34.38968276977539,10433000,34.181129035949056
2012-03-09 00:00:00+00:00,34.648590045597494,34.39688905826679,34.59105682373047,8799200,34.46160981786468
2012-03-12 00:00:00+00:00,34.99377203861164,34.519134055087555,34.94343185424805,9458800,34.56947423945115
2012-03-13 00:00:00+00:00,35.360532318520846,34.95061787107414,35.338958740234375,10853100,35.022534370918976
2012-03-14 00:00:00+00:00,35.748868964396,35.403678035922695,35.57627487182617,10076400,35.54031525448495
2012-03-15 00:00:00+00:00,35.55470471820205,35.14479024809946,35.382110595703125,8869200,35.53313113872321
2012-03-16 00:00:00+00:00,35.612235457966136,35.13040451737205,35.274234771728516,13267200,35.561895280441455
2012-03-19 00:00:00+00:00,35.2310838451404,34.86431659861805,35.11602020263672,9028200,35.17355065222174
2012-03-20 00:00:00+00:00,35.597859420297354,34.9218606532497,35.51156234741211,7629300,34.9218606532497
2012-03-21 00:00:00+00:00,35.90707681297807,35.4612056105931,35.806396484375,10347800,35.511545774894635
2012-03-22 00:00:00+00:00,35.87112898941419,35.48278812974117,35.727298736572266,7195700,35.5762782055885
2012-03-23 00:00:00+00:00,35.655387847885386,35.05849321077842,35.62662124633789,8655700,35.51155758348203
2012-03-26 00:00:00+00:00,36.06529806348118,35.74168069258578,36.0509147644043,11740100,35.748870970457325
2012-03-27 00:00:00+00:00,36.2091250701933,35.957424198139826,35.98619079589844,7785700,35.993381073671216
2012-03-28 00:00:00+00:00,36.13720310461786,35.66975559896617,35.89269256591797,7982700,35.87830927030819
2012-03-29 00:00:00+00:00,35.91426613766606,35.5259281295347,35.89269256591797,5491400,35.597841864250434
2012-03-30 00:00:00+00:00,36.25946291046211,35.95742188344133,36.18035888671875,7713000,35.95742188344133
2012-04-02 00:00:00+00:00,36.137214690376545,35.78483069329397,35.95023727416992,8435800,36.0293413103851
2012-04-03 00:00:00+00:00,36.13002867288742,35.748878030412016,35.95743179321289,8669600,35.83517784191645
2012-04-04 00:00:00+00:00,35.96460432567568,35.64098979389268,35.84954071044922,6280000,35.80639356932241
2012-04-05 00:00:00+00:00,36.439250483293144,35.64099801172923,36.40329360961914,9558500,35.73448533461492
2012-04-09 00:00:00+00:00,36.453650111210216,35.863948340126115,36.37454605102539,8302700,35.863948340126115
2012-04-10 00:00:00+00:00,36.575907939636096,35.49718475341797,35.49718475341797,13245100,36.187566934197186
2012-04-11 00:00:00+00:00,35.914282366118904,35.676964739654636,35.777645111083984,7631100,35.72730492536931
2012-04-12 00:00:00+00:00,36.44645645920907,35.71292445351845,36.410499572753906,10472200,35.8495617193819
2012-04-13 00:00:00+00:00,36.87793922150383,36.388917955477574,36.64781188964844,10430600,36.388917955477574
2012-04-16 00:00:00+00:00,37.28785036828437,36.63342531246879,37.172786712646484,10239000,36.99299957925392
2012-04-17 00:00:00+00:00,37.50358951561012,36.863545146161826,37.41728973388672,9054400,37.244695657106696
2012-04-18 00:00:00+00:00,37.366961068944136,37.03615336717156,37.259090423583984,7051600,37.2950473053707
2012-04-19 00:00:00+00:00,37.37415072014809,36.88512949062265,37.07929992675781,10894800,37.25189404109973
2012-04-20 00:00:00+00:00,37.3453859642408,36.86355498929576,37.00738525390625,11027600,37.25189588074385
2012-04-23 00:00:00+00:00,36.86355303681002,36.43206500916651,36.74848937988281,6801100,36.78444900163142
2012-04-24 00:00:00+00:00,37.15841205058975,36.57590335872206,36.84198760986328,6437400,36.84918063313808
2012-04-25 00:00:00+00:00,37.417302163492465,37.00019738660542,37.33100509643555,6529100,37.028963990069165
2012-04-26 00:00:00+00:00,37.43167012476828,36.964225355057664,37.302223205566406,7361400,37.25188304180269
2012-04-27 00:00:00+00:00,37.67620383086912,36.88514127680427,37.359779357910156,11022100,37.40292652861578
2012-04-30 00:00:00+00:00,37.366970622284576,37.09369605617202,37.24471664428711,6800700,37.323823450443086
2012-05-01 00:00:00+00:00,37.93508091722471,37.093678543538545,37.62584686279297,8474800,37.34537940489758
2012-05-02 00:00:00+00:00,38.007002845461045,37.49640799204699,37.90632247924805,10109100,37.5323648737896
2012-05-03 00:00:00+00:00,38.028573462142845,37.5683188609067,37.73372268676758,10470300,37.899126512628456
2012-05-04 00:00:00+00:00,37.654615296195736,37.17997740352662,37.3669548034668,8564700,37.60427512146824
2012-05-07 00:00:00+00:00,37.27346980453521,36.935469115955726,36.9570426940918,8532000,37.10806322771219
2012-05-08 00:00:00+00:00,36.877931474783395,35.82078512343286,36.40329360961914,15807200,36.834784323708035
2012-05-09 00:00:00+00:00,36.22352610481323,35.84956838085557,36.03654861450195,17577400,36.09407909485346
2012-05-10 00:00:00+00:00,36.496783675838444,36.2235064979155,36.40329360961914,16080300,36.33137986227113
2012-05-11 00:00:00+00:00,36.590283365665094,35.99338868101966,36.201942443847656,10489700,36.13721895687808
2012-05-14 00:00:00+00:00,36.38171899178846,35.75606062911758,35.871124267578125,12329400,36.05810165132644
2012-05-15 00:00:00+00:00,35.59785984267175,33.96539200149454,35.0009651184082,28826600,34.44722304610102
2012-05-16 00:00:00+00:00,35.46840328242066,35.058488862875286,35.072872161865234,14756500,35.16636223363303
2012-05-17 00:00:00+00:00,35.02253517888902,33.80717236514548,33.81436538696289,15699100,35.015342157071615
2012-05-18 00:00:00+00:00,34.18832919262007,33.59862748953613,33.83594512939453,12962200,33.799988243759564
2012-05-21 00:00:00+00:00,34.389679424488484,33.34691360012675,34.2386589050293,12713000,33.43321339124659
2012-05-22 00:00:00+00:00,34.936238154967924,34.28900335746241,34.70610809326172,15028300,34.51194039734409
2012-05-23 00:00:00+00:00,35.094443384873024,34.39687126231664,35.05129623413086,13489900,34.50474188250564
2012-05-24 00:00:00+00:00,35.7560638707904,35.00095576014248,35.748870849609375,9702000,35.11602215236858
2012-05-25 00:00:00+00:00,36.02215813588675,35.468413313172164,35.554710388183594,9819200,35.77764747057556
2012-05-29 00:00:00+00:00,36.11171905642768,35.64151601967928,36.01044464111328,8582600,35.894702057965276
2012-05-30 00:00:00+00:00,36.01044173848769,35.3810916658193,35.95980453491211,11996300,35.84406196109355
2012-05-31 00:00:00+00:00,36.00321264641402,35.5619431771166,35.69215393066406,14217000,35.894702765284165
2012-06-01 00:00:00+00:00,35.62703097238354,34.66491896368684,34.69385528564453,12638700,35.337673271845695
2012-06-04 00:00:00+00:00,35.359376714458,34.541943560159446,35.27256774902344,15969800,34.657686087886006
2012-06-05 00:00:00+00:00,35.504066244918086,34.92535067266694,35.38832092285156,9457500,35.070029565729726
2012-06-06 00:00:00+00:00,36.6036262512207,35.692153740758975,36.6036262512207,19333500,35.8078963255719
2012-06-07 00:00:00+00:00,37.34147235259207,36.82786499630007,37.066585540771484,20693300,36.97977656486195
2012-06-08 00:00:00+00:00,37.876776628017865,36.9291328384811,37.86954116821289,13338300,37.04487535968626
2012-06-11 00:00:00+00:00,38.115512875653316,37.09553054998548,37.14616775512695,11729100,38.043174799599996
2012-06-12 00:00:00+00:00,37.833391214060384,37.182340239000986,37.78998947143555,9006300,37.283614651153286
2012-06-13 00:00:00+00:00,37.544019723002705,36.75552288246927,36.87126541137695,14524800,37.45721075668227
2012-06-14 00:00:00+00:00,38.02869954157309,37.088290930626926,37.73210906982422,16512900,37.21850165086011
2012-06-15 00:00:00+00:00,37.97805725340762,37.33423920053969,37.52231979370117,17480700,37.681466821428465
2012-06-18 00:00:00+00:00,38.07210320384979,37.363179720009114,37.84785079956055,11636100,37.56572849838641
2012-06-19 00:00:00+00:00,38.49892509667342,38.00701829069436,38.318077087402344,10420400,38.15892995619688
2012-06-20 00:00:00+00:00,38.54232488212375,37.862337395460266,38.216800689697266,9376400,38.412114101344564
2012-06-21 00:00:00+00:00,38.33975737006457,37.06658928290789,37.0810546875,20047000,38.20231395027838
2012-06-22 00:00:00+00:00,37.63083267211914,37.182330637183725,37.63083267211914,22946500,37.399347572828596
2012-06-25 00:00:00+00:00,37.41382487786244,37.044893513556424,37.26914596557617,10104700,37.319783170948256
2012-06-26 00:00:00+00:00,37.77551720356082,37.1172308365064,37.529563903808594,9202500,37.348715970447266
2012-06-27 00:00:00+00:00,37.565718228567505,37.19678704364526,37.290828704833984,12224000,37.544017368108335
2012-06-28 00:00:00+00:00,37.51510222693308,36.81341124107405,37.39212417602539,11017000,37.16787446596228
2012-06-29 00:00:00+00:00,38.3325309753418,37.75381535370527,38.3325309753418,9688100,37.80445255667038
2012-07-02 00:00:00+00:00,38.513382673205506,37.98530420303372,38.34700012207031,9738900,38.31083108207083
2012-07-03 00:00:00+00:00,37.59466718899718,36.79893467054599,37.363182067871094,13270600,37.522326363945076
2012-07-05 00:00:00+00:00,37.82615647967258,37.11723287313979,37.695945739746094,9036100,37.153401909892565
2012-07-06 00:00:00+00:00,37.811682630874486,37.392114140935654,37.724876403808594,7127700,37.46445496309073
2012-07-09 00:00:00+00:00,37.83339297343022,37.421059842194936,37.703182220458984,6132600,37.761054892677706
2012-07-10 00:00:00+00:00,38.15891323865014,37.659773945164346,37.775516510009766,8368700,37.93466081197196
2012-07-11 00:00:00+00:00,38.05764124054994,37.16786969975167,37.37765121459961,10075500,37.768283430419515
2012-07-12 00:00:00+00:00,37.507845587983866,36.79168959763731,37.290828704833984,9535000,36.94360113989029
2012-07-13 00:00:00+00:00,37.761046304763376,37.39935046421874,37.68147277832031,7970300,37.515093022812216
2012-07-16 00:00:00+00:00,37.47893117067782,36.842345596699886,37.218509674072266,8484000,37.47893117067782
2012-07-17 00:00:00+00:00,36.95809154187304,36.37214312116989,36.69043731689453,16519200,36.835113486382774
2012-07-18 00:00:00+00:00,36.91467181839995,36.40106445368048,36.82786560058594,9222600,36.596380513401954
2012-07-19 00:00:00+00:00,37.16787401602243,36.53128841552174,36.86404800415039,10630900,36.90021704473682
2012-07-20 00:00:00+00:00,36.95085400871353,36.603623520656605,36.67596435546875,8926100,36.80617509860993
2012-07-23 00:00:00+00:00,37.066599598572054,36.00321269630127,36.86404800415039,10575800,36.24916603561829
2012-07-24 00:00:00+00:00,37.10999476042398,36.6108554660247,37.015953063964844,8847100,36.86404146473729
2012-07-25 00:00:00+00:00,37.507848000003484,36.89296633161768,36.943603515625,8365500,37.247429379188496
2012-07-26 00:00:00+00:00,38.310823421194634,37.42828743169705,38.274654388427734,12548400,37.42828743169705
2012-07-27 00:00:00+00:00,39.2657037478724,38.274657811909584,38.853370666503906,9140400,38.332530477129296
2012-07-30 00:00:00+00:00,38.88954709126847,38.20232699810065,38.5206184387207,9024400,38.67253007450384
2012-07-31 00:00:00+00:00,38.33976305013191,37.70317753248283,37.74658203125,11606100,38.32529488387618
2012-08-01 00:00:00+00:00,37.99976960917777,37.290845990531935,37.3848876953125,8327200,37.8406252928422
2012-08-02 00:00:00+00:00,37.67425204794484,37.04489909854476,37.17510986328125,9536700,37.28361975373537
2012-08-03 00:00:00+00:00,37.86233328978396,37.515105498532286,37.82616424560547,7484300,37.7610588622757
2012-08-06 00:00:00+00:00,38.151682266176906,37.57296665617916,37.616371154785156,7471600,37.912961663124754
2012-08-07 00:00:00+00:00,37.999766323603616,37.457222531389874,37.90572738647461,6519100,37.79721752422369
2012-08-08 00:00:00+00:00,38.23125269083636,37.580201774832865,38.18785095214844,5398200,37.71041250993767
2012-08-09 00:00:00+00:00,38.64358221557546,37.970830492029066,38.44826889038086,8324900,38.006999524119905
2012-08-10 00:00:00+00:00,38.40487195316355,38.035943338009716,38.38317108154297,9086700,38.30359753957312
2012-08-13 00:00:00+00:00,38.50613943353075,38.08657368712662,38.20954895019531,9982500,38.448269533122044
2012-08-14 00:00:00+00:00,39.77207159546033,38.86059935334652,39.57675552368164,19528000,39.17165797586221
2012-08-15 00:00:00+00:00,40.03249041966258,39.555052083998454,39.786537170410156,9630600,39.60568927418102
2012-08-16 00:00:00+00:00,40.84993829383131,39.76485052835979,40.734195709228516,10150600,39.78655140062253
2012-08-17 00:00:00+00:00,41.36354798607731,40.56058255645495,41.038021087646484,11263000,40.69802602044973
2012-08-20 00:00:00+00:00,40.994598336538104,40.49545915410209,40.92226028442383,8435300,40.92226028442383
2012-08-21 00:00:00+00:00,41.160985406789294,40.59673805129408,40.741416931152344,8382600,40.99460290126422
2012-08-22 00:00:00+00:00,41.17544915858498,40.66907723868503,40.972900390625,6677800,40.726947132593594
2012-08-23 00:00:00+00:00,41.182696057574375,40.835468319128424,40.907806396484375,6613200,40.92951002730778
2012-08-24 00:00:00+00:00,41.2333201756636,40.79205086910262,41.204383850097656,5784000,40.79205086910262
2012-08-27 00:00:00+00:00,41.29120310435811,40.813761892242525,40.99460983276367,7164000,41.29120310435811
2012-08-28 00:00:00+00:00,41.33634782431548,40.863726325712555,41.10367202758789,4758300,40.892811493732076
2012-08-29 00:00:00+00:00,41.452701784511795,41.11096063586671,41.32909393310547,4593900,41.22002589762841
2012-08-30 00:00:00+00:00,41.30000512485757,41.06005935109316,41.169124603271484,5846200,41.23456486406453
2012-08-31 00:00:00+00:00,41.42360702207895,41.11821827807132,41.263641357421875,7446700,41.307269113341405
2012-09-04 00:00:00+00:00,41.44542141623001,41.060052595913405,41.292728424072266,5914100,41.292728424072266
2012-09-05 00:00:00+00:00,41.6780858553217,40.98732846573318,41.110939025878906,6068500,41.423597604600936
2012-09-06 00:00:00+00:00,41.93258103993874,41.081860655100954,41.91804122924805,7706900,41.081860655100954
2012-09-07 00:00:00+00:00,42.09254595664301,41.47450138569391,41.634464263916016,6808700,41.99802054652473
2012-09-10 00:00:00+00:00,42.08527796899086,41.60538376503012,41.663551330566406,6903700,41.7944318201661
2012-09-11 00:00:00+00:00,41.66355279802081,41.16184608602738,41.24182891845703,7490100,41.61265513624095
2012-09-12 00:00:00+00:00,41.51811317964862,41.03094924704298,41.48175811767578,7774400,41.336335096070975
2012-09-13 00:00:00+00:00,42.45610339056539,41.307266948699436,42.390663146972656,10772200,41.496315000348226
2012-09-14 00:00:00+00:00,43.41588609361355,42.652418534183354,43.234107971191406,12476500,42.69604628210172
2012-09-17 00:00:00+00:00,43.24139355644124,42.65970117209047,42.83420944213867,7985900,43.04507279278008
2012-09-18 00:00:00+00:00,42.93600196920489,42.54336046756194,42.7978515625,5216500,42.877834398802975
2012-09-19 00:00:00+00:00,43.62675904558547,42.899646394825716,43.241390228271484,6648700,43.03052689385964
2012-09-20 00:00:00+00:00,43.11777973799519,42.72513823995834,43.10323715209961,6362100,43.0377969024268
2012-09-21 00:00:00+00:00,43.575861353559056,43.12505228702161,43.20503234863281,9011000,43.32137303544469
2012-09-24 00:00:00+00:00,43.27774533096121,42.81239367800163,43.18321990966797,5589200,43.15413473792933
2012-09-25 00:00:00+00:00,44.04848163318601,43.35045144510809,43.42316436767578,9723100,43.50314719564305
2012-09-26 00:00:00+00:00,43.59041188059697,42.9941796206393,43.02326202392578,8583300,43.321380927619764
2012-09-27 00:00:00+00:00,43.77217698920247,43.0741495921517,43.53950119018555,5824200,43.20502730209869
2012-09-28 00:00:00+00:00,43.932137542303956,43.190485205761625,43.895782470703125,7740800,43.39407582569763
2012-10-01 00:00:00+00:00,44.24480848062647,43.87398220901573,44.04121780395508,8537400,44.186640904598185
2012-10-02 00:00:00+00:00,44.27388815086188,43.73582635120979,43.86670684814453,6573100,44.25934556523417
2012-10-03 00:00:00+00:00,44.92100815510285,43.90305234669013,44.91373825073242,8468300,43.95394999842507
2012-10-04 00:00:00+00:00,45.386371317324794,44.73197158162031,44.891937255859375,8722300,44.96464741303275
2012-10-05 00:00:00+00:00,45.95351791381836,45.008272067187875,45.95351791381836,9672400,45.05916972844159
2012-10-08 00:00:00+00:00,45.880811906793504,44.89194092923164,44.993736267089844,9770300,45.793559156302884
2012-10-09 00:00:00+00:00,44.841035545880175,44.3175163269043,44.3175163269043,9707700,44.7828679765338
2012-10-10 00:00:00+00:00,44.39750995659455,43.343195808841614,43.437721252441406,15262700,43.997595685101324
2012-10-11 00:00:00+00:00,43.619498187844016,42.7178770934372,42.906925201416016,10431000,43.59041301008875
2012-10-12 00:00:00+00:00,43.4958909265258,43.015996551383495,43.30684280395508,6554400,43.081436819526324
2012-10-15 00:00:00+00:00,44.172094464984475,43.4449817988942,44.09938430786133,8072200,43.53950722212605
2012-10-16 00:00:00+00:00,44.35387816686937,43.93942411737124,44.25208282470703,7162400,44.25208282470703
2012-10-17 00:00:00+00:00,45.168243145258856,44.46294566557305,44.637451171875,11372700,44.56474100653502
2012-10-18 00:00:00+00:00,45.008275064504176,44.608360879857784,44.93556213378906,9420000,44.63744605214383
2012-10-19 00:00:00+00:00,45.1027947733334,44.72469587940948,45.000999450683594,10798800,44.90647403377399
2012-10-22 00:00:00+00:00,45.117342996248226,44.666533893732634,45.11007308959961,7785800,44.89920973849648
2012-10-23 00:00:00+00:00,44.92101674514676,44.39749754523233,44.89920425415039,8273900,44.753781175507406
2012-10-24 00:00:00+00:00,45.24822220743389,44.52110951997962,44.557464599609375,7187200,45.04463154253543
2012-10-25 00:00:00+00:00,45.00098987508684,43.85215362629137,43.97576141357422,9604000,44.862839505703555
2012-10-26 00:00:00+00:00,43.9612316339927,43.21957637316682,43.655845642089844,10458600,43.90306406236514
2012-10-31 00:00:00+00:00,45.808117872030394,44.273909036013876,44.63019561767578,13817800,45.63360953589242
2012-11-01 00:00:00+00:00,45.36456786156026,44.877403609282936,45.270042419433594,6879900,45.04463922306688
2012-11-02 00:00:00+00:00,45.742661344020725,45.066446288979016,45.09553146362305,8905700,45.48090031965427
2012-11-05 00:00:00+00:00,45.46634977114379,45.03008332273352,45.35728454589844,4904200,45.095523567366506
2012-11-06 00:00:00+00:00,45.735381275874026,45.32092733728084,45.53178787231445,7017900,45.50997538303512
2012-11-07 00:00:00+00:00,45.350019862969894,44.6665349002882,45.0737190246582,8778000,45.32820736881764
2012-11-08 00:00:00+00:00,45.07372101656958,44.23754023672455,44.25208282470703,7251300,44.93556781759351
2012-11-09 00:00:00+00:00,44.608360633830806,43.852165574567096,44.32478713989258,6562300,44.10665389637969
2012-11-12 00:00:00+00:00,44.66652412079469,43.99030922811821,44.4702033996582,8353500,44.52837373497905
2012-11-13 00:00:00+00:00,46.85514445707094,45.19005569793531,46.08440399169922,21441300,45.33547601987557
2012-11-14 00:00:00+00:00,46.17165554010453,44.5865496634447,44.69561767578125,13379700,45.98260746226458
2012-11-15 00:00:00+00:00,44.99373393093701,44.382959161785294,44.53565216064453,8204600,44.550194747257045
2012-11-16 00:00:00+00:00,45.284573688608106,44.3756829015136,45.168235778808594,9059100,44.3756829015136
2012-11-19 00:00:00+00:00,46.05531220293018,45.29911443310766,46.04804229736328,10036100,45.43726760230885
2012-11-20 00:00:00+00:00,46.44068628668253,45.91716704104729,46.40433120727539,8560400,45.96806470696024
2012-11-21 00:00:00+00:00,46.6660938157291,46.17165695245133,46.600650787353516,5574000,46.287994874768756
2012-11-23 00:00:00+00:00,47.1387157036582,46.622466373910655,47.13144302368164,3721900,46.738801516388556
2012-11-26 00:00:00+00:00,47.18233886819871,46.65154974640717,47.02237319946289,6719200,46.9714755364496
2012-11-27 00:00:00+00:00,47.08080354864299,46.41615066850317,46.861690521240234,8234300,46.75213122133012
2012-11-28 00:00:00+00:00,47.36566808507586,46.28469401054902,47.3510627746582,7759600,46.649888067600365
2012-11-29 00:00:00+00:00,47.48982966938423,46.81787398505527,46.920127868652344,7629200,47.153851827219746
2012-11-30 00:00:00+00:00,47.64320904759097,46.77404559265708,47.526344299316406,9271800,47.03698570385695
2012-12-03 00:00:00+00:00,48.14715481123911,47.40216182512283,47.460594177246094,6696200,47.475199479069005
2012-12-04 00:00:00+00:00,47.46791891895896,46.91282800012306,46.920127868652344,7787600,47.424097418108424
2012-12-05 00:00:00+00:00,47.09541326236588,46.34311184642238,46.759429931640625,6050500,46.86898922884083
2012-12-06 00:00:00+00:00,47.07349572945257,46.48188334123243,46.9931526184082,5837400,46.78864490753789
2012-12-07 00:00:00+00:00,47.29262786782976,46.77405300314304,47.073509216308594,6092800,47.18306854206917
2012-12-10 00:00:00+00:00,46.99314856648702,46.03634232780719,46.04364776611328,8150000,46.99314856648702
2012-12-11 00:00:00+00:00,46.379630529370075,45.831839617605866,45.9340934753418,6880200,46.21164165077409
2012-12-12 00:00:00+00:00,46.189742991599275,45.75881391680897,45.963321685791016,7216500,46.15322135895872
2012-12-13 00:00:00+00:00,46.21895968561618,45.53969850606962,45.58352279663086,5875900,46.04366809579037
2012-12-14 00:00:00+00:00,45.59080285500054,45.13066057011883,45.32786560058594,5783500,45.52507063105304
2012-12-17 00:00:00+00:00,46.26277836426404,45.27675562902716,46.240867614746094,8188700,45.3936176034716
2012-12-18 00:00:00+00:00,46.29928179348483,45.79531521890345,46.01443099975586,7751400,46.29928179348483
2012-12-19 00:00:00+00:00,46.11668893552103,45.10145025809573,45.116058349609375,7597900,46.10938628286849
2012-12-20 00:00:00+00:00,45.26944101965639,44.72165010298164,45.26213836669922,8436700,44.88233633012635
2012-12-21 00:00:00+00:00,45.079536456546954,44.22498127131219,44.78738021850586,15929900,44.78738021850586
2012-12-24 00:00:00+00:00,45.2621422570688,44.55366505235435,44.96998596191406,3022600,44.5609677059392
2012-12-26 00:00:00+00:00,45.06494406927407,44.55367186764934,44.65592575073242,4453800,44.93347399496459
2012-12-27 00:00:00+00:00,44.860428226142595,43.97665944234395,44.604793548583984,7184600,44.57557736080328
2012-12-28 00:00:00+00:00,44.93345985899286,44.02047506696085,44.29802322387695,6508700,44.268807041841896
2012-12-31 00:00:00+00:00,45.189096159185276,44.06430097128018,45.17448806762695,7880800,44.1227305513049
2013-01-02 00:00:00+00:00,46.53300962444251,45.729584097543956,46.365020751953125,9067200,46.43075577042363
2013-01-03 00:00:00+00:00,46.69369615777323,46.07286759065733,46.233551025390625,6056800,46.58413686418404
2013-01-04 00:00:00+00:00,46.28467340317654,46.014430701417645,46.14590072631836,4779100,46.167811468399044
2013-01-07 00:00:00+00:00,46.01443350561997,45.56159382903637,45.8975715637207,5466500,45.722277257767566
2013-01-08 00:00:00+00:00,46.35042432067786,45.81724138615694,46.175132751464844,5433000,45.8318494812929
2013-01-09 00:00:00+00:00,46.47457992608098,46.02173745057055,46.13859939575195,4712400,46.38693137753851
2013-01-10 00:00:00+00:00,46.46728515625,45.85375910662863,46.46728515625,6714100,46.29199359133486
2013-01-11 00:00:00+00:00,46.56954018817559,46.26277854886335,46.525718688964844,4567100,46.357729774168725
2013-01-14 00:00:00+00:00,46.67178510021833,46.29928573348262,46.365020751953125,4532200,46.496490788894135
2013-01-15 00:00:00+00:00,46.752141089434424,46.34312277447393,46.708316802978516,5119400,46.37964162008252
2013-01-16 00:00:00+00:00,46.744835822264974,46.41616063814781,46.642581939697266,3915400,46.48189567497124
2013-01-17 00:00:00+00:00,47.687044684254545,46.77405946416793,47.51175308227539,7796000,46.88361880506223
2013-01-18 00:00:00+00:00,47.82579069753822,47.44598595988453,47.818485260009766,6534400,47.584761410844465
2013-01-22 00:00:00+00:00,48.19830181090579,47.63590551150729,48.02301025390625,6574000,47.760070132197875
2013-01-23 00:00:00+00:00,48.55619107906058,47.70163298280451,48.54158020019531,6795500,47.81849772405639
2013-01-24 00:00:00+00:00,49.43997380589489,48.614631660943076,49.1916389465332,8484600,48.614631660943076
2013-01-25 00:00:00+00:00,49.761326765713015,49.147803590359,49.534908294677734,7494700,49.381527500839226
2013-01-28 00:00:00+00:00,49.77595159104438,49.12590660875077,49.3596305847168,6561200,49.77595159104438
2013-01-29 00:00:00+00:00,49.52031433479633,48.91409088756569,49.08207702636719,6504300,49.30119568058176
2013-01-30 00:00:00+00:00,49.35962097392658,48.94330004866067,49.11128616333008,5102200,49.096680855609364
2013-01-31 00:00:00+00:00,49.34501134937221,48.8775634765625,48.8775634765625,5615900,49.10398754513028
2013-02-01 00:00:00+00:00,49.47647630212326,49.08937159484571,49.15510940551758,4983300,49.38883331778426
2013-02-04 00:00:00+00:00,49.09668194288896,48.43933163253843,48.46854782104492,4741000,48.83374181874875
2013-02-05 00:00:00+00:00,48.88486963544829,48.43202706407393,48.49045944213867,7112000,48.665751003914636
2013-02-06 00:00:00+00:00,48.73147935545441,48.205599199869084,48.6949577331543,5187000,48.23481538322574
2013-02-07 00:00:00+00:00,48.71687294304235,48.08143900714607,48.43202209472656,5743500,48.6803568898123
2013-02-08 00:00:00+00:00,48.95059439197398,48.50506290154727,48.943294525146484,4459000,48.60731676130651
2013-02-11 00:00:00+00:00,48.92136846754074,48.366272279436416,48.483131408691406,3953500,48.84102537824607
2013-02-12 00:00:00+00:00,49.250051358653096,48.58539576184734,49.169708251953125,4932500,48.7168657935003
2013-02-13 00:00:00+00:00,49.42535375976803,49.06746520629303,49.26466751098633,3668900,49.31579444719704
2013-02-14 00:00:00+00:00,49.27927253588795,48.906773146374455,49.18431854248047,5439700,49.030937752073136
2013-02-15 00:00:00+00:00,49.65907147163133,48.78991366493502,49.31578826904297,8131200,49.31578826904297
2013-02-19 00:00:00+00:00,49.60795899744988,48.899481640539136,49.33771896362305,5455500,49.396145777271066
2013-02-20 00:00:00+00:00,49.37422466965372,48.47585060508215,48.5269775390625,5598400,49.25736549444915
2013-02-21 00:00:00+00:00,48.14717909875594,46.95664857887242,47.02238082885742,10622400,48.10335759876594
2013-02-22 00:00:00+00:00,48.015693381218476,47.11001405120838,47.898834228515625,7500700,47.329132624599325
2013-02-25 00:00:00+00:00,48.607313530353935,46.613352252753586,46.6863899230957,10268800,48.176381802226466
2013-02-26 00:00:00+00:00,49.666365977867976,47.83309120282014,49.344993591308594,22792900,47.8842181213713
2013-02-27 00:00:00+00:00,49.87088750133035,49.20623737559047,49.710201263427734,14180400,49.359618173838136
2013-02-28 00:00:00+00:00,50.53553600841453,49.56411885199167,50.03156661987305,8705100,49.60064047265179
2013-03-01 00:00:00+00:00,50.477106836779136,49.73210807856367,50.41867446899414,6241800,49.94392123247131
2013-03-04 00:00:00+00:00,51.34627180893567,50.345638375773525,51.338966369628906,8375900,50.36024368196957
2013-03-05 00:00:00+00:00,51.828332288604685,51.2148090377154,51.47044372558594,8323800,51.55078685211928
2013-03-06 00:00:00+00:00,51.82832046948394,51.33165651527443,51.47773742675781,5276600,51.4704319880794
2013-03-07 00:00:00+00:00,51.492338920403206,51.08332354335771,51.30974197387695,4998300,51.41930125627602
2013-03-08 00:00:00+00:00,52.18621534303407,51.41200592080085,52.12778854370117,6470300,51.558081277759605
2013-03-11 00:00:00+00:00,52.135072852818,51.85752752845378,52.091251373291016,4902500,52.091251373291016
2013-03-12 00:00:00+00:00,52.24549300050488,51.746098124356315,51.959075927734375,4450400,52.06923763335159
2013-03-13 00:00:00+00:00,52.09861214020944,51.66531094490482,51.9664192199707,5826700,51.98845043950102
2013-03-14 00:00:00+00:00,52.11329774287189,51.54046362295899,51.58452606201172,6308900,52.047204084292794
2013-03-15 00:00:00+00:00,51.54780258557313,50.7105827331543,50.7105827331543,11275100,51.43029529250432
2013-03-18 00:00:00+00:00,51.34218972449155,50.26995488289865,50.9309196472168,6011200,50.26995488289865
2013-03-19 00:00:00+00:00,51.217331032259416,50.3507341280494,50.519649505615234,7657600,51.07779808876514
2013-03-20 00:00:00+00:00,51.07778245672175,50.55635086962703,50.58572769165039,6112000,50.96027516862832
2013-03-21 00:00:00+00:00,50.90153951408122,50.24792040146475,50.63715362548828,8045600,50.416835787032745
2013-03-22 00:00:00+00:00,51.09247439135887,50.526985905806534,51.08512878417969,5291800,50.84277977783245
2013-03-25 00:00:00+00:00,51.67266203172337,50.87215881787779,51.01904296875,7027100,51.26139761539606
2013-03-26 00:00:00+00:00,51.70205146176168,51.07780907683399,51.445011138916016,4661200,51.15859397873674
2013-03-27 00:00:00+00:00,51.187939054613544,50.673858671630974,51.151222229003906,4156300,50.82808278652575
2013-03-28 00:00:00+00:00,51.378893205355574,50.91622079216778,51.246700286865234,6752100,50.99700566474836
2013-04-01 00:00:00+00:00,51.973782831418376,51.04843757250367,51.16593933105469,5357700,51.04843757250367
2013-04-02 00:00:00+00:00,52.179400715752145,51.28342703757508,52.15736389160156,7291600,51.33483508781193
2013-04-03 00:00:00+00:00,52.09861645065426,51.42296057850125,51.67266082763672,7796000,52.03251718353767
2013-04-04 00:00:00+00:00,51.99579341448079,51.467021760297584,51.915008544921875,6613700,51.67265393624515
2013-04-05 00:00:00+00:00,51.59187006637551,51.12185205422887,51.45233154296875,6986100,51.408269105285214
2013-04-08 00:00:00+00:00,52.32628384753723,51.24670909482512,52.30425262451172,6097200,51.24670909482512
2013-04-09 00:00:00+00:00,52.56128605166792,52.10595362390664,52.289554595947266,5994800,52.31159141916003
2013-04-10 00:00:00+00:00,52.72285714727383,52.12064616775461,52.649417877197266,5423200,52.43644007183524
2013-04-11 00:00:00+00:00,53.317707361609486,52.678779730216114,52.803627014160156,7627800,52.752218979415225
2013-04-12 00:00:00+00:00,54.0961874327305,52.98723610875214,54.066810607910156,10493000,53.1781826685562
2013-04-15 00:00:00+00:00,54.48542863080621,53.031306403513334,53.045997619628906,8360600,53.868526424268936
2013-04-16 00:00:00+00:00,53.464589689025395,52.89909572253954,53.21488952636719,8119700,53.280988770592
2013-04-17 00:00:00+00:00,53.58945073594694,52.833015654162196,53.464603424072266,8838600,53.038647839145604
2013-04-18 00:00:00+00:00,53.538043466275354,53.090056655467635,53.22959518432617,7549200,53.36912811012781
2013-04-19 00:00:00+00:00,54.55152990440744,53.40586142208446,54.34589767456055,9579900,53.552739985387085
2013-04-22 00:00:00+00:00,54.507466028627775,53.78774763995307,54.243080139160156,7223500,54.287142586385464
2013-04-23 00:00:00+00:00,54.77918438489465,53.33975340870607,53.89055633544922,7898800,54.44870487007161
2013-04-24 00:00:00+00:00,54.23571424081267,53.80241873037099,53.81710433959961,6248300,54.01539648404862
2013-04-25 00:00:00+00:00,54.19166515517098,53.758363934969864,53.883216857910156,5645200,53.83914881326063
2013-04-26 00:00:00+00:00,54.11821520821016,53.70694528994191,53.86851501464844,4983000,53.787730152295175
2013-04-29 00:00:00+00:00,54.360567280703116,53.897894899802736,54.1035270690918,4518700,53.9346173313428
2013-04-30 00:00:00+00:00,54.35322418876799,53.77304454234734,53.86851501464844,6601900,53.97867669995343
2013-05-01 00:00:00+00:00,54.04477352789895,53.34709215169389,53.43522262573242,5554700,53.74367088028267
2013-05-02 00:00:00+00:00,53.96399393598781,53.266306960965224,53.85383224487305,3722900,53.44256230491503
2013-05-03 00:00:00+00:00,54.64698667248335,54.140246283237694,54.31650161743164,4953100,54.140246283237694
2013-05-06 00:00:00+00:00,55.352036574121215,54.257770479550864,55.2712516784668,5731200,54.257770479550864
2013-05-07 00:00:00+00:00,55.28592274960334,54.786527891058334,55.13169860839844,5582300,55.25654592227047
2013-05-08 00:00:00+00:00,55.44749037727164,55.021534801825226,55.388736724853516,6536600,55.21982697797225
2013-05-09 00:00:00+00:00,55.94687493583279,55.3446641168518,55.71921157836914,6338300,55.3446641168518
2013-05-10 00:00:00+00:00,55.96158113362308,55.38140691908909,55.82204818725586,5169700,55.917518687723714
2013-05-13 00:00:00+00:00,56.438932719490836,55.7779681576812,56.306739807128906,4466100,55.82203619717285
2013-05-14 00:00:00+00:00,56.85753501601186,56.36548586524409,56.784095764160156,6071700,56.38751708049403
2013-05-15 00:00:00+00:00,57.467089663120284,56.87222445766833,57.19535827636719,6706200,56.989726136361845
2013-05-16 00:00:00+00:00,57.68009291298942,56.32144658459223,56.365509033203125,8299200,56.91631205307156
2013-05-17 00:00:00+00:00,56.65927837147668,55.96159110311751,56.4463005065918,8735000,56.06440723057108
2013-05-20 00:00:00+00:00,56.54910771569712,56.18190571754324,56.37285232543945,8867700,56.38019233120089
2013-05-21 00:00:00+00:00,58.36308403798913,57.327571757109446,57.804935455322266,14108500,58.26026793105808
2013-05-22 00:00:00+00:00,59.89797842325274,58.150099212856546,58.5246467590332,14832400,58.20885286775816
2013-05-23 00:00:00+00:00,58.20150737337294,57.12927838308836,57.951812744140625,9634900,57.93712152885818
2013-05-24 00:00:00+00:00,58.30434091544757,57.51118314455419,58.01057815551758,6188200,57.65072171620912
2013-05-28 00:00:00+00:00,59.2149863877872,58.377766362491265,58.620121002197266,7715800,58.70825149019689
2013-05-29 00:00:00+00:00,58.65683889634113,58.083999173299006,58.37776184082031,7127000,58.29697696717553
2013-05-30 00:00:00+00:00,58.825756714307744,58.1133839688813,58.3410530090332,5449100,58.421837893755225
2013-05-31 00:00:00+00:00,59.03137352406689,57.76820373535156,57.76820373535156,6905600,58.41447704141914
2013-06-03 00:00:00+00:00,58.07666015625,57.320225056585066,58.07666015625,6191400,57.7608662638304
2013-06-04 00:00:00+00:00,58.17259549141386,56.150357633084234,56.556278228759766,8791700,57.93642176803832
2013-06-05 00:00:00+00:00,56.71866247106675,55.27947937512689,55.427085876464844,8761500,56.17251165912381
2013-06-06 00:00:00+00:00,57.10244074729078,55.360657236469805,57.02125549316406,11515700,55.36803361897126
2013-06-07 00:00:00+00:00,58.283289297479044,57.264785782554334,58.1135368347168,6555900,57.3681170408603
2013-06-10 00:00:00+00:00,58.80733200533576,57.220536660706145,57.36814880371094,7627800,58.26118115328679
2013-06-11 00:00:00+00:00,57.9585626603485,56.79983444051327,57.279563903808594,5979700,56.99910936458362
2013-06-12 00:00:00+00:00,57.78880796850395,56.357001784910985,56.38652420043945,7360200,57.59691508298144
2013-06-13 00:00:00+00:00,56.70390592963349,56.150373085253996,56.48249053955078,9194600,56.34964243166662
2013-06-14 00:00:00+00:00,56.7924524315145,56.142976094456046,56.526756286621094,8613100,56.253683759965924
2013-06-17 00:00:00+00:00,57.18359920704317,55.86250098170867,56.194618225097656,9315500,56.88838075135091
2013-06-18 00:00:00+00:00,57.10242966398734,56.17987525599829,56.969581604003906,6421500,56.17987525599829
2013-06-19 00:00:00+00:00,57.02864896239973,56.03229083602293,56.0396728515625,8027600,56.88104243657651
2013-06-20 00:00:00+00:00,55.67064510115035,54.46763571173298,54.5192985534668,12373500,55.67064510115035
2013-06-21 00:00:00+00:00,55.12448375078098,53.89194653716242,54.482383728027344,15552500,54.97687163765157
2013-06-24 00:00:00+00:00,54.62999551519244,53.441750266367336,54.253597259521484,10214400,53.80339012470541
2013-06-25 00:00:00+00:00,55.14663365003149,54.467634705268765,54.71856689453125,8520800,54.66690405375207
2013-06-26 00:00:00+00:00,55.995367524205655,55.04329064590648,55.847755432128906,7390100,55.1982791194679
2013-06-27 00:00:00+00:00,56.69652233519863,55.94372016538375,56.29059600830078,6674500,56.083944653089915
2013-06-28 00:00:00+00:00,57.41241657263112,56.03227291129711,57.17624282836914,12475000,56.20940744261326
2013-07-01 00:00:00+00:00,57.42718629838432,56.55629438881382,56.733428955078125,7471000,57.294338189099754
2013-07-02 00:00:00+00:00,57.65595885050554,56.7998257084475,57.05813980102539,6886300,57.0433814089459
2013-07-03 00:00:00+00:00,57.56003614337591,56.770329478489664,57.36814880371094,3025600,56.82199232083446
2013-07-05 00:00:00+00:00,57.98070622426056,57.12457853479642,57.781436920166016,4991500,57.50098236567064
2013-07-08 00:00:00+00:00,58.70400061830061,57.96595686745071,58.46782684326172,6051200,57.98071526490384
2013-07-09 00:00:00+00:00,59.15420173741669,58.54900614853589,58.822078704833984,4986400,58.70399464474393
2013-07-10 00:00:00+00:00,58.822087246614885,58.017622226026106,58.600677490234375,5459400,58.799946834059554
2013-07-11 00:00:00+00:00,59.54536204253073,58.73351515185131,58.94016647338867,6845700,59.2427614425466
2013-07-12 00:00:00+00:00,59.59703946293382,58.98446173067781,59.44205093383789,5178300,58.98446173067781
2013-07-15 00:00:00+00:00,59.8922589253946,59.168973482417684,59.33872604370117,5041400,59.508472974157
2013-07-16 00:00:00+00:00,59.552745377556725,58.925403755045394,59.20586395263672,5031500,59.34609405143238
2013-07-17 00:00:00+00:00,59.95129173565344,59.33133210472084,59.36823654174805,5700200,59.6044102985732
2013-07-18 00:00:00+00:00,59.37561709254238,59.01397723376077,59.058258056640625,5297800,59.287055446782674
2013-07-19 00:00:00+00:00,59.132063319718895,58.61542935079815,58.962310791015625,5886200,59.00659161118753
2013-07-22 00:00:00+00:00,59.08777599774185,58.48996241092682,59.043495178222656,5957900,59.02873678199176
2013-07-23 00:00:00+00:00,59.39039391558885,58.94018668322947,59.18374252319336,4985800,59.14683807562496
2013-07-24 00:00:00+00:00,59.39037945749487,58.733520992646724,59.242767333984375,4813300,59.375615429730445
2013-07-25 00:00:00+00:00,59.11732114945506,57.48624464376721,58.298091888427734,9967600,59.109939133088254
2013-07-26 00:00:00+00:00,58.578507789208295,57.75189713853126,58.1135368347168,5577600,57.87736316749827
2013-07-29 00:00:00+00:00,58.29069465675044,57.84048754346709,58.06189727783203,5179000,58.039756867478204
2013-07-30 00:00:00+00:00,58.50472661728801,57.951193795020586,58.01023864746094,4813400,58.430923367151095
2013-07-31 00:00:00+00:00,58.8442210467358,58.07665499649837,58.32758712768555,5915000,58.07665499649837
2013-08-01 00:00:00+00:00,59.021356258418486,58.01761636458382,58.039756774902344,6727400,58.68923321116086
2013-08-02 00:00:00+00:00,59.412530012865275,57.93644231068228,59.213260650634766,5964400,58.03976799936888
2013-08-05 00:00:00+00:00,59.0065806262021,58.57851963896847,58.79255294799805,3578500,59.0065806262021
2013-08-06 00:00:00+00:00,59.28705371611035,58.11356126660786,59.08040237426758,6311100,58.76304334762998
2013-08-07 00:00:00+00:00,58.726131946208916,58.01022871768722,58.17998123168945,5322200,58.71874993321071
2013-08-08 00:00:00+00:00,59.2058690319394,58.37187601175502,59.073020935058594,4467900,58.622813808452904
2013-08-09 00:00:00+00:00,58.8442247063554,57.95856891754288,58.28330993652344,5299300,58.807320270261656
2013-08-12 00:00:00+00:00,58.7039941109517,57.99547286437474,58.45305633544922,3844400,58.024995286835406
2013-08-13 00:00:00+00:00,58.77779828680382,57.626451946652445,58.630191802978516,6956400,58.40877644641413
2013-08-14 00:00:00+00:00,58.47519723795074,56.962205597020194,57.15409851074219,8648100,58.416152398216916
2013-08-15 00:00:00+00:00,56.5341315911849,55.24993746379258,55.45658874511719,13702000,56.44556997394584
2013-08-16 00:00:00+00:00,56.34963126513993,55.30161063886102,55.63372802734375,9138200,55.49350356351774
2013-08-19 00:00:00+00:00,56.41607043902725,55.48613366507972,55.50827407836914,9184100,55.71492544350696
2013-08-20 00:00:00+00:00,57.19838512862703,54.356918090337935,54.82926559448242,17038100,56.85888571194983
2013-08-21 00:00:00+00:00,55.59682706656468,54.19454306692523,54.415958404541016,10788400,55.0580527481401
2013-08-22 00:00:00+00:00,54.7628523392447,54.13551618235313,54.6152458190918,6668700,54.54882457427133
2013-08-23 00:00:00+00:00,54.76285323109615,53.95838811075425,54.534061431884766,7730800,54.72595441587091
2013-08-26 00:00:00+00:00,56.202031427090006,54.482388176792625,55.67063903808594,10362900,54.48977019075847
2013-08-27 00:00:00+00:00,55.52301753038269,54.578317077139594,54.70378875732422,8264200,55.24255738378501
2013-08-28 00:00:00+00:00,55.58945680143634,54.62262125990037,55.375423431396484,7076000,54.696424511093774
2013-08-29 00:00:00+00:00,55.84038576141413,55.20566776626906,55.39017868041992,5704200,55.33113383649335
2013-08-30 00:00:00+00:00,55.449226684519815,54.7480873519174,54.97687911987305,6331300,55.44185030097921
2013-09-03 00:00:00+00:00,55.830093077578965,54.66526611287722,54.8284912109375,7802800,55.51848461426163
2013-09-04 00:00:00+00:00,55.281076775937336,54.70978884031379,55.006561279296875,8271600,54.88785569998172
2013-09-05 00:00:00+00:00,55.05847333099559,54.04202998620838,54.1533203125,11039000,54.95460386924637
2013-09-06 00:00:00+00:00,54.5762338746164,53.57463198637109,53.938175201416016,9968400,54.56881866851739
2013-09-09 00:00:00+00:00,54.74686100513971,54.08654561992213,54.59105682373047,5781800,54.14590121106681
2013-09-10 00:00:00+00:00,55.3849303929789,54.70977314645412,55.34783172607422,6438700,54.872998224095795
2013-09-11 00:00:00+00:00,55.72621299328801,55.02138365164876,55.674278259277344,6441500,55.39234765471394
2013-09-12 00:00:00+00:00,56.19363621453054,55.6223540324963,55.941383361816406,6872200,55.77815826396019
2013-09-13 00:00:00+00:00,55.948815187705094,55.52591062743947,55.726234436035156,4888400,55.88945956586462
2013-09-16 00:00:00+00:00,56.60169987235161,55.79299523641563,56.04525375366211,8054400,56.423638699300504
2013-09-17 00:00:00+00:00,56.49782524999656,56.067505598795115,56.23815155029297,6825600,56.119440338735835
2013-09-18 00:00:00+00:00,57.8555574114444,55.904282828992,57.40298080444336,10594300,56.21589128154481
2013-09-19 00:00:00+00:00,58.40457587572138,57.60329223865809,58.24877166748047,7693700,57.75167558161276
2013-09-20 00:00:00+00:00,58.47135179582983,57.12846374511719,57.12846374511719,14158300,58.47135179582983
2013-09-23 00:00:00+00:00,56.95039706112366,56.2158842372662,56.319759368896484,6248800,56.72781638835565
2013-09-24 00:00:00+00:00,56.97266392236019,56.07493153058879,56.41621780395508,5412700,56.23815663099498
2013-09-25 00:00:00+00:00,56.616523113952084,55.837502120613316,56.030399322509766,6785600,56.2974938517863
2013-09-26 00:00:00+00:00,56.69815029403465,56.104611144878724,56.4384765625,3798200,56.104611144878724
2013-09-27 00:00:00+00:00,56.45329827173643,55.92653007594885,56.356849670410156,4058700,56.12685380392214
2013-09-30 00:00:00+00:00,56.44589162136143,55.61493010548787,56.275245666503906,6276200,55.77815519436145
2013-10-01 00:00:00+00:00,56.69814662852845,56.11944358981758,56.57944107055664,4411700,56.297504757006514
2013-10-02 00:00:00+00:00,56.6684839202783,55.971075137807475,56.62397003173828,5118400,56.282683678515546
2013-10-03 00:00:00+00:00,57.00232409447916,56.0229794554612,56.297489166259766,6979700,56.68329485886553
2013-10-04 00:00:00+00:00,56.572046370671394,56.00076393399186,56.22333908081055,4855800,56.238180820210836
2013-10-07 00:00:00+00:00,56.275255211206364,55.71138817049675,55.741065979003906,5087000,55.94138977131142
2013-10-08 00:00:00+00:00,55.84493651532719,55.02881657784998,55.10300827026367,8997900,55.65945445406131
2013-10-09 00:00:00+00:00,55.37752541290987,54.82850008009241,55.006561279296875,6817600,55.16236553615872
2013-10-10 00:00:00+00:00,56.02298355102539,55.45169583456536,56.02298355102539,6092800,55.67427649352977
2013-10-11 00:00:00+00:00,56.853966003147,55.956233401318165,56.62397003173828,6936700,55.97849034558818
2013-10-14 00:00:00+00:00,56.77232848982564,56.082335218297416,56.646202087402344,4119000,56.19362555121387
2013-10-15 00:00:00+00:00,56.56460214474632,55.711383616416526,55.778160095214844,6645400,56.49041045977475
2013-10-16 00:00:00+00:00,56.0823502756265,55.32558599744464,55.600101470947266,12877900,55.97106557329313
2013-10-17 00:00:00+00:00,56.245568775008415,55.28106561855842,56.193634033203125,7176400,55.28106561855842
2013-10-18 00:00:00+00:00,56.01557948053519,54.7097842547348,55.41461944580078,14334800,55.837518296255176
2013-10-21 00:00:00+00:00,55.496214344576735,55.01396003264151,55.362667083740234,7578700,55.347825354502184
2013-10-22 00:00:00+00:00,55.74103993154744,55.3403981946131,55.54072189331055,6867000,55.674269138955324
2013-10-23 00:00:00+00:00,55.94881719571898,55.28108057720761,55.7039794921875,5526100,55.30333752108068
2013-10-24 00:00:00+00:00,57.009765807660465,55.94881381080621,56.96525192260742,7927400,55.956229018006034
2013-10-25 00:00:00+00:00,56.839119904140986,56.39396411584743,56.572025299072266,5944200,56.79460602345052
2013-10-28 00:00:00+00:00,56.68329251679418,56.238136910262995,56.431034088134766,7728100,56.4978105423678
2013-10-29 00:00:00+00:00,57.536530281782845,56.67589091098372,57.49943161010742,7248000,56.720404788624165
2013-10-30 00:00:00+00:00,58.3155459346022,57.51426224998406,57.78135681152344,7251900,57.63297345976247
2013-10-31 00:00:00+00:00,58.20426198605281,57.514268569669724,57.78878402709961,7577600,57.8629757111323
2013-11-01 00:00:00+00:00,57.892650080087634,57.009753809261845,57.12104415893555,7178300,57.85555707050461
2013-11-04 00:00:00+00:00,57.440072188852355,56.83911223872565,57.12846374511719,3906500,57.262011029641144
2013-11-05 00:00:00+00:00,56.98006855282196,56.43845866129847,56.868778228759766,6035300,56.96522682403446
2013-11-06 00:00:00+00:00,56.972662268278114,56.319767546071425,56.69814682006836,5059600,56.92072752515329
2013-11-07 00:00:00+00:00,57.26942818098988,56.14169437138704,56.15653610229492,5424600,56.994912763812195
2013-11-08 00:00:00+00:00,56.17136505305987,55.48137182530669,56.00072479248047,9229700,55.852335804518916
2013-11-11 00:00:00+00:00,56.14170347351624,55.592678210610465,55.91912841796875,5774000,55.844931072323504
2013-11-12 00:00:00+00:00,56.82429114285689,56.17881708363607,56.520103454589844,6629200,56.267844865341424
2013-11-13 00:00:00+00:00,57.64039631545054,56.15654010476441,57.5736198425293,7064700,56.15654010476441
2013-11-14 00:00:00+00:00,58.86458445871386,57.91491720728007,58.56781768798828,6843800,57.97427282561051
2013-11-15 00:00:00+00:00,59.42101686391541,58.28586781380417,59.376502990722656,10414800,58.49360676931968
2013-11-18 00:00:00+00:00,59.70298489007431,58.75331735409304,59.109439849853516,8613000,59.354277603479474
2013-11-19 00:00:00+00:00,61.03842068206506,59.54714931603867,59.63617706298828,12236700,61.0013276743234
2013-11-20 00:00:00+00:00,59.89586191248005,58.894254383744176,59.16876983642578,7236900,59.89586191248005
2013-11-21 00:00:00+00:00,59.39877448464049,58.87942696857114,59.22813415527344,5618600,59.39877448464049
2013-11-22 00:00:00+00:00,59.22069068954346,58.449084916920526,58.74585723876953,7786200,59.05746562950344
2013-11-25 00:00:00+00:00,59.383929678722836,58.83490443382219,59.16876983642578,5496100,58.83490443382219
2013-11-26 00:00:00+00:00,60.02197331874701,59.42100781980413,59.61391067504883,9360700,59.510041213100415
2013-11-27 00:00:00+00:00,59.91069247156807,59.443279818844154,59.84392166137695,5450000,59.60649924168756
2013-11-29 00:00:00+00:00,60.38551501505866,59.821648191702245,59.85132598876953,3372600,60.007130178027026
2013-12-02 00:00:00+00:00,59.91070112292795,58.99812696196885,59.18360900878906,5915600,59.68812040255855
2013-12-03 00:00:00+00:00,59.25817288657912,58.38584773625219,58.684078216552734,7276900,58.870471555706416
2013-12-04 00:00:00+00:00,58.71389138525571,57.931037224810055,58.45294189453125,7148800,58.26654858854631
2013-12-05 00:00:00+00:00,59.30288124915325,58.35600028751416,58.557308197021484,6264900,58.39328121542914
2013-12-06 00:00:00+00:00,59.68313711521196,58.75862224886928,59.52656173706055,5094600,58.95993019890846
2013-12-09 00:00:00+00:00,60.09321052216905,59.29544726984872,59.34763717651367,5799800,59.57876878169262
2013-12-10 00:00:00+00:00,59.59368040585748,58.45295404620969,58.60952377319336,7448400,59.13888018964486
2013-12-11 00:00:00+00:00,59.50420400324054,58.43803394326271,58.900291442871094,7834500,58.43803394326271
2013-12-12 00:00:00+00:00,59.04941381805954,58.363487622564726,58.54988098144531,8535200,58.89284407919272
2013-12-13 00:00:00+00:00,59.32525304499263,58.542398992178065,58.90773391723633,6027100,58.967375443864725
2013-12-16 00:00:00+00:00,59.46694621884038,58.848118825072696,58.9748649597168,7099700,59.056878502904055
2013-12-17 00:00:00+00:00,59.176142288989695,58.60950510873022,58.61696243286133,6226000,59.131404032474705
2013-12-18 00:00:00+00:00,59.69060288334791,58.38584947051638,59.68315124511719,8170300,58.7511845216661
2013-12-19 00:00:00+00:00,59.9962789950281,59.37745184619081,59.608577728271484,6620800,59.70550588909681
2013-12-20 00:00:00+00:00,60.26469715976313,59.67569351196289,59.67569351196289,11232900,59.78007332921626
2013-12-23 00:00:00+00:00,60.33179186079078,59.67568938510318,60.063385009765625,3941300,59.698055674643115
2013-12-24 00:00:00+00:00,60.36161101944536,60.06338057496259,60.12302780151367,1819800,60.06338057496259
2013-12-26 00:00:00+00:00,60.94315728055452,60.249773914387184,60.8015022277832,3848800,60.2721402022841
2013-12-27 00:00:00+00:00,61.31592637398692,60.55544436167492,60.86858367919922,3961900,60.876041002455786
2013-12-30 00:00:00+00:00,61.12210495776588,60.73440363526824,61.092281341552734,3526400,60.89097335418234
2013-12-31 00:00:00+00:00,61.487427278679895,60.928247337168834,61.390499114990234,4493600,61.12954961327291
2014-01-02 00:00:00+00:00,61.561995594533556,60.987906577657476,61.15192794799805,4253400,61.219032512100966
2014-01-03 00:00:00+00:00,61.49488769111903,61.01026391315917,61.054996490478516,3897900,61.06991114176684
2014-01-06 00:00:00+00:00,61.122115526254966,60.466007232666016,60.466007232666016,11188800,60.876074916159105
2014-01-07 00:00:00+00:00,61.07733759187031,60.45105901457501,60.764198303222656,4630900,60.62253761576615
2014-01-08 00:00:00+00:00,61.09228474963329,60.41381024154978,61.0848274230957,4662300,60.79405425913805
2014-01-09 00:00:00+00:00,61.09228571229193,60.369078610133954,60.81642150878906,4966000,61.062462093945115
2014-01-10 00:00:00+00:00,61.16683650455744,60.704578993473206,61.14447021484375,4981000,60.92825326715627
2014-01-13 00:00:00+00:00,61.23391469740985,60.36159556348535,60.36905288696289,6952400,60.8462192006449
2014-01-14 00:00:00+00:00,60.756774940618826,60.1006723945903,60.398902893066406,5217300,60.60020520878044
2014-01-15 00:00:00+00:00,60.71205240150377,60.19760484872439,60.44364547729492,5196800,60.27961839158123
2014-01-16 00:00:00+00:00,60.674754158521836,60.227411308418006,60.585289001464844,4871200,60.316882153747954
2014-01-17 00:00:00+00:00,60.65237938649816,60.13048041574793,60.39142990112305,6178000,60.63001310036203
2014-01-21 00:00:00+00:00,60.76425071066872,59.504229458506124,59.988853454589844,6932800,60.61513826030851
2014-01-22 00:00:00+00:00,60.24978312785072,59.58622327349783,59.79498291015625,5821600,60.137951671264766
2014-01-23 00:00:00+00:00,59.86954448405148,59.04195758002692,59.824806213378906,6387000,59.36255435985871
2014-01-24 00:00:00+00:00,59.64585578170449,59.01957702636719,59.01957702636719,7118300,59.355082689830446
2014-01-27 00:00:00+00:00,59.027046634277696,58.542422770847374,58.855567932128906,6591200,58.795920693001584
2014-01-28 00:00:00+00:00,58.84808123229119,58.020494689363254,58.557308197021484,10586500,58.46783738298812
2014-01-29 00:00:00+00:00,58.71389146280904,57.13327417819095,57.170555114746094,9195300,58.36347113697093
2014-01-30 00:00:00+00:00,57.97579142248488,57.148204461365324,57.356964111328125,6820900,57.58063841530189
2014-01-31 00:00:00+00:00,57.75957123820164,56.55174030270552,57.29731369018555,10592200,56.812689850668825
2014-02-03 00:00:00+00:00,57.20782192443981,55.86578817566761,55.985076904296875,9527000,57.14071739286576
2014-02-04 00:00:00+00:00,56.55173618291671,55.29917275566845,55.895633697509766,9573400,56.29824398001168
2014-02-05 00:00:00+00:00,56.32806768808979,55.142603128515745,56.11185073852539,10080300,55.71669778142508
2014-02-06 00:00:00+00:00,56.8126739090004,56.044734445503984,56.78285598754883,6107100,56.0596490945017
2014-02-07 00:00:00+00:00,57.110936909662975,56.55175670684981,56.99909973144531,6194200,56.79034003251909
2014-02-10 00:00:00+00:00,57.103443614050505,56.57408737139778,56.96924591064453,6343600,57.08107733014951
2014-02-11 00:00:00+00:00,57.401679865228324,56.79031006034572,57.185462951660156,6292900,56.99161801254843
2014-02-12 00:00:00+00:00,57.65517033534719,57.16308934918604,57.617889404296875,7345900,57.34203099230179
2014-02-13 00:00:00+00:00,58.0578024998194,57.36441901274823,57.849037170410156,6586900,57.662643821071384
2014-02-14 00:00:00+00:00,58.2516476523862,57.64773501906747,58.102535247802734,4752300,57.96833180836817
2014-02-18 00:00:00+00:00,58.214373366281364,57.46134262754646,57.834129333496094,4954700,58.0950788900061
2014-02-19 00:00:00+00:00,57.796863259927754,56.96182446422287,56.99909973144531,7767800,57.59556088975609
2014-02-20 00:00:00+00:00,57.826635989034244,57.0661540854076,57.76699447631836,5852200,57.10342931982125
2014-02-21 00:00:00+00:00,58.18454693822739,57.67755681508098,57.960872650146484,7764500,57.67755681508098
2014-02-24 00:00:00+00:00,58.34111995872858,57.752116275913416,58.057804107666016,11739500,58.03543212697598
2014-02-25 00:00:00+00:00,60.391427210180765,59.146321372390695,60.37651824951172,13421700,59.407270846138324
2014-02-26 00:00:00+00:00,61.66636448835148,60.23486517492233,60.913333892822266,9737800,60.383977553635624
2014-02-27 00:00:00+00:00,61.28610264008044,60.100644216977656,61.1146240234375,6040900,60.88349819740963
2014-02-28 00:00:00+00:00,61.9571605926765,60.6822305104215,61.15939712524414,7239600,61.055017283768855
2014-03-03 00:00:00+00:00,61.15937495516136,60.10811959330146,61.13700866699219,8359500,60.19013310877021
2014-03-04 00:00:00+00:00,62.031698479353594,61.66636914214475,61.78566360473633,6367600,61.800572568423746
2014-03-05 00:00:00+00:00,62.03169050975582,61.56943874728449,61.81547927856445,5069900,61.81547927856445
2014-03-06 00:00:00+00:00,61.80056376321833,61.308488395820525,61.442691802978516,6168400,61.71855025393999
2014-03-07 00:00:00+00:00,61.636546153232665,61.16683700061661,61.547080993652344,5287700,61.59181357344251
2014-03-10 00:00:00+00:00,61.53962803522543,60.9357154121045,61.27122116088867,4139000,61.46507183419267
2014-03-11 00:00:00+00:00,61.37618525995616,60.77629927137413,60.95626449584961,4667900,61.25621035063629
2014-03-12 00:00:00+00:00,60.62632749842096,60.16891132680226,60.40886688232422,7048700,60.536347740720046
2014-03-13 00:00:00+00:00,60.78380270226579,59.02912863354829,59.08911895751953,7665800,60.78380270226579
2014-03-14 00:00:00+00:00,59.89897504024407,59.08162819895491,59.524044036865234,6739000,59.10412314379874
2014-03-17 00:00:00+00:00,60.13143128997785,59.426559229908605,59.674015045166016,5547600,59.666514823826894
2014-03-18 00:00:00+00:00,60.40887341281469,59.70400711032731,59.85397720336914,5032600,59.72650205218435
2014-03-19 00:00:00+00:00,60.35637932714238,59.53903264828832,59.801483154296875,6568400,59.96645367835709
2014-03-20 00:00:00+00:00,60.16889976907031,59.59150879109643,60.056419372558594,5097800,59.7714739929208
2014-03-21 00:00:00+00:00,61.41369219830153,60.1764188900094,60.30389404296875,10086100,60.57384479099584
2014-03-24 00:00:00+00:00,60.333871829618154,59.389044483640156,59.733985900878906,7574200,60.29638217712925
2014-03-25 00:00:00+00:00,60.056405991794605,59.35904027497673,59.591495513916016,5375500,60.02641656566446
2014-03-26 00:00:00+00:00,59.82397667664506,59.01412451645029,59.141605377197266,6364600,59.60651605653766
2014-03-27 00:00:00+00:00,59.254080530487535,58.76667490757183,58.99913024902344,5803300,58.96163486834137
2014-03-28 00:00:00+00:00,59.61402424096636,58.85666207954911,59.02913284301758,5132700,59.17910294264813
2014-03-31 00:00:00+00:00,59.48652360795569,59.11908729553497,59.3365478515625,5736200,59.396538154119774
2014-04-01 00:00:00+00:00,60.20642120909139,59.41906381359861,59.524044036865234,6697600,59.41906381359861
2014-04-02 00:00:00+00:00,60.558826900282504,59.606499425490654,59.95143508911133,6611700,59.643994795423644
2014-04-03 00:00:00+00:00,60.00393882309842,59.224087584214956,59.53902816772461,5505400,59.95144872584682
2014-04-04 00:00:00+00:00,59.76399434059691,58.85666207954911,59.02913284301758,6422000,59.71900445490626
2014-04-07 00:00:00+00:00,59.006637726085415,57.76186416305244,57.836849212646484,11121300,59.006637726085415
2014-04-08 00:00:00+00:00,58.06930944659663,57.30444707744574,57.82185363769531,7371000,57.671883540720714
2014-04-09 00:00:00+00:00,58.4367402914702,57.844348681693326,58.30926513671875,8027600,57.91933373031227
2014-04-10 00:00:00+00:00,58.65418939141536,57.5143962811963,57.57438659667969,6201500,58.20427346727262
2014-04-11 00:00:00+00:00,57.78435035000962,56.727048152659215,56.7645378112793,8399100,57.45441503759101
2014-04-14 00:00:00+00:00,57.63437556538663,56.62206332947292,56.96699905395508,8677200,57.21445480879812
2014-04-15 00:00:00+00:00,57.28945174937264,55.9471982279941,56.907020568847656,7022900,57.20696648061249
2014-04-16 00:00:00+00:00,57.42442321777344,56.83953187616045,57.42442321777344,6104700,57.30444257283126
2014-04-17 00:00:00+00:00,58.24927192397267,56.922018894087905,57.80685043334961,6875000,57.18446941174962
2014-04-21 00:00:00+00:00,58.75167801010528,58.24177169543373,58.459232330322266,6253300,58.75167801010528
2014-04-22 00:00:00+00:00,60.16142744148391,58.96164373121353,59.74150085449219,11188400,59.04412900431944
2014-04-23 00:00:00+00:00,60.02643994641726,58.81916197931366,58.879146575927734,7497000,59.89146459230035
2014-04-24 00:00:00+00:00,59.84647007389505,59.029123435482546,59.81647491455078,7271600,59.21658889064046
2014-04-25 00:00:00+00:00,59.76399965018796,59.26159347869868,59.524044036865234,6381400,59.546544702702164
2014-04-28 00:00:00+00:00,60.85127626281679,59.48652823884204,60.11640930175781,14562400,59.63649828591992
2014-04-29 00:00:00+00:00,60.228916401888256,59.62902450561523,59.629024505615234,5146500,60.228916401888256
2014-04-30 00:00:00+00:00,59.793978377079405,59.03662207759854,59.62151336669922,8524700,59.793978377079405
2014-05-01 00:00:00+00:00,59.726504970628795,59.20159817734896,59.486549377441406,3936700,59.62152475617135
2014-05-02 00:00:00+00:00,60.10892473859317,59.35906293728931,59.53902816772461,3738400,59.47903785058233
2014-05-05 00:00:00+00:00,59.374068319996084,58.90915186012913,59.00663757324219,3521000,59.26908810663783
2014-05-06 00:00:00+00:00,59.05912005498097,58.00181211567388,58.05430221557617,6475800,58.969134574723405
2014-05-07 00:00:00+00:00,58.4591962177764,57.379393931157196,57.799320220947266,5378600,58.376711003049174
2014-05-08 00:00:00+00:00,58.286754038015374,57.4844022261084,57.77684783935547,5485100,57.69436259244056
2014-05-09 00:00:00+00:00,58.30175037467092,57.59687850726965,58.27175521850586,4345800,57.78434394255798
2014-05-12 00:00:00+00:00,58.81916176289395,58.30175528718428,58.691680908203125,4324200,58.354245384648195
2014-05-13 00:00:00+00:00,58.999126111682685,57.76935322864184,57.94181823730469,5455500,58.75917056672329
2014-05-14 00:00:00+00:00,58.016811774792934,57.1169741473125,57.221954345703125,6870000,57.98681661511108
2014-05-15 00:00:00+00:00,57.20697857708566,56.479611446575944,57.16948318481445,6304700,57.02701328036988
2014-05-16 00:00:00+00:00,58.016808081019,57.484406902794035,58.009307861328125,7039400,57.581886874809975
2014-05-19 00:00:00+00:00,57.79186201361586,57.26696092106426,57.36444091796875,7733800,57.42443124882974
2014-05-20 00:00:00+00:00,59.10411401420076,58.03931150211941,58.459232330322266,15432200,58.42923716816603
2014-05-21 00:00:00+00:00,58.87165039138546,58.301753832432,58.54920959472656,6693900,58.67668472524507
2014-05-22 00:00:00+00:00,59.276577829088076,58.30925541647811,59.07411193847656,5265900,58.30925541647811
2014-05-23 00:00:00+00:00,59.53902445644041,58.87164795255931,59.374053955078125,5003100,59.06660788963185
2014-05-27 00:00:00+00:00,59.98895561643668,59.4640545431899,59.756500244140625,4760600,59.52403915085195
2014-05-28 00:00:00+00:00,59.988959975074245,59.441558198064754,59.74900436401367,4002200,59.80149447515213
2014-05-29 00:00:00+00:00,59.98142140574101,59.56900100217774,59.913936614990234,4408900,59.89893618083048
2014-05-30 00:00:00+00:00,60.19142362080313,59.6740227018691,60.161434173583984,4528000,59.81649259963682
2014-06-02 00:00:00+00:00,60.78377921301161,60.116402849460634,60.61880874633789,6817700,60.176393150249254
2014-06-03 00:00:00+00:00,61.003483923395336,60.45288693846289,60.8450927734375,5477700,60.48305750337584
2014-06-04 00:00:00+00:00,61.011059513466876,60.385032915706205,60.747074127197266,4961600,60.581138811699276
2014-06-05 00:00:00+00:00,60.98841055446846,60.55094593008434,60.62636947631836,5666400,60.84510178851042
2014-06-06 00:00:00+00:00,61.297633576670165,60.724410164284485,60.82246017456055,4460300,60.77720720896333
2014-06-09 00:00:00+00:00,61.33534589598078,60.65652266548578,60.79983139038086,3718600,60.814913793526934
2014-06-10 00:00:00+00:00,60.980867255941824,60.50569372956772,60.89789962768555,4249500,60.53586429933798
2014-06-11 00:00:00+00:00,60.89035315335899,60.158732759059454,60.196441650390625,4918100,60.686703273271995
2014-06-12 00:00:00+00:00,60.1738300761864,58.982118329424374,59.15559768676758,7643300,60.1361211755107
2014-06-13 00:00:00+00:00,59.27625811283108,58.64269351098835,58.88405227661133,7971800,59.200834577532696
2014-06-16 00:00:00+00:00,59.65337759672958,58.801080770801974,59.510074615478516,7164400,58.801080770801974
2014-06-17 00:00:00+00:00,60.68671366509463,59.3818695617685,60.35484313964844,9587300,59.46483143868203
2014-06-18 00:00:00+00:00,60.91295877348415,60.18133862979904,60.875244140625,8071500,60.362356207743844
2014-06-19 00:00:00+00:00,60.98087297292505,60.302049475573625,60.671634674072266,5095400,60.87527884605353
2014-06-20 00:00:00+00:00,60.94317024876722,60.23417610697019,60.46799087524414,13661000,60.86020260432506
2014-06-23 00:00:00+00:00,60.9431424220815,60.31711621057069,60.82246017456055,4920400,60.46042494089025
2014-06-24 00:00:00+00:00,60.965777666503605,60.2115307744408,60.66407775878906,5579300,60.62636311240708
2014-06-25 00:00:00+00:00,60.79985072318294,60.430271306903414,60.73950958251953,4486300,60.61128897444573
2014-06-26 00:00:00+00:00,61.07136888390597,60.43026020685023,60.905433654785156,5165200,60.67915729608461
2014-06-27 00:00:00+00:00,61.448497880567494,60.81492747145998,61.19205093383789,5011000,60.83001563244562
2014-06-30 00:00:00+00:00,61.267492707085694,60.7018073983162,61.0638427734375,5045300,61.109095756715526
2014-07-01 00:00:00+00:00,61.825632105782745,61.25994681373927,61.712493896484375,5234600,61.33537036845539
2014-07-02 00:00:00+00:00,61.98399982330164,61.56162347328916,61.833152770996094,4185700,61.72755292904679
2014-07-03 00:00:00+00:00,62.1122302395721,61.69739790274729,61.88595962524414,2764000,61.901042031087165
2014-07-07 00:00:00+00:00,61.916129753666965,61.19959744842917,61.41078567504883,6071000,61.6446061440471
2014-07-08 00:00:00+00:00,61.49376979312681,60.754610801714705,60.913002014160156,7322900,61.410802145495985
2014-07-09 00:00:00+00:00,61.2674814410244,60.47551985259613,60.890357971191406,6980600,61.17696973666339
2014-07-10 00:00:00+00:00,60.02298700138889,58.793560516818545,59.88722229003906,11530900,59.62323694976129
2014-07-11 00:00:00+00:00,60.264360000000536,59.74392752521119,60.04562759399414,4746400,60.030539425607394
2014-07-14 00:00:00+00:00,60.38500779517626,59.728816644349855,59.93246078491211,7657200,60.2794136845962
2014-07-15 00:00:00+00:00,60.385004639645295,59.902287086662525,60.23415756225586,6051900,59.96262821939715
2014-07-16 00:00:00+00:00,60.520775675188105,59.872122816199024,60.083316802978516,9033700,60.36992858193621
2014-07-17 00:00:00+00:00,60.24923276585338,59.7589769457207,60.000335693359375,7697300,59.924906409234545
2014-07-18 00:00:00+00:00,60.55094015669842,59.92491384919549,60.40009307861328,5323200,60.188904867515234
2014-07-21 00:00:00+00:00,60.3623915448806,59.98526801329499,60.12103271484375,4112800,60.347309135574484
2014-07-22 00:00:00+00:00,60.90546535895903,60.490627070214046,60.747074127197266,6336100,60.61130939219435
2014-07-23 00:00:00+00:00,61.16187068511388,60.498135567991234,61.109073638916016,3669200,60.6866972693331
2014-07-24 00:00:00+00:00,61.50129711450857,61.0110354451547,61.244850158691406,4359600,61.237311832378815
2014-07-25 00:00:00+00:00,61.32029959395198,61.0110554801583,61.11664962768555,4680100,61.16944670144917
2014-07-28 00:00:00+00:00,61.350437487904834,60.837555141876045,61.146793365478516,3441600,61.24484338672868
2014-07-29 00:00:00+00:00,61.704935176976164,61.011029431079415,61.078914642333984,4536500,61.25238820158467
2014-07-30 00:00:00+00:00,61.73510433929781,61.14679270921706,61.6672248840332,5807300,61.47111908919066
2014-07-31 00:00:00+00:00,61.53147213963128,60.98086929321289,60.98086929321289,5748900,61.16188696343418
2014-08-01 00:00:00+00:00,61.15434149344858,60.14364763100042,60.15119171142578,8708000,60.76212987359205
2014-08-04 00:00:00+00:00,60.52830857664839,60.083305705633606,60.36237335205078,7025000,60.11347051515437
2014-08-05 00:00:00+00:00,60.98839960687024,60.17381164308926,60.36237335205078,5895500,60.17381164308926
2014-08-06 00:00:00+00:00,61.109091438556334,60.22662380030148,60.73196792602539,4228200,60.29450902487008
2014-08-07 00:00:00+00:00,61.14681824171699,60.5585063659804,60.694271087646484,4045900,60.9054593759161
2014-08-08 00:00:00+00:00,62.19520339229839,61.00349181900595,62.172576904296875,7226500,61.14680058227903
2014-08-11 00:00:00+00:00,62.655306012513584,62.22538539812268,62.51199722290039,3952000,62.308353039009404
2014-08-12 00:00:00+00:00,62.67037682095351,62.36113856126161,62.54215621948242,3657100,62.41393561801133
2014-08-13 00:00:00+00:00,62.89665256696343,62.40639089961203,62.69300842285156,4498700,62.58741431043096
2014-08-14 00:00:00+00:00,63.3341273059163,62.406400879070304,63.25115966796875,4923000,62.670386202335926
2014-08-15 00:00:00+00:00,63.42461512773314,62.489350640947144,63.122920989990234,5383500,63.386906237738685
2014-08-18 00:00:00+00:00,63.82434891909658,62.82119956701622,63.04747009277344,9475300,63.515105053116756
2014-08-19 00:00:00+00:00,67.12043423011482,65.29515799868543,66.54721069335938,18244600,65.54406087236603
2014-08-20 00:00:00+00:00,68.6892958982763,66.43409826252456,68.44793701171875,13394200,66.50197775197053
2014-08-21 00:00:00+00:00,69.2474108974306,68.38756983156601,68.7496109008789,8315900,68.3951139123396
2014-08-22 00:00:00+00:00,68.88537214048002,68.37248400800932,68.65909576416016,6939200,68.44036346823691
2014-08-25 00:00:00+00:00,69.25495052090758,68.59875364258208,68.78731536865234,7328700,68.82503001564528
2014-08-26 00:00:00+00:00,69.26250905396734,68.56105905643889,69.11165618896484,5396400,68.62140020243989
2014-08-27 00:00:00+00:00,69.36056594251318,68.87030415317753,69.29268646240234,4320200,69.14937766512527
2014-08-28 00:00:00+00:00,69.94132588343759,68.84012021461501,69.775390625,7575700,68.93817600611787
2014-08-29 00:00:00+00:00,70.53719239670629,69.85083046830682,70.52210998535156,7672200,69.94888052823555
2014-09-02 00:00:00+00:00,70.73433239358684,68.11145454848872,69.09693145751953,20753200,70.529659445398
2014-09-03 00:00:00+00:00,69.21822827890139,67.45195870436179,67.46711730957031,15410400,69.06661909273721
2014-09-04 00:00:00+00:00,68.79372613163059,67.46712535223276,68.172119140625,8452200,67.46712535223276
2014-09-05 00:00:00+00:00,69.46837372926146,67.67935795565697,69.44563293457031,7746400,67.9674234444608
2014-09-08 00:00:00+00:00,69.5745364734969,68.6572873282013,68.8468017578125,4885900,69.27131222941472
2014-09-09 00:00:00+00:00,68.47535979414437,67.30036793651496,67.41407775878906,8103000,68.38439077962072
2014-09-10 00:00:00+00:00,67.77031068188067,66.95918975894911,67.65660095214844,6245400,67.20935000765661
2014-09-11 00:00:00+00:00,67.7855050713723,67.17906249845672,67.63389587402344,4537800,67.52018608425172
2014-09-12 00:00:00+00:00,67.84616129110934,67.05778062230743,67.34584045410156,4593700,67.75519228887491
2014-09-15 00:00:00+00:00,67.87646469745717,67.16388884446128,67.75517272949219,3935000,67.60356355305531
2014-09-16 00:00:00+00:00,68.78613566627915,67.11082929173949,68.42984771728516,5045100,67.67179022019826
2014-09-17 00:00:00+00:00,69.39257202242008,68.17968139274151,69.14999389648438,7068800,68.70273704282616
2014-09-18 00:00:00+00:00,70.07485699247005,69.13486126217539,69.80953216552734,6025100,69.61244132385515
2014-09-19 00:00:00+00:00,71.0679104753227,69.89291870872216,69.9990463256836,12498800,70.38565737805533
2014-09-22 00:00:00+00:00,70.05967514189832,69.49871419222788,69.65790557861328,5208800,69.72613376336128
2014-09-23 00:00:00+00:00,69.9080597826951,69.32435230059147,69.35467529296875,6330000,69.58209484403864
2014-09-24 00:00:00+00:00,70.58274693244618,69.24856387404431,70.51451873779297,6381400,69.4987242819048
2014-09-25 00:00:00+00:00,70.49935133543875,69.40017021404691,69.66548919677734,4972100,70.34774214059851
2014-09-26 00:00:00+00:00,70.49936665504124,69.58969972128794,70.3780746459961,4571400,69.96114637782638
2014-09-29 00:00:00+00:00,70.62822362357211,69.70339244690294,70.40838623046875,3894600,70.02178102725424
2014-09-30 00:00:00+00:00,70.65856584633295,69.28648309843274,69.54421997070312,6773000,70.52211521291864
2014-10-01 00:00:00+00:00,69.9990258532523,68.92258560545487,68.9983901977539,5970700,69.84741666865423
2014-10-02 00:00:00+00:00,70.08999898588048,69.03629947500525,69.92322540283203,5991200,69.21823166400357
2014-10-03 00:00:00+00:00,71.01481898183779,69.99901903668724,70.90869140625,6200100,70.1354696029457
2014-10-06 00:00:00+00:00,71.44694006147856,70.54484952456434,70.69646453857422,4951700,71.04517039551483
2014-10-07 00:00:00+00:00,70.92385987860743,70.07483915576717,70.09757995605469,5030300,70.5296725120773
2014-10-08 00:00:00+00:00,71.37866922695783,69.92319499731217,71.32559967041016,6618900,70.17335526310474
2014-10-09 00:00:00+00:00,71.8562660443158,70.51450112530424,70.55240631103516,6674700,71.18917757349472
2014-10-10 00:00:00+00:00,71.151294991594,70.15065907571383,70.15824127197266,6349800,70.67372073066979
2014-10-13 00:00:00+00:00,70.45388113433498,68.55115477854005,68.68002319335938,7372200,70.40839374170622
2014-10-14 00:00:00+00:00,68.62695990230995,67.10326236705502,68.30099487304688,9711300,68.50567368260704
2014-10-15 00:00:00+00:00,67.59598012684833,65.66293713668202,66.59534454345703,12987500,66.77727670856838
2014-10-16 00:00:00+00:00,68.01291567777817,65.45825997649987,67.37614440917969,7147600,65.45825997649987
2014-10-17 00:00:00+00:00,69.07421417501321,67.50503509300464,68.40711975097656,7007300,67.69454950282945
2014-10-20 00:00:00+00:00,69.79437525016863,68.05084015075512,69.62760162353516,5609400,68.1266505508769
2014-10-21 00:00:00+00:00,71.53791657971603,69.83228653182253,71.40904235839844,6604700,70.14308722200722
2014-10-22 00:00:00+00:00,72.00786827139686,70.68126786810316,70.75707244873047,5908900,71.48481261660525
2014-10-23 00:00:00+00:00,72.4096576848443,71.59095989179423,71.86386108398438,5923100,71.63644149598579
2014-10-24 00:00:00+00:00,72.1595114273881,71.35596636473497,72.00789642333984,4825200,71.71225439484705
2014-10-27 00:00:00+00:00,72.53092596529535,71.79560942578173,72.37173461914062,4465100,71.98512375932572
2014-10-28 00:00:00+00:00,73.22836924437179,72.39450697000784,73.22078704833984,5260100,72.70531338858696
2014-10-29 00:00:00+00:00,73.72110819766668,72.62192689270371,73.0919189453125,4275400,73.24353394899357
2014-10-30 00:00:00+00:00,74.13801930132858,72.79625440541446,73.9257583618164,4115800,72.86448258185175
2014-10-31 00:00:00+00:00,75.24478246009119,73.78173138226077,73.9257583618164,6335900,74.88091234730385
2014-11-03 00:00:00+00:00,73.40271787976508,72.75837008451252,72.84175109863281,7614200,73.38755348918289
2014-11-04 00:00:00+00:00,72.90996814987959,72.15949286929258,72.74319458007812,5349600,72.81899917084618
2014-11-05 00:00:00+00:00,73.41787182733718,72.12917631861954,72.60675048828125,5002700,73.22077524692058
2014-11-06 00:00:00+00:00,73.91820029888652,72.78111386652829,73.75142669677734,4016900,73.0388506817729
2014-11-07 00:00:00+00:00,74.10012710969553,73.29658794010204,74.02432250976562,3429600,73.66045233317371
2014-11-10 00:00:00+00:00,74.41849559952608,73.53156980538205,74.41091918945312,3662300,74.0167260919319
2014-11-11 00:00:00+00:00,74.85820580878813,74.19869345782257,74.39579010009766,3818400,74.63836835846627
2014-11-12 00:00:00+00:00,74.82028607445777,73.99400603045883,74.66109466552734,4629400,74.51706764803075
2014-11-13 00:00:00+00:00,75.32060016083503,74.5473782053556,75.04769897460938,3182800,74.97189437477341
2014-11-14 00:00:00+00:00,75.04768286258864,74.30478406324093,74.4715576171875,4085500,74.97187827902721
2014-11-17 00:00:00+00:00,75.00976635864693,74.13800510397722,74.3123550415039,8581600,74.41848259917705
2014-11-18 00:00:00+00:00,74.0697825264136,72.75834655761719,72.75834655761719,10384400,73.64527226370751
2014-11-19 00:00:00+00:00,73.76659198428041,72.77353826082305,73.3041763305664,6831100,73.19047230385083
2014-11-20 00:00:00+00:00,74.26689297494288,72.78867740422191,73.96366882324219,4958800,72.8341647862648
2014-11-21 00:00:00+00:00,75.12348363838164,74.15317113753163,74.50187683105469,6806800,75.03252045612615
2014-11-24 00:00:00+00:00,74.97191677436163,74.45643724453737,74.59288787841797,5043600,74.8051431347829
2014-11-25 00:00:00+00:00,74.94915690859716,73.08433590874621,73.53916931152344,7992000,74.77480111604697
2014-11-26 00:00:00+00:00,74.06978464666967,73.53914680309748,74.06220245361328,4337900,73.57704620134193
2014-11-28 00:00:00+00:00,75.65416878786942,74.28966246991129,75.35094451904297,3305800,74.3351440860026
2014-12-01 00:00:00+00:00,75.51011829856,74.5246411012381,74.95673370361328,4393700,75.41914930413134
2014-12-02 00:00:00+00:00,75.40611065046649,74.63681435913514,74.76630401611328,4677700,75.11667514604115
2014-12-03 00:00:00+00:00,75.20806386665785,74.67489173450429,75.09381103515625,4357200,74.72059054264876
2014-12-04 00:00:00+00:00,75.48991327158805,74.47688005335513,75.3680419921875,5220000,74.75870302861208
2014-12-05 00:00:00+00:00,75.92405301830024,75.1471441201304,75.89358520507812,4649100,75.23092334256475
2014-12-08 00:00:00+00:00,76.89139319154374,75.90883366725426,76.49532318115234,6624300,75.94691408127035
2014-12-09 00:00:00+00:00,76.15255871189552,75.09382108863582,75.89358520507812,5280500,75.93167142439106
2014-12-10 00:00:00+00:00,76.34299323476051,75.2690243987617,75.36042785644531,5357000,75.6803312416245
2014-12-11 00:00:00+00:00,77.23415881564065,75.52038312806494,76.37345886230469,6864000,75.6193991868913
2014-12-12 00:00:00+00:00,77.11987323108609,75.70315213202382,76.00020599365234,5983300,75.93165778457198
2014-12-15 00:00:00+00:00,77.1122797165748,75.62700992901853,76.20588684082031,5488300,76.17541902323686
2014-12-16 00:00:00+00:00,76.34300629503922,73.87516481567968,73.92848205566406,7829300,75.69557519518756
2014-12-17 00:00:00+00:00,75.51276114144235,73.95131882008222,75.36042785644531,6096400,74.33215784371714
2014-12-18 00:00:00+00:00,76.69336791939216,75.63463585053483,76.67813110351562,6594000,76.42677594183631
2014-12-19 00:00:00+00:00,77.69117276884747,76.78477389364508,77.63785552978516,12500600,76.86855895662059
2014-12-22 00:00:00+00:00,78.88699643096577,77.86635062005371,78.83367919921875,5418900,77.88158162434897
2014-12-23 00:00:00+00:00,79.36682679527149,78.69655240335352,79.03169250488281,4067700,78.95552588484632
2014-12-24 00:00:00+00:00,79.50393967941137,78.87936401367188,78.87936401367188,1819000,79.25259038075555
2014-12-26 00:00:00+00:00,79.45823451906038,78.81842790281692,79.02407836914062,2594900,79.19926683471638
2014-12-29 00:00:00+00:00,79.8238661774612,78.65088122121543,79.61820983886719,3492700,78.89461797763386
2014-12-30 00:00:00+00:00,79.7781632850249,79.10027023481409,79.42017364501953,2927800,79.54966333965363
2014-12-31 00:00:00+00:00,80.7530970166888,79.64104786138063,79.95333862304688,5821600,79.78576853738613
2015-01-02 00:00:00+00:00,80.4789174797652,78.2014955887163,78.7803726196289,4323700,80.09807839832276
2015-01-05 00:00:00+00:00,78.28525798629033,76.76952050810752,77.12751007080078,5878100,78.28525798629033
2015-01-06 00:00:00+00:00,77.74446163486441,76.42675633444858,76.8913803100586,4910100,77.74446163486441
2015-01-07 00:00:00+00:00,79.5724932492383,77.69114785665244,79.52679443359375,5091000,77.91203515083674
2015-01-08 00:00:00+00:00,81.49192062712052,79.99141416559797,81.28627014160156,6464600,80.25800609172383
2015-01-09 00:00:00+00:00,81.40814797219379,79.83909304721348,79.89241027832031,5717600,81.40814797219379
2015-01-12 00:00:00+00:00,80.19707815768531,79.26021165096584,79.53441619873047,4992900,80.10567470471642
2015-01-13 00:00:00+00:00,80.76833196353329,78.56708311345567,79.00885772705078,5395200,80.28847693844033
2015-01-14 00:00:00+00:00,78.76512231008769,77.59975012511451,78.17862701416016,5384400,78.01105692960944
2015-01-15 00:00:00+00:00,78.94793290600019,76.7923825790069,76.93710327148438,6895000,78.6965777489001
2015-01-16 00:00:00+00:00,79.45066127490296,76.35063083955762,79.30594635009766,6403800,76.82287347555737
2015-01-20 00:00:00+00:00,79.93809972159546,77.95773818425509,78.64324951171875,5331300,79.85431468095315
2015-01-21 00:00:00+00:00,79.2602253494509,78.07200931120708,78.85653686523438,5899200,78.49093461245614
2015-01-22 00:00:00+00:00,80.97396926727288,78.86412420850985,80.79116821289062,5804100,79.50393080441809
2015-01-23 00:00:00+00:00,81.10347388715613,80.2123062338702,80.25801086425781,4072300,80.89781757826636
2015-01-26 00:00:00+00:00,81.11871179295218,80.02189354858054,81.01207733154297,4192300,80.25039928653872
2015-01-27 00:00:00+00:00,80.59314665490824,79.51918370557068,80.09806060791016,4606500,79.80861925116946
2015-01-28 00:00:00+00:00,81.82707598030157,79.67152562940998,79.77816009521484,4917300,80.21231636631822
2015-01-29 00:00:00+00:00,82.06316122401135,79.60294528380814,81.97176361083984,6529300,80.08280018637917
2015-01-30 00:00:00+00:00,81.39291239777022,79.50394838107417,79.53441619873047,7000000,81.01207339377959
2015-02-02 00:00:00+00:00,79.97620955637369,77.36365314508642,79.54205322265625,5012800,79.80863942561548
2015-02-03 00:00:00+00:00,81.74330870091094,79.83149468632584,81.682373046875,5969200,79.89243034036178
2015-02-04 00:00:00+00:00,83.0228580621606,81.30908346913435,82.57347106933594,6765200,81.56805106273387
2015-02-05 00:00:00+00:00,83.28186780886604,82.37547496135821,83.0152816772461,4471800,83.00766908144398
2015-02-06 00:00:00+00:00,83.5865552328944,82.611608169413,83.05338287353516,4223700,83.2361839951522
2015-02-09 00:00:00+00:00,83.37326107667693,82.29167986839904,82.52017974853516,4243800,82.93148650614953
2015-02-10 00:00:00+00:00,84.43199361115042,82.76392297045128,84.29489135742188,5414400,82.86293900492254
2015-02-11 00:00:00+00:00,84.39391728910864,83.63985195152176,84.02069091796875,4552900,84.24157821584498
2015-02-12 00:00:00+00:00,85.46026394521306,83.94452644687243,85.42980194091797,4592200,84.40153205613967
2015-02-13 00:00:00+00:00,85.60499061426056,84.77476437721602,85.22415161132812,5098600,85.31555506404302
2015-02-17 00:00:00+00:00,85.48314905749066,84.25684666026427,85.3079605102539,6028600,85.07184212197899
2015-02-18 00:00:00+00:00,85.43743340990345,84.54627140329973,85.30033111572266,3731600,85.0032771135214
2015-02-19 00:00:00+00:00,85.65070197785008,84.27206644491089,84.50057220458984,5910600,85.31556755776857
2015-02-20 00:00:00+00:00,85.49833343200883,83.82264458897798,85.49071502685547,7276100,84.40151553554327
2015-02-23 00:00:00+00:00,86.19147473521852,85.1555923169304,85.52119445800781,5638000,86.06198507457655
2015-02-24 00:00:00+00:00,89.81706515377351,87.69198291242218,88.9259033203125,12775500,89.49716179988624
2015-02-25 00:00:00+00:00,89.38290503170408,88.24038812253579,88.59075927734375,7328200,89.38290503170408
2015-02-26 00:00:00+00:00,88.67454628464571,87.74529824810503,87.88240051269531,5649900,88.35464293764892
2015-02-27 00:00:00+00:00,88.1033074840394,87.2578442988629,87.4025650024414,5732600,87.73770523761563
2015-03-02 00:00:00+00:00,89.16201823743683,87.48632908561287,88.446044921875,5971900,87.48632908561287
2015-03-03 00:00:00+00:00,88.44604520614222,87.4406305495881,88.407958984375,3784800,88.43842679956046
2015-03-04 00:00:00+00:00,87.95094685435569,87.02169889912945,87.41015625,3799000,87.89001122850519
2015-03-05 00:00:00+00:00,88.43081716748515,87.63867132748743,88.28610229492188,4088700,87.7681610076596
2015-03-06 00:00:00+00:00,88.32416938516984,86.83128138501013,87.17403411865234,5169200,88.32416938516984
2015-03-09 00:00:00+00:00,87.95857472084624,87.11311170744453,87.78338623046875,5351200,87.12072430313879
2015-03-10 00:00:00+00:00,87.53839864696823,86.1756362915039,86.1756362915039,5685000,87.16325757902501
2015-03-11 00:00:00+00:00,87.12495905291246,86.06077946891357,86.56607055664062,4356500,86.26748813183764
2015-03-12 00:00:00+00:00,89.1614568525336,87.10199833889678,88.8858413696289,5742000,87.1632475219964
2015-03-13 00:00:00+00:00,89.04662215700016,87.27809422215891,87.9058837890625,4626900,88.80163124896568
2015-03-16 00:00:00+00:00,89.27633198261633,88.28871042880704,89.1921157836914,4820300,88.29636803990363
2015-03-17 00:00:00+00:00,88.8705382226229,88.15087487337574,88.48773956298828,3715900,88.38820817321512
2015-03-18 00:00:00+00:00,89.1308370848951,86.7498289926865,88.87053680419922,4773600,88.35758801032635
2015-03-19 00:00:00+00:00,89.13851256469339,88.09729955107095,88.16620635986328,3545600,88.97008018880666
2015-03-20 00:00:00+00:00,90.33283378757466,88.29634778156363,89.95003509521484,8446000,88.46478014076907
2015-03-23 00:00:00+00:00,90.14908830805638,88.86288452148438,88.86288452148438,4095200,89.60551488839808
2015-03-24 00:00:00+00:00,90.21033708141158,88.83991712506393,88.92413330078125,4026900,88.96240966362461
2015-03-25 00:00:00+00:00,89.27631215972661,87.002486975725,87.03311157226562,4725800,88.77867268776942
2015-03-26 00:00:00+00:00,86.84169015501286,85.42533651096248,86.03015899658203,5409600,86.78809858494748
2015-03-27 00:00:00+00:00,87.45419446936612,85.74690967978923,87.1709213256836,3879300,85.80815887426837
2015-03-30 00:00:00+00:00,88.84755125276416,87.68384031824861,87.7603988647461,3968400,88.01304732512624
2015-03-31 00:00:00+00:00,88.32699128489813,86.93360398008576,86.97953796386719,4128800,87.04843893953934
2015-04-01 00:00:00+00:00,87.27809416870248,86.0761066142314,86.61202239990234,4737700,87.18622038785433
2015-04-02 00:00:00+00:00,87.98245323425867,86.14501827622495,87.6915283203125,4064800,86.21392508068664
2015-04-06 00:00:00+00:00,88.46478764213073,86.82640956718824,88.00542449951172,3248900,86.85702832505417
2015-04-07 00:00:00+00:00,88.64849724500309,87.45416752584109,87.50775909423828,3188300,87.91352466082317
2015-04-08 00:00:00+00:00,88.66382419148974,87.14794476149835,88.49539184570312,3753500,87.25512791953638
2015-04-09 00:00:00+00:00,89.00070438882969,87.38529328704776,87.7145004272461,4674000,88.39588169678879
2015-04-10 00:00:00+00:00,88.54134526443522,87.59965784147136,88.22744750976562,3658100,87.6379400499586
2015-04-13 00:00:00+00:00,88.37290712823027,87.54606054361811,87.6149673461914,2982000,88.01307541968362
2015-04-14 00:00:00+00:00,88.02838915752412,86.59671995683058,87.3163833618164,4072500,87.43121829576567
2015-04-15 00:00:00+00:00,88.20447049627703,86.80342593592557,86.85701751708984,4210800,87.72214626579857
2015-04-16 00:00:00+00:00,87.27045067177504,86.52782021937251,86.79578399658203,4013000,86.77281116687227
2015-04-17 00:00:00+00:00,86.59670301774041,85.57079969379535,85.82344818115234,6245200,86.44358590839616
2015-04-20 00:00:00+00:00,87.0407741151467,86.2675190715402,86.40532684326172,4396300,86.51251001670678
2015-04-21 00:00:00+00:00,87.2628153229942,86.12972832694393,86.6426773071289,3899500,86.89532591207232
2015-04-22 00:00:00+00:00,86.74984323977138,85.89237785332053,86.50485229492188,4065500,86.66562705488141
2015-04-23 00:00:00+00:00,87.66856322213349,86.17564473109536,87.24748229980469,3945300,86.31345250194434
2015-04-24 00:00:00+00:00,87.30872227337778,86.43594176387602,87.04841613769531,2878300,87.18622389398739
2015-04-27 00:00:00+00:00,87.36231778270104,85.19567578841647,85.27989196777344,5618000,87.31638380888614
2015-04-28 00:00:00+00:00,85.57080871854663,84.25398625259442,84.65975189208984,5743300,84.90474279750467
2015-04-29 00:00:00+00:00,84.45303524610564,82.73809895087415,83.22808074951172,7238900,84.34585209271891
2015-04-30 00:00:00+00:00,83.61088911480319,81.62799470558687,81.90361022949219,9041600,83.11324964991611
2015-05-01 00:00:00+00:00,84.05493466261524,81.80407656024154,83.8711929321289,6696900,81.9036079550817
2015-05-04 00:00:00+00:00,84.56021729878572,83.69509447455575,84.26163482666016,3366800,84.1697668912638
2015-05-05 00:00:00+00:00,84.12384828878974,82.66921776191734,82.73046112060547,4164800,83.60324177314699
2015-05-06 00:00:00+00:00,83.38120755070476,82.10265557751535,82.92184448242188,3996600,82.83762830930628
2015-05-07 00:00:00+00:00,84.76693667536121,82.87591034990037,84.24633026123047,5400200,82.99075111674645
2015-05-08 00:00:00+00:00,86.87998249363369,85.83111211014507,86.10672760009766,6435300,86.05313602377596
2015-05-11 00:00:00+00:00,86.44358872407959,85.60142707212499,85.67033386230469,3725200,85.9306341248772
2015-05-12 00:00:00+00:00,86.37470874447833,84.85117137211373,86.14502716064453,4053800,85.07319534554098
2015-05-13 00:00:00+00:00,86.4742016307306,85.05784797521878,85.12675476074219,4340700,86.45123464923716
2015-05-14 00:00:00+00:00,85.91533219640917,84.85115238875096,85.70096588134766,3815700,85.78518205384239
2015-05-15 00:00:00+00:00,86.81874637880344,85.6091010842478,86.78046417236328,4575800,85.68565965608349
2015-05-18 00:00:00+00:00,87.73744752706672,86.63499141065886,87.5307388305664,6878200,87.17856478105686
2015-05-19 00:00:00+00:00,89.17678050156302,86.0072021484375,86.0072021484375,11133200,88.90116499259558
2015-05-20 00:00:00+00:00,86.42827069283575,85.14972472257702,85.82344818115234,7004500,85.89235496908756
2015-05-21 00:00:00+00:00,85.99955330077019,85.45597987325046,85.75456237792969,4238600,85.73159539157658
2015-05-22 00:00:00+00:00,86.15265199139016,85.3334632209372,85.869384765625,3694000,85.64736087667417
2015-05-26 00:00:00+00:00,85.88470814296414,84.74396976432837,84.9277114868164,4612600,85.74690039083711
2015-05-27 00:00:00+00:00,86.15265199139016,84.83582387267107,85.869384765625,4147800,85.01191379875038
2015-05-28 00:00:00+00:00,86.28279193419961,85.63969316569661,85.89234161376953,2806100,85.67797535760187
2015-05-29 00:00:00+00:00,86.19858853560105,85.26456482999862,85.30284118652344,5310600,85.6243906183395
2015-06-01 00:00:00+00:00,86.00718086541866,85.17268277718983,85.49423217773438,5114500,85.72391365871916
2015-06-02 00:00:00+00:00,86.34087680646694,85.15559396667666,85.88677215576172,6088200,85.24025744609513
2015-06-03 00:00:00+00:00,87.34144597665198,85.77902361295769,87.09515380859375,6337500,85.98683611629747
2015-06-04 00:00:00+00:00,87.09514441929376,85.56350947573334,85.78671264648438,4328600,86.60255426421256
2015-06-05 00:00:00+00:00,85.70977293381108,84.87083622385313,84.94780731201172,4505400,85.69437636735154
2015-06-08 00:00:00+00:00,85.28645587350395,84.53218853107587,84.6091537475586,3449000,84.77078246379318
2015-06-09 00:00:00+00:00,84.85544372943588,83.91645284568787,84.30128479003906,3659000,84.50139904528112
2015-06-10 00:00:00+00:00,85.57892606846994,84.19352877818228,85.41729736328125,3967900,84.58605898910865
2015-06-11 00:00:00+00:00,86.45635023571434,85.43269580461455,85.65589904785156,3642800,85.43269580461455
2015-06-12 00:00:00+00:00,85.88679782373798,84.98629240669256,85.12483215332031,4301900,85.34803540466892
2015-06-15 00:00:00+00:00,85.01706168931715,84.31667069265248,84.67071533203125,3965200,84.84004230566212
2015-06-16 00:00:00+00:00,85.00936321543797,84.47060091152679,84.84004211425781,3466600,84.58605165438452
2015-06-17 00:00:00+00:00,85.6558814400923,84.6322272194189,85.0247573852539,5722200,85.22487160910077
2015-06-18 00:00:00+00:00,86.43323573265711,85.24795293173915,86.08688354492188,7222600,85.47884851816129
2015-06-19 00:00:00+00:00,87.20291193510779,85.77133678016592,86.5333023071289,9255100,85.9252671931853
2015-06-22 00:00:00+00:00,87.4492039788719,86.80268332667636,87.02588653564453,3190200,86.91813407229009
2015-06-23 00:00:00+00:00,87.42610903420858,86.91813397497332,87.11054992675781,3075900,87.15672787612405
2015-06-24 00:00:00+00:00,87.49540287100673,86.47174835205078,86.47174835205078,3716100,86.92585316094
2015-06-25 00:00:00+00:00,87.51846105331688,86.38705444335938,86.38705444335938,4466300,87.15671816473802
2015-06-26 00:00:00+00:00,87.23370369512764,86.37938216757253,86.66415405273438,4208500,86.79499550656926
2015-06-29 00:00:00+00:00,86.44865228250335,85.01707690459729,85.07865142822266,5187400,85.86370605220189
2015-06-30 00:00:00+00:00,86.01760667605062,85.11709578980691,85.53271484375,5938800,85.54811140430382
2015-07-01 00:00:00+00:00,86.82578285832271,85.79443604879717,86.25623321533203,4216200,86.54870338398788
2015-07-02 00:00:00+00:00,86.77959247440177,85.50964604426507,85.809814453125,3845000,86.64875103916923
2015-07-06 00:00:00+00:00,86.14848104711311,84.79387093130381,85.67898559570312,3864700,84.8708361473234
2015-07-07 00:00:00+00:00,86.69491814312649,85.20176869562536,86.51020050048828,5515900,85.98682895295671
2015-07-08 00:00:00+00:00,86.55636342971948,85.27872497098507,85.43265533447266,3794100,85.98681403833508
2015-07-09 00:00:00+00:00,86.6564435459333,85.5866113445318,85.72515106201172,3643700,86.44863690574779
2015-07-10 00:00:00+00:00,87.34144908050604,86.27161101490935,87.0489730834961,4631400,86.71801742040024
2015-07-13 00:00:00+00:00,88.5267278462788,87.79554958383446,88.43437194824219,4171900,87.9033020462564
2015-07-14 00:00:00+00:00,88.91925543457812,88.0418391964194,88.78841400146484,3688900,88.1265026818618
2015-07-15 00:00:00+00:00,89.39646423588039,88.56522580457435,88.95775604248047,3364600,88.83460699840418
2015-07-16 00:00:00+00:00,89.21173132493735,87.61082925743023,88.30352783203125,5234800,89.18094406916968
2015-07-17 00:00:00+00:00,88.511352648247,87.74168871217529,88.10343170166016,5497600,88.11882239667088
2015-07-20 00:00:00+00:00,87.82633708165517,86.33318742389658,87.2875747680664,6107500,86.39476193746924
2015-07-21 00:00:00+00:00,87.71859752159457,86.72573036445115,87.6339340209961,4660600,87.28758760732568
2015-07-22 00:00:00+00:00,88.57291166736591,87.58774294118327,88.43437194824219,5485200,87.7108860959217
2015-07-23 00:00:00+00:00,89.36564704349537,88.07261187412065,88.19575500488281,4308900,88.67294858274684
2015-07-24 00:00:00+00:00,88.68835562446617,87.30295853925628,87.42610168457031,4427800,88.31121616278394
2015-07-27 00:00:00+00:00,87.65701062332154,86.74880709499912,87.02588653564453,4468200,87.25678802687199
2015-07-28 00:00:00+00:00,88.53444451361791,87.11056735987121,88.3882064819336,4176800,87.55697386664542
2015-07-29 00:00:00+00:00,89.86593374905989,88.59598749094424,89.56576538085938,5104000,88.63447302412601
2015-07-30 00:00:00+00:00,89.85054519526584,88.7807130446199,89.63504028320312,3291100,89.23481771395357
2015-07-31 00:00:00+00:00,90.92038236047516,89.56577830363616,90.0737533569336,4301200,90.0352736902678
2015-08-03 00:00:00+00:00,90.58942155062154,89.40414453617981,89.96599578857422,3645000,90.52785291303708
2015-08-04 00:00:00+00:00,90.681790858492,89.47341889836034,90.45858764648438,3008200,89.76588903543812
2015-08-05 00:00:00+00:00,91.22824096671597,90.12762159806176,90.82032012939453,4299100,91.1127902328158
2015-08-06 00:00:00+00:00,91.20515518251638,89.33487201857444,89.71200561523438,4768900,91.1204916995013
2015-08-07 00:00:00+00:00,90.17382092633767,89.11168103823138,89.99679565429688,3986100,89.81977038225607
2015-08-10 00:00:00+00:00,91.08201602821735,90.3277487532004,90.51246643066406,3408900,90.45859019673429
2015-08-11 00:00:00+00:00,90.92808772030278,89.86595371013823,90.58174133300781,4080000,90.06606208534147
2015-08-12 00:00:00+00:00,90.7279734730303,89.05010602759778,90.58174133300781,4575800,90.15072557949254
2015-08-13 00:00:00+00:00,92.46740271361902,90.65869407047857,91.60537719726562,6255500,90.82032275378202
2015-08-14 00:00:00+00:00,92.27498878600827,91.17436936157046,92.167236328125,5135500,91.82088998093859
2015-08-17 00:00:00+00:00,92.93688760085045,91.3821695803887,92.12873840332031,7255600,91.66694137847497
2015-08-18 00:00:00+00:00,95.28438859449594,93.24477818299792,94.51472473144531,11021900,93.76814984475511
2015-08-19 00:00:00+00:00,95.27667759936041,93.99903293857332,94.48392486572266,6490300,94.41465207381484
2015-08-20 00:00:00+00:00,94.30689000816791,92.77526092529297,92.77526092529297,5555500,93.88357850634348
2015-08-21 00:00:00+00:00,92.6367138874897,89.39643074793192,89.40412902832031,10190700,92.00558995319216
2015-08-24 00:00:00+00:00,89.18863214377207,70.9399055594104,86.61795806884766,13983100,84.7014969989975
2015-08-25 00:00:00+00:00,90.05065534277617,85.34800953844352,85.40958404541016,10221100,90.05065534277617
2015-08-26 00:00:00+00:00,89.3040770109925,86.2639077843257,89.22711181640625,9313200,87.78783860216463
2015-08-27 00:00:00+00:00,90.88959695852954,88.76532906020306,90.55864715576172,7579100,90.43549812695323
2015-08-28 00:00:00+00:00,91.17436007678313,89.98907728870256,90.45087432861328,5016000,90.38160741505726
2015-08-31 00:00:00+00:00,90.42779301203458,89.22711943221749,89.63504028320312,5444500,90.05835769766091
2015-09-01 00:00:00+00:00,88.76861329023392,87.07446531789527,87.468994140625,7392900,88.18068879584791
2015-09-02 00:00:00+00:00,90.10691833496094,88.4359768173127,90.10691833496094,6487400,88.83050565930762
2015-09-03 00:00:00+00:00,91.34465021600406,89.87484184794864,90.19974517822266,5302900,90.53238598835115
2015-09-04 00:00:00+00:00,89.49578185787463,87.79389642601788,88.5133285522461,5752000,88.71446170096782
2015-09-08 00:00:00+00:00,90.23068896941716,88.75314902718009,90.0682373046875,5775800,89.49578773821615
2015-09-09 00:00:00+00:00,90.87276164575053,87.95635153172368,88.16522216796875,5316400,90.59427139873556
2015-09-10 00:00:00+00:00,89.27920563883518,87.94864210179739,88.5675048828125,5259100,88.18845091301844
2015-09-11 00:00:00+00:00,89.31787537120672,87.95636789932566,89.30240631103516,4472800,88.165238574439
2015-09-14 00:00:00+00:00,89.4880598795487,88.51334388440786,88.75315856933594,4248700,89.34881473738572
2015-09-15 00:00:00+00:00,90.2229802783663,88.1111020610446,89.87487030029297,4994000,88.79185295455301
2015-09-16 00:00:00+00:00,91.30599877672174,89.71241971622612,91.14354705810547,5285100,89.79751431673509
2015-09-17 00:00:00+00:00,92.69069784411691,90.71805919469227,91.2131576538086,6607100,91.53806103781749
2015-09-18 00:00:00+00:00,90.66387980669023,88.94653136492438,89.0548324584961,11366700,90.13011181750592
2015-09-21 00:00:00+00:00,90.5943013099512,89.17090558836496,90.1843032836914,5201100,89.704679721706
2015-09-22 00:00:00+00:00,90.03728250418663,88.87690855054358,89.58087158203125,4631600,89.271437347333
2015-09-23 00:00:00+00:00,90.16109175191646,89.47260342477666,89.86712646484375,4084900,89.61958016634371
2015-09-24 00:00:00+00:00,90.23842610843435,88.83823736196504,89.99861145019531,5172300,89.22502872470847
2015-09-25 00:00:00+00:00,91.41429111990246,89.76656164519969,90.30806732177734,5478900,90.68712719735093
2015-09-28 00:00:00+00:00,90.80318263067684,88.0724352176356,88.26583099365234,5994600,90.14563817261403
2015-09-29 00:00:00+00:00,88.90788017396788,86.48656789681824,87.34524536132812,7908800,88.3508995589378
2015-09-30 00:00:00+00:00,89.44939611363998,88.18845800546391,89.34109497070312,5395600,88.47468582720826
2015-10-01 00:00:00+00:00,90.60975150901628,88.76088908367011,90.53239440917969,5215200,89.91353170851849
2015-10-02 00:00:00+00:00,91.20539821458529,88.73766760212983,91.13577270507812,4359800,89.39521169297522
2015-10-05 00:00:00+00:00,92.28070035573519,91.2131581304268,92.21107482910156,4528700,91.86296490184003
2015-10-06 00:00:00+00:00,92.2110601712551,91.25955670694093,91.80879974365234,5275400,92.1337030777124
2015-10-07 00:00:00+00:00,92.70615792888519,91.66182235169813,92.5591812133789,4680100,92.21106541967106
2015-10-08 00:00:00+00:00,93.78145406431163,92.1724002758826,93.64994049072266,4958200,92.29617046624003
2015-10-09 00:00:00+00:00,93.9903028152107,93.19351353812912,93.85879516601562,3893500,93.81237618832425
2015-10-12 00:00:00+00:00,94.72521831115371,93.60352553127717,94.29975128173828,2861900,93.9825794779848
2015-10-13 00:00:00+00:00,94.6014148106394,93.71179365953901,94.07537841796875,2971400,94.19914856226181
2015-10-14 00:00:00+00:00,94.28426418056155,92.48955242264432,93.0387954711914,5200400,93.85879720592438
2015-10-15 00:00:00+00:00,94.40031459920655,93.1393766736331,94.2301254272461,3448900,93.30956584559355
2015-10-16 00:00:00+00:00,95.0114272171984,94.09086191325041,94.94953918457031,4068800,94.09086191325041
2015-10-19 00:00:00+00:00,95.3054073386335,94.53182446769664,95.2280502319336,3097700,94.84899627772583
2015-10-20 00:00:00+00:00,95.28220663714987,94.64786888017863,95.03466033935547,3318400,95.06560436432594
2015-10-21 00:00:00+00:00,95.93972606400284,94.9572786092697,95.38275146484375,3491800,95.37501398511483
2015-10-22 00:00:00+00:00,96.295613761304,95.05787624841142,96.2027816772461,5855300,95.84693420797893
2015-10-23 00:00:00+00:00,97.27806335709766,95.12750353693787,96.39617919921875,5281600,96.70561358313434
2015-10-26 00:00:00+00:00,97.20843464238733,95.93975319659992,96.70560455322266,4550200,96.34975711063657
2015-10-27 00:00:00+00:00,96.76746697188938,95.78501943963126,96.28784942626953,3674800,96.31879344565924
2015-10-28 00:00:00+00:00,96.38068273735105,94.54729519266219,95.78502655029297,6821500,96.21823104997158
2015-10-29 00:00:00+00:00,95.97842460956996,94.95729547677423,95.63804626464844,4635300,95.47559457329103
2015-10-30 00:00:00+00:00,96.50445990069446,95.3595546933831,95.64578247070312,4991500,95.3595546933831
2015-11-02 00:00:00+00:00,96.41934527278572,95.44462943828177,96.24142456054688,3715600,96.10991101875632
2015-11-03 00:00:00+00:00,97.50236384117652,95.77727182994663,97.20840454101562,4313700,96.1021810481922
2015-11-04 00:00:00+00:00,97.37086583875849,96.40388737174838,96.99180603027344,4101200,97.0691690292088
2015-11-05 00:00:00+00:00,97.47918441830033,96.65918251803407,97.25484466552734,3059400,97.05371145580513
2015-11-06 00:00:00+00:00,97.55654968523321,96.55862693683454,97.45598602294922,3752000,96.90673691563815
2015-11-09 00:00:00+00:00,97.56428748391939,95.69994967067184,96.31108093261719,4988800,97.31674116659708
2015-11-10 00:00:00+00:00,97.01502542115394,95.95521482067898,96.89898681640625,3872900,96.30332473295346
2015-11-11 00:00:00+00:00,97.0304913051722,96.3265281208531,96.4735107421875,3240200,97.0304913051722
2015-11-12 00:00:00+00:00,96.67463387744337,95.19708804296026,95.77727508544922,4285700,96.06350281778552
2015-11-13 00:00:00+00:00,95.3440771897634,92.7525760692588,92.8299331665039,8728800,95.22803859291162
2015-11-16 00:00:00+00:00,93.62671129731554,91.75464261856551,93.47972869873047,7785700,92.86860357212073
2015-11-17 00:00:00+00:00,97.73442689037384,95.22802081533598,97.61065673828125,10517100,96.58952790015715
2015-11-18 00:00:00+00:00,98.03614276477164,96.43482673676479,97.88916015625,6502000,97.81180306301626
2015-11-19 00:00:00+00:00,98.72464335613122,97.43275553842635,98.13671875,4662200,97.88143499842042
2015-11-20 00:00:00+00:00,100.72821807861328,98.31463179987581,100.72821807861328,8191900,98.52350245371403
2015-11-23 00:00:00+00:00,102.60804937859417,100.72824834109777,102.49974822998047,6329700,100.72824834109777
2015-11-24 00:00:00+00:00,103.6059571014094,101.91182038444457,103.3506851196289,6672700,102.05879122718704
2015-11-25 00:00:00+00:00,104.6193715598213,103.31201437131969,104.16294860839844,5300900,103.42031552163662
2015-11-27 00:00:00+00:00,104.7972637182277,104.07009399164491,104.23255157470703,3337700,104.28669623310316
2015-11-30 00:00:00+00:00,104.68121406209755,102.89422815362606,103.56725311279297,8057900,104.58837611369887
2015-12-01 00:00:00+00:00,104.60844431455091,103.54393678333267,104.45303344726562,5267600,103.74596616832972
2015-12-02 00:00:00+00:00,104.62398121113812,103.78482413748934,103.97129821777344,5022700,104.55405343103158
2015-12-03 00:00:00+00:00,104.21218254249817,101.63252528214784,101.73352813720703,6688000,103.74598542267394
2015-12-04 00:00:00+00:00,104.76385092160564,102.0598699926092,104.53074645996094,5387100,102.2152690149772
2015-12-07 00:00:00+00:00,104.73276351195338,103.48955948265785,104.06453704833984,5444300,104.11893322681536
2015-12-08 00:00:00+00:00,104.55406730431099,102.88350688044505,103.99462127685547,4731400,103.11661136791598
2015-12-09 00:00:00+00:00,104.72500476632099,102.18418850188306,102.48722076416016,5055600,103.50510991527231
2015-12-10 00:00:00+00:00,103.8003413683619,102.40950433534252,102.98448181152344,4185600,102.5338282757754
2015-12-11 00:00:00+00:00,102.98451385652963,101.25179137625186,101.3528060913086,5300800,102.98451385652963
2015-12-14 00:00:00+00:00,102.66595704875132,101.5626083343428,102.57270812988281,5960100,101.85786298489367
2015-12-15 00:00:00+00:00,103.7226617702829,101.93554341841265,102.01323699951172,4921800,103.0466576632288
2015-12-16 00:00:00+00:00,103.55949528411105,101.29063619515466,103.26422882080078,4711700,102.69701701260826
2015-12-17 00:00:00+00:00,103.76151863728872,101.78792590141857,102.05988311767578,4345800,103.38855856440517
2015-12-18 00:00:00+00:00,102.02877934098791,101.01866794827981,101.2362289428711,9840600,101.57811389328168
2015-12-21 00:00:00+00:00,102.26189017322247,101.15076401507575,102.0287857055664,3414800,101.78791543625658
2015-12-22 00:00:00+00:00,102.78247007045171,101.36832370123687,102.47167205810547,3401900,102.07539095775219
2015-12-23 00:00:00+00:00,103.60613753606117,102.47171365987487,103.42742919921875,3244800,102.94568852764831
2015-12-24 00:00:00+00:00,103.71489431778467,103.07775472286696,103.26422882080078,1517100,103.18653523205712
2015-12-28 00:00:00+00:00,103.2642347400236,102.47946186846669,103.09329223632812,2607200,102.75918488758775
2015-12-29 00:00:00+00:00,104.37536727590002,103.55950743316828,103.88584899902344,3037400,103.62943522809702
2015-12-30 00:00:00+00:00,104.16553694020283,103.55947254263599,103.6138687133789,2484700,103.79257697005023
2015-12-31 00:00:00+00:00,103.78481000002706,102.7513894732119,102.7591552734375,3178700,103.40407237766878
2016-01-04 00:00:00+00:00,101.84231567382812,100.58355624081025,101.84231567382812,8050900,101.09638371884768
2016-01-05 00:00:00+00:00,102.51833549861692,101.0497923128139,101.34504699707031,5320900,101.90449314939427
2016-01-06 00:00:00+00:00,100.93322122295237,99.89203451652311,100.29608154296875,8199600,100.23391954996266
2016-01-07 00:00:00+00:00,99.36368890850822,96.892805519089,97.43671417236328,12551000,98.62553436318002
2016-01-08 00:00:00+00:00,98.31469791117848,95.96036757424851,96.27117156982422,7104500,98.24477012442286
2016-01-11 00:00:00+00:00,97.96504569846422,96.4187974731569,97.73194122314453,6811600,97.02486792336947
2016-01-12 00:00:00+00:00,100.07850639469717,97.77079460031969,99.06062316894531,5695700,98.50894889695735
2016-01-13 00:00:00+00:00,99.04508370322914,93.99453817953122,94.32865142822266,8932200,99.04508370322914
2016-01-14 00:00:00+00:00,94.4219190895095,91.84225523811345,92.94561004638672,13389100,94.24321074045965
2016-01-15 00:00:00+00:00,94.13440738319781,90.21051932233784,92.6425552368164,10515000,91.00306985066722
2016-01-19 00:00:00+00:00,94.70939773242435,92.30844856823991,93.05437469482422,6350700,93.6604393021681
2016-01-20 00:00:00+00:00,92.199637782294,88.26020727142327,90.49021911621094,11331400,91.60133917433275
2016-01-21 00:00:00+00:00,94.74822654413484,91.01859092452739,93.41177368164062,8993900,91.20507092708004
2016-01-22 00:00:00+00:00,96.8694871785033,94.46853775176723,95.38540649414062,6554500,94.5151562872473
2016-01-25 00:00:00+00:00,96.2323057462234,94.45295919008916,94.56951141357422,4854700,95.86711154574668
2016-01-26 00:00:00+00:00,95.14452339445202,93.73814234627352,94.95027160644531,4475600,94.58508322459174
2016-01-27 00:00:00+00:00,96.5975005471846,93.90905730172084,94.46073150634766,5431000,95.15226719440749
2016-01-28 00:00:00+00:00,95.3309887337259,93.48170831841279,95.01241302490234,4871600,94.77154275692843
2016-01-29 00:00:00+00:00,97.7164077758789,95.37761490728823,97.7164077758789,7616200,95.70395644390275
2016-02-01 00:00:00+00:00,98.74984639633026,96.34112515965298,98.29918670654297,4674100,97.06374212346563
2016-02-02 00:00:00+00:00,98.23697839386264,96.90052563464586,97.33564758300781,5832200,97.44443399819023
2016-02-03 00:00:00+00:00,98.02722378045976,94.4374486539586,96.18571472167969,7485700,97.91843732684393
2016-02-04 00:00:00+00:00,96.27116747945642,92.81348280873807,94.10331726074219,9171800,96.07691573148661
2016-02-05 00:00:00+00:00,94.01784837969235,89.8919430461353,90.46692657470703,8117700,93.93237713419065
2016-02-08 00:00:00+00:00,90.10949677545128,85.17550383757946,86.9082260131836,11286600,89.30140883755577
2016-02-09 00:00:00+00:00,89.58115216429987,85.99914884333536,88.47003173828125,7572900,86.201172355728
2016-02-10 00:00:00+00:00,90.25712920435141,88.6176440829173,88.835205078125,5307600,88.96729483548789
2016-02-11 00:00:00+00:00,88.72642468414014,87.19572005852224,88.0115737915039,6447100,87.86394650349342
2016-02-12 00:00:00+00:00,90.46692571246052,88.20583248534547,90.38145446777344,5361600,89.26256248502843
2016-02-16 00:00:00+00:00,93.2408291873561,91.45371092336153,92.79793548583984,6966400,91.7800583308674
2016-02-17 00:00:00+00:00,94.54622456045952,93.13984360056887,94.1810302734375,5970700,93.59050321510203
2016-02-18 00:00:00+00:00,94.10333219271249,92.89896879295856,93.21754455566406,4460700,93.9634706748578
2016-02-19 00:00:00+00:00,94.5617361375874,92.26956818342546,94.55397033691406,5435500,93.10096531856506
2016-02-22 00:00:00+00:00,96.71408364777925,94.89588378268188,95.45532989501953,7796900,95.57188215643893
2016-02-23 00:00:00+00:00,98.82753821089888,95.843827765719,96.76069641113281,11168700,98.6799049600316
2016-02-24 00:00:00+00:00,97.73192800854677,95.50968777585499,97.59983825683594,7935500,96.38770937649214
2016-02-25 00:00:00+00:00,98.57112121582031,97.0404162797729,98.57112121582031,4738800,97.7164145911306
2016-02-26 00:00:00+00:00,99.2626660878253,97.84851327383484,98.10492706298828,4608200,99.13834209498935
2016-02-29 00:00:00+00:00,98.67212219092255,96.38772552810268,96.4421157836914,5575300,98.1049103723677
2016-03-01 00:00:00+00:00,97.87959506226836,96.33335243947693,97.6697998046875,4916900,96.95495462439233
2016-03-02 00:00:00+00:00,97.8018946850934,96.70631172920154,97.5843276977539,3967500,97.4988623628455
2016-03-03 00:00:00+00:00,98.88193583768786,96.954955414137,98.5245132446289,5009700,97.28129700848287
2016-03-04 00:00:00+00:00,99.0683924860549,97.25019895179545,97.56099700927734,6448200,98.96738371018259
2016-03-07 00:00:00+00:00,98.32246787268367,97.13364809447705,98.03497314453125,4161200,97.13364809447705
2016-03-08 00:00:00+00:00,100.160028716103,97.65993672033814,99.00373840332031,5280900,97.83181916267625
2016-03-09 00:00:00+00:00,99.62878866277526,97.91779010535527,98.46468353271484,4047000,99.24596326362357
2016-03-10 00:00:00+00:00,99.22254493670371,97.12090014833935,98.3553237915039,4503700,98.59751864731363
2016-03-11 00:00:00+00:00,100.59754876216938,99.01155821851312,100.36317443847656,4626600,99.19906363815718
2016-03-14 00:00:00+00:00,101.30072739426649,100.08193298615706,100.66007232666016,3653200,100.33974479285699
2016-03-15 00:00:00+00:00,101.94137477610384,100.48819401650628,101.33979797363281,4033900,100.6132016331428
2016-03-16 00:00:00+00:00,102.43355504255516,100.63660982019599,101.91790771484375,3609600,101.27726472820937
2016-03-17 00:00:00+00:00,102.49607049595494,101.03508148923588,102.25387573242188,4130900,101.64447861082888
2016-03-18 00:00:00+00:00,103.19924077286903,102.21483256567345,102.62110137939453,8069200,102.4570273841704
2016-03-21 00:00:00+00:00,103.2304718145355,101.77729135978406,102.35543060302734,3817000,102.76169931117828
2016-03-22 00:00:00+00:00,102.51953092480552,101.50386485387732,102.0273208618164,3946500,102.04294979498292
2016-03-23 00:00:00+00:00,102.48824956493945,101.5272790196872,101.73822784423828,3625300,102.02729747394808
2016-03-24 00:00:00+00:00,102.16015568346808,101.14450134807919,101.92578125,3448700,101.20699324941386
2016-03-28 00:00:00+00:00,102.98047181464662,101.94918884516541,102.41014099121094,2621100,102.03513008607065
2016-03-29 00:00:00+00:00,103.83206882103715,102.12107626794635,103.49612426757812,3405400,102.3476421387231
2016-03-30 00:00:00+00:00,104.63677534681986,103.78518340943494,104.23832702636719,3138300,103.99613224797157
2016-03-31 00:00:00+00:00,104.9180405122071,103.91019499413801,104.24613952636719,3685900,104.34770969721859
2016-04-01 00:00:00+00:00,105.62905455810359,103.98837369629811,105.3556137084961,4259400,103.98837369629811
2016-04-04 00:00:00+00:00,106.43377201157203,104.96497370501095,105.3556137084961,3547600,106.30877627071077
2016-04-05 00:00:00+00:00,106.0196445535633,104.61333882007474,105.14461517333984,4068600,104.84772509588637
2016-04-06 00:00:00+00:00,106.05088403793013,104.55082882260812,105.81649780273438,3364800,104.88677328666469
2016-04-07 00:00:00+00:00,105.6602814461201,104.00396021056898,104.58992004394531,3953700,105.26182112973885
2016-04-08 00:00:00+00:00,105.17587969100185,103.9570851471595,104.39459991455078,2924400,105.17587969100185
2016-04-11 00:00:00+00:00,105.53523832726198,103.87892957013862,103.91798400878906,3472700,104.36331905464543
2016-04-12 00:00:00+00:00,105.25399739824702,103.99613666103173,104.98836517333984,4251400,104.14458170476856
2016-04-13 00:00:00+00:00,105.36342200501913,104.08212327301958,104.56651306152344,4324800,105.36342200501913
2016-04-14 00:00:00+00:00,105.24618154228543,103.81643842496086,104.98053741455078,4183300,104.30082796847448
2016-04-15 00:00:00+00:00,105.69149385501227,104.6680195782267,105.48054504394531,3508900,105.01178447881595
2016-04-18 00:00:00+00:00,106.87907409667969,105.26963969030311,106.87907409667969,3964300,105.32432307466246
2016-04-19 00:00:00+00:00,107.03529192009731,105.35554575705619,105.81649780273438,4649500,106.87903840375985
2016-04-20 00:00:00+00:00,106.31656203027184,105.06650951804141,105.62122344970703,4760200,106.05873825257241
2016-04-21 00:00:00+00:00,105.85557086887393,104.99615859249928,105.16023254394531,3542200,105.65243055552362
2016-04-22 00:00:00+00:00,106.00398980830582,104.23049404430442,105.98837280273438,4180900,105.35553835712011
2016-04-25 00:00:00+00:00,106.04310989719302,104.9102565075731,105.98060607910156,2835400,105.61340359867944
2016-04-26 00:00:00+00:00,106.44150851926221,105.37896807066981,105.73834991455078,3507200,105.54303006680495
2016-04-27 00:00:00+00:00,106.4728160716583,105.2852673720728,106.0587387084961,3488100,105.76184855325364
2016-04-28 00:00:00+00:00,105.8165146744857,103.51174215723474,103.6992416381836,5553600,105.3243046942329
2016-04-29 00:00:00+00:00,104.92586494918665,102.93359935165246,104.60553741455078,4610100,103.68363310087524
2016-05-02 00:00:00+00:00,106.44936727618452,104.93368263470232,106.2931137084961,4284400,104.98055751287055
2016-05-03 00:00:00+00:00,106.12903116356522,104.72272532489794,105.11336517333984,3408700,105.82433255863582
2016-05-04 00:00:00+00:00,105.78529312441,104.01179634431374,105.59779357910156,3192100,104.37117842041164
2016-05-05 00:00:00+00:00,105.76184404413954,104.4961745670303,105.21495056152344,3474900,105.37120413921606
2016-05-06 00:00:00+00:00,106.10560220008291,104.93368256116636,106.01966094970703,3356800,105.0664986896776
2016-05-09 00:00:00+00:00,106.62123456022887,105.66026393077945,106.44154357910156,3552300,105.93370465486338
2016-05-10 00:00:00+00:00,107.67598359807307,106.48843500996801,107.43377685546875,3662800,106.50406394335161
2016-05-11 00:00:00+00:00,107.07443104319125,104.7227705111807,104.92591094970703,6058400,106.8791110346927
2016-05-12 00:00:00+00:00,105.47276233995841,103.9883356385416,104.83992767333984,5355600,105.47276233995841
2016-05-13 00:00:00+00:00,105.73058514255129,103.93363941579669,104.01177215576172,5295800,104.54303663910042
2016-05-16 00:00:00+00:00,106.68370322304665,103.97266278262437,105.73834991455078,8394800,104.56643082807581
2016-05-17 00:00:00+00:00,105.07429672777653,102.42575938502947,103.12890625,15989600,104.02737301317129
2016-05-18 00:00:00+00:00,103.73049836912433,101.5819794165324,102.94921875,8258900,102.37106754015086
2016-05-19 00:00:00+00:00,103.23048777434808,102.1757554394188,102.91796875,4577200,102.69921139364727
2016-05-20 00:00:00+00:00,103.95706807770325,102.93359364602527,103.01172637939453,5089800,103.04297231991343
2016-05-23 00:00:00+00:00,103.50390509720306,102.58200100701393,102.67575073242188,3854500,103.00388669272881
2016-05-24 00:00:00+00:00,104.58991566346619,103.16799272647917,104.19146728515625,5181500,103.26955098680357
2016-05-25 00:00:00+00:00,105.09773923148218,103.94925722095161,104.06644439697266,5017500,104.2695847305839
2016-05-26 00:00:00+00:00,104.97275513499758,103.80083542684625,104.73056030273438,3996800,104.01178431230095
2016-05-27 00:00:00+00:00,105.39466013504664,104.20712319840392,104.64463806152344,4025300,104.7462082695283
2016-05-31 00:00:00+00:00,105.07653205217045,103.44305391999995,103.7571792602539,6366900,104.89591058068011
2016-06-01 00:00:00+00:00,103.75716561898255,102.99539918674918,103.52942657470703,4744300,103.75716561898255
2016-06-02 00:00:00+00:00,104.21270925410279,103.13681696992522,103.98497009277344,3858500,103.54518965495248
2016-06-03 00:00:00+00:00,104.23625827573117,102.814820928718,103.45879364013672,4155900,104.07919556027592
2016-06-06 00:00:00+00:00,102.77553295846624,100.89075676062674,101.45619201660156,8051700,102.7362762743105
2016-06-07 00:00:00+00:00,102.7205471607684,101.55826912268415,102.02945709228516,4434000,101.60538672133299
2016-06-08 00:00:00+00:00,102.32006548021803,101.50333214212964,101.77033996582031,3742400,102.10017527445895
2016-06-09 00:00:00+00:00,101.96665776823743,101.33839498563651,101.54258728027344,3450500,101.51902847444855
2016-06-10 00:00:00+00:00,101.48760255343109,100.68657923801874,101.17347717285156,3926000,100.8750496731204
2016-06-13 00:00:00+00:00,101.66036101035938,100.3567240853695,100.38813781738281,4830900,101.25984940819248
2016-06-14 00:00:00+00:00,100.08187605823768,97.9379349693098,98.35415649414062,7303500,99.97977991637211
2016-06-15 00:00:00+00:00,100.32530052084653,98.55046378115904,99.36720275878906,5140000,98.7467950933329
2016-06-16 00:00:00+00:00,100.16040941994713,98.6839997189982,100.01905059814453,4431800,98.99027616764421
2016-06-17 00:00:00+00:00,100.34886012528192,99.52427220246538,99.84625244140625,7541900,100.14467388134611
2016-06-20 00:00:00+00:00,101.18918902375071,100.06616739905286,100.22323608398438,3880300,100.62375374111264
2016-06-21 00:00:00+00:00,100.76510198228746,99.96407269606024,100.31746673583984,3600900,100.49023928561918
2016-06-22 00:00:00+00:00,101.28339434895042,100.05043399605026,100.2074966430664,3723700,100.27817902831282
2016-06-23 00:00:00+00:00,101.38552096174728,100.08972677204821,100.74939727783203,4784500,101.2912737586957
2016-06-24 00:00:00+00:00,100.36460124590049,98.55835020019012,99.26514434814453,8979800,99.02954430164037
2016-06-27 00:00:00+00:00,98.75467760162235,97.08193651173262,97.90652465820312,5656900,98.43269128379255
2016-06-28 00:00:00+00:00,100.15254211425781,98.63686393112569,100.15254211425781,5385000,98.86460900431265
2016-06-29 00:00:00+00:00,100.89076570704967,99.65780493904492,100.02690887451172,5782100,100.44313042163542
2016-06-30 00:00:00+00:00,100.41170211688693,99.02952779039978,100.2781982421875,6642000,99.94835703376465
2016-07-01 00:00:00+00:00,102.27293329661812,100.61589606435261,101.79388427734375,5645200,100.7493999571844
2016-07-05 00:00:00+00:00,102.46925002696501,100.91430916322385,101.58184051513672,4096600,101.7781718559212
2016-07-06 00:00:00+00:00,103.35666408735239,101.3305233582253,103.32525634765625,4933200,101.46402722238199
2016-07-07 00:00:00+00:00,103.80430390658323,102.5320806141808,103.00328063964844,3973600,103.07395704853425
2016-07-08 00:00:00+00:00,105.51631258415381,103.85927564649948,105.50060272216797,4806200,103.92210311132922
2016-07-11 00:00:00+00:00,106.70999188498189,105.58697061908583,106.1366958618164,4577000,105.88539802933025
2016-07-12 00:00:00+00:00,106.79639609114889,105.46919436428004,105.89326477050781,3615800,106.20740209281871
2016-07-13 00:00:00+00:00,106.17601790638616,104.52684134894665,104.8880844116211,4235500,105.89330021323687
2016-07-14 00:00:00+00:00,105.85400805170775,105.10010235931935,105.65767669677734,3122300,105.54773161734092
2016-07-15 00:00:00+00:00,106.48225722153786,105.74404950372613,105.84614562988281,5323000,106.11315336263199
2016-07-18 00:00:00+00:00,107.18118070619902,105.86968905080596,107.07123565673828,3730900,106.38015762431858
2016-07-19 00:00:00+00:00,107.62883869335971,106.45869963969321,107.57386016845703,3831500,106.85922322651693
2016-07-20 00:00:00+00:00,107.94295253703774,107.40893712229001,107.91154479980469,3092000,107.90368387816223
2016-07-21 00:00:00+00:00,107.69951427618273,106.38802242524211,106.85922241210938,4938100,107.40108681895924
2016-07-22 00:00:00+00:00,107.30686644273564,106.7728509014005,107.21263122558594,2627200,107.12624494882701
2016-07-25 00:00:00+00:00,107.47178334987385,106.92204599582928,107.19691467285156,3352600,107.23618333858536
2016-07-26 00:00:00+00:00,107.99009250769804,106.85137306306328,107.39324951171875,2575600,107.19691815977777
2016-07-27 00:00:00+00:00,108.13144411020701,106.77283467592443,107.04769134521484,3030800,107.59741666690896
2016-07-28 00:00:00+00:00,108.46914882595239,106.88280002276235,108.343505859375,3230000,106.95347643829629
2016-07-29 00:00:00+00:00,108.94031486980955,107.93509955246164,108.56336212158203,3662600,107.95080941204539
2016-08-01 00:00:00+00:00,109.1131257828818,108.25712387249392,108.97962188720703,3157800,108.42203551527967
2016-08-02 00:00:00+00:00,109.16024569519118,107.44824183834227,107.76236724853516,3898100,109.08956927536522
2016-08-03 00:00:00+00:00,107.7623584382615,106.5686604075118,107.63670349121094,3642600,107.6916820242138
2016-08-04 00:00:00+00:00,107.74664821233216,106.38018961287008,106.8435287475586,3802900,106.6393364635082
2016-08-05 00:00:00+00:00,108.17068879502628,107.27541861725427,107.51886749267578,3022100,107.58954387913158
2016-08-08 00:00:00+00:00,107.90371979172981,106.92992383293752,106.96919250488281,3182800,107.51891796276819
2016-08-09 00:00:00+00:00,107.66026347685867,106.28594393409544,106.8906478881836,3180400,107.0163028366125
2016-08-10 00:00:00+00:00,107.50319974489855,106.06605274179704,106.4901351928711,3438000,107.0398606080455
2016-08-11 00:00:00+00:00,107.98221127299884,106.15240218218122,107.62095642089844,4183300,107.04767239995655
2016-08-12 00:00:00+00:00,107.89581428935475,106.51364643650182,107.2518539428711,4090000,106.80421288696677
2016-08-15 00:00:00+00:00,108.35135252155628,107.53460734884295,107.63670349121094,6327400,107.67597216005365
2016-08-16 00:00:00+00:00,108.8853646171989,106.5372492821571,106.98487854003906,7286100,108.1000391977222
2016-08-17 00:00:00+00:00,107.17336036080947,105.82259968814462,106.92205047607422,5222200,106.41159374948866
2016-08-18 00:00:00+00:00,106.92205194714846,105.57915217935226,105.86186981201172,4430800,106.82781673063364
2016-08-19 00:00:00+00:00,106.61578367700861,105.48492504286327,106.38019561767578,3959000,105.56345040160222
2016-08-22 00:00:00+00:00,106.68642743014448,106.03460611150406,106.28590393066406,2752500,106.49009614078692
2016-08-23 00:00:00+00:00,107.23613318019225,106.74922352244495,106.97697448730469,2961100,106.74922352244495
2016-08-24 00:00:00+00:00,107.00057142787742,105.86970108594709,106.06603240966797,4113000,106.62361864160498
2016-08-25 00:00:00+00:00,106.92991699948274,105.52417772224354,106.35662078857422,3168900,105.80689536581957
2016-08-26 00:00:00+00:00,106.94561297802967,105.17078179239448,105.51632690429688,4193400,106.35661889631838
2016-08-29 00:00:00+00:00,106.25452269423009,105.68908748122563,106.20740509033203,3227700,105.90897762149248
2016-08-30 00:00:00+00:00,106.60207835227834,105.48119902872892,105.8521957397461,3440600,106.40474018874008
2016-08-31 00:00:00+00:00,106.3099782385208,105.45748822337916,105.8679428100586,4650600,105.68639512577491
2016-09-01 00:00:00+00:00,106.60997529210928,105.5048863137939,105.9548110961914,3851800,106.1521492740739
2016-09-02 00:00:00+00:00,107.25722815903436,106.20738782403882,106.68099212646484,3402600,106.38104634829757
2016-09-06 00:00:00+00:00,107.13094318521298,105.67853719226719,105.8521957397461,4220400,106.53103950410032
2016-09-07 00:00:00+00:00,105.67060970502304,104.32082374671097,104.81810760498047,4676000,105.22068506710656
2016-09-08 00:00:00+00:00,104.93654661454102,103.49991896365117,103.61042785644531,5019600,103.83934687731131
2016-09-09 00:00:00+00:00,103.31837913190621,100.82402761776622,100.83191680908203,6315000,103.1210409479088
2016-09-12 00:00:00+00:00,101.70807749945418,99.45841798901994,101.50283813476562,7882600,99.85309425088113
2016-09-13 00:00:00+00:00,101.0371267258683,99.00849090671676,99.2374038696289,6376300,100.83189337596741
2016-09-14 00:00:00+00:00,100.20829965443785,99.11899534867099,99.66365051269531,4313900,99.15057017203432
2016-09-15 00:00:00+00:00,100.75298478265702,99.22953373041838,100.21622467041016,5100700,99.43476713217608
2016-09-16 00:00:00+00:00,100.2635576233804,99.22161250479597,99.54524993896484,6941200,100.2635576233804
2016-09-19 00:00:00+00:00,100.53985741855145,99.59263054773753,99.6873550415039,4525400,99.99520211839052
2016-09-20 00:00:00+00:00,100.50826270497559,99.71891014658692,100.11358642578125,3627100,100.13726603896778
2016-09-21 00:00:00+00:00,101.50284827911912,99.89257426940016,101.12396240234375,5367400,100.6582412352161
2016-09-22 00:00:00+00:00,102.3395629347528,101.60547077545841,101.629150390625,4099700,101.68441085572381
2016-09-23 00:00:00+00:00,101.98433700367718,100.87135314941406,100.87135314941406,4464700,101.53441235767669
2016-09-26 00:00:00+00:00,100.429344831168,98.94535792809002,99.0242919921875,5338500,100.32672512778653
2016-09-27 00:00:00+00:00,100.23989376963875,98.95325108693945,100.10570526123047,4433600,99.30056818849779
2016-09-28 00:00:00+00:00,101.455502025085,100.29515258728553,101.25027465820312,5751100,100.41355669727626
2016-09-29 00:00:00+00:00,103.19999631721892,100.96612629831458,100.9819107055664,5987500,101.43184159079763
2016-09-30 00:00:00+00:00,102.01596892682986,100.74510430614889,101.57392120361328,6044600,100.93455333038456
2016-10-03 00:00:00+00:00,101.68438413832337,101.0134297660552,101.4317855834961,3652700,101.19497744948603
2016-10-04 00:00:00+00:00,102.55269484582603,100.99766916171265,101.19500732421875,4848600,101.45549514407469
2016-10-05 00:00:00+00:00,101.85017882833485,100.65825455443554,100.70561981201172,4115400,101.28974515127975
2016-10-06 00:00:00+00:00,102.97105836171238,99.7978631249864,102.76583099365234,7472400,100.14518024367761
2016-10-07 00:00:00+00:00,102.93948286042792,100.94241558007532,101.2818374633789,5511900,102.48165687415185
2016-10-10 00:00:00+00:00,101.77913736234362,100.44512939453125,100.44512939453125,4349700,101.39235020977077
2016-10-11 00:00:00+00:00,100.31093323601374,99.03217981287018,99.34002685546875,5113900,100.12937948208715
2016-10-12 00:00:00+00:00,100.37407130123273,99.22950651143012,100.0030746459961,3545900,99.34001538461355
2016-10-13 00:00:00+00:00,99.97941771390444,98.80327783320091,99.6873550415039,3655700,99.65578021024845
2016-10-14 00:00:00+00:00,100.68980893123278,99.78994750976562,99.78994750976562,4462100,100.16883938199064
2016-10-17 00:00:00+00:00,100.0899382290857,98.57437626433655,98.77960968017578,3753000,99.60053732124875
2016-10-18 00:00:00+00:00,99.65575291792189,98.78746637418246,99.25318145751953,3563300,99.57681887254223
2016-10-19 00:00:00+00:00,99.52947304098551,98.28230042724667,99.3716049194336,4094800,99.26899124265313
2016-10-20 00:00:00+00:00,100.31095651380423,99.11903208477773,99.65579223632812,3543200,99.41898398447671
2016-10-21 00:00:00+00:00,100.08991148593397,98.86641255439183,99.93203735351562,3234100,98.91377178297614
2016-10-24 00:00:00+00:00,101.14764704711271,100.42933927460035,100.86347961425781,3824800,100.42933927460035
2016-10-25 00:00:00+00:00,99.67155281021712,97.31928537196546,97.35874938964844,8731900,99.67155281021712
2016-10-26 00:00:00+00:00,97.68241603609087,96.61679088379039,96.86148834228516,5456100,96.9562128531304
2016-10-27 00:00:00+00:00,97.45346916471298,96.18261102442811,96.5062484741211,4261600,96.86145472752249
2016-10-28 00:00:00+00:00,97.95079101514729,96.46680984411742,97.54822540283203,4497700,96.85359104943932
2016-10-31 00:00:00+00:00,97.4850478939751,96.00106714668773,96.30891418457031,5671500,97.36664379733969
2016-11-01 00:00:00+00:00,96.49835540696829,94.09082756663402,94.63548278808594,7492600,96.0563198778377
2016-11-02 00:00:00+00:00,95.7406009617483,94.58025139276249,94.95124816894531,4846000,94.66708068175353
2016-11-03 00:00:00+00:00,95.4564095880613,94.78546108653006,94.86439514160156,5113500,94.99068842525948
2016-11-04 00:00:00+00:00,96.22208545831046,94.76967350779744,95.44062805175781,4607600,95.1485654147129
2016-11-07 00:00:00+00:00,97.8639649917301,96.54574120918835,97.68241119384766,5510400,96.69572017168758
2016-11-08 00:00:00+00:00,99.00061334937745,97.56399168844769,98.07707214355469,6105900,97.84026392664896
2016-11-09 00:00:00+00:00,99.66367689560424,94.974919774876,99.47422790527344,8052500,95.47220982435677
2016-11-10 00:00:00+00:00,102.6947793950252,99.8610003930913,101.85016632080078,8737000,100.02676371854355
2016-11-11 00:00:00+00:00,102.71846192637733,101.60547182380365,102.49744415283203,5496100,101.87384882817076
2016-11-14 00:00:00+00:00,103.12102776484541,100.2004254239688,100.77664947509766,11438500,103.01051887771706
2016-11-15 00:00:00+00:00,100.77663762180063,97.02721304618416,98.1954574584961,13445400,100.30302730091599
2016-11-16 00:00:00+00:00,99.22159908942682,97.31136763401074,98.9295425415039,9793400,97.56396017338574
2016-11-17 00:00:00+00:00,101.93700960490118,99.22163432560859,101.771240234375,6801200,99.3558288647147
2016-11-18 00:00:00+00:00,102.11065491177177,100.8161171030072,101.29762268066406,4428900,101.77122702363741
2016-11-21 00:00:00+00:00,101.747554204364,100.57142643621383,101.21080017089844,4072100,101.25815940390235
2016-11-22 00:00:00+00:00,103.64200292033532,101.33709468180385,103.389404296875,5535800,101.33709468180385
2016-11-23 00:00:00+00:00,104.18665506922926,103.29468276790051,103.57096099853516,3582700,103.68935907191289
2016-11-25 00:00:00+00:00,104.30505780013141,103.46045673500481,103.85513305664062,2545800,104.08404002358058
2016-11-28 00:00:00+00:00,103.91827457849837,102.75003599498321,103.12103271484375,4859000,103.60253832713728
2016-11-29 00:00:00+00:00,103.77966755347848,102.56554638697948,102.8591537475586,4127100,103.43844949751018
2016-11-30 00:00:00+00:00,103.41465668414011,102.2163975318573,102.68458557128906,6973800,102.63697487012924
2016-12-01 00:00:00+00:00,103.4384500556693,102.36716096955715,102.74012756347656,5398700,102.63696298389753
2016-12-02 00:00:00+00:00,103.65267578938644,102.29572282260048,103.0575180053711,3738300,102.39887527137219
2016-12-05 00:00:00+00:00,103.52575186592851,102.8115550263541,102.90677642822266,4065400,103.41465619424184
2016-12-06 00:00:00+00:00,103.27183803965517,102.11325822101031,102.16088104248047,4292600,103.26390695700503
2016-12-07 00:00:00+00:00,105.58895785816028,102.16878531244286,105.11283874511719,6987300,102.16878531244286
2016-12-08 00:00:00+00:00,105.64448896801797,104.41449366796549,105.1683578491211,4975400,104.91443013195547
2016-12-09 00:00:00+00:00,105.85874589885572,104.03360471080379,105.85081481933594,5174600,105.15249234900894
2016-12-12 00:00:00+00:00,106.8586280946111,105.64450685522414,106.7951431274414,6276500,105.64450685522414
2016-12-13 00:00:00+00:00,108.62821668632382,106.77132699116025,108.35047149658203,6886300,106.77132699116025
2016-12-14 00:00:00+00:00,108.62030955547819,107.72360093630931,107.90611267089844,7036300,107.96166656450256
2016-12-15 00:00:00+00:00,108.9694518340089,107.73945639356079,107.79499816894531,5839800,108.32667111757385
2016-12-16 00:00:00+00:00,108.40601388600935,107.16808755379732,107.2156982421875,9429300,108.0092420047354
2016-12-19 00:00:00+00:00,108.3187163453804,106.96175127440547,107.4775619506836,3463600,107.17601146635226
2016-12-20 00:00:00+00:00,108.90597525641319,107.46965054631616,108.80281066894531,4301500,107.64423118271426
2016-12-21 00:00:00+00:00,108.90597573659907,108.36635955575669,108.58061981201172,2704700,108.6599669416664
2016-12-22 00:00:00+00:00,108.71552778760504,107.2712718983368,107.46965789794922,4094800,108.12036978876779
2016-12-23 00:00:00+00:00,107.91406232969744,106.96179975983912,107.16812896728516,2337300,107.64424814369276
2016-12-27 00:00:00+00:00,107.69979815967005,106.89832303772603,107.33476257324219,2254900,106.9379905529394
2016-12-28 00:00:00+00:00,107.8108465207159,106.85859651165467,107.18395233154297,3369400,107.5807241776948
2016-12-29 00:00:00+00:00,107.80296750489374,106.83484276405882,107.20780944824219,2777900,107.14432446917675
2016-12-30 00:00:00+00:00,107.77915505381083,106.1999980884186,106.39838409423828,4149100,107.6363108331898
2017-01-03 00:00:00+00:00,107.53315256186282,106.00954940055298,106.58090209960938,5299700,107.20780869565365
2017-01-04 00:00:00+00:00,107.87436114817625,106.50153357317463,107.52519989013672,4055300,106.60468604776328
2017-01-05 00:00:00+00:00,107.49345462218564,106.16029466552695,106.2555160522461,3821100,107.11254485827278
2017-01-06 00:00:00+00:00,106.5967746179169,105.58103919375215,105.9619369506836,3827500,106.31109827308798
2017-01-09 00:00:00+00:00,106.93799450938921,105.65245699077313,106.58090209960938,4310200,105.71594196939292
2017-01-10 00:00:00+00:00,108.22351118851749,106.15236131211785,108.0013198852539,5928300,106.33487300225912
2017-01-11 00:00:00+00:00,108.2314691287977,106.92212633043115,107.68392181396484,4643700,108.00134668920464
2017-01-12 00:00:00+00:00,107.5489756492338,106.28724408451477,107.18395233154297,3600000,107.53310138500329
2017-01-13 00:00:00+00:00,107.72357771163577,106.93796494052854,107.16015625,3117600,107.06493486266031
2017-01-17 00:00:00+00:00,108.30285317901081,106.93795689014068,107.86640167236328,3976900,107.1998277941292
2017-01-18 00:00:00+00:00,108.15210267793779,107.06495131040293,108.0489501953125,3869700,107.84262101302173
2017-01-19 00:00:00+00:00,108.54092214805164,107.07286124552806,107.43789672851562,5078700,107.9219589404569
2017-01-20 00:00:00+00:00,107.92198122988985,106.81102450181376,107.60456848144531,4853900,107.33475432589523
2017-01-23 00:00:00+00:00,109.72331970240243,107.1284277292421,109.56461334228516,7056200,107.37442440370175
2017-01-24 00:00:00+00:00,109.81060336079447,108.95357453788533,109.5566635131836,4055100,109.41383143029127
2017-01-25 00:00:00+00:00,110.59624882605499,109.05677117483951,109.09645080566406,3631700,109.8661896312718
2017-01-26 00:00:00+00:00,110.44547090712621,109.27897212616519,109.87413024902344,2931200,109.51702568849008
2017-01-27 00:00:00+00:00,110.167714686958,109.27100609455987,109.77094268798828,3149500,110.14390933570147
2017-01-30 00:00:00+00:00,109.89787804952867,108.60439786521093,109.88200378417969,2705000,109.50110617542057
2017-01-31 00:00:00+00:00,110.00105396704139,108.59648995122683,109.17577362060547,3227000,109.21545323818357
2017-02-01 00:00:00+00:00,109.47733590789831,108.34256168794187,109.06468963623047,2968800,109.23927028545454
2017-02-02 00:00:00+00:00,109.15198882751011,108.36637584218465,108.67585754394531,2197600,109.08850384913337
2017-02-03 00:00:00+00:00,109.8820125184947,108.69169680155443,109.49317169189453,2654700,108.92181917908178
2017-02-06 00:00:00+00:00,109.42968621112405,108.2790501119496,108.31079864501953,3864100,109.05671965291668
2017-02-07 00:00:00+00:00,109.27099821768012,108.1838468935977,108.43777465820312,3242000,108.84248981743116
2017-02-08 00:00:00+00:00,109.4376389657888,108.57267904604022,109.41383361816406,2882700,108.62822082099173
2017-02-09 00:00:00+00:00,110.42161308427781,109.04085464476607,110.07246398925781,2931900,109.41382119322476
2017-02-10 00:00:00+00:00,111.5484643547735,109.70743681814164,110.97711181640625,3297000,109.98518200792395
2017-02-13 00:00:00+00:00,111.61195189971816,110.34228884283215,110.99298858642578,2753000,111.47705088102826
2017-02-14 00:00:00+00:00,112.18329271291189,110.57239963000602,112.17536163330078,4775800,111.05646187369074
2017-02-15 00:00:00+00:00,113.20698916809128,111.85002360966728,112.83402252197266,4343500,112.10396350001204
2017-02-16 00:00:00+00:00,113.46883980098555,111.81032394718214,112.31819152832031,4295800,112.99270864619179
2017-02-17 00:00:00+00:00,113.57201278659066,111.88970339048159,113.47679138183594,5108400,112.17537971326618
2017-02-21 00:00:00+00:00,115.57968219149295,113.67518137830147,115.07975769042969,9275900,115.54001467713047
2017-02-22 00:00:00+00:00,115.43682579536683,114.24651001039379,115.26224517822266,5037800,115.10353882859658
2017-02-23 00:00:00+00:00,116.11927744560532,114.67502177151607,114.833740234375,4184000,115.94469682327544
2017-02-24 00:00:00+00:00,115.92091362230173,114.78613936035828,115.8177490234375,3516900,114.78613936035828
2017-02-27 00:00:00+00:00,115.86528902081562,114.9051081090303,115.3018798828125,4388400,115.75419340849714
2017-02-28 00:00:00+00:00,115.56385313451173,114.6433388974122,114.99250030517578,4211900,115.04804210630671
2017-03-01 00:00:00+00:00,117.20639822347698,115.77008611095607,116.39698028564453,6213500,116.42872881337198
2017-03-02 00:00:00+00:00,117.62700699353289,116.16688914732475,117.40481567382812,4053400,116.71443636678251
2017-03-03 00:00:00+00:00,117.6508087472434,116.50811575589323,117.29371643066406,3412300,117.4048120871225
2017-03-06 00:00:00+00:00,117.05566597549571,116.31767589977333,116.7541275024414,3998000,116.7541275024414
2017-03-07 00:00:00+00:00,117.32096497253254,116.42679069120035,116.57848358154297,3996300,116.82597737853949
2017-03-08 00:00:00+00:00,117.45668456430518,116.49863897087282,117.29701232910156,3614500,116.73815341478357
2017-03-09 00:00:00+00:00,117.48863119996827,116.98565206508806,117.05750274658203,3594000,117.42475986679212
2017-03-10 00:00:00+00:00,117.72815054923352,116.92178559378887,117.24114227294922,3123200,117.55250742124825
2017-03-13 00:00:00+00:00,117.89579948901712,116.96170406517427,117.70418548583984,2933300,117.62435545450786
2017-03-14 00:00:00+00:00,117.83189630916235,116.92974288743903,117.48860168457031,3272500,117.57642322284866
2017-03-15 00:00:00+00:00,118.46263822541631,117.16926515104353,118.11933135986328,3670500,117.64031467271909
2017-03-16 00:00:00+00:00,119.10934549136618,118.16725841809537,118.7420883178711,3544500,118.47862359862282
2017-03-17 00:00:00+00:00,119.74803354222375,118.26305849508913,119.4366683959961,9002000,119.27698396637238
2017-03-20 00:00:00+00:00,119.42864783749042,117.91972292910589,117.99956512451172,5906100,119.26099628223027
2017-03-21 00:00:00+00:00,118.71814306440018,116.7701096759585,117.04954528808594,4530000,118.4227487526526
2017-03-22 00:00:00+00:00,118.1033513387758,116.61039723033456,117.64828491210938,3169000,117.14530585644874
2017-03-23 00:00:00+00:00,118.48660627967453,117.38484702370074,118.15129089355469,3219400,117.58444038559675
2017-03-24 00:00:00+00:00,119.87576289591816,117.3688708704258,117.92774200439453,4735400,118.03951379474599
2017-03-27 00:00:00+00:00,117.90375281619109,116.77006429090565,117.25707244873047,2943000,117.41675684057498
2017-03-28 00:00:00+00:00,117.64034744825602,116.51463781918868,117.52058410644531,4635600,117.59243480220358
2017-03-29 00:00:00+00:00,117.69622336162423,116.53060483946138,117.39283752441406,3730000,116.8579287255841
2017-03-30 00:00:00+00:00,117.66423726588845,116.9057730371588,117.32093048095703,2450800,117.13730806978384
2017-03-31 00:00:00+00:00,117.50459734556689,117.08146039588576,117.22517395019531,3248700,117.25710352770191
2017-04-03 00:00:00+00:00,117.52056077545076,116.6343658237248,117.05750274658203,3775300,117.31298807928664
2017-04-04 00:00:00+00:00,117.28102566992848,116.60241571607222,116.83393859863281,3124200,116.9616812424913
2017-04-05 00:00:00+00:00,118.51055330194065,117.02557824232542,117.07347869873047,3390400,117.06549935006687
2017-04-06 00:00:00+00:00,118.12734299071485,117.3608991057691,117.5525131225586,2699100,117.39282868412786
2017-04-07 00:00:00+00:00,117.99959225473484,117.28104887750226,117.46468353271484,2869100,117.44073330502823
2017-04-10 00:00:00+00:00,118.9576368120097,117.1612966588082,118.3269271850586,5044500,117.32896043327999
2017-04-11 00:00:00+00:00,118.67818185629385,117.44071303206317,118.31891632080078,2844800,118.08739343239259
2017-04-12 00:00:00+00:00,117.81596524256594,116.85790744316752,116.9936294555664,4445600,117.69620192653565
2017-04-13 00:00:00+00:00,117.36888808161684,116.45874274608636,116.49068450927734,2346900,116.89785062336276
2017-04-17 00:00:00+00:00,117.60836029052734,116.3708793293995,117.60836029052734,3467700,116.48265109595376
2017-04-18 00:00:00+00:00,118.30299734380912,117.17729979638261,117.96768188476562,2969400,117.40882278635979
2017-04-19 00:00:00+00:00,118.47858889735964,117.37684206399156,117.53651428222656,3461000,118.10335248429223
2017-04-20 00:00:00+00:00,118.99754974925568,117.71216817391876,118.73408508300781,3700500,117.88781128475067
2017-04-21 00:00:00+00:00,119.87575546494529,118.4786020810545,119.7560043334961,5019900,118.55046494213475
2017-04-24 00:00:00+00:00,121.4006221844466,120.43459747155165,121.26490020751953,5077200,120.61821988948735
2017-04-25 00:00:00+00:00,123.46841721346345,121.9834424935168,122.17505645751953,5496500,121.9834424935168
2017-04-26 00:00:00+00:00,123.59618999259872,121.67210708321045,123.12515258789062,5120200,122.2389575843865
2017-04-27 00:00:00+00:00,124.76175392267369,122.86162225692865,124.6419906616211,5881400,123.50032310259303
2017-04-28 00:00:00+00:00,124.74581922881046,123.0293216291056,124.62606811523438,4983000,124.5542052648798
2017-05-01 00:00:00+00:00,124.76178090451809,123.11713409423828,123.11713409423828,3152900,124.72185980886695
2017-05-02 00:00:00+00:00,123.87564873783533,122.75791840620892,123.7079849243164,3295100,123.34073989617274
2017-05-03 00:00:00+00:00,124.05925946931745,123.42055822365106,123.74789428710938,2445500,123.87563697268526
2017-05-04 00:00:00+00:00,124.25882335626909,123.15706427353555,123.63609313964844,3793100,124.11512200576131
2017-05-05 00:00:00+00:00,124.34664409512871,123.02134146547269,124.33067321777344,2500600,124.019308111501
2017-05-08 00:00:00+00:00,125.47233144179307,124.1390496978476,125.25676727294922,3184600,124.42646452890344
2017-05-09 00:00:00+00:00,125.9354248442191,124.77777366530053,125.88751220703125,3004400,125.37655371692958
2017-05-10 00:00:00+00:00,126.26271620007019,125.58410629212031,126.24675750732422,2617600,125.75974936999161
2017-05-11 00:00:00+00:00,125.903492812965,124.01135160194448,124.7059326171875,3929100,125.62406940994428
2017-05-12 00:00:00+00:00,125.50430531268292,124.3466662336277,125.28076171875,2926400,124.8576247600761
2017-05-15 00:00:00+00:00,126.01527463386171,125.07319971904606,125.60810852050781,6068900,125.56818740769745
2017-05-16 00:00:00+00:00,128.42635415915046,126.18292670498516,126.35057830810547,10120900,127.82757406929657
2017-05-17 00:00:00+00:00,126.35055639959909,124.45841554205572,124.61808776855469,5937000,126.35055639959909
2017-05-18 00:00:00+00:00,125.0811246191497,123.93945681947956,124.30670166015625,4858600,124.13105858602115
2017-05-19 00:00:00+00:00,125.13707580424547,124.00338681431528,124.7857894897461,4781800,124.57820456815261
2017-05-22 00:00:00+00:00,125.34459262527767,124.38654721999747,124.51428985595703,3802100,124.93742667814087
2017-05-23 00:00:00+00:00,124.8895576169483,123.49240402708243,123.61216735839844,4640900,124.47441217858118
2017-05-24 00:00:00+00:00,124.09118904960492,122.3826702222198,123.74789428710938,4558700,123.50837979720785
2017-05-25 00:00:00+00:00,125.0970898192356,124.02727273054653,124.91346740722656,3110800,124.70588259327883
2017-05-26 00:00:00+00:00,124.88156841935248,123.46046471173679,123.66803741455078,4284700,124.6260952606746
2017-05-30 00:00:00+00:00,124.10962371337754,123.2745229276296,123.5635986328125,3504300,123.6599531170052
2017-05-31 00:00:00+00:00,123.96513993637952,123.08184931427664,123.26653289794922,7158400,123.94907676526596
2017-06-01 00:00:00+00:00,124.59151092014324,122.64828314767246,124.5834732055664,3385100,123.27461225398066
2017-06-02 00:00:00+00:00,125.15357573081221,123.99727229248718,124.74405670166016,3485600,124.29437361250271
2017-06-05 00:00:00+00:00,124.96083033641477,123.8446789204815,124.29434967041016,2651800,124.88856444859245
2017-06-06 00:00:00+00:00,124.18997420422916,123.37894948051957,123.82059478759766,3260300,124.01331608139793
2017-06-07 00:00:00+00:00,124.7038903397843,123.94105509877505,124.43087768554688,3159000,124.21406775301249
2017-06-08 00:00:00+00:00,124.64767859519098,123.16215987738937,123.25851440429688,4041600,124.4308809096491
2017-06-09 00:00:00+00:00,123.66002958584899,122.68038421541445,122.8249282836914,4705300,123.66002958584899
2017-06-12 00:00:00+00:00,123.0979010731196,121.83720568868766,122.19854736328125,4473900,122.69640760076932
2017-06-13 00:00:00+00:00,123.69209419298409,122.10218359374417,123.6519546508789,3753800,122.30293031469998
2017-06-14 00:00:00+00:00,126.29382324566005,123.62791216769301,125.87626647949219,5999400,124.06151985565083
2017-06-15 00:00:00+00:00,126.28575554242802,124.39873139128953,125.88426208496094,3972300,125.37035094950738
2017-06-16 00:00:00+00:00,125.82004377109739,124.79222131957687,125.77989196777344,9105400,125.46672750602282
2017-06-19 00:00:00+00:00,127.69905043300417,125.57916476495684,127.52239227294922,5196100,125.99672152986962
2017-06-20 00:00:00+00:00,127.85158875947374,126.55075376432818,126.6069564819336,4201200,127.45812072579966
2017-06-21 00:00:00+00:00,127.29752756850976,125.61124997490121,125.73973083496094,4071300,126.79967955153984
2017-06-22 00:00:00+00:00,126.12519328574484,124.84040898795253,124.84843444824219,3347400,125.6193074774398
2017-06-23 00:00:00+00:00,124.64766944456541,121.17877195184136,121.49996185302734,11422200,124.59146672553207
2017-06-26 00:00:00+00:00,122.02994030127832,121.35543413464863,121.58829498291016,4128500,121.78904174102207
2017-06-27 00:00:00+00:00,123.05774700740217,121.05027968264847,122.24673461914062,4567100,121.29920367050062
2017-06-28 00:00:00+00:00,123.21834512106231,122.34309228552004,123.04168701171875,5087000,122.65625670615482
2017-06-29 00:00:00+00:00,122.85701654579772,121.66859916288284,122.18251037597656,2855400,122.67233295819165
2017-06-30 00:00:00+00:00,123.65997388697872,122.27081007858868,123.17817687988281,3640900,122.46351907934155
2017-07-03 00:00:00+00:00,124.2943817010897,123.42716631852232,123.66805267333984,1658500,123.97319172625824
2017-07-05 00:00:00+00:00,123.89288830388993,121.62044533573844,122.60811614990234,4432500,123.6680528706268
2017-07-06 00:00:00+00:00,122.43947873184001,121.42771932113253,122.09420013427734,3408500,121.86936470967568
2017-07-07 00:00:00+00:00,122.75265799719251,121.97375937807139,122.2387466430664,3775400,122.08617710389233
2017-07-10 00:00:00+00:00,122.26278859456411,121.25102944851557,121.39556121826172,5081100,122.23067450771225
2017-07-11 00:00:00+00:00,121.90146282146785,120.84955174016046,120.92985534667969,5642000,121.61238699165276
2017-07-12 00:00:00+00:00,122.96943922262754,121.32331328110966,122.52779388427734,4275900,121.6204268283327
2017-07-13 00:00:00+00:00,123.76440801527578,122.53583870894413,123.08988952636719,3288000,122.71249685453792
2017-07-14 00:00:00+00:00,123.39503561868341,121.90951672170067,122.76068115234375,3588400,123.03369384658554
2017-07-17 00:00:00+00:00,124.06148543900623,122.63216962904384,123.57166290283203,4166600,122.77670140073035
2017-07-18 00:00:00+00:00,123.54757884394202,122.03795938102199,122.1905288696289,3783600,123.45924978488586
2017-07-19 00:00:00+00:00,123.65999646250911,122.49566777750731,123.09790802001953,2808400,122.49566777750731
2017-07-20 00:00:00+00:00,122.51171807607857,116.92292382161597,118.06316375732422,18264100,122.50368036535308
2017-07-21 00:00:00+00:00,118.40847883065767,117.34050455636675,117.75804901123047,9120200,118.06318801891653
2017-07-24 00:00:00+00:00,117.79018190447168,115.83089138271033,116.09587860107422,7295900,117.72594146493398
2017-07-25 00:00:00+00:00,118.36028556724314,116.6579569521708,118.01500701904297,5002400,117.0273363841293
2017-07-26 00:00:00+00:00,118.23985485322895,117.20400684702193,117.7901840209961,2836000,117.9266903627374
2017-07-27 00:00:00+00:00,118.72965162437065,117.14776634323876,118.62525939941406,5399000,117.38062716897817
2017-07-28 00:00:00+00:00,119.05889579701888,118.29606053426129,118.90632629394531,3421100,118.76178225059815
2017-07-31 00:00:00+00:00,120.43195006036089,118.47266041813135,120.12682342529297,5253300,118.84203971650476
2017-08-01 00:00:00+00:00,120.76122144456944,119.60491813708137,120.3276138305664,4110600,120.64077828862692
2017-08-02 00:00:00+00:00,121.13863180916945,120.38382199087081,120.84955596923828,3754200,120.3998851632588
2017-08-03 00:00:00+00:00,122.07813646385323,120.84956709420085,121.08242797851562,5146600,121.01016207503294
2017-08-04 00:00:00+00:00,122.65626525878906,121.09044304643278,122.65626525878906,3258600,121.25906345635842
2017-08-07 00:00:00+00:00,124.03738767362965,122.43141387038733,123.13804626464844,3833600,122.72048964507526
2017-08-08 00:00:00+00:00,123.82057777946177,122.92123637048056,123.13804626464844,3218900,123.11395763780843
2017-08-09 00:00:00+00:00,124.92069682796291,123.113976029415,124.67176055908203,3844900,123.13806465985354
2017-08-10 00:00:00+00:00,125.24986336920878,123.5635986328125,123.5635986328125,4433700,124.61550926059883
2017-08-11 00:00:00+00:00,125.04112135242532,123.64391973208724,124.36661529541016,3650500,123.74831195017569
2017-08-14 00:00:00+00:00,125.30609718261859,123.30665556640673,123.86874389648438,6662500,125.29805947265606
2017-08-15 00:00:00+00:00,124.30240604768241,119.05086353037133,120.5845718383789,13528700,123.88484932321414
2017-08-16 00:00:00+00:00,122.8168184877647,121.37947762536714,122.25473022460938,6043900,121.61233838702964
2017-08-17 00:00:00+00:00,122.17446396983355,120.13488243405392,120.18305969238281,4460900,121.90145133756388
2017-08-18 00:00:00+00:00,120.13488465873627,118.0069740257456,118.43255615234375,6989100,120.13488465873627
2017-08-21 00:00:00+00:00,120.35170928588508,117.95077346954426,119.80567169189453,4222500,118.11940615003549
2017-08-22 00:00:00+00:00,120.91377799150466,119.87791795092083,120.37577819824219,3268100,119.87791795092083
2017-08-23 00:00:00+00:00,120.0304914084013,118.38436563422268,119.7253646850586,5235400,119.30780802101023
2017-08-24 00:00:00+00:00,120.92985590939013,118.82602148437574,119.04283142089844,3736000,120.23124883673036
2017-08-25 00:00:00+00:00,120.8736092759413,119.16324336848915,120.16697692871094,3048000,119.25157241189294
2017-08-28 00:00:00+00:00,122.36719603420974,120.79333602538526,121.564208984375,6845400,122.00585431230611
2017-08-29 00:00:00+00:00,121.88724906221982,120.37678802966256,121.03105163574219,5368700,121.2168396245532
2017-08-30 00:00:00+00:00,121.36228853861492,120.5787839261039,121.16035461425781,3641000,121.16035461425783
2017-08-31 00:00:00+00:00,121.91155685199043,121.03921304497139,121.05535888671875,6083300,121.6530878082622
2017-09-01 00:00:00+00:00,121.9196154119701,120.96648097948767,121.79037475585938,3383000,121.37034878603318
2017-09-05 00:00:00+00:00,124.32664007862002,122.53346637784134,123.5269775390625,7488800,122.54155162045396
2017-09-06 00:00:00+00:00,126.83872027511369,124.5124378032184,126.4590835571289,8126000,125.08593550221683
2017-09-07 00:00:00+00:00,128.656152566134,126.64488606014339,127.56570434570312,8273100,127.75956536768877
2017-09-08 00:00:00+00:00,129.79502508669577,127.23450491984178,128.9630584716797,10088600,128.50264330071377
2017-09-11 00:00:00+00:00,128.21996738698405,126.18447000479507,127.92109680175781,8847900,127.9614860511201
2017-09-12 00:00:00+00:00,129.98889001981092,128.19572824647918,129.16500854492188,5794600,128.4784283241133
2017-09-13 00:00:00+00:00,130.3523506593238,128.87419330914858,129.2538299560547,4713700,129.55268812806233
2017-09-14 00:00:00+00:00,129.92429571420948,128.69653396669057,128.73692321777344,5290800,129.5204278535188
2017-09-15 00:00:00+00:00,129.2296214548902,127.85646109211537,127.9453125,9124200,129.22153621094895
2017-09-18 00:00:00+00:00,128.4299496259803,127.37181805075797,127.46874237060547,4010600,128.4299496259803
2017-09-19 00:00:00+00:00,127.88069599731583,126.94371981738048,127.34758758544922,3713400,127.46067006750582
2017-09-20 00:00:00+00:00,128.7450066209704,127.10530395905978,128.1715087890625,4599200,127.27493389739224
2017-09-21 00:00:00+00:00,128.88227799911095,128.2037831182214,128.5834197998047,3082100,128.324938516571
2017-09-22 00:00:00+00:00,129.31039479111925,128.4380388267025,129.21347045898438,3576500,128.54304840322703
2017-09-25 00:00:00+00:00,130.39277791684924,129.0357877550827,130.12623596191406,4897700,129.27811094827518
2017-09-26 00:00:00+00:00,130.853176209876,129.87581064355012,130.2554473876953,3222600,130.48969762986218
2017-09-27 00:00:00+00:00,130.60279493730343,129.35080206412454,129.9808349609375,3966200,130.35239882768153
2017-09-28 00:00:00+00:00,131.21662939414665,129.77078827345193,131.14393615722656,4614100,129.81925043139864
2017-09-29 00:00:00+00:00,132.1536552463825,130.9743555507525,132.11326599121094,3467400,131.25706801188312
2017-10-02 00:00:00+00:00,132.67059327122956,131.838626457726,132.4848175048828,2721400,132.6302040198318
2017-10-03 00:00:00+00:00,133.50256297282112,132.4686622050313,133.41371154785156,3046400,132.51712437772937
2017-10-04 00:00:00+00:00,134.14869218733804,133.203643280214,133.5105743408203,2746500,133.67213127542368
2017-10-05 00:00:00+00:00,134.28603984259897,132.67864160535373,134.1810302734375,3504900,133.33291777659034
2017-10-06 00:00:00+00:00,134.5929690997011,133.8740850041629,133.9629364013672,2916300,134.22947826791457
2017-10-09 00:00:00+00:00,134.59303006167997,133.61566424974893,133.84991455078125,2131800,134.1972350539429
2017-10-10 00:00:00+00:00,133.92257471837158,132.98559839597712,133.40562438964844,2755400,133.8417962224497
2017-10-11 00:00:00+00:00,133.97909410780298,132.83211108549312,133.47830200195312,2319300,133.42983984010527
2017-10-12 00:00:00+00:00,133.60757016241985,132.8482966036115,132.94522094726562,3397800,133.60757016241985
2017-10-13 00:00:00+00:00,134.14063300150877,132.75132703214103,132.84825134277344,3259000,133.21172983270998
2017-10-16 00:00:00+00:00,133.00985621805728,131.87094575197656,132.64637756347656,2586700,132.848311518807
2017-10-17 00:00:00+00:00,133.21177269727403,130.45739094989827,131.94363403320312,4189200,132.64636016153958
2017-10-18 00:00:00+00:00,132.66245558392447,131.94357163025904,132.0243377685547,2757900,132.0001066945597
2017-10-19 00:00:00+00:00,132.55744686968055,131.47508447430621,131.85472106933594,2676100,132.0647278202843
2017-10-20 00:00:00+00:00,132.5897797850041,131.4508820765245,132.00820922851562,4166500,132.44439330841493
2017-10-23 00:00:00+00:00,134.30216409232784,132.26666749873405,133.0663299560547,3995100,132.50090533417708
2017-10-24 00:00:00+00:00,134.45565481257614,132.99364322562064,134.1083221435547,3686700,133.00980138640583
2017-10-25 00:00:00+00:00,134.85146979627868,133.58333118315053,134.1406707763672,4189400,134.17297478065336
2017-10-26 00:00:00+00:00,135.65112034617832,134.17296270053498,135.4168701171875,3750500,134.39912768538088
2017-10-27 00:00:00+00:00,135.49766324141768,134.45568961478213,135.16648864746094,3720400,134.73031679388686
2017-10-30 00:00:00+00:00,134.88378148443076,133.1794587591385,133.5267791748047,3906300,134.88378148443076
2017-10-31 00:00:00+00:00,134.3587172273798,133.35713311692524,133.90638732910156,2922400,133.59944390167047
2017-11-01 00:00:00+00:00,134.68186462895105,133.37332432088613,133.58334350585938,3568300,134.4233832705438
2017-11-02 00:00:00+00:00,133.28438640102772,129.6657360070994,131.42660522460938,6518900,133.28438640102772
2017-11-03 00:00:00+00:00,133.2683531444007,131.40247282640883,132.78370666503906,3080900,131.66902715755052
2017-11-06 00:00:00+00:00,133.17948616356588,131.66901179664612,132.64637756347656,3275500,133.11486581885168
2017-11-07 00:00:00+00:00,132.7917166503164,131.52357827296916,132.19400024414062,3198100,132.54132060718158
2017-11-08 00:00:00+00:00,133.01791358881007,131.87901558094256,132.50904846191406,2912900,131.9355506727892
2017-11-09 00:00:00+00:00,132.5817391864739,131.07935027015066,131.87901306152344,3405200,132.54943518104568
2017-11-10 00:00:00+00:00,132.9371318503952,131.60436066198488,132.5574951171875,3554900,131.93553522926268
2017-11-13 00:00:00+00:00,134.60104012038315,132.67055281294174,133.55906677246094,7189300,132.9855691576685
2017-11-14 00:00:00+00:00,135.8126977359753,131.78209163270398,135.74807739257812,10284000,132.1617284469933
2017-11-15 00:00:00+00:00,135.24723047908358,133.55906628719612,133.65599060058594,5534500,135.24723047908358
2017-11-16 00:00:00+00:00,135.50572215462688,134.13257407597197,135.29571533203125,4587900,134.63336621258242
2017-11-17 00:00:00+00:00,136.046905475562,134.13257598730863,135.4895782470703,4530100,134.89184944722595
2017-11-20 00:00:00+00:00,137.87238880922132,135.53803346439202,137.67852783203125,4699900,135.81266060494443
2017-11-21 00:00:00+00:00,139.62515258789062,137.436184060748,139.62515258789062,6229000,137.74312748062243
2017-11-22 00:00:00+00:00,139.68978459944532,138.96281522704538,138.97897338867188,4133500,139.64939535791208
2017-11-24 00:00:00+00:00,139.81901175136778,138.72049104301553,139.19705200195312,1853600,139.01934921640608
2017-11-27 00:00:00+00:00,141.281033620156,139.23746358349132,140.67523193359375,4539100,139.63324613066922
2017-11-28 00:00:00+00:00,142.78343186926583,139.73019215028185,142.62188720703125,6049000,141.26488492911187
2017-11-29 00:00:00+00:00,144.8544045576907,142.62187847527656,143.89645385742188,4902200,143.34441699031925
2017-11-30 00:00:00+00:00,146.67287983725825,144.02632652227928,145.9828338623047,9180700,144.56213567048215
2017-12-01 00:00:00+00:00,146.6160145050642,143.44988062048554,146.46987915039062,4683400,146.38870385335105
2017-12-04 00:00:00+00:00,151.25158284919445,148.7186849578295,150.10690307617188,6193800,148.7186849578295
2017-12-05 00:00:00+00:00,150.1150355033866,147.9636850596589,148.4426727294922,6347600,148.33713118380777
2017-12-06 00:00:00+00:00,147.8744022836721,145.05735933209948,146.7784423828125,6892500,146.33193469542215
2017-12-07 00:00:00+00:00,148.22350131781582,145.94226748797567,147.7526397705078,5484300,146.16957825046816
2017-12-08 00:00:00+00:00,149.29509595965948,147.8825238137566,148.89730834960938,5092100,148.15854223450697
2017-12-11 00:00:00+00:00,148.5319847176388,147.0382125033334,147.95558166503906,6038900,147.63896939319025
2017-12-12 00:00:00+00:00,148.73495096915713,147.47661561924747,147.59027099609375,5275500,148.36150479522965
2017-12-13 00:00:00+00:00,149.10836001399787,147.75260953389622,148.5887908935547,5177400,147.76072334964354
2017-12-14 00:00:00+00:00,149.37626783752646,147.80132042289083,147.858154296875,3542500,149.04341557206115
2017-12-15 00:00:00+00:00,148.73493556118765,147.85816029312736,148.22348022460938,8202200,148.5563325035732
2017-12-18 00:00:00+00:00,150.56969008521602,148.9703884659973,149.96893310546875,5011900,148.9703884659973
2017-12-19 00:00:00+00:00,151.58442989770128,149.863359583199,150.98367309570312,4576300,150.3829286812094
2017-12-20 00:00:00+00:00,152.54239080606698,151.03239107631669,152.06341552734375,5383700,151.8117509703029
2017-12-21 00:00:00+00:00,153.305491477718,152.1689380116699,152.68850708007812,5859100,152.53425788379224
2017-12-22 00:00:00+00:00,152.99703056338822,152.03095376506374,152.7291259765625,3256600,152.99703056338822
2017-12-26 00:00:00+00:00,154.58822794329123,152.89962485394415,154.53952026367188,2969200,153.0538740977438
2017-12-27 00:00:00+00:00,155.45686758819002,154.25535385206507,154.4014892578125,5912600,154.7343415382595
2017-12-28 00:00:00+00:00,155.04285534259222,153.95500916486176,154.06866455078125,3175700,154.98603384338648
2017-12-29 00:00:00+00:00,154.84802439310263,153.86570739746094,153.86570739746094,4637800,154.84802439310263
2018-01-02 00:00:00+00:00,154.8317056305712,152.63164816888528,152.64788818359375,4684700,154.41767816176758
2018-01-03 00:00:00+00:00,153.72767183113635,152.47746280203987,153.4435272216797,4530500,152.623585821185
2018-01-04 00:00:00+00:00,154.95352857031475,153.00514730389753,154.66127014160156,4047400,154.14170097805658
2018-01-05 00:00:00+00:00,156.30924682127457,154.6612381409769,156.2767791748047,4224800,155.00220417267607
2018-01-08 00:00:00+00:00,157.2672582839575,155.54618757595347,155.90338134765625,3508500,155.6436029330081
2018-01-09 00:00:00+00:00,157.06424240241998,155.57859682751888,156.7638702392578,3012300,156.43913185847194
2018-01-10 00:00:00+00:00,156.86133561791002,155.58676029314563,155.7085418701172,3119500,156.4878894577064
2018-01-11 00:00:00+00:00,158.0871942016405,155.38380665114556,158.04660034179688,3899200,155.61111740126165
2018-01-12 00:00:00+00:00,161.8946501548446,158.16025081997157,159.45916748046875,6748400,158.71228761349414
2018-01-16 00:00:00+00:00,161.51311286420807,158.87467293025202,159.36988830566406,5692700,160.62822367474453
2018-01-17 00:00:00+00:00,162.2194061279297,159.80015082446806,162.2194061279297,3996100,160.33596004369167
2018-01-18 00:00:00+00:00,162.56037468343735,160.4658578394767,161.00978088378906,4474600,162.1869285102864
2018-01-19 00:00:00+00:00,163.44520568847656,161.65918795416388,163.44520568847656,5809600,162.21122461908672
2018-01-22 00:00:00+00:00,165.99439616541423,163.591380934913,165.9862823486328,4857700,163.66445483597198
2018-01-23 00:00:00+00:00,167.52061994081646,165.73458942035037,166.3434600830078,3621700,166.33534626700765
2018-01-24 00:00:00+00:00,168.12954304625956,166.05937967000008,167.41513061523438,4370700,166.58706278722875
2018-01-25 00:00:00+00:00,167.9102796783715,165.48291104639162,166.72500610351562,3537700,167.88592584489882
2018-01-26 00:00:00+00:00,168.29997882283516,165.97003756031705,168.2350311279297,3778100,166.9117605551873
2018-01-29 00:00:00+00:00,168.54354438354432,166.18924907711798,166.35972595214844,3632900,168.23504590252713
2018-01-30 00:00:00+00:00,164.92277646044084,155.52182349833632,163.83493041992188,5979600,163.55891200143313
2018-01-31 00:00:00+00:00,166.48960671905792,162.55223787982538,163.09616088867188,4547300,164.97960687826532
2018-02-01 00:00:00+00:00,164.19211665211012,160.969160392339,162.28431701660156,3553800,161.82969558537525
2018-02-02 00:00:00+00:00,161.7972107964317,157.03990151644115,157.4701690673828,6179000,161.75661694704965
2018-02-05 00:00:00+00:00,157.7380677103861,146.43743168766485,148.65371704101562,10618500,154.30404124612784
2018-02-06 00:00:00+00:00,155.8384450923018,142.41080848414052,155.091552734375,11682700,145.00865455244943
2018-02-07 00:00:00+00:00,157.9167066701673,154.01993175092235,155.29449462890625,6016800,154.83987315937043
2018-02-08 00:00:00+00:00,155.17272840443724,146.88396308123197,147.11940002441406,7241800,155.17272840443724
2018-02-09 00:00:00+00:00,150.9999491152687,142.71118301709396,149.4737091064453,9059200,148.76742298587627
2018-02-12 00:00:00+00:00,151.81989226636534,148.8973200068046,149.4250030517578,6783700,151.44645846493898
2018-02-13 00:00:00+00:00,149.36816848384262,146.85149790312423,149.1489715576172,4273800,148.75117156372755
2018-02-14 00:00:00+00:00,150.2367735349345,146.98135018819477,149.9364013671875,6767000,147.65516840267014
2018-02-15 00:00:00+00:00,151.96596411052192,148.77547617340082,150.40725708007812,5113300,151.60064427936362
2018-02-16 00:00:00+00:00,152.6154822104955,150.07445773816522,151.78741455078125,7619200,150.23682078835256
2018-02-20 00:00:00+00:00,155.41632781511996,151.25164692088325,151.57638549804688,8922100,154.1661059711826
2018-02-21 00:00:00+00:00,152.6073338352624,148.45078089429924,148.61314392089844,7527200,151.9822355634802
2018-02-22 00:00:00+00:00,151.1785576742712,148.49140992680395,150.56968688964844,5653900,149.1489883921953
2018-02-23 00:00:00+00:00,152.95640724818364,150.691401808301,152.90769958496094,4315400,151.16226319862608
2018-02-26 00:00:00+00:00,154.0767442696601,152.5099230542742,152.9970245361328,4648000,153.57341515591006
2018-02-27 00:00:00+00:00,153.63838252872736,150.15564736602963,150.171875,4618800,153.32988405819458
2018-02-28 00:00:00+00:00,151.52761340651,147.97181701660156,147.97181701660156,6419900,149.70912754865898
2018-03-01 00:00:00+00:00,149.70101077716228,144.70827578231237,145.8367156982422,6123900,148.36150013586303
2018-03-02 00:00:00+00:00,145.47141496240286,143.15770094442647,144.8787841796875,5671000,144.27802719155292
2018-03-05 00:00:00+00:00,147.96367580515192,144.26174438428413,147.54153442382812,5748600,144.39163975738586
2018-03-06 00:00:00+00:00,148.56445901737396,145.73117607715767,147.4603729248047,5306800,148.36150210614804
2018-03-07 00:00:00+00:00,146.962315883931,144.36598761656018,145.80294799804688,4799200,145.99890223749276
2018-03-08 00:00:00+00:00,146.94596270673534,144.29247681867108,145.2803955078125,4750700,146.5050813023037
2018-03-09 00:00:00+00:00,148.79119393834358,145.2640921592723,148.7258758544922,4477200,146.14586760404012
2018-03-12 00:00:00+00:00,149.4606645162833,146.59490400914527,146.7255401611328,4993300,148.9462924541755
2018-03-13 00:00:00+00:00,147.73795497472142,145.2151047534533,145.61517333984375,6128100,146.6275724805168
2018-03-14 00:00:00+00:00,146.68473107113311,143.6066833611765,144.8477020263672,4531500,146.2275169466288
2018-03-15 00:00:00+00:00,146.84801933569324,144.28434375735222,145.38656616210938,3936700,145.07630838278357
2018-03-16 00:00:00+00:00,147.28892377492554,145.3049380869762,146.1132354736328,8410900,145.68050154959468
2018-03-19 00:00:00+00:00,146.40714084123832,143.6964964063873,144.5946044921875,4744500,145.86010344288226
2018-03-20 00:00:00+00:00,146.05607822164174,144.64361026833717,145.46006774902344,4148300,145.03550637078388
2018-03-21 00:00:00+00:00,147.07661915112303,145.06812868931254,145.34573364257812,3494400,145.61516604953746
2018-03-22 00:00:00+00:00,145.7866406455636,142.9453722006962,143.1168212890625,5255100,144.85587964854744
2018-03-23 00:00:00+00:00,144.56190962384812,140.07139503052193,140.26734924316406,6021300,143.8924211990802
2018-03-26 00:00:00+00:00,144.34965496013137,141.67167597886095,144.00674438476562,7323600,142.15338280200686
2018-03-27 00:00:00+00:00,145.9253669662717,141.73695071654512,142.61871337890625,4713900,144.82315740924727
2018-03-28 00:00:00+00:00,144.94568788015653,141.99827603250765,142.68409729003906,4318600,143.07600582990142
2018-03-29 00:00:00+00:00,145.8519380586826,143.28826252102,145.52536010742188,4423500,143.45155149665035
2018-04-02 00:00:00+00:00,145.0762725033143,139.14062555390535,141.16543579101562,7229300,144.63537866719068
2018-04-03 00:00:00+00:00,142.8310715548908,140.78175533541986,141.86764526367188,5283300,141.06752043270018
2018-04-04 00:00:00+00:00,145.19877033550708,139.14065836852527,144.8721923828125,4757300,139.45091614429035
2018-04-05 00:00:00+00:00,146.99501157881656,144.76608595926294,146.25204467773438,3799900,145.3294436611416
2018-04-06 00:00:00+00:00,145.7539875594885,141.53290403515163,142.43099975585938,5236900,145.31309355962932
2018-04-09 00:00:00+00:00,143.1658251443049,140.73277286630895,140.84707641601562,5079800,142.92904549681444
2018-04-10 00:00:00+00:00,142.218703917104,140.62661461958763,141.64718627929688,4783000,142.08806775470518
2018-04-11 00:00:00+00:00,142.9290470141019,140.26740006659003,141.13284301757812,4228400,140.4306890738826
2018-04-12 00:00:00+00:00,142.2595479306308,141.1654854997562,141.5410614013672,3396700,141.50023603799508
2018-04-13 00:00:00+00:00,143.29637772247187,140.6183994949182,141.0837860107422,4311200,142.46360047017583
2018-04-16 00:00:00+00:00,143.3699237091887,141.50840184311235,142.41465759277344,3534200,142.25136860521695
2018-04-17 00:00:00+00:00,143.892454149077,142.14523584190337,142.8065643310547,3106500,143.50054563404944
2018-04-18 00:00:00+00:00,147.16646755015208,142.87190549243087,146.8398895263672,5858900,142.8800655826719
2018-04-19 00:00:00+00:00,146.7173765003059,143.50870524349938,144.57826232910156,5407300,146.55408752950746
2018-04-20 00:00:00+00:00,146.05603120264763,143.9577426310134,144.52108764648438,5008600,145.2069211776702
2018-04-23 00:00:00+00:00,145.63966914869616,143.80264007248414,145.05181884765625,2987700,145.01915357640362
2018-04-24 00:00:00+00:00,146.962353832336,142.92089159357735,143.90879821777344,4435400,146.39083605906308
2018-04-25 00:00:00+00:00,145.38655730519176,142.5126241226043,144.83135986328125,5587300,143.7618027942158
2018-04-26 00:00:00+00:00,151.80391061649374,145.39472783009336,151.63246154785156,8782500,145.7049856127895
2018-04-27 00:00:00+00:00,152.71018287680738,150.12201447713136,152.2366485595703,4382400,151.44468390430166
2018-04-30 00:00:00+00:00,153.33070463619197,150.88133239746094,150.88133239746094,4173200,152.6693761250388
2018-05-01 00:00:00+00:00,150.82414618569933,148.10534201430528,150.7425079345703,3423900,150.82414618569933
2018-05-02 00:00:00+00:00,152.77551948809096,150.02406177039376,151.78761291503906,3866500,150.62824478980534
2018-05-03 00:00:00+00:00,150.9629686772329,147.94207878084896,149.56683349609375,4123900,150.93847595182
2018-05-04 00:00:00+00:00,152.14683677026304,148.46460603686737,151.06910705566406,3896200,149.2075852378575
2018-05-07 00:00:00+00:00,151.4528410226348,149.14226518752704,149.86891174316406,3582300,151.37119030297418
2018-05-08 00:00:00+00:00,151.28960324388336,149.00351935934194,151.0773162841797,4168200,149.77915162601985
2018-05-09 00:00:00+00:00,152.26931758513206,149.87710318689804,152.15501403808594,3392300,151.0691241120716
2018-05-10 00:00:00+00:00,153.46949498958426,151.76310205229024,152.80816650390625,3850100,151.83658022666535
2018-05-11 00:00:00+00:00,155.7800734913836,152.9632979696535,155.3800048828125,5355100,153.19190504365096
2018-05-14 00:00:00+00:00,156.474071797323,155.01261838281178,156.00869750976562,7035900,156.35160815800594
2018-05-15 00:00:00+00:00,154.8737779965806,151.94269945429025,153.47763061523438,10147000,154.7186491255256
2018-05-16 00:00:00+00:00,154.5390160354245,151.77938674467293,152.17129516601562,5044800,154.5390160354245
2018-05-17 00:00:00+00:00,152.82443351668215,150.9384196149267,151.31399536132812,4227700,152.0651343959844
2018-05-18 00:00:00+00:00,153.6654397867669,151.49366029581847,153.0204315185547,4697900,151.65694927042844
2018-05-21 00:00:00+00:00,155.67394616349011,153.49400618761243,154.95545959472656,4147800,153.6572951919262
2018-05-22 00:00:00+00:00,155.7637006793572,152.28559755793867,152.57135009765625,4585600,155.17585050980082
2018-05-23 00:00:00+00:00,152.9388163927063,151.02829648053282,152.40811157226562,7387400,152.75919475602203
2018-05-24 00:00:00+00:00,153.01228995678952,150.7751921135009,152.8000030517578,3941300,152.5060778786115
2018-05-25 00:00:00+00:00,153.35520906595065,151.90191575670744,152.55508422851562,2730400,152.44078068031064
2018-05-29 00:00:00+00:00,152.5387198037103,150.43225846161715,151.0446014404297,4725500,151.49365544985554
2018-05-30 00:00:00+00:00,154.18916748466467,151.07746219816252,153.60623168945312,3976000,151.75071163691663
2018-05-31 00:00:00+00:00,153.82788808355374,152.09551758457832,153.16285705566406,4839900,153.6636849021328
2018-06-01 00:00:00+00:00,155.03479012249875,153.1382165737653,153.81967163085938,3706200,153.70472815905427
2018-06-04 00:00:00+00:00,157.25976334131173,154.32869867064966,157.1119842529297,4103300,154.53395575644583
2018-06-05 00:00:00+00:00,157.9494808949718,155.74911780465146,157.58822631835938,4231300,156.35668345876346
2018-06-06 00:00:00+00:00,158.9429168701172,156.9888774046551,158.9429168701172,4134700,158.51599103646427
2018-06-07 00:00:00+00:00,161.90683090713105,159.13996864526428,161.06117248535156,4378700,159.13996864526428
2018-06-08 00:00:00+00:00,162.9741680774872,160.10877391207526,162.8345947265625,4006200,160.81485897010134
2018-06-11 00:00:00+00:00,164.63263480589376,162.8427861996749,163.91012573242188,4243000,163.31077844805566
2018-06-12 00:00:00+00:00,165.30587985346378,163.80339615266809,165.28125,4616700,164.07433706867067
2018-06-13 00:00:00+00:00,165.50291470642463,163.92654160242114,164.460205078125,5128100,165.27302774508453
2018-06-14 00:00:00+00:00,165.0267381489523,162.69502007931519,163.9347686767578,4305900,164.41917251338427
2018-06-15 00:00:00+00:00,165.51931789540149,162.9741250373119,164.64901733398438,7820900,163.343585283706
2018-06-18 00:00:00+00:00,164.95284407472784,162.65396169761067,164.772216796875,3396300,163.3354168771644
2018-06-19 00:00:00+00:00,164.12358223726937,162.64574104874802,163.5570831298828,5501100,162.73605467941545
2018-06-20 00:00:00+00:00,164.31244563129914,162.6621702489244,163.4503631591797,3389600,164.20570791222778
2018-06-21 00:00:00+00:00,164.97745700509014,163.06445923344586,164.460205078125,4695100,163.55708130940312
2018-06-22 00:00:00+00:00,165.19090028509135,161.88215706144643,162.07920837402344,6785800,164.85427565740082
2018-06-25 00:00:00+00:00,162.43230688704028,160.1498482172922,161.23361206054688,5127200,162.07927057706993
2018-06-26 00:00:00+00:00,162.01354643024746,160.59317071177082,161.21714782714844,3270600,161.3977750893709
2018-06-27 00:00:00+00:00,162.55542940690717,160.10875557449194,160.11697387695312,3771700,161.46346005107756
2018-06-28 00:00:00+00:00,160.92977719571533,158.87720613166556,160.27296447753906,2994000,160.10054299588307
2018-06-29 00:00:00+00:00,163.24509571522265,160.0923493291028,160.1826629638672,4106600,160.8066401044845
2018-07-02 00:00:00+00:00,159.42729924535348,157.7359826339301,159.2959442138672,3822800,159.13174102858434
2018-07-03 00:00:00+00:00,160.68350375407198,158.79513557501494,158.96754455566406,1608400,159.64079398307894
2018-07-05 00:00:00+00:00,159.88713665833,158.56527992449978,159.61619567871094,3040600,159.68187947933714
2018-07-06 00:00:00+00:00,160.3879177950332,158.4174419359265,159.67361450195312,2552400,159.75572236071184
2018-07-09 00:00:00+00:00,161.50452614794415,160.12519171585174,160.98727416992188,2575100,160.67527932249243
2018-07-10 00:00:00+00:00,162.36660325213174,161.23359236014304,162.2434539794922,2842400,161.3813714873105
2018-07-11 00:00:00+00:00,162.36655375246144,160.8804945187822,161.70152282714844,3309300,161.92320397821868
2018-07-12 00:00:00+00:00,162.95772709435087,161.74260846748336,162.5225830078125,2709200,162.72784012515703
2018-07-13 00:00:00+00:00,164.14820945631217,162.94130917914663,163.13014221191406,2308100,162.94130917914663
2018-07-16 00:00:00+00:00,163.5652641779749,162.47329500057967,163.28611755371094,2530500,163.49958040851902
2018-07-17 00:00:00+00:00,165.3797846141749,163.08091456025582,165.10885620117188,4662800,163.08091456025582
2018-07-18 00:00:00+00:00,165.78203432295552,164.36165885899834,165.00205993652344,3787800,165.04311385747204
2018-07-19 00:00:00+00:00,166.85764567408782,164.6572949497579,166.3650360107422,3691100,164.93644167844406
2018-07-20 00:00:00+00:00,167.2928155682147,165.70003029781958,166.21726989746094,3564100,165.9134932652982
2018-07-23 00:00:00+00:00,166.9889559532735,165.7656191991815,166.03656005859375,2264300,166.22540559957403
2018-07-24 00:00:00+00:00,167.69507376214312,165.31409608586057,165.8395538330078,5058100,167.1039322306149
2018-07-25 00:00:00+00:00,166.08583932588067,163.44213924752037,165.02671813964844,4382700,165.35512450787084
2018-07-26 00:00:00+00:00,165.94627219597677,163.31077779354368,163.71307373046875,4280000,165.46186839997696
2018-07-27 00:00:00+00:00,164.6079786747478,161.4798501326213,161.85752868652344,3871200,164.37809173859813
2018-07-30 00:00:00+00:00,162.21059366472483,161.24997937271314,161.9724884033203,2331100,161.3567170780255
2018-07-31 00:00:00+00:00,162.58826039815432,161.63586440441375,162.16954040527344,2795900,162.30911373623374
2018-08-01 00:00:00+00:00,162.35014472533132,160.5931446192827,161.16786193847656,3086800,161.62763579383164
2018-08-02 00:00:00+00:00,160.79023518669285,158.9100852380687,160.6424560546875,3543500,160.18268205124588
2018-08-03 00:00:00+00:00,161.24999951640393,160.30582171082972,160.6260223388672,2309000,160.94622296690466
2018-08-06 00:00:00+00:00,160.97081444093791,160.19084002300878,160.6670379638672,2515700,160.60955996663853
2018-08-07 00:00:00+00:00,161.90676433555868,160.62596230213077,161.7836151123047,3052500,161.20889785729173
2018-08-08 00:00:00+00:00,163.31080836590505,161.9889517659084,162.58009338378906,2176700,162.1038952733906
2018-08-09 00:00:00+00:00,163.992228482381,162.59647008340644,162.6293182373047,2466000,163.38466291426383
2018-08-10 00:00:00+00:00,162.50612958290696,160.6259802398518,161.16786193847656,2873000,162.02172588015057
2018-08-13 00:00:00+00:00,162.2270004639045,159.2795114798141,159.3944549560547,5294400,161.1678793276804
2018-08-14 00:00:00+00:00,160.9051416419085,157.03810490992927,158.54058837890625,11488000,160.24011064519226
2018-08-15 00:00:00+00:00,159.42728613959218,156.89031143100976,159.27130126953125,6049300,157.43219317300765
2018-08-16 00:00:00+00:00,160.99549387700097,159.04966011952462,160.4207763671875,5690100,159.295971203131
2018-08-17 00:00:00+00:00,160.90516372246316,159.95278017301203,160.56033325195312,3885800,160.59318140794505
2018-08-20 00:00:00+00:00,162.9248971025018,160.42896345364807,162.50616455078125,2956700,160.79021799713223
2018-08-21 00:00:00+00:00,164.81329439358885,162.90029615103228,164.39456176757812,4124600,163.2451266779275
2018-08-22 00:00:00+00:00,167.12034291913864,163.09729601145577,163.3600311279297,5007000,164.8625146895278
2018-08-23 00:00:00+00:00,165.36336762374856,163.499629258279,164.3370819091797,3595000,163.70488640119277
2018-08-24 00:00:00+00:00,166.25825712340222,164.20568604780465,165.2730255126953,3054300,164.49305100954817
2018-08-27 00:00:00+00:00,166.62771264369044,165.18270715785974,165.83131408691406,2521300,166.52919324380858
2018-08-28 00:00:00+00:00,166.19258042094415,164.72294498052543,165.8231201171875,3516300,166.0940610140491
2018-08-29 00:00:00+00:00,166.689626161634,165.63332380901306,166.4337921142578,2488000,165.96341357216312
2018-08-30 00:00:00+00:00,166.23572960269277,164.30467820385246,164.43670654296875,2825400,165.87262333786134
2018-08-31 00:00:00+00:00,165.7983482138033,164.46145587628754,165.6828155517578,4023300,164.53573676712202
2018-09-04 00:00:00+00:00,169.9328354786071,165.4600515560758,169.23963928222656,4612800,165.61684863213992
2018-09-05 00:00:00+00:00,170.55176922157824,167.64693077548233,168.47216796875,3667100,169.03333580807458
2018-09-06 00:00:00+00:00,170.89834779619582,168.18332328123427,169.90806579589844,3490400,168.83525504886006
2018-09-07 00:00:00+00:00,171.01389684584666,169.5284674072424,170.18865966796875,3672700,169.54497567659357
2018-09-10 00:00:00+00:00,174.63662011864835,171.75655153892444,173.86915588378906,5586600,171.75655153892444
2018-09-11 00:00:00+00:00,177.14538394954295,174.537631911639,176.47694396972656,5969500,175.77548745711164
2018-09-12 00:00:00+00:00,177.78079613491576,174.0507340604997,174.93373107910156,5660100,176.62546940250672
2018-09-13 00:00:00+00:00,174.48808157754075,172.22692807539488,172.84585571289062,4701100,174.48808157754075
2018-09-14 00:00:00+00:00,173.73715717080697,171.27795425870065,172.53231811523438,3622400,173.45657959261808
2018-09-17 00:00:00+00:00,173.3327581703772,171.86383745138286,171.9793701171875,3074700,172.5405377740358
2018-09-18 00:00:00+00:00,174.72743652062397,171.78134680930035,174.1415252685547,4338500,172.16920922894872
2018-09-19 00:00:00+00:00,175.5031310367055,173.84440939118196,174.68614196777344,2579100,174.95022382153098
2018-09-20 00:00:00+00:00,175.45358849381876,174.13320463761286,174.17446899414062,4020800,174.66961608824624
2018-09-21 00:00:00+00:00,175.4948816971687,173.72061481174134,175.27206420898438,9749200,174.372559012547
2018-09-24 00:00:00+00:00,174.81819167516403,171.61628088628598,171.6410369873047,4623700,174.55412240025905
2018-09-25 00:00:00+00:00,172.7220765927586,170.65898445140246,171.20364379882812,4443300,172.34246209821842
2018-09-26 00:00:00+00:00,172.5900690233627,171.01386330068712,171.25318908691406,2965800,172.12793830913935
2018-09-27 00:00:00+00:00,171.509021089577,169.7265060033315,170.69203186035156,3218800,171.23669134650186
2018-09-28 00:00:00+00:00,172.35077386548667,170.28768110957765,170.94786071777344,3966100,170.36194942668186
2018-10-01 00:00:00+00:00,173.12644156079173,171.12936979864287,171.31918334960938,3670500,172.07839977712842
2018-10-02 00:00:00+00:00,171.68226298494366,168.9012189230396,168.9672393798828,4428000,171.22839280633283
2018-10-03 00:00:00+00:00,170.37845014766168,168.05952341535624,168.13380432128906,4162500,170.130876509495
2018-10-04 00:00:00+00:00,168.15024601791248,163.61970403993297,164.0983428955078,5996200,168.0594694661291
2018-10-05 00:00:00+00:00,164.7998701307527,160.5664117595426,162.06008911132812,5016600,164.27997924537783
2018-10-08 00:00:00+00:00,163.941584517391,160.97072629730127,163.7352752685547,3731800,161.94451249970962
2018-10-09 00:00:00+00:00,164.3706872683889,161.39984184682683,161.54013061523438,4466800,163.3556493604306
2018-10-10 00:00:00+00:00,164.42016116853205,159.55951761187558,159.8483428955078,6157900,164.31287637032187
2018-10-11 00:00:00+00:00,162.29936129016806,155.53242032473523,156.58047485351562,5831400,159.85666679148375
2018-10-12 00:00:00+00:00,159.7576201307556,156.92706340099406,158.83335876464844,5450200,159.06442410617524
2018-10-15 00:00:00+00:00,159.51005752918354,157.37269667654107,157.76055908203125,3642800,158.74259314733118
2018-10-16 00:00:00+00:00,160.16200817343332,157.29843460259286,159.7493896484375,4057400,158.30522481095213
2018-10-17 00:00:00+00:00,157.347978266291,151.82713928343694,152.80917358398438,8985700,156.49798494224686
2018-10-18 00:00:00+00:00,152.99894573960555,148.1548082315549,148.90577697753906,9262000,152.0581759957975
2018-10-19 00:00:00+00:00,149.35963862851557,147.36256674042727,148.4188690185547,7004300,148.8232270610794
2018-10-22 00:00:00+00:00,149.69799681725567,146.52908954653185,147.51112365722656,4866700,149.2193704061731
2018-10-23 00:00:00+00:00,148.12180772067953,144.77959503506298,147.32957458496094,7004900,145.05192478196255
2018-10-24 00:00:00+00:00,150.4984652433378,145.49753111839752,146.0421905517578,6791700,147.3708226041031
2018-10-25 00:00:00+00:00,148.95527509958646,145.92665688977908,147.7751922607422,5228000,146.49607242151902
2018-10-26 00:00:00+00:00,146.34754687594025,141.04127827346485,142.13058471679688,9472200,145.9679448548242
2018-10-29 00:00:00+00:00,145.233448303598,141.07424722619913,142.9310302734375,5918400,143.37666525635964
2018-10-30 00:00:00+00:00,145.5965732875877,142.46893026683475,145.43978881835938,5657100,142.89805707808134
2018-10-31 00:00:00+00:00,147.59363978909366,144.9033591593122,145.14268493652344,6339500,146.875675049577
2018-11-01 00:00:00+00:00,149.25236148539148,145.1591805026988,148.92227172851562,5225300,145.93490528268583
2018-11-02 00:00:00+00:00,151.02664089998729,146.38881231193466,148.4849090576172,4730600,150.58101839541888
2018-11-05 00:00:00+00:00,150.53145240101895,147.96496536935666,150.3498992919922,3885300,149.38437371695787
2018-11-06 00:00:00+00:00,150.7295213747927,148.58391289573314,150.2013702392578,3338800,150.1353497733014
2018-11-07 00:00:00+00:00,154.88049419436703,150.2426656826002,154.50914001464844,4673400,151.67032235188762
2018-11-08 00:00:00+00:00,155.71396201869294,153.26300727126454,155.14454650878906,4054000,154.42659439218843
2018-11-09 00:00:00+00:00,155.54064106470506,152.63581636108665,153.48580932617188,4761100,155.40861273607896
2018-11-12 00:00:00+00:00,154.27806715326275,147.73394325633768,148.07228088378906,7590400,152.85865839068975
2018-11-13 00:00:00+00:00,149.87950842408205,142.64219052081035,147.71739196777344,14274000,146.31449188091585
2018-11-14 00:00:00+00:00,150.93585525608407,147.8412162396899,148.46014404296875,7561100,150.69654204601503
2018-11-15 00:00:00+00:00,148.27033976669733,143.2694052414286,146.36404418945312,8663100,147.72568028973666
2018-11-16 00:00:00+00:00,146.5703524117617,143.18687548243594,146.08346557617188,6834900,143.582998331295
2018-11-19 00:00:00+00:00,147.61841029775584,142.18834889601925,143.25289916992188,6203400,145.82764737677647
2018-11-20 00:00:00+00:00,141.94073271611586,137.81454862553107,139.50628662109375,8661000,139.67133146629422
2018-11-21 00:00:00+00:00,141.05775901730308,139.58883811623335,139.71263122558594,5752100,140.2902946262115
2018-11-23 00:00:00+00:00,140.56257918176638,139.02763830076998,139.3412322998047,2711000,139.7868546107523
2018-11-26 00:00:00+00:00,142.2625912143748,139.35775374898273,140.14173889160156,6140500,140.4553203565331
2018-11-27 00:00:00+00:00,143.0795659396213,139.31648800101866,142.94752502441406,7084200,139.55580114173137
2018-11-28 00:00:00+00:00,147.48030762856348,141.64418931603902,147.29766845703125,7133600,143.5452936013221
2018-11-29 00:00:00+00:00,147.16482660973526,145.21391425896806,145.8282470703125,4329300,146.77464413958182
2018-11-30 00:00:00+00:00,149.73830637916038,145.37160077213534,149.69680786132812,8942400,145.90291100822748
2018-12-03 00:00:00+00:00,152.33683318258417,148.89161831654883,150.875732421875,7610600,152.1624911785645
2018-12-04 00:00:00+00:00,151.28246770753503,144.90674323182841,145.5293731689453,7059600,150.31116652572527
2018-12-06 00:00:00+00:00,146.14374953993985,141.51139217141878,146.0773468017578,7571200,144.03511424796744
2018-12-07 00:00:00+00:00,148.0697198532339,142.98906298283626,143.44564819335938,6226100,145.57090261920266
2018-12-10 00:00:00+00:00,144.4418874880682,139.2449934269542,142.53248596191406,5373800,143.94377833604818
2018-12-11 00:00:00+00:00,145.77847535150326,142.15891829332188,142.9641876220703,5229400,144.6992472407375
2018-12-12 00:00:00+00:00,146.83274781518526,143.46224623714042,144.62449645996094,5912500,144.24261116751322
2018-12-13 00:00:00+00:00,145.2056267760063,142.8479374520634,144.3422393798828,6102200,144.70751768843965
2018-12-14 00:00:00+00:00,145.39654699840753,142.7482922221524,143.03054809570312,4265200,143.60336968272244
2018-12-17 00:00:00+00:00,142.781529791468,138.580841683117,139.44422912597656,5631700,142.38303743286775
2018-12-18 00:00:00+00:00,142.7483389839605,139.88424277807604,141.16270446777344,4462200,140.21630713015657
2018-12-19 00:00:00+00:00,145.23883216891085,138.44801991338284,139.10385131835938,6996900,141.89323441779814
2018-12-20 00:00:00+00:00,138.8963063418409,134.67902404646475,136.28126525878906,7675600,138.041228772846
2018-12-21 00:00:00+00:00,139.435933104693,132.96887507340134,133.22622680664062,13034100,135.1605323940548
2018-12-24 00:00:00+00:00,133.99000686197238,131.24213441859712,131.2836456298828,4547400,132.96059975976863
2018-12-26 00:00:00+00:00,139.7015838623047,132.36285377733495,139.7015838623047,6141500,132.37946079282747
2018-12-27 00:00:00+00:00,141.51135010120464,135.61711444555422,141.39512634277344,5069300,138.17404979848044
2018-12-28 00:00:00+00:00,143.71960082786927,139.96722654925665,141.31210327148438,4552000,142.14227658988463
2018-12-31 00:00:00+00:00,143.81924079673067,141.6690821169914,142.64039611816406,4206000,142.3498303684197
2019-01-02 00:00:00+00:00,143.76944299070976,140.34083499374051,143.13021850585938,4242900,140.88875255284873
2019-01-03 00:00:00+00:00,142.6569500943103,139.6434301939785,139.97549438476562,4810500,142.6569500943103
2019-01-04 00:00:00+00:00,145.0645074306397,140.73100118098893,144.13470458984375,4762600,141.27890600889248
2019-01-07 00:00:00+00:00,147.92027401805277,144.30902772678814,146.973876953125,4928800,144.30902772678814
2019-01-08 00:00:00+00:00,149.0908424609074,145.78675577395634,147.67955017089844,4722400,148.24407468736672
2019-01-09 00:00:00+00:00,150.48555128801328,147.0237293730067,149.2070770263672,4922000,147.66295383638766
2019-01-10 00:00:00+00:00,148.80030146328866,146.3927907328371,148.65086364746094,3605300,147.79578596296466
2019-01-11 00:00:00+00:00,149.64704600881538,147.04030215299798,148.94140625,3285100,147.71274055093275
2019-01-14 00:00:00+00:00,148.7919696353316,146.85766416213627,148.44329833984375,3871400,147.43048581452362
2019-01-15 00:00:00+00:00,147.62144106886893,145.44637813226782,146.50070190429688,5016100,146.17693478280017
2019-01-16 00:00:00+00:00,147.71273069094195,145.99427852953286,146.973876953125,4075400,147.01538815203506
2019-01-17 00:00:00+00:00,145.66223626960831,142.7898306149588,145.17242431640625,6499200,144.4584746566338
2019-01-18 00:00:00+00:00,149.46439214727997,146.25992277142623,149.08251953125,6371100,146.92406393064587
2019-01-22 00:00:00+00:00,148.26900665316435,145.57923969008934,147.03204345703125,6272700,147.34751347143487
2019-01-23 00:00:00+00:00,147.8206665460819,144.89015559686766,146.849365234375,4910400,146.6003106927332
2019-01-24 00:00:00+00:00,147.38070372424835,145.52942032489815,147.18145751953125,3860100,146.9407127728437
2019-01-25 00:00:00+00:00,150.1534423563493,148.2772552381488,149.7632598876953,4501800,149.24855648965786
2019-01-28 00:00:00+00:00,149.42296144085861,147.28111188058583,149.29013061523438,4091400,148.57618076181012
2019-01-29 00:00:00+00:00,149.5557313086381,147.84557615011764,149.17385864257812,3686900,148.56783561408434
2019-01-30 00:00:00+00:00,152.91798213368054,149.24861616067457,151.24102783203125,5197700,149.82143799973684
2019-01-31 00:00:00+00:00,153.30812203378076,150.31119551836767,152.36172485351562,5138000,150.67647384538947
2019-02-01 00:00:00+00:00,153.70664698561362,151.78065069522324,153.05911254882812,4513100,152.77685654662824
2019-02-04 00:00:00+00:00,154.76922607421875,152.619079936266,154.76922607421875,3050200,153.0009652867524
2019-02-05 00:00:00+00:00,155.2341320672363,153.32473067142385,154.73602294921875,4135200,155.15110965841967
2019-02-06 00:00:00+00:00,154.98509801541118,152.80173758253724,153.3496551513672,3072500,154.98509801541118
2019-02-07 00:00:00+00:00,153.5156218976175,151.46509314335216,152.8099822998047,2793400,152.53602363214654
2019-02-08 00:00:00+00:00,153.23342460472182,151.68930140359672,153.20021057128906,2792300,151.9632601759269
2019-02-11 00:00:00+00:00,153.93071871861588,151.71415771558608,151.85528564453125,3729200,153.58204748226225
2019-02-12 00:00:00+00:00,154.74427669948804,152.35338653927147,154.01373291015625,3773200,152.61903537154552
2019-02-13 00:00:00+00:00,156.63711683171874,154.34584272315422,156.41297912597656,4146900,154.66131268041676
2019-02-14 00:00:00+00:00,156.84461728133826,154.41221587507417,155.83181762695312,2600600,155.65747568051833
2019-02-15 00:00:00+00:00,159.90800788220372,156.94429521576518,159.71707153320312,4997900,157.625030866196
2019-02-19 00:00:00+00:00,160.3811858907936,158.79555180769572,159.667236328125,3828400,159.15253292274983
2019-02-20 00:00:00+00:00,159.7253688389598,158.65445064788022,159.26878356933594,3970100,159.71707166462835
2019-02-21 00:00:00+00:00,159.70045119796546,158.2393505898565,159.24386596679688,3094200,159.26877015513548
2019-02-22 00:00:00+00:00,159.84159248528138,159.07783442183728,159.71707153320312,3321600,159.13595264443495
2019-02-25 00:00:00+00:00,160.57215317148672,157.6997600210558,157.7163543701172,6190700,160.0159384593217
2019-02-26 00:00:00+00:00,156.46275268758728,151.75567190284266,156.32162475585938,13635100,154.07184968551823
2019-02-27 00:00:00+00:00,156.48764322197638,152.0960327073504,152.4779052734375,8766200,155.98953425084662
2019-02-28 00:00:00+00:00,153.7397686375363,152.01300695463615,153.69825744628906,8060600,152.41979636095954
2019-03-01 00:00:00+00:00,154.87716144859402,151.80552212499128,153.7232208251953,5481300,154.26284118433864
2019-03-04 00:00:00+00:00,154.61150528266603,151.17458776428487,152.59417724609375,5046800,154.57829125145852
2019-03-05 00:00:00+00:00,153.68169751369555,152.12927729150525,152.7519073486328,3691000,152.9511535271924
2019-03-06 00:00:00+00:00,153.55718201638874,152.61908197679148,153.12548828125,4460900,153.19190367645916
2019-03-07 00:00:00+00:00,153.266589250059,150.74286801383587,151.51492309570312,4122200,153.0756529396143
2019-03-08 00:00:00+00:00,151.0168254467532,149.03271180056362,150.45230102539062,3867100,150.6681541868406
2019-03-11 00:00:00+00:00,152.0877447694602,150.42739818318344,151.45681762695312,3866200,151.09153935118198
2019-03-12 00:00:00+00:00,152.9760577160822,151.365519274855,152.7519073486328,3777000,152.2787024248442
2019-03-13 00:00:00+00:00,153.7053371527938,151.44718096606172,151.4973602294922,4528300,153.25371102015373
2019-03-14 00:00:00+00:00,151.9991874050476,150.96210243948218,151.8904571533203,4393000,151.61445842631258
2019-03-15 00:00:00+00:00,152.62645709023258,150.18430156488364,152.40899658203125,8059100,152.46754756862913
2019-03-18 00:00:00+00:00,153.45446089037233,152.49265743756277,153.40428161621094,4395800,152.65992593869026
2019-03-19 00:00:00+00:00,155.4115042348935,153.4544236847213,153.99806213378906,4437100,154.0482413957843
2019-03-20 00:00:00+00:00,156.498779283253,153.4126265860458,155.6457061767578,4772600,154.14026428034367
2019-03-21 00:00:00+00:00,158.90742910329857,155.14383209822043,158.88233947753906,4755700,155.14383209822043
2019-03-22 00:00:00+00:00,160.62198897182867,157.79510483548466,157.8620147705078,5173600,158.33037155390477
2019-03-25 00:00:00+00:00,160.33767500560214,157.6613279225272,158.63986206054688,3845900,157.86205778228842
2019-03-26 00:00:00+00:00,160.73908584724117,157.85366335599954,158.35546875,4143300,159.48455321959128
2019-03-27 00:00:00+00:00,160.25402651918753,157.56096165111876,158.2802276611328,4298400,158.61476464923643
2019-03-28 00:00:00+00:00,160.07835432576508,158.2049271478182,158.9576416015625,3326100,158.83219344652696
2019-03-29 00:00:00+00:00,160.61368367757862,159.02461353933617,160.4882354736328,4674100,159.61843148214413
2019-04-01 00:00:00+00:00,163.84199000926674,161.29111668066406,163.62454223632812,5381400,161.4082059063646
2019-04-02 00:00:00+00:00,163.50742588913405,162.26962388536512,162.5121612548828,2717800,163.50742588913405
2019-04-03 00:00:00+00:00,166.25902778536778,162.34489197070394,166.10848999023438,4581500,163.07251683738127
2019-04-04 00:00:00+00:00,167.68084599562087,165.6150477864835,167.6473846435547,3138400,166.43467224737188
2019-04-05 00:00:00+00:00,169.8888638566561,167.78124483203538,168.99395751953125,3615300,167.99033366649226
2019-04-08 00:00:00+00:00,170.440783565184,168.3080884779183,170.2400665283203,3040900,168.41680595229786
2019-04-09 00:00:00+00:00,169.53754080419367,167.65574190835582,168.0237274169922,3721700,169.16117081561367
2019-04-10 00:00:00+00:00,168.60921353902347,165.61506038958134,166.7943115234375,3587500,168.3248430718873
2019-04-11 00:00:00+00:00,168.52555025513485,166.45975216655,168.50881958007812,2465100,167.18737700944482
2019-04-12 00:00:00+00:00,170.83392379567326,169.05249573877677,170.49102783203125,3097900,169.05249573877677
2019-04-15 00:00:00+00:00,171.56996342661847,170.11470029065038,171.33578491210938,3049900,170.75033862583666
2019-04-16 00:00:00+00:00,172.28080013109061,170.85898618162847,171.00953674316406,3271400,171.6618927323628
2019-04-17 00:00:00+00:00,172.9917287081309,171.72047782944242,172.7491912841797,3271900,171.73719574711544
2019-04-18 00:00:00+00:00,173.77785997079542,171.53643445019293,172.00479125976562,3162500,172.30587960331465
2019-04-22 00:00:00+00:00,172.4982264954813,170.61642766098515,171.26878356933594,2593900,170.7084272255867
2019-04-23 00:00:00+00:00,173.4014965935404,170.13970419359634,172.33096313476562,3702600,171.56987696526878
2019-04-24 00:00:00+00:00,174.21278486615333,171.9044364240852,172.89134216308594,2750900,172.42298530868578
2019-04-25 00:00:00+00:00,173.72770606655374,171.5029981345723,172.7073516845703,3292100,172.29753303548915
2019-04-26 00:00:00+00:00,172.40622994662985,170.06443324816306,170.29025268554688,3560300,172.18878222729765
2019-04-29 00:00:00+00:00,170.4491977448388,167.55540304543126,169.07757568359375,3785200,170.03937908954092
2019-04-30 00:00:00+00:00,170.40739038522486,167.9317731109532,170.36557006835938,3415600,168.56741129906334
2019-05-01 00:00:00+00:00,170.21499207892867,166.15030581699685,166.26739501953125,4644700,169.94735232355518
2019-05-02 00:00:00+00:00,168.15757348593687,166.26741533923578,168.11575317382812,2810000,166.6855929367883
2019-05-03 00:00:00+00:00,169.20303211844995,167.53869330373155,167.73941040039062,3583400,168.94376402741958
2019-05-06 00:00:00+00:00,167.2124899799705,165.85759863187948,166.9615936279297,2619400,166.21723800608407
2019-05-07 00:00:00+00:00,165.30557503519327,161.38308046362116,162.89688110351562,4622100,164.55286057437505
2019-05-08 00:00:00+00:00,164.4357834891611,161.98525630918633,163.23143005371094,3122600,162.662714687952
2019-05-09 00:00:00+00:00,163.156153622124,160.23726974350961,162.73797607421875,2917700,161.67580152924495
2019-05-10 00:00:00+00:00,163.49906227423014,158.9158271607171,162.73797607421875,3863600,161.5921736767235
2019-05-13 00:00:00+00:00,160.29585913028967,158.18824021059962,159.19186401367188,3325900,159.74386157198077
2019-05-14 00:00:00+00:00,161.21581926891153,158.9158425329515,160.2623748779297,3663600,159.32566116377694
2019-05-15 00:00:00+00:00,161.2576463499644,159.13330972710844,160.3794708251953,3355800,159.58493592631575
2019-05-16 00:00:00+00:00,163.0558081046808,160.74745968852955,160.89801025390625,3854000,160.97327915571108
2019-05-17 00:00:00+00:00,162.6710774639858,159.53474563627398,161.06527709960938,5223800,159.62674521369087
2019-05-20 00:00:00+00:00,161.29945248539912,159.41765342419623,159.70201110839844,4782800,159.85256166941332
2019-05-21 00:00:00+00:00,161.01506894379654,155.84638838294538,160.1201629638672,8555600,156.5071159826953
2019-05-22 00:00:00+00:00,160.76419855533567,157.2765988812623,157.99586486816406,5706000,159.31730762371697
2019-05-23 00:00:00+00:00,161.03181109148014,155.78787361561868,160.58018493652344,7754000,157.6111216731042
2019-05-24 00:00:00+00:00,162.13579258422357,159.25037017704685,161.90997314453125,3799500,161.03179777840822
2019-05-28 00:00:00+00:00,164.31872389337605,160.03658891719977,160.203857421875,5165800,162.57074441024756
2019-05-29 00:00:00+00:00,160.47981950374322,157.25984728747275,158.89910888671875,4569900,159.14164624877642
2019-05-30 00:00:00+00:00,160.99841414962796,158.9827945771895,159.810791015625,3029800,159.01625593970823
2019-05-31 00:00:00+00:00,159.1499984452604,157.7867483780903,158.78201293945312,3681500,158.6063727620151
2019-06-03 00:00:00+00:00,160.4714427499378,157.86201902257469,158.54783630371094,4620200,158.50601599797437
2019-06-04 00:00:00+00:00,163.50744390548726,160.0951131099606,163.29835510253906,5118100,160.22893300667172
2019-06-05 00:00:00+00:00,165.68180553252105,162.6161199526515,165.6565399169922,3704600,163.399379736605
2019-06-06 00:00:00+00:00,166.46511487086593,164.1995492792472,166.06085205078125,3732900,165.6228931657742
2019-06-07 00:00:00+00:00,167.61895612620214,165.25231534950993,166.1703338623047,3522300,166.0861065569199
2019-06-10 00:00:00+00:00,168.3179881104561,166.18716853853883,166.80198669433594,3154500,167.23151507420272
2019-06-11 00:00:00+00:00,169.15178397108198,164.94067594839254,166.76829528808594,3708500,167.61894733348956
2019-06-12 00:00:00+00:00,168.60439781844414,166.7430818355176,167.55162048339844,2551500,167.44212752814224
2019-06-13 00:00:00+00:00,170.70149058168047,167.98111804769596,170.42356872558594,3630900,168.40222890409595
2019-06-14 00:00:00+00:00,173.9188039191884,169.5476706652076,173.30398559570312,4898000,169.5476706652076
2019-06-17 00:00:00+00:00,175.84749382809667,173.49770052889716,174.3230743408203,4620500,174.3399223761248
2019-06-18 00:00:00+00:00,177.0097188714926,174.4325227335418,174.744140625,3891300,175.26632677575972
2019-06-19 00:00:00+00:00,175.58635528800343,173.41342202133495,175.13156127929688,3648200,175.09786521863313
2019-06-20 00:00:00+00:00,178.26462546087933,176.28539957679234,177.9193115234375,5171500,176.5043854157953
2019-06-21 00:00:00+00:00,178.5425645395624,176.0916965590468,176.352783203125,9855000,177.92773350855288
2019-06-24 00:00:00+00:00,176.24327112443478,172.75647453627485,173.07652282714844,4943500,175.3084047206603
2019-06-25 00:00:00+00:00,174.42410597759988,171.98165552212964,172.43646240234375,3587900,173.75032609846042
2019-06-26 00:00:00+00:00,174.6094171883716,172.36067383494915,173.85140991210938,3071200,172.941808891365
2019-06-27 00:00:00+00:00,175.182062881806,173.50603755758195,174.356689453125,2286800,174.8535970279538
2019-06-28 00:00:00+00:00,176.02431706702552,174.66833975642922,175.15682983398438,11069000,174.98838808168858
2019-07-01 00:00:00+00:00,178.81206476666802,175.32526787764505,177.10235595703125,4097700,176.61386588980906
2019-07-02 00:00:00+00:00,177.08551377626694,175.56952513631424,176.9844512939453,3160500,177.0686785967347
2019-07-03 00:00:00+00:00,179.182662339914,176.61388364680553,178.63522338867188,2183700,176.7149589872328
2019-07-05 00:00:00+00:00,178.6941921864448,176.63916900238058,178.09622192382812,2547800,176.841306854534
2019-07-08 00:00:00+00:00,179.76382036689543,177.3634831321843,179.31744384765625,2705300,177.69194911523363
2019-07-09 00:00:00+00:00,179.6711051779775,177.87716936002118,178.5509490966797,2397400,178.49198742600527
2019-07-10 00:00:00+00:00,177.9782719361029,175.88113555798037,177.49819946289062,3457400,177.47293384338278
2019-07-11 00:00:00+00:00,180.30284584924766,177.72564917796956,180.26914978027344,3450100,178.76157840144148
2019-07-12 00:00:00+00:00,183.81485217964777,180.7491662701759,183.79800415039062,4429800,181.077632158645
2019-07-15 00:00:00+00:00,184.69923162114964,182.60209484540914,184.1938934326172,3141300,184.4044488692917
2019-07-16 00:00:00+00:00,183.8991105074198,182.53470263552975,182.9810791015625,2657400,183.01477516576293
2019-07-17 00:00:00+00:00,183.25059312896397,181.59141540527344,181.59141540527344,3037300,182.53469956649667
2019-07-18 00:00:00+00:00,182.11358921028543,179.40163438833443,180.60601806640625,3068000,181.49877098581567
2019-07-19 00:00:00+00:00,181.27131636930497,179.3342044930712,179.42684936523438,3254800,180.7996744205759
2019-07-22 00:00:00+00:00,179.61220075494225,177.186610921657,177.93618774414062,2764900,179.39322773252897
2019-07-23 00:00:00+00:00,180.34495249798917,178.32361253052687,179.4606170654297,2589900,179.03108858734507
2019-07-24 00:00:00+00:00,180.90077095957122,179.45216163755592,180.83340454101562,2207100,179.55322411667098
2019-07-25 00:00:00+00:00,181.85243505246441,179.92375378686341,181.5408172607422,2335300,180.47119253198804
2019-07-26 00:00:00+00:00,182.93896361175058,180.3196538612606,182.68629455566406,2675500,181.52402460843535
2019-07-29 00:00:00+00:00,183.83172071814846,182.21465671363998,183.63800048828125,2407200,182.58522343967294
2019-07-30 00:00:00+00:00,184.10123670072394,182.6441967708884,183.0653076171875,2172600,183.20006617231115
2019-07-31 00:00:00+00:00,183.43591264358543,178.69419974461394,179.97438049316406,3426400,182.21469359030556
2019-08-01 00:00:00+00:00,183.2758956732736,178.56787865767836,179.2500762939453,3431500,180.35338485149168
2019-08-02 00:00:00+00:00,179.5111264685664,177.77615188226346,178.6773223876953,2884900,178.43308375763482
2019-08-05 00:00:00+00:00,176.83287601933716,171.88060824839695,172.60491943359375,4553200,176.47071400109706
2019-08-06 00:00:00+00:00,176.10013463795383,172.23434006505593,175.85589599609375,3646800,172.66386851161678
2019-08-07 00:00:00+00:00,175.6032156772661,171.08048948662176,175.10630798339844,3901100,173.5313447442074
2019-08-08 00:00:00+00:00,178.28992052766958,175.78852095518477,178.18885803222656,2968000,176.6138946542982
2019-08-09 00:00:00+00:00,178.89630153842722,175.13998737152662,176.88339233398438,2912100,178.0877631099072
2019-08-12 00:00:00+00:00,176.56337505067162,173.62401638528107,174.34832763671875,2005000,175.26635915224279
2019-08-13 00:00:00+00:00,178.2309407950338,172.47014781485376,175.4600372314453,3876700,173.75874590643923
2019-08-14 00:00:00+00:00,172.9586418028411,169.71608324899609,169.78346252441406,4582100,172.20064744413375
2019-08-15 00:00:00+00:00,171.6110665989429,167.6442101056741,169.95188903808594,4199700,170.97098281682895
2019-08-16 00:00:00+00:00,172.17536447124058,169.85083736084366,171.5184326171875,4093600,171.6026599220794
2019-08-19 00:00:00+00:00,175.8727256825707,172.90810196789562,175.13998413085938,6413600,174.32302812752198
2019-08-20 00:00:00+00:00,183.47795666438776,178.69413192041566,182.83786010742188,12452600,179.81428804382588
2019-08-21 00:00:00+00:00,186.02993179377938,182.55996967729348,185.6256561279297,7938600,184.21914744177923
2019-08-22 00:00:00+00:00,187.52907009933114,185.18769501002706,186.1478271484375,4544600,185.3308711441175
2019-08-23 00:00:00+00:00,186.02153869450126,181.92833992789588,183.15798950195312,5769300,185.20458245961294
2019-08-26 00:00:00+00:00,184.86765747957037,182.07147535272145,184.15176391601562,3680200,183.99175259300156
2019-08-27 00:00:00+00:00,185.63402775709892,183.5284741901919,183.78114318847656,4311700,184.90971681603176
2019-08-28 00:00:00+00:00,187.0490170931119,182.85475656213833,186.9311065673828,3066700,183.50327087929014
2019-08-29 00:00:00+00:00,191.773892953089,188.45553714913655,191.453857421875,4184200,188.57344768195944
2019-08-30 00:00:00+00:00,193.09613591885812,190.92320280525206,191.95071411132812,3768300,192.3886600588537
2019-09-03 00:00:00+00:00,191.71490532559514,188.1354635553714,188.7165985107422,4139400,190.721077163196
2019-09-04 00:00:00+00:00,189.93682861328125,186.9880025143531,189.93682861328125,3132900,189.76735822686226
2019-09-05 00:00:00+00:00,193.86006145743494,191.71623017210095,193.3262176513672,3373100,191.75860098571468
2019-09-06 00:00:00+00:00,196.05478444246194,193.0974896438856,195.85142517089844,3237900,193.79232203799498
2019-09-09 00:00:00+00:00,198.17317033019202,194.96166393465492,197.3258056640625,4449100,196.1649202089878
2019-09-10 00:00:00+00:00,197.45289451514407,194.64811987434453,197.43594360351562,4210600,196.80042017989916
2019-09-11 00:00:00+00:00,198.012175603765,195.75819534302005,197.1478729248047,2978300,197.3766520828923
2019-09-12 00:00:00+00:00,199.54589406621625,197.5291621831446,198.1138458251953,3366100,197.79184314006415
2019-09-13 00:00:00+00:00,199.1052683198115,196.86822621184314,198.26637268066406,3805500,198.562955473327
2019-09-16 00:00:00+00:00,197.95286415961033,195.41077011000948,195.73277282714844,3120200,197.20717910087123
2019-09-17 00:00:00+00:00,195.1735180080431,191.90268966329234,195.07183837890625,3732500,192.17383965091045
2019-09-18 00:00:00+00:00,196.19038181030606,194.0550187775053,195.59722900390625,3341800,195.20743548555126
2019-09-19 00:00:00+00:00,196.08018214759562,193.1567765820683,193.3008270263672,3134000,195.86834097719859
2019-09-20 00:00:00+00:00,194.9362992566948,190.00462929633923,190.37747192382812,7687700,193.1907296186899
2019-09-23 00:00:00+00:00,192.47041688099895,189.76732142709957,191.7162628173828,2754000,189.94527370267605
2019-09-24 00:00:00+00:00,195.09729043562965,190.47067260110452,191.0045166015625,4511300,193.31781905394422
2019-09-25 00:00:00+00:00,193.58050549893116,190.23341678728983,193.283935546875,3716700,192.00440629477248
2019-09-26 00:00:00+00:00,195.84292371733457,194.0465147056177,194.71592712402344,4200600,194.62271649059895
2019-09-27 00:00:00+00:00,196.37678746928543,194.1566958865519,194.7752685546875,3152000,196.25815691745447
2019-09-30 00:00:00+00:00,197.08856675204902,194.99557475699783,196.60557556152344,3249200,195.05489649658105
2019-10-01 00:00:00+00:00,198.71553742287523,195.50403015101344,195.80908203125,3335400,197.44449007684997
2019-10-02 00:00:00+00:00,195.402333370153,190.09782130273368,191.12313842773438,4336100,195.402333370153
2019-10-03 00:00:00+00:00,192.1907958984375,188.21665317244668,192.1907958984375,2777700,190.65706777752212
2019-10-04 00:00:00+00:00,194.2244549192923,192.36872428801567,193.1398162841797,3163100,192.49582381217505
2019-10-07 00:00:00+00:00,193.30932145175288,191.54680124847613,192.13148498535156,2917600,192.78394652295015
2019-10-08 00:00:00+00:00,193.86009888318932,190.7418029315201,192.07215881347656,3438500,190.9621131031839
2019-10-09 00:00:00+00:00,194.52102845334863,192.02130530293414,193.99566650390625,2657600,193.62282398633096
2019-10-10 00:00:00+00:00,196.79197681745364,194.1143013407572,196.2581329345703,2781500,194.33461150158962
2019-10-11 00:00:00+00:00,200.5711931241089,198.0799391948172,198.8425750732422,3459200,198.55447421972394
2019-10-14 00:00:00+00:00,199.54594131685852,198.33420292992858,198.43588256835938,2183900,198.46978440101012
2019-10-15 00:00:00+00:00,200.70678844035265,198.79174901541376,199.6560516357422,2663300,198.86800872960305
2019-10-16 00:00:00+00:00,200.12210261673704,198.14774148218703,199.893310546875,2388100,199.48657914582103
2019-10-17 00:00:00+00:00,201.81685966975445,199.56286634597672,200.63055419921875,2250500,200.28313155079047
2019-10-18 00:00:00+00:00,202.29134334926576,199.6729898900314,201.6134490966797,3662500,200.81693724938026
2019-10-21 00:00:00+00:00,202.51171589666387,199.64761876781117,200.5712432861328,2041700,201.89313029029233
2019-10-22 00:00:00+00:00,201.92700990315885,200.41870177671444,200.99490356445312,2003200,201.07964520606606
2019-10-23 00:00:00+00:00,201.17284273344325,198.5883779897374,198.85105895996094,2110500,200.5373192520283
2019-10-24 00:00:00+00:00,200.2916161392015,197.49532260809718,198.19015502929688,2173900,198.9697291034589
2019-10-25 00:00:00+00:00,199.48661562353072,197.0546828343166,198.60536193847656,2210900,197.8512077989435
2019-10-28 00:00:00+00:00,200.7915720740087,198.75788876194977,200.65599060058594,2705000,199.08836052231723
2019-10-29 00:00:00+00:00,201.24913902930928,198.2155715083699,198.40199279785156,2558000,200.6898751608642
2019-10-30 00:00:00+00:00,200.4865246353537,197.33432642259567,200.1814727783203,1956700,197.86815747508317
2019-10-31 00:00:00+00:00,201.1559343874031,197.62242463457173,198.77484130859375,2824100,200.70683206654815
2019-11-01 00:00:00+00:00,201.20675128631785,199.1815501115532,201.11354064941406,2197400,200.03739675851338
2019-11-04 00:00:00+00:00,202.00325302014085,198.18164320506324,199.06289672851562,2542400,201.9015734023697
2019-11-05 00:00:00+00:00,199.0629202516024,195.12267944025768,196.75808715820312,3624600,198.91040080692258
2019-11-06 00:00:00+00:00,198.31722898868765,196.49540005292928,198.29180908203125,2631900,197.29192494085464
2019-11-07 00:00:00+00:00,199.80009798538322,196.38521960245123,197.38511657714844,2832500,198.28332100524855
2019-11-08 00:00:00+00:00,197.65627612745647,196.27508052256064,197.30038452148438,2088400,197.26649562414548
2019-11-11 00:00:00+00:00,196.8259057007155,195.04643434944248,196.41917419433594,2309600,195.31759730686983
2019-11-12 00:00:00+00:00,198.81717233150832,196.58859916040004,197.5376434326172,2991100,196.71569868622967
2019-11-13 00:00:00+00:00,199.0459561262711,195.6141395511441,198.9612274169922,2399600,196.66486346856223
2019-11-14 00:00:00+00:00,200.77457874622343,198.31721354612725,200.44410705566406,2282200,199.13068928506624
2019-11-15 00:00:00+00:00,201.71517244890057,200.2831240156426,201.0711669921875,3524700,201.41012063513108
2019-11-18 00:00:00+00:00,202.78287750901853,200.62209458407776,202.39309692382812,5747400,202.0456742367696
2019-11-19 00:00:00+00:00,197.53761941384371,190.99596406487606,191.38575744628906,14972200,195.40227006099414
2019-11-20 00:00:00+00:00,190.65704630728314,186.90322711293936,187.18284606933594,10225400,190.27573480062026
2019-11-21 00:00:00+00:00,188.37762795300137,185.14917079643357,185.1830596923828,7823700,188.06410717887783
2019-11-22 00:00:00+00:00,185.68302182394515,184.56449426802348,184.75091552734375,5786500,185.1491779513681
2019-11-25 00:00:00+00:00,185.174584142432,183.77643773083742,185.06442260742188,8865400,184.72548194090123
2019-11-26 00:00:00+00:00,187.23370752491104,185.05597406610113,187.06422424316406,9981400,185.36949486376673
2019-11-27 00:00:00+00:00,189.34362228513558,186.97948067778546,188.96231079101562,6687500,187.84378328318854
2019-11-29 00:00:00+00:00,189.24199205722886,186.66599569222987,186.8524169921875,2952900,189.21657214630386
2019-12-02 00:00:00+00:00,187.42861713764708,184.2679501390237,184.4035186767578,4416300,187.18287411159324
2019-12-03 00:00:00+00:00,183.41205435656948,180.42932751869228,181.3360137939453,6505400,183.41205435656948
2019-12-04 00:00:00+00:00,183.31455666881124,181.80512450294805,182.58116149902344,4256200,182.0694856084893
2019-12-05 00:00:00+00:00,182.922258296483,180.59416047074316,181.64308166503906,4580500,182.80286899804653
2019-12-06 00:00:00+00:00,183.65564308371847,182.41057217369854,182.73463439941406,4193700,182.67494625978358
2019-12-09 00:00:00+00:00,185.8046299906823,182.64931796717553,184.6533660888672,5111100,182.74312475186014
2019-12-10 00:00:00+00:00,184.78985687683635,183.43393278064758,184.11614990234375,4663000,184.64488508785303
2019-12-11 00:00:00+00:00,182.1973721834497,179.60491347054617,180.790283203125,8284800,179.9630813380387
2019-12-12 00:00:00+00:00,182.60673117449778,179.7072563524259,180.82440185546875,9915100,181.21668841233677
2019-12-13 00:00:00+00:00,182.69196883082054,179.6560589396605,182.56405639648438,6869200,180.89259351724579
2019-12-16 00:00:00+00:00,184.8154442241133,182.75170744810757,183.80062866210938,5850300,182.8625605764441
2019-12-17 00:00:00+00:00,187.14355695787683,184.09058686949126,185.66824340820312,7574400,184.21851235267428
2019-12-18 00:00:00+00:00,187.26290637251296,185.59997954508376,185.906982421875,6677400,186.08607285519327
2019-12-19 00:00:00+00:00,188.26920489417915,186.14576717479775,187.8001708984375,5405000,186.31632144257932
2019-12-20 00:00:00+00:00,188.95142731667,187.44199543246776,188.6273651123047,7778200,188.11568931724955
2019-12-23 00:00:00+00:00,189.31807421990044,186.87911112161441,186.93881225585938,3943700,189.31807421990044
2019-12-24 00:00:00+00:00,188.49942493436234,186.94736436551088,188.18389892578125,2260700,187.18614291456495
2019-12-26 00:00:00+00:00,188.59325125281154,187.262909766755,188.3118438720703,2649200,188.24361956349608
2019-12-27 00:00:00+00:00,189.13900508296186,187.42491349743796,187.58694458007812,3082800,188.6358655197298
2019-12-30 00:00:00+00:00,188.0304495964009,184.67047675404228,185.31858825683594,3952400,187.92810661309588
2019-12-31 00:00:00+00:00,186.3419016998633,184.57664488016334,186.23104858398438,3789900,185.13948566831087
2020-01-02 00:00:00+00:00,187.4078566746308,185.7705125234866,187.3225860595703,3935700,186.8279696473828
2020-01-03 00:00:00+00:00,187.33964619959553,184.84099448096418,186.70005798339844,3423200,185.17357983288844
2020-01-06 00:00:00+00:00,187.6125358204502,184.54250730204262,187.57843017578125,5682800,184.6192677743441
2020-01-07 00:00:00+00:00,188.09012303909714,184.96892904766713,186.35044860839844,5685400,187.18617366738897
2020-01-08 00:00:00+00:00,190.1452843805295,186.478309905769,189.1389923095703,4916200,186.58917601007857
2020-01-09 00:00:00+00:00,192.34556192495538,189.19026162568227,192.03855895996094,4843600,189.8639557089552
2020-01-10 00:00:00+00:00,192.29435879985937,190.1965034530033,191.21131896972656,4226600,191.6632936601644
2020-01-13 00:00:00+00:00,191.45858669642502,189.8979899622118,190.46083068847656,6060900,191.45006353843493
2020-01-14 00:00:00+00:00,191.83382321446805,189.58247321193107,190.0088653564453,3915100,189.72744497957123
2020-01-15 00:00:00+00:00,191.8594255966707,189.4289979283939,191.52684020996094,3444300,189.5569103800296
2020-01-16 00:00:00+00:00,195.16824566645374,192.21760580567124,195.13414001464844,5390800,192.66958051372362
2020-01-17 00:00:00+00:00,198.35761876225556,195.21084284523985,197.76919555664062,7979200,195.8077892087424
2020-01-21 00:00:00+00:00,199.26161059304326,197.04436589725248,198.6561279296875,4873500,197.44517561543356
2020-01-22 00:00:00+00:00,201.70909111999524,198.5964332953936,198.6134796142578,4030800,199.37245720234313
2020-01-23 00:00:00+00:00,200.25082086615228,196.68617563143422,199.2530517578125,4617900,197.95682895651146
2020-01-24 00:00:00+00:00,200.77102198462197,196.61796618393495,197.84597778320312,4467500,199.9438331006958
2020-01-27 00:00:00+00:00,198.24677530965837,194.60538255735145,197.15521240234375,3595600,194.60538255735145
2020-01-28 00:00:00+00:00,200.61749851512917,197.29164508372867,199.43212890625,3621900,197.69245472962248
2020-01-29 00:00:00+00:00,201.1547829770778,199.03986835350278,199.568603515625,2564000,200.31904491878868
2020-01-30 00:00:00+00:00,198.95458164533463,197.4792684360828,198.5196533203125,4685700,197.845959442519
2020-01-31 00:00:00+00:00,198.89493265892895,194.34106638323587,194.52015686035156,5304700,198.6646902043707
2020-02-03 00:00:00+00:00,199.15075056543017,195.58611782834632,197.45370483398438,5100900,196.3962604492783
2020-02-04 00:00:00+00:00,201.56408396464712,199.57709511924295,200.404296875,3505100,199.57709511924295
2020-02-05 00:00:00+00:00,203.23553266458677,201.13767784969036,203.0564422607422,3868600,202.19513492070902
2020-02-06 00:00:00+00:00,204.1650788604792,202.51919850403834,203.67898559570312,3930300,202.96264995414825
2020-02-07 00:00:00+00:00,204.26744345716838,201.7005671332637,202.36573791503906,2456100,203.6790201473385
2020-02-10 00:00:00+00:00,205.1884307861328,201.41058957355318,205.1884307861328,2568000,201.76877043023953
2020-02-11 00:00:00+00:00,206.75758681698673,204.8388218089693,206.06683349609375,2692400,205.1884665556424
2020-02-12 00:00:00+00:00,206.62963723789014,203.67899785232512,206.02415466308594,3592100,206.48466546926505
2020-02-13 00:00:00+00:00,207.73825859745943,205.00933845491724,206.68080139160156,2468100,205.49543174701134
2020-02-14 00:00:00+00:00,209.10272019121157,206.91107117636835,208.95774841308594,2841600,207.60182441844913
2020-02-18 00:00:00+00:00,209.8787539530064,207.36304275830983,208.02821350097656,2892600,208.79571420022083
2020-02-19 00:00:00+00:00,209.35854872657313,207.23511110388466,207.77236938476562,2713300,208.85540910516877
2020-02-20 00:00:00+00:00,210.7400557802851,206.5017166933068,210.65478515625,3701800,207.81501182551597
2020-02-21 00:00:00+00:00,210.94471956012617,208.07936386509223,209.2220916748047,3881100,210.2113245604313
2020-02-24 00:00:00+00:00,207.3204124275993,202.70684578020743,204.41241455078125,5350100,203.37201655973465
2020-02-25 00:00:00+00:00,210.61212727845088,201.6664158108319,202.43392944335938,8061500,209.8702091448838
2020-02-26 00:00:00+00:00,205.55508310274956,199.82438566113947,200.64305114746094,6963000,203.90069280384276
2020-02-27 00:00:00+00:00,200.25082903034667,191.5097893678828,191.64622497558594,7612800,197.05288769042087
2020-02-28 00:00:00+00:00,188.51647398943223,181.07167153455907,185.7705078125,11809600,186.44421462040276
2020-03-02 00:00:00+00:00,196.14036785134965,186.32482630118523,196.08920288085938,7150800,187.59546644320798
2020-03-03 00:00:00+00:00,201.1035960537985,192.36255714475706,194.38365173339844,8432500,196.16596776356977
2020-03-04 00:00:00+00:00,205.79390630774665,197.6753964128584,205.5892333984375,6770000,198.70725809271062
2020-03-05 00:00:00+00:00,204.33564628810612,198.82665399420713,200.24227905273438,6473900,201.76877023405464
2020-03-06 00:00:00+00:00,196.38767535320034,189.5312958432269,194.86972045898438,7399900,194.0681142101769
2020-03-09 00:00:00+00:00,184.35490397722833,176.73954641391282,179.47698974609375,10120500,182.38497432355834
2020-03-10 00:00:00+00:00,192.58427004790317,179.937477972954,192.47340393066406,7206600,185.23327392692735
2020-03-11 00:00:00+00:00,188.13808953957084,180.71215583417353,182.76394653320312,7253900,186.5498908040648
2020-03-12 00:00:00+00:00,177.3468575696094,158.68328111697767,163.61959838867188,10928700,167.75752628506032
2020-03-13 00:00:00+00:00,176.69437886530363,163.11306379230362,176.5655975341797,10292300,172.08427968097732
2020-03-16 00:00:00+00:00,159.76497696859047,140.02828928637692,141.6165008544922,12536600,156.21940946003443
2020-03-17 00:00:00+00:00,150.0468541695578,133.32347564473835,149.06817626953125,16234400,144.40658269558037
2020-03-18 00:00:00+00:00,139.35864452805427,120.7294193271745,133.6067657470703,14681900,137.18666647985967
2020-03-19 00:00:00+00:00,139.85660228917226,121.9055741122762,138.3284912109375,13499100,131.486325193435
2020-03-20 00:00:00+00:00,146.13209964250757,130.327303083482,130.6191864013672,12602400,139.7449349714275
2020-03-23 00:00:00+00:00,141.59071454930805,125.63139252274817,139.41015625,12241600,128.82497558437527
2020-03-24 00:00:00+00:00,159.3957933711476,147.66882001709237,158.58023071289062,14676600,148.8535400866849
2020-03-25 00:00:00+00:00,164.44376328945012,154.52820109902572,156.0391387939453,11497400,158.32272535407077
2020-03-26 00:00:00+00:00,170.1526917901243,156.67440327865802,167.5858154296875,10170300,157.52431297665294
2020-03-27 00:00:00+00:00,168.5902170245218,160.10833431762063,163.58522033691406,7121700,161.81673359265235
2020-03-30 00:00:00+00:00,170.15270506419222,161.0612996592641,168.34988403320312,6936700,163.60243566898967
2020-03-31 00:00:00+00:00,167.82620655238904,159.20696004105406,160.28866577148438,7335400,167.23384638563286
2020-04-01 00:00:00+00:00,156.89757383921756,150.2356984413023,153.35202026367188,7858200,151.01692721708028
2020-04-02 00:00:00+00:00,156.8632600378632,149.3772278034312,155.6527862548828,6353900,150.19279050774233
2020-04-03 00:00:00+00:00,155.6871304634044,150.1842077017471,153.41212463378906,7299800,154.1504263857393
2020-04-06 00:00:00+00:00,165.18202283556073,158.93221824267468,164.25485229492188,7454000,161.39607973616404
2020-04-07 00:00:00+00:00,175.22636647925552,164.70128547359928,165.07901000976562,6438800,174.20476144625604
2020-04-08 00:00:00+00:00,168.9250597499039,164.43514818220984,167.25100708007812,6094700,166.72732772187456
2020-04-09 00:00:00+00:00,176.8403454623884,168.69327130782807,173.011474609375,7125100,171.52629069778655
2020-04-13 00:00:00+00:00,172.08430665601142,167.72317616852112,170.65921020507812,4415600,172.08430665601142
2020-04-14 00:00:00+00:00,180.0510488917673,171.8095552754232,177.8533172607422,5655400,173.31191231532858
2020-04-15 00:00:00+00:00,173.62101226180795,168.78770964984838,170.39308166503906,5693900,170.55619685151626
2020-04-16 00:00:00+00:00,173.595235141135,168.96797545867722,171.56919860839844,7262800,170.94249159776783
2020-04-17 00:00:00+00:00,180.49749077364947,176.9862704347069,179.78494262695312,6717600,177.85334046647412
2020-04-20 00:00:00+00:00,181.16709046248718,176.29945516353732,176.89181518554688,4753100,176.96049593732477
2020-04-21 00:00:00+00:00,175.42378155453537,171.27727474576614,172.22161865234375,4845000,172.34180668595243
2020-04-22 00:00:00+00:00,176.59997493680333,172.67666954291153,175.27789306640625,4067700,173.3205370110937
2020-04-23 00:00:00+00:00,177.68162356354344,173.57804363056778,173.6896514892578,3565500,174.54814123422366
2020-04-24 00:00:00+00:00,182.79825588007026,175.0031787846987,182.15438842773438,5025200,175.75864102110134
2020-04-27 00:00:00+00:00,189.67475250196986,183.72541093728466,186.9447479248047,5472800,184.60965444856222
2020-04-28 00:00:00+00:00,192.49058995461218,186.21503141853202,186.83314514160156,5080700,192.29314096237238
2020-04-29 00:00:00+00:00,192.44768284333153,188.71325956949798,190.42164611816406,4381100,190.0181548097969
2020-04-30 00:00:00+00:00,190.67912648961095,185.88017274660046,188.72177124023438,5152700,186.11195550805775
2020-05-01 00:00:00+00:00,188.61019068647573,185.23633234204354,187.64010620117188,3819300,186.0948220703384
2020-05-04 00:00:00+00:00,191.15135566937712,184.755608822313,190.4473876953125,4090900,186.01757686692525
2020-05-05 00:00:00+00:00,196.46539532569838,191.96690407262125,193.6838836669922,4655200,193.10869707481967
2020-05-06 00:00:00+00:00,196.1134097456647,192.13001764359555,192.2330322265625,3321100,195.194819382494
2020-05-07 00:00:00+00:00,198.85201400747943,194.37927599338178,196.98049926757812,4501300,194.45653693827492
2020-05-08 00:00:00+00:00,202.21725469174729,198.43989209157598,201.2557373046875,4365200,199.7705537677782
2020-05-11 00:00:00+00:00,204.98164966266484,198.52580155085442,203.08438110351562,4378300,198.97221999409842
2020-05-12 00:00:00+00:00,205.39372300638902,199.9423065185547,199.9423065185547,4399600,204.80995612114017
2020-05-13 00:00:00+00:00,202.86113178750506,196.19924290300946,197.5384979248047,6237200,200.06244680167308
2020-05-14 00:00:00+00:00,201.453241046878,194.19041080231304,201.2987060546875,6434500,194.33635251189972
2020-05-15 00:00:00+00:00,208.8104769109866,199.77058008247167,205.46237182617188,16176300,199.84784102300233
2020-05-18 00:00:00+00:00,213.180193662085,209.5058452624238,210.63047790527344,8314800,211.05112952405426
2020-05-19 00:00:00+00:00,208.1494648144149,204.14889877695714,204.4064483642578,9387000,206.42389174916156
2020-05-20 00:00:00+00:00,207.9863438442383,201.70219172706115,204.48370361328125,7534200,207.75454791217436
2020-05-21 00:00:00+00:00,207.0505815265363,202.42332162959025,206.7930450439453,4772700,203.9943596709748
2020-05-22 00:00:00+00:00,208.0464177529103,204.8871815346933,207.65151977539062,3041800,206.63849498618055
2020-05-26 00:00:00+00:00,213.0943470674391,207.81463984241645,208.16661071777344,4535200,213.03424649145418
2020-05-27 00:00:00+00:00,212.38180223137323,206.70718383192113,212.35604858398438,4664800,208.34690257976106
2020-05-28 00:00:00+00:00,216.53691643201387,209.84069220175857,210.45022583007812,5259300,214.21041600312117
2020-05-29 00:00:00+00:00,214.37351792282786,210.09822880453154,213.31756591796875,5341600,210.38153204245597
2020-06-01 00:00:00+00:00,214.4336040179889,211.07690539885533,212.29595947265625,3407800,214.11596695002783
2020-06-02 00:00:00+00:00,216.957554792004,212.04699182802534,216.948974609375,5301000,213.44633446796615
2020-06-03 00:00:00+00:00,218.34802745026442,216.24080237334934,216.76760864257812,4638100,217.45850405467496
2020-06-04 00:00:00+00:00,217.77805230735848,213.71905960929388,214.99720764160156,4759400,215.70537911022524
2020-06-05 00:00:00+00:00,220.9561420910132,216.23216187554783,220.1356964111328,5054300,217.92484172746933
2020-06-08 00:00:00+00:00,221.78522340633643,217.8557679609604,221.75067138671875,3811900,218.05440912942603
2020-06-09 00:00:00+00:00,223.06338158224222,219.237555891623,221.74205017089844,3716100,220.50707245197046
2020-06-10 00:00:00+00:00,223.9270125184664,219.54847282875693,219.74710083007812,3589800,222.3379621524266
2020-06-11 00:00:00+00:00,216.43943252755315,206.17968365374705,206.81011962890625,6563700,214.9194731478833
2020-06-12 00:00:00+00:00,212.7863466735652,204.7201763598048,209.38369750976562,5238500,209.9191483930424
2020-06-15 00:00:00+00:00,209.18506256068022,202.35385703440377,208.44235229492188,6250900,205.21242380378973
2020-06-16 00:00:00+00:00,217.32893847882553,209.74639184329934,215.8607940673828,5291600,215.38580268133967
2020-06-17 00:00:00+00:00,219.89389958286452,215.97308877887286,216.63807678222656,4234000,218.2962179049103
2020-06-18 00:00:00+00:00,217.41528864985773,213.42538766886764,215.22171020507812,3347800,215.35124731053938
2020-06-19 00:00:00+00:00,219.61754977323554,212.77771268633518,213.01087951660156,11114600,218.58121321662657
2020-06-22 00:00:00+00:00,215.9558227657889,212.02636718623754,215.17857360839844,3815200,212.19045634068848
2020-06-23 00:00:00+00:00,218.87482930391448,216.01626260704478,216.1717071533203,3105300,218.4948361760405
2020-06-24 00:00:00+00:00,216.15441491771895,209.62548090960192,212.56178283691406,3873000,214.01265120417
2020-06-25 00:00:00+00:00,212.75181689003546,209.16780241461586,211.9141082763672,2938400,211.41320939145066
2020-06-26 00:00:00+00:00,212.53589089088896,207.48373230457486,208.14007568359375,5002700,211.88817892739914
2020-06-29 00:00:00+00:00,212.88135519401453,207.5614771916213,212.5531768798828,3468300,209.56507274228954
2020-06-30 00:00:00+00:00,217.3289430175632,212.5272405661558,216.34442138671875,4524600,213.31313422331874
2020-07-01 00:00:00+00:00,216.18899466232952,213.25269235839173,214.30630493164062,3677300,215.60172893044822
2020-07-02 00:00:00+00:00,217.89034055540023,214.10769789187816,214.6085968017578,3369800,217.57943823815546
2020-07-06 00:00:00+00:00,217.19944484423226,213.34771131638533,215.51539611816406,3133800,216.13720075205626
2020-07-07 00:00:00+00:00,216.57762943078677,213.37362130230588,213.6154327392578,2927800,213.63269557208656
2020-07-08 00:00:00+00:00,215.72264781834144,212.63954536530287,215.1872100830078,2294000,214.06450657992602
2020-07-09 00:00:00+00:00,216.34443741024697,212.75180489863305,214.14222717285156,2994700,215.61037172369328
2020-07-10 00:00:00+00:00,216.18903530605246,213.00228956143738,215.99903869628906,2745300,214.42725095692595
2020-07-13 00:00:00+00:00,222.69202406582843,215.11812072511827,215.57583618164062,4437500,217.5621557505928
2020-07-14 00:00:00+00:00,222.96837307402666,214.57403765799015,222.63157653808594,4614200,215.04038450087324
2020-07-15 00:00:00+00:00,225.654220097596,220.35160548712278,222.6401824951172,4343700,224.6610670211608
2020-07-16 00:00:00+00:00,224.971935279034,221.0856638442714,222.88197326660156,2511200,221.74202034255785
2020-07-17 00:00:00+00:00,225.10151400919847,222.5711253546867,224.86834716796875,3091300,224.56607628495036
2020-07-20 00:00:00+00:00,225.57651992589996,222.8302008917604,224.68699645996094,2451100,223.71110611902913
2020-07-21 00:00:00+00:00,227.88235436546358,225.16196918089986,226.630126953125,2439900,225.93921832570817
2020-07-22 00:00:00+00:00,229.36773931236257,226.26736145357438,229.00503540039062,2750000,226.77689166213082
2020-07-23 00:00:00+00:00,231.27633982103725,226.09464414449005,227.8305206298828,2680100,231.27633982103725
2020-07-24 00:00:00+00:00,230.4905354063589,227.12241121303063,229.12600708007812,2984500,228.8928401989678
2020-07-27 00:00:00+00:00,232.0363346215907,228.93595642352267,230.9481964111328,2412500,228.93595642352267
2020-07-28 00:00:00+00:00,232.37316390590172,228.57325876946365,229.1000518798828,2227000,231.9327113112787
2020-07-29 00:00:00+00:00,230.68041822538012,228.14141186039183,228.5645751953125,2874100,228.68546771009082
2020-07-30 00:00:00+00:00,230.88773096148336,225.87874260657486,229.98956298828125,2347800,227.4246225463668
2020-07-31 00:00:00+00:00,230.7322974928683,225.066952306058,229.28140258789062,3640600,228.858239183151
2020-08-03 00:00:00+00:00,231.94994644507693,229.43684737300953,229.8772735595703,2363500,230.35227811707048
2020-08-04 00:00:00+00:00,231.35409643799434,227.85643592226535,231.33680725097656,2224000,230.26593187459403
2020-08-05 00:00:00+00:00,231.7858477321438,229.62680832045257,230.9999542236328,1959900,231.7858477321438
2020-08-06 00:00:00+00:00,233.55627745251758,230.1795362459506,232.6322021484375,2203400,230.23999568202268
2020-08-07 00:00:00+00:00,237.42529521078967,233.01220424976566,234.59263610839844,2846300,233.70308642870373
2020-08-10 00:00:00+00:00,237.4944431194822,234.7308608755388,237.2612762451172,2393100,235.2663250313514
2020-08-11 00:00:00+00:00,241.26838338620894,236.9848556599256,237.42530822753906,3321300,239.81751491761628
2020-08-12 00:00:00+00:00,244.37739494146876,239.18705489213366,243.1769561767578,3867900,241.59655065893284
2020-08-13 00:00:00+00:00,244.10103455962226,241.58790906932654,243.24606323242188,2202400,242.81425527234632
2020-08-14 00:00:00+00:00,243.53969874237768,241.11294002292115,242.28744506835938,2490400,242.79700167343304
2020-08-17 00:00:00+00:00,249.77503363213688,244.89560824814055,248.92868041992188,5584400,245.61239796920714
2020-08-18 00:00:00+00:00,250.94944198154272,244.4377984893835,246.13047790527344,6934300,249.49857391077992
2020-08-19 00:00:00+00:00,248.69557881513975,243.47932915454928,244.28248596191406,4986800,248.25512608282105
2020-08-20 00:00:00+00:00,243.4619763478941,241.32884389086055,242.39971923828125,3530000,242.27882670976632
2020-08-21 00:00:00+00:00,244.87826575507523,240.4479385464428,244.6019287109375,5519100,241.78653258285254
2020-08-24 00:00:00+00:00,247.72819729535675,243.4705777302037,247.64183044433594,4430900,246.12185820385022
2020-08-25 00:00:00+00:00,248.27230149851184,245.17192366660157,247.10641479492188,2854500,248.0909231886331
2020-08-26 00:00:00+00:00,252.27952190083244,247.22736262525862,252.1154327392578,4001900,248.48826106214472
2020-08-27 00:00:00+00:00,252.99634605125058,247.47782654313005,249.26551818847656,3430900,252.36589681273765
2020-08-28 00:00:00+00:00,249.43816375435986,245.93188537973055,247.24459838867188,3100100,248.98909298341238
2020-08-31 00:00:00+00:00,247.59010719890117,244.2910872998825,246.16514587402344,4105400,246.13059384974034
2020-09-01 00:00:00+00:00,247.5814502748149,244.83515747919728,246.9423828125,3235100,245.29287294513355
2020-09-02 00:00:00+00:00,250.06777609478985,246.21309791314852,249.33851623535156,3464600,247.29831076846523
2020-09-03 00:00:00+00:00,249.77260556753217,236.289921886677,238.4256134033203,5380100,249.42531625244132
2020-09-04 00:00:00+00:00,240.28342487778207,229.7785880452634,234.11074829101562,5253500,239.22425631434675
2020-09-08 00:00:00+00:00,235.30893799985841,228.163885299644,233.7635955810547,5241200,231.8970078242772
2020-09-09 00:00:00+00:00,242.86191157242104,235.92524048674787,240.5178680419922,4754700,236.54163388061298
2020-09-10 00:00:00+00:00,243.93847890751002,235.421731135562,236.75003051757812,3156300,241.360012284249
2020-09-11 00:00:00+00:00,241.33402215962454,237.4098749166407,239.90151977539062,3729200,237.8613404901286
2020-09-14 00:00:00+00:00,245.2233635860364,241.36868552206354,243.6519775390625,3055800,241.82881469889367
2020-09-15 00:00:00+00:00,248.90439492714526,245.15389348545355,247.93202209472656,4174900,245.72688896913846
2020-09-16 00:00:00+00:00,248.80026579092043,243.6780656430048,244.50283813476562,3379100,247.9581394288704
2020-09-17 00:00:00+00:00,245.44906025915046,240.448391831194,243.0529022216797,3166600,241.2731640526277
2020-09-18 00:00:00+00:00,242.9400543562904,235.1091687242079,238.91175842285156,6072900,241.70726751452256
2020-09-21 00:00:00+00:00,236.92371117841486,231.3934696353355,236.44622802734375,3548000,236.02949667215577
2020-09-22 00:00:00+00:00,237.46189510905293,234.95289709752313,237.2795867919922,2972000,235.86446517727788
2020-09-23 00:00:00+00:00,240.15324726673055,229.79598267440258,231.4107666015625,4467600,239.11145887662988
2020-09-24 00:00:00+00:00,234.1455016688909,229.09274500234784,230.67282104492188,3095600,230.68148473025542
2020-09-25 00:00:00+00:00,234.53620303361842,229.1275189798475,233.14712524414062,2457700,229.36191542463015
2020-09-28 00:00:00+00:00,238.06964168454525,234.66640272318216,236.4287872314453,3061100,236.081524438111
2020-09-29 00:00:00+00:00,237.739752388433,235.36963792529042,236.23780822753906,2048900,237.3577553358872
2020-09-30 00:00:00+00:00,243.0181928731423,236.59371275719352,241.09951782226562,4778800,237.42717515259903
2020-10-01 00:00:00+00:00,243.0876727977371,239.4847715176614,241.02142333984375,2696900,242.60149957169793
2020-10-02 00:00:00+00:00,244.02533008446738,237.96551750712496,242.48867797851562,2943600,238.69477748085419
2020-10-05 00:00:00+00:00,245.18866374560162,242.8272395087132,244.9108428955078,2330700,243.8864083170482
2020-10-06 00:00:00+00:00,245.6921916967948,239.41531097162567,240.02304077148438,2992500,245.25810655245417
2020-10-07 00:00:00+00:00,246.5603203725089,243.087639803882,245.5098419189453,3423700,243.82558972360528
2020-10-08 00:00:00+00:00,247.38522008597252,244.10353631730626,247.0118865966797,2256200,246.42153695446675
2020-10-09 00:00:00+00:00,249.40791730356963,246.63845243137132,248.2272186279297,2240100,247.83653146629726
2020-10-12 00:00:00+00:00,250.31944121027834,248.34870487372532,249.08665466308594,2411900,249.50338579570553
2020-10-13 00:00:00+00:00,252.4377552106225,248.03615390238673,252.08180236816406,2699900,248.03615390238673
2020-10-14 00:00:00+00:00,252.02983075524287,247.55875895124697,249.24301147460938,2221000,251.34399528537094
2020-10-15 00:00:00+00:00,251.9863546104477,245.79629797384266,249.6336212158203,2699400,246.66446801556685
2020-10-16 00:00:00+00:00,254.06998396914116,249.38187055268048,249.73782348632812,3108600,250.25004068515284
2020-10-19 00:00:00+00:00,251.86486227439357,246.02209336102104,246.32595825195312,2428100,251.56102387791535
2020-10-20 00:00:00+00:00,251.58705927261582,246.67321257385498,248.3314208984375,2281500,247.55007298752528
2020-10-21 00:00:00+00:00,250.05041852864144,245.93529948434872,247.00315856933594,2304500,247.7671527282416
2020-10-22 00:00:00+00:00,248.01884616695008,243.65195130050347,244.0947265625,2787000,246.4995483794962
2020-10-23 00:00:00+00:00,245.85716945584863,242.6970165884188,245.6922149658203,1750600,245.15395357497297
2020-10-26 00:00:00+00:00,244.41594979093645,236.14228903276506,239.6497039794922,2911900,242.7751219273455
2020-10-27 00:00:00+00:00,242.8533091651994,239.7192003262213,240.3442840576172,3014100,240.4745043153127
2020-10-28 00:00:00+00:00,237.59215527415003,233.26865804947846,234.16287231445312,3255900,234.6230014703245
2020-10-29 00:00:00+00:00,237.61816010165214,232.07054060561865,234.08470153808594,2872500,234.1367896230249
2020-10-30 00:00:00+00:00,234.07609210357165,227.4866821412962,231.54971313476562,3872800,233.38156640184357
2020-11-02 00:00:00+00:00,238.55584701872115,233.12109216531712,235.04843139648438,2956400,234.53621407081036
2020-11-03 00:00:00+00:00,242.67964865481744,237.63558121174447,240.8043975830078,3037500,238.61661791312434
2020-11-04 00:00:00+00:00,249.19958306522074,239.62366676371147,245.44908142089844,3525300,240.27479441747082
2020-11-05 00:00:00+00:00,250.90125068153432,246.6298405694634,248.16651916503906,2516600,250.33694520899695
2020-11-06 00:00:00+00:00,248.97385176848772,245.56194920179504,246.76869201660156,2839100,248.93045385576784
2020-11-09 00:00:00+00:00,250.3976643485985,233.94582822382503,234.37991333007812,7856400,250.0156673355396
2020-11-10 00:00:00+00:00,239.43262139229947,233.7547819444515,239.2416229248047,4828500,236.82811128706882
2020-11-11 00:00:00+00:00,244.55488558745634,239.76259523287288,241.13429260253906,2987900,240.76098574493767
2020-11-12 00:00:00+00:00,246.29121249442838,237.73973050551533,239.82333374023438,3818600,245.69217292145942
2020-11-13 00:00:00+00:00,242.85328161634223,238.97255941049403,240.63076782226562,3939200,239.97964011319345
2020-11-16 00:00:00+00:00,244.2076860745928,239.96231963465726,242.7144317626953,5360200,242.37583255214102
2020-11-17 00:00:00+00:00,237.47059705036543,233.88504983536416,236.5503387451172,8532200,236.22912000576008
2020-11-18 00:00:00+00:00,239.07673806865787,233.53780739395614,234.2583770751953,5122200,234.84006282552096
2020-11-19 00:00:00+00:00,236.47223647053332,233.27737604525512,235.21337890625,3929400,234.77063005840014
2020-11-20 00:00:00+00:00,236.46349548219072,233.42490000903084,234.24098205566406,4111000,235.66479379470923
2020-11-23 00:00:00+00:00,237.60954697809225,234.0153089850238,235.62142944335938,3294200,234.41468642500254
2020-11-24 00:00:00+00:00,239.22427949250948,236.63714934509647,237.2795867919922,4773400,237.87862632821418
2020-11-25 00:00:00+00:00,238.5210895920804,235.45644962329268,237.8439178466797,3001700,237.42721307686622
2020-11-27 00:00:00+00:00,240.11850997974614,238.1911710139921,239.60629272460938,1625300,238.95516505367158
2020-11-30 00:00:00+00:00,241.14299149141647,236.07288010854975,240.83912658691406,4624100,238.93783150653218
2020-12-01 00:00:00+00:00,242.17613092442002,239.22433052429992,240.13592529296875,3942400,241.98513238669997
2020-12-02 00:00:00+00:00,239.27172554507362,235.30876018594589,236.64430236816406,4168600,239.14953282561945
2020-12-03 00:00:00+00:00,237.3687572675271,233.1875666584979,234.0604705810547,4168900,236.23399282376872
2020-12-04 00:00:00+00:00,234.57554154428325,229.41667482716568,230.43795776367188,7732800,233.47567379211912
2020-12-07 00:00:00+00:00,230.8830947859842,227.82793096083887,229.25950622558594,6379000,230.0101908359427
2020-12-08 00:00:00+00:00,229.13734612509433,225.8465069726618,228.45648193359375,5338100,228.45648193359375
2020-12-09 00:00:00+00:00,231.99172061472825,228.91910767277315,231.82586669921875,4550100,230.97914862911443
2020-12-10 00:00:00+00:00,232.25359998887853,228.79688057719474,231.1537322998047,4234300,230.5165027175935
2020-12-11 00:00:00+00:00,231.63382327364272,229.26826057982885,230.92677307128906,3454500,229.88801504285945
2020-12-14 00:00:00+00:00,234.46205421589406,231.5552685505285,231.82586669921875,4576800,232.31471751892883
2020-12-15 00:00:00+00:00,234.60174740682962,232.36711472793124,233.92088317871094,3754100,233.51061712850336
2020-12-16 00:00:00+00:00,236.33875897463471,233.51055852742465,235.32618713378906,4669600,234.40091102108659
2020-12-17 00:00:00+00:00,239.4637535417033,236.81885536639547,239.14952087402344,4247000,237.5695666929372
2020-12-18 00:00:00+00:00,240.6946096396693,235.9460083832459,236.07696533203125,9817000,239.69077507883162
2020-12-21 00:00:00+00:00,237.38624000476287,232.08770663164907,236.54823303222656,4339000,234.42708282575524
2020-12-22 00:00:00+00:00,236.87128379559442,234.38352800156122,235.7190704345703,3140100,235.73651892950642
2020-12-23 00:00:00+00:00,236.55694620169766,234.11282604779834,235.5181884765625,2337100,235.73641444169323
2020-12-24 00:00:00+00:00,236.87120533345308,235.16032103411123,236.48715209960938,1093900,235.19524465133875
2020-12-28 00:00:00+00:00,237.64808484770793,235.02063560556402,235.0293731689453,2633800,237.5782642573959
2020-12-29 00:00:00+00:00,236.08559719820158,231.38065871330141,232.35830688476562,2572100,235.66662034695392
2020-12-30 00:00:00+00:00,233.32721365541306,231.24972464467075,231.5465087890625,2511400,232.28845583058475
2020-12-31 00:00:00+00:00,232.14882151896006,230.08001673299805,231.86074829101562,2607900,231.8171137480738
2021-01-04 00:00:00+00:00,232.5765549076613,227.88032690298658,230.37684631347656,5002000,232.20121256322216
2021-01-05 00:00:00+00:00,232.65511804075365,228.92782729465202,232.23611450195312,3822600,229.27698359086023
2021-01-06 00:00:00+00:00,235.4833000427871,228.58736384223468,233.56292724609375,3949200,230.49902571348147
2021-01-07 00:00:00+00:00,234.61912673759966,232.34086017475045,232.41941833496094,3833200,233.02172420215635
2021-01-08 00:00:00+00:00,236.32133072421348,233.0653889219228,234.88975524902344,3757700,233.37091067713223
2021-01-11 00:00:00+00:00,238.62581361007082,233.29238180810145,236.7578125,3764400,233.47568422868238
2021-01-12 00:00:00+00:00,242.61496892821222,236.25149054771,241.20957946777344,4030900,236.65301897687
2021-01-13 00:00:00+00:00,244.8321383996967,239.1233384336144,239.21934509277344,3921400,242.93792488337536
2021-01-14 00:00:00+00:00,239.96126299297185,233.65018520753887,234.23501586914062,4641400,239.61210678081852
2021-01-15 00:00:00+00:00,241.26199899502683,233.9383201412364,240.56365966796875,5131700,234.48825403663167
2021-01-19 00:00:00+00:00,242.66737135956762,238.32029878620787,238.4687042236328,3615800,242.66737135956762
2021-01-20 00:00:00+00:00,241.97773034013457,236.99345554791347,239.4375762939453,3498400,238.52103767391293
2021-01-21 00:00:00+00:00,245.02417528535875,240.63346901893166,243.5838623046875,4397900,241.11355558654387
2021-01-22 00:00:00+00:00,248.84743335798325,242.5538036658324,247.9047088623047,4501900,243.76715287968887
2021-01-25 00:00:00+00:00,249.44977906600982,245.65266778571112,248.84747314453125,4025900,247.77381821930916
2021-01-26 00:00:00+00:00,249.34508648790006,245.89713078327216,246.6827392578125,2472200,249.14433556510545
2021-01-27 00:00:00+00:00,245.12018501609145,238.3726270957229,239.21934509277344,4337000,244.40439729922036
2021-01-28 00:00:00+00:00,246.9968991769569,239.98748138371403,242.7109375,3463000,241.0699004178414
2021-01-29 00:00:00+00:00,241.84675313666796,235.71023976660584,236.39984130859375,4079500,240.7556232583574
2021-02-01 00:00:00+00:00,237.99727411670122,233.28359776834213,235.7451934814453,3707800,236.7577653344718
2021-02-02 00:00:00+00:00,240.65094590368773,235.67538162084372,237.56959533691406,4111800,235.68411918674963
2021-02-03 00:00:00+00:00,240.67710254248186,236.30384478547577,239.32411193847656,2802700,237.33389179640454
2021-02-04 00:00:00+00:00,243.92437510446206,239.39399974212967,243.3831787109375,2976000,239.39399974212967
2021-02-05 00:00:00+00:00,245.94942678842415,242.50144551196576,243.41798400878906,2389900,244.66625690952276
2021-02-08 00:00:00+00:00,244.77973059606384,241.69838080351988,244.4392852783203,3475600,244.14250114021542
2021-02-09 00:00:00+00:00,244.58772431142566,241.4627129093779,241.59364318847656,2507800,244.11634866775304
2021-02-10 00:00:00+00:00,243.47915705829774,241.13978024420194,243.26966857910156,2410600,242.69354862239052
2021-02-11 00:00:00+00:00,244.6313678981863,240.9302631313349,241.8468017578125,2595300,242.60622404356565
2021-02-12 00:00:00+00:00,243.28712360403853,241.4278333844931,242.23965454101562,2392200,241.89920911426066
2021-02-16 00:00:00+00:00,243.21728475099164,239.9438942265224,240.3890838623047,2873500,241.80318430664818
2021-02-17 00:00:00+00:00,245.97563930103112,240.39776964408836,245.21621704101562,3536400,240.51998899756634
2021-02-18 00:00:00+00:00,248.49832311932073,244.2647330713727,247.0754852294922,3532000,245.1114510809623
2021-02-19 00:00:00+00:00,247.826198267979,243.92431600074303,244.09890747070312,4079900,246.9183705742393
2021-02-22 00:00:00+00:00,243.09507203652882,238.85277058741653,240.79061889648438,3995500,242.85065993623743
2021-02-23 00:00:00+00:00,235.3960489316956,224.84261543317245,233.27487182617188,12111000,235.1428992960972
2021-02-24 00:00:00+00:00,233.05667161571236,221.74384123567776,226.92889404296875,14512700,229.77457011024126
2021-02-25 00:00:00+00:00,227.7406330210422,222.33736881122894,222.80873107910156,6545400,226.7367988160495
2021-02-26 00:00:00+00:00,227.16455494623824,223.5594567432874,225.50604248046875,7871200,225.00848074906216
2021-03-01 00:00:00+00:00,229.11988253647266,225.61952849801614,228.36917114257812,4528900,225.9163127015355
2021-03-02 00:00:00+00:00,229.66977539056919,226.7542790147715,227.2082061767578,3740300,228.42152897294272
2021-03-03 00:00:00+00:00,227.39148979174146,223.47215939425624,224.6505584716797,4257500,226.3265458565268
2021-03-04 00:00:00+00:00,224.21412600658277,215.69460042166898,219.03781127929688,7154900,223.4634412951625
2021-03-05 00:00:00+00:00,221.89219809800053,215.24939800661483,221.2986297607422,6351800,220.19876217665092
2021-03-08 00:00:00+00:00,229.7745761191688,220.42576652222624,226.10836791992188,5037400,221.91842520611158
2021-03-09 00:00:00+00:00,233.56289993575433,228.51751652369688,231.28460693359375,6625300,229.33804831033882
2021-03-10 00:00:00+00:00,236.06303440724093,231.96101565199058,233.85830688476562,3798400,233.57724755112645
2021-03-11 00:00:00+00:00,237.84613446258757,234.70156702230418,236.15087890625,4371300,235.93128538426276
2021-03-12 00:00:00+00:00,240.50761027358234,234.31508358842362,239.88397216796875,4190500,234.92116386213618
2021-03-15 00:00:00+00:00,245.63730535704715,240.97314115102796,244.66232299804688,4355200,241.11368422009863
2021-03-16 00:00:00+00:00,248.1582457890021,243.8805681297984,247.77175903320312,4458900,244.66233396043518
2021-03-17 00:00:00+00:00,249.35281458594545,245.28593869043266,245.9710693359375,5908400,246.94607841176
2021-03-18 00:00:00+00:00,250.74940908338897,243.97715352892823,248.72036743164062,4808100,245.09267877977385
2021-03-19 00:00:00+00:00,253.9379119873047,248.07914599973262,253.9379119873047,13729200,249.14199776973592
2021-03-22 00:00:00+00:00,255.01825842995265,249.6338494500238,253.79733276367188,5564700,251.65409850627157
2021-03-23 00:00:00+00:00,257.7412658158396,253.7973752954617,254.7108917236328,4801200,254.3858708400513
2021-03-24 00:00:00+00:00,260.68385892865,253.84131732567775,257.1440124511719,4842000,254.07849548351143
2021-03-25 00:00:00+00:00,261.65005930848076,256.88926029017347,261.0351867675781,5373500,257.38993991869296
2021-03-26 00:00:00+00:00,267.0257494390395,260.02510618578845,266.8588562011719,5865900,261.1757742116003
2021-03-29 00:00:00+00:00,268.3871417968769,263.4506846321777,265.4446105957031,4642900,266.4108004675749
2021-03-30 00:00:00+00:00,268.5013910637981,263.54737503069884,267.7460021972656,5045400,264.96154447863313
2021-03-31 00:00:00+00:00,270.55680508854863,267.1487357893945,268.12371826171875,4744100,268.34331180656864
2021-04-01 00:00:00+00:00,271.0223602986222,266.9291599404148,270.3196716308594,3923900,269.5554903330573
2021-04-05 00:00:00+00:00,277.4344636359283,272.0675839692979,277.0391845703125,4697200,272.15542674008475
2021-04-06 00:00:00+00:00,277.5134406647938,275.04521225206014,275.61614990234375,3988600,275.4668145509315
2021-04-07 00:00:00+00:00,276.8108162066204,273.1128420861367,274.4655456542969,3799300,274.790539769993
2021-04-08 00:00:00+00:00,276.9074069113392,272.81418080421133,276.1871337890625,4035600,274.66756390608447
2021-04-09 00:00:00+00:00,280.48237074977726,276.46819544212343,280.4033203125,4607800,277.01278299170804
2021-04-12 00:00:00+00:00,282.2303348969113,278.7168390574867,281.7735900878906,3556800,279.07697559772924
2021-04-13 00:00:00+00:00,281.8701255872479,278.4444733893667,281.4309387207031,3635100,281.545131594939
2021-04-14 00:00:00+00:00,283.45129162243643,280.45603315978093,281.09722900390625,3440600,280.8249352169236
2021-04-15 00:00:00+00:00,284.06611916159795,281.12356118091367,283.48638916015625,3508200,281.2641042242187
2021-04-16 00:00:00+00:00,288.6951440416005,284.5404260958558,288.1768798828125,6213100,285.33095719686014
2021-04-19 00:00:00+00:00,288.8356903417332,285.85801662988297,287.0965270996094,4494300,286.7802985427762
2021-04-20 00:00:00+00:00,287.83438922919026,282.97698189537425,284.55804443359375,4462900,286.3499349678645
2021-04-21 00:00:00+00:00,288.0276358934945,284.4965818878386,286.3060302734375,3740100,285.43642174217604
2021-04-22 00:00:00+00:00,286.7275798117952,280.06072526541993,282.362060546875,4875000,286.5255709747145
2021-04-23 00:00:00+00:00,285.93713219673936,280.7107953509988,284.4966125488281,3405700,283.00336579123046
2021-04-26 00:00:00+00:00,284.593180710151,280.4823967555189,281.0708923339844,2848500,284.31209459209555
2021-04-27 00:00:00+00:00,283.2491863064814,281.4133883722547,281.59783935546875,3335800,281.51878893409133
2021-04-28 00:00:00+00:00,283.67966674443113,280.46481460602,280.824951171875,2713400,282.79252720985943
2021-04-29 00:00:00+00:00,286.16551223087265,282.028350822996,285.7702331542969,3261900,282.58173080786173
2021-04-30 00:00:00+00:00,286.2005169495329,282.4937785256125,284.3032531738281,3118700,285.51538647335053
2021-05-03 00:00:00+00:00,291.2863962583792,286.06885229118944,290.1005859375,3683700,286.5958820788967
2021-05-04 00:00:00+00:00,292.7005495729063,288.87961767851954,292.2964782714844,3954400,289.090418840413
2021-05-05 00:00:00+00:00,293.5965266528157,290.8823540509471,291.6640930175781,3227200,293.5965266528157
2021-05-06 00:00:00+00:00,296.7235811226991,292.70063915224773,296.52154541015625,3539600,293.08712593789755
2021-05-07 00:00:00+00:00,298.4802600872115,294.72082052393847,297.9883728027344,2998100,295.7309452400666
2021-05-10 00:00:00+00:00,303.6451576864253,298.24316210286753,299.6309814453125,4840600,299.04248578456196
2021-05-11 00:00:00+00:00,296.8904075996946,288.2911187615101,290.4431457519531,5500900,296.4951285832143
2021-05-12 00:00:00+00:00,288.8093517240584,277.8033269098769,278.4445495605469,5822000,286.8066601369924
2021-05-13 00:00:00+00:00,287.5972326544462,279.9290178302322,285.8404846191406,5159800,280.20131163123676
2021-05-14 00:00:00+00:00,287.50939075591384,282.7134493049002,284.2681884765625,3998000,286.6046665872453
2021-05-17 00:00:00+00:00,283.5654955366634,276.96013203331114,281.0885009765625,4388000,281.95808274735055
2021-05-18 00:00:00+00:00,285.0849808446928,276.49448668142605,278.2248840332031,7010300,281.07959870757696
2021-05-19 00:00:00+00:00,276.46824393545046,271.4790855537524,276.2047424316406,5242100,274.0527151957444
2021-05-20 00:00:00+00:00,280.824935209902,276.5911930353842,277.47833251953125,3854700,276.5911930353842
2021-05-21 00:00:00+00:00,280.4472060633343,276.20467209724126,277.3641052246094,3920600,278.4445147268074
2021-05-24 00:00:00+00:00,279.97286323540925,276.32761723802486,276.5472106933594,2930600,278.3039583360354
2021-05-25 00:00:00+00:00,278.53232020545744,276.0289496683002,278.2248840332031,3523300,277.1532669908969
2021-05-26 00:00:00+00:00,282.2918671557266,278.16349824223005,278.73443603515625,2881600,279.1560652452101
2021-05-27 00:00:00+00:00,281.4398444653599,278.70808711542776,279.9992980957031,3734800,278.70808711542776
2021-05-28 00:00:00+00:00,282.40600039532006,280.0695226110021,280.1222229003906,3194000,281.40464128525065
2021-06-01 00:00:00+00:00,282.1864323665118,276.8371380644659,277.8384704589844,3549800,281.659402619259
2021-06-02 00:00:00+00:00,279.88694942871047,275.85172523630035,276.5757751464844,3380100,278.56247971582
2021-06-03 00:00:00+00:00,276.3108895079283,273.45004329755983,274.9864196777344,2652500,274.6067447935499
2021-06-04 00:00:00+00:00,276.7700738017124,273.149850647572,274.6156005859375,2638700,275.58685696572326
2021-06-07 00:00:00+00:00,275.7811656272833,271.8519203095159,273.6885070800781,3974800,274.71276724023545
2021-06-08 00:00:00+00:00,275.74581820879285,272.8231567079775,274.5184631347656,2913500,274.84516140730244
2021-06-09 00:00:00+00:00,276.3550810055352,270.9865476922298,271.37506103515625,3603700,275.0041227278533
2021-06-10 00:00:00+00:00,273.4148186746154,270.31557643798476,272.23162841796875,3286300,271.648858241456
2021-06-11 00:00:00+00:00,274.8187187674825,272.26692028071653,274.4037170410156,2785100,273.0792468858765
2021-06-14 00:00:00+00:00,273.7767485609058,270.38610894227907,273.12335205078125,3393500,272.7789769518291
2021-06-15 00:00:00+00:00,272.79665264511374,267.97556295856833,270.5892028808594,5270600,272.6200458854101
2021-06-16 00:00:00+00:00,271.38382613907686,265.9270178600488,267.3486022949219,4492500,270.8010562821317
2021-06-17 00:00:00+00:00,269.4943202437207,264.92049027710715,267.6488952636719,4481100,267.58708019607707
2021-06-18 00:00:00+00:00,268.27581461118757,263.4812394447844,267.1985778808594,8792700,264.2317778706251
2021-06-21 00:00:00+00:00,272.59360866129595,269.1941299978612,271.60467529296875,3774200,269.5296667363465
2021-06-22 00:00:00+00:00,278.05929694743287,272.22278383571626,276.1167297363281,4418400,272.9556724888946
2021-06-23 00:00:00+00:00,276.9555163928852,274.2800880093098,275.1983947753906,2564500,275.5074162253573
2021-06-24 00:00:00+00:00,277.9973894159262,275.19835821351575,275.34844970703125,2649200,276.47866290497007
2021-06-25 00:00:00+00:00,278.5448269285521,275.092372345235,276.9289855957031,11733500,275.7016306214914
2021-06-28 00:00:00+00:00,278.377101803908,274.9334851077778,277.5029602050781,2635400,276.9555169029256
2021-06-29 00:00:00+00:00,282.818509567638,278.63319260060274,280.99957275390625,3150100,278.83628772023025
2021-06-30 00:00:00+00:00,282.8096835078365,280.5139300230675,281.5735168457031,3061500,280.7346750322489
2021-07-01 00:00:00+00:00,284.0458937850002,281.2291848796291,283.9134521484375,2578000,282.4741901561512
2021-07-02 00:00:00+00:00,285.30848909244634,283.74562421613996,284.9376525878906,2201600,284.7875341336775
2021-07-06 00:00:00+00:00,285.93537474448453,279.72802700412035,281.9001770019531,3109500,285.05239482724124
2021-07-07 00:00:00+00:00,286.4563460206809,281.0083482762352,285.6263427734375,2939900,281.2202548256905
2021-07-08 00:00:00+00:00,282.8449494898024,277.96207154838294,281.2644348144531,3663000,281.7324131001078
2021-07-09 00:00:00+00:00,285.47631524927397,282.71258301889156,284.3990783691406,2587400,283.0304698907162
2021-07-12 00:00:00+00:00,286.08557063149215,283.02162841137846,284.09002685546875,2521800,283.49844524076076
2021-07-13 00:00:00+00:00,285.4586671316747,279.75459582351505,279.9488525390625,3213800,284.7081285967678
2021-07-14 00:00:00+00:00,282.6066599017364,280.796561147036,281.8649597167969,3381600,281.44995791667867
2021-07-15 00:00:00+00:00,285.1671866297803,280.2224937021696,284.9464416503906,2603900,280.24017054622226
2021-07-16 00:00:00+00:00,288.0987695423172,283.78982199003474,283.9134521484375,3623700,286.085575827315
2021-07-19 00:00:00+00:00,281.67063888709174,278.0592536785039,281.55584716796875,3752600,280.77882040444035
2021-07-20 00:00:00+00:00,287.96621953524544,281.0259839806028,287.2774963378906,4251700,281.22907904451233
2021-07-21 00:00:00+00:00,290.0324438672133,286.9420138438847,288.1693420410156,2832600,289.26425557284034
2021-07-22 00:00:00+00:00,289.5909974815358,287.2599169785589,288.4342956542969,2208100,289.56450915520264
2021-07-23 00:00:00+00:00,294.4296534705685,289.56442568072765,293.8910217285156,2786400,290.91538382709916
2021-07-26 00:00:00+00:00,292.76086021330553,288.62852008891656,292.4253234863281,2752000,291.44522857517956
2021-07-27 00:00:00+00:00,293.04338273012894,287.9044330835378,288.9640197753906,2910300,292.9639177702013
2021-07-28 00:00:00+00:00,290.79179450076424,286.71243117070526,287.4276428222656,2376200,288.2223463874762
2021-07-29 00:00:00+00:00,290.11193807930476,287.35704449222465,289.1141662597656,2172400,288.2841628141179
2021-07-30 00:00:00+00:00,291.4804931512926,288.15166849998815,289.7851867675781,2381200,288.60199688929157
2021-08-02 00:00:00+00:00,291.3834557645739,288.22239861603595,288.92877197265625,2016400,291.3834557645739
2021-08-03 00:00:00+00:00,294.04123078225166,289.643979898533,293.096435546875,2405900,289.9265400159867
2021-08-04 00:00:00+00:00,293.0787468870462,290.8448084625302,291.6571350097656,1783700,291.99267173656773
2021-08-05 00:00:00+00:00,296.68124992441835,292.3458153303467,294.1294250488281,2284000,293.11400354104705
2021-08-06 00:00:00+00:00,296.42518380838294,290.6063493218401,291.2420959472656,2656600,295.52455398336724
2021-08-09 00:00:00+00:00,292.3282255582064,289.01705021283686,290.2885437011719,1995300,290.70354542231473
2021-08-10 00:00:00+00:00,294.2442118398533,288.8668675082504,292.690185546875,1868100,290.20901419550506
2021-08-11 00:00:00+00:00,298.9328169711708,294.38547614006774,297.564208984375,3258600,294.73866269023375
2021-08-12 00:00:00+00:00,298.5973721232863,293.3966067509688,294.9329833984375,2554200,297.8733220230077
2021-08-13 00:00:00+00:00,296.50465255633367,292.24870973222704,292.5489196777344,2217000,294.79166932000834
2021-08-16 00:00:00+00:00,296.35461180371277,289.59098108335434,295.84246826171875,3496300,292.0103379061679
2021-08-17 00:00:00+00:00,285.72354172446,279.5603306151561,283.21588134765625,9322800,283.4366263837807
2021-08-18 00:00:00+00:00,289.4938435026004,281.6706527278853,283.9222412109375,4880600,281.97086272919796
2021-08-19 00:00:00+00:00,287.1362589738493,280.6110240527769,285.1142272949219,2974700,281.485192547774
2021-08-20 00:00:00+00:00,291.1008241256316,284.7345462163256,290.7123107910156,2929900,284.8846646645948
2021-08-23 00:00:00+00:00,291.85130801678093,289.06992707608237,289.3877868652344,2792700,291.3833298073707
2021-08-24 00:00:00+00:00,290.35910035177227,286.5358093298175,286.8801574707031,2359500,290.28847381782896
2021-08-25 00:00:00+00:00,288.3459945841034,285.2997022990686,285.9796142578125,2586900,286.21800919673956
2021-08-26 00:00:00+00:00,286.9597156937265,283.4366334521742,283.8604736328125,2952300,285.3880120751817
2021-08-27 00:00:00+00:00,286.12963688581965,282.24453056479973,285.5380554199219,2985400,283.33060558452314
2021-08-30 00:00:00+00:00,290.9418697058977,287.15387848552183,288.8227233886719,2926900,287.77197517848276
2021-08-31 00:00:00+00:00,289.85586215165705,285.7500101549054,288.01043701171875,4183100,288.7344871469329
2021-09-01 00:00:00+00:00,289.11972057908883,284.23863988308744,287.2205505371094,3339100,288.9244762679123
2021-09-02 00:00:00+00:00,291.2496194524573,287.2737749896691,290.859130859375,3109000,288.45409704370707
2021-09-03 00:00:00+00:00,293.6635760836083,288.5695111395066,293.1665954589844,2774800,288.7203657487249
2021-09-07 00:00:00+00:00,295.13679568738314,290.1137160726454,291.93304443359375,2555200,293.77896870746287
2021-09-08 00:00:00+00:00,294.5776484488535,290.7615416782648,294.26702880859375,2219500,291.933007535776
2021-09-09 00:00:00+00:00,296.1751589064568,293.6369824565348,294.4356994628906,3011900,295.03919921036027
2021-09-10 00:00:00+00:00,297.5063265244083,294.1516938416524,294.5954284667969,3178600,296.41472959652447
2021-09-13 00:00:00+00:00,299.2102500676114,295.30539081239436,297.7015686035156,3908700,297.25783398170887
2021-09-14 00:00:00+00:00,299.5119949169614,295.0125463066926,295.6337585449219,2857200,298.2162973676252
2021-09-15 00:00:00+00:00,297.00934761995234,292.9536066227754,295.8556213378906,2875500,295.84673797864474
2021-09-16 00:00:00+00:00,299.82264194412727,296.565644596447,298.53582763671875,3043800,297.05374190556483
2021-09-17 00:00:00+00:00,301.4288686504696,297.2577802100513,297.8967590332031,7098400,297.2577802100513
2021-09-20 00:00:00+00:00,297.6483323282958,291.47152669113046,293.9386901855469,4036600,294.48891680119607
2021-09-21 00:00:00+00:00,299.050495115279,294.6397721417483,296.6099548339844,3171100,295.55386432740585
2021-09-22 00:00:00+00:00,300.8520700044714,295.9354828700106,298.1275329589844,2872800,298.05654733704137
2021-09-23 00:00:00+00:00,301.31358411880007,297.8347194317019,298.1098327636719,2426600,299.8226421100437
2021-09-24 00:00:00+00:00,299.8226130674594,297.7903008684071,299.5119934082031,2004900,298.8818978137662
2021-09-27 00:00:00+00:00,305.05863592236767,298.9617272158375,302.9908447265625,2966100,298.9617272158375
2021-09-28 00:00:00+00:00,302.9553303826958,295.04797724160113,296.2371826171875,3304100,302.9553303826958
2021-09-29 00:00:00+00:00,300.74555986414384,295.8467126602173,299.0149841308594,2424000,295.8467126602173
2021-09-30 00:00:00+00:00,300.5947165703221,290.7615687231471,291.3206787109375,4255000,300.17760491938424
2021-10-01 00:00:00+00:00,295.2876601425032,288.05476392073234,292.7406005859375,2814200,291.22303571664037
2021-10-04 00:00:00+00:00,293.40616387665625,287.68200408588433,289.7320556640625,2919900,291.5336169625648
2021-10-05 00:00:00+00:00,294.80844622594816,289.6078617395277,292.4034118652344,2514300,290.11372577021893
2021-10-06 00:00:00+00:00,293.44173038011627,288.7825163685234,293.1843566894531,2226800,291.2319404013107
2021-10-07 00:00:00+00:00,301.04742322069757,295.4031027733257,299.50323486328125,2789500,295.97109628798364
2021-10-08 00:00:00+00:00,297.6660903796404,293.6458554094985,296.71649169921875,2912200,295.52728605040704
2021-10-11 00:00:00+00:00,302.50277867232205,296.94723915948623,299.050537109375,2589100,297.8347084773069
2021-10-12 00:00:00+00:00,302.6713536990295,299.43209660129065,299.7870788574219,2960300,300.97631139474714
2021-10-13 00:00:00+00:00,301.95253643780677,298.6777726574622,300.2131042480469,2477400,299.3611413302847
2021-10-14 00:00:00+00:00,305.61776739906463,301.8282836238221,305.3337707519531,2824300,302.2098888839595
2021-10-15 00:00:00+00:00,311.45732933450984,306.8424786202338,310.97808837890625,3473500,307.5435868778043
2021-10-18 00:00:00+00:00,315.8947703478784,309.72684666544257,315.060546875,3487500,309.72684666544257
2021-10-19 00:00:00+00:00,317.79389151050407,314.53689421171583,317.70513916015625,2375600,316.7733071900411
2021-10-20 00:00:00+00:00,319.10726562749767,316.12535541633906,317.9180603027344,2574800,317.4831820340486
2021-10-21 00:00:00+00:00,323.79320851785576,317.8205298439644,323.5890808105469,2885400,317.89154256103535
2021-10-22 00:00:00+00:00,325.7278768371754,321.39702204405154,324.8049011230469,2734700,323.92631512679316
2021-10-25 00:00:00+00:00,329.83685487438066,324.80489184991796,329.48187255859375,2923400,325.8787492406978
2021-10-26 00:00:00+00:00,331.95786017630905,327.54713694641976,327.6536560058594,2989500,331.37215430815735
2021-10-27 00:00:00+00:00,332.9340723618296,327.7512553686655,330.42254638671875,2840300,328.24823596503666
2021-10-28 00:00:00+00:00,331.86022509931365,329.15345495191985,329.7569274902344,2553500,331.0260019090631
2021-10-29 00:00:00+00:00,332.9341105504454,328.3902719576243,329.9078369140625,3820200,328.6565019207137
2021-11-01 00:00:00+00:00,331.5318999346513,323.6600518848691,325.23974609375,3380500,331.02603595341657
2021-11-02 00:00:00+00:00,327.37857451033545,323.87305981954415,325.9586181640625,2367100,324.991279843289
2021-11-03 00:00:00+00:00,327.7957144927177,324.14822792595356,327.4496154785156,2378800,325.3729401430455
2021-11-04 00:00:00+00:00,331.2301377142746,327.8399988861382,330.29827880859375,3210000,329.0558273510966
2021-11-05 00:00:00+00:00,332.27739439714514,326.20710744270946,326.9436950683594,3090200,331.74490738358105
2021-11-08 00:00:00+00:00,330.94617854770274,326.45558607490165,327.1123046875,2357200,328.5588839738784
2021-11-09 00:00:00+00:00,331.8069647454632,327.2187373977945,328.9404296875,2183300,328.0707272680093
2021-11-10 00:00:00+00:00,329.43747267456564,326.3402134710494,327.1034240722656,2161400,326.81057111871877
2021-11-11 00:00:00+00:00,330.13855111443155,324.6628540891928,326.26031494140625,2387300,329.2510818910057
2021-11-12 00:00:00+00:00,331.4698174252314,325.4350364018602,330.6977233886719,2793300,327.5826971606331
2021-11-15 00:00:00+00:00,332.6856294422155,327.7335624076346,329.3221130371094,3650600,332.25966148946924
2021-11-16 00:00:00+00:00,350.0001142784611,336.35083338201406,348.1807861328125,8648200,339.01324103411446
2021-11-17 00:00:00+00:00,354.48183354799306,346.8318529998482,350.417236328125,4647000,348.6245311222806
2021-11-18 00:00:00+00:00,360.79182995082766,351.5177635663708,360.1794738769531,4503700,353.2128334290681
2021-11-19 00:00:00+00:00,363.95110281441777,358.635144204058,362.69976806640625,3542000,361.7590529367083
2021-11-22 00:00:00+00:00,369.6842629632075,362.70876625535266,362.78863525390625,4006400,363.6849609599525
2021-11-23 00:00:00+00:00,363.5784151320468,357.6590100871643,362.41583251953125,3557000,360.01968166743484
2021-11-24 00:00:00+00:00,366.30288704770874,357.5435709809066,365.7348937988281,2676300,358.23579582584944
2021-11-26 00:00:00+00:00,367.5365624661747,356.984539099708,357.3839111328125,3007800,361.4307691234909
2021-11-29 00:00:00+00:00,364.5812772011129,360.34805820163683,361.040283203125,3725500,361.11126883358395
2021-11-30 00:00:00+00:00,362.46903784138954,355.2095463057282,355.5290222167969,7773500,358.173690175422
2021-12-01 00:00:00+00:00,365.59006093912467,356.6519308600449,356.8301696777344,3516200,358.30943764377093
2021-12-02 00:00:00+00:00,365.99106472290777,357.3469992494279,363.3800048828125,3705000,358.0688201894848
2021-12-03 00:00:00+00:00,370.6517299652848,360.4214635847915,363.4156799316406,5237500,365.2336125396136
2021-12-06 00:00:00+00:00,374.8222492581701,366.4544617709438,370.44677734375,4624500,368.50407216501543
2021-12-07 00:00:00+00:00,372.99545923610555,368.05853730510853,370.8745422363281,4204500,371.60528337322125
2021-12-08 00:00:00+00:00,374.1449768657267,363.8344848811468,366.4811706542969,4079400,370.8744824771234
2021-12-09 00:00:00+00:00,370.0457916694148,363.8434664484474,366.5614318847656,3822900,366.080208791415
2021-12-10 00:00:00+00:00,370.36654455745594,365.5989690875011,370.1794128417969,2625200,367.3188621207391
2021-12-13 00:00:00+00:00,371.15966852384804,360.47491269913064,361.12542724609375,3766400,370.1794094584097
2021-12-14 00:00:00+00:00,361.5175612267475,354.74489380055974,358.4164123535156,4662800,359.530337022447
2021-12-15 00:00:00+00:00,363.5226123446816,355.912298865394,363.4156799316406,4421400,357.0083832944895
2021-12-16 00:00:00+00:00,364.36022753130277,354.7804772616874,356.0369873046875,4632800,363.9413908503027
2021-12-17 00:00:00+00:00,354.6557190070324,345.2452877706148,345.74432373046875,11097500,353.75565938156507
2021-12-20 00:00:00+00:00,347.6959605434744,339.43507878872697,347.009765625,4294800,342.4560551807614
2021-12-21 00:00:00+00:00,350.8951750830085,341.52036808447184,347.96331787109375,3038200,348.99704318097247
2021-12-22 00:00:00+00:00,352.68625985778857,346.528482828594,352.5704345703125,3267800,348.4355343568801
2021-12-23 00:00:00+00:00,356.31323436047165,351.6614848222825,353.84478759765625,2743900,354.93197893632635
2021-12-27 00:00:00+00:00,360.4214408694067,354.86071098290915,360.1006164550781,2228300,355.6003721188682
2021-12-28 00:00:00+00:00,362.71168019697063,359.129308301537,361.998779296875,2521400,360.9026676474375
2021-12-29 00:00:00+00:00,367.47931806177724,362.0790130040457,366.1158752441406,2209300,362.14139931747263
2021-12-30 00:00:00+00:00,368.43277044021147,363.94141909471347,365.31378173828125,1804400,367.01586169335684
2021-12-31 00:00:00+00:00,371.1864011537223,365.26924795833514,369.8318786621094,2386100,365.3583401679146
2022-01-03 00:00:00+00:00,372.3538344742093,359.3610287247677,364.1553649902344,3715700,371.22209676808876
2022-01-04 00:00:00+00:00,368.5843307180954,363.7543680861598,367.8981628417969,3266500,364.1553918864015
2022-01-05 00:00:00+00:00,369.1278175237257,362.5244703372631,362.90765380859375,4443200,368.9317657391393
2022-01-06 00:00:00+00:00,364.5385067650195,359.14709551183574,361.5888366699219,3315100,364.08401683647986
2022-01-07 00:00:00+00:00,360.1006595288115,350.1109905123319,350.7615051269531,4520700,359.45011771876324
2022-01-10 00:00:00+00:00,345.39685838013605,339.44405127464574,345.281005859375,6440000,345.2275396490895
2022-01-11 00:00:00+00:00,349.1841728168205,342.4828121393202,344.5769958496094,4385400,345.8245859763481
2022-01-12 00:00:00+00:00,350.61889743483107,344.31853373940595,347.009765625,3623300,346.02061369194865
2022-01-13 00:00:00+00:00,351.3852828137289,343.85514168737836,344.8532409667969,3466300,349.78124227808513
2022-01-14 00:00:00+00:00,340.4242530159292,331.0583669600948,331.5039367675781,6336200,339.8182574092305
2022-01-18 00:00:00+00:00,328.0195935528414,320.8370100827384,326.7987365722656,6435200,326.2462343353999
2022-01-19 00:00:00+00:00,328.56320415424005,320.28450908214484,320.5340270996094,5175100,327.20865446335455
2022-01-20 00:00:00+00:00,322.45886685088084,311.02553065443226,311.5245666503906,5440600,321.9954568579037
2022-01-21 00:00:00+00:00,320.89044754000264,309.3858323187843,311.0968322753906,7718400,313.43161361965775
2022-01-24 00:00:00+00:00,324.7134614851469,306.20447403597194,324.20550537109375,8584300,306.35597973847706
2022-01-25 00:00:00+00:00,322.1647811751256,313.85046060153445,319.90130615234375,5536700,319.15275214535023
2022-01-26 00:00:00+00:00,326.06800272945804,315.86446973397767,318.3863830566406,6103300,320.81028406853096
2022-01-27 00:00:00+00:00,324.4818348442172,315.38330467418,317.62896728515625,3941000,321.1935266523482
2022-01-28 00:00:00+00:00,326.79867372722754,314.4296532976582,326.6382751464844,4551300,320.9617209661386
2022-01-31 00:00:00+00:00,327.4136400866526,322.77970277348976,327.03045654296875,4084600,325.0966714300712
2022-02-01 00:00:00+00:00,330.33653043414864,322.9222426611635,328.56317138671875,3406800,329.2493390674589
2022-02-02 00:00:00+00:00,333.8832972073044,327.725519099277,333.0456237792969,3839300,328.2780213187238
2022-02-03 00:00:00+00:00,331.61090887728767,323.6619577894127,325.0966796875,4009700,329.8910157413631
2022-02-04 00:00:00+00:00,324.97187207199363,315.6861859833644,320.51617431640625,3728100,323.929226831201
2022-02-07 00:00:00+00:00,322.4143470293492,316.7467113371843,318.44879150390625,2809300,321.0420114105606
2022-02-08 00:00:00+00:00,323.46586848646876,316.1763257392261,322.093505859375,3225100,318.4487480834651
2022-02-09 00:00:00+00:00,327.4581468846166,323.48367191873547,324.70452880859375,2777500,325.5422022007664
2022-02-10 00:00:00+00:00,323.4837020283202,314.4564527692096,316.4347839355469,4291800,319.7765577168312
2022-02-11 00:00:00+00:00,318.4398106881414,310.6156063511668,312.15728759765625,3308700,316.0782962666679
2022-02-14 00:00:00+00:00,314.49216777191424,309.0740222536988,313.28912353515625,3654300,310.1166678443371
2022-02-15 00:00:00+00:00,318.5112531241346,313.12876020754106,314.8041076660156,3552500,316.85371867431695
2022-02-16 00:00:00+00:00,314.4474503696061,308.0847288969764,311.97900390625,3594900,313.2355137825976
2022-02-17 00:00:00+00:00,313.95744780067554,309.5730553951245,310.06317138671875,3927000,310.9988572599177
2022-02-18 00:00:00+00:00,312.43354912056355,306.6411417220193,309.1095886230469,5526100,310.46413821977677
2022-02-22 00:00:00+00:00,300.0377921121595,278.3474576552887,281.7516174316406,19752800,298.61196332251984
2022-02-23 00:00:00+00:00,285.5211107453727,273.6689654273699,274.87200927734375,11026000,284.5586919826464
2022-02-24 00:00:00+00:00,279.3187722287344,266.7091535092828,279.1405334472656,8416700,267.3418549512833
2022-02-25 00:00:00+00:00,282.88335971260835,274.08781612130434,282.1793518066406,6510600,279.08709627498143
2022-02-28 00:00:00+00:00,281.6713932988305,276.6810332863663,281.4486083984375,5735100,278.8999621917449
2022-03-01 00:00:00+00:00,287.3301596592975,279.6039938856204,285.3874816894531,5640900,280.343627851881
2022-03-02 00:00:00+00:00,295.1365514463704,284.87952507389826,291.7323913574219,5645600,286.1093021779474
2022-03-03 00:00:00+00:00,294.682058040604,287.68660622781965,289.050048828125,3858400,293.35426864163503
2022-03-04 00:00:00+00:00,291.09969785992183,284.7280544397503,288.9609680175781,3630900,287.1341153141024
2022-03-07 00:00:00+00:00,293.7196163472777,285.2626830864331,287.63311767578125,4670000,288.96093416700944
2022-03-08 00:00:00+00:00,292.7304740926174,281.555601730643,282.25958251953125,5092500,284.9419217441942
2022-03-09 00:00:00+00:00,289.091029727208,284.12434240155255,284.3753662109375,4443600,286.8856043047871
2022-03-10 00:00:00+00:00,285.32571056816045,276.79981912523186,285.038818359375,3895200,281.82926991262525
2022-03-11 00:00:00+00:00,288.4904004105926,283.50576484277724,284.0078125,2973300,286.24013252442063
2022-03-14 00:00:00+00:00,290.47165477060054,283.4877761510926,285.415283203125,3604200,289.4944540299802
2022-03-15 00:00:00+00:00,296.01214460523295,287.1814416681856,294.5418701171875,3775300,287.1993895284762
2022-03-16 00:00:00+00:00,299.39198539540797,290.67783550129747,296.66656494140625,3942400,297.26721625543684
2022-03-17 00:00:00+00:00,301.5526428222656,293.9143228205446,301.5526428222656,3123200,295.07981210088514
2022-03-18 00:00:00+00:00,305.4793701171875,297.92173401196004,305.4793701171875,9409600,299.10514370119273
2022-03-21 00:00:00+00:00,305.4345654279835,293.2329473802867,295.2859802246094,4521200,303.05879939916167
2022-03-22 00:00:00+00:00,297.0163071812591,290.4807127565855,295.6087951660156,4852800,295.2412196207771
2022-03-23 00:00:00+00:00,294.2280305972075,283.1650098072231,284.2408142089844,5207700,293.07151555774135
2022-03-24 00:00:00+00:00,286.34765302539364,281.7754087985193,283.1022644042969,4599900,284.33048886879084
2022-03-25 00:00:00+00:00,285.8097464695252,276.39631343050354,278.530029296875,5176500,285.5228816844441
2022-03-28 00:00:00+00:00,281.8203006373276,277.2301351047324,281.7575378417969,3936600,278.8169613375066
2022-03-29 00:00:00+00:00,287.782100106227,280.5382511822497,284.8325500488281,5306100,284.1153470359936
2022-03-30 00:00:00+00:00,282.6182139852802,274.42405692736133,276.5398254394531,7223800,280.7086270216693
2022-03-31 00:00:00+00:00,276.0915345032486,267.96014119263555,268.3545837402344,11044600,274.52262880514866
2022-04-01 00:00:00+00:00,271.9765171474279,267.9690827168015,270.6496887207031,5554600,269.4035162285293
2022-04-04 00:00:00+00:00,274.7647124009067,268.5697727609659,273.95782470703125,4659500,270.29107115959874
2022-04-05 00:00:00+00:00,277.11363165228136,270.93661145278475,273.3123779296875,4376100,274.56752462047336
2022-04-06 00:00:00+00:00,269.5469444362727,264.4636783691439,267.6463317871094,6499900,267.24288798385373
2022-04-07 00:00:00+00:00,273.070335208456,263.20864006610856,271.4207458496094,5241000,266.0775077786115
2022-04-08 00:00:00+00:00,279.9734387151313,270.1027729556605,278.91552734375,5741900,270.26413952840744
2022-04-11 00:00:00+00:00,281.6589249529593,274.27160188777106,274.9798583984375,4100600,275.9570592247778
2022-04-12 00:00:00+00:00,280.8700142406489,273.5275327072205,274.5943908691406,4122600,277.41841591441005
2022-04-13 00:00:00+00:00,279.4445078260436,274.08332347755254,278.2969665527344,3185300,274.4329510657465
2022-04-14 00:00:00+00:00,279.9375663613539,272.8371363068809,273.0074768066406,4569200,278.6644995778138
2022-04-18 00:00:00+00:00,274.59430388642653,267.8076610524533,269.1434631347656,3192400,271.6447541754678
2022-04-19 00:00:00+00:00,276.24395571101047,268.7849231651184,275.9480895996094,3389700,269.50212625780085
2022-04-20 00:00:00+00:00,283.38912184115816,277.69623155765726,282.5284729003906,4720800,278.8168781741127
2022-04-21 00:00:00+00:00,285.4512038840357,277.6873580348647,278.2431945800781,3014200,284.19608469169145
2022-04-22 00:00:00+00:00,277.7590684641706,268.75802477788756,269.0538635253906,4043200,277.7590684641706
2022-04-25 00:00:00+00:00,273.58126813637057,265.6112148787902,273.384033203125,4396900,268.9552348144176
2022-04-26 00:00:00+00:00,275.7329733820139,268.7042781072363,268.91943359375,3415200,270.9724667260618
2022-04-27 00:00:00+00:00,274.7108687938894,268.1662754761472,270.3896484375,3446200,270.120676806625
2022-04-28 00:00:00+00:00,281.9906700299242,271.6538225927443,279.49835205078125,4149500,273.213754552773
2022-04-29 00:00:00+00:00,279.4624587774007,268.6952739772639,269.3138732910156,4878200,276.2618844774759
2022-05-02 00:00:00+00:00,276.83561721839845,268.87453828252296,275.2039489746094,4233900,270.73928244718195
2022-05-03 00:00:00+00:00,277.0239160110114,271.6627313468642,273.4019775390625,3336600,274.05644518360515
2022-05-04 00:00:00+00:00,283.0753780604444,271.5820180603149,282.680908203125,4021300,272.61300763122387
2022-05-05 00:00:00+00:00,279.13975204805223,263.31621931518896,268.15740966796875,4959600,278.8170187923237
2022-05-06 00:00:00+00:00,266.04163138548,259.46119465390166,263.8541259765625,4325300,265.6381874707303
2022-05-09 00:00:00+00:00,269.6186440371415,258.64527941260934,266.2925720214844,5243600,260.241079348919
2022-05-10 00:00:00+00:00,269.91455224523304,257.8922483092341,261.0300598144531,4392900,267.5746271529491
2022-05-11 00:00:00+00:00,262.9754869559259,253.32897650039263,253.67860412597656,3880500,261.2900569051514
2022-05-12 00:00:00+00:00,262.8410264256451,251.5897413600196,259.7121887207031,4447700,252.4324701024787
2022-05-13 00:00:00+00:00,268.43526438835465,258.6004669601235,265.39605712890625,3949100,259.9452431224548
2022-05-16 00:00:00+00:00,268.56980863351504,259.80186679563593,265.3602600097656,4267900,263.64790795355043
2022-05-17 00:00:00+00:00,278.76317817666813,260.7969582345341,269.8069763183594,12425900,274.78263793752086
2022-05-18 00:00:00+00:00,264.867147860924,252.08279880907511,255.6688690185547,7799500,262.6796428443779
2022-05-19 00:00:00+00:00,262.2313255356696,255.47157703896826,257.9818420410156,5211500,255.95570406985868
2022-05-20 00:00:00+00:00,260.43844984221056,250.6574362741121,257.4709777832031,5621800,259.8288242367561
2022-05-23 00:00:00+00:00,260.2948965715487,251.3118007636722,256.430908203125,4305600,259.17424965821135
2022-05-24 00:00:00+00:00,259.38048541199925,251.6076655776136,258.1253662109375,4241900,254.61100508841798
2022-05-25 00:00:00+00:00,264.9119108345564,256.09915706150497,263.19061279296875,4612900,256.23362919607604
2022-05-26 00:00:00+00:00,274.00264265498123,266.26569240062815,271.4744567871094,4170800,266.552584561424
2022-05-27 00:00:00+00:00,276.57569380596834,270.389727520143,276.5398254394531,3899300,272.1289739422409
2022-05-31 00:00:00+00:00,276.010912301974,269.69941975019753,271.4207458496094,5966600,274.872344621341
2022-06-01 00:00:00+00:00,273.34227788757806,267.9743003604989,268.11865234375,3080800,272.22355690046305
2022-06-02 00:00:00+00:00,276.09402855703974,266.9459415088402,275.9496765136719,4086400,269.5802905863767
2022-06-03 00:00:00+00:00,278.2862790543617,272.36798377536894,275.2369079589844,2956600,273.65809384423375
2022-06-06 00:00:00+00:00,277.5194112476286,273.5859220065982,274.163330078125,2562000,275.6699543624131
2022-06-07 00:00:00+00:00,272.8010457244001,263.97773118278707,272.2507019042969,3547800,266.19708507716405
2022-06-08 00:00:00+00:00,271.17708181392186,266.756408099389,268.4254455566406,3003100,270.45534928056884
2022-06-09 00:00:00+00:00,276.86078198976276,268.26301454836437,270.5274658203125,4168400,268.6329113572282
2022-06-10 00:00:00+00:00,267.4962123658024,260.40509496009025,260.9463806152344,4623900,262.98531502405194
2022-06-13 00:00:00+00:00,258.76313140467147,253.76504925389546,255.46115112304688,4704600,256.54375000618603
2022-06-14 00:00:00+00:00,258.3661346500766,249.53379083131833,251.41033935546875,3987000,255.50621390788754
2022-06-15 00:00:00+00:00,255.84903724108835,248.52334536210023,252.36663818359375,4050400,253.51239604053723
2022-06-16 00:00:00+00:00,249.10076155668938,243.34487963496719,246.70999145507812,6181000,248.02719331148722
2022-06-17 00:00:00+00:00,249.56086216415346,243.9403021016445,244.24703979492188,10775600,244.4906183222017
2022-06-21 00:00:00+00:00,247.12500250436332,241.26083618742445,242.86671447753906,5498400,246.91749132304773
2022-06-22 00:00:00+00:00,245.1852734685355,238.63547007130052,242.668212890625,4678400,240.33157166437
2022-06-23 00:00:00+00:00,248.63159603342538,243.4891904176843,248.47824096679688,3747500,243.58841692758185
2022-06-24 00:00:00+00:00,255.73182841392347,247.12505462747924,255.31683349609375,10310700,250.32778127854132
2022-06-27 00:00:00+00:00,257.12114168926325,253.95448302863883,255.037109375,2538600,256.6339570801676
2022-06-28 00:00:00+00:00,257.66246963009587,243.42607828086096,243.72378540039062,4052100,256.0204963391951
2022-06-29 00:00:00+00:00,249.14592455433115,242.51489891029567,247.07992553710938,2460500,245.0139265198876
2022-06-30 00:00:00+00:00,249.93978942941527,241.82017480523368,247.44073486328125,4058000,244.24703960104773
2022-07-01 00:00:00+00:00,253.28691015028824,247.69338589449833,251.78025817871094,2818300,248.7579786943262
2022-07-05 00:00:00+00:00,255.9753875732422,248.12641527438277,255.9753875732422,3241300,248.55044072100773
2022-07-06 00:00:00+00:00,257.9511816882497,253.07939023142364,255.84005737304688,2206100,257.11213380612173
2022-07-07 00:00:00+00:00,258.8984221176204,253.9184017682211,258.64581298828125,3133900,255.1724168106201
2022-07-08 00:00:00+00:00,259.81866007803364,256.1377799075815,258.4473571777344,1891000,258.0143011149559
2022-07-11 00:00:00+00:00,261.26210993626694,257.2474284207917,258.3751525878906,2453200,257.2834957708625
2022-07-12 00:00:00+00:00,264.915987177106,255.68668148278354,257.2294006347656,2696100,260.70279702718796
2022-07-13 00:00:00+00:00,261.44259333159437,252.3937344522324,259.087890625,2941600,254.08080563667295
2022-07-14 00:00:00+00:00,261.89369654699766,254.0988523984112,261.1629333496094,2822200,254.279299312573
2022-07-15 00:00:00+00:00,266.548969093507,262.48916096569326,263.80633544921875,2647200,265.97156094425225
2022-07-18 00:00:00+00:00,269.29149413644217,263.43635920956086,264.3836364746094,2664000,268.17280059945875
2022-07-19 00:00:00+00:00,270.66290152837837,264.6182873981787,270.50048828125,2614900,266.539934286901
2022-07-20 00:00:00+00:00,273.9828940364943,269.10209964689716,272.7288513183594,2533400,271.49286981088346
2022-07-21 00:00:00+00:00,275.3902787505603,269.6343694201503,275.16473388671875,1965000,273.22505356414763
2022-07-22 00:00:00+00:00,280.280120465118,274.5873424276936,276.5992126464844,2391500,277.5645513298728
2022-07-25 00:00:00+00:00,277.3570286137027,274.1091770063441,276.2022399902344,1910500,276.7886511408734
2022-07-26 00:00:00+00:00,271.2312526869141,266.96393382536843,269.0118713378906,2690200,267.94730615687905
2022-07-27 00:00:00+00:00,270.9334862941828,263.2469279197421,269.6704406738281,3233700,269.038904097486
2022-07-28 00:00:00+00:00,271.7725642483037,264.4919960592705,270.320068359375,3992100,266.1429725544485
2022-07-29 00:00:00+00:00,271.9529818251519,268.3352333376343,271.50189208984375,3236000,270.6538411848779
2022-08-01 00:00:00+00:00,278.27724672334745,270.66285039076945,275.9045104980469,3303900,271.2312278174938
2022-08-02 00:00:00+00:00,275.715015307372,270.6628330214382,271.2943420410156,3091000,275.52556535473167
2022-08-03 00:00:00+00:00,277.9344731532748,270.96061500455505,276.4007568359375,3329400,273.67618438328645
2022-08-04 00:00:00+00:00,279.64855842673865,274.65950729068726,277.1224670410156,2718400,274.7497307399626
2022-08-05 00:00:00+00:00,279.4771278991071,274.7136218626828,279.39593505859375,2029100,275.5075441241418
2022-08-08 00:00:00+00:00,284.90830818428196,280.0726387180522,281.4529724121094,2505100,281.3537183387659
2022-08-09 00:00:00+00:00,279.6395084811829,273.64002120578954,275.3541564941406,2607000,278.6741974844615
2022-08-10 00:00:00+00:00,282.3641168796824,278.8185309337542,281.1010437011719,3863400,279.22452267432254
2022-08-11 00:00:00+00:00,283.8436538301731,279.296662339079,280.298095703125,2444100,283.13995506043585
2022-08-12 00:00:00+00:00,284.123378147078,279.83802560020894,284.0873107910156,2273800,282.0303151374789
2022-08-15 00:00:00+00:00,284.8722147557507,279.81097331911906,283.8346862792969,3917300,281.51610583169037
2022-08-16 00:00:00+00:00,300.40774050308335,282.27392700548205,295.35552978515625,10089800,282.36415046215336
2022-08-17 00:00:00+00:00,297.26815508242817,292.36932684315474,293.8940124511719,3162600,295.99607864147305
2022-08-18 00:00:00+00:00,295.86078742802863,290.70031888912604,293.3978271484375,2899600,293.1722822429476
2022-08-19 00:00:00+00:00,294.39920288577764,288.4899110059318,289.8883056640625,3489100,293.18125512944823
2022-08-22 00:00:00+00:00,288.4628123820173,281.2183134077032,281.6694030761719,3144200,286.9742219825363
2022-08-23 00:00:00+00:00,281.0468785532248,275.7420875298482,276.8788146972656,3317500,280.76720517984756
2022-08-24 00:00:00+00:00,279.65761885715096,273.8565835912659,277.97052001953125,2495600,275.2098528777304
2022-08-25 00:00:00+00:00,279.6394974880883,275.91349244907855,279.47711181640625,2529700,278.4486416967582
2022-08-26 00:00:00+00:00,281.0379268911764,268.86750749213275,268.939697265625,3315500,279.946269942676
2022-08-29 00:00:00+00:00,270.3922367932608,265.50243884110256,267.3338623046875,2711800,267.55940720184003
2022-08-30 00:00:00+00:00,270.56367419286704,263.1387532209476,264.4288635253906,2892400,269.354756753843
2022-08-31 00:00:00+00:00,265.58201342322354,261.7772153926824,261.90435791015625,4376200,265.16431090232487
2022-09-01 00:00:00+00:00,266.59000861365064,260.3606890496196,266.3993225097656,3742500,261.8862333046506
2022-09-02 00:00:00+00:00,269.51400189945076,263.44812712601697,265.0644836425781,2753600,268.8874340862691
2022-09-06 00:00:00+00:00,267.4253854512083,260.8509977463162,262.92138671875,4110000,266.26306230373615
2022-09-07 00:00:00+00:00,270.3312100890042,263.6115007422995,270.1223449707031,3016000,263.7386432609097
2022-09-08 00:00:00+00:00,272.5922652892727,267.4616992391463,272.32891845703125,2703200,268.7874675019332
2022-09-09 00:00:00+00:00,274.6808165636148,270.9032594883197,272.21087646484375,2769200,271.9475573339377
2022-09-12 00:00:00+00:00,274.98959240338434,269.10534293372945,270.1859436035156,3632900,273.14621968056775
2022-09-13 00:00:00+00:00,267.0439642429864,251.82480107858387,252.3787078857422,4797200,265.1642891968217
2022-09-14 00:00:00+00:00,253.8407277219715,248.05635286790678,250.93490600585938,4194400,253.7135852051056
2022-09-15 00:00:00+00:00,252.45143626810733,245.66818217347654,246.5762481689453,3896100,252.34247278256706
2022-09-16 00:00:00+00:00,251.13466294062053,244.17887593313696,250.59890747070312,9535100,244.31508025396892
2022-09-19 00:00:00+00:00,255.37533204056376,248.3650635838788,254.63980102539062,3047200,248.42860712309184
2022-09-20 00:00:00+00:00,253.15063315221752,246.4218609055102,248.96446228027344,2940700,251.4253133301841
2022-09-21 00:00:00+00:00,254.37652768770974,246.54900336552063,246.60348510742188,3173500,250.6262107523189
2022-09-22 00:00:00+00:00,246.28566144764886,243.22548346381174,244.3968963623047,3515800,246.28566144764886
2022-09-23 00:00:00+00:00,246.35829304392496,241.83614213026712,246.03140258789062,3527900,243.26181239146945
2022-09-26 00:00:00+00:00,248.41046781306906,241.19133391522917,242.07215881347656,4181800,246.47628330471366
2022-09-27 00:00:00+00:00,248.52851846797367,242.4354050170344,243.98818969726562,3701000,244.59657823383864
2022-09-28 00:00:00+00:00,257.43669551916435,247.63865620901183,256.24713134765625,5816600,249.91791059978198
2022-09-29 00:00:00+00:00,253.132402151966,249.47289850748484,252.74191284179688,4518600,252.90538572808512
2022-09-30 00:00:00+00:00,255.88392315275806,249.50022034975817,250.5717315673828,4789100,252.2789000629745
2022-10-03 00:00:00+00:00,259.76136972507203,253.84985092455898,257.61834716796875,3580000,255.16655777008484
2022-10-04 00:00:00+00:00,264.52865991141897,260.2153471342751,262.9395446777344,3641300,261.0689312481833
2022-10-05 00:00:00+00:00,265.25512150361084,259.1347660956962,263.2029113769531,2728000,259.93386853594063
2022-10-06 00:00:00+00:00,266.03612720905187,261.3141723903527,263.6933288574219,2641500,262.93961847349414
2022-10-07 00:00:00+00:00,262.09509774802063,256.4560155670329,258.18133544921875,2406000,261.09621959139446
2022-10-10 00:00:00+00:00,258.6716931620545,254.45828091360136,256.4923400878906,2115400,257.4912183295426
2022-10-11 00:00:00+00:00,259.88850884200906,255.07574225635642,256.8828125,2771900,255.2573665471267
2022-10-12 00:00:00+00:00,258.4719068701121,254.70341098528326,254.73065185546875,2258200,258.2721312514271
2022-10-13 00:00:00+00:00,258.6443480009259,244.02451201255772,256.8282165527344,3881600,249.4093351055735
2022-10-14 00:00:00+00:00,260.2880200290162,250.5807934472995,251.0166473388672,2783100,260.2880200290162
2022-10-17 00:00:00+00:00,257.77268785524734,253.65915003368826,255.40264892578125,3426700,253.89525605865262
2022-10-18 00:00:00+00:00,263.2120078899079,257.1915533493635,258.8533020019531,3166500,261.47762614770875
2022-10-19 00:00:00+00:00,256.7738207719249,247.92017699855677,250.16310119628906,4323000,256.50141204830396
2022-10-20 00:00:00+00:00,252.4422983204912,243.2435871168402,244.68740844726562,3959500,249.66361912428079
2022-10-21 00:00:00+00:00,250.36286233896953,243.36168142740704,250.1994171142578,3429100,243.67042053363173
2022-10-24 00:00:00+00:00,258.3175019552915,251.5070078562614,257.21875,2937100,251.5070078562614
2022-10-25 00:00:00+00:00,265.27330468603844,259.26191266060704,263.5752258300781,2791600,259.26191266060704
2022-10-26 00:00:00+00:00,265.0371243147176,259.8611665907568,263.4752502441406,2615000,263.88389088296407
2022-10-27 00:00:00+00:00,267.2165809776267,262.83972376911896,264.30169677734375,3041500,265.0190767012181
2022-10-28 00:00:00+00:00,271.6569395158509,263.3390543362092,271.1938171386719,3243100,263.3390543362092
2022-10-31 00:00:00+00:00,271.76591917585324,265.6546266430307,268.905517578125,4210900,267.34364336456395
2022-11-01 00:00:00+00:00,274.42667300818016,266.3812199401868,268.8420715332031,3309100,272.75583455931434
2022-11-02 00:00:00+00:00,272.57412716398085,261.99513827751554,262.18585205078125,4426400,268.0610389668375
2022-11-03 00:00:00+00:00,259.6614641719539,254.72158328811662,255.6205596923828,4823900,257.50026282127845
2022-11-04 00:00:00+00:00,262.2857637200269,251.98829924912124,257.91796875,4401600,259.60698581465266
2022-11-07 00:00:00+00:00,264.88281423383796,256.83733655347106,263.5842590332031,3260200,260.16086082345845
2022-11-08 00:00:00+00:00,266.37205703550796,261.1870083257086,264.37432861328125,3371800,265.5457137123605
2022-11-09 00:00:00+00:00,265.60922584433916,259.9429045608227,260.3878479003906,3071400,262.43099579150095
2022-11-10 00:00:00+00:00,285.80469020066204,269.76824096574535,283.044189453125,7794000,270.3675678642434
2022-11-11 00:00:00+00:00,288.4744202700207,281.7184065437089,285.986328125,4945400,283.3166116825715
2022-11-14 00:00:00+00:00,286.930625725991,278.1768585922732,278.70355224609375,6394800,285.4595359326067
2022-11-15 00:00:00+00:00,287.52094253272554,275.3710149968859,283.2530212402344,9290400,276.1065462412551
2022-11-16 00:00:00+00:00,287.32114430548216,276.51516527829125,285.95904541015625,5249500,277.7410321145062
2022-11-17 00:00:00+00:00,284.8421031696841,278.00436809176665,282.80804443359375,3642100,283.31655911761635
2022-11-18 00:00:00+00:00,286.9488447111471,281.7365549440358,284.3880920410156,3559300,285.2598553193416
2022-11-21 00:00:00+00:00,289.52774867892293,285.3143370155695,287.6571350097656,4069000,287.82058023243593
2022-11-22 00:00:00+00:00,296.7741319176021,290.018118771128,295.0124816894531,6054700,290.58111524800506
2022-11-23 00:00:00+00:00,297.6821640046686,290.9806333634717,291.9522705078125,4243400,296.71961638697616
2022-11-25 00:00:00+00:00,298.8263034511288,292.30639717406103,296.3745422363281,3393500,293.2054012269286
2022-11-28 00:00:00+00:00,298.57210253682155,288.6287960370102,289.6004333496094,4733700,295.17594441881204
2022-11-29 00:00:00+00:00,290.58103843798983,286.6037060404551,286.9124450683594,3505600,286.94877545751496
2022-11-30 00:00:00+00:00,296.16685390960436,284.5737817270167,295.984130859375,15106500,285.88016510932493
2022-12-01 00:00:00+00:00,301.17320363567524,296.3952769221572,298.7979431152344,3830100,298.10362890228015
2022-12-02 00:00:00+00:00,300.0860298052149,292.6404976953984,299.63836669921875,3644100,293.3256673094583
2022-12-05 00:00:00+00:00,297.3819373048728,291.91886825577825,292.41217041015625,5057300,297.04392468366336
2022-12-06 00:00:00+00:00,293.8463934365154,287.3509990867942,290.00946044921875,3341500,292.0101578881607
2022-12-07 00:00:00+00:00,294.97007096265656,287.25962720207076,292.4760437011719,4038200,288.64822748838446
2022-12-08 00:00:00+00:00,296.46826327330496,291.0143129665126,296.075439453125,3483600,291.0143129665126
2022-12-09 00:00:00+00:00,296.39527606629946,292.2751133875757,292.777587890625,3738800,293.6911474820315
2022-12-12 00:00:00+00:00,299.95807941590397,293.5174970260928,299.62921142578125,4900200,295.07967573841455
2022-12-13 00:00:00+00:00,317.2334751158309,301.43802660470647,304.1147766113281,5787700,314.5841586533502
2022-12-14 00:00:00+00:00,309.7514059294105,300.57014635629463,304.6080627441406,4546000,301.95874641932846
2022-12-15 00:00:00+00:00,301.4928721761998,295.4177075602704,299.2820739746094,5056900,300.9630199753722
2022-12-16 00:00:00+00:00,299.5926990210407,291.6447203687987,295.39031982421875,9615000,295.47253683211636
2022-12-19 00:00:00+00:00,294.08395968290307,288.70308052196543,289.89984130859375,3000600,291.88227780989314
2022-12-20 00:00:00+00:00,289.49790539822504,283.9617087570891,287.6250915527344,2632200,286.2364910435814
2022-12-21 00:00:00+00:00,291.96443166736714,287.53366320833476,291.7543029785156,2610400,290.5575424507672
2022-12-22 00:00:00+00:00,289.05019860185234,283.87033223691816,288.7944030761719,3064400,289.05019860185234
2022-12-23 00:00:00+00:00,291.51687611918186,285.99896828756124,291.1788635253906,2064900,286.9947449134637
2022-12-27 00:00:00+00:00,293.75512854617483,290.06436720330646,291.9280090332031,1610200,290.8865654082175
2022-12-28 00:00:00+00:00,293.64544417750466,288.2280426501818,288.43817138671875,1568200,292.8415072998639
2022-12-29 00:00:00+00:00,294.01086201427876,290.13737838704446,292.713623046875,1559100,291.105749293853
2022-12-30 00:00:00+00:00,290.6672328194925,285.96237918083125,288.556884765625,2581600,290.04599118286745
2023-01-03 00:00:00+00:00,291.6264799705734,284.8295947044159,288.60260009765625,2822400,289.98208393634576
2023-01-04 00:00:00+00:00,294.63207089717747,289.03194693654325,292.0923767089844,3560900,293.31654304203636
2023-01-05 00:00:00+00:00,290.5849687507759,286.15422785673513,288.2005920410156,2935100,290.3565788952224
2023-01-06 00:00:00+00:00,291.28848593738843,282.2899182427226,290.08258056640625,4022500,288.949775576492
2023-01-09 00:00:00+00:00,294.6686425582805,289.6532091952514,290.33837890625,3466300,292.33907669273606
2023-01-10 00:00:00+00:00,293.00597335008825,286.82115716699155,292.91461181640625,2111300,288.9588832329459
2023-01-11 00:00:00+00:00,300.597646380217,294.2758019379705,300.56109619140625,2864800,294.6686258589039
2023-01-12 00:00:00+00:00,303.49356061240223,298.4689839100067,301.3558349609375,2481800,303.49356061240223
2023-01-13 00:00:00+00:00,303.6580690537434,297.8204102076377,302.5800476074219,2798600,298.26804546100976
2023-01-17 00:00:00+00:00,306.1886030412642,298.82531575752904,299.2181396484375,3988900,301.77609507717057
2023-01-18 00:00:00+00:00,305.603920333968,295.01576885172295,295.7100830078125,2952200,301.47464134374263
2023-01-19 00:00:00+00:00,293.56317838874077,283.7789648831086,284.0073547363281,5359300,292.64961897586255
2023-01-20 00:00:00+00:00,287.99051613199805,280.8190956566424,287.7712707519531,3725100,283.2126173208867
2023-01-23 00:00:00+00:00,290.0825637639282,284.1992380119335,288.20977783203125,3237900,286.43747006874946
2023-01-24 00:00:00+00:00,290.60332255777746,285.60615028921063,290.228759765625,2127900,287.8809048360883
2023-01-25 00:00:00+00:00,290.6215854005675,284.61949193280407,289.8359375,2060400,288.07274622336445
2023-01-26 00:00:00+00:00,291.6630541636618,285.5147878641385,286.68414306640625,3555300,286.99474999267443
2023-01-27 00:00:00+00:00,290.73113040978103,284.41843169978785,289.31512451171875,2761200,285.0487899072143
2023-01-30 00:00:00+00:00,290.6398701446073,286.574518694169,287.07696533203125,2643100,288.5295217785556
2023-01-31 00:00:00+00:00,296.3130241038415,287.8625988799067,296.1485900878906,3526800,288.6756523229679
2023-02-01 00:00:00+00:00,301.9770541703173,290.18302662963197,299.7297058105469,3076500,294.52243386085354
2023-02-02 00:00:00+00:00,311.953169293091,303.9321178513836,310.41839599609375,4776600,304.62643200557835
2023-02-03 00:00:00+00:00,305.7774888574852,301.7760938336092,302.844970703125,3389700,303.7859358619196
2023-02-06 00:00:00+00:00,302.3973824920728,299.1542290730314,300.8077697753906,2229700,300.5519741937999
2023-02-07 00:00:00+00:00,298.73393440072283,292.9967822803219,297.08953857421875,3865500,295.99325610346847
2023-02-08 00:00:00+00:00,295.984164999124,291.9462471917664,293.060791015625,2777200,295.02493857383746
2023-02-09 00:00:00+00:00,295.89279220825097,287.6159177023991,288.273681640625,3063300,295.1710724155644
2023-02-10 00:00:00+00:00,289.7810225549161,285.7156724978243,289.1780700683594,2768800,286.7205933087521
2023-02-13 00:00:00+00:00,295.71010720676435,288.32853007479,295.5639343261719,2432500,289.9089982090463
2023-02-14 00:00:00+00:00,295.04314724539415,288.3833190392851,290.90472412109375,3380800,292.8962769977722
2023-02-15 00:00:00+00:00,293.73680808167427,288.4929850596656,292.96942138671875,2585500,288.5752020755938
2023-02-16 00:00:00+00:00,295.75576168254076,287.7073042260589,293.47186279296875,3169200,287.77126008607695
2023-02-17 00:00:00+00:00,292.88717460250837,285.8984501626707,290.46624755859375,4985500,291.1331281354399
2023-02-21 00:00:00+00:00,281.3854234648235,269.52741310098753,269.956787109375,10891800,279.13804739728795
2023-02-22 00:00:00+00:00,274.43325189089205,269.58225346497414,270.6876525878906,5922100,271.8296018949263
2023-02-23 00:00:00+00:00,273.9582050461924,269.152873545417,273.4374694824219,4354500,271.1353097662666
2023-02-24 00:00:00+00:00,272.5421691441553,266.7593502901721,271.01654052734375,3713300,267.1247684817687
2023-02-27 00:00:00+00:00,274.5155197591242,269.5366365857079,270.42279052734375,3238300,273.48319293354945
2023-02-28 00:00:00+00:00,272.8802745823276,268.8697343957549,270.906982421875,3949500,269.50009277532837
2023-03-01 00:00:00+00:00,268.330683688199,263.7080750857366,265.6539611816406,5905100,266.6862878244158
2023-03-02 00:00:00+00:00,268.6869691288604,262.4382255417173,267.6911926269531,4103700,263.5253635688577
2023-03-03 00:00:00+00:00,272.798000460868,268.3672590020046,272.65185546875,4036700,269.17119585677654
2023-03-06 00:00:00+00:00,274.1683442458188,271.3089262619656,272.4325866699219,3763200,272.24074696996286
2023-03-07 00:00:00+00:00,273.20912194351905,265.3159817801124,265.57177734375,4512400,273.20912194351905
2023-03-08 00:00:00+00:00,269.1144644884502,265.2589276759986,268.2218933105469,4680300,266.33554514932365
2023-03-09 00:00:00+00:00,270.8719168947363,264.78036273850336,265.0104064941406,3248000,269.6572791254083
2023-03-10 00:00:00+00:00,269.7585271167021,261.4217432220475,263.455322265625,4730900,265.5257161748574
2023-03-13 00:00:00+00:00,269.00401652991195,260.04151900363894,263.6485900878906,3892100,261.3205479384339
2023-03-14 00:00:00+00:00,266.6667368228158,258.928088825281,262.7744140625,5116000,266.20664926578434
2023-03-15 00:00:00+00:00,266.07779855027826,260.10587196186543,264.9827880859375,4835500,261.28369480399107
2023-03-16 00:00:00+00:00,265.03804383921045,262.24991429470634,263.8418273925781,4400200,264.0902645704587
2023-03-17 00:00:00+00:00,268.6450832138308,263.40928559285135,265.3692626953125,8342000,264.84475624337017
2023-03-20 00:00:00+00:00,266.6942781542519,263.73131386140045,266.1697998046875,3677800,264.48586401682127
2023-03-21 00:00:00+00:00,269.5100893845268,264.6423554076682,266.3262634277344,4788200,268.1666135653656
2023-03-22 00:00:00+00:00,267.96413883385765,259.90342538210973,260.0506286621094,3723400,266.9335473847948
2023-03-23 00:00:00+00:00,263.2712861089803,257.8514693368134,261.2469177246094,6005800,262.48915973406184
2023-03-24 00:00:00+00:00,262.185516541169,258.4127925538583,260.427978515625,3851000,260.0047057807276
2023-03-27 00:00:00+00:00,262.1947435838073,258.48643837033313,258.81768798828125,4269700,261.0997327663887
2023-03-28 00:00:00+00:00,260.6763979514034,257.58459517895136,258.403564453125,3633300,258.38514297994374
2023-03-29 00:00:00+00:00,261.3205290402664,258.7992581425805,260.7408142089844,3607500,258.7992581425805
2023-03-30 00:00:00+00:00,263.26209489198743,261.1917009707351,262.5811462402344,3432800,262.5811462402344
2023-03-31 00:00:00+00:00,271.9577718719129,263.86945200098125,271.5621032714844,5800600,264.081074326945
2023-04-03 00:00:00+00:00,274.1846086992828,271.2124326589008,273.9637756347656,4007600,271.33205992935393
2023-04-04 00:00:00+00:00,275.8684383024258,270.8994991972831,271.414794921875,2965700,273.75204715367397
2023-04-05 00:00:00+00:00,272.104965479887,265.45211761299873,265.626953125,4002400,271.4516490348646
2023-04-06 00:00:00+00:00,266.6575748870898,261.55058575830503,265.5717468261719,3193400,264.32032205293507
2023-04-10 00:00:00+00:00,269.28005721431464,262.8572248480266,267.9273986816406,2799900,263.2897082722561
2023-04-11 00:00:00+00:00,271.54364214992836,268.4702610872384,270.3197937011719,2497000,269.32601707887267
2023-04-12 00:00:00+00:00,274.61707756475255,266.4643110279059,267.25567626953125,3341400,272.5558941881762
2023-04-13 00:00:00+00:00,269.12362538318456,263.51055139068694,268.82916259765625,3505800,267.6697610121033
2023-04-14 00:00:00+00:00,272.5558779625244,268.1206272066264,268.865966796875,2653200,268.82915192976566
2023-04-17 00:00:00+00:00,271.9117557969711,268.27705273560616,271.8197326660156,2621900,268.41510147279786
2023-04-18 00:00:00+00:00,275.3531953135499,272.2982352416713,275.08636474609375,2847800,272.6662996752272
2023-04-19 00:00:00+00:00,274.4790441555231,271.4976576740305,273.2091979980469,2889300,272.78592530606016
2023-04-20 00:00:00+00:00,277.25796519717136,271.91174995722406,274.7366943359375,3371800,272.3442333900614
2023-04-21 00:00:00+00:00,278.9971122661907,275.45443237884746,276.08935546875,3506700,277.54321982671206
2023-04-24 00:00:00+00:00,277.8009024950744,275.3348395634286,277.5616760253906,2515400,276.0525751355201
2023-04-25 00:00:00+00:00,278.5277731625149,272.4914274054384,272.6754455566406,4529500,277.43276266534133
2023-04-26 00:00:00+00:00,272.344174908082,264.1638063086845,265.0747985839844,4037400,271.8472725835103
2023-04-27 00:00:00+00:00,271.18486821460203,264.82645320729415,270.4671325683594,3133600,265.0104995090068
2023-04-28 00:00:00+00:00,276.80711693295734,269.96101103694826,276.5494689941406,4063400,270.31986477102333
2023-05-01 00:00:00+00:00,275.64770025866693,273.63251418090493,273.9361877441406,2970000,275.1140109606002
2023-05-02 00:00:00+00:00,274.82873661988344,267.81697807680337,270.7891540527344,3413200,274.6170862166315
2023-05-03 00:00:00+00:00,274.9114596988071,269.1511558892483,269.6848449707031,2743400,271.0467139201014
2023-05-04 00:00:00+00:00,271.0743774154752,262.5535470638603,262.9400329589844,4422500,269.3536544837292
2023-05-05 00:00:00+00:00,267.6513174675177,263.2620925036279,266.5010986328125,3806600,264.24668656569906
2023-05-08 00:00:00+00:00,266.70355224559887,261.734612235615,264.9460144042969,3736500,265.9306085179583
2023-05-09 00:00:00+00:00,267.8261545937572,262.9492379377715,267.38446044921875,2570000,263.3265130876141
2023-05-10 00:00:00+00:00,270.13585545988656,263.0965203986334,265.958251953125,3571000,268.4243148888351
2023-05-11 00:00:00+00:00,266.3447064471951,262.2683092206314,264.7251892089844,3859700,265.69136187679334
2023-05-12 00:00:00+00:00,267.7433517131512,264.5043454494123,267.28326416015625,3438300,265.0104305251005
2023-05-15 00:00:00+00:00,267.6973453920693,264.03503848125246,265.50732421875,5353600,266.77717031632267
2023-05-16 00:00:00+00:00,263.2528972292524,254.97132113294947,259.79302978515625,12362100,259.25934057037273
2023-05-17 00:00:00+00:00,270.5775149973323,258.7624684205326,269.050048828125,7956900,259.6274353827697
2023-05-18 00:00:00+00:00,272.30740164747664,268.3230559513852,271.598876953125,4547000,269.28922854200243
2023-05-19 00:00:00+00:00,272.1510122178768,266.80479682585104,267.6605529785156,4470600,272.1510122178768
2023-05-22 00:00:00+00:00,269.6020950038263,265.0840318688973,267.4580993652344,3736200,267.52251836214236
2023-05-23 00:00:00+00:00,274.00050629724205,266.18822934353403,271.39642333984375,5352200,266.18822934353403
2023-05-24 00:00:00+00:00,273.77054684640063,267.0164634722494,267.863037109375,4978200,273.63252616684804
2023-05-25 00:00:00+00:00,268.49785809500145,263.2252454912938,263.86016845703125,5355900,268.49785809500145
2023-05-26 00:00:00+00:00,269.88740905906474,262.8848883806105,269.4549255371094,4626100,264.090315798535
2023-05-30 00:00:00+00:00,270.9455799789322,265.8846167318451,269.0592041015625,5193300,269.8689627141391
2023-05-31 00:00:00+00:00,268.7719434243208,261.32046507340084,262.701416015625,18288800,268.39195211026487
2023-06-01 00:00:00+00:00,268.0489858745695,259.4853664797783,267.2797546386719,4305100,263.25741941853937
2023-06-02 00:00:00+00:00,274.5273253408929,268.5124044674298,274.277099609375,4515600,269.3743213818954
2023-06-05 00:00:00+00:00,274.0731996243974,270.04161540197475,271.6449890136719,3028800,273.98051400063383
2023-06-06 00:00:00+00:00,275.1853401664915,270.3010883417352,274.3326721191406,2855400,270.4586567131085
2023-06-07 00:00:00+00:00,280.07890892998756,275.3614730910791,279.6155090332031,4842700,275.5468443632669
2023-06-08 00:00:00+00:00,283.09094018143423,278.77205078796675,279.0500793457031,3757300,280.04176167442665
2023-06-09 00:00:00+00:00,279.3651612310156,274.42533243394655,275.5838317871094,3485800,278.94811843408235
2023-06-12 00:00:00+00:00,280.4588440574877,275.8619254580894,278.8369445800781,4456600,276.5570252341221
2023-06-13 00:00:00+00:00,281.85829200423325,276.8072511154167,278.114013671875,4043400,280.26419554857017
2023-06-14 00:00:00+00:00,280.4032258042776,273.9897879962878,277.7711181640625,4176000,278.9574205974507
2023-06-15 00:00:00+00:00,281.21887003222633,277.6506849741174,279.9120788574219,4109700,278.8184618289824
2023-06-16 00:00:00+00:00,283.5821425742398,278.16963648017753,278.3920593261719,10809300,282.0621777034698
2023-06-20 00:00:00+00:00,280.5886184500886,276.3994938497392,279.3467102050781,3371100,277.82674507066696
2023-06-21 00:00:00+00:00,281.348570076991,278.20670575948185,278.68865966796875,2713300,280.6997990234187
2023-06-22 00:00:00+00:00,280.6627588691007,277.66921374593187,279.133544921875,3052000,279.4301276331519
2023-06-23 00:00:00+00:00,280.19012618211167,277.2058296536725,278.7906494140625,8525900,278.33652655658886
2023-06-26 00:00:00+00:00,286.5757099914699,279.87496666714725,285.35235595703125,4440100,280.5144606841786
2023-06-27 00:00:00+00:00,292.3682053927472,285.3523536404739,290.77410888671875,5342500,285.5933023130463
2023-06-28 00:00:00+00:00,290.0326479457678,283.65626263716365,284.0733337402344,4025600,289.1614541225761
2023-06-29 00:00:00+00:00,285.5747506669701,281.7748668445886,285.2874450683594,3279700,284.32356561422915
2023-06-30 00:00:00+00:00,288.6332133840897,285.73232590221323,287.90106201171875,3230700,286.91862834412603
2023-07-03 00:00:00+00:00,288.60540405224833,286.2884049376932,287.326416015625,1483300,287.1039931514055
2023-07-05 00:00:00+00:00,289.439485199493,287.2985805235226,288.0492858886719,2496000,287.7712573399786
2023-07-06 00:00:00+00:00,285.4358262949685,279.4672330336155,279.9120788574219,4828300,284.37926089605503
2023-07-07 00:00:00+00:00,283.25777731863667,278.86475609411417,280.6441955566406,2951900,279.88421306692317
2023-07-10 00:00:00+00:00,287.799052173601,281.005624175546,287.5673522949219,3246700,281.005624175546
2023-07-11 00:00:00+00:00,291.5433421590995,287.9936840324471,290.699951171875,2913800,290.0048515071636
2023-07-12 00:00:00+00:00,297.74368546948017,292.8779869660929,294.2774353027344,5300500,293.15601556709913
2023-07-13 00:00:00+00:00,295.1115483393979,290.5238788930255,291.5711669921875,3235600,294.8149656720161
2023-07-14 00:00:00+00:00,293.7028370484339,291.21902049019474,293.3321228027344,2942100,291.7936318135816
2023-07-17 00:00:00+00:00,294.55546197363833,291.154094923914,292.9150085449219,2002500,292.60917711518545
2023-07-18 00:00:00+00:00,295.0188949062296,289.2820023524715,293.5730895996094,2315600,291.5063160331424
2023-07-19 00:00:00+00:00,296.52025298291113,293.50815441805304,296.09393310546875,2361400,293.79546001846836
2023-07-20 00:00:00+00:00,297.9197446880193,294.6110633062292,295.73248291015625,2101900,296.8909824177568
2023-07-21 00:00:00+00:00,298.3275731641027,296.10323122617757,297.0115051269531,3673400,297.5675906114344
2023-07-24 00:00:00+00:00,301.82161597369424,297.4563969839256,301.3118591308594,2621900,297.4749227971674
2023-07-25 00:00:00+00:00,302.97080854581566,300.12552675130246,301.33038330078125,2890800,301.2747775828941
2023-07-26 00:00:00+00:00,306.7335780742803,300.50548382630956,305.4638671875,3448100,300.92255494669763
2023-07-27 00:00:00+00:00,309.032045763133,304.85217072091245,305.5750732421875,2608600,307.4286723514752
2023-07-28 00:00:00+00:00,308.62430500375194,305.380506002211,307.1136169433594,2268200,307.69750528902597
2023-07-31 00:00:00+00:00,309.6159450834114,307.2155375450588,309.40277099609375,2690000,307.3730776361241
2023-08-01 00:00:00+00:00,310.45010367084865,306.65949620604783,307.76239013671875,2547200,307.47508448590696
2023-08-02 00:00:00+00:00,308.18870653515137,303.91617344682993,304.4537048339844,2752600,305.8717072593981
2023-08-03 00:00:00+00:00,307.79016367552214,303.65664523312245,305.7048645019531,2451300,303.69369685418064
2023-08-04 00:00:00+00:00,305.3989633322866,301.51567113567233,302.53515625,3591600,304.1385295790643
2023-08-07 00:00:00+00:00,305.29712993569353,302.68354767373916,305.07470703125,2111000,303.2581590326754
2023-08-08 00:00:00+00:00,304.48147531860786,299.71774002169917,303.8141784667969,3272600,302.67420476221326
2023-08-09 00:00:00+00:00,306.696491889083,302.8410027145266,304.1848449707031,2698900,303.38781100570293
2023-08-10 00:00:00+00:00,308.5315793423641,304.86146086769264,305.28778076171875,3075100,306.45555730152836
2023-08-11 00:00:00+00:00,307.31746308279713,304.3146415554959,306.8725891113281,3108400,304.47218164202917
2023-08-14 00:00:00+00:00,309.3563917932733,304.3887321066926,305.7974853515625,3974800,307.1969332676185
2023-08-15 00:00:00+00:00,313.4158716504997,304.47223178567083,307.8272705078125,5860900,307.4750820911906
2023-08-16 00:00:00+00:00,313.082200995941,307.4009143712196,308.652099609375,3753900,308.2721083424578
2023-08-17 00:00:00+00:00,311.08027554268114,303.11907048892584,303.3229675292969,3885100,309.3378877947247
2023-08-18 00:00:00+00:00,304.81515618387857,300.6816093030712,303.4064025878906,3472000,301.2654976189155
2023-08-21 00:00:00+00:00,303.8698192654014,299.8197090197968,300.3387145996094,3109700,302.70204256898165
2023-08-22 00:00:00+00:00,302.4239972553896,298.45729580962495,300.72796630859375,2582200,301.4601176817074
2023-08-23 00:00:00+00:00,302.9986316772044,300.35724676611335,302.2201232910156,2728000,300.76504091369077
2023-08-24 00:00:00+00:00,304.9170457122277,298.7167545868746,298.97625732421875,2490000,301.3210590064034
2023-08-25 00:00:00+00:00,302.45174336732964,297.688008677423,299.2264709472656,2418100,299.7547534467347
2023-08-28 00:00:00+00:00,303.47128605444385,299.2358047765964,302.05328369140625,2099900,299.5416645064037
2023-08-29 00:00:00+00:00,305.6955764881131,302.8502949297226,305.2692565917969,2628200,302.8688490232663
2023-08-30 00:00:00+00:00,309.3079643076855,305.81027151704444,308.38458251953125,2256200,305.93152942140745
2023-08-31 00:00:00+00:00,310.2220202411425,307.498471088828,308.0767517089844,2914700,308.916220701387
2023-09-01 00:00:00+00:00,311.0148072808515,308.86023112489323,310.669677734375,2317400,309.6623548873434
2023-09-05 00:00:00+00:00,309.9421936578101,305.3439005468258,305.726318359375,3141400,309.51315132892626
2023-09-06 00:00:00+00:00,306.50038937043877,303.6556114032693,304.0660095214844,3199700,305.4930666484584
2023-09-07 00:00:00+00:00,307.7223191148942,302.48042031691773,306.3232421875,2454000,303.1613146687284
2023-09-08 00:00:00+00:00,307.3212995488224,304.70036377829484,306.5937805175781,2210300,305.4651995062003
2023-09-11 00:00:00+00:00,307.685024645313,305.5304482986835,306.276611328125,2087800,307.13472442984823
2023-09-12 00:00:00+00:00,306.64966804344374,303.9634642761162,304.32720947265625,2190500,304.8401929558744
2023-09-13 00:00:00+00:00,305.89414219206367,303.13330528927645,303.9541015625,2564300,304.1033398362034
2023-09-14 00:00:00+00:00,308.0767178109848,303.3851478085955,307.4518127441406,2707600,305.3625337104173
2023-09-15 00:00:00+00:00,307.0227798961167,298.7775281757069,299.7755432128906,7117800,305.29724599704895
2023-09-18 00:00:00+00:00,300.00870983803554,295.58763605645987,295.9140930175781,2740400,298.6189692617308
2023-09-19 00:00:00+00:00,295.60626456172247,291.32509299969905,293.4423522949219,2776500,294.69221927599597
2023-09-20 00:00:00+00:00,295.0653743512287,289.8887718575912,289.9447326660156,2320000,293.80619923308456
2023-09-21 00:00:00+00:00,289.3571074610887,285.74746498995654,286.1205749511719,2766500,288.58293560228987
2023-09-22 00:00:00+00:00,286.95071490346555,284.9080600077424,285.159912109375,2289200,285.5609740569341
2023-09-25 00:00:00+00:00,286.6148742150036,284.0219197475968,285.8686828613281,1882300,284.0219197475968
2023-09-26 00:00:00+00:00,285.23448686412064,281.3357324888854,282.18450927734375,2655500,284.03127268440556
2023-09-27 00:00:00+00:00,283.7514876080879,279.7221387822176,281.5129699707031,2513900,282.6135704433087
2023-09-28 00:00:00+00:00,284.35774259999295,280.514948852461,283.0705871582031,2369600,281.3730619684194
2023-09-29 00:00:00+00:00,285.1039274580567,279.6475213910605,281.830078125,3502600,284.4323693503603
2023-10-02 00:00:00+00:00,283.03329295733613,278.37901070808334,279.6568298339844,2806800,280.3004075412957
2023-10-03 00:00:00+00:00,278.22974069162996,270.5534905225997,272.29766845703125,3609200,277.86599550878344
2023-10-04 00:00:00+00:00,274.41496292145416,270.8239928224495,272.7174377441406,2956300,273.6221469051604
2023-10-05 00:00:00+00:00,272.97859013947436,270.7120637620009,272.0738525390625,2469300,272.3536565539138
2023-10-06 00:00:00+00:00,274.72280659922427,268.05387764755716,273.1185302734375,2922500,271.197133198452
2023-10-09 00:00:00+00:00,275.6461233974549,270.18971791934376,275.487548828125,1929900,270.7679984705027
2023-10-10 00:00:00+00:00,280.44028182595156,275.3103337727399,279.08782958984375,3116300,276.7280546239379
2023-10-11 00:00:00+00:00,280.60824025319636,275.991274368313,277.9966125488281,2292800,279.5729083822523
2023-10-12 00:00:00+00:00,277.6701651473674,271.2064076543479,273.3050231933594,2546400,277.6701651473674
2023-10-13 00:00:00+00:00,274.9000188644528,271.31838473702584,272.2790832519531,2092700,273.2304454772032
2023-10-16 00:00:00+00:00,278.2951080819895,273.82738020204926,277.3250732421875,2567000,274.62019631734034
2023-10-17 00:00:00+00:00,278.28569528355274,274.68541790024955,276.0285339355469,2139700,276.7280723512521
2023-10-18 00:00:00+00:00,273.5941310488088,270.09643889867374,270.7120361328125,2720100,273.2863466638852
2023-10-19 00:00:00+00:00,271.7380839066815,267.1491268610827,267.4755554199219,3028600,271.4209631729854
2023-10-20 00:00:00+00:00,267.8579837329566,264.5281732023995,267.1398010253906,2885300,266.6267889791593
2023-10-23 00:00:00+00:00,268.8559594596996,265.1996924303555,265.8899230957031,2590900,266.58946158519063
2023-10-24 00:00:00+00:00,268.53882981872556,263.05444368946837,264.2483215332031,2705200,267.4475372871721
2023-10-25 00:00:00+00:00,264.1737414771462,260.4148889036929,262.0284729003906,2962800,262.79330852682426
2023-10-26 00:00:00+00:00,264.1830262707399,259.0624137713755,259.29559326171875,3108200,261.65536856542093
2023-10-27 00:00:00+00:00,260.8532369549983,255.80722951965242,257.85919189453125,2907300,260.2096593038169
2023-10-30 00:00:00+00:00,263.3249224858041,258.32553977594455,262.54144287109375,3074400,258.8012350101331
2023-10-31 00:00:00+00:00,266.19768316527257,262.67201063922005,265.53546142578125,3036000,263.5767481414651
2023-11-01 00:00:00+00:00,267.53146668973096,263.045095801517,267.3449401855469,2747300,266.37490558519767
2023-11-02 00:00:00+00:00,274.8346978394629,270.4882284086295,274.71343994140625,3628000,270.7214079158783
2023-11-03 00:00:00+00:00,277.7727552191285,274.3776763793599,275.72076416015625,3071900,274.386984203972
2023-11-06 00:00:00+00:00,276.4949104281141,273.49155750082923,274.750732421875,2890300,274.91861482086966
2023-11-07 00:00:00+00:00,276.08453981318814,273.8087055186655,274.9372863769531,2629000,274.78804807485216
2023-11-08 00:00:00+00:00,277.9592646496552,274.3216421446223,276.0098876953125,2454900,275.1797551188877
2023-11-09 00:00:00+00:00,273.04385798078215,268.3243071819124,268.50152587890625,4059100,272.3070312556966
2023-11-10 00:00:00+00:00,271.97125244140625,267.4942171927607,271.97125244140625,3653500,269.7700515090393
2023-11-13 00:00:00+00:00,270.42289092838274,267.91387752795487,268.68804931640625,4586700,268.4268894458628
2023-11-14 00:00:00+00:00,287.50098820702874,279.9459951523017,283.201171875,7952800,280.64553365472415
2023-11-15 00:00:00+00:00,288.1445478737467,283.5555915250462,287.454345703125,3985900,283.63953272436834
2023-11-16 00:00:00+00:00,287.230495691432,283.85403290113214,285.82208251953125,3114000,285.299762759944
2023-11-17 00:00:00+00:00,287.93936865180564,284.89872729751636,286.59625244140625,2770300,287.743505839875
2023-11-20 00:00:00+00:00,288.8347785086612,285.1691753525043,287.454345703125,3459000,286.5216277582664
2023-11-21 00:00:00+00:00,285.47697586039544,281.99792782948197,284.79608154296875,2977200,285.01061690814765
2023-11-22 00:00:00+00:00,289.0120227675437,285.8594594344935,288.3964538574219,2873500,286.70823633872556
2023-11-24 00:00:00+00:00,290.4297431344567,287.5662919667129,289.7955017089844,1259900,288.37775209405186
2023-11-27 00:00:00+00:00,291.8381268478139,288.90937888407865,290.00067138671875,2992600,289.7861360156241
2023-11-28 00:00:00+00:00,293.41440418275573,288.57362414347807,292.2578430175781,3116900,289.80479022138286
2023-11-29 00:00:00+00:00,294.89634966075687,291.9385654515355,292.0418395996094,3083800,294.89634966075687
2023-11-30 00:00:00+00:00,294.6146882294339,289.7601438428127,294.36114501953125,4493700,293.4691302612739
2023-12-01 00:00:00+00:00,300.567847696585,293.901076336149,300.11712646484375,3613600,294.68041801964233
2023-12-04 00:00:00+00:00,305.2439137029899,299.49735489107667,304.24859619140625,3827900,300.1170857548707
2023-12-05 00:00:00+00:00,304.15479119133255,300.4833714021643,303.7604064941406,3269800,302.3519347484182
2023-12-06 00:00:00+00:00,308.27682909361124,304.4270015213313,306.2110595703125,3030800,305.16880448498273
2023-12-07 00:00:00+00:00,307.43178336553893,304.86835483022594,306.2674560546875,2742300,306.21109082973067
2023-12-08 00:00:00+00:00,307.309736224257,305.2251970159448,306.5491638183594,2889300,306.1078415508878
2023-12-11 00:00:00+00:00,311.8261835273685,308.74632712518434,311.112548828125,3520700,309.68530808506273
2023-12-12 00:00:00+00:00,314.1079329733755,310.16422972595547,312.8684997558594,2893400,310.2769028679635
2023-12-13 00:00:00+00:00,322.8592293792811,311.65719272611017,322.4460754394531,5822700,314.464736796618
2023-12-14 00:00:00+00:00,331.52608196333216,326.7654406489875,330.34295654296875,7594800,328.3992586824947
2023-12-15 00:00:00+00:00,332.756078826032,325.5916494811322,332.3992614746094,11212800,326.971952645337
2023-12-18 00:00:00+00:00,333.2631575726698,328.94383913214097,329.4039306640625,4420500,332.1269699019742
2023-12-19 00:00:00+00:00,331.42274488785904,329.01895568138934,330.5870666503906,4654700,330.01427330647005
2023-12-20 00:00:00+00:00,333.12226116567444,327.05645225492236,327.3851013183594,3259500,329.5823133017199
2023-12-21 00:00:00+00:00,330.7560959074159,325.8264450812585,327.6762390136719,2794200,330.3992785008444
2023-12-22 00:00:00+00:00,329.9016255884427,325.53536908074005,327.3194274902344,2029900,327.7419804593859
2023-12-26 00:00:00+00:00,328.72785691924963,326.91563045515187,327.9954528808594,1585500,327.1691450107932
2023-12-27 00:00:00+00:00,328.6434260944076,325.9954921840002,327.26312255859375,2764300,328.55892122349235
2023-12-28 00:00:00+00:00,327.74193858021215,324.6996206330174,326.1644287109375,2859400,327.23488081310865
2023-12-29 00:00:00+00:00,326.3428506737514,322.0892676868201,325.40386962890625,10325700,324.7278021304007
2024-01-02 00:00:00+00:00,326.1080678785841,322.27703826494286,324.0235290527344,2833600,323.206620222611
2024-01-03 00:00:00+00:00,321.78879836817555,316.05160958933925,317.6197204589844,3309600,321.58222140311017
2024-01-04 00:00:00+00:00,321.9953691054209,317.8826278430274,317.9295654296875,3652400,319.18779649968576
2024-01-05 00:00:00+00:00,322.8498689778201,317.2066118781851,322.0141906738281,2664300,317.2535494724634
2024-01-08 00:00:00+00:00,327.1973353341067,322.3052519873309,326.6996765136719,2736200,322.474261702476
2024-01-09 00:00:00+00:00,327.8076963692178,324.18324287545596,325.0658874511719,2338100,324.70907002838067
2024-01-10 00:00:00+00:00,335.0847484332253,328.9344342989986,335.0284118652344,4109300,329.2255161187604
2024-01-11 00:00:00+00:00,338.9721486547503,331.7044447203656,334.77490234375,3530400,335.30072942319026
2024-01-12 00:00:00+00:00,336.6528465468622,331.8640378613948,334.0049133300781,1956100,336.6528465468622
2024-01-16 00:00:00+00:00,337.7044873295568,334.4743906227517,336.5589294433594,3669400,336.2115110824954
2024-01-17 00:00:00+00:00,337.8078049015308,332.4462028997431,333.99554443359375,2646100,334.8687898634703
2024-01-18 00:00:00+00:00,336.82188216742793,332.4274577601451,336.0613098144531,2510700,334.3899247028578
2024-01-19 00:00:00+00:00,340.8125095911808,334.5401238696667,340.29608154296875,3234600,336.9157444712048
2024-01-22 00:00:00+00:00,339.40406950442417,333.98615936628534,334.9251403808594,4003700,337.4322036427333
2024-01-23 00:00:00+00:00,334.1645719000183,327.7607144295684,329.3757629394531,3878400,334.1364036154737
2024-01-24 00:00:00+00:00,331.3382249324247,325.8921465280713,326.0799255371094,3474400,330.4649794690602
2024-01-25 00:00:00+00:00,331.3476258823936,327.00953816847874,329.5541687011719,3064200,331.07531336392884
2024-01-26 00:00:00+00:00,335.2631201456425,329.60106644353255,333.6199035644531,3177700,330.02361931229336
2024-01-29 00:00:00+00:00,334.62464564011435,331.46968331717005,333.99554443359375,2732000,333.4790877038351
2024-01-30 00:00:00+00:00,337.02844224435813,332.4368400716418,335.31011962890625,2336500,332.86876330657395
2024-01-31 00:00:00+00:00,337.07538247763654,330.8499343654637,331.4226989746094,3377900,336.080064990441
2024-02-01 00:00:00+00:00,338.16464302032364,330.82180446406875,338.0989074707031,2439100,331.83589137144406
2024-02-02 00:00:00+00:00,337.6106040637699,328.6621163601407,335.43218994140625,3697600,332.56828072380335
2024-02-05 00:00:00+00:00,334.342972016423,329.35698519186116,333.4697265625,2653800,332.0800243645967
2024-02-06 00:00:00+00:00,336.1552102179276,332.68096892948216,334.5119934082031,2045300,333.19742569150895
2024-02-07 00:00:00+00:00,341.53553865399186,335.8922541830395,340.5589904785156,3272200,336.60588884843634
2024-02-08 00:00:00+00:00,343.3384719660027,339.58254714503084,341.5262451171875,2521900,340.71870637985376
2024-02-09 00:00:00+00:00,342.19283078439,338.78432525088454,340.9909362792969,2389900,341.91114795328434
2024-02-12 00:00:00+00:00,346.22106167982906,341.83600797605277,343.1506042480469,3119700,341.9956473480834
2024-02-13 00:00:00+00:00,337.4979241880805,332.2865912510272,335.77020263671875,3106500,336.5965104776799
2024-02-14 00:00:00+00:00,337.07542107651125,332.3805159179988,336.3711853027344,2998900,335.3758677015639
2024-02-15 00:00:00+00:00,339.57309692514985,335.07536998672384,339.0472412109375,2662800,337.00026954241565
2024-02-16 00:00:00+00:00,341.7797518869356,337.23508639645667,340.2398376464844,3899600,338.67172646130757
2024-02-20 00:00:00+00:00,342.96284305866305,332.9251329159971,340.4463806152344,4830000,333.62936873336605
2024-02-21 00:00:00+00:00,342.8314075894434,337.04730869162955,341.9112243652344,3277800,338.5872229381969
2024-02-22 00:00:00+00:00,350.20232741688665,344.7468503847047,348.6811828613281,3387500,345.01916288397894
2024-02-23 00:00:00+00:00,351.41367193028447,347.65774758099616,349.2633972167969,3398200,349.37607036240695
2024-02-26 00:00:00+00:00,352.0052106142415,348.09904611849953,348.92535400390625,2461000,350.71881119713515
2024-02-27 00:00:00+00:00,352.86902301190275,347.99570967923347,352.6436767578125,2802900,349.9206377843342
2024-02-28 00:00:00+00:00,356.6625721703667,352.1742437267273,354.5686340332031,2282500,352.6437342695993
2024-02-29 00:00:00+00:00,358.48417950476687,355.07567375230707,357.38555908203125,4382800,355.6766353711706
2024-03-01 00:00:00+00:00,361.60160391703397,356.653155501113,360.99127197265625,2750900,357.1508143056582
2024-03-04 00:00:00+00:00,361.06641274185245,356.91610353921766,357.1602478027344,2619000,359.53586891521434
2024-03-05 00:00:00+00:00,357.7329815562916,354.0145962697796,355.35736083984375,3011600,356.9066737148445
2024-03-06 00:00:00+00:00,358.77686265868164,355.06460312706406,356.5287170410156,2496300,357.5583243783775
2024-03-07 00:00:00+00:00,359.23028866888734,354.7717889174918,355.68804931640625,2368500,356.9349244869158
2024-03-08 00:00:00+00:00,355.7541049058839,351.48453699501675,352.665283203125,2162900,354.22386243246547
2024-03-11 00:00:00+00:00,352.3158084359193,348.43349967682116,350.9366760253906,2833700,350.9744679778634
2024-03-12 00:00:00+00:00,355.07397512770444,351.77734111387775,353.7893371582031,2843800,351.8718065708847
2024-03-13 00:00:00+00:00,361.50669974693227,354.96064963737786,357.9927978515625,3761200,355.1967988808118
2024-03-14 00:00:00+00:00,359.1358284763222,351.55071492641446,354.47894287109375,3877500,357.057703328341
2024-03-15 00:00:00+00:00,357.4544015460714,351.9001666961878,352.55194091796875,9234900,353.392617239499
2024-03-18 00:00:00+00:00,356.6798126408147,350.57772444003524,351.3050537109375,3455600,355.63129504061936
2024-03-19 00:00:00+00:00,358.4368057263845,352.45751879667824,358.38958740234375,3493800,354.1200189090585
2024-03-20 00:00:00+00:00,363.5565411414923,355.3857818866477,363.1125793457031,2750400,358.39904898059217
2024-03-21 00:00:00+00:00,374.8822093931465,366.77757976040067,373.30474853515625,4212200,366.8909267889014
2024-03-22 00:00:00+00:00,374.45715756527306,368.477842378063,368.6573181152344,2910900,372.8229943682749
2024-03-25 00:00:00+00:00,368.2606198299737,361.67680556902826,362.262451171875,2683900,367.542745620105
2024-03-26 00:00:00+00:00,362.9708585262335,358.38010203937176,358.8807373046875,2720200,361.22334828159103
2024-03-27 00:00:00+00:00,364.91669833194675,359.64583124130525,364.5105285644531,2536500,359.7497518950891
2024-03-28 00:00:00+00:00,366.135288120477,358.68243158377544,362.34747314453125,4108200,365.68189993684035
2024-04-01 00:00:00+00:00,361.91292133543175,347.46056942346416,347.6400451660156,4333200,360.33543160532525
2024-04-02 00:00:00+00:00,346.53480204209154,342.85087992780467,342.888671875,4650500,344.30556721332647
2024-04-03 00:00:00+00:00,342.3219109522592,339.1102872561424,339.9604187011719,4723000,341.9440779574472
2024-04-04 00:00:00+00:00,344.77785936351637,337.13607410423793,337.8634033203125,4381600,342.5202589954733
2024-04-05 00:00:00+00:00,339.42207248196456,336.2954583021536,338.04296875,3243400,337.86349298997806
2024-04-08 00:00:00+00:00,342.48254189796165,337.4667341240082,341.9913330078125,4339600,338.2318553894036
2024-04-09 00:00:00+00:00,344.25839859546767,338.855302438937,341.3962707519531,3022600,343.4838221135996
2024-04-10 00:00:00+00:00,334.37786959914945,329.4281907392173,331.1379089355469,4805200,332.3753286505299
2024-04-11 00:00:00+00:00,332.4131119597207,326.6321833105996,328.1246337890625,4104700,331.5913172358295
2024-04-12 00:00:00+00:00,326.94390259191283,322.5893243445016,323.87396240234375,3550300,326.94390259191283
2024-04-15 00:00:00+00:00,326.9061322613807,318.5086795312517,319.2076721191406,4209200,326.7550221019567
2024-04-16 00:00:00+00:00,319.377696129735,314.51302706640894,316.2794189453125,4525500,318.15918668523386
2024-04-17 00:00:00+00:00,318.5653290572229,313.5495214381081,314.39019775390625,4273800,318.1213673269617
2024-04-18 00:00:00+00:00,318.28196080897015,312.9733016190995,314.4468994140625,3717300,317.05396745096965
2024-04-19 00:00:00+00:00,317.2617829811347,314.15405084620284,316.780029296875,3076600,316.16604702539064
2024-04-22 00:00:00+00:00,320.64344350950853,315.22143745991156,317.48846435546875,3112800,319.4815788931354
2024-04-23 00:00:00+00:00,321.3424565279774,317.65853398426225,320.2183837890625,3697400,319.2737867867349
2024-04-24 00:00:00+00:00,318.84869112629605,313.4361690148725,314.56024169921875,4029200,318.39530303634893
2024-04-25 00:00:00+00:00,314.4657790499543,308.7887420662194,313.5873107910156,3787800,311.452512425722
2024-04-26 00:00:00+00:00,317.223955841815,312.6521104261133,316.52496337890625,2465300,312.661565619442
2024-04-29 00:00:00+00:00,318.65034924172414,315.63708249876163,318.1402587890625,2427400,316.43999571594077
2024-04-30 00:00:00+00:00,318.74482010418797,314.4185496181336,315.7032165527344,3089900,317.1201120799305
2024-05-01 00:00:00+00:00,316.8084154234502,311.17859630368474,313.577880859375,3267500,314.56026985354026
2024-05-02 00:00:00+00:00,317.3845439512519,312.6426781067741,316.9405822753906,3213600,316.91224552275304
2024-05-03 00:00:00+00:00,327.661827476111,321.5124914905657,323.8551025390625,4165100,322.3720782604559
2024-05-06 00:00:00+00:00,327.18950905850903,321.5786006480551,323.32611083984375,3366100,326.8305575910613
2024-05-07 00:00:00+00:00,326.39609052602856,321.5219660230377,321.8147888183594,2930700,324.5635698429609
2024-05-08 00:00:00+00:00,321.57861650739795,318.9243011484463,320.05780029296875,3123200,320.01058197200217
2024-05-09 00:00:00+00:00,328.72916199112575,320.10498805968297,328.19073486328125,3801400,320.4544842850811
2024-05-10 00:00:00+00:00,330.42940562745696,325.6025297969599,327.2366638183594,3413700,328.20959737319026
2024-05-13 00:00:00+00:00,329.4659733344898,321.54079120565,322.06976318359375,4055600,328.7764071936509
2024-05-14 00:00:00+00:00,325.17752323906853,314.5508067933473,321.6352844238281,5854300,316.4872191482868
2024-05-15 00:00:00+00:00,331.02458750840685,325.5931545529423,329.3526611328125,4151100,326.055997875871
2024-05-16 00:00:00+00:00,328.95589463034713,323.68505622430274,323.7417297363281,3101600,328.7197453879707
2024-05-17 00:00:00+00:00,325.8197898512118,321.7202429147536,325.1396789550781,2739000,325.65922452711294
2024-05-20 00:00:00+00:00,323.57165410188765,318.83924327113203,319.1037292480469,3237400,322.2303426571085
2024-05-21 00:00:00+00:00,320.21835207253986,313.91787800725723,317.5262451171875,4275100,320.21835207253986
2024-05-22 00:00:00+00:00,316.67614804168795,310.7062880117734,312.2743225097656,4024400,316.1188392642326
2024-05-23 00:00:00+00:00,312.66157632727044,307.93859179060473,308.779296875,4021100,312.6426947667754
2024-05-24 00:00:00+00:00,309.3933507882226,306.4462123667582,307.0885314941406,2736900,308.3070698584519
2024-05-28 00:00:00+00:00,312.6521812856874,306.5028738380961,310.48907470703125,3807500,307.3624606483649
2024-05-29 00:00:00+00:00,308.6848265377547,305.83212547355924,307.85357666015625,3506200,308.43922212115257
2024-05-30 00:00:00+00:00,314.0932221052809,309.80346529535143,313.10400390625,2921800,310.3266226532884
2024-05-31 00:00:00+00:00,318.8015102895195,311.9911755647184,318.5161437988281,5557800,313.93152837081703
2024-06-03 00:00:00+00:00,317.35569696502364,310.8782758318821,311.99114990234375,3712800,317.35569696502364
2024-06-04 00:00:00+00:00,313.68425253914427,309.2232929220524,312.2289733886719,4296800,310.90684204837635
2024-06-05 00:00:00+00:00,314.32147138071554,310.0032101373275,314.1312561035156,2422400,312.457199111806
2024-06-06 00:00:00+00:00,315.6341190949034,312.0387219214164,314.9302673339844,2979400,313.69373726291093
2024-06-07 00:00:00+00:00,312.7616119132463,308.11040812497833,311.05902099609375,2583800,309.8225199665334
2024-06-10 00:00:00+00:00,316.5472397056316,310.55492053738686,316.3189697265625,2691000,311.0305023452542
2024-06-11 00:00:00+00:00,319.8858596098715,314.18839837146766,319.3246765136719,3250900,316.73751010487985
2024-06-12 00:00:00+00:00,333.3733003244987,326.30616217868265,327.33343505859375,4793000,330.08228259899215
2024-06-13 00:00:00+00:00,331.66121773462356,326.3156832737029,330.8907775878906,3380800,329.0074633252058
2024-06-14 00:00:00+00:00,330.5293522722283,325.0030940571342,329.9015808105469,2589000,327.97071985620323
2024-06-17 00:00:00+00:00,333.56355812472526,327.5807310801202,332.4316711425781,2680200,328.0468209727277
2024-06-18 00:00:00+00:00,339.0042204957005,334.9141996194454,336.5882568359375,3655000,335.7132025834689
2024-06-20 00:00:00+00:00,337.5869928113831,332.51727464131994,336.17926025390625,3661200,334.8095823674989
2024-06-21 00:00:00+00:00,338.85201592283425,334.8571173873871,338.4239807128906,6596400,337.51087182917996
2024-06-24 00:00:00+00:00,340.22171509600264,333.5921035515276,333.7442932128906,4278900,339.47028771402586
2024-06-25 00:00:00+00:00,330.0442091178169,318.1927201955332,321.7976379394531,4879600,329.3974249130836
2024-06-26 00:00:00+00:00,325.8591250033963,321.046239646007,325.1267395019531,3365300,322.8819783754379
2024-06-27 00:00:00+00:00,327.92315912037697,321.92131936273626,324.8128356933594,2912600,326.0873913839383
2024-06-28 00:00:00+00:00,328.41777665136215,324.0709519004164,327.4285583496094,6344000,324.6797105560213
2024-07-01 00:00:00+00:00,327.8185340520452,319.0107787170521,319.7716979980469,2643600,327.1242031906203
2024-07-02 00:00:00+00:00,320.3804174241133,316.29042562127734,318.61126708984375,2995900,318.639800836293
2024-07-03 00:00:00+00:00,323.0532343112362,317.2511302714669,317.34625244140625,1733000,320.5421483554498
2024-07-05 00:00:00+00:00,319.51488014163067,315.44390121120273,318.24029541015625,3437500,316.46162417340327
2024-07-08 00:00:00+00:00,324.11852050539966,318.63980883199906,323.0151672363281,3534500,319.4768374517919
2024-07-09 00:00:00+00:00,322.69181515819764,319.18201868504957,320.6277770996094,2254300,322.3969567251441
2024-07-10 00:00:00+00:00,327.4761030443993,321.13182946585516,327.3714599609375,3263100,322.10203485326866
2024-07-11 00:00:00+00:00,336.8355991997193,328.151470142606,336.51220703125,4146900,333.64919506100813
2024-07-12 00:00:00+00:00,346.17598950389714,336.79750170189027,342.2001037597656,4019900,337.66306402533286
2024-07-15 00:00:00+00:00,343.5412370091941,337.69158710155426,340.9540710449219,2884000,341.6008843063954
2024-07-16 00:00:00+00:00,351.37881127294446,341.94325716285067,351.09344482421875,3210400,342.4759063678265
2024-07-17 00:00:00+00:00,356.86706919890804,347.57421138626114,353.7282409667969,3991100,348.73463212566884
2024-07-18 00:00:00+00:00,357.3901780641212,347.9165973642677,348.2019348144531,2395000,351.8353864919208
2024-07-19 00:00:00+00:00,349.64772983702755,344.2736615380664,345.6147766113281,2474500,348.5348557018433
2024-07-22 00:00:00+00:00,349.3433811863178,343.4461549964912,345.51019287109375,4049300,346.69914742329985
2024-07-23 00:00:00+00:00,347.5837230424273,341.82919461403134,342.0574645996094,2535700,347.5837230424273
2024-07-24 00:00:00+00:00,343.7981258299629,332.90729001709036,333.2021484375,3508100,341.4011747644241
2024-07-25 00:00:00+00:00,341.306015929702,332.2699618855421,336.0365905761719,3297600,333.097498586126
2024-07-26 00:00:00+00:00,344.0073672924891,337.67261395132397,341.9528503417969,2439000,337.67261395132397
2024-07-29 00:00:00+00:00,345.1677448781795,341.4201582744747,344.00732421875,2142100,341.6674410520138
2024-07-30 00:00:00+00:00,346.8798745895534,341.7150629254338,345.9287109375,2788800,345.10120320456724
2024-07-31 00:00:00+00:00,354.2988840843724,345.3104063937791,350.18035888671875,3526100,347.17467873278116
2024-08-01 00:00:00+00:00,353.3382395808318,336.4740996960923,341.0682067871094,3759000,351.9209861785931
2024-08-02 00:00:00+00:00,338.2052593609794,329.80646824103707,338.07208251953125,3764600,337.59650070386283
2024-08-05 00:00:00+00:00,336.6548753796579,328.37973974888246,332.91680908203125,3827900,333.7443168396664
2024-08-06 00:00:00+00:00,341.1443084165648,330.32006301455556,336.62628173828125,2831100,331.71827453713365
2024-08-07 00:00:00+00:00,338.8710400438738,325.56427077585005,325.67840576171875,3429100,337.8342752192878
2024-08-08 00:00:00+00:00,331.70876772069516,324.67016324377863,331.32830810546875,3591100,325.52620463484004
2024-08-09 00:00:00+00:00,334.362494806257,328.53185806711895,331.6136474609375,2314800,330.90027485553964
2024-08-12 00:00:00+00:00,334.33402910752693,325.4216301879049,328.9219055175781,3830200,333.6396691804947
2024-08-13 00:00:00+00:00,336.13168572826896,322.796354780476,332.97381591796875,6388600,325.17426354837556
2024-08-14 00:00:00+00:00,342.1240513378721,332.33656937341726,338.2908630371094,4814800,332.4792381137016
2024-08-15 00:00:00+00:00,347.56468361359043,340.64973490915474,342.4854736328125,3575800,344.7587394710728
2024-08-16 00:00:00+00:00,345.9381875032604,342.39033708624396,344.3782653808594,3308300,342.39033708624396
2024-08-19 00:00:00+00:00,346.8798390543557,344.4163289311705,345.3389587402344,3634900,344.79678854757447
2024-08-20 00:00:00+00:00,349.68575614040697,342.8944349519884,349.33380126953125,3459400,343.03710366871866
2024-08-21 00:00:00+00:00,354.66034963997424,350.52278237574853,352.3680419921875,4587600,351.4073865414081
2024-08-22 00:00:00+00:00,354.2703566433214,346.80371720352497,347.51708984375,4097300,353.35724779145136
2024-08-23 00:00:00+00:00,357.9418573674247,347.35540290652733,357.24749755859375,3426200,348.7536144207441
2024-08-26 00:00:00+00:00,360.09151583808466,355.13596143187084,355.8398132324219,2452100,358.6647703868852
2024-08-27 00:00:00+00:00,356.0015164943425,352.8817009996924,354.9552307128906,1780300,355.25008911122575
2024-08-28 00:00:00+00:00,357.076332426382,352.1207781720886,354.4891662597656,2218300,354.7840246551306
2024-08-29 00:00:00+00:00,357.2451276266909,351.1302622194508,351.2546691894531,2698400,356.56567866798815
2024-08-30 00:00:00+00:00,354.46048156704546,349.16859956873196,352.6327209472656,3216700,353.3408478667285
2024-09-03 00:00:00+00:00,353.47479572495627,347.27380885666463,349.0345764160156,3598100,352.0585128343082
2024-09-04 00:00:00+00:00,350.1733464215529,344.50827313458524,348.9676208496094,3221300,348.48915044074647
2024-09-05 00:00:00+00:00,349.4269360062119,342.1828869604485,346.26904296875,2789200,349.18770080023705
2024-09-06 00:00:00+00:00,349.70446447507334,343.94369110568965,344.5465393066406,2228800,347.2929840607186
2024-09-09 00:00:00+00:00,350.3934620156013,344.5274099848522,349.781005859375,2747600,347.1398689953204
2024-09-10 00:00:00+00:00,355.56089568874523,346.87188670045276,354.9006042480469,2787400,349.9532370225404
2024-09-11 00:00:00+00:00,355.22598584816313,346.5465549952121,354.5369873046875,2937700,353.6374606172744
2024-09-12 00:00:00+00:00,358.8431964864611,354.60395604381523,358.30731201171875,2367700,355.92453892925664
2024-09-13 00:00:00+00:00,365.5513900641143,359.3408535413962,363.6279296875,2514700,359.38868890057415
2024-09-16 00:00:00+00:00,367.4652463423005,363.1877200409566,365.5609436035156,2877800,365.55136485093436
2024-09-17 00:00:00+00:00,371.2356403244082,365.24518118342326,366.7380065917969,2947600,366.9198276918504
2024-09-18 00:00:00+00:00,375.76196451859266,364.66144516944485,367.474853515625,3549400,367.55139593165336
2024-09-19 00:00:00+00:00,374.99637529169433,370.34565716191855,373.5322570800781,3753500,374.01072746561954
2024-09-20 00:00:00+00:00,374.95814228192324,370.3361305563114,373.0729675292969,6584200,371.6088491115173
2024-09-23 00:00:00+00:00,375.74278046889765,370.5848850009399,375.0824890136719,2502300,374.0011412912437
2024-09-24 00:00:00+00:00,383.83853433168053,376.6806353892292,383.4079284667969,4057700,377.7045691182595
2024-09-25 00:00:00+00:00,383.40786983415165,378.5848804603881,379.8384704589844,2787300,383.40786983415165
2024-09-26 00:00:00+00:00,382.7763625478938,378.4605497150403,379.61846923828125,2849500,382.29789209470897
2024-09-27 00:00:00+00:00,386.16391067655707,381.15909962289174,382.3265686035156,2452300,382.44139683054146
2024-09-30 00:00:00+00:00,387.8576908813302,381.8385247996829,387.75244140625,3442000,382.9677371895071
2024-10-01 00:00:00+00:00,392.88166617588854,384.12566250059876,391.4366760253906,3476200,386.6232643120617
2024-10-02 00:00:00+00:00,393.74285379238256,387.522738586042,393.5514831542969,3431300,390.14477623910545
2024-10-03 00:00:00+00:00,395.1878276926311,389.28349034092696,393.857666015625,3320700,391.38877169895306
2024-10-04 00:00:00+00:00,394.0874036880511,382.2500495705558,390.7763671875,3989000,392.41275713327326
2024-10-07 00:00:00+00:00,392.1639042009242,383.962914592769,390.4892578125,3267800,387.4557718514374
2024-10-08 00:00:00+00:00,397.4079225173279,390.8528726995698,396.345703125,3693900,392.1542980700287
2024-10-09 00:00:00+00:00,401.9438352273658,393.0634259444665,398.15435791015625,3627800,401.9151281720656
2024-10-10 00:00:00+00:00,396.6328250988755,390.0777749136651,392.30743408203125,3040800,392.0777776399032
2024-10-11 00:00:00+00:00,395.3505057537499,391.2356431077975,394.16387939453125,2717400,392.8815823254758
2024-10-14 00:00:00+00:00,398.48928940548416,393.5897281184528,397.5323486328125,2088700,393.7619996522049
2024-10-15 00:00:00+00:00,403.40797197073397,397.1495707963875,397.6854553222656,3693000,399.9534296091441
2024-10-16 00:00:00+00:00,400.7093679099218,396.04907104159463,400.5849609375,2429000,396.04907104159463
2024-10-17 00:00:00+00:00,400.9581826209738,396.70936326598826,397.70458984375,2013800,400.58496170299514
2024-10-18 00:00:00+00:00,398.71895736184376,395.44620697523453,397.13043212890625,2436600,398.7093786087156
2024-10-21 00:00:00+00:00,398.62321684623987,386.95810734212006,388.90069580078125,3699500,398.1543252469635
2024-10-22 00:00:00+00:00,385.599332685239,379.1495314059119,384.54669189453125,4486700,381.34093416063297
2024-10-23 00:00:00+00:00,386.8720137219689,379.60883677468416,382.43182373046875,3159000,383.31219288579825
2024-10-24 00:00:00+00:00,386.7954499293864,380.9485269560901,385.34088134765625,2550300,384.9676896534318
2024-10-25 00:00:00+00:00,386.14472877913175,380.6997334646246,381.7332458496094,1941400,386.14472877913175
2024-10-28 00:00:00+00:00,388.3648585290733,384.6423739285073,385.5419006347656,2586500,386.07778515719406
2024-10-29 00:00:00+00:00,381.9245825712544,372.2977616215121,378.0585632324219,3822700,376.97721558638017
2024-10-30 00:00:00+00:00,380.5658051981013,375.0633953651775,375.618408203125,2795600,377.9916320008521
2024-10-31 00:00:00+00:00,378.63277986266075,373.6853830682664,376.7954406738281,2518600,373.6853830682664
2024-11-01 00:00:00+00:00,381.54186745270914,375.13038145918364,375.6853942871094,3277800,377.8002253294612
2024-11-04 00:00:00+00:00,383.23566168478663,374.2308452620567,378.5370788574219,2690500,375.0729578377128
2024-11-05 00:00:00+00:00,382.99644301071515,376.9007053273018,382.8624572753906,2496500,377.9629248458197
2024-11-06 00:00:00+00:00,377.0729309621746,365.2834142367708,371.6470642089844,7133400,377.0729309621746
2024-11-07 00:00:00+00:00,382.5466760729127,373.97246519776917,382.2404479980469,4323100,374.1638650454395
2024-11-08 00:00:00+00:00,388.90074213695266,384.97727894706543,388.4222717285156,3448700,386.60409001715794
2024-11-11 00:00:00+00:00,393.87682216127223,388.3552552927682,390.7093505859375,4071500,390.21172270111424
2024-11-12 00:00:00+00:00,398.1065104259287,384.8720317015394,385.72369384765625,5647100,396.4127356835281
2024-11-13 00:00:00+00:00,394.9677447831437,389.2069715588213,392.5275573730469,3083100,391.513202439919
2024-11-14 00:00:00+00:00,393.7810853823494,386.9772512419098,388.2499694824219,3348100,390.4317930400937
2024-11-15 00:00:00+00:00,391.3026727682752,385.5514491161491,390.6040954589844,3239500,385.5514491161491
2024-11-18 00:00:00+00:00,394.7763968643351,386.55627825011584,392.7668151855469,3394300,388.03952492539014
2024-11-19 00:00:00+00:00,391.54190378935766,382.16386636600566,389.28350830078125,3239400,390.7954911286239
2024-11-20 00:00:00+00:00,389.1878209618013,382.6997637406597,382.77630615234375,4732200,388.5179507446289
2024-11-21 00:00:00+00:00,393.6758632978078,383.1399364520778,392.7763366699219,3722200,384.04901262893196
2024-11-22 00:00:00+00:00,402.04908581537507,393.2547983126715,401.91510009765625,4932500,394.3456955413955
2024-11-25 00:00:00+00:00,411.72383737300095,406.18314118116433,410.2118835449219,4544200,406.6998974631619
2024-11-26 00:00:00+00:00,420.4510803690421,406.4127749951727,411.02520751953125,2758600,410.14483832546944
2024-11-27 00:00:00+00:00,413.74763826062696,409.76502663810317,410.9482727050781,2293500,412.3046681406926
2024-11-29 00:00:00+00:00,414.6133509015817,411.28490855522256,412.814453125,2028700,412.2661175177314
2024-12-02 00:00:00+00:00,414.03620343298473,407.0714773362333,410.72698974609375,2617100,412.6894372481573
2024-12-03 00:00:00+00:00,414.3055741547088,407.2254148515,413.0261535644531,2714000,413.3917106923268
2024-12-04 00:00:00+00:00,412.52588869954445,409.32250807529806,411.6505126953125,1968800,410.19791343683113
2024-12-05 00:00:00+00:00,413.4205136319459,409.6880267204214,410.32293701171875,2523500,410.3806534602641
2024-12-06 00:00:00+00:00,419.18280715383486,410.7751109038236,414.9693298339844,3161400,412.40085953832846
2024-12-09 00:00:00+00:00,419.7696198952276,411.7563386261967,412.86260986328125,3426000,415.9120996797014
2024-12-10 00:00:00+00:00,411.06367918392283,405.38800294861784,406.52313232421875,3354900,410.6692638536275
2024-12-11 00:00:00+00:00,411.7274646612272,405.243728467207,405.3591613769531,4211200,409.06279047024924
2024-12-12 00:00:00+00:00,406.6770687934172,397.47091260904153,398.6637878417969,3673600,405.407248073372
2024-12-13 00:00:00+00:00,402.24233465838824,398.4328726892461,401.1264343261719,2649500,399.96241737917285
2024-12-16 00:00:00+00:00,402.5693907974779,395.07555856677004,395.09478759765625,2879600,401.9633387156222
2024-12-17 00:00:00+00:00,394.79661694055426,390.78517646756814,392.94000244140625,3726500,394.4118307819835
2024-12-18 00:00:00+00:00,395.0947805808377,378.42368081533067,378.8469543457031,4225500,391.5258431544367
2024-12-19 00:00:00+00:00,380.11679306733174,370.25649802126645,370.38153076171875,4576100,379.7319775796941
2024-12-20 00:00:00+00:00,378.3371389388934,368.4864433458312,377.6733703613281,8046400,368.79428400502405
2024-12-23 00:00:00+00:00,378.2890263559807,372.31513845149686,377.5290832519531,2433800,376.2304043099432
2024-12-24 00:00:00+00:00,381.07879638671875,375.6532147379235,381.07879638671875,1392600,377.22124693835127
2024-12-26 00:00:00+00:00,380.7324427048462,376.730602387445,380.1167907714844,1319500,377.59637851480056
2024-12-27 00:00:00+00:00,380.4342757879169,376.49015146014887,377.9234924316406,1942700,377.23089493451965
2024-12-30 00:00:00+00:00,376.3362247620735,371.0164760107729,374.6239013671875,2444700,375.6820853431963
2024-12-31 00:00:00+00:00,376.57671453450985,372.57487387205623,374.20062255859375,2179700,375.181861030529
2025-01-02 00:00:00+00:00,377.7407534135443,371.6898901301587,373.6907958984375,2415700,377.2212759193809
2025-01-03 00:00:00+00:00,376.14383228212847,371.14152423216575,374.3833923339844,2231600,374.999073663279
2025-01-06 00:00:00+00:00,379.01047430109344,373.2770819708064,374.5661315917969,3274500,375.653173641628
2025-01-07 00:00:00+00:00,377.00001436610177,368.53460080131606,369.62164306640625,2274300,376.03803421749865
2025-01-08 00:00:00+00:00,372.9499984629522,365.64857437482925,372.4786376953125,2848500,368.4383102783232
2025-01-10 00:00:00+00:00,377.97157535850806,369.9967527267223,375.06640625,5323400,374.12365525634084
2025-01-13 00:00:00+00:00,380.80941208266296,372.9596806352685,374.3833923339844,3512900,375.16259383322796
2025-01-14 00:00:00+00:00,379.21252107522434,374.8162655067718,377.84649658203125,3405200,375.73975807049004
2025-01-15 00:00:00+00:00,392.4878369688422,386.48509120953696,390.65045166015625,4584800,391.18915810741186
2025-01-16 00:00:00+00:00,394.51761619868216,388.5629868188781,393.76727294921875,2305900,390.82361640460834
2025-01-17 00:00:00+00:00,398.69267598456213,392.9977407068454,393.8154296875,3229000,397.76915392397865
2025-01-21 00:00:00+00:00,404.24328441006713,397.2977868173221,402.5213317871094,3568100,397.2977868173221
2025-01-22 00:00:00+00:00,401.6747909848633,393.76731315287174,394.508056640625,3581400,401.6747909848633
2025-01-23 00:00:00+00:00,398.9235004786009,393.2093367591319,398.6349182128906,3840300,395.9221274860112
2025-01-24 00:00:00+00:00,399.23134186615846,395.14292673638994,398.74072265625,2369800,398.3463073208551
2025-01-27 00:00:00+00:00,409.98628189971635,398.25974268323694,408.7164611816406,3699200,399.12551886108804
2025-01-28 00:00:00+00:00,407.14846385744147,400.85713489767113,402.9061279296875,2818300,407.14846385744147
2025-01-29 00:00:00+00:00,405.34953667255877,396.1337805356814,397.7018127441406,2384900,404.243265465501
2025-01-30 00:00:00+00:00,401.45351338810747,395.8740115966311,398.74072265625,3081300,400.57810803744565
2025-01-31 00:00:00+00:00,400.5492652640776,394.7196684027202,396.3165588378906,2761000,397.46131746697483
2025-02-03 00:00:00+00:00,396.2395963816857,385.76364838325213,393.218994140625,2896200,390.67935259112426
2025-02-04 00:00:00+00:00,396.8937085201612,390.65046750941593,395.84515380859375,2150800,393.940452134699
2025-02-05 00:00:00+00:00,399.36602949241046,392.6225690075845,398.08660888671875,2212100,399.36602949241046
2025-02-06 00:00:00+00:00,401.9056580917028,397.29776537733045,398.4136657714844,2023700,399.1351508175691
2025-02-07 00:00:00+00:00,398.53868919871576,391.04485702727607,391.88177490234375,2530200,397.49013455637703
2025-02-10 00:00:00+00:00,399.1736134917227,393.2478131577306,398.2500915527344,2617600,395.027482032529
2025-02-11 00:00:00+00:00,400.73206625964883,397.047665954208,400.530029296875,1441800,398.25977030163705
2025-02-12 00:00:00+00:00,394.0751335316681,386.8314247103406,391.66058349609375,3387000,393.04580780127907
2025-02-13 00:00:00+00:00,397.27849624320567,391.9972062759967,396.7493896484375,3067900,393.1708230067877
2025-02-14 00:00:00+00:00,402.1076156374008,393.02652263901535,393.9307861328125,3004400,399.221675812252
2025-02-18 00:00:00+00:00,393.3248033586065,385.0036812684108,387.9761962890625,3994000,392.7860968449333
2025-02-19 00:00:00+00:00,383.48379048269453,378.0004917504343,380.39581298828125,3780000,382.11776571901356
2025-02-20 00:00:00+00:00,379.75123612607547,376.23038578528946,379.63580322265625,2703500,378.058141923127
2025-02-21 00:00:00+00:00,382.69491869526206,369.30414319657723,370.6509094238281,5287000,381.32889407792777
2025-02-24 00:00:00+00:00,371.8534160141241,363.8209052307364,367.8804626464844,5722000,371.4109133642476
2025-02-25 00:00:00+00:00,385.76364567981324,369.5831335037105,378.337158203125,6823900,370.3623350288233
2025-02-26 00:00:00+00:00,383.70500051609463,373.7869879632104,375.6340026855469,3871500,380.21300803111524
2025-02-27 00:00:00+00:00,380.43425383375984,373.5657021439832,375.43194580078125,2825100,375.085647072205
2025-02-28 00:00:00+00:00,381.78102531955483,375.4415801871782,381.52130126953125,4263500,379.42419176468417
2025-03-03 00:00:00+00:00,381.9733790043505,371.77638584409766,374.87396240234375,3397600,381.8579461095695
2025-03-04 00:00:00+00:00,373.2097822906259,364.49424514537907,367.1685485839844,4384800,371.46860070059705
2025-03-05 00:00:00+00:00,372.4016942586783,363.6380705182754,371.6609802246094,2780300,364.59042132740683
2025-03-06 00:00:00+00:00,373.01741364386936,366.25469470295053,367.2166748046875,4222000,368.9193690161329
2025-03-07 00:00:00+00:00,366.17768900976677,354.8744237664871,362.47406005859375,4573900,365.0714178574165
2025-03-10 00:00:00+00:00,368.5538262246121,358.4434055675166,360.4058532714844,3710500,363.08978607983545
2025-03-11 00:00:00+00:00,360.6751612953776,351.824962739437,354.1625671386719,4013300,359.9921637022774
2025-03-12 00:00:00+00:00,357.85659123356595,347.99629537296363,350.8630065917969,3368000,357.82773300533916
2025-03-13 00:00:00+00:00,350.4467326988841,334.24100097775715,336.16748046875,7062400,350.3596086033906
2025-03-14 00:00:00+00:00,340.1753637262555,334.3958957503919,340.097900390625,5510700,339.4589608179017
2025-03-17 00:00:00+00:00,344.20257539459527,339.7590692356985,342.8279113769531,3681300,340.53355488415093
2025-03-18 00:00:00+00:00,342.59558608803343,336.4966333735543,338.4134521484375,3008200,342.24706015459685
2025-03-19 00:00:00+00:00,343.11827897827266,337.8518954500582,342.1405334472656,2990200,340.7658400705232
2025-03-20 00:00:00+00:00,350.2240533973109,340.9595036283325,344.17352294921875,3391200,343.37002550489865
2025-03-21 00:00:00+00:00,342.11152334320025,335.22842461612987,339.9429931640625,8205400,340.85299529724597
2025-03-24 00:00:00+00:00,352.799187408031,342.9731311809247,352.1602478027344,4023200,343.30227651511854
2025-03-25 00:00:00+00:00,352.04407303931447,347.0971733101002,349.4689636230469,2799500,349.99173774877517
2025-03-26 00:00:00+00:00,353.08962805147434,348.62674115016233,350.5726013183594,3140900,348.8881429898351
2025-03-27 00:00:00+00:00,353.554273999352,349.6238517139466,351.1534423828125,3036600,350.34991538061416
2025-03-28 00:00:00+00:00,351.608420064337,344.8027849300688,346.7195739746094,2980200,351.5696883991491
2025-03-31 00:00:00+00:00,356.971586839671,341.3951056412781,354.79339599609375,4498800,342.2179836464614
2025-04-01 00:00:00+00:00,355.56789924049394,350.36928822922675,353.8543701171875,2801600,352.5184378167255
2025-04-02 00:00:00+00:00,360.42764235988125,350.69840213072183,359.052978515625,3189500,350.98881574750754
2025-04-03 00:00:00+00:00,348.5492507570055,340.48508803466785,344.5510559082031,5407100,344.4252001604428
2025-04-04 00:00:00+00:00,353.77690060646387,337.9003162919335,342.6051940917969,7531100,339.51700131293245
2025-04-07 00:00:00+00:00,342.91503819673903,322.85631766840027,330.6106872558594,6950500,333.31162288489674
2025-04-08 00:00:00+00:00,342.7020536098571,319.2163045497586,324.540771484375,4868000,339.19759100895936
2025-04-09 00:00:00+00:00,344.6769482365905,315.8957741778471,344.0476989746094,6793000,318.11269682068485
2025-04-10 00:00:00+00:00,343.95085155311176,328.8196816357823,342.3341369628906,5574800,341.58872231409816
2025-04-11 00:00:00+00:00,343.15704493591187,333.21482396003404,342.5664978027344,3576400,339.1298083328257
2025-04-14 00:00:00+00:00,347.5618187648947,342.3148153233766,345.7999267578125,2841800,346.38075404388053
2025-04-15 00:00:00+00:00,349.90458048818135,342.0437364591473,342.8085021972656,2883100,345.1803218290209
2025-04-16 00:00:00+00:00,342.5083713391913,333.3309468544315,334.9476318359375,2637200,340.61093350911887
2025-04-17 00:00:00+00:00,346.09033988774524,337.2517203267121,343.72821044921875,3232400,337.42596851227415
2025-04-21 00:00:00+00:00,343.0505176615552,330.8913748620973,335.82861328125,4015200,342.9827741782763
2025-04-22 00:00:00+00:00,344.8511968563986,339.2363163743828,343.1183166503906,2802400,339.9526897310494
2025-04-23 00:00:00+00:00,353.19605733271857,343.52489956769705,345.0447998046875,3283300,350.36926624156047
2025-04-24 00:00:00+00:00,348.8978033155224,343.2925832913468,348.1620788574219,2749500,345.12227799235006
2025-04-25 00:00:00+00:00,347.5424792021221,343.41842807295615,346.16778564453125,2811300,346.2839806491949
2025-04-28 00:00:00+00:00,348.60734167859226,343.1957512028483,345.5288391113281,2413000,346.56466739207946
2025-04-29 00:00:00+00:00,349.0720109656988,343.40873841056987,347.5424499511719,2836900,344.53172034561675
2025-04-30 00:00:00+00:00,349.7400293743382,341.13376977455033,348.98492431640625,3741500,345.1222749289399
2025-05-01 00:00:00+00:00,351.29865250607577,346.30333088726456,346.86480712890625,3210100,348.8106672278008
2025-05-02 00:00:00+00:00,354.5417379279931,349.6335404725331,352.88629150390625,2283300,350.52416202195883
2025-05-05 00:00:00+00:00,352.63461740057164,348.24919395705325,350.18536376953125,2563500,350.5725918233055
2025-05-06 00:00:00+00:00,350.70808921922946,345.7321484352336,347.91033935546875,2299700,347.2326681406202
2025-05-07 00:00:00+00:00,352.16988616864194,348.27819592152935,351.1727600097656,2657200,348.97521815691107
2025-05-08 00:00:00+00:00,357.5233820867487,350.6983963130761,353.21539306640625,3035800,352.3925446512958
2025-05-09 00:00:00+00:00,353.902740364503,349.9626284393276,351.1340026855469,1970700,350.5725265436669
2025-05-12 00:00:00+00:00,366.6330702368515,361.56031542736775,364.571044921875,3831400,363.03179366198054
2025-05-13 00:00:00+00:00,368.84033580771313,361.04726441452,361.676513671875,2726800,368.84033580771313
2025-05-14 00:00:00+00:00,363.7966469133368,358.9949243522296,360.9117431640625,2587400,360.03078232575785
2025-05-15 00:00:00+00:00,367.2236316932871,359.6628909965161,366.5459899902344,2830500,360.2243967822867
2025-05-16 00:00:00+00:00,369.0048865790074,366.08125165144884,368.6273193359375,3129100,368.0948845272829
2025-05-19 00:00:00+00:00,368.9952235359594,362.2186296123182,367.27203369140625,4428200,362.247670975961
2025-05-20 00:00:00+00:00,377.3110775898421,362.1121333332452,365.0163879394531,6287400,374.0389460065376
2025-05-21 00:00:00+00:00,366.2555236165179,356.8360770544098,359.00457763671875,3966000,365.9167175582356
2025-05-22 00:00:00+00:00,357.44598475681204,352.9347057480353,354.4449157714844,2957300,356.2552297391057
2025-05-23 00:00:00+00:00,353.0798624387055,349.6237928765167,351.1340026855469,3115000,350.81454772516025
2025-05-27 00:00:00+00:00,358.7238200962832,353.5058582520623,358.57861328125,3998500,354.2125708100295
2025-05-28 00:00:00+00:00,359.3047027539561,355.70342576398025,356.3133239746094,2986100,357.0490779485247
2025-05-29 00:00:00+00:00,358.53023266636126,352.44097064417053,356.5359802246094,3034800,358.19139705772074
2025-05-30 00:00:00+00:00,357.84290069016265,353.4671382290096,356.5359802246094,4110400,355.335534912386
2025-06-02 00:00:00+00:00,356.29398555554013,350.29184717805845,356.2165222167969,2506900,353.4962059296873
2025-06-03 00:00:00+00:00,361.6184360213828,355.2871526046649,361.173095703125,3359500,356.2165058215573
2025-06-04 00:00:00+00:00,363.3899835208056,359.7983972159325,360.5147705078125,2428800,361.1730610756808
2025-06-05 00:00:00+00:00,361.9369831366346,357.9918857818093,359.7160339355469,2324100,361.3817384045615
2025-06-06 00:00:00+00:00,362.9987840395618,356.4917955559518,357.8165588378906,2349700,361.8883241976081
2025-06-09 00:00:00+00:00,357.83601043583644,354.92342821391657,355.74169921875,2619700,357.8067885947498
2025-06-10 00:00:00+00:00,359.00493999277415,353.16033353150175,358.38153076171875,3014900,356.4625504511794
2025-06-11 00:00:00+00:00,359.57967025841026,350.00424043900443,351.12445068359375,3793500,359.57967025841026
2025-06-12 00:00:00+00:00,355.61508372469166,349.22498310226143,353.7545471191406,2921900,351.46540366586026
2025-06-13 00:00:00+00:00,353.39411643824155,343.6628270595843,345.47467041015625,3364400,350.6763662759856
2025-06-16 00:00:00+00:00,347.86121458999185,342.7861564008943,344.4031677246094,3688600,346.66308931393684
2025-06-17 00:00:00+00:00,345.11428530647066,338.41246501583214,339.7469787597656,4230100,342.82514178754525
2025-06-18 00:00:00+00:00,341.81203293710047,336.84411192098173,338.0422668457031,4453900,341.0132629872862
2025-06-20 00:00:00+00:00,342.1140332199877,337.8377449214751,340.5652160644531,8056500,338.49037600019926
2025-06-23 00:00:00+00:00,347.8222544597737,339.49367299550505,347.715087890625,3862400,340.9061313496055
2025-06-24 00:00:00+00:00,352.3420791931256,346.56566715490777,351.08551025390625,4089600,347.4326313503985
2025-06-25 00:00:00+00:00,354.18317639353523,349.0593949431035,352.48822021484375,4159600,349.81919263451437
2025-06-26 00:00:00+00:00,355.7709600209544,351.26086711371636,354.08575439453125,3187900,353.8130072721189
2025-06-27 00:00:00+00:00,360.5635190881765,353.59870211320623,359.1900329589844,5503700,354.1928895198744
2025-06-30 00:00:00+00:00,361.3428130380384,355.2741525151179,357.1444396972656,4600700,359.7160511296117
2025-07-01 00:00:00+00:00,369.8564229793569,353.54998122691507,363.49554443359375,5152600,354.90396620237425
2025-07-02 00:00:00+00:00,364.28457189741687,359.8037011091855,362.219482421875,3011400,363.9728524259979
2025-07-03 00:00:00+00:00,363.5150150697026,358.79061913098633,362.0538635253906,2573600,362.1805014155837
2025-07-07 00:00:00+00:00,363.13514481929917,355.2838926033202,358.1185302734375,3433100,361.3914955870541
2025-07-08 00:00:00+00:00,360.8070344058556,355.6540313644778,357.9821472167969,2531700,356.54046691532693
2025-07-09 00:00:00+00:00,361.45967228093707,355.3423190702639,361.4304504394531,3384200,357.99187503122323
2025-07-10 00:00:00+00:00,368.1517708477702,358.966004640848,363.6319274902344,3701700,359.44330466550264
2025-07-11 00:00:00+00:00,362.1707715549625,357.6022350875956,360.485595703125,3068900,360.7680636142201
2025-07-14 00:00:00+00:00,361.67399799887846,356.9593523430877,360.5245361328125,2481100,360.8849785029485
2025-07-15 00:00:00+00:00,361.1480048232135,349.2347369427593,349.3516540527344,3868700,360.397957632321
2025-07-16 00:00:00+00:00,351.60178381885936,343.33164573853793,348.1437072753906,4259800,350.5399875206688
2025-07-17 00:00:00+00:00,350.9880895819666,345.4746741956177,349.7412414550781,3128900,347.30598888481114
2025-07-18 00:00:00+00:00,351.26085212130573,347.724860477492,350.0919189453125,3361600,350.65691421368456
2025-07-21 00:00:00+00:00,356.3067123526801,350.5205492264087,354.6117858886719,3503900,351.3777629824797
2025-07-22 00:00:00+00:00,362.5604583765046,354.300069957896,361.4012756347656,3095400,355.040396341449
2025-07-23 00:00:00+00:00,368.0933092071187,361.92723291879855,366.6029357910156,3238000,362.07337185793415
2025-07-24 00:00:00+00:00,368.09332065823696,362.6188773480911,363.4273681640625,3088000,365.7554840130025
2025-07-25 00:00:00+00:00,366.25226988875767,363.388410223312,365.6191101074219,2221000,364.9567284816308
2025-07-28 00:00:00+00:00,371.2104092450175,363.3202146452538,367.46014404296875,4062800,364.06051121716973
2025-07-29 00:00:00+00:00,369.8953763567147,365.06381408554273,367.5672607421875,2931600,367.2360699757867
2025-07-30 00:00:00+00:00,368.7265067831043,360.05701250147666,362.44354248046875,3110700,367.89851486092016
2025-07-31 00:00:00+00:00,363.15463689726704,357.339252010117,357.9919128417969,3091600,359.60892427150435
2025-08-01 00:00:00+00:00,365.09306472868894,356.277462042711,363.98260498046875,3008200,358.2938583677486
2025-08-04 00:00:00+00:00,372.00919993401266,364.01183831714775,370.9571838378906,2844300,365.1320486240275
2025-08-05 00:00:00+00:00,376.91865708676045,371.09352219217897,375.42828369140625,2931400,371.970207178763
2025-08-06 00:00:00+00:00,378.8571276640159,374.5613383140613,376.78228759765625,2812800,376.0809336277207
2025-08-07 00:00:00+00:00,381.31186189284557,373.43135836283057,376.1686096191406,2433000,378.55513931763676
2025-08-08 00:00:00+00:00,379.20782269774696,376.19785388859293,377.80511474609375,2326700,377.0550378793088
2025-08-11 00:00:00+00:00,381.3800313517173,373.3729195535163,377.4933776855469,2605800,379.87993714240525
2025-08-12 00:00:00+00:00,386.1142122595468,378.92534113411955,385.7440490722656,2911300,381.28267895842134
2025-08-13 00:00:00+00:00,397.2578993934911,388.4227956899148,396.63446044921875,5187500,389.14362095792524
2025-08-14 00:00:00+00:00,393.15691956210634,389.01699000440846,389.9521484375,3600200,390.80936213756445
2025-08-15 00:00:00+00:00,392.3581873156528,385.1887878177296,389.0364990234375,3841400,391.79319203484806
2025-08-18 00:00:00+00:00,387.8286323833715,382.3444383469069,384.47772216796875,4407100,386.29928649754964
2025-08-19 00:00:00+00:00,403.628498570133,390.6339940736974,396.6539611816406,7629300,390.6339940736974
2025-08-20 00:00:00+00:00,400.5211846605655,391.2672236954765,391.33538818359375,4195300,399.06975372627636
2025-08-21 00:00:00+00:00,393.9556748431572,385.90962050053713,387.3999938964844,2942600,389.55274886236265
2025-08-22 00:00:00+00:00,403.7648866064881,387.994188174852,402.09918212890625,5284700,390.48788449320784
2025-08-25 00:00:00+00:00,400.4237183250915,396.9948636673291,398.3099060058594,3579500,399.7320851888426
2025-08-26 00:00:00+00:00,398.44632009907895,394.22844571179905,396.98516845703125,3180900,397.4332466369748
2025-08-27 00:00:00+00:00,401.0276833838094,396.6539789668225,397.6670227050781,2487800,398.2027961452619
2025-08-28 00:00:00+00:00,398.35867368482377,394.3258806901817,396.89752197265625,4051600,396.4591645681229
2025-08-29 00:00:00+00:00,398.3099169154644,394.9005632103698,396.2350769042969,2210300,397.17023532413907
2025-09-02 00:00:00+00:00,398.0079364650294,392.3191900144555,395.7869873046875,3328600,393.22509683824666
2025-09-03 00:00:00+00:00,398.42682691700657,393.11799368242345,397.1507568359375,3025100,394.4525074521516
2025-09-04 00:00:00+00:00,404.8016547253665,398.9043082586805,403.3028259277344,3873100,400.1876178222021
2025-09-05 00:00:00+00:00,411.83535880476114,405.58533112104004,410.4149169921875,5855600,408.1029807496485
2025-09-08 00:00:00+00:00,412.01165053708655,407.28006367312344,411.38470458984375,3742600,409.9740388387304
2025-09-09 00:00:00+00:00,410.1895939447977,404.3412170594542,406.8784484863281,3516000,409.60181151441947
2025-09-10 00:00:00+00:00,408.9258489319185,403.3517667634051,404.8114318847656,2897800,407.05475705377023
2025-09-11 00:00:00+00:00,416.5572017980559,405.8106870548664,414.79388427734375,5316400,407.23115887133787
2025-09-12 00:00:00+00:00,414.88200647065827,410.3463268610707,414.0787048339844,5004200,411.70799339049336
2025-09-15 00:00:00+00:00,414.67627370773755,409.23935350107473,414.0982971191406,4884700,413.86319610570627
2025-09-16 00:00:00+00:00,415.8812224174498,411.5316743332673,412.8639831542969,3726700,415.1171142348694
2025-09-17 00:00:00+00:00,418.0560061228361,407.3388796374738,408.504638671875,4771700,415.79306914920005
2025-09-18 00:00:00+00:00,412.8052001978021,407.3878320313999,408.974853515625,3677200,409.04340471207087
2025-09-19 00:00:00+00:00,410.05242109710446,406.6433369020692,407.2213134765625,6718400,408.86708032215574
2025-09-22 00:00:00+00:00,406.42780743475134,402.7542048028028,403.6064758300781,2656300,405.6734752276442
2025-09-23 00:00:00+00:00,405.3012834437622,399.15900008081553,402.5387268066406,2597000,403.6065171601682
2025-09-24 00:00:00+00:00,402.2839824055749,396.75889946246326,401.4219055175781,3220700,398.502635023782
2025-09-25 00:00:00+00:00,402.4897343744963,397.3466900752127,399.14923095703125,2554300,398.365511031054
2025-09-26 00:00:00+00:00,403.02852799125884,397.57199598474955,401.73541259765625,2316600,399.8447388166831
2025-09-29 00:00:00+00:00,402.57786751626935,395.62250741990357,398.51239013671875,3008400,401.69617899318126
2025-09-30 00:00:00+00:00,398.70836496007536,395.2600871607669,396.93524169921875,3211600,398.3459075934487
2025-10-01 00:00:00+00:00,396.8764651385023,387.2565166096406,388.9316711425781,3787800,396.1515504076353
2025-10-02 00:00:00+00:00,389.2843587448974,385.7674998060476,386.962646484375,2964700,387.4426543655873
2025-10-03 00:00:00+00:00,389.225594853524,384.63113961223223,387.0116271972656,2951300,386.10058082213305
2025-10-06 00:00:00+00:00,386.4630330709661,377.86190516575334,381.3983459472656,3653700,386.4630330709661
2025-10-07 00:00:00+00:00,381.8097945639405,377.65618378693,378.9296875,2505700,381.51591829041877
2025-10-08 00:00:00+00:00,378.5868104355069,375.1777260925677,375.9712219238281,2517600,378.5868104355069
2025-10-09 00:00:00+00:00,376.52958156134935,369.7701583288743,369.9954833984375,3321400,375.09933389610165
2025-10-10 00:00:00+00:00,372.51313042944065,367.1447614322299,368.0950012207031,2992400,372.51313042944065
2025-10-13 00:00:00+00:00,374.52134224805894,369.5056548325116,371.6412353515625,2925900,371.3473590951262
2025-10-14 00:00:00+00:00,380.9673136860338,370.3089627976905,379.8211364746094,4399900,371.151428011127
2025-10-15 00:00:00+00:00,386.3356893143601,378.8513508198221,380.38934326171875,3690100,381.30041955031436
2025-10-16 00:00:00+00:00,382.05470759562235,376.1475552355551,379.4978942871094,2783700,381.7216378482983
2025-10-17 00:00:00+00:00,385.1013259308019,379.31175410870986,383.9159851074219,2657700,380.58525781357866
2025-10-20 00:00:00+00:00,385.1698957139825,380.1835958127397,380.9673156738281,2761100,383.43596597058104
2025-10-21 00:00:00+00:00,385.6107645968779,377.99904004536666,382.9363708496094,2306900,379.66441869751617
2025-10-22 00:00:00+00:00,385.0425515974537,380.26199482432963,381.0456848144531,2857000,383.27923417174753
2025-10-23 00:00:00+00:00,380.8008019781014,373.53195279335034,377.18597412109375,2767300,379.24319784476734
2025-10-24 00:00:00+00:00,381.7608316980107,377.81293424475376,378.8023376464844,2426800,381.7608316980107
2025-10-27 00:00:00+00:00,381.35917244645236,375.0993387883593,377.4210510253906,3065800,379.8015684126954
2025-10-28 00:00:00+00:00,382.06451897376246,375.03077102139616,377.89129638671875,2372800,376.58840500636774
2025-10-29 00:00:00+00:00,377.15657775931845,367.55624046560627,370.33837890625,3852300,375.1973228099194
2025-10-30 00:00:00+00:00,376.86267092031517,368.44764528655713,371.81756591796875,2384300,370.01505509816695
2025-10-31 00:00:00+00:00,373.17928404554624,367.3701004288066,371.8567810058594,2643500,369.28035602314776
2025-11-03 00:00:00+00:00,370.7693851525698,366.06715574530307,370.64202880859375,2897600,369.32933169412354
2025-11-04 00:00:00+00:00,375.86341715899624,369.07460674998697,375.275634765625,2590000,369.6623891433582
2025-11-05 00:00:00+00:00,375.6087548028426,362.9813431343525,366.2239074707031,4763000,374.9915847510307
2025-11-06 00:00:00+00:00,365.0679451530435,360.0620336661267,361.55108642578125,3622100,364.2450617365343
2025-11-07 00:00:00+00:00,366.0377614063349,360.08164014139186,363.54949951171875,2766400,361.47269426733635
2025-11-10 00:00:00+00:00,363.108686875456,356.0455818633942,362.88336181640625,3257900,362.2564158414385
2025-11-11 00:00:00+00:00,368.33993764706725,363.3536372914225,366.61578369140625,2407300,364.4116218304863
2025-11-12 00:00:00+00:00,365.9496404425676,361.4923473497925,363.56915283203125,3375800,364.4801992169242
2025-11-13 00:00:00+00:00,365.9104236770592,359.15100044860304,360.57147216796875,3034800,364.08833102327503
2025-11-14 00:00:00+00:00,359.84650181759565,352.46990905775664,354.9777526855469,3413300,358.45544772035555
2025-11-17 00:00:00+00:00,356.3688809187578,348.8453491014055,350.73602294921875,5127200,353.7728740945766
2025-11-18 00:00:00+00:00,341.69401707924874,329.1646044546348,329.6250305175781,10168500,333.05372633647596
2025-11-19 00:00:00+00:00,334.78766238635967,324.6191252385153,327.68536376953125,7595000,334.0235542137627
2025-11-20 00:00:00+00:00,331.9957418511405,325.36367467676166,325.60858154296875,4025300,329.5074797196365
2025-11-21 00:00:00+00:00,339.8523790237712,326.2159513276106,336.3257141113281,7441300,327.7539736485155
2025-11-24 00:00:00+00:00,336.7077092382792,329.6935738010159,329.72296142578125,6132900,335.2284922639491
2025-11-25 00:00:00+00:00,345.80848996623916,331.9467675232512,343.9178161621094,6316600,332.09370566162914
2025-11-26 00:00:00+00:00,350.0502420089021,341.88995900684074,348.2281494140625,4517300,343.12429908454203
2025-11-28 00:00:00+00:00,350.5400858159013,346.29831200828005,349.6486511230469,2119600,347.699172120889
2025-12-01 00:00:00+00:00,354.90923611287644,345.6909382499242,350.0502624511719,5107100,346.8370856211322
2025-12-02 00:00:00+00:00,350.2167825130131,344.1430808999001,346.8174743652344,3965300,349.56041902517626
2025-12-03 00:00:00+00:00,353.12628241866895,346.54318523754483,350.6184387207031,4166700,347.2779057716174
2025-12-04 00:00:00+00:00,352.49181916435185,345.08722367914385,346.2408142089844,4022800,351.28894249538723
2025-12-05 00:00:00+00:00,350.62830949760183,344.6237958309911,349.6324768066406,5959200,345.7280700562231
2025-12-08 00:00:00+00:00,347.14786721894285,340.8475764249326,344.99847412109375,7273000,347.0098479824472
2025-12-09 00:00:00+00:00,351.6635912020045,340.11793772700884,340.423583984375,5063100,342.87865339540855
2025-12-10 00:00:00+00:00,347.0788162197039,339.17140078923484,346.2013244628906,6316100,339.2700031445164
2025-12-11 00:00:00+00:00,357.62865156351575,348.97189397197974,352.4424743652344,6609800,351.0029762024183
2025-12-12 00:00:00+00:00,355.69618067158007,351.0522711993482,354.60174560546875,3861200,354.2172355097979
2025-12-15 00:00:00+00:00,357.579359927637,350.62829989613044,351.97906494140625,4387400,354.3454011754941
2025-12-16 00:00:00+00:00,353.7045198644217,346.8718003495169,347.7295837402344,3497200,351.890350719742
2025-12-17 00:00:00+00:00,352.4819041668492,346.05343383765756,351.742431640625,3875200,347.02952794372493
2025-12-18 00:00:00+00:00,361.15838486769815,349.5831840686038,350.00714111328125,4805200,358.437146318118
2025-12-19 00:00:00+00:00,349.1394914439731,340.0785153162193,340.1573791503906,12825600,349.1394914439731
