datetime,high,low,close,volume,open
2007-01-03 00:00:00+00:00,9.187736141921198,8.974158462252573,9.059589385986328,9484400,9.071239360405308
2007-01-04 00:00:00+00:00,9.222684849976044,9.036289712873794,9.199385643005371,5766000,9.05570559523795
2007-01-05 00:00:00+00:00,9.14113697379009,9.067355289874847,9.125603675842285,3298200,9.133370324816187
2007-01-08 00:00:00+00:00,9.183853067185169,9.094538816213118,9.152787208557129,3558600,9.125604674841156
2007-01-09 00:00:00+00:00,9.191619828050705,9.090655601122734,9.164437294006348,6938000,9.13725475996199
2007-01-10 00:00:00+00:00,9.226570938883105,9.113956713559928,9.211037635803223,5318000,9.133373342409781
2007-01-11 00:00:00+00:00,9.319768761831373,9.234337814821975,9.304235458374023,7137200,9.265403681068
2007-01-12 00:00:00+00:00,9.343065326633116,9.257634403852132,9.327532768249512,6081200,9.311999469197444
2007-01-16 00:00:00+00:00,9.33918564341365,9.277053904315842,9.308119773864746,3113600,9.280937230593048
2007-01-17 00:00:00+00:00,9.288703630710666,9.172206808235467,9.187739372253418,3026000,9.269287740521044
2007-01-18 00:00:00+00:00,9.172203592508042,9.055706070207542,9.08288860321045,9660800,9.13725440988474
2007-01-19 00:00:00+00:00,9.086771890982781,9.020756850815452,9.079005241394043,4741400,9.02852350040419
2007-01-22 00:00:00+00:00,9.082886439107652,8.966389685232325,9.012988090515137,6799800,9.067353884236146
2007-01-23 00:00:00+00:00,9.071237208121097,8.978039656887178,9.012988090515137,2941600,8.989688887873731
2007-01-24 00:00:00+00:00,9.17608642578125,9.040173757076673,9.17608642578125,8763000,9.047939666239438
2007-01-25 00:00:00+00:00,9.249866921969543,9.063471794128418,9.063471794128418,2902800,9.211034418502209
2007-01-26 00:00:00+00:00,9.129486865481493,9.0324059767469,9.067355155944824,8337200,9.098421010713158
2007-01-29 00:00:00+00:00,9.141137000249879,9.06735531612107,9.10618782043457,4681000,9.08288787344542
2007-01-30 00:00:00+00:00,9.160548210144043,9.098416531197296,9.160548210144043,4996200,9.098416531197296
2007-01-31 00:00:00+00:00,9.238218084073543,9.090654712727131,9.21491813659668,3446800,9.145019775502952
2007-02-01 00:00:00+00:00,9.2459847929256,9.148903892040336,9.17608642578125,3014400,9.226568909015946
2007-02-02 00:00:00+00:00,9.222686767578125,9.17608760327934,9.222686767578125,3043200,9.207153465922334
2007-02-05 00:00:00+00:00,9.222684849976044,9.164436462215145,9.199385643005371,2069000,9.164436462215145
2007-02-06 00:00:00+00:00,9.218805240958053,9.117840982500805,9.187739372253418,3391400,9.19550602459676
2007-02-07 00:00:00+00:00,9.26540267954354,9.195504302878335,9.230453491210938,3141200,9.242102726876075
2007-02-08 00:00:00+00:00,9.253747824806343,9.183849484990242,9.242097854614258,2740200,9.183849484990242
2007-02-09 00:00:00+00:00,9.265400546046497,9.094537969171729,9.14113712310791,3774800,9.253750572395344
2007-02-12 00:00:00+00:00,9.13336935687874,9.079003560491426,9.102303504943848,5192000,9.10618682901925
2007-02-13 00:00:00+00:00,9.152787274056747,9.106188856115466,9.13725471496582,3063400,9.133371390025964
2007-02-14 00:00:00+00:00,9.273165840779724,9.16831904753183,9.265399932861328,2036400,9.176084955450223
2007-02-15 00:00:00+00:00,9.304234681429067,9.249869605205419,9.300352096557617,6126600,9.280935468857304
2007-02-16 00:00:00+00:00,9.280938148498535,9.218806403255758,9.280938148498535,4092600,9.230456383239588
2007-02-20 00:00:00+00:00,9.304232624683083,9.207151729647567,9.28481674194336,2642400,9.238218327100643
2007-02-21 00:00:00+00:00,9.288702998242593,9.230454590971132,9.269287109375,2329400,9.25375380574598
2007-02-22 00:00:00+00:00,9.350832858658578,9.261518602685403,9.319766998291016,7157200,9.32753364855004
2007-02-23 00:00:00+00:00,9.315881691613075,9.269283281307784,9.31199836730957,2015800,9.296465810763932
2007-02-26 00:00:00+00:00,9.335298300998558,9.234334091243802,9.28869915008545,1975200,9.280932501488534
2007-02-27 00:00:00+00:00,9.222684943157693,8.846011340540946,8.931442260742188,9442800,9.1333706983107
2007-02-28 00:00:00+00:00,9.036289926649598,8.880960642056358,8.966391563415527,7235400,8.931442381798492
2007-03-01 00:00:00+00:00,9.009109237871652,8.69456653895666,8.958626747131348,7367200,8.826596643044004
2007-03-02 00:00:00+00:00,8.943094650492949,8.791647911071777,8.791647911071777,5225800,8.892612157129678
2007-03-05 00:00:00+00:00,8.90037610093417,8.721746876659132,8.81106185913086,2813600,8.721746876659132
2007-03-06 00:00:00+00:00,8.946978569030762,8.83436433842655,8.946978569030762,4354000,8.880963509182804
2007-03-07 00:00:00+00:00,8.915912519140965,8.834364891052246,8.834364891052246,3083800,8.896496628834718
2007-03-08 00:00:00+00:00,8.958623823440488,8.873192912481253,8.90814208984375,5550000,8.90814208984375
2007-03-09 00:00:00+00:00,8.974158091177031,8.857660573809763,8.931442260742188,2264600,8.966391441885524
2007-03-12 00:00:00+00:00,8.997458347793604,8.896494117233475,8.985808372497559,3186800,8.896494117233475
2007-03-13 00:00:00+00:00,8.970274547494785,8.814945268799708,8.842127799987793,3314200,8.94697534085763
2007-03-14 00:00:00+00:00,8.927558861722778,8.77222958052888,8.923675537109375,5799400,8.842127942233242
2007-03-15 00:00:00+00:00,8.939207917895727,8.873192887581633,8.927557945251465,4487400,8.923674621036712
2007-03-16 00:00:00+00:00,8.950860086232822,8.873195798464785,8.912028312683105,5810600,8.88484503426226
2007-03-19 00:00:00+00:00,9.063477314286576,8.943097146821229,8.970279693603516,1741000,8.958629713267314
2007-03-20 00:00:00+00:00,9.04405387826652,8.966388888802612,9.028520584106445,2582600,8.989688089374493
2007-03-21 00:00:00+00:00,9.211037635803223,9.005226554675376,9.211037635803223,1716800,9.044059071706426
2007-03-22 00:00:00+00:00,9.183853075612511,9.094538824558503,9.17608642578125,3440400,9.168320516618484
2007-03-23 00:00:00+00:00,9.195503041921368,9.129487999753223,9.152787208557129,2740200,9.145020558732996
2007-03-26 00:00:00+00:00,9.179969853173764,8.966392165109387,9.164437294006348,1917200,9.152787319129407
2007-03-27 00:00:00+00:00,9.16832160949707,9.125605771001839,9.16832160949707,3529800,9.141139072515953
2007-03-28 00:00:00+00:00,9.117836854581647,9.036289263901804,9.063471794128418,3973600,9.090654324355032
2007-03-29 00:00:00+00:00,9.11007319043591,8.978043820460382,9.075124740600586,5708000,9.08677397698948
2007-03-30 00:00:00+00:00,9.102308056732213,8.98969382423555,9.055708885192871,7548000,9.07900810062819
2007-04-02 00:00:00+00:00,9.12171938465253,9.02852182884785,9.102303504943848,3146600,9.08288688456683
2007-04-03 00:00:00+00:00,9.214918934269056,9.086772174727244,9.17608642578125,3981800,9.12172135829942
2007-04-04 00:00:00+00:00,9.230453491210938,9.164438439990311,9.230453491210938,4582000,9.16832176543489
2007-04-05 00:00:00+00:00,9.269283257154713,9.13336986955974,9.265399932861328,1319400,9.242099987101017
2007-04-09 00:00:00+00:00,9.296465786540033,9.242099987101017,9.265399932861328,1535600,9.265399932861328
2007-04-10 00:00:00+00:00,9.28093337020606,9.226568306275713,9.257634162902832,3884400,9.257634162902832
2007-04-11 00:00:00+00:00,9.280933189710959,9.160553090205575,9.172203063964844,4192200,9.280933189710959
2007-04-12 00:00:00+00:00,9.269287109375,9.141140317110308,9.269287109375,1541600,9.183855420752751
2007-04-13 00:00:00+00:00,9.277050971984863,9.160554183166477,9.277050971984863,2226400,9.211035927476173
2007-04-16 00:00:00+00:00,9.354718208312988,9.280936496221674,9.354718208312988,2643400,9.284819822191606
2007-04-17 00:00:00+00:00,9.37413501739502,9.308119950765388,9.37413501739502,2745800,9.335303235222456
2007-04-18 00:00:00+00:00,9.37801547461998,9.280934567552135,9.35083293914795,2132800,9.280934567552135
2007-04-19 00:00:00+00:00,9.378017423463884,9.265403933010642,9.354718208312988,3559200,9.277053170251742
2007-04-20 00:00:00+00:00,9.447915885737665,9.374134173051653,9.409083366394043,1973200,9.420733344397739
2007-04-23 00:00:00+00:00,9.424618618902965,9.362486871375147,9.389669418334961,3213600,9.397436071943153
2007-04-24 00:00:00+00:00,9.475094672045548,9.378013782494532,9.440145492553711,5673200,9.463445439327208
2007-04-25 00:00:00+00:00,9.521695026431523,9.4284974495825,9.510045051574707,3426800,9.447913333675357
2007-04-26 00:00:00+00:00,9.579947330503767,9.47898306253036,9.564414024353027,1438400,9.50228228108767
2007-04-27 00:00:00+00:00,9.591596495923879,9.517814779308505,9.556647300720215,1809800,9.517814779308505
2007-04-30 00:00:00+00:00,9.595476897940802,9.482863426208496,9.482863426208496,1851600,9.548878475385562
2007-05-01 00:00:00+00:00,9.529462814331055,9.45179778734797,9.529462814331055,6200200,9.510046187250989
2007-05-02 00:00:00+00:00,9.622659491787052,9.537227822055721,9.579943656921387,2660000,9.544994472152846
2007-05-03 00:00:00+00:00,9.68090431202463,9.591590090887733,9.673137664794922,2133400,9.630421845699779
2007-05-04 00:00:00+00:00,9.719739839960438,9.657608124074835,9.711973190307617,5899400,9.708089865481208
2007-05-07 00:00:00+00:00,9.72362209758529,9.680906269851471,9.700322151184082,1270600,9.688672918651875
2007-05-08 00:00:00+00:00,9.743041956356599,9.661493591998369,9.739158630371094,3855200,9.669260243969381
2007-05-09 00:00:00+00:00,9.777991041506905,9.669260137120347,9.727508544921875,11249600,9.688676766833316
2007-05-10 00:00:00+00:00,9.770223386025851,9.642076605758232,9.67702579498291,4766400,9.723624960838688
2007-05-11 00:00:00+00:00,9.781867980957031,9.65760459459922,9.781867980957031,5076400,9.65760459459922
2007-05-14 00:00:00+00:00,9.80905409796428,9.700323224730456,9.735272407531738,1408000,9.80905409796428
2007-05-15 00:00:00+00:00,9.809057050934982,9.696442818969196,9.719742774963379,6864200,9.746925316287893
2007-05-16 00:00:00+00:00,9.805167198181152,9.692553041176351,9.805167198181152,1182600,9.735268858063444
2007-05-17 00:00:00+00:00,9.820701393624416,9.75468637085899,9.777985572814941,1020800,9.805168098541598
2007-05-18 00:00:00+00:00,9.83235355503076,9.754689278471844,9.828470230102539,2826400,9.812937671058155
2007-05-21 00:00:00+00:00,9.921666083021456,9.820702615098659,9.871184349060059,5695400,9.851768468459912
2007-05-22 00:00:00+00:00,9.92166980835952,9.766340483230985,9.859538078308105,3869600,9.766340483230985
2007-05-23 00:00:00+00:00,9.910015649147669,9.816818100365913,9.824584007263184,7728400,9.886715706451021
2007-05-24 00:00:00+00:00,9.859534748250356,9.665372972250667,9.700322151184082,9670400,9.80128636358413
2007-05-25 00:00:00+00:00,9.78963388710324,9.70031967074209,9.781867980957031,3945600,9.719736287778126
2007-05-29 00:00:00+00:00,9.859536199742719,9.766338622422797,9.840120315551758,4741600,9.774105272366583
2007-05-30 00:00:00+00:00,9.925552472078943,9.73527396890368,9.91390323638916,4505600,9.766339831857426
2007-05-31 00:00:00+00:00,9.979914475988052,9.925548681082201,9.960497856140137,4341600,9.95273120820097
2007-06-01 00:00:00+00:00,10.030396206256006,9.93719865299095,9.960497856140137,4135800,10.00709700310682
2007-06-04 00:00:00+00:00,9.999333344967123,9.925551648820953,9.995450019836426,2835200,9.929434973951649
2007-06-05 00:00:00+00:00,9.97603115201847,9.898366153963433,9.960497856140137,2752200,9.944965300930118
2007-06-06 00:00:00+00:00,9.929432681162545,9.844001770019531,9.844001770019531,4098000,9.917783449128896
2007-06-07 00:00:00+00:00,9.88671731650328,9.680906307177843,9.704205513000488,4947600,9.828468931612464
2007-06-08 00:00:00+00:00,9.87506949963029,9.68867434499045,9.840120315551758,3353400,9.68867434499045
2007-06-11 00:00:00+00:00,9.890603943333812,9.81293965110387,9.859538078308105,2245200,9.832355538994193
2007-06-12 00:00:00+00:00,9.859534949197005,9.735271528531541,9.743038177490234,2585200,9.789636589905578
2007-06-13 00:00:00+00:00,9.867305755615234,9.746925608708526,9.867305755615234,2259200,9.785758129195157
2007-06-14 00:00:00+00:00,9.968264504079302,9.859533654935916,9.960497856140137,1699400,9.859533654935916
2007-06-15 00:00:00+00:00,10.056868208507378,9.998578933244486,10.018009185791016,1735600,10.018009185791016
2007-06-18 00:00:00+00:00,10.08019125081567,9.994699564830977,10.045217514038086,1316400,10.08019125081567
2007-06-19 00:00:00+00:00,10.060756037620202,9.983037237259511,10.041326522827148,2616800,9.986923288455817
2007-06-20 00:00:00+00:00,10.084072100020112,9.928633020694859,9.983036994934082,2223800,10.084072100020112
2007-06-21 00:00:00+00:00,10.037441082255468,9.901432246864605,10.033555030822754,3145800,9.920862504028172
2007-06-22 00:00:00+00:00,10.021901161989605,9.88200622569175,9.920866012573242,3794000,9.92863737699851
2007-06-25 00:00:00+00:00,9.99080851635448,9.835370175722087,9.88588809967041,2923400,9.924747870125627
2007-06-26 00:00:00+00:00,9.94417603955375,9.823711434508136,9.850913047790527,4166000,9.94417603955375
2007-06-27 00:00:00+00:00,9.975262599652256,9.800394046203735,9.948060989379883,8159400,9.823710347455732
2007-06-28 00:00:00+00:00,10.037440227984844,9.951949327306723,9.983036994934082,3403600,9.951949327306723
2007-06-29 00:00:00+00:00,10.045210021031663,9.881999618209141,9.948060989379883,2804800,10.018008410759291
2007-07-02 00:00:00+00:00,10.049099236553607,9.979151793141819,10.033555030822754,3356000,9.979151793141819
2007-07-03 00:00:00+00:00,10.1268197522544,10.0607583491163,10.103504180908203,3113000,10.064644401205442
2007-07-05 00:00:00+00:00,10.426043570295354,10.091850358983281,10.14236831665039,6720400,10.1190527352904
2007-07-06 00:00:00+00:00,10.200650617415691,10.130703180306115,10.16179084777832,5459600,10.157904796695737
2007-07-09 00:00:00+00:00,10.22396642684676,10.150133678080108,10.220080375671387,2021000,10.181221346294612
2007-07-10 00:00:00+00:00,10.1928811553925,10.084074661651147,10.103504180908203,4268400,10.122933700165259
2007-07-11 00:00:00+00:00,10.181221103191234,10.056869692113958,10.16179084777832,2182800,10.087957359586163
2007-07-12 00:00:00+00:00,10.35997769308644,10.177337691961641,10.332776069641113,2575800,10.185109054954127
2007-07-13 00:00:00+00:00,10.48821720136976,10.313349258508389,10.356094360351562,3357000,10.348322254129588
2007-07-16 00:00:00+00:00,10.410492819923647,10.31722907729346,10.387176513671875,2787200,10.344431434587193
2007-07-17 00:00:00+00:00,10.464896433709187,10.375519480050517,10.422150611877441,2627200,10.383290841229353
2007-07-18 00:00:00+00:00,10.375521317916386,10.25116988157784,10.367749214172363,3069800,10.344433644128902
2007-07-19 00:00:00+00:00,10.49987323496883,10.418267618537104,10.453241348266602,6020800,10.461013452915088
2007-07-20 00:00:00+00:00,10.437696384150959,10.321117054698746,10.414380073547363,3146600,10.422152177081896
2007-07-23 00:00:00+00:00,10.468783786710864,10.394950287416972,10.429924011230469,2205400,10.426037959563573
2007-07-24 00:00:00+00:00,10.433809891609227,10.255055223809393,10.325002670288086,3476000,10.317230567081886
2007-07-25 00:00:00+00:00,10.414377268630663,10.122930135278816,10.336658477783203,8055400,10.325000325621309
2007-07-26 00:00:00+00:00,10.336662248915744,10.006355229039805,10.18122386932373,5945600,10.336662248915744
2007-07-27 00:00:00+00:00,10.18511143539343,9.963611602783203,9.963611602783203,4116800,10.138480281785395
2007-07-30 00:00:00+00:00,10.068530294087024,9.936407489900002,9.99858283996582,3211000,10.006354944021208
2007-07-31 00:00:00+00:00,10.142359145152906,9.881999708304868,9.928630828857422,5476800,10.142359145152906
2007-08-01 00:00:00+00:00,10.208427174483868,9.815944738127262,10.025786399841309,19142200,9.936409409503636
2007-08-02 00:00:00+00:00,10.122936352619172,9.994699564830977,10.045217514038086,10085800,10.018015883475263
2007-08-03 00:00:00+00:00,10.087956207243074,9.850913047790527,9.850913047790527,5316000,10.068526695238043
2007-08-06 00:00:00+00:00,10.010240383760213,9.827600396761854,10.006354331970215,4985000,9.916977364366035
2007-08-07 00:00:00+00:00,10.084076450329059,9.862575889090925,10.025786399841309,5314000,9.979155248877644
2007-08-08 00:00:00+00:00,10.18122386932373,10.049101061373356,10.18122386932373,10562600,10.09573220465663
2007-08-09 00:00:00+00:00,10.258937594190261,9.874227517791809,9.948060989379883,7373200,10.041323970822997
2007-08-10 00:00:00+00:00,9.924746755857663,9.687702849763783,9.808167457580566,9740800,9.80428140685249
2007-08-13 00:00:00+00:00,9.97915421879345,9.882005132926984,9.944180488586426,5321800,9.94806654096373
2007-08-14 00:00:00+00:00,9.967496102874943,9.695479106037334,9.742110252380371,3041400,9.951952634490166
2007-08-15 00:00:00+00:00,9.812055934559215,9.571125918161918,9.617757797241211,6147200,9.734336383156585
2007-08-16 00:00:00+00:00,9.586671631064895,9.287452274700025,9.555583953857422,8078800,9.54781184925838
2007-08-17 00:00:00+00:00,9.804285975570158,9.547812437509704,9.648847579956055,8014800,9.800399923031213
2007-08-20 00:00:00+00:00,9.745997038760672,9.63330447562068,9.683821678161621,4386400,9.726567516519255
2007-08-21 00:00:00+00:00,9.79651059126627,9.652730401397129,9.714905738830566,5712800,9.652730401397129
2007-08-22 00:00:00+00:00,9.866462855472813,9.788744016273927,9.843147277832031,3990400,9.843147277832031
2007-08-23 00:00:00+00:00,9.909203933493606,9.81594092659158,9.870344161987305,3812600,9.889774418334703
2007-08-24 00:00:00+00:00,10.029671028428334,9.847031020909037,10.010241508483887,5134800,9.870346593080109
2007-08-27 00:00:00+00:00,10.018013556327476,9.955838203430176,9.955838203430176,2937600,9.95972351444617
2007-08-28 00:00:00+00:00,9.924751382335048,9.73822456637887,9.777084350585938,5599200,9.916979277255887
2007-08-29 00:00:00+00:00,10.02189966516376,9.812057292058093,10.010241508483887,6544400,9.812057292058093
2007-08-30 00:00:00+00:00,10.122931892896068,9.878116584496787,10.052985191345215,8625200,9.948064027236159
2007-08-31 00:00:00+00:00,10.161791292645482,10.056870132387838,10.119046211242676,9307200,10.161791292645482
2007-09-04 00:00:00+00:00,10.340548903244693,10.119049106778265,10.274487495422363,8888800,10.134592575048323
2007-09-05 00:00:00+00:00,10.247284585013777,10.126819200381258,10.165678977966309,4926000,10.235626429381679
2007-09-06 00:00:00+00:00,10.223971239698507,10.130708191152168,10.21619987487793,4577600,10.204541715863828
2007-09-07 00:00:00+00:00,10.084073885392993,9.948065037497427,10.006354331970215,9476000,10.056871522863005
2007-09-10 00:00:00+00:00,10.103502752890302,9.932520191077826,9.986924171447754,7000200,10.072415081759718
2007-09-11 00:00:00+00:00,10.165680518115748,10.045215856420862,10.130706787109375,4962400,10.049101908886984
2007-09-12 00:00:00+00:00,10.188995103303359,10.080188609562006,10.103504180908203,5573400,10.103504180908203
2007-09-13 00:00:00+00:00,10.16179347986802,10.09184602464078,10.103504180908203,3670800,10.15790742777888
2007-09-14 00:00:00+00:00,10.09961632571245,10.01801146997553,10.052985191345215,5792600,10.01801146997553
2007-09-17 00:00:00+00:00,10.095733934476257,10.010242996349659,10.049102783203125,1858600,10.049102783203125
2007-09-18 00:00:00+00:00,10.251167337917568,9.967492292347538,10.247282028198242,6788000,10.134588775438726
2007-09-19 00:00:00+00:00,10.344435256241804,10.247286167867284,10.286145210266113,4144600,10.305575472654251
2007-09-20 00:00:00+00:00,10.359976393527432,10.270599430221795,10.325002670288086,3706800,10.270599430221795
2007-09-21 00:00:00+00:00,10.423516109277893,10.357322664992221,10.404047012329102,7054000,10.365110303771738
2007-09-24 00:00:00+00:00,10.501390249931042,10.376791000366211,10.376791000366211,12531000,10.423516090288077
2007-09-25 00:00:00+00:00,10.513070049787325,10.357321012398549,10.48192024230957,5934000,10.380683182339368
2007-09-26 00:00:00+00:00,10.653244703139839,10.49360184475925,10.548113822937012,7763600,10.653244703139839
2007-09-27 00:00:00+00:00,10.583155467478111,10.520855863323483,10.540324211120605,5407600,10.583155467478111
2007-09-28 00:00:00+00:00,10.657140264852854,10.47802828306644,10.50139045715332,5307200,10.657140264852854
2007-10-01 00:00:00+00:00,10.657138668533195,10.52085797854448,10.614307403564453,20283200,10.579263776348212
2007-10-02 00:00:00+00:00,10.696075495020523,10.60262606892536,10.653244972229004,7112400,10.696075495020523
2007-10-03 00:00:00+00:00,10.629882797418801,10.513071192349614,10.528646469116211,4107400,10.59873298655568
2007-10-04 00:00:00+00:00,10.579260830463936,10.501385959963866,10.555898666381836,10153000,10.579260830463936
2007-10-05 00:00:00+00:00,10.696079241511734,10.59484214211438,10.6688232421875,3861400,10.602629782684241
2007-10-08 00:00:00+00:00,10.731116339319325,10.653242209106514,10.688285827636719,1730200,10.661029102258915
2007-10-09 00:00:00+00:00,10.789526954923101,10.703865150522935,10.766164779663086,5415000,10.762270960008056
2007-10-10 00:00:00+00:00,10.894657940515197,10.758377222232607,10.80120849609375,3587400,10.894657940515197
2007-10-11 00:00:00+00:00,10.90634023784218,10.61431042307812,10.68439769744873,9814000,10.847934423423412
2007-10-12 00:00:00+00:00,10.801200760685743,10.696069932500992,10.789519309997559,4375000,10.711645200085236
2007-10-15 00:00:00+00:00,10.816780768975152,10.65324410101501,10.711649894714355,10147000,10.676606269960756
2007-10-16 00:00:00+00:00,10.746693519467954,10.657137919617629,10.711649894714355,11204400,10.684393907165992
2007-10-17 00:00:00+00:00,10.863508125708048,10.67271541718049,10.80120849609375,13161600,10.863508125708048
2007-10-18 00:00:00+00:00,10.840143103019455,10.742799864481329,10.828461647033691,4794200,10.781737308430573
2007-10-19 00:00:00+00:00,10.832361765419643,10.548119521823724,10.571481704711914,6091800,10.828467944493212
2007-10-22 00:00:00+00:00,10.649350065188719,10.481919582041177,10.63766860961914,6714200,10.493601037610755
2007-10-23 00:00:00+00:00,10.7934208882558,10.661033989271127,10.754484176635742,12859800,10.746696537243663
2007-10-24 00:00:00+00:00,10.805099161199143,10.458557479809663,10.645456314086914,11222600,10.805099161199143
2007-10-25 00:00:00+00:00,10.742799691641908,10.563687749425076,10.73501205444336,6276400,10.715543704116946
2007-10-26 00:00:00+00:00,10.984213796440839,10.7778465475013,10.879083633422852,5234200,10.805102543197451
2007-10-29 00:00:00+00:00,10.945275219530522,10.867400322804896,10.910231590270996,5021400,10.910231590270996
2007-10-30 00:00:00+00:00,10.972534994700778,10.844041890658893,10.929703712463379,5465200,10.844041890658893
2007-10-31 00:00:00+00:00,11.104919251922182,10.945276365325647,11.058194160461426,7755000,11.077663258015964
2007-11-01 00:00:00+00:00,11.136067920860821,10.882975620023768,10.937487602233887,14404600,11.136067920860821
2007-11-02 00:00:00+00:00,11.054298230700587,10.836249578405889,10.960848808288574,10665200,11.054298230700587
2007-11-05 00:00:00+00:00,10.991999650973115,10.415727787158081,10.94527530670166,9410200,10.914125496297334
2007-11-06 00:00:00+00:00,11.046511493572034,10.859611903409215,11.003680229187012,6754000,11.046511493572034
2007-11-07 00:00:00+00:00,10.964744081211393,10.707757949829102,10.707757949829102,11670800,10.960850261927408
2007-11-08 00:00:00+00:00,10.668823720768541,10.228832406218228,10.326175689697266,28626600,10.400156050418708
2007-11-09 00:00:00+00:00,10.28333906843084,9.960159564774862,10.112014770507812,12801200,10.010777719129203
2007-11-12 00:00:00+00:00,10.174313032176055,9.92900844444106,9.948476791381836,14523800,9.92900844444106
2007-11-13 00:00:00+00:00,10.33785055094054,10.076970669325434,10.287232398986816,8956000,10.123695745695706
2007-11-14 00:00:00+00:00,10.513072489556775,10.1548492490947,10.228830337524414,12157600,10.513072489556775
2007-11-15 00:00:00+00:00,10.248296557888018,10.065291527450736,10.104228973388672,7741400,10.119803506161839
2007-11-16 00:00:00+00:00,10.267763921344313,10.08475817908649,10.248294830322266,6969600,10.08475817908649
2007-11-19 00:00:00+00:00,10.248297235354874,10.034142382544474,10.045823097229004,9532400,10.244403416236677
2007-11-20 00:00:00+00:00,10.23661393967705,9.944584263473297,10.13148307800293,10510400,10.23661393967705
2007-11-21 00:00:00+00:00,10.131484609442628,9.90175450335689,9.940691947937012,12597600,9.964054117617092
2007-11-23 00:00:00+00:00,10.084758774960841,9.948478100433682,10.038034439086914,1764200,9.948478100433682
2007-11-26 00:00:00+00:00,10.154847414517798,9.808305695678346,9.827774047851562,5631200,10.154847414517798
2007-11-27 00:00:00+00:00,9.995204850321114,9.816092885734458,9.936799049377441,6741000,9.96794885939207
2007-11-28 00:00:00+00:00,10.283342327593589,10.053612165630401,10.228830337524414,8484600,10.1548492490947
2007-11-29 00:00:00+00:00,10.330063588808002,10.213251269989557,10.279444694519043,9349400,10.275550876291438
2007-11-30 00:00:00+00:00,10.567584445972994,10.135380861127743,10.224936485290527,7207600,10.567584445972994
2007-12-03 00:00:00+00:00,10.267767658672598,10.143167658788437,10.162636756896973,5349400,10.256086199807477
2007-12-04 00:00:00+00:00,10.209360990925443,10.045824282024114,10.123699188232422,3942800,10.158742821759146
2007-12-05 00:00:00+00:00,10.376792958135999,10.22493768691238,10.357324600219727,7732400,10.295024963683357
2007-12-06 00:00:00+00:00,10.497496732274074,10.337853846346816,10.462453842163086,4544000,10.431304028876552
2007-12-07 00:00:00+00:00,10.56369006459111,10.442984632239318,10.47413444519043,5594600,10.56369006459111
2007-12-10 00:00:00+00:00,10.587051279093538,10.470238942305667,10.524751663208008,5049200,10.587051279093538
2007-12-11 00:00:00+00:00,10.758373499786542,10.361213684082031,10.361213684082031,7334000,10.653243375356768
2007-12-12 00:00:00+00:00,10.649348889726136,10.380681382640637,10.540324211120605,7625600,10.62987979925915
2007-12-13 00:00:00+00:00,10.552006568784149,10.442981880844744,10.48581314086914,5037600,10.532537476650365
2007-12-14 00:00:00+00:00,10.536428247555556,10.404041430016663,10.41961669921875,4215800,10.524747538323703
2007-12-17 00:00:00+00:00,10.396261773857294,10.189893769316301,10.221043586730957,3916800,10.33006831901737
2007-12-18 00:00:00+00:00,10.318386858985537,10.131487954497597,10.221043586730957,6774800,10.318386858985537
2007-12-19 00:00:00+00:00,10.306700747583658,10.18988917066282,10.287232398986816,3816600,10.30280692933031
2007-12-20 00:00:00+00:00,10.435199737548828,10.30670663250103,10.435199737548828,3856200,10.431306659742509
2007-12-21 00:00:00+00:00,10.581104844189095,10.502871612417874,10.56937026977539,6097600,10.522429733837052
2007-12-24 00:00:00+00:00,10.667159990777476,10.5889260303543,10.647601127624512,1674200,10.667159990777476
2007-12-26 00:00:00+00:00,10.729742004310701,10.592833008583424,10.70627212524414,4802600,10.63977351281055
2007-12-27 00:00:00+00:00,10.706274885571974,10.518513566348224,10.55763053894043,3367400,10.643687281767926
2007-12-28 00:00:00+00:00,10.721925807438838,10.47940181672866,10.506783485412598,2125400,10.721925807438838
2007-12-31 00:00:00+00:00,10.557630484795268,10.385516253928772,10.428544998168945,3573400,10.557630484795268
2008-01-02 00:00:00+00:00,10.452018968754265,10.158642680280792,10.217318534851074,14921200,10.424637301205191
2008-01-03 00:00:00+00:00,10.283817780092866,10.146908688398167,10.232965469360352,4022000,10.283817780092866
2008-01-04 00:00:00+00:00,10.072585883798917,9.779209595921278,9.833972930908203,7784000,10.05693879032009
2008-01-07 00:00:00+00:00,9.849614309895754,9.642294918149554,9.747910499572754,11198400,9.763556837879497
2008-01-08 00:00:00+00:00,9.876999767753182,9.466273343175438,9.48974323272705,10589800,9.79094300866771
2008-01-09 00:00:00+00:00,9.638385179802386,9.407595858875158,9.6227388381958,10450000,9.434978262351542
2008-01-10 00:00:00+00:00,9.747913155065547,9.45453695747661,9.638385772705078,13048600,9.528859136438863
2008-01-11 00:00:00+00:00,9.63056640074528,9.419335105206004,9.49756908416748,6568600,9.626654627187754
2008-01-14 00:00:00+00:00,9.720531024318388,9.603180103320616,9.689237594604492,8271000,9.622738963200685
2008-01-15 00:00:00+00:00,9.634474886175274,9.454537826572164,9.485831260681152,7326200,9.614916769642525
2008-01-16 00:00:00+00:00,9.454537066381961,9.219835956388474,9.278511047363281,13374600,9.38412665877449
2008-01-17 00:00:00+00:00,9.399777892920365,9.118136138286454,9.196370124816895,11247000,9.317632132453944
2008-01-18 00:00:00+00:00,9.30198634362817,9.035991668701172,9.035991668701172,9112200,9.200282453444634
2008-01-22 00:00:00+00:00,8.94992947674577,7.729484921145744,8.86778450012207,17957600,8.018949344539266
2008-01-23 00:00:00+00:00,8.946016311645508,8.335793433659877,8.946016311645508,16725200,8.605699677919134
2008-01-24 00:00:00+00:00,9.075104713439941,8.86778524915844,9.075104713439941,8270400,9.004694301189835
2008-01-25 00:00:00+00:00,9.294158091151054,8.902989825089618,8.934283256530762,7827200,9.294158091151054
2008-01-28 00:00:00+00:00,8.992963965095962,8.828673160874466,8.973405838012695,5782200,8.899083612125782
2008-01-29 00:00:00+00:00,9.10639886127727,8.92646104407133,9.051634788513184,8515200,9.10639886127727
2008-01-30 00:00:00+00:00,9.192455306067995,8.977313033512651,8.981224060058594,10001400,8.977313033512651
2008-01-31 00:00:00+00:00,9.212010921940603,8.840401575144462,9.094660758972168,12088600,8.840401575144462
2008-02-01 00:00:00+00:00,9.255039968423478,9.086837515485955,9.251128196716309,6269800,9.223746540860278
2008-02-04 00:00:00+00:00,9.266776271269112,9.059456825256348,9.059456825256348,3920000,9.266776271269112
2008-02-05 00:00:00+00:00,8.992957574677858,8.805197002160629,8.832578659057617,8288800,8.96557591778087
2008-02-06 00:00:00+00:00,8.914723796843306,8.687845520502691,8.734786033630371,12319000,8.84431340019886
2008-02-07 00:00:00+00:00,8.809109642457615,8.550938643271236,8.78955078125,9516800,8.605701962464023
2008-02-08 00:00:00+00:00,8.813022256475541,8.676113199322428,8.723052978515625,9563600,8.734788296361094
2008-02-11 00:00:00+00:00,8.899081200595656,8.754348562678006,8.875611305236816,6383200,8.769995656980248
2008-02-12 00:00:00+00:00,8.98904669264654,8.8247559889073,8.895166397094727,9568200,8.98904669264654
2008-02-13 00:00:00+00:00,9.133777929903097,8.8443135415883,9.098572731018066,11514400,8.985133591034266
2008-02-14 00:00:00+00:00,9.161162938671005,8.918638229370117,8.918638229370117,7289600,9.161162938671005
2008-02-15 00:00:00+00:00,8.926462301196446,8.824758432990762,8.887345314025879,4624800,8.824758432990762
2008-02-19 00:00:00+00:00,8.992960251513788,8.699583989844198,8.80519962310791,4624400,8.902991710331106
2008-02-20 00:00:00+00:00,8.84431815351655,8.652645718579276,8.820847511291504,11570200,8.75434885050963
2008-02-21 00:00:00+00:00,8.926461602358238,8.699583989844198,8.80519962310791,6893600,8.906903483351364
2008-02-22 00:00:00+00:00,8.801287451859377,8.61743860479229,8.797375679016113,6007200,8.801287451859377
2008-02-25 00:00:00+00:00,8.875608206616226,8.7269638470172,8.848226547241211,4957200,8.766080823021905
2008-02-26 00:00:00+00:00,8.981222667541699,8.754345112242314,8.949929237365723,6198800,8.813020946654719
2008-02-27 00:00:00+00:00,9.01642539263271,8.820841321242899,8.95775032043457,5043000,8.926456898855962
2008-02-28 00:00:00+00:00,9.00860624521717,8.844315528869629,8.844315528869629,5410000,8.949930403161792
2008-02-29 00:00:00+00:00,8.856049579302544,8.664377212524414,8.664377212524414,8987000,8.79737448679402
2008-03-03 00:00:00+00:00,8.703496864074097,8.5822348694811,8.660468101501465,5840000,8.676115195562243
2008-03-04 00:00:00+00:00,8.691760228813632,8.5000878321285,8.672202110290527,8617800,8.566586479639211
2008-03-05 00:00:00+00:00,8.809108201876636,8.656552093782286,8.734786033630371,10598800,8.742609576834008
2008-03-06 00:00:00+00:00,8.773906262752632,8.578322086573909,8.613527297973633,6034600,8.773906262752632
2008-03-07 00:00:00+00:00,8.703495839953185,8.484441771539451,8.613527297973633,9228800,8.50008811766465
2008-03-10 00:00:00+00:00,8.63699781401163,8.492265184904586,8.519647598266602,18617800,8.590057280056934
2008-03-11 00:00:00+00:00,8.820847511291504,8.550941840554378,8.820847511291504,10623800,8.66046851989308
2008-03-12 00:00:00+00:00,8.86778308012838,8.707404178606527,8.730874061584473,8805400,8.840401425638424
2008-03-13 00:00:00+00:00,8.809110246036916,8.543115684142174,8.695671081542969,7827200,8.597879007087215
2008-03-14 00:00:00+00:00,8.805200441508838,8.492265285652147,8.586146354675293,16473800,8.754348133613426
2008-03-17 00:00:00+00:00,8.64872950637279,8.25756128983626,8.547025680541992,11432000,8.284942945618752
2008-03-18 00:00:00+00:00,8.930370330810547,8.617436056820553,8.930370330810547,12224200,8.750433309789841
2008-03-19 00:00:00+00:00,8.91472541790535,8.644819097052999,8.664377212524414,14822600,8.899078328652795
2008-03-20 00:00:00+00:00,8.819324264874561,8.619774255514505,8.760632514953613,13974200,8.619774255514505
2008-03-24 00:00:00+00:00,9.11668992749648,8.870187472931736,9.069737434387207,8102000,8.909315048053745
2008-03-25 00:00:00+00:00,9.104953321640581,8.98757058152237,9.077564239501953,6624800,9.101040489006989
2008-03-26 00:00:00+00:00,9.06191067101455,8.881924892098171,8.901488304138184,12907800,9.06191067101455
2008-03-27 00:00:00+00:00,8.952352327466892,8.780192236803304,8.83105754852295,14213400,8.893661353545387
2008-03-28 00:00:00+00:00,8.921050469438052,8.741064715675153,8.77627944946289,8918600,8.889748566770756
2008-03-31 00:00:00+00:00,8.878014396316267,8.748893902508957,8.764544486999512,11624400,8.811497733064227
2008-04-01 00:00:00+00:00,9.151906549674937,8.901491211549546,9.01887321472168,15338200,8.968007879026175
2008-04-02 00:00:00+00:00,9.210598366387904,9.03452461401734,9.128430366516113,7379000,9.1440816984142
2008-04-03 00:00:00+00:00,9.155817444085477,9.007133555128078,9.124515533447266,13018400,9.073650208521329
2008-04-04 00:00:00+00:00,9.175380096035894,9.02669548522909,9.093212127685547,8162600,9.14016535907093
2008-04-07 00:00:00+00:00,9.202769360654376,9.081473821353413,9.101037979125977,3970600,9.128427053711256
2008-04-08 00:00:00+00:00,9.069737079375955,8.991481932195029,9.046260833740234,4401000,9.034522337774177
2008-04-09 00:00:00+00:00,9.054084059033176,8.909313033994353,9.007131576538086,3832200,9.054084059033176
2008-04-10 00:00:00+00:00,9.140166034341133,8.987568580787045,9.081474304199219,4426400,8.987568580787045
2008-04-11 00:00:00+00:00,9.007134324906891,8.8232349311814,8.838886260986328,14447600,8.995395827553196
2008-04-14 00:00:00+00:00,8.897580471764376,8.791936196278645,8.803674697875977,4385800,8.83888945637122
2008-04-15 00:00:00+00:00,8.850627957968552,8.72933234701971,8.803674697875977,9011200,8.831063788639666
2008-04-16 00:00:00+00:00,9.163642883300781,8.913227604344181,9.163642883300781,9298200,8.932791018151516
2008-04-17 00:00:00+00:00,9.163642789561287,8.999307577852985,9.159729957580566,5849400,9.073649892893892
2008-04-18 00:00:00+00:00,9.37102026962813,9.245811860244045,9.320154190063477,5527400,9.316241357304923
2008-04-21 00:00:00+00:00,9.394498456452943,9.273203601120382,9.378847122192383,10590200,9.296679856214528
2008-04-22 00:00:00+00:00,9.367107716806958,9.234074384226586,9.331892967224121,10162000,9.36319488393147
2008-04-23 00:00:00+00:00,9.453182065387864,9.327974474529128,9.390578269958496,7439800,9.339712966033176
2008-04-24 00:00:00+00:00,9.61360751300215,9.371017913341866,9.504051208496094,6630000,9.472748554298532
2008-04-25 00:00:00+00:00,9.543174928030567,9.32014881352643,9.390578269958496,11315600,9.511873030315883
2008-04-28 00:00:00+00:00,9.566651911038662,9.378839778454449,9.390578269958496,20443800,9.566651911038662
2008-04-29 00:00:00+00:00,9.511877473861045,9.39449548916913,9.480575561523438,5817800,9.414058904518964
2008-04-30 00:00:00+00:00,9.578393028675919,9.312326431274414,9.312326431274414,6563600,9.507963547446534
2008-05-01 00:00:00+00:00,9.723168865710573,9.445363657166263,9.703604698181152,15184600,9.457102157683915
2008-05-02 00:00:00+00:00,9.785768976845809,9.61752093174727,9.699688911437988,12979000,9.785768976845809
2008-05-05 00:00:00+00:00,9.738816832156115,9.61752201130792,9.656649589538574,3073000,9.719253416189028
2008-05-06 00:00:00+00:00,9.789680103403564,9.570566026597678,9.774028778076172,6996800,9.625344918947283
2008-05-07 00:00:00+00:00,9.797509609717839,9.558832028913631,9.601872444152832,9409600,9.727080110706986
2008-05-08 00:00:00+00:00,9.687950772255244,9.57448087857323,9.617521286010742,14934200,9.640997532660101
2008-05-09 00:00:00+00:00,9.637084156508443,9.504051602140546,9.58621883392334,5849800,9.578393170049821
2008-05-12 00:00:00+00:00,9.742732048034668,9.594048109940474,9.742732048034668,3302200,9.625350030923286
2008-05-13 00:00:00+00:00,9.750557714854537,9.656651951906099,9.742732048034668,10994000,9.69577953970878
2008-05-14 00:00:00+00:00,9.903151084830915,9.75838002987252,9.762292861938477,8452000,9.789681940103772
2008-05-15 00:00:00+00:00,9.969671950437885,9.758384153663023,9.950108528137207,5586000,9.770121908524741
2008-05-16 00:00:00+00:00,9.977493437239849,9.840547299626294,9.926628112792969,7263400,9.977493437239849
2008-05-19 00:00:00+00:00,10.0518365627138,9.883588501223343,9.977494239807129,8424400,9.969668575017696
2008-05-20 00:00:00+00:00,9.879676794079833,9.71925437910741,9.820985794067383,6230400,9.879676794079833
2008-05-21 00:00:00+00:00,9.820983161135949,9.558829401484996,9.562742233276367,8440600,9.762292176858109
2008-05-22 00:00:00+00:00,9.691867193449758,9.586222924961422,9.59796142578125,5496800,9.59404859217464
2008-05-23 00:00:00+00:00,9.625347176857408,9.511877280504894,9.578393936157227,6048600,9.586219600656664
2008-05-27 00:00:00+00:00,9.750552753899202,9.562741323558354,9.734901428222656,5138400,9.562741323558354
2008-05-28 00:00:00+00:00,9.801422048380049,9.687952876350456,9.789684295654297,10008200,9.789684295654297
2008-05-29 00:00:00+00:00,9.914889391857718,9.750554179704967,9.860111236572266,5021800,9.793594585312904
2008-05-30 00:00:00+00:00,9.957926962808038,9.879671837851141,9.91879940032959,5478800,9.907060907697202
2008-06-02 00:00:00+00:00,9.895324405996144,9.695774483923204,9.777941703796387,7097600,9.891411574626524
2008-06-03 00:00:00+00:00,9.8757583601331,9.64881940817752,9.723161697387695,10135000,9.793591155976692
2008-06-04 00:00:00+00:00,9.828812890459902,9.676215372659108,9.742732048034668,9887600,9.687953872888912
2008-06-05 00:00:00+00:00,9.98140260745091,9.781852722359245,9.942275047302246,7901400,9.801416129285508
2008-06-06 00:00:00+00:00,9.895327314591485,9.672300338745117,9.672300338745117,12721000,9.895327314591485
2008-06-09 00:00:00+00:00,9.74272957047179,9.55100525992021,9.65273666381836,8162600,9.74272957047179
2008-06-10 00:00:00+00:00,9.687953467927521,9.50796687007738,9.609698295593262,8567800,9.519705369816508
2008-06-11 00:00:00+00:00,9.574484157787968,9.36319637298584,9.36319637298584,11444600,9.562746403591378
2008-06-12 00:00:00+00:00,9.527531608688376,9.343632166543856,9.468840599060059,10051000,9.429713010542288
2008-06-13 00:00:00+00:00,9.625346988846426,9.449273272530528,9.570568084716797,6462800,9.492313680140287
2008-06-16 00:00:00+00:00,9.656646585188462,9.50013706725515,9.594042778015137,4927200,9.54708954948702
2008-06-17 00:00:00+00:00,9.652735899245496,9.531441089176791,9.554917335510254,8100000,9.648823067140516
2008-06-18 00:00:00+00:00,9.504053065544248,9.398408825874139,9.453186988830566,8858000,9.492314567926515
2008-06-19 00:00:00+00:00,9.582306188712518,9.324065246225258,9.48840045928955,12652600,9.39840756187959
2008-06-20 00:00:00+00:00,9.472308905176378,9.248646381491868,9.319276809692383,12916200,9.472308905176378
2008-06-23 00:00:00+00:00,9.342822949235336,9.197638800157543,9.232954025268555,8358400,9.3192797153033
2008-06-24 00:00:00+00:00,9.319281476609252,9.103466836521353,9.221183776855469,10971200,9.197640538473857
2008-06-25 00:00:00+00:00,9.444847740633255,9.24472831518462,9.299663543701172,10264200,9.24472831518462
2008-06-26 00:00:00+00:00,9.232951806944945,8.95043007393597,9.123082160949707,10697400,9.213331826360582
2008-06-27 00:00:00+00:00,9.048530333003251,8.883726190842612,9.001443862915039,18810000,9.021063100714136
2008-06-30 00:00:00+00:00,9.04853112782097,8.922966198654922,8.989672660827637,9530800,8.946509435767053
2008-07-01 00:00:00+00:00,8.985748841390247,8.797401443906983,8.92689037322998,18498400,8.883727147313639
2008-07-02 00:00:00+00:00,9.017139248662568,8.789552643769094,8.809172630310059,13003000,8.981824021314791
2008-07-03 00:00:00+00:00,8.875877455777033,8.722844582597997,8.76993179321289,8578400,8.84840947966995
2008-07-07 00:00:00+00:00,8.981824435247997,8.722846588379777,8.86803150177002,13705600,8.86803150177002
2008-07-08 00:00:00+00:00,8.966126648756337,8.805246539500457,8.95827865600586,13348200,8.848409002776519
2008-07-09 00:00:00+00:00,8.950433702359435,8.671836600952362,8.691455841064453,11885800,8.950433702359435
2008-07-10 00:00:00+00:00,8.81309608813805,8.632596698237553,8.801324844360352,13040600,8.726770390589026
2008-07-11 00:00:00+00:00,8.84448635495295,8.601203802161145,8.718920707702637,26645200,8.714996711061143
2008-07-14 00:00:00+00:00,8.848408411720442,8.605126640112633,8.652213096618652,23662400,8.7973979591013
2008-07-15 00:00:00+00:00,8.777778975169564,8.467790009298866,8.632594108581543,22237800,8.55019243315308
2008-07-16 00:00:00+00:00,8.820942084797174,8.58158428495022,8.758159637451172,13718800,8.675757955969223
2008-07-17 00:00:00+00:00,8.954359177718196,8.766011747227246,8.848413467407227,26019400,8.86803345918305
2008-07-18 00:00:00+00:00,8.94650936126709,8.70322750014025,8.94650936126709,19338400,8.89942288743493
2008-07-21 00:00:00+00:00,8.844486231509046,8.703225348090188,8.76993179321289,9950200,8.84056223492232
2008-07-22 00:00:00+00:00,8.722850799560547,8.534503319713338,8.722850799560547,15545600,8.593361813612296
2008-07-23 00:00:00+00:00,8.938663837480208,8.74639241068279,8.879804611206055,16389400,8.789554895277375
2008-07-24 00:00:00+00:00,8.919038844905204,8.652213096618652,8.652213096618652,12680000,8.915114848792081
2008-07-25 00:00:00+00:00,8.801322435214708,8.68752878700532,8.773855209350586,20218800,8.773855209350586
2008-07-28 00:00:00+00:00,8.77778083285791,8.581585470686464,8.589432716369629,10263200,8.77778083285791
2008-07-29 00:00:00+00:00,8.781704198044682,8.632596050122697,8.7620849609375,8644400,8.636520047229318
2008-07-30 00:00:00+00:00,8.836640776927831,8.695379852927502,8.820944786071777,15122400,8.797401548213735
2008-07-31 00:00:00+00:00,8.883724700524665,8.71107334126364,8.76993179321289,11852000,8.750311810279259
2008-08-01 00:00:00+00:00,8.820944058048937,8.616900684316871,8.671835899353027,17579200,8.820944058048937
2008-08-04 00:00:00+00:00,8.738547010486444,8.632601269825349,8.71500301361084,9051200,8.703231763599412
2008-08-05 00:00:00+00:00,8.911195849286733,8.699305179348697,8.879804611206055,9737800,8.738544414056081
2008-08-06 00:00:00+00:00,9.005369186401367,8.828793026500925,9.005369186401367,12255600,8.860184260658109
2008-08-07 00:00:00+00:00,9.052455125410662,8.87587972443066,8.989672660827637,17818000,8.938662189013685
2008-08-08 00:00:00+00:00,9.18586909887082,8.954358453620419,9.162325859069824,11782000,8.966130447733965
2008-08-11 00:00:00+00:00,9.334977467814362,9.130934072704243,9.221183776855469,11214400,9.185868545070024
2008-08-12 00:00:00+00:00,9.291813027550239,9.193715340601313,9.240801811218262,9625400,9.244725808507333
2008-08-13 00:00:00+00:00,9.27219275259411,9.123084602378771,9.205486297607422,9585800,9.232954277776239
2008-08-14 00:00:00+00:00,9.319282464139585,9.134859038493179,9.276119232177734,12528000,9.189793516680165
2008-08-15 00:00:00+00:00,9.350671107625644,9.22903019034292,9.311431884765625,9372600,9.291812647548578
2008-08-18 00:00:00+00:00,9.323204008903712,9.119160645867003,9.19371509552002,9678600,9.323204008903712
2008-08-19 00:00:00+00:00,9.150552895345742,9.01321597227791,9.032835960388184,10864800,9.127009658039434
2008-08-20 00:00:00+00:00,9.150556497007157,9.017143519049998,9.052458763122559,11079400,9.083850008028577
2008-08-21 00:00:00+00:00,9.0720717713841,8.954354132336313,9.017136573791504,8122400,9.013212577647337
2008-08-22 00:00:00+00:00,9.213332541394909,9.091691646034398,9.142702102661133,5864200,9.11523487613706
2008-08-25 00:00:00+00:00,9.154475170550185,9.005367031096956,9.024986267089844,13372600,9.115235950138532
2008-08-26 00:00:00+00:00,9.036759883477911,8.934738191423994,8.989672660827637,12225400,9.02498789070884
2008-08-27 00:00:00+00:00,9.127010485232637,8.981825553762391,9.07599925994873,7579600,9.024988783090912
2008-08-28 00:00:00+00:00,9.193716227425902,9.11131377325878,9.13093376159668,10645400,9.11131377325878
2008-08-29 00:00:00+00:00,9.095618530801833,8.92689037322998,8.92689037322998,17844800,9.064227297887955
2008-09-02 00:00:00+00:00,9.154476367046113,8.852335303339993,8.875879287719727,11437600,9.130933131092355
2008-09-03 00:00:00+00:00,8.879800535630824,8.707149179642224,8.758159637451172,13292800,8.848409311957823
2008-09-04 00:00:00+00:00,8.699298079566727,8.428548404322214,8.444244384765625,17805000,8.691450089345022
2008-09-05 00:00:00+00:00,8.507026809688186,8.338298762049222,8.444244384765625,14406200,8.381461959843062
2008-09-08 00:00:00+00:00,8.667915156240303,8.369697978460012,8.546274185180664,25333600,8.667915156240303
2008-09-09 00:00:00+00:00,8.61298074735323,8.36185005679654,8.397165298461914,16326400,8.51488302015525
2008-09-10 00:00:00+00:00,8.467794164272604,8.357924461364746,8.357924461364746,14894600,8.467794164272604
2008-09-11 00:00:00+00:00,8.495258331298828,8.224508544285596,8.495258331298828,19512600,8.302986982048399
2008-09-12 00:00:00+00:00,8.534500122070312,8.30691348208548,8.534500122070312,14368200,8.389315192985093
2008-09-15 00:00:00+00:00,8.412861009418405,8.122491836547852,8.122491836547852,40395400,8.208817564127884
2008-09-16 00:00:00+00:00,8.275522232055664,7.957685885926626,8.275522232055664,54852600,8.024392353477271
2008-09-17 00:00:00+00:00,8.106789995428521,7.447573646594818,7.816421031951904,44263200,8.044007557294426
2008-09-18 00:00:00+00:00,8.149956703186035,7.655544229181828,8.149956703186035,45571800,7.898826094348743
2008-09-19 00:00:00+00:00,8.75276598751411,8.209409713745117,8.209409713745117,22431200,8.75276598751411
2008-09-22 00:00:00+00:00,8.327531210708269,7.973168324272566,7.996792316436768,17704400,8.288157389772486
2008-09-23 00:00:00+00:00,8.193655022443968,7.8983526954597565,7.992849349975586,33454400,8.03616059825092
2008-09-24 00:00:00+00:00,8.067660826133642,7.925915445266856,8.012537956237793,14168600,8.008600501103407
2008-09-25 00:00:00+00:00,8.276349108741611,8.020420295880026,8.15035343170166,29713800,8.059793381709905
2008-09-26 00:00:00+00:00,8.236971749010236,7.929856854331621,8.189723014831543,33362600,7.941669225624581
2008-09-29 00:00:00+00:00,8.047974536763066,7.465243926713141,7.480993747711182,41041600,8.000725824761743
2008-09-30 00:00:00+00:00,7.847173213581425,7.551870663653333,7.815674304962158,20694600,7.551870663653333
2008-10-01 00:00:00+00:00,7.784178220129854,7.591247240975083,7.744804382324219,26947400,7.748741841204131
2008-10-02 00:00:00+00:00,7.63061468405038,7.351062069280036,7.44162130355835,21715800,7.583366714423841
2008-10-03 00:00:00+00:00,7.689677898989673,7.303815368375205,7.3353142738342285,26107600,7.504621172298909
2008-10-06 00:00:00+00:00,7.193570296269107,6.717148458549722,6.929766654968262,40746800,7.146321557845025
2008-10-07 00:00:00+00:00,7.114823621704856,6.575404644012451,6.575404644012451,29725000,7.1069487057256024
2008-10-08 00:00:00+00:00,6.831332977249032,6.413972219419172,6.516343116760254,47608200,6.41790892616875
2008-10-09 00:00:00+00:00,6.744709174107754,6.024171436426485,6.2997870445251465,46289400,6.646275001537049
2008-10-10 00:00:00+00:00,6.528154237041152,5.882425935516632,6.26041316986084,63059800,6.008421930629078
2008-10-13 00:00:00+00:00,6.992764472961426,6.476969562658259,6.992764472961426,32866200,6.606902654597017
2008-10-14 00:00:00+00:00,7.264440866479605,6.665961029848589,6.7565202713012695,48832800,7.240816128801778
2008-10-15 00:00:00+00:00,6.713209978901937,6.236788964718686,6.248600959777832,35791800,6.701398359339344
2008-10-16 00:00:00+00:00,6.575404644012451,5.965112173500084,6.575404644012451,39838600,6.264352221771827
2008-10-17 00:00:00+00:00,6.807708419739237,6.350973122189015,6.512405872344971,31264800,6.4651571343248735
2008-10-20 00:00:00+00:00,6.772272109985352,6.449407357996267,6.772272109985352,37735000,6.614776815944542
2008-10-21 00:00:00+00:00,6.709273026390857,6.378534172921276,6.417907238006592,20008200,6.665961753605317
2008-10-22 00:00:00+00:00,6.354910083123462,5.925737396523798,6.0832319259643555,22789600,6.354910083123462
2008-10-23 00:00:00+00:00,6.252538677168317,5.827303082354301,6.221039772033691,37059600,6.114730685581903
2008-10-24 00:00:00+00:00,6.114731579929325,5.626498103436487,5.929675579071045,28272200,5.6461850158992
2008-10-27 00:00:00+00:00,6.1186692116750505,5.748556823927467,5.8076171875,17504600,5.8666775510725335
2008-10-28 00:00:00+00:00,6.6147780418396,5.890302634059431,6.6147780418396,24178000,5.9966113764442515
2008-10-29 00:00:00+00:00,6.6423380274651995,6.3470355216696355,6.358847141265869,33117600,6.516341660824882
2008-10-30 00:00:00+00:00,6.658087244733308,6.410033465056029,6.595089435577393,38308400,6.555715617106664
2008-10-31 00:00:00+00:00,6.70140041244235,6.437596730488595,6.555717468261719,46909600,6.449408353669907
2008-11-03 00:00:00+00:00,6.630527669381142,6.504532015491588,6.555717468261719,13548200,6.5714673004945805
2008-11-04 00:00:00+00:00,6.870706987891278,6.630527316090827,6.831333160400391,24448000,6.6777753082852565
2008-11-05 00:00:00+00:00,6.748646091476173,6.406095618878227,6.417907238006592,18078800,6.697460656269416
2008-11-06 00:00:00+00:00,6.386411220303483,6.016298759059553,6.063547134399414,23825000,6.343100678946162
2008-11-07 00:00:00+00:00,6.272226068240014,6.118668612298425,6.236789703369141,18432400,6.146230062532839
2008-11-10 00:00:00+00:00,6.386408556735061,6.095043509243351,6.169853687286377,12580400,6.386408556735061
2008-11-11 00:00:00+00:00,6.154104161038327,5.957235827193838,6.035983085632324,30540800,6.134417252554568
2008-11-12 00:00:00+00:00,5.961174114817404,5.736743927617496,5.752493381500244,14837000,5.933612288900146
2008-11-13 00:00:00+00:00,6.126542565012011,5.461127402571284,6.110793113708496,29438000,5.736742988131069
2008-11-14 00:00:00+00:00,6.1304802586526295,5.787929376957817,5.831240653991699,22160000,5.972985729883719
2008-11-17 00:00:00+00:00,5.858802525726149,5.642247251408643,5.665871620178223,19138800,5.732806893612663
2008-11-18 00:00:00+00:00,5.77611588290431,5.512312334022106,5.744616985321045,16192000,5.689493726802092
2008-11-19 00:00:00+00:00,5.807615286804407,5.413878657190549,5.425690650939941,16502200,5.736742573315029
2008-11-20 00:00:00+00:00,5.606810136711439,5.150075655841203,5.193386554718018,38023400,5.343006535605949
2008-11-21 00:00:00+00:00,5.469001293182373,5.094951237558167,5.469001293182373,40298400,5.256383552599498
2008-11-24 00:00:00+00:00,5.870615448668156,5.532001946186126,5.7367448806762695,23877000,5.5792503156838515
2008-11-25 00:00:00+00:00,5.929674826693177,5.626497389526833,5.815491199493408,25723400,5.862739558110908
2008-11-26 00:00:00+00:00,6.016298511275446,5.654060606425412,5.996611595153809,17516400,5.665872981396411
2008-11-28 00:00:00+00:00,6.035983079981649,5.89423801492507,6.004484176635742,3718000,5.89423801492507
2008-12-01 00:00:00+00:00,5.898175357846281,5.5674368580436955,5.57137393951416,12596000,5.894238276375815
2008-12-02 00:00:00+00:00,5.791867204573478,5.571374474694877,5.768242835998535,16009200,5.673746112691963
2008-12-03 00:00:00+00:00,5.945420418720825,5.630431190322364,5.933608055114746,19319800,5.646180632967471
2008-12-04 00:00:00+00:00,5.92967498272276,5.610748084291882,5.693432807922363,20125000,5.811553895322562
2008-12-05 00:00:00+00:00,5.933612824291863,5.520189528692267,5.917863368988037,20803400,5.634373173519165
2008-12-08 00:00:00+00:00,6.2761623462250045,6.012359123133075,6.193477630615234,18814000,6.059607478410579
2008-12-09 00:00:00+00:00,6.33128418851754,6.083230097581654,6.154102802276611,16336600,6.098979545792037
2008-12-10 00:00:00+00:00,6.252540076000485,6.067483685310905,6.102920055389404,13966400,6.1816673358434855
2008-12-11 00:00:00+00:00,6.173789579297914,5.933610029664186,5.9729838371276855,35361800,6.05566853240387
2008-12-12 00:00:00+00:00,6.122605793467058,5.791866903585103,6.043858528137207,15700200,5.799741442369799
2008-12-15 00:00:00+00:00,6.0989801776183015,5.886362417003673,5.976922035217285,11140400,6.0989801776183015
2008-12-16 00:00:00+00:00,6.287975311279297,6.0084222344961535,6.287975311279297,19651200,6.287975311279297
2008-12-17 00:00:00+00:00,6.256476075912106,6.079294266809378,6.165916442871094,16309200,6.181665895291718
2008-12-18 00:00:00+00:00,6.1974133515629495,5.965108721560238,5.99267053604126,17684200,6.185601359926194
2008-12-19 00:00:00+00:00,6.179113451639549,6.044527053833008,6.044527053833008,34642200,6.1039033947033765
2008-12-22 00:00:00+00:00,6.0761955415131945,5.858481624658256,5.961400985717773,15816000,6.052444774535754
2008-12-23 00:00:00+00:00,6.044527712655642,5.874314963266762,5.8782734870910645,11170600,6.012859899566837
2008-12-24 00:00:00+00:00,5.945566936460072,5.905982452866232,5.917857646942139,3326600,5.933691364878552
2008-12-26 00:00:00+00:00,5.965359022526568,5.90994119644165,5.90994119644165,4247400,5.941608633491782
2008-12-29 00:00:00+00:00,5.965359101959991,5.826814157397237,5.9138994216918945,6016400,5.965359101959991
2008-12-30 00:00:00+00:00,6.044526257082916,5.9297313588554,6.024734020233154,8545800,5.9297313588554
2008-12-31 00:00:00+00:00,6.17119698170995,6.020776485472947,6.099945068359375,8277400,6.048485395106802
2009-01-02 00:00:00+00:00,6.361202444934032,6.0880707024890475,6.329535007476807,8959600,6.135571858674887
2009-01-05 00:00:00+00:00,6.349327311824332,6.2226571907929555,6.309742450714111,12531400,6.2899505864174206
2009-01-06 00:00:00+00:00,6.511623955093007,6.34932822839566,6.456205368041992,16853800,6.3809956688485245
2009-01-07 00:00:00+00:00,6.3572427445282536,6.2028641098669794,6.250365257263184,12422000,6.3572427445282536
2009-01-08 00:00:00+00:00,6.305784167365573,6.171197379040527,6.293908596038818,11421600,6.206823338009581
2009-01-09 00:00:00+00:00,6.309743186956263,6.13161374496201,6.155364513397217,7885600,6.293909467168011
2009-01-12 00:00:00+00:00,6.175155305752274,5.99702552813003,6.044527053833008,10259200,6.175155305752274
2009-01-13 00:00:00+00:00,6.099947571271234,5.969319261533224,6.016820430755615,17308400,6.0643215999780065
2009-01-14 00:00:00+00:00,5.9811940791637985,5.803064611529293,5.8347320556640625,17025800,5.949526635029029
2009-01-15 00:00:00+00:00,5.925774941655457,5.688268785204153,5.87431526184082,15304600,5.830772252571558
2009-01-16 00:00:00+00:00,6.000985063492183,5.791188195865044,5.9138994216918945,14892800,5.98515134475628
2009-01-20 00:00:00+00:00,5.929733315073835,5.660560088635613,5.672435283660889,33716200,5.902024400846312
2009-01-21 00:00:00+00:00,5.9495271861453265,5.719938006148101,5.945569038391113,11724800,5.810982199598447
2009-01-22 00:00:00+00:00,5.909942609304467,5.715979039120397,5.810981750488281,14986000,5.818898422890602
2009-01-23 00:00:00+00:00,6.000988243350671,5.696188901798246,5.894110679626465,14874600,5.704105576608342
2009-01-26 00:00:00+00:00,6.076196107347145,5.9139000024833335,5.965359687805176,14685600,5.929733722774234
2009-01-27 00:00:00+00:00,6.068276616756117,5.941606905397015,6.000983238220215,12281000,5.985149524300327
2009-01-28 00:00:00+00:00,6.246408926982702,6.060362795405204,6.171198844909668,14272800,6.092030238120765
2009-01-29 00:00:00+00:00,6.115779745494267,5.96140107899508,5.989109992980957,10149800,6.115779745494267
2009-01-30 00:00:00+00:00,6.020778665476994,5.810981750488281,5.810981750488281,10148800,6.020778665476994
2009-02-02 00:00:00+00:00,5.981190930414648,5.763477460978016,5.902022361755371,9860600,5.779311174709871
2009-02-03 00:00:00+00:00,6.048485659502312,5.8545225285755205,6.020776748657227,12651800,5.9297325912288645
2009-02-04 00:00:00+00:00,6.190991762076786,6.004945232826452,6.016820430755615,11547800,6.036612678974713
2009-02-05 00:00:00+00:00,6.187030657320561,5.93369081625587,6.111820220947266,17939000,5.949524532728314
2009-02-06 00:00:00+00:00,6.377034839139549,6.139528744095027,6.3216166496276855,15331400,6.159320981599659
2009-02-09 00:00:00+00:00,6.388910755863493,6.289950306270777,6.337451457977295,9208800,6.337451457977295
2009-02-10 00:00:00+00:00,6.365159772649737,6.0445269342824135,6.08015251159668,17649000,6.313700102077271
2009-02-11 00:00:00+00:00,6.14744740146879,6.016819120183974,6.092029571533203,11357000,6.076195851907943
2009-02-12 00:00:00+00:00,6.135571820589558,5.937650148957636,6.1197381019592285,11572200,6.0366109847735965
2009-02-13 00:00:00+00:00,6.214740804252562,6.092029571533203,6.092029571533203,7834200,6.111821437935539
2009-02-17 00:00:00+00:00,5.953485340600247,5.838690757751465,5.838690757751465,12472000,5.937651618052337
2009-02-18 00:00:00+00:00,5.9376508288243794,5.7951473448346364,5.842648506164551,13326400,5.921817108381075
2009-02-19 00:00:00+00:00,5.902026472077581,5.69618805021232,5.700146198272705,13666400,5.902026472077581
2009-02-20 00:00:00+00:00,5.795147271648791,5.624934495903596,5.755562782287598,24569200,5.64076821614694
2009-02-23 00:00:00+00:00,5.787229906893905,5.474513666027392,5.490347385406494,28396800,5.7793132359571775
2009-02-24 00:00:00+00:00,5.715978428998589,5.5022230118720445,5.636809825897217,16381400,5.537848977644082
2009-02-25 00:00:00+00:00,5.791188989819466,5.545766127013406,5.68826961517334,36860200,5.660560697963107
2009-02-26 00:00:00+00:00,5.814937535224601,5.620974421356893,5.628891468048096,14137000,5.715976716617946
2009-02-27 00:00:00+00:00,5.70410136259332,5.553680877269212,5.589306831359863,13934400,5.56159792373627
2009-03-02 00:00:00+00:00,5.613058532247495,5.4111783436322325,5.454720973968506,14689400,5.518055846277854
2009-03-03 00:00:00+00:00,5.5220147438995,5.375552747395286,5.403261661529541,14889600,5.490347305601596
2009-03-04 00:00:00+00:00,5.648684761085691,5.4784720005256755,5.545765399932861,12826000,5.510139438187218
2009-03-05 00:00:00+00:00,5.557641596055992,5.36367841105433,5.375553607940674,13908600,5.478472987637528
2009-03-06 00:00:00+00:00,5.486388781437948,5.21325703174212,5.403261661529541,46663200,5.46659691563099
2009-03-09 00:00:00+00:00,5.411178831506884,5.177631185680172,5.233049392700195,18855000,5.292425746467208
2009-03-10 00:00:00+00:00,5.5576414950287765,5.2686759851777945,5.533890724182129,49537600,5.28450970657366
2009-03-11 00:00:00+00:00,5.715977298353145,5.557640123470189,5.6566009521484375,28460000,5.617016469674897
2009-03-12 00:00:00+00:00,5.8386894905802595,5.617017045513375,5.818897247314453,16177800,5.688268970268024
2009-03-13 00:00:00+00:00,5.858481733846067,5.739728651756866,5.818897247314453,13471400,5.83473096642597
2009-03-16 00:00:00+00:00,5.898064269731933,5.747644167045602,5.7674360275268555,9802400,5.86639683995528
2009-03-17 00:00:00+00:00,5.981192032752068,5.7516029525739985,5.97723388671875,11355200,5.7832703858740375
2009-03-18 00:00:00+00:00,6.15932318442992,5.91785848002554,6.060362339019775,21289600,5.941609249026468
2009-03-19 00:00:00+00:00,6.1909902759660325,6.032652705726993,6.07619571685791,12457200,6.171198032497947
2009-03-20 00:00:00+00:00,6.154570446468584,5.947693950394864,5.983499526977539,10532000,6.102851322450154
2009-03-23 00:00:00+00:00,6.337576389312744,6.071024186989268,6.337576389312744,10848600,6.13069989462215
2009-03-24 00:00:00+00:00,6.341553389206336,6.23015857726509,6.234137058258057,11955200,6.281877691947162
2009-03-25 00:00:00+00:00,6.365423545758636,6.102849885201502,6.269942283630371,18962800,6.297790890232246
2009-03-26 00:00:00+00:00,6.448971431247753,6.29381442544286,6.433058261871338,16755400,6.357468620584245
2009-03-27 00:00:00+00:00,6.381337815927847,6.281877688207057,6.2938127517700195,12588600,6.37735933493725
2009-03-30 00:00:00+00:00,6.19435152188888,6.039194594454411,6.098870277404785,12785400,6.19435152188888
2009-03-31 00:00:00+00:00,6.33359855678546,6.174463067181376,6.21424674987793,10078200,6.194354718825186
2009-04-01 00:00:00+00:00,6.397252541925528,6.126721839099922,6.38929557800293,12126400,6.142635387536197
2009-04-02 00:00:00+00:00,6.69563221899007,6.468864046751177,6.5563883781433105,14645800,6.504669627506569
2009-04-03 00:00:00+00:00,6.675737546215796,6.540472248750315,6.64788818359375,30178400,6.576277813303974
2009-04-06 00:00:00+00:00,6.616063665908428,6.468863629035133,6.580258846282959,30654000,6.584236569383027
2009-04-07 00:00:00+00:00,6.5245599748521395,6.393273124608314,6.397251605987549,12568400,6.500689845394462
2009-04-08 00:00:00+00:00,6.572300630436681,6.4489699909293865,6.492732524871826,10671000,6.50068948719185
2009-04-09 00:00:00+00:00,6.735416633122081,6.6120867145438185,6.655848503112793,30211600,6.647891538348279
2009-04-13 00:00:00+00:00,6.719502703593053,6.600151267397047,6.655848503112793,11552800,6.675740915024078
2009-04-14 00:00:00+00:00,6.65186737042366,6.5484291461517,6.584234714508057,10869200,6.643911167647065
2009-04-15 00:00:00+00:00,6.580255942591369,6.47283925466157,6.564342021942139,11345800,6.53251493946118
2009-04-16 00:00:00+00:00,6.791112064930505,6.600149514214664,6.759284973144531,29548600,6.651868253810225
2009-04-17 00:00:00+00:00,6.783157710137778,6.679720191178987,6.747352123260498,17962800,6.76326605468063
2009-04-20 00:00:00+00:00,6.643912158813929,6.516603030766804,6.532516956329346,10750600,6.639933677423294
2009-04-21 00:00:00+00:00,6.655849389472633,6.488756901255753,6.643914699554443,4293800,6.508649315816112
2009-04-22 00:00:00+00:00,6.80702468103757,6.604126725368698,6.6757378578186035,18245600,6.620039888792245
2009-04-23 00:00:00+00:00,6.73143639052528,6.5683224495953105,6.707566261291504,13641800,6.723479427841445
2009-04-24 00:00:00+00:00,6.8627199934190894,6.707563088563346,6.803044319152832,10391000,6.763260283369537
2009-04-27 00:00:00+00:00,6.870679476973275,6.739392641819158,6.771219730377197,8749200,6.751327325767394
2009-04-28 00:00:00+00:00,6.818962135988475,6.683696777220297,6.767243385314941,14151400,6.735416286711716
2009-04-29 00:00:00+00:00,6.942291852786496,6.787134104457387,6.842832088470459,11049400,6.818961198685807
2009-04-30 00:00:00+00:00,7.0298177292875215,6.838855121619522,6.862725257873535,25428400,6.95422807919554
2009-05-01 00:00:00+00:00,6.954226016998292,6.807026001794777,6.954226016998291,7022400,6.886593351986002
2009-05-04 00:00:00+00:00,7.093469352039207,6.962182512162563,7.081533908843994,9104200,7.001966563995598
2009-05-05 00:00:00+00:00,7.061642784825959,6.982074675272659,7.0377726554870605,9088200,7.041751136846499
2009-05-06 00:00:00+00:00,7.117341344055808,6.970141300176339,7.0775580406188965,14494800,7.117341344055808
2009-05-07 00:00:00+00:00,7.113360881374381,6.7751983434080385,6.80702543258667,36639400,7.093469235194359
2009-05-08 00:00:00+00:00,6.910466065387701,6.739395117002259,6.799070835113525,13724600,6.894552135855137
2009-05-11 00:00:00+00:00,6.890571812787638,6.723479391420877,6.818960666656494,11392000,6.735414835381976
2009-05-12 00:00:00+00:00,6.878638447330335,6.747350815023523,6.783156394958496,11605600,6.8667030010793875
2009-05-13 00:00:00+00:00,6.759284878461595,6.612084865570068,6.612084865570068,26418800,6.743371712200379
2009-05-14 00:00:00+00:00,6.763261977298463,6.639932118416642,6.683693885803223,13505000,6.659823761881674
2009-05-15 00:00:00+00:00,6.787132101220012,6.683693885803223,6.683693885803223,14036600,6.743370333833432
2009-05-18 00:00:00+00:00,6.866702079772949,6.7234797792492165,6.866702079772949,8677400,6.7632638359300055
2009-05-19 00:00:00+00:00,6.962184699680497,6.8229408539233045,6.906487464904785,14238000,6.834876300868634
2009-05-20 00:00:00+00:00,6.98605215213263,6.826916714725275,6.834873676300049,17401600,6.954225064651159
2009-05-21 00:00:00+00:00,6.807023906770707,6.651866217838509,6.71552038192749,12901600,6.78315302612422
2009-05-22 00:00:00+00:00,6.779176328848095,6.643911020022421,6.739392280578613,10869400,6.743370761287323
2009-05-26 00:00:00+00:00,6.930357421740565,6.64391353178072,6.914443492889404,11486800,6.6677836662395675
2009-05-27 00:00:00+00:00,7.001967613568927,6.842832141200544,6.8468098640441895,15429800,6.918421016314408
2009-05-28 00:00:00+00:00,6.9780983229761695,6.807027385016863,6.94627046585083,12355800,6.930357296106039
2009-05-29 00:00:00+00:00,7.033790315001798,6.8985250582658155,7.021854877471924,10793600,6.966157686633807
2009-06-01 00:00:00+00:00,7.2406713508254805,7.093470561588482,7.220778942108154,15874200,7.11734069323147
2009-06-02 00:00:00+00:00,7.28045432896021,7.149167472497576,7.204865455627441,13743800,7.173038361903705
2009-06-03 00:00:00+00:00,7.180995252861693,7.073579275534168,7.125298023223877,11487800,7.180995252861693
2009-06-04 00:00:00+00:00,7.244646931187089,7.1650795963027925,7.22475528717041,18743600,7.177015038003348
2009-06-05 00:00:00+00:00,7.324217691063029,7.220779435123855,7.2963690757751465,19307800,7.292390593760041
2009-06-08 00:00:00+00:00,7.292388534657752,7.129274612185078,7.2526044845581055,13437600,7.224755877133645
2009-06-09 00:00:00+00:00,7.340129430304071,7.236691205210073,7.284431457519531,12225400,7.300345380834437
2009-06-10 00:00:00+00:00,7.352066804048569,7.200888271329819,7.30432653427124,10700000,7.3281966691599045
2009-06-11 00:00:00+00:00,7.411741661155051,7.2844332780886525,7.332174301147461,12335600,7.308304169026966
2009-06-12 00:00:00+00:00,7.336153455382114,7.2366936771430534,7.312282562255859,11411200,7.312282562255859
2009-06-15 00:00:00+00:00,7.29238917146438,7.165080807082443,7.236691951751709,13549400,7.256583599129747
2009-06-16 00:00:00+00:00,7.272497453569206,7.129275165619416,7.145188331604004,13599400,7.256583528766917
2009-06-17 00:00:00+00:00,7.240670743984179,7.113361615316494,7.184972763061523,15441800,7.165081114829121
2009-06-18 00:00:00+00:00,7.2128200521663555,7.137231195682775,7.153144359588623,13541800,7.18497144621792
2009-06-19 00:00:00+00:00,7.261446753571579,7.177522096779913,7.241465091705322,22896600,7.217486182763966
2009-06-22 00:00:00+00:00,7.193507858071243,7.037648765066852,7.06162691116333,15364400,7.173526196699431
2009-06-23 00:00:00+00:00,7.089602386011658,7.005678483556965,7.065624237060547,11561400,7.073617207461455
2009-06-24 00:00:00+00:00,7.221480403936118,7.109581912958413,7.165531158447266,13363400,7.1295635685612035
2009-06-25 00:00:00+00:00,7.293419757509832,7.0936000381260005,7.269441604614258,17386600,7.129567648595229
2009-06-26 00:00:00+00:00,7.2934157873012175,7.2254770892034275,7.257448196411133,17909400,7.245458745363997
2009-06-29 00:00:00+00:00,7.357359798530923,7.26144645348385,7.333381652832031,10663000,7.273435907459049
2009-06-30 00:00:00+00:00,7.365355037295363,7.225481080158781,7.2774338722229,15497600,7.3493690937361
2009-07-01 00:00:00+00:00,7.381339781848349,7.293419384229888,7.309405326843262,22071400,7.325390507204938
2009-07-02 00:00:00+00:00,7.241466086287568,7.125570297241211,7.125570297241211,18547800,7.23746960091511
2009-07-06 00:00:00+00:00,7.145552243761815,7.045642392263597,7.105588912963867,11724600,7.093599456373478
2009-07-07 00:00:00+00:00,7.133563285634522,6.929747104644775,6.929747104644775,8982600,7.117577344105139
2009-07-08 00:00:00+00:00,6.973708526958285,6.853816237709404,6.933744430541992,17221800,6.957722583491073
2009-07-09 00:00:00+00:00,7.013672136957928,6.941737675281633,6.9777045249938965,28062400,6.969712315197709
2009-07-10 00:00:00+00:00,7.021662876805147,6.925749529476031,7.005677700042725,20055400,6.953724160498916
2009-07-14 00:00:00+00:00,7.14955007514963,7.073619122538667,7.1455535888671875,13903600,7.125571919706791
2009-07-15 00:00:00+00:00,7.417306059063168,7.253453987946182,7.413309574127197,16611200,7.269439927690064
2009-07-16 00:00:00+00:00,7.5292050705574045,7.369349490320295,7.521212100982666,17033000,7.3933276367929786
2009-07-17 00:00:00+00:00,7.593151092529297,7.4892447229507715,7.593151092529297,36892200,7.521215854955555
2009-07-20 00:00:00+00:00,7.6690804841028415,7.593148782843931,7.661087512969971,41402200,7.633112876256604
2009-07-21 00:00:00+00:00,7.705050468444825,7.6051405852234275,7.705050468444824,31625400,7.689064521248481
2009-07-22 00:00:00+00:00,7.772985658007038,7.685064513215731,7.749006748199463,14524600,7.701050453087448
2009-07-23 00:00:00+00:00,7.940830577603547,7.729021544845202,7.900866508483887,26817200,7.745006715142336
2009-07-24 00:00:00+00:00,7.864906655566196,7.737022118443488,7.852917194366455,21417000,7.792971412871681
2009-07-27 00:00:00+00:00,7.864906655566196,7.764996765657585,7.852917194366455,11474600,7.864906655566196
2009-07-28 00:00:00+00:00,7.880888038560431,7.749007078011934,7.868899345397949,11774400,7.79696413741666
2009-07-29 00:00:00+00:00,7.860905170440674,7.7729847976326445,7.860905170440674,11856800,7.828934056487619
2009-07-30 00:00:00+00:00,8.016761470454561,7.884880575935536,7.900866508483887,22961200,7.940830577603547
2009-07-31 00:00:00+00:00,7.948826165963483,7.86090578626773,7.872895240783691,13465600,7.904866357241378
2009-08-03 00:00:00+00:00,7.98079776763916,7.9048668378429054,7.98079776763916,15641400,7.972805559727483
2009-08-04 00:00:00+00:00,7.968809944529754,7.9168563950488124,7.956820487976074,11643000,7.932842337120386
2009-08-05 00:00:00+00:00,7.992785233699032,7.85291133965902,7.88488245010376,10024200,7.992785233699032
2009-08-06 00:00:00+00:00,7.92485381101129,7.800965739476401,7.828940391540527,20416400,7.908868622225547
2009-08-07 00:00:00+00:00,7.9568241598404885,7.872900211991057,7.908867835998535,23483000,7.940838972643846
2009-08-10 00:00:00+00:00,7.89687338756407,7.808953007868317,7.872895240783691,24926200,7.868898755945037
2009-08-11 00:00:00+00:00,7.844921204762831,7.757000809849248,7.760997295379639,9643600,7.836928995953723
2009-08-12 00:00:00+00:00,7.972803922123325,7.760994829811653,7.916853904724121,10676800,7.772984282593932
2009-08-13 00:00:00+00:00,7.968808146869893,7.872894802832277,7.952822208404541,12151400,7.944829239171864
2009-08-14 00:00:00+00:00,7.956821236895668,7.820943765504791,7.876893043518066,6912000,7.944831779213504
2009-08-17 00:00:00+00:00,7.776983478459671,7.673077890272653,7.68906307220459,10120200,7.753005324435881
2009-08-18 00:00:00+00:00,7.808952920951398,7.713038810394359,7.804956436157227,7432200,7.725028264776872
2009-08-19 00:00:00+00:00,7.856914680827856,7.68906601394106,7.824943542480469,11440600,7.7010554766658545
2009-08-20 00:00:00+00:00,7.924848418132225,7.808953400983104,7.912858963012695,7821000,7.83293154897058
2009-08-21 00:00:00+00:00,8.04074273357629,7.912857522339778,8.028753280639648,13267200,7.9608145718349
2009-08-24 00:00:00+00:00,8.100693208472356,8.004779815673828,8.004779815673828,8479800,8.052736130947148
2009-08-25 00:00:00+00:00,8.100688105557456,8.020759947449028,8.02475643157959,9226800,8.048734574111554
2009-08-26 00:00:00+00:00,8.084704314667107,8.008773382789036,8.060726165771484,11368600,8.02076207611104
2009-08-27 00:00:00+00:00,8.080706231715451,7.940833088937782,8.076709747314453,18829400,8.04074291220838
2009-08-28 00:00:00+00:00,8.220583693171365,8.048738600841286,8.10468864440918,22097000,8.176623107993404
2009-08-31 00:00:00+00:00,8.02476112316429,7.960818864195001,8.00078296661377,19650400,8.012771663763104
2009-09-01 00:00:00+00:00,8.088695916267415,7.828930633686547,7.836923599243164,27297000,7.968804481922753
2009-09-02 00:00:00+00:00,7.888884815713712,7.804960874071423,7.852917194366455,9894400,7.824942547152358
2009-09-03 00:00:00+00:00,7.896875131629364,7.796965275352046,7.888882160186768,10676800,7.896875131629364
2009-09-04 00:00:00+00:00,8.028753280639648,7.876889925781298,8.028753280639648,20509600,7.888879378717939
2009-09-08 00:00:00+00:00,8.088700294494629,8.02475805993353,8.088700294494629,6249200,8.068718632038621
2009-09-09 00:00:00+00:00,8.168630692170339,8.056731370105732,8.148648262023926,14115000,8.072717314222862
2009-09-10 00:00:00+00:00,8.260543823242188,8.128662893325462,8.260543823242188,31455000,8.15264103633266
2009-09-11 00:00:00+00:00,8.284524608396678,8.196604214495935,8.268539428710938,23523400,8.256549972257881
2009-09-14 00:00:00+00:00,8.260546010401486,8.19260728534998,8.240564346313477,9048600,8.196603770617909
2009-09-15 00:00:00+00:00,8.320490750191446,8.232570371774266,8.296512603759766,9138000,8.264541487767016
2009-09-16 00:00:00+00:00,8.388433017074965,8.276533682617005,8.360458374023438,21677200,8.33248373097191
2009-09-17 00:00:00+00:00,8.388429327753146,8.304505435509203,8.328483581542969,11453000,8.336476550971398
2009-09-18 00:00:00+00:00,8.39547600362779,8.315251370016572,8.379430770874023,13098600,8.363386303199064
2009-09-21 00:00:00+00:00,8.37942564780037,8.291179216843814,8.343324661254883,12015800,8.32326889765332
2009-09-22 00:00:00+00:00,8.411516336748402,8.339315120082297,8.387449264526367,11379800,8.407505030531658
2009-09-23 00:00:00+00:00,8.519819309365209,8.359370886087587,8.387449264526367,13050800,8.423550255398636
2009-09-24 00:00:00+00:00,8.435581834432927,8.275132690577584,8.307222366333008,11164000,8.42354791912031
2009-09-25 00:00:00+00:00,8.335303864070411,8.243045350686463,8.25507926940918,18445000,8.279146341776174
2009-09-28 00:00:00+00:00,8.455642669753933,8.303216809702798,8.391463279724121,10126000,8.303216809702798
2009-09-29 00:00:00+00:00,8.431571704199145,8.331291357855422,8.347335815429688,22216400,8.391459412645991
2009-09-30 00:00:00+00:00,8.41953879136901,8.243045146532546,8.371404647827148,29816200,8.36739334168559
2009-10-01 00:00:00+00:00,8.33128674066321,8.122703552246094,8.122703552246094,32404800,8.33128674066321
2009-10-02 00:00:00+00:00,8.16682712500915,8.058524227360506,8.122703552246094,14310000,8.058524227360506
2009-10-05 00:00:00+00:00,8.206945264266105,8.08660912408778,8.190900802612305,12440600,8.142765887493862
2009-10-06 00:00:00+00:00,8.347335352883539,8.222987944529644,8.339313507080078,16493000,8.231010555411387
2009-10-07 00:00:00+00:00,8.347333090401662,8.283153750899606,8.32326602935791,10382400,8.319254725004273
2009-10-08 00:00:00+00:00,8.415529059517226,8.327282603129971,8.37541675567627,9998600,8.391461983244076
2009-10-09 00:00:00+00:00,8.431578636169434,8.331298207380774,8.431578636169434,18425600,8.343331369184881
2009-10-12 00:00:00+00:00,8.483722048603235,8.39146426028964,8.435587882995605,7997600,8.46366627377985
2009-10-13 00:00:00+00:00,8.48772906638279,8.403493936607479,8.467673301696777,9602200,8.439594925105007
2009-10-14 00:00:00+00:00,8.588011740870222,8.519821051399587,8.56795597076416,18362400,8.588011740870222
2009-10-15 00:00:00+00:00,8.555920753145392,8.491741380437006,8.551909446716309,11443000,8.527842373220283
2009-10-16 00:00:00+00:00,8.519822432658486,8.423553343400497,8.471688270568848,14431200,8.515811124971231
2009-10-19 00:00:00+00:00,8.567953261334848,8.463661606590403,8.563941955566406,18320800,8.49575128765959
2009-10-20 00:00:00+00:00,8.62411127460809,8.495752531538104,8.53586483001709,14169200,8.620099968252346
2009-10-21 00:00:00+00:00,8.676259479177677,8.515810999446078,8.539878845214844,18116800,8.539878845214844
2009-10-22 00:00:00+00:00,8.604054407321458,8.479706221434737,8.579986572265625,20659400,8.543885584760236
2009-10-23 00:00:00+00:00,8.704336846029449,8.51982055840063,8.55592155456543,32998000,8.692302925615001
2009-10-26 00:00:00+00:00,8.660210939340015,8.479706006390652,8.499762535095215,21219000,8.575975048937531
2009-10-27 00:00:00+00:00,8.551910821054534,8.423552055009818,8.455641746520996,18711800,8.503776666327063
2009-10-28 00:00:00+00:00,8.471689652415394,8.327285612434814,8.331296920776367,26111200,8.399487632425105
2009-10-29 00:00:00+00:00,8.503777964501117,8.367396563489175,8.491744041442871,21452200,8.411519417878655
2009-10-30 00:00:00+00:00,8.48371888010202,8.259091072643336,8.26711368560791,22670000,8.48371888010202
2009-11-02 00:00:00+00:00,8.375417521779957,8.206946442300657,8.3152494430542,33501600,8.275137135544151
2009-11-03 00:00:00+00:00,8.283159255981445,8.206945952766247,8.283159255981445,30066000,8.247058257883646
2009-11-04 00:00:00+00:00,8.431577334078696,8.319262995751707,8.331296920776367,15870800,8.319262995751707
2009-11-05 00:00:00+00:00,8.531854438898506,8.427562757696853,8.511797904968262,13478400,8.447618526548558
2009-11-06 00:00:00+00:00,8.543884267512476,8.45162654259064,8.523828506469727,9924200,8.467671763487434
2009-11-09 00:00:00+00:00,8.748461077435534,8.567956833078519,8.720382690429688,14874800,8.592023912643722
2009-11-10 00:00:00+00:00,8.744446096768753,8.672244888402266,8.716367721557617,10734600,8.700323263613402
2009-11-11 00:00:00+00:00,8.792581704560657,8.712357113182966,8.768514633178711,10423200,8.768514633178711
2009-11-12 00:00:00+00:00,8.808628039950442,8.696314506193955,8.704337120056152,12722800,8.768516500796592
2009-11-13 00:00:00+00:00,8.808626321691298,8.68427889139741,8.78455924987793,10872400,8.744446953470039
2009-11-16 00:00:00+00:00,8.896875993814204,8.800606914787915,8.880830764770508,16005200,8.82467399327483
2009-11-17 00:00:00+00:00,8.920944213867188,8.836709045844541,8.920944213867188,9999800,8.844730896314273
2009-11-18 00:00:00+00:00,8.90890677463589,8.820660333665556,8.872806549072266,8421400,8.90890677463589
2009-11-19 00:00:00+00:00,8.816648733330847,8.692301305866975,8.744446754455566,21146800,8.81263742727351
2009-11-20 00:00:00+00:00,8.720377912319593,8.668232474320316,8.700322151184082,11102600,8.688288235455827
2009-11-23 00:00:00+00:00,8.868798870548943,8.780551628403787,8.852753639221191,14472200,8.788574244067663
2009-11-24 00:00:00+00:00,8.852750622280222,8.784559942533551,8.836706161499023,14025200,8.848739315815303
2009-11-25 00:00:00+00:00,8.868798870548943,8.828686557308304,8.852753639221191,7015200,8.852753639221191
2009-11-27 00:00:00+00:00,8.768515196822472,8.608066003753352,8.708346366882324,10515000,8.640156454429938
2009-11-30 00:00:00+00:00,8.74444961637672,8.648180534728453,8.724393844604492,13966400,8.704338072832265
2009-12-01 00:00:00+00:00,8.88484287478365,8.788573787059375,8.864787101745605,17054200,8.792585094682725
2009-12-02 00:00:00+00:00,8.932978265702472,8.83670917297218,8.852753639221191,10424400,8.864787562717005
2009-12-03 00:00:00+00:00,8.9329742632,8.836705213603953,8.85676097869873,12896600,8.892861967932049
2009-12-04 00:00:00+00:00,9.005178530255469,8.824673538215087,8.912919998168945,22041600,8.94902099657702
2009-12-07 00:00:00+00:00,8.949025638434945,8.876823604167612,8.896880149841309,13269000,8.920947239570758
2009-12-08 00:00:00+00:00,8.892861766047453,8.784558800806181,8.816648483276367,17652600,8.856760777633696
2009-12-09 00:00:00+00:00,8.900887489318848,8.776539256836264,8.900887489318848,14958600,8.83269679459824
2009-12-10 00:00:00+00:00,8.981111528880628,8.924954755022513,8.940999984741211,21856800,8.932977369881863
2009-12-11 00:00:00+00:00,8.985123608097412,8.892865824526305,8.920944213867188,8196000,8.97309044985345
2009-12-14 00:00:00+00:00,9.005178910684275,8.945010067409887,8.993144989013672,23433000,8.989133681790138
2009-12-15 00:00:00+00:00,9.009186224786783,8.904895334657407,8.93698501586914,10167600,8.973086002867136
2009-12-16 00:00:00+00:00,9.009189760598982,8.94902168034777,8.965066909790039,8966000,8.98111137415366
2009-12-17 00:00:00+00:00,8.9329742632,8.848738366629462,8.85676097869873,10250200,8.9329742632
2009-12-18 00:00:00+00:00,9.0012815364078,8.904666802528594,8.989204406738281,14629200,8.94492236577569
2009-12-21 00:00:00+00:00,9.105948029761043,9.021409654572029,9.069717407226562,12415400,9.045563146986456
2009-12-22 00:00:00+00:00,9.142175674438477,9.089842992220518,9.142175674438477,7604000,9.097894410354202
2009-12-23 00:00:00+00:00,9.186460042923262,9.126075927212925,9.1784086227417,10980400,9.162306550204265
2009-12-24 00:00:00+00:00,9.266970884469039,9.186458234157321,9.262945175170898,3333200,9.20658678064802
2009-12-28 00:00:00+00:00,9.30320242664332,9.238792607110899,9.291125297546387,18266600,9.279048168449451
2009-12-29 00:00:00+00:00,9.307227933281448,9.262945895384428,9.279047966003418,7698800,9.307227933281448
2009-12-30 00:00:00+00:00,9.31527734939713,9.250867539811233,9.311251640319824,11367000,9.26294466704315
2009-12-31 00:00:00+00:00,9.331383871410178,9.206589912024656,9.230743408203125,11526200,9.319306739408043
2010-01-04 00:00:00+00:00,9.375660440676404,9.299173518355857,9.367609024047852,16898800,9.315275583787612
2010-01-05 00:00:00+00:00,9.379688042441147,9.299176156788237,9.355534553527832,39976400,9.379688042441147
2010-01-06 00:00:00+00:00,9.35955872392896,9.242815472364601,9.250866889953613,20048200,9.355533015134453
2010-01-07 00:00:00+00:00,9.25891979236314,9.18243284865246,9.214637756347656,14584800,9.25891979236314
2010-01-08 00:00:00+00:00,9.283076975669768,9.17036013779016,9.275026321411133,23772400,9.202565058302316
2010-01-11 00:00:00+00:00,9.319306232271103,9.194512279676601,9.238794326782227,30477800,9.315280521822794
2010-01-12 00:00:00+00:00,9.19853719200569,9.101922453106447,9.138153076171875,19485600,9.186460061708651
2010-01-13 00:00:00+00:00,9.238791261554306,9.09789451391302,9.226714134216309,20107400,9.178406392689825
2010-01-14 00:00:00+00:00,9.283071792484222,9.206585628864927,9.250866889953613,15013200,9.218661987423005
2010-01-15 00:00:00+00:00,9.275026137964526,9.09387298377543,9.122052192687988,27066600,9.266974716039265
2010-01-19 00:00:00+00:00,9.279047966003418,9.142176910526809,9.279047966003418,14965600,9.142176910526809
2010-01-20 00:00:00+00:00,9.206588156361253,9.04556283167628,9.130101203918457,29398000,9.206588156361253
2010-01-21 00:00:00+00:00,9.202563312516766,9.005308115822164,9.033487319946289,25606800,9.15828126727844
2010-01-22 00:00:00+00:00,9.017382784452746,8.70741006168024,8.719487190246582,67402400,9.017382784452746
2010-01-25 00:00:00+00:00,8.848306715450695,8.743640572632396,8.791948318481445,66680200,8.799999737427216
2010-01-26 00:00:00+00:00,8.876486656299884,8.727539232474115,8.76779556274414,32250600,8.775846214537637
2010-01-27 00:00:00+00:00,8.860383329827023,8.707409450034577,8.840254783630371,35370000,8.771820030038336
2010-01-28 00:00:00+00:00,8.808053859830364,8.550414494633767,8.586645126342773,46278600,8.795977494477945
2010-01-29 00:00:00+00:00,8.679236676263244,8.397443731398688,8.437699317932129,53794800,8.667160307433651
2010-02-01 00:00:00+00:00,8.554440035300344,8.473927351367173,8.53431224822998,38415000,8.477953062346417
2010-02-02 00:00:00+00:00,8.642996557615781,8.514176979168775,8.618843078613281,27391200,8.56248470499903
2010-02-03 00:00:00+00:00,8.659106560148798,8.57859387302765,8.638978004455566,29566400,8.586645295304942
2010-02-04 00:00:00+00:00,8.60274755755822,8.389389488607046,8.397440910339355,32978200,8.586644714093602
2010-02-05 00:00:00+00:00,8.498077437742934,8.337052149071582,8.481974601745605,46507400,8.409513375408594
2010-02-08 00:00:00+00:00,8.542362126740223,8.433671011472907,8.445747375488281,45887600,8.494055135027146
2010-02-09 00:00:00+00:00,8.598722141832377,8.461851038988538,8.518209457397461,31774800,8.538337244593258
2010-02-10 00:00:00+00:00,8.550410324985423,8.4417184828625,8.494051933288574,20846800,8.538333197696598
2010-02-11 00:00:00+00:00,8.61482171688904,8.433669381243098,8.582616806030273,30349600,8.494053493125078
2010-02-12 00:00:00+00:00,8.614823579208874,8.469901832928615,8.598721504211426,30286000,8.52223453645258
2010-02-16 00:00:00+00:00,8.727540969848633,8.626900508052087,8.727540969848633,20466600,8.651054003892035
2010-02-17 00:00:00+00:00,8.767796566667998,8.707411680435994,8.751693725585938,17806600,8.767796566667998
2010-02-18 00:00:00+00:00,8.824153948523207,8.727539216744654,8.808051109313965,11527600,8.747666997930574
2010-02-19 00:00:00+00:00,8.828178480318945,8.747665830667374,8.783896446228027,13535600,8.75974295846277
2010-02-22 00:00:00+00:00,8.832205384045928,8.751692723505876,8.76779556274414,14074600,8.828179674236361
2010-02-23 00:00:00+00:00,8.763770506607669,8.62287372406617,8.659104347229004,20971400,8.759744796497833
2010-02-24 00:00:00+00:00,8.771822780518221,8.69131010613723,8.743642807006836,15078000,8.699361527140484
2010-02-25 00:00:00+00:00,8.735590028335036,8.574564718752823,8.719487190246582,23315000,8.63092388423683
2010-02-26 00:00:00+00:00,8.75571801165813,8.679231064611098,8.73156452178955,19404000,8.719487392942462
2010-03-01 00:00:00+00:00,8.852330706628544,8.759741710201027,8.844279289245605,12843600,8.77584377714148
2010-03-02 00:00:00+00:00,8.900645150775476,8.804030372845983,8.832209587097168,14023800,8.884542303874227
2010-03-03 00:00:00+00:00,8.880511546180648,8.812076021387877,8.836230278015137,16663600,8.856358057378953
2010-03-04 00:00:00+00:00,8.880512924944153,8.783898186911681,8.872462272644043,7247600,8.848308012266662
2010-03-05 00:00:00+00:00,8.993230618502674,8.904667299460797,8.98115348815918,14095800,8.936872212551089
2010-03-08 00:00:00+00:00,9.045562979017811,8.985178865190187,9.029460906982422,11718800,8.997255995085979
2010-03-09 00:00:00+00:00,9.126075812135452,9.00128187219762,9.069717407226562,24003800,9.01738394453201
2010-03-10 00:00:00+00:00,9.146203275691562,9.065691381174728,9.130101203918457,33817000,9.073742800974108
2010-03-11 00:00:00+00:00,9.166329383850098,9.089842451778662,9.166329383850098,10907400,9.105945287088627
2010-03-12 00:00:00+00:00,9.242818939211077,9.134127832292727,9.158281326293945,14918400,9.190486240904148
2010-03-15 00:00:00+00:00,9.162310404090066,9.081797704060268,9.150233268737793,17564000,9.12607976585926
2010-03-16 00:00:00+00:00,9.222691787240397,9.142179111287154,9.218666076660156,13229600,9.150230532447635
2010-03-17 00:00:00+00:00,9.29917679672277,9.21061271823668,9.246843338012695,19621000,9.230741266904255
2010-03-18 00:00:00+00:00,9.279049406584976,9.230742419402699,9.25892162322998,9003200,9.24281878228541
2010-03-19 00:00:00+00:00,9.30051848774749,9.16321160061334,9.203596115112305,18086000,9.203596115112305
2010-03-22 00:00:00+00:00,9.312629906876463,9.151092678058841,9.272245407104492,16861600,9.159169732067289
2010-03-23 00:00:00+00:00,9.369170576904445,9.264171162494103,9.361093521118164,11956800,9.30455567115507
2010-03-24 00:00:00+00:00,9.344936472860617,9.288398640664772,9.316667556762695,11754200,9.316667556762695
2010-03-25 00:00:00+00:00,9.441859950727348,9.31263016410375,9.332822799682617,16660400,9.37724505741555
2010-03-26 00:00:00+00:00,9.369172545338623,9.268211637609847,9.288403511047363,17161200,9.357056959113754
2010-03-29 00:00:00+00:00,9.369167632604716,9.30455274716084,9.316667556762695,15494400,9.328783136634744
2010-03-30 00:00:00+00:00,9.38935642048369,9.300511174662313,9.357048988342285,10629000,9.340894887136614
2010-03-31 00:00:00+00:00,9.361093348580486,9.288401388384644,9.32878589630127,9356400,9.32878589630127
2010-04-01 00:00:00+00:00,9.40551716775625,9.248017650789395,9.31263256072998,18213400,9.353017072010468
2010-04-05 00:00:00+00:00,9.425709442024383,9.260133631925154,9.421670913696289,9699200,9.344940416003556
2010-04-06 00:00:00+00:00,9.453977024055895,9.353016141039262,9.429746627807617,10143800,9.389362120546883
2010-04-07 00:00:00+00:00,9.441862899593271,9.34494052935495,9.393402099609375,11420600,9.401479156363534
2010-04-08 00:00:00+00:00,9.421664335986272,9.316664983572423,9.40954875946045,16910400,9.361087993897122
2010-04-09 00:00:00+00:00,9.486285880951412,9.397440568034051,9.482247352600098,10978600,9.42974802457405
2010-04-12 00:00:00+00:00,9.53474695375686,9.482246858197632,9.502439498901367,8320800,9.490323914479127
2010-04-13 00:00:00+00:00,9.546859744508549,9.458014455053794,9.530706405639648,11877200,9.490321903061917
2010-04-14 00:00:00+00:00,9.672055916402277,9.591286876700748,9.668017387390137,29962600,9.607440992749314
2010-04-15 00:00:00+00:00,9.716473295652552,9.647819877604592,9.712434768676758,18980400,9.676088796164882
2010-04-16 00:00:00+00:00,9.700322128119634,9.534746336421765,9.583207130432129,30402400,9.655899091718107
2010-04-19 00:00:00+00:00,9.619549751315319,9.498397038333225,9.60339641571045,17533600,9.567050447761789
2010-04-20 00:00:00+00:00,9.67608900554857,9.57916666684299,9.65589714050293,13887000,9.635705275457287
2010-04-21 00:00:00+00:00,9.724552759602128,9.627630398973988,9.676091194152832,18800600,9.712437175672191
2010-04-22 00:00:00+00:00,9.70839634355662,9.514550913415949,9.700319290161133,8321000,9.583204326737182
2010-04-23 00:00:00+00:00,9.73666582799217,9.639743492404634,9.724550247192383,25740400,9.6962813289298
2010-04-26 00:00:00+00:00,9.75685779514022,9.700319958019639,9.712434768676758,19625800,9.744742214212842
2010-04-27 00:00:00+00:00,9.716475406863704,9.506477350385586,9.52263069152832,56498000,9.672053141018363
2010-04-28 00:00:00+00:00,9.583206957796957,9.46609273248962,9.550899505615234,25521400,9.583206957796957
2010-04-29 00:00:00+00:00,9.663971715803516,9.57512568374319,9.647817611694336,18107200,9.595318313879664
2010-04-30 00:00:00+00:00,9.655900734555763,9.441863342161161,9.445901870727539,21095200,9.639747390560819
2010-05-03 00:00:00+00:00,9.611474530173483,9.474167685147835,9.575128555297852,13769000,9.474167685147835
2010-05-04 00:00:00+00:00,9.474169158856942,9.24397846235194,9.300517082214355,29680600,9.462054345527477
2010-05-05 00:00:00+00:00,9.324743855127542,9.199552620998638,9.26012897491455,26930000,9.207628903322664
2010-05-06 00:00:00+00:00,9.284361293963041,8.33532898427482,8.981478691101074,51044800,9.195516007754168
2010-05-07 00:00:00+00:00,9.009752093838399,8.581678017802622,8.783599853515625,50444200,8.941098638885151
2010-05-10 00:00:00+00:00,9.22782442386233,9.098594622976984,9.187439918518066,46776400,9.163209523419656
2010-05-11 00:00:00+00:00,9.288398788445416,9.082438548964856,9.126861572265625,25730000,9.090515602341396
2010-05-12 00:00:00+00:00,9.365129470825195,9.191476670578325,9.365129470825195,23624200,9.191476670578325
2010-05-13 00:00:00+00:00,9.397440455846988,9.207633476953724,9.227826118469238,22879600,9.332825543538371
2010-05-14 00:00:00+00:00,9.167251599973124,8.953214177975754,9.05013656616211,32993200,9.147058954348465
2010-05-17 00:00:00+00:00,9.106669711946155,8.912825036073723,9.094554901123047,29975200,9.074362265967416
2010-05-18 00:00:00+00:00,9.167254318614084,8.91687083050927,8.957255363464355,45030400,9.155138727646289
2010-05-19 00:00:00+00:00,9.005707863741176,8.815901735622786,8.888593673706055,53445200,8.933016695928094
2010-05-20 00:00:00+00:00,8.76744376468964,8.577637559113821,8.60590648651123,39636800,8.747251893768777
2010-05-21 00:00:00+00:00,8.72301895667438,8.424174886424451,8.67051887512207,42044000,8.456482332660382
2010-05-24 00:00:00+00:00,8.747251678488064,8.618021859125841,8.63013744354248,25923400,8.674559712529193
2010-05-25 00:00:00+00:00,8.622060599464321,8.347446841425775,8.60590648651123,36575800,8.408023224458866
2010-05-26 00:00:00+00:00,8.771479697757114,8.49686679123732,8.521097183227539,48645200,8.686672940656207
2010-05-27 00:00:00+00:00,8.819940953044005,8.686672646209697,8.811863899230957,38243400,8.714941564285118
2010-05-28 00:00:00+00:00,8.81994194213346,8.678596565635292,8.73917293548584,24232600,8.815903414774045
2010-06-01 00:00:00+00:00,8.83609853062754,8.6422537677145,8.654369354248047,26467000,8.698792401267099
2010-06-02 00:00:00+00:00,8.8482084274292,8.642248210422803,8.8482084274292,20760000,8.70282456359642
2010-06-03 00:00:00+00:00,8.95321065157999,8.823980851564514,8.937056541442871,25170000,8.876480168969413
2010-06-04 00:00:00+00:00,8.864367943678918,8.618023084085353,8.650330543518066,36989000,8.747252921816209
2010-06-07 00:00:00+00:00,8.723021155669603,8.508983788980741,8.525137901306152,21086400,8.694752229370605
2010-06-08 00:00:00+00:00,8.565523547836197,8.41206329794457,8.541293144226074,26650400,8.537254615245947
2010-06-09 00:00:00+00:00,8.682634810742796,8.4564826778596,8.496867179870605,26627000,8.605904333948917
2010-06-10 00:00:00+00:00,8.71090641790951,8.573599530882582,8.702829360961914,28425600,8.589753644777772
2010-06-11 00:00:00+00:00,8.79571324799641,8.613983333055593,8.779559135437012,21450600,8.613983333055593
2010-06-14 00:00:00+00:00,8.900709769793876,8.751287358369359,8.763402938842773,26047600,8.872440082022575
2010-06-15 00:00:00+00:00,9.001672178329613,8.803788181235797,8.993595123291016,23053600,8.815903763793694
2010-06-16 00:00:00+00:00,9.046093091121566,8.937055175176466,9.017824172973633,15507600,8.957247809760881
2010-06-17 00:00:00+00:00,9.066290682661837,8.957252707100686,9.05013656616211,19837200,9.058213624411973
2010-06-18 00:00:00+00:00,9.098362357538587,9.021360413296529,9.049729347229004,14238600,9.057834977779848
2010-06-21 00:00:00+00:00,9.16725510623108,8.940302177038683,8.984882354736328,17484400,9.151043851433691
2010-06-22 00:00:00+00:00,9.078097043819858,8.895725019255984,8.907882690429688,20366800,9.013253554242208
2010-06-23 00:00:00+00:00,8.960570360284212,8.822777723211882,8.891674041748047,18819600,8.936253466921663
2010-06-24 00:00:00+00:00,8.875463841223516,8.697143800211137,8.71335506439209,30528200,8.851147717947708
2010-06-25 00:00:00+00:00,8.774143232290971,8.636350618417039,8.705246925354004,31331000,8.766037602534762
2010-06-28 00:00:00+00:00,8.76198581200684,8.648509311150834,8.721458435058594,20527200,8.693089503093448
2010-06-29 00:00:00+00:00,8.587719088613872,8.336449956577578,8.39724063873291,39667200,8.57556064298462
2010-06-30 00:00:00+00:00,8.429660121965544,8.243235310390993,8.26755142211914,25000000,8.360763827906416
2010-07-01 00:00:00+00:00,8.32429453751717,8.109499911223441,8.23513412475586,45810800,8.271608698522638
2010-07-02 00:00:00+00:00,8.299973064599305,8.166233292172484,8.22297191619873,17022000,8.271604139083804
2010-07-06 00:00:00+00:00,8.413451240477878,8.218920763621782,8.304027557373047,30672400,8.352660563084772
2010-07-07 00:00:00+00:00,8.583667809071558,8.304029693533607,8.57150936126709,25780600,8.316188141338076
2010-07-08 00:00:00+00:00,8.656614938477864,8.526927950679688,8.62419319152832,17332800,8.656614938477864
2010-07-09 00:00:00+00:00,8.66877269744873,8.60392920289897,8.66877269744873,15716400,8.620140463034124
2010-07-12 00:00:00+00:00,8.745774603366714,8.648509361917233,8.70930004119873,17427200,8.648509361917233
2010-07-13 00:00:00+00:00,8.863302026336655,8.737667106600927,8.834932327270508,20582000,8.798457772895008
2010-07-14 00:00:00+00:00,8.944355916553725,8.838985068449457,8.887618064880371,24766800,8.867353994286134
2010-07-15 00:00:00+00:00,8.924095506654009,8.774144427715823,8.915989875793457,24839000,8.867356863625652
2010-07-16 00:00:00+00:00,8.859252659547582,8.652563695323504,8.660669326782227,30216200,8.838988580900773
2010-07-19 00:00:00+00:00,8.76603279100536,8.65255712868495,8.745769500732422,14704600,8.697136521884408
2010-07-20 00:00:00+00:00,8.814669658534529,8.5552957182396,8.802511215209961,31219600,8.59177027521799
2010-07-21 00:00:00+00:00,8.87951348558012,8.66877176447665,8.69714069366455,33310200,8.871407856384906
2010-07-22 00:00:00+00:00,8.96056649448922,8.802509847804046,8.932197570800781,23437600,8.806562661615994
2010-07-23 00:00:00+00:00,8.992987632751465,8.879511172563904,8.992987632751465,20772800,8.907880094362007
2010-07-26 00:00:00+00:00,9.053782162504426,8.956516914880734,9.049729347229004,13152600,8.992991479364052
2010-07-27 00:00:00+00:00,9.098364940854234,9.025415791175009,9.074048042297363,15588400,9.078100858723507
2010-07-28 00:00:00+00:00,9.090254230018099,8.968672124138834,9.001093864440918,26353400,9.057832489716013
2010-07-29 00:00:00+00:00,9.045674280906919,8.84709101980223,8.920040130615234,21295400,9.033516611101605
2010-07-30 00:00:00+00:00,8.932197943814762,8.794405360435027,8.883564949035645,17912400,8.822774285308167
2010-08-02 00:00:00+00:00,9.094307999282188,8.960568209866068,9.069991111755371,31420600,8.988937138985344
2010-08-03 00:00:00+00:00,9.061886819067336,9.001095369465462,9.02135944366455,10787400,9.057834004227518
2010-08-04 00:00:00+00:00,9.098360714018423,8.98488422579134,9.094307899475098,29363200,9.045674897950539
2010-08-05 00:00:00+00:00,9.069991040954426,8.997042697929444,9.053780555725098,10129600,9.033517255939604
2010-08-06 00:00:00+00:00,9.041622392730252,8.90788260020651,9.029464721679688,31234200,8.968673274445418
2010-08-09 00:00:00+00:00,9.106466223646015,9.017306616280235,9.090255737304688,27105600,9.05378117679246
2010-08-10 00:00:00+00:00,9.04567584323047,8.932200116140423,8.99704360961914,22578600,9.005148466557417
2010-08-11 00:00:00+00:00,8.863305170163766,8.749828652634674,8.78225040435791,36123000,8.85925235457392
2010-08-12 00:00:00+00:00,8.69714312235536,8.56745611099803,8.660669326782227,30331600,8.607983495296086
2010-08-13 00:00:00+00:00,8.672824163261522,8.607980678799386,8.620139122009277,12157600,8.624191936412574
2010-08-16 00:00:00+00:00,8.680931781043359,8.54313915174144,8.636351585388184,20537200,8.567455270737225
2010-08-17 00:00:00+00:00,8.806563913789345,8.684982574124492,8.729562759399414,34201200,8.717404316234807
2010-08-18 00:00:00+00:00,8.82683030093233,8.701195340930996,8.778197288513184,25232200,8.729565049089544
2010-08-19 00:00:00+00:00,8.774140979219919,8.620137918374702,8.672822952270508,27622200,8.745772055353315
2010-08-20 00:00:00+00:00,8.680929159831472,8.603927237767534,8.652560234069824,18632800,8.644454605853568
2010-08-23 00:00:00+00:00,8.71740407001403,8.57555866241455,8.57555866241455,16367400,8.69713999864537
2010-08-24 00:00:00+00:00,8.543137487083245,8.417503328257187,8.458030700683594,21180600,8.482346814941303
2010-08-25 00:00:00+00:00,8.547191956915846,8.385083208810794,8.510717391967773,22105800,8.405346512450619
2010-08-26 00:00:00+00:00,8.563400459133584,8.413450191787431,8.42560863494873,20309400,8.551242788967592
2010-08-27 00:00:00+00:00,8.530979989994472,8.340502323350233,8.526927947998047,29983400,8.474242126099469
2010-08-30 00:00:00+00:00,8.547193900001123,8.413454055786133,8.413454055786133,15187000,8.482350386017835
2010-08-31 00:00:00+00:00,8.445874842976236,8.340503951603738,8.38508415222168,31040000,8.3931890107922
2010-09-01 00:00:00+00:00,8.632296236604196,8.482345978310327,8.599874496459961,29596200,8.498556461884816
2010-09-02 00:00:00+00:00,8.676876068115234,8.587716479574736,8.676876068115234,18613000,8.60392696249336
2010-09-03 00:00:00+00:00,8.806563377380371,8.717403785256556,8.806563377380371,20718000,8.753878339533403
2010-09-07 00:00:00+00:00,8.810614925854713,8.725508160098043,8.733613014221191,15678800,8.76603474969923
2010-09-08 00:00:00+00:00,8.802513709311606,8.737670205865136,8.78225040435791,18581600,8.761987099404214
2010-09-09 00:00:00+00:00,8.871406857651376,8.79035289381025,8.806563377380371,13895200,8.855196374081254
2010-09-10 00:00:00+00:00,8.822776846046205,8.753880534359752,8.81061840057373,16300600,8.814671215731222
2010-09-13 00:00:00+00:00,8.984884965562742,8.883566912623602,8.968673706054688,23197400,8.895725357254642
2010-09-14 00:00:00+00:00,9.078097053057892,8.936251629589178,9.005147933959961,18854400,8.968673374410995
2010-09-15 00:00:00+00:00,9.082150088547468,8.980832036892101,9.06188678741455,14763400,8.997043296194747
2010-09-16 00:00:00+00:00,9.122677200767706,9.033517596160127,9.114571571350098,15599600,9.049728081999975
2010-09-17 00:00:00+00:00,9.184124388033473,9.119046509128946,9.163787841796875,28835400,9.175989459223029
2010-09-20 00:00:00+00:00,9.314278952182956,9.175988283285921,9.298009872436523,19105200,9.196325602705729
2010-09-21 00:00:00+00:00,9.359021413859299,9.249202203045462,9.28174114227295,37269200,9.310212617123312
2010-09-22 00:00:00+00:00,9.289875771124871,9.188191492347926,9.23699951171875,16811600,9.245134440210382
2010-09-23 00:00:00+00:00,9.322415020302323,9.163787788371039,9.224798202514648,19862600,9.175989405726057
2010-09-24 00:00:00+00:00,9.411894106911408,9.314277318189381,9.403759956359863,16332600,9.314277318189381
2010-09-27 00:00:00+00:00,9.481039207421047,9.387489884058015,9.40782642364502,30638200,9.42409627594603
2010-09-28 00:00:00+00:00,9.440363314371341,9.285803629826034,9.420026779174805,29432000,9.432229165766179
2010-09-29 00:00:00+00:00,9.440368489111375,9.3752906098631,9.39969539642334,12267000,9.39969539642334
2010-09-30 00:00:00+00:00,9.505444817369147,9.310210451625037,9.363086700439453,26278600,9.448501105123675
2010-10-01 00:00:00+00:00,9.444437445039345,9.33461899133338,9.367157936096191,24335400,9.428168360552757
2010-10-04 00:00:00+00:00,9.367157216663587,9.224799053338813,9.289876937866211,16976000,9.31834841537325
2010-10-05 00:00:00+00:00,9.497312986446097,9.350887358353443,9.472908973693848,15425800,9.354954823110415
2010-10-06 00:00:00+00:00,9.501378232743017,9.350885175031749,9.428165435791016,14340000,9.472906761881548
2010-10-07 00:00:00+00:00,9.468839298074283,9.36308756645355,9.428165435791016,9899400,9.464771834267017
2010-10-08 00:00:00+00:00,9.501380185153865,9.367156955090525,9.481042861938477,13341200,9.432234837800657
2010-10-11 00:00:00+00:00,9.537985457910667,9.460705190453242,9.49731159210205,12082000,9.50137905626186
2010-10-12 00:00:00+00:00,9.574590896940384,9.41596291381401,9.554253578186035,22014600,9.46883916678593
2010-10-13 00:00:00+00:00,9.676275905316944,9.582725783452327,9.631534576416016,30959000,9.61119725610221
2010-10-14 00:00:00+00:00,9.668142847732225,9.582727637467451,9.635603904724121,11029200,9.651872988333375
2010-10-15 00:00:00+00:00,9.802362484412948,9.68440837446213,9.798295021057129,42694000,9.765756089999888
2010-10-18 00:00:00+00:00,9.863373756408691,9.76575695459463,9.863373756408691,21501200,9.802363352248575
2010-10-19 00:00:00+00:00,9.761691278564188,9.615265661133078,9.688478469848633,50409400,9.676276852255722
2010-10-20 00:00:00+00:00,9.82676792541727,9.700679646110208,9.769824981689453,47254600,9.721016190073165
2010-10-21 00:00:00+00:00,9.843038654686469,9.676276496865663,9.777960777282715,55292800,9.822701333129363
2010-10-22 00:00:00+00:00,9.814566877224154,9.75762392570059,9.806432723999023,11525200,9.777961248237242
2010-10-25 00:00:00+00:00,9.908115562226804,9.8349027633667,9.8349027633667,19000000,9.843037691193247
2010-10-26 00:00:00+00:00,9.87150872664991,9.757622069478261,9.859306335449219,20635800,9.798295931024521
2010-10-27 00:00:00+00:00,9.89591321002458,9.786094011295653,9.887778282165527,23674600,9.818632946942436
2010-10-28 00:00:00+00:00,9.936587073530411,9.822700410871962,9.887778282165527,17096200,9.928452145671361
2010-10-29 00:00:00+00:00,9.944721828803376,9.887778110567671,9.904047966003418,16677200,9.904047966003418
2010-11-01 00:00:00+00:00,10.013865149232188,9.871507045952498,9.91218090057373,16937800,9.952853979405713
2010-11-02 00:00:00+00:00,10.034204921268746,9.981329436279246,10.009800910949707,14973800,10.00166598224686
2010-11-03 00:00:00+00:00,10.070809406936263,9.944721139210154,10.066741943359375,30232800,10.02606808337985
2010-11-04 00:00:00+00:00,10.225372580306528,10.15215976289695,10.217238426208496,27347000,10.172497087616062
2010-11-05 00:00:00+00:00,10.221305203436543,10.164362245311594,10.20910358428955,17475400,10.221305203436543
2010-11-08 00:00:00+00:00,10.229440045250351,10.16842962267224,10.217238426208496,15004200,10.188766171601738
2010-11-09 00:00:00+00:00,10.282316624447834,10.139958450270633,10.188766479492188,18159600,10.249777679703586
2010-11-10 00:00:00+00:00,10.213170226341354,10.103351008129401,10.196900367736816,14106000,10.200967832387951
2010-11-11 00:00:00+00:00,10.054540941578033,9.94065504885022,10.042339324951172,24255400,10.0016654593529
2010-11-12 00:00:00+00:00,10.038271213689411,9.851171754314613,9.899980545043945,21570800,9.989462422960077
2010-11-15 00:00:00+00:00,9.956925894032306,9.86337652963149,9.871511459350586,17599200,9.94879096431321
2010-11-16 00:00:00+00:00,9.834904043139483,9.655939486614622,9.692545890808105,35830800,9.802365103388556
2010-11-17 00:00:00+00:00,9.761688310753174,9.655936594291967,9.696610450744629,20825800,9.704745377193019
2010-11-18 00:00:00+00:00,9.899980196995477,9.798295931024521,9.859306335449219,21610400,9.802363394758085
2010-11-19 00:00:00+00:00,9.899980673954104,9.826767874801487,9.887778282165527,10239800,9.85930681044827
2010-11-22 00:00:00+00:00,9.944722175598145,9.818633118942328,9.944722175598145,18828400,9.843037902946996
2010-11-23 00:00:00+00:00,9.867440346527431,9.749486236576612,9.798295021057129,22018800,9.851170493104155
2010-11-24 00:00:00+00:00,9.965060277747035,9.86744345383528,9.960992813110352,14432400,9.879645847745333
2010-11-26 00:00:00+00:00,9.940654015432507,9.859306292692766,9.863373756408691,4980000,9.87964361127239
2010-11-29 00:00:00+00:00,9.883709777587093,9.749486585202702,9.838969230651855,14342000,9.855238308867577
2010-11-30 00:00:00+00:00,9.794230429874622,9.708816001722441,9.741354942321777,21385600,9.749489095629457
2010-12-01 00:00:00+00:00,9.97726375946734,9.859309599511748,9.94879150390625,21454600,9.883713614203042
2010-12-02 00:00:00+00:00,10.07487687051315,9.952855290574576,10.066741943359375,19251200,9.960990217728352
2010-12-03 00:00:00+00:00,10.095212024785297,10.00979762878092,10.091144561767578,18354800,10.013865091798639
2010-12-06 00:00:00+00:00,10.115549339873898,10.066740559450505,10.091144561767578,12875600,10.078942948503665
2010-12-07 00:00:00+00:00,10.209105280013267,10.095218569057264,10.103353500366211,19821200,10.209105280013267
2010-12-08 00:00:00+00:00,10.188766479492188,10.091149645259442,10.188766479492188,18021800,10.139958450270633
2010-12-09 00:00:00+00:00,10.233506773807468,10.15622649701503,10.196900367736816,12462600,10.229439309156334
2010-12-10 00:00:00+00:00,10.253841664099966,10.184697103574148,10.245707511901855,11634000,10.217236039734887
2010-12-13 00:00:00+00:00,10.29858609046176,10.217239113482256,10.225373268127441,13802200,10.28638447059915
2010-12-14 00:00:00+00:00,10.278248405416724,10.217237985470403,10.241641998291016,12583400,10.225372139217553
2010-12-15 00:00:00+00:00,10.282313607232632,10.172494410024736,10.200965881347656,9197000,10.229437352670574
2010-12-16 00:00:00+00:00,10.261978989011316,10.16842962267224,10.217238426208496,11870400,10.213170961264675
2010-12-17 00:00:00+00:00,10.258054816229174,10.213153393117318,10.237645149230957,11957600,10.241727238346378
2010-12-20 00:00:00+00:00,10.274386269919349,10.184582618045308,10.24581241607666,9538400,10.262139998881429
2010-12-21 00:00:00+00:00,10.311123258144638,10.262138957542708,10.30704116821289,11115400,10.2784673172697
2010-12-22 00:00:00+00:00,10.307041306275199,10.278467454949263,10.294795036315918,10815600,10.294795036315918
2010-12-23 00:00:00+00:00,10.302958625824829,10.258056417126536,10.290712356567383,6456400,10.28254895564143
2010-12-27 00:00:00+00:00,10.327449519674438,10.225399620157582,10.311121940612793,5982800,10.24581006720832
2010-12-28 00:00:00+00:00,10.339694967324464,10.290710676869134,10.298874855041504,5815000,10.331530789152096
2010-12-29 00:00:00+00:00,10.343776192980728,10.307038172850598,10.319284439086914,7469800,10.327447837998973
2010-12-30 00:00:00+00:00,10.32336966622091,10.28254954493569,10.294795036315918,10092000,10.311123396261626
2010-12-31 00:00:00+00:00,10.302956663366176,10.241726885899723,10.282546997070312,12704200,10.290710396441341
2011-01-03 00:00:00+00:00,10.453989508982334,10.36010303168018,10.396841049194336,14855000,10.36010303168018
2011-01-04 00:00:00+00:00,10.458073524342584,10.36826911894869,10.437663078308105,18383400,10.445827256721897
2011-01-05 00:00:00+00:00,10.511140006438415,10.396843834817838,10.498893737792969,23670800,10.417254282560249
2011-01-06 00:00:00+00:00,10.560126304626465,10.478486055335894,10.560126304626465,22089000,10.52338827030362
2011-01-07 00:00:00+00:00,10.560125123174128,10.421337182055034,10.511140823364258,17831200,10.551960943442644
2011-01-10 00:00:00+00:00,10.539712989326063,10.449909362369786,10.519303321838379,20666600,10.498892875771789
2011-01-11 00:00:00+00:00,10.564203329349494,10.470317625770132,10.502973556518555,16782800,10.556039930596492
2011-01-12 00:00:00+00:00,10.605022200977103,10.527464861103859,10.596858024597168,27155000,10.56420209765614
2011-01-13 00:00:00+00:00,10.617272236044448,10.55604244860791,10.588698387145996,26086800,10.605025967125544
2011-01-14 00:00:00+00:00,10.682584762573242,10.576452761227372,10.682584762573242,15706800,10.59686243208737
2011-01-18 00:00:00+00:00,10.707075430630592,10.60502552958704,10.694829940795898,17266000,10.61727179800069
2011-01-19 00:00:00+00:00,10.719320357941537,10.584614536560359,10.617270469665527,22431200,10.719320357941537
2011-01-20 00:00:00+00:00,10.584618067981989,10.470321874691013,10.560126304626465,30717200,10.580535977659547
2011-01-21 00:00:00+00:00,10.62543617805899,10.494811648244488,10.498893737792969,23263400,10.621354088510508
2011-01-24 00:00:00+00:00,10.654011500783488,10.502977280903135,10.64584732055664,36983400,10.502977280903135
2011-01-25 00:00:00+00:00,10.698911251688159,10.596861350644605,10.694829940795898,22027000,10.621353887471908
2011-01-26 00:00:00+00:00,10.788715583557074,10.694829862146388,10.756059646606445,16571000,10.723403709655818
2011-01-27 00:00:00+00:00,10.825456850044976,10.731571100533968,10.792800903320312,18093000,10.76014495659565
2011-01-28 00:00:00+00:00,10.805044056521707,10.507058509875895,10.54379653930664,32363400,10.805044056521707
2011-01-31 00:00:00+00:00,10.609105110168457,10.490727657813437,10.609105110168457,27973000,10.55195742824388
2011-02-01 00:00:00+00:00,10.813209031793901,10.674421083415618,10.788717269897461,24745400,10.686667353653375
2011-02-02 00:00:00+00:00,10.8295392151236,10.764227320019298,10.809128761291504,17495000,10.764227320019298
2011-02-03 00:00:00+00:00,10.849944560811544,10.715238733589574,10.82545280456543,22929000,10.805042358877923
2011-02-04 00:00:00+00:00,10.903009361620926,10.805041565253259,10.894845962524414,15135200,10.845861675051163
2011-02-07 00:00:00+00:00,11.000977637379917,10.915255331277777,10.947911262512207,19596400,10.919337420004432
2011-02-08 00:00:00+00:00,11.000979196310439,10.927503145976097,10.992815017700195,10376000,10.972404571174586
2011-02-09 00:00:00+00:00,11.005059459058478,10.939747593553829,10.972403526306152,10374400,10.97648561522255
2011-02-10 00:00:00+00:00,10.951995708398837,10.845863714399812,10.923421859741211,15676800,10.886683831873126
2011-02-11 00:00:00+00:00,10.996897243225972,10.898929434426279,10.980568885803223,25499200,10.927503281337156
2011-02-14 00:00:00+00:00,11.01730927737982,10.968325751750285,10.996899604797363,11883600,10.972407063403494
2011-02-15 00:00:00+00:00,10.976484378363965,10.915254608675241,10.956074714660645,12084800,10.976484378363965
2011-02-16 00:00:00+00:00,11.029554504706923,10.956078444634182,11.017308235168457,13573000,10.988734384824397
2011-02-17 00:00:00+00:00,11.049960445016419,10.956074745986681,11.037714958190918,13297800,10.96423892292286
2011-02-18 00:00:00+00:00,11.058127033213236,10.992815160639886,11.02138900756836,12668200,11.049962854496833
2011-02-22 00:00:00+00:00,10.93566902866641,10.731569203079466,10.751978874206543,44693600,10.882602638009539
2011-02-23 00:00:00+00:00,10.73564720190398,10.560122060064769,10.625433921813965,24511800,10.715237537074408
2011-02-24 00:00:00+00:00,10.694830162721932,10.543795963468655,10.662174224853516,22663400,10.633599597962052
2011-02-25 00:00:00+00:00,10.809127167634841,10.711159339422393,10.796881675720215,15605800,10.731569790245251
2011-02-28 00:00:00+00:00,10.870353552470432,10.768303666110638,10.841779708862305,18504600,10.833616309673443
2011-03-01 00:00:00+00:00,10.882600310748627,10.625434928079072,10.633598327636719,29088000,10.862190643986189
2011-03-02 00:00:00+00:00,10.780555746110766,10.637685672449477,10.698915481567383,19854600,10.649931945704763
2011-03-03 00:00:00+00:00,10.874433879604357,10.796876539112626,10.870351791381836,19117000,10.800957848756427
2011-03-04 00:00:00+00:00,10.870353257625265,10.719319865913523,10.784631729125977,27781400,10.870353257625265
2011-03-07 00:00:00+00:00,10.829537482765302,10.580535435900023,10.64584732055664,29609400,10.829537482765302
2011-03-08 00:00:00+00:00,10.780551313782363,10.613189540999077,10.735649108886719,21926400,10.65400965648794
2011-03-09 00:00:00+00:00,10.731569289558136,10.625437285968193,10.690749168395996,23727000,10.702994659739302
2011-03-10 00:00:00+00:00,10.576451830003853,10.474401927530964,10.490730285644531,29591200,10.56828765094707
2011-03-11 00:00:00+00:00,10.572370527151989,10.433582587175511,10.531550407409668,22764400,10.433582587175511
2011-03-14 00:00:00+00:00,10.551960803132907,10.421337043482206,10.482566833496094,19229600,10.478484743684632
2011-03-15 00:00:00+00:00,10.380517142344765,10.151925558146644,10.3274507522583,29789400,10.176417318951682
2011-03-16 00:00:00+00:00,10.307039248566474,10.009053746258934,10.074365615844727,42762200,10.270301224602104
2011-03-17 00:00:00+00:00,10.278467858299143,10.164171669931108,10.180500030517578,21866200,10.213155973111434
2011-03-18 00:00:00+00:00,10.321392943576528,10.18623188084634,10.198518753051758,36830200,10.317297059104694
2011-03-21 00:00:00+00:00,10.431981152698778,10.345969902193792,10.37054443359375,17801200,10.362352662723675
2011-03-22 00:00:00+00:00,10.39511568047794,10.34187074906664,10.354158401489258,18278600,10.386924693406216
2011-03-23 00:00:00+00:00,10.440174212182821,10.284534452492366,10.411503791809082,11671200,10.329587635418086
2011-03-24 00:00:00+00:00,10.587619341524912,10.444266507725871,10.575331687927246,20801200,10.493416340906434
2011-03-25 00:00:00+00:00,10.65724660979288,10.58761814304135,10.599905014038086,12480200,10.608096782175915
2011-03-28 00:00:00+00:00,10.665439585223265,10.567139918862136,10.575331687927246,16532200,10.640864278027934
2011-03-29 00:00:00+00:00,10.653151365271837,10.513894423408672,10.649055480957031,10271600,10.563044253976281
2011-03-30 00:00:00+00:00,10.718684442490584,10.66953460967335,10.694109916687012,12454600,10.71049267348603
2011-03-31 00:00:00+00:00,10.71049576539123,10.65725081391106,10.673633575439453,12432000,10.67772946112413
2011-04-01 00:00:00+00:00,10.747355471162532,10.620386169126926,10.653152465820312,21874800,10.722780943945025
2011-04-04 00:00:00+00:00,10.68182172510915,10.57533107704443,10.616289138793945,11739600,10.677725840813194
2011-04-05 00:00:00+00:00,10.677725248927445,10.58761814304135,10.599905014038086,19828400,10.61219266624483
2011-04-06 00:00:00+00:00,10.694108373902374,10.61628814200602,10.677724838256836,21893200,10.673628954345451
2011-04-07 00:00:00+00:00,10.71868782877341,10.59581437972688,10.681825637817383,18300600,10.66544287584267
2011-04-08 00:00:00+00:00,10.722779935167921,10.583522992019502,10.62038516998291,12734000,10.722779935167921
2011-04-11 00:00:00+00:00,10.661348394765513,10.571240457795957,10.60400676727295,11592800,10.63677307674994
2011-04-12 00:00:00+00:00,10.57123216948156,10.481125084370392,10.517987251281738,16106800,10.542561768819361
2011-04-13 00:00:00+00:00,10.624482772920766,10.52618387618782,10.583524703979492,14444400,10.571237048934053
2011-04-14 00:00:00+00:00,10.57533428446195,10.472939489637634,10.563047409057617,11015000,10.53028032475196
2011-04-15 00:00:00+00:00,10.567142739331517,10.48113148482094,10.54256820678711,20343600,10.53437643553554
2011-04-18 00:00:00+00:00,10.452456326883702,10.32139117113255,10.448360443115234,17627000,10.431976908041365
2011-04-19 00:00:00+00:00,10.477030754089355,10.41149817680296,10.477030754089355,19927800,10.460648000372728
2011-04-20 00:00:00+00:00,10.714587749764892,10.624480641142034,10.69820499420166,18449000,10.632671628318635
2011-04-21 00:00:00+00:00,10.800598803492287,10.739161327217378,10.792407035827637,20296000,10.796502919659961
2011-04-25 00:00:00+00:00,10.812886923587074,10.767833758643954,10.800600051879883,12519400,10.792408283268388
2011-04-26 00:00:00+00:00,10.92756823613313,10.808789946900825,10.890706062316895,14400000,10.82517348246803
2011-04-27 00:00:00+00:00,10.972622282366501,10.870227527724978,10.956238746643066,16033800,10.915280688544462
2011-04-28 00:00:00+00:00,10.972621475046216,10.911184001813634,10.960333824157715,16963600,10.931663419961136
2011-04-29 00:00:00+00:00,10.972625001205815,10.919379278121202,10.95214557647705,15000000,10.95214557647705
2011-05-02 00:00:00+00:00,11.013583874041348,10.898902203888449,10.911189079284668,13415000,11.001296998645131
2011-05-03 00:00:00+00:00,10.935760716569959,10.845652827498206,10.915281295776367,16303600,10.91118541161765
2011-05-04 00:00:00+00:00,10.939860562647791,10.808795337583748,10.882519721984863,21753800,10.91938191418542
2011-05-05 00:00:00+00:00,10.935762788622366,10.788314055810774,10.825176239013672,26800000,10.853846652346999
2011-05-06 00:00:00+00:00,10.976720641109575,10.83746367099254,10.84565544128418,21269000,10.919379811488517
2011-05-09 00:00:00+00:00,10.92756823613313,10.82926936635983,10.890706062316895,7888200,10.870227424067865
2011-05-10 00:00:00+00:00,11.001294650138176,10.898899877240272,10.989006996154785,27132000,10.915282634674673
2011-05-11 00:00:00+00:00,11.009483570339226,10.82926936635983,10.890706062316895,23684800,10.984909048198395
2011-05-12 00:00:00+00:00,10.984913561609973,10.800603398010587,10.972626686096191,21935400,10.862040119210382
2011-05-13 00:00:00+00:00,10.943949230970478,10.825171742044668,10.837458610534668,20408200,10.931662362480477
2011-05-16 00:00:00+00:00,10.84156127781994,10.661346990046408,10.681825637817383,33938800,10.7883163248892
2011-05-17 00:00:00+00:00,10.685921523613645,10.563048074567115,10.681825637817383,110101200,10.620388913294118
2011-05-18 00:00:00+00:00,10.776028223335585,10.669537540653087,10.759645462036133,23915400,10.69001696879028
2011-05-19 00:00:00+00:00,10.804699198126938,10.71459205331228,10.78012466430664,16237000,10.800604093498842
2011-05-20 00:00:00+00:00,10.796508280201987,10.694113477184018,10.718688011169434,26858600,10.767837860350612
2011-05-23 00:00:00+00:00,10.608096731157152,10.526181393802851,10.567138671875,25196800,10.571234555924216
2011-05-24 00:00:00+00:00,10.59581268665154,10.530279305593071,10.534375190734863,17531400,10.591716801509747
2011-05-25 00:00:00+00:00,10.620384383304797,10.501606089507558,10.567138671875,24816200,10.51798962570442
2011-05-26 00:00:00+00:00,10.657249674647213,10.546663116613624,10.636770248413086,22264200,10.550759001860449
2011-05-27 00:00:00+00:00,10.690013885498047,10.63267228446309,10.690013885498047,25109200,10.644959937801312
2011-05-31 00:00:00+00:00,10.837458610534668,10.726872888075425,10.837458610534668,21345200,10.780117807688406
2011-06-01 00:00:00+00:00,10.845651091463816,10.603999433250145,10.612191200256348,33255000,10.808788921145805
2011-06-02 00:00:00+00:00,10.661343232298925,10.571235338961678,10.62038516998291,20809800,10.624481054335517
2011-06-03 00:00:00+00:00,10.563043291593065,10.448360884857221,10.460648536682129,21554600,10.49750992973688
2011-06-06 00:00:00+00:00,10.48522539755925,10.374638850101794,10.382830619812012,16872000,10.45245909992854
2011-06-07 00:00:00+00:00,10.440166590558364,10.34596362632687,10.350059509277344,17582000,10.415592074065323
2011-06-08 00:00:00+00:00,10.337779263104409,10.251768003182905,10.280438423156738,19987200,10.309108843130574
2011-06-09 00:00:00+00:00,10.329585868163923,10.255862277477586,10.288628578186035,10667000,10.2845326929462
2011-06-10 00:00:00+00:00,10.264050726334323,10.137081440166005,10.145273208618164,21798400,10.251763854866121
2011-06-13 00:00:00+00:00,10.202621028746586,10.116609744588315,10.153471946716309,23329800,10.153471946716309
2011-06-14 00:00:00+00:00,10.309108843130574,10.231288573765628,10.280438423156738,18234400,10.243576231415993
2011-06-15 00:00:00+00:00,10.231284456385595,10.067452993029908,10.087931632995605,33123400,10.182135407983909
2011-06-16 00:00:00+00:00,10.137081708813612,9.989632997607286,10.06335735321045,18411800,10.079740890548955
2011-06-17 00:00:00+00:00,10.177676257730612,10.029637079357132,10.05431079864502,39895800,10.16945168463465
2011-06-20 00:00:00+00:00,10.120107170544244,10.009077771889332,10.09132194519043,17454200,10.013190058988243
2011-06-21 00:00:00+00:00,10.292821151398243,10.099547544809123,10.272259712219238,28681800,10.144781926664228
2011-06-22 00:00:00+00:00,10.276370259774078,10.19001458286252,10.198238372802734,22092400,10.214687521360311
2011-06-23 00:00:00+00:00,10.276372044273888,10.05020170270257,10.268147468566895,25150400,10.074874645484837
2011-06-24 00:00:00+00:00,10.239360359058415,10.078985083893695,10.09132194519043,23521200,10.235248071959504
2011-06-27 00:00:00+00:00,10.280484158231552,10.083099050634793,10.227025985717773,23962000,10.111884280783649
2011-06-28 00:00:00+00:00,10.35861496526783,10.247585559824246,10.35450267791748,16118800,10.255810134524944
2011-06-29 00:00:00+00:00,10.436745643615723,10.329829314248629,10.436745643615723,16565600,10.391512053295362
2011-06-30 00:00:00+00:00,10.580672564030081,10.469643163075519,10.568336486816406,18197000,10.481980024627775
2011-07-01 00:00:00+00:00,10.757496222414089,10.547774297046058,10.741047859191895,22902600,10.580671807828972
2011-07-05 00:00:00+00:00,10.77394407203172,10.708149058392252,10.757494926452637,16311800,10.732821992422444
2011-07-06 00:00:00+00:00,10.827406320387544,10.712264610813559,10.806845664978027,13517200,10.75338670597132
2011-07-07 00:00:00+00:00,10.963108497440615,10.868528229236176,10.938435554504395,26018200,10.876752804994487
2011-07-08 00:00:00+00:00,10.88497543334961,10.773946809830719,10.88497543334961,23908400,10.835629552749797
2011-07-11 00:00:00+00:00,10.81917952157346,10.667028820391058,10.704038619995117,23381400,10.765721357889024
2011-07-12 00:00:00+00:00,10.708149369986383,10.597119987112048,10.609456062316895,18861800,10.671139575694939
2011-07-13 00:00:00+00:00,10.745157156450336,10.601231066525477,10.63412857055664,11160200,10.662913788541612
2011-07-14 00:00:00+00:00,10.724593923551152,10.502536020990618,10.543657302856445,21495400,10.6546866463058
2011-07-15 00:00:00+00:00,10.671141755557082,10.58067300243583,10.658804893493652,28470800,10.646468031430224
2011-07-18 00:00:00+00:00,10.662918703047783,10.527216338332142,10.621796607971191,16761200,10.60534824054379
2011-07-19 00:00:00+00:00,10.880861494847853,10.716373943910106,10.876749992370605,24640800,10.724598517541622
2011-07-20 00:00:00+00:00,10.958994859578366,10.823292513637568,10.843853950500488,11853600,10.958994859578366
2011-07-21 00:00:00+00:00,10.946655997539146,10.77394389351269,10.893197059631348,22424400,10.82740204708207
2011-07-22 00:00:00+00:00,11.00834200875277,10.876751944386525,10.987780570983887,12630000,10.889088022709203
2011-07-25 00:00:00+00:00,11.016562269588574,10.872635398925192,10.958991050720215,11805600,10.897308330246863
2011-07-26 00:00:00+00:00,11.053574425164891,10.950769600292553,11.008340835571289,16658800,10.96721874875464
2011-07-27 00:00:00+00:00,10.905539559145614,10.695817554046027,10.716378211975098,26931400,10.897314982238456
2011-07-28 00:00:00+00:00,10.81917956551014,10.662916576588419,10.699926376342773,21409200,10.699926376342773
2011-07-29 00:00:00+00:00,10.728713830974158,10.531328714165666,10.613572120666504,22955000,10.601236041077682
2011-08-01 00:00:00+00:00,10.778055134164848,10.48197758487211,10.60534381866455,23996200,10.749269914914798
2011-08-02 00:00:00+00:00,10.601234917063481,10.366839233324528,10.383288383483887,42248200,10.543663675844378
2011-08-03 00:00:00+00:00,10.518989081337006,10.247584421082173,10.490203857421875,43071200,10.391511324996348
2011-08-04 00:00:00+00:00,10.387400810311364,10.050201070909415,10.066649436950684,67391800,10.366839372336452
2011-08-05 00:00:00+00:00,10.181788269923125,9.708886310386415,10.004963874816895,65683400,10.136553903452665
2011-08-08 00:00:00+00:00,9.861034982072757,9.441591262817383,9.441591262817383,89921600,9.700659765320289
2011-08-09 00:00:00+00:00,9.877488179928688,9.301781293151013,9.87337589263916,83606000,9.548512255813874
2011-08-10 00:00:00+00:00,9.782906208521357,9.462154915272988,9.486827850341797,69241200,9.688325186137073
2011-08-11 00:00:00+00:00,9.976181158601124,9.57729868611777,9.848703384399414,63193000,9.630756854544734
2011-08-12 00:00:00+00:00,9.98851885060056,9.824030475511353,9.918611526489258,29171800,9.976181987167259
2011-08-15 00:00:00+00:00,10.107768186525707,9.947392945041225,10.095431327819824,69936400,9.996738811187958
2011-08-16 00:00:00+00:00,10.095428768861364,9.885707714389602,10.02140998840332,40466400,10.01318541801747
2011-08-17 00:00:00+00:00,10.103658802835348,9.873376197872853,9.976181030273438,43154600,10.013190832684739
2011-08-18 00:00:00+00:00,9.696553612765603,9.39636363305858,9.490943908691406,61895000,9.692441324563466
2011-08-19 00:00:00+00:00,9.540288479213347,9.240097781357436,9.260659217834473,75489400,9.367576334499255
2011-08-22 00:00:00+00:00,9.470382226829775,9.272996336188534,9.310006141662598,40644800,9.449820788044912
2011-08-23 00:00:00+00:00,9.659541216963392,9.342902169227258,9.65131664276123,37140400,9.37579968169734
2011-08-24 00:00:00+00:00,9.76234574330046,9.57318524845972,9.737672805786133,44978600,9.643092558365764
2011-08-25 00:00:00+00:00,9.782907425843614,9.564960916656958,9.597858428955078,40875600,9.737673052306736
2011-08-26 00:00:00+00:00,9.815804785048075,9.458043658089634,9.787018775939941,46332800,9.560848480460175
2011-08-29 00:00:00+00:00,10.037866637345061,9.881603592612493,10.033754348754883,39852000,9.885715881202671
2011-08-30 00:00:00+00:00,10.128329217642705,9.939168749672625,10.074871063232422,24940400,10.013188336039502
2011-08-31 00:00:00+00:00,10.198235981937701,9.967953446488865,10.05019760131836,24520600,10.128328685634148
2011-09-01 00:00:00+00:00,10.148892781381258,9.935058550147236,9.939170837402344,22643200,10.070760892211405
2011-09-02 00:00:00+00:00,9.824027948861433,9.675989547429449,9.71299934387207,28679000,9.770569789743481
2011-09-06 00:00:00+00:00,9.688325312465315,9.458042752030645,9.667764663696289,22863200,9.503277120528669
2011-09-07 00:00:00+00:00,9.918611526489258,9.787020669550152,9.918611526489258,21515400,9.807582108605652
2011-09-08 00:00:00+00:00,10.01318959982018,9.844589758189008,9.8692626953125,18912000,9.881599556043511
2011-09-09 00:00:00+00:00,9.848705330371024,9.610198100381377,9.659543991088867,33013800,9.795246367042653
2011-09-12 00:00:00+00:00,9.77879242357204,9.548509117087384,9.774680137634277,22505200,9.560845974900673
2011-09-13 00:00:00+00:00,9.918607054249538,9.754118753327107,9.88982105255127,32684400,9.819913759960741
2011-09-14 00:00:00+00:00,10.14889120971364,9.844589059007578,10.037861824035645,33621600,9.963842233583648
2011-09-15 00:00:00+00:00,10.218799808499705,10.058423747417626,10.198238372802734,25153800,10.13655563438897
2011-09-16 00:00:00+00:00,10.311342239379883,10.208146258311654,10.311342239379883,30007200,10.232913860640485
2011-09-19 00:00:00+00:00,10.327854824346609,10.096695240854688,10.286576271057129,23528800,10.179252347433648
2011-09-20 00:00:00+00:00,10.439306575263428,10.253553481022015,10.261809349060059,49468200,10.344365667471756
2011-09-21 00:00:00+00:00,10.381516718988363,10.104951426770855,10.109079360961914,44161600,10.3030875440041
2011-09-22 00:00:00+00:00,9.939834102316002,9.667396851003064,9.79535961151123,82462000,9.844894015078417
2011-09-23 00:00:00+00:00,9.939835345246593,9.725187548485792,9.90681266784668,52197800,9.766466092066366
2011-09-26 00:00:00+00:00,10.051284075893395,9.787101950871618,10.030644416809082,41016200,9.952216074256164
2011-09-27 00:00:00+00:00,10.31134282470597,10.100822916897826,10.158613204956055,43886800,10.204018903824002
2011-09-28 00:00:00+00:00,10.253551892825797,10.005881401307134,10.014137268066406,24657600,10.191634466776827
2011-09-29 00:00:00+00:00,10.199891745404488,9.83664219022719,9.993499755859375,39385800,10.16274191162349
2011-09-30 00:00:00+00:00,9.94396613537602,9.72931827694392,9.74170207977295,32973200,9.861409024495071
2011-10-03 00:00:00+00:00,9.807743569560493,9.510539505266895,9.52292251586914,47078800,9.663269076394
2011-10-04 00:00:00+00:00,9.721057534288345,9.328913422530865,9.716930389404297,33952200,9.419725569108662
2011-10-05 00:00:00+00:00,9.935707073320735,9.61786332210923,9.919196128845215,26480200,9.696292473505395
2011-10-06 00:00:00+00:00,10.071926547794316,9.840767794681375,10.067798614501953,21334800,9.898557286128916
2011-10-07 00:00:00+00:00,10.133840350263178,9.968727014201123,10.030644416809082,19545200,10.080178811288944
2011-10-10 00:00:00+00:00,10.348493485438134,10.142101510739094,10.340237617492676,16416600,10.142101510739094
2011-10-11 00:00:00+00:00,10.410412687110636,10.278321926858093,10.385645866394043,21544600,10.303088747574686
2011-10-12 00:00:00+00:00,10.542499261206428,10.431047439575195,10.431047439575195,19226600,10.468198046785606
2011-10-13 00:00:00+00:00,10.554883865049856,10.398026334405468,10.54662799835205,19951400,10.422793147176101
2011-10-14 00:00:00+00:00,10.74889260009933,10.641568696950554,10.732380867004395,23006000,10.691102321589824
2011-10-17 00:00:00+00:00,10.715866613028423,10.517730586436814,10.56313705444336,17802600,10.711739468048357
2011-10-18 00:00:00+00:00,10.719996568921438,10.435176272177065,10.658079147338867,17419600,10.534244304173724
2011-10-19 00:00:00+00:00,10.616800240135552,10.431047981751288,10.45168685913086,24489600,10.59616136275598
2011-10-20 00:00:00+00:00,10.459939983393145,10.278314918231747,10.406277656555176,17875400,10.447556187817652
2011-10-21 00:00:00+00:00,10.592033594208281,10.459942887354426,10.538372039794922,19584600,10.521860307776832
2011-10-24 00:00:00+00:00,10.736509122423856,10.5548839895438,10.703486442565918,25305200,10.575523656531756
2011-10-25 00:00:00+00:00,10.678717115618566,10.505347890346668,10.534242630004883,24070000,10.674589183192735
2011-10-26 00:00:00+00:00,10.637436365148183,10.385638050827183,10.579646110534668,14990200,10.633308433581329
2011-10-27 00:00:00+00:00,10.963544906884376,10.753024932324998,10.89337158203125,27882200,10.827326192442795
2011-10-28 00:00:00+00:00,10.955284796878766,10.835577091100244,10.930517196655273,18011600,10.84796089121199
2011-10-31 00:00:00+00:00,10.864470181464958,10.728251550288636,10.736507415771484,12862400,10.823191641373386
2011-11-01 00:00:00+00:00,10.554885258896434,10.418666589685147,10.439306259155273,33196600,10.484711957343778
2011-11-02 00:00:00+00:00,10.61680008414567,10.488837314162495,10.567266464233398,17999400,10.571394397113204
2011-11-03 00:00:00+00:00,10.83145271286781,10.559015319571307,10.819068908691406,23279200,10.682850212043155
2011-11-04 00:00:00+00:00,10.78604201048401,10.649823366975811,10.753019332885742,11387800,10.736508387747977
2011-11-07 00:00:00+00:00,10.83145271286781,10.637444504709102,10.819068908691406,12765000,10.744768445602125
2011-11-08 00:00:00+00:00,10.955285412135355,10.790171217330286,10.942901611328125,14476200,10.901623062626857
2011-11-09 00:00:00+00:00,10.753017216429672,10.534242315647406,10.56313705444336,20789600,10.732378342239015
2011-11-10 00:00:00+00:00,10.699361660408773,10.505353457518268,10.596165657043457,11454200,10.695233725795397
2011-11-11 00:00:00+00:00,10.831446438441208,10.691099888367262,10.798423767089844,9877200,10.695227820701506
2011-11-14 00:00:00+00:00,10.823194777647409,10.68697610699854,10.71587085723877,6522000,10.773661145042126
2011-11-15 00:00:00+00:00,10.89749454621748,10.695230534453632,10.860343933105469,15485600,10.699358467835276
2011-11-16 00:00:00+00:00,10.872728213192474,10.67872005962804,10.699358940124512,17483000,10.773660169628327
2011-11-17 00:00:00+00:00,10.678721660877928,10.40628351607152,10.492968559265137,24996600,10.670465792512262
2011-11-18 00:00:00+00:00,10.505346446514118,10.393894648302181,10.406277656555176,14593800,10.484706787221631
2011-11-21 00:00:00+00:00,10.298959244870387,10.129717898586641,10.224658012390137,18826000,10.290703377411948
2011-11-22 00:00:00+00:00,10.261808445475106,10.125589784133526,10.208146095275879,14135600,10.204018161620334
2011-11-23 00:00:00+00:00,10.146225653366951,9.964600563049316,9.964600563049316,25073600,10.125586778538345
2011-11-25 00:00:00+00:00,10.055416608033621,9.910942077636719,9.910942077636719,14131800,9.935708892546149
2011-11-28 00:00:00+00:00,10.253552253814215,10.158612144708465,10.237040519714355,19591800,10.16274007823343
2011-11-29 00:00:00+00:00,10.31134003464381,10.158610456219757,10.183377265930176,9531000,10.245294683867568
2011-11-30 00:00:00+00:00,10.58377750129988,10.422792054188353,10.575522422790527,27460600,10.451686797277837
2011-12-01 00:00:00+00:00,10.653953014264024,10.546629097971032,10.63331413269043,15959400,10.546629097971032
2011-12-02 00:00:00+00:00,10.740639885091834,10.608549130865091,10.625060081481934,11084800,10.711745131020109
2011-12-05 00:00:00+00:00,10.827321589907768,10.691102933370733,10.744765281677246,12168000,10.77366002892407
2011-12-06 00:00:00+00:00,10.798424399632282,10.695228447199005,10.74063491821289,11733200,10.744762850788938
2011-12-07 00:00:00+00:00,10.794297876714262,10.608545610470028,10.753019332885742,11650600,10.699357777034582
2011-12-08 00:00:00+00:00,10.76127072654186,10.567262674700546,10.583773612976074,13632200,10.695225398794927
2011-12-09 00:00:00+00:00,10.769533574528808,10.604420148067858,10.748894691467285,16561200,10.612675228898715
2011-12-12 00:00:00+00:00,10.658076409677788,10.534241598321175,10.612669944763184,116342000,10.65394847765623
2011-12-13 00:00:00+00:00,10.719992195379593,10.480577685566633,10.51360034942627,23459600,10.686969531519958
2011-12-14 00:00:00+00:00,10.50122257996081,10.315469511030916,10.352620124816895,27793400,10.492966713047748
2011-12-15 00:00:00+00:00,10.46407282241478,10.319598288905528,10.32785415649414,18948000,10.455816954826167
2011-12-16 00:00:00+00:00,10.484981175896465,10.327436537629469,10.356457710266113,39399000,10.381333678898363
2011-12-19 00:00:00+00:00,10.414499768755968,10.223787982812551,10.25695514678955,20306400,10.389623802697546
2011-12-20 00:00:00+00:00,10.55960687911203,10.393771039404731,10.54716968536377,17925600,10.393771039404731
2011-12-21 00:00:00+00:00,10.48083271198092,10.252807797844115,10.373039245605469,18212600,10.48083271198092
2011-12-22 00:00:00+00:00,10.493273735046387,10.406210205849325,10.493273735046387,9373800,10.406210205849325
2011-12-23 00:00:00+00:00,10.596922874450684,10.49327534808267,10.596922874450684,9490600,10.49327534808267
2011-12-27 00:00:00+00:00,10.64667062229115,10.567898306086654,10.613503456115723,5578000,10.576190295322416
2011-12-28 00:00:00+00:00,10.617652018607714,10.480837326199556,10.505712509155273,9702600,10.613506022987126
2011-12-29 00:00:00+00:00,10.601068246059054,10.514004708606015,10.584485054016113,11777800,10.530587900648953
2011-12-30 00:00:00+00:00,10.617647721817915,10.551313400268555,10.551313400268555,7502600,10.572042579214923
2012-01-03 00:00:00+00:00,10.787630591724879,10.692275093867037,10.700566291809082,53679800,10.72544225793792
2012-01-04 00:00:00+00:00,10.750323259987246,10.638383724038816,10.729593276977539,9488600,10.696426094930004
2012-01-05 00:00:00+00:00,10.783489189280635,10.66740367021631,10.7627592086792,13513800,10.71715483289185
2012-01-06 00:00:00+00:00,10.791779850912857,10.7171535114848,10.7669038772583,9978400,10.771049872867394
2012-01-09 00:00:00+00:00,10.812508785718997,10.721299256752113,10.750320434570312,8173200,10.80421679469443
2012-01-10 00:00:00+00:00,10.874694547575633,10.787631034851074,10.787631034851074,11466200,10.853965365717672
2012-01-11 00:00:00+00:00,10.849822915312338,10.75861337826886,10.820801734924316,8307600,10.766904579259824
2012-01-12 00:00:00+00:00,10.882988722282908,10.783487205999881,10.874696731567383,9731000,10.845675554830803
2012-01-13 00:00:00+00:00,10.824945614601225,10.733735304620879,10.812507629394531,11943000,10.808361634325633
2012-01-17 00:00:00+00:00,10.93688733165318,10.837385794888702,10.862261772155762,11066200,10.887136958654901
2012-01-18 00:00:00+00:00,11.032244851851337,10.88713813189458,11.019806861877441,14418800,10.891284128552547
2012-01-19 00:00:00+00:00,11.123448861472987,11.06540651872904,11.098573684692383,14850400,11.077843711735536
2012-01-20 00:00:00+00:00,11.127596439526656,11.073699292936876,11.11101245880127,26720600,11.077845288118223
2012-01-23 00:00:00+00:00,11.206369063414295,11.077845581689756,11.14832592010498,58044400,11.127596734416633
2012-01-24 00:00:00+00:00,11.160764816652227,11.086138476856574,11.140035629272461,11501800,11.09857646374512
2012-01-25 00:00:00+00:00,11.260265637165528,11.127596948366698,11.22709846496582,35868400,11.243682446449554
2012-01-26 00:00:00+00:00,11.276850953251692,11.106869076765058,11.152473449707031,17425800,11.26441296566687
2012-01-27 00:00:00+00:00,11.181494629970429,11.111014281858811,11.152473449707031,16520400,11.111014281858811
2012-01-30 00:00:00+00:00,11.202222407921875,11.048823754258295,11.185638427734375,15382400,11.057115744352044
2012-01-31 00:00:00+00:00,11.264414630150776,11.14003789899547,11.206372261047363,16178600,11.260268633676537
2012-02-01 00:00:00+00:00,11.368062861233499,11.272707308829323,11.31831169128418,17944800,11.314166485325753
2012-02-02 00:00:00+00:00,11.392933503963864,11.318307174206874,11.347329139709473,12041000,11.359766334157168
2012-02-03 00:00:00+00:00,11.513166386872978,11.421956065752436,11.492436408996582,14786400,11.442686043628832
2012-02-06 00:00:00+00:00,11.504875930855619,11.430249582078554,11.496583938598633,13401200,11.459270764210101
2012-02-07 00:00:00+00:00,11.554627174824581,11.438541654714754,11.525605201721191,14776000,11.492438023228086
2012-02-08 00:00:00+00:00,11.608520672775137,11.513165157033022,11.59608268737793,22989800,11.55047832245693
2012-02-09 00:00:00+00:00,11.72460514302566,11.612665656503294,11.70802116394043,18972800,11.649978818677416
2012-02-10 00:00:00+00:00,11.645834463283249,11.579500119139775,11.620959281921387,12739000,11.629250481863503
2012-02-13 00:00:00+00:00,11.72045931248227,11.629249007770749,11.69558334350586,16844000,11.703875333164662
2012-02-14 00:00:00+00:00,11.72460821485964,11.620960690724356,11.716316223144531,13086000,11.683149047051955
2012-02-15 00:00:00+00:00,11.84898416919905,11.633397143010596,11.65412712097168,24426200,11.774357830074752
2012-02-16 00:00:00+00:00,11.836545318880782,11.63754228957957,11.824108123779297,20095600,11.654126270738544
2012-02-17 00:00:00+00:00,11.861421290619242,11.782648961649608,11.824108123779297,18570000,11.861421290619242
2012-02-21 00:00:00+00:00,11.927752725678864,11.803375269613591,11.873855590820312,19440800,11.840688427356417
2012-02-22 00:00:00+00:00,11.88629763815553,11.807525301454884,11.832401275634766,16206000,11.857276459046824
2012-02-23 00:00:00+00:00,11.898734049835234,11.753627382736225,11.87800407409668,11013400,11.819961723564164
2012-02-24 00:00:00+00:00,11.969218217849052,11.915321054440934,11.948488235473633,10992000,11.919467050916017
2012-02-27 00:00:00+00:00,12.002379697320563,11.82825188192386,11.969212532043457,17053000,11.890440217972484
2012-02-28 00:00:00+00:00,12.056278228759766,11.956776714900391,12.056278228759766,20220200,11.9816518956733
2012-02-29 00:00:00+00:00,12.1101759579374,11.956778069891753,12.0023832321167,20911600,12.064571586480282
2012-03-01 00:00:00+00:00,12.093590856039556,12.010672536136939,12.072861671447754,27944800,12.064569681303952
2012-03-02 00:00:00+00:00,12.101883385816548,12.023111057473308,12.056278228759766,17570800,12.064570219273314
2012-03-05 00:00:00+00:00,12.06457146153427,11.907026788625778,11.952631950378418,14492400,12.043841483115878
2012-03-06 00:00:00+00:00,11.861420005909379,11.770209700949499,11.836544036865234,28072800,11.836544036865234
2012-03-07 00:00:00+00:00,11.940192924105107,11.869712585152518,11.923609733581543,21582000,11.886296566443834
2012-03-08 00:00:00+00:00,12.06871733585142,11.960923821463252,12.043841361999512,14517800,11.98579900454735
2012-03-09 00:00:00+00:00,12.11017164327479,12.056275299566854,12.097734451293945,12731600,12.060421293816319
2012-03-12 00:00:00+00:00,12.126758740954045,12.056278402110953,12.114320755004883,11853600,12.089445573874306
2012-03-13 00:00:00+00:00,12.35478401184082,12.17236494681831,12.35478401184082,38024200,12.18480214307068
2012-03-14 00:00:00+00:00,12.454282995198353,12.32161354143953,12.400385856628418,25483600,12.363072696316188
2012-03-15 00:00:00+00:00,12.4625786920348,12.37966114311929,12.433557510375977,24901000,12.450141494619814
2012-03-16 00:00:00+00:00,12.465164504739912,12.406935760578634,12.42773151397705,18957600,12.465164504739912
2012-03-19 00:00:00+00:00,12.54834902919247,12.423572922940979,12.519234657287598,17861600,12.45268729484585
2012-03-20 00:00:00+00:00,12.5233921099806,12.411093155018564,12.506754875183105,11426200,12.444366831306537
2012-03-21 00:00:00+00:00,12.581623101685224,12.49843849939254,12.50259780883789,17650000,12.527553665509993
2012-03-22 00:00:00+00:00,12.506755810734974,12.427730526149526,12.473482131958008,15001800,12.448527071202053
2012-03-23 00:00:00+00:00,12.494278677010536,12.406934774404077,12.473482131958008,19023200,12.494278677010536
2012-03-26 00:00:00+00:00,12.660651543756309,12.527556781627611,12.656492233276367,24374400,12.556671161679844
2012-03-27 00:00:00+00:00,12.702240363617529,12.64401082621202,12.652329444885254,12876000,12.668965888924586
2012-03-28 00:00:00+00:00,12.698081092295226,12.544189819608222,12.60657787322998,12979000,12.652329482762603
2012-03-29 00:00:00+00:00,12.59825745033565,12.490117809477452,12.581620216369629,11474400,12.540027924761556
2012-03-30 00:00:00+00:00,12.635691876209826,12.506756463384136,12.544189453125,16014600,12.623214741834284
2012-04-02 00:00:00+00:00,12.693920522793004,12.515074205073189,12.67728328704834,32815600,12.54002926538312
2012-04-03 00:00:00+00:00,12.735515410221835,12.602419877103944,12.668967247009277,13552400,12.698082415486683
2012-04-04 00:00:00+00:00,12.573304091781342,12.440209366897847,12.519234657287598,18419600,12.564985473149338
2012-04-05 00:00:00+00:00,12.560828263413136,12.465165725810882,12.54835033416748,10119800,12.47764365505654
2012-04-09 00:00:00+00:00,12.523391182416177,12.38613717873085,12.461002349853516,13779800,12.394455002206506
2012-04-10 00:00:00+00:00,12.515073293317238,12.257201711211021,12.286316871643066,28745800,12.465162383026453
2012-04-11 00:00:00+00:00,12.419414953321532,12.327911725113218,12.357026100158691,18613200,12.386141268511388
2012-04-12 00:00:00+00:00,12.523396547768334,12.37366455475996,12.510918617248535,18139000,12.386142485279759
2012-04-13 00:00:00+00:00,12.47764260216715,12.302955574004523,12.315433502197266,21060800,12.47764260216715
2012-04-16 00:00:00+00:00,12.39030279775635,12.16570479007512,12.186500549316406,40978000,12.38614348724662
2012-04-17 00:00:00+00:00,12.47348206144234,12.223929075372338,12.452686309814453,20538200,12.22808838435933
2012-04-18 00:00:00+00:00,12.415254348170125,12.319592613485547,12.361184120178223,14212800,12.3819806668317
2012-04-19 00:00:00+00:00,12.431890100330993,12.153222737139798,12.223929405212402,38465200,12.319591927880346
2012-04-20 00:00:00+00:00,12.323749676431584,12.165699907036299,12.178177833557129,23242600,12.273839556962356
2012-04-23 00:00:00+00:00,12.11579226397048,11.978538208428535,12.082518577575684,31060600,12.082518577575684
2012-04-24 00:00:00+00:00,12.144903863971498,12.011808364205665,12.057559967041016,19248800,12.070037893261663
2012-04-25 00:00:00+00:00,12.411093763807356,12.319591347853814,12.398615837097168,28710400,12.319591347853814
2012-04-26 00:00:00+00:00,12.519235880150962,12.394458968404281,12.494280815124512,18953600,12.394458968404281
2012-04-27 00:00:00+00:00,12.531712396307963,12.440209966864364,12.490120887756348,11353200,12.510916642032155
2012-04-30 00:00:00+00:00,12.481802010707069,12.386140273724335,12.402776718139648,20123600,12.473483391845834
2012-05-01 00:00:00+00:00,12.569142539058928,12.377819104514098,12.444366455078125,23355800,12.394455545501607
2012-05-02 00:00:00+00:00,12.456845618801445,12.348705965060875,12.452686309814453,12842600,12.377820334662745
2012-05-03 00:00:00+00:00,12.477641653718132,12.315432566078066,12.348706245422363,18397800,12.473482344636707
2012-05-04 00:00:00+00:00,12.261364257414726,12.086677215231978,12.090836524963379,24187200,12.240568502064939
2012-05-07 00:00:00+00:00,12.119948011530202,11.995171922551828,12.057559967041016,16165400,12.015967672945882
2012-05-08 00:00:00+00:00,12.049241044852849,11.862076916118395,12.01596736907959,20341600,11.995171619211431
2012-05-09 00:00:00+00:00,12.074196896663048,11.845439681578263,12.01596736907959,20923600,11.891191283256621
2012-05-10 00:00:00+00:00,12.040927295408759,11.89951392719291,11.924468994140625,17288600,12.032608675323761
2012-05-11 00:00:00+00:00,12.061724300305887,11.882877916510106,11.932788848876953,14323000,11.899515158401506
2012-05-14 00:00:00+00:00,11.920306432163992,11.812166780482029,11.828804016113281,28108600,11.849599767345289
2012-05-15 00:00:00+00:00,11.936944613731814,11.770575417463693,11.795531272888184,16883200,11.85791932483517
2012-05-16 00:00:00+00:00,11.857920705757284,11.687392973699948,11.699870109558105,25618800,11.849602086313704
2012-05-17 00:00:00+00:00,11.737301099434845,11.529340408700874,11.533499717712402,22552600,11.71650534768428
2012-05-18 00:00:00+00:00,11.616686877229862,11.400407520700911,11.425362586975098,25196200,11.579253881164956
2012-05-21 00:00:00+00:00,11.712348320441953,11.425362289193217,11.708189010620117,17104400,11.450318148124225
2012-05-22 00:00:00+00:00,11.778894093457724,11.604207071168855,11.670754432678223,15628600,11.745620412703042
2012-05-23 00:00:00+00:00,11.716505031647404,11.47527066863525,11.683231353759766,17437400,11.583410320096846
2012-05-24 00:00:00+00:00,11.720669113235878,11.529344792493859,11.61668872833252,16600800,11.71650980264286
2012-05-25 00:00:00+00:00,11.637487635801623,11.566780923209661,11.591736793518066,10010400,11.608373247082742
2012-05-29 00:00:00+00:00,11.795530688935704,11.662435973155924,11.745619773864746,14668400,11.7123460949198
2012-05-30 00:00:00+00:00,11.708187422690632,11.604207071168855,11.670754432678223,11103000,11.641640061181265
2012-05-31 00:00:00+00:00,11.691554732392119,11.533504103086878,11.61668872833252,23844200,11.649962419769299
2012-06-01 00:00:00+00:00,11.483590382459857,11.31306266784668,11.31306266784668,24028600,11.41704302033311
2012-06-04 00:00:00+00:00,11.4045660799514,11.246516279541824,11.379611015319824,15706600,11.350496641031787
2012-06-05 00:00:00+00:00,11.462797382277367,11.338021238013924,11.45032024383545,14268000,11.35049916976322
2012-06-06 00:00:00+00:00,11.724824004040714,11.525181137370005,11.712346076965332,17740600,11.529340446395134
2012-06-07 00:00:00+00:00,11.828805568420053,11.645799918995545,11.654118537902832,13362200,11.824646258966409
2012-06-08 00:00:00+00:00,11.791372970992134,11.612526625039978,11.78305435180664,15210200,11.645800308474762
2012-06-11 00:00:00+00:00,11.887037570419778,11.59589217536742,11.61668872833252,27117400,11.878718949233738
2012-06-12 00:00:00+00:00,11.74562269032464,11.575094944226056,11.733144760131836,16018800,11.641642318639782
2012-06-13 00:00:00+00:00,11.774735623701453,11.629162962530671,11.662437438964844,22709000,11.716506876556013
2012-06-14 00:00:00+00:00,11.7622601471515,11.59589091474667,11.720667839050293,21162400,11.670756910667386
2012-06-15 00:00:00+00:00,11.874733129309668,11.749471755840972,11.845505714416504,29203400,11.766173590858395
2012-06-18 00:00:00+00:00,11.97912151955048,11.791229789930503,11.933192253112793,17272400,11.807931630957885
2012-06-19 00:00:00+00:00,12.075158721279147,11.9833009543248,12.025053977966309,13112000,11.995826542862101
2012-06-20 00:00:00+00:00,12.083505392894942,11.949893852923383,12.045927047729492,18961600,12.04175158755693
2012-06-21 00:00:00+00:00,12.054279783619979,11.745302055414827,11.762003898620605,12344600,12.037577940414202
2012-06-22 00:00:00+00:00,11.903965819680593,11.778704390699819,11.891439437866211,28528600,11.803757154328581
2012-06-25 00:00:00+00:00,11.782878737831767,11.628390691991797,11.649267196655273,10928800,11.782878737831767
2012-06-26 00:00:00+00:00,11.72442548815575,11.611690436253362,11.695198059082031,11241000,11.682671676741416
2012-06-27 00:00:00+00:00,11.799581974021985,11.716074352717753,11.766179084777832,14875400,11.745301781257924
2012-06-28 00:00:00+00:00,11.703547921621432,11.536532691076829,11.670145034790039,21093800,11.686846080011914
2012-06-29 00:00:00+00:00,12.012526658002356,11.841336737305438,11.995824813842773,17999400,11.870564168196946
2012-07-02 00:00:00+00:00,12.06680134441837,11.970768167182843,12.062625885009766,16942800,12.029223006128388
2012-07-03 00:00:00+00:00,12.158659934997559,12.045924919419564,12.158659934997559,6851000,12.054275838289222
2012-07-05 00:00:00+00:00,12.22129023374507,12.079327798510734,12.158659934997559,14129200,12.12943171895376
2012-07-06 00:00:00+00:00,12.07933178589189,11.895615492052075,11.97912311553955,13804400,12.07933178589189
2012-07-09 00:00:00+00:00,11.97911807721786,11.88308411168207,11.954065322875977,14639400,11.94989066020638
2012-07-10 00:00:00+00:00,12.041751106807046,11.778702701150728,11.820456504821777,14580200,11.999997303135997
2012-07-11 00:00:00+00:00,11.841335784674103,11.670145877749352,11.766179084777832,15684200,11.81210835613393
2012-07-12 00:00:00+00:00,11.699371922790261,11.553234000983117,11.649267196655273,19515800,11.682670081949396
2012-07-13 00:00:00+00:00,11.83298318458671,11.67014422217098,11.803755760192871,13778800,11.674318885895028
2012-07-16 00:00:00+00:00,11.849682179376819,11.76617538074849,11.791227340698242,9420600,11.803753718866844
2012-07-17 00:00:00+00:00,11.874734632936564,11.69101840641865,11.837156295776367,16763800,11.866383714370425
2012-07-18 00:00:00+00:00,12.070983111013877,11.828811913490615,12.041755676269531,16260400,11.837162836671247
2012-07-19 00:00:00+00:00,12.187891048163038,12.100207966234425,12.146137237548828,19684800,12.116909809035189
2012-07-20 00:00:00+00:00,12.137784542203786,11.99999754478593,12.00834846496582,31410600,12.125258958321533
2012-07-23 00:00:00+00:00,11.93319324752647,11.711898613798478,11.891439437866211,13050200,11.803757154328581
2012-07-24 00:00:00+00:00,11.924842331440406,11.69519757279184,11.770354270935059,15751800,11.895614903581972
2012-07-25 00:00:00+00:00,11.79958105623309,11.657618588890562,11.724424362182617,16461200,11.686846015157382
2012-07-26 00:00:00+00:00,11.954067969666253,11.83715827573496,11.903964042663574,14088000,11.895613122700606
2012-07-27 00:00:00+00:00,12.183713374538119,11.937366812684601,12.162836074829102,18278200,11.970769695831475
2012-07-30 00:00:00+00:00,12.258868823989506,12.141958346576093,12.167010307312012,17853000,12.179536685873709
2012-07-31 00:00:00+00:00,12.283921163837572,12.192063440712596,12.21711540222168,17480600,12.20041356362396
2012-08-01 00:00:00+00:00,12.296445647964395,12.133605932279396,12.175359725952148,18240600,12.296445647964395
2012-08-02 00:00:00+00:00,12.233819156060898,12.033401826790675,12.09603214263916,13260800,12.075155636152223
2012-08-03 00:00:00+00:00,12.371604838701069,12.250519680603839,12.334027290344238,16377200,12.304799069463787
2012-08-06 00:00:00+00:00,12.475990363013462,12.371606237231802,12.421710968017578,22640400,12.379957158427377
2012-08-07 00:00:00+00:00,12.55531669495949,12.44675715896005,12.505212783813477,15374800,12.46345899360026
2012-08-08 00:00:00+00:00,12.54279450931275,12.459286906290053,12.509390830993652,17118400,12.480163408851967
2012-08-09 00:00:00+00:00,12.57202094354914,12.501039725473785,12.551143646240234,8787600,12.53026714531879
2012-08-10 00:00:00+00:00,12.58454540843195,12.48433677940699,12.58036994934082,22866200,12.509388737566383
2012-08-13 00:00:00+00:00,12.62212589925727,12.530268172728666,12.617950439453125,10418400,12.58037209760335
2012-08-14 00:00:00+00:00,12.659705091086401,12.55532097813696,12.592899322509766,12665400,12.655529631001915
2012-08-15 00:00:00+00:00,12.626300976348256,12.576197052992262,12.597073554992676,11301600,12.597073554992676
2012-08-16 00:00:00+00:00,12.789141274716616,12.647179612599098,12.768264770507812,14334000,12.663880656688622
2012-08-17 00:00:00+00:00,12.843422210241153,12.776616437204831,12.83924674987793,16269800,12.789142021906871
2012-08-20 00:00:00+00:00,12.868474307259499,12.78496748830635,12.851773262023926,16192600,12.826720499589104
2012-08-21 00:00:00+00:00,12.926928273102444,12.730686425821897,12.768264770507812,20252400,12.901876308774362
2012-08-22 00:00:00+00:00,12.82254262819777,12.693106565505909,12.789139747619629,37100000,12.739035824946162
2012-08-23 00:00:00+00:00,12.764089382605974,12.655529808053291,12.684757232666016,14113800,12.73486195799325
2012-08-24 00:00:00+00:00,12.784968795863422,12.613778087267852,12.764091491699219,12511800,12.643006313097736
2012-08-27 00:00:00+00:00,12.826720026743907,12.751564131372918,12.776616096496582,9647400,12.818369902627762
2012-08-28 00:00:00+00:00,12.793319224545343,12.70981239507127,12.747390747070312,15733800,12.76409179441003
2012-08-29 00:00:00+00:00,12.810020213505245,12.722337132562346,12.772441864013672,9583000,12.76409094270717
2012-08-30 00:00:00+00:00,12.730681753826502,12.622122219727979,12.630473136901855,12042200,12.713980715866043
2012-08-31 00:00:00+00:00,12.772441905372801,12.597076539306835,12.730688095092773,13221200,12.726512634426001
2012-09-04 00:00:00+00:00,12.768266444706029,12.605427460640378,12.730688095092773,13611800,12.718161713092456
2012-09-05 00:00:00+00:00,12.780792695919757,12.68893415496615,12.718161582946777,17578600,12.722337043570821
2012-09-06 00:00:00+00:00,13.006261146081522,12.79331744647863,13.00208568572998,15790800,12.810019287884803
2012-09-07 00:00:00+00:00,13.006260766259564,12.935279535131466,12.981208801269531,16006200,12.964506960351105
2012-09-10 00:00:00+00:00,12.993734355515844,12.84342098236084,12.84342098236084,12528400,12.956156012227094
2012-09-11 00:00:00+00:00,12.943632065523735,12.855949778958866,12.876826286315918,10634400,12.864299904069062
2012-09-12 00:00:00+00:00,12.960334648648237,12.868476099700924,12.947808265686035,10383200,12.931106421736432
2012-09-13 00:00:00+00:00,13.173273823757107,12.951980029311196,13.123169898986816,17639000,12.960330948902085
2012-09-14 00:00:00+00:00,13.24425348247329,13.14404484838652,13.185798645019531,20608200,13.156571226292654
2012-09-17 00:00:00+00:00,13.206681005133152,13.152401602896902,13.198330879211426,7630800,13.19415541805667
2012-09-18 00:00:00+00:00,13.206676483154297,13.164923478678581,13.206676483154297,10617800,13.169098938403655
2012-09-19 00:00:00+00:00,13.25260874530168,13.173276585332504,13.219205856323242,34489800,13.198329349357103
2012-09-20 00:00:00+00:00,13.210854831870586,13.12734800827011,13.194153785705566,14270400,13.173276482514682
2012-09-21 00:00:00+00:00,13.290584022421465,13.185768693536998,13.21092414855957,17937800,13.252850440048856
2012-09-24 00:00:00+00:00,13.148033015508629,13.076758571240475,13.127069473266602,9361400,13.11029943915035
2012-09-25 00:00:00+00:00,13.168995176675185,12.93840181993494,12.942594528198242,10879600,13.156417051885281
2012-09-26 00:00:00+00:00,12.925825167318392,12.779083560099192,12.850358009338379,14782000,12.91743974983674
2012-09-27 00:00:00+00:00,13.047411553259229,12.85455094614661,13.018062591552734,9697200,12.867129072592249
2012-09-28 00:00:00+00:00,13.030639476707611,12.904861422942508,12.925824165344238,16246800,12.984520483810972
2012-10-01 00:00:00+00:00,13.047412988191528,12.862937778421065,12.896478652954102,29855000,12.976138529849136
2012-10-02 00:00:00+00:00,12.976136940222505,12.816817205949718,12.913247108459473,15035400,12.955173396409018
2012-10-03 00:00:00+00:00,13.009676564729348,12.896475838009868,12.980327606201172,10537400,12.955172155711516
2012-10-04 00:00:00+00:00,13.043218844444015,12.934210814280785,13.018062591552734,7925600,12.992907138338893
2012-10-05 00:00:00+00:00,13.089334443842557,12.917437414927313,12.95097827911377,9157800,13.076757119570935
2012-10-08 00:00:00+00:00,12.89647715124957,12.795854539367262,12.816817283630371,35163800,12.858743571834026
2012-10-09 00:00:00+00:00,12.800046655794093,12.615571476041628,12.653305053710938,30969400,12.791661238605936
2012-10-10 00:00:00+00:00,12.678459205399621,12.577836608492955,12.602992057800293,26970200,12.657496464256393
2012-10-11 00:00:00+00:00,12.69942351887516,12.552681922912598,12.552681922912598,13798800,12.695230810455959
2012-10-12 00:00:00+00:00,12.619763415386888,12.519140814294737,12.544296264648438,14276400,12.556874389663962
2012-10-15 00:00:00+00:00,12.623955242278251,12.498176399937353,12.607184410095215,10338200,12.573643545406433
2012-10-16 00:00:00+00:00,12.791660423259309,12.623956088572712,12.779082298278809,22450400,12.623956088572712
2012-10-17 00:00:00+00:00,12.753922347286913,12.649107075136191,12.711996078491211,21197000,12.674262516542786
2012-10-18 00:00:00+00:00,12.724577731844317,12.519139837353025,12.565258026123047,24502400,12.678458743397009
2012-10-19 00:00:00+00:00,12.556874206491207,12.28016185760498,12.28016185760498,25686400,12.556874206491207
2012-10-22 00:00:00+00:00,12.393361830252449,12.255005655274946,12.364013671875,12177800,12.280161905036193
2012-10-23 00:00:00+00:00,12.347246133299612,12.213081839828671,12.229852676391602,21124000,12.280164386402893
2012-10-24 00:00:00+00:00,12.301126827548206,12.137615173499743,12.158577919006348,12784600,12.26758595493115
2012-10-25 00:00:00+00:00,12.250816472529957,12.087304800413042,12.133423805236816,10469800,12.234046434207038
2012-10-26 00:00:00+00:00,12.208886154308649,12.041181039258458,12.15438175201416,19385400,12.116648181095593
2012-10-31 00:00:00+00:00,12.16696063937979,12.066338043839007,12.104071617126465,38869000,12.150189806951007
2012-11-01 00:00:00+00:00,12.313703652208256,12.141805798590731,12.301125526428223,12538200,12.166962050150795
2012-11-02 00:00:00+00:00,12.355628015893055,12.1292273701698,12.141804695129395,18269000,12.338857982721155
2012-11-05 00:00:00+00:00,12.238234301757355,12.120840881232319,12.20888614654541,12036400,12.150189036444264
2012-11-06 00:00:00+00:00,12.351435972919438,12.23404333536149,12.263391494750977,12140800,12.263391494750977
2012-11-07 00:00:00+00:00,12.137613164084833,11.923789836671078,11.957330703735352,20196800,12.13342045574213
2012-11-08 00:00:00+00:00,12.032796992304187,11.781240107509495,11.785432815551758,18926800,11.995063419601118
2012-11-09 00:00:00+00:00,11.95732968093074,11.768661820034103,11.839936256408691,28790800,11.777047236002238
2012-11-12 00:00:00+00:00,11.902826864192201,11.781241515148578,11.82316780090332,10224000,11.886056829696738
2012-11-13 00:00:00+00:00,11.873479080625629,11.701582023289252,11.764471054077148,20176000,11.735122893021291
2012-11-14 00:00:00+00:00,11.844131995388034,11.621923213431373,11.647079467773438,30501800,11.818976540723455
2012-11-15 00:00:00+00:00,11.701582419701642,11.54226348299659,11.579997062683105,17899000,11.655463422378693
2012-11-16 00:00:00+00:00,11.638694672347167,11.408100459939346,11.596768379211426,17345200,11.592575669930097
2012-11-19 00:00:00+00:00,11.923787827687137,11.730927274803731,11.91540241241455,21953600,11.739312690076318
2012-11-20 00:00:00+00:00,11.902828721649726,11.756087898125047,11.865095138549805,29239400,11.898636012452233
2012-11-21 00:00:00+00:00,11.927983514980307,11.85251635802947,11.902827262878418,20198200,11.869286393086648
2012-11-23 00:00:00+00:00,12.104072329244351,11.961523443922351,12.095686912536621,16571000,11.97829347766046
2012-11-26 00:00:00+00:00,12.150195121765137,12.028609732181042,12.150195121765137,16138400,12.0747279421789
2012-11-27 00:00:00+00:00,12.175346771905351,12.066338753736918,12.095686912536621,21487800,12.137613196397918
2012-11-28 00:00:00+00:00,12.175349949841266,11.948948437702722,12.166964530944824,22532200,12.01603018951913
2012-11-29 00:00:00+00:00,12.26758374621581,12.171153854763164,12.22565746307373,27040800,12.22565746307373
2012-11-30 00:00:00+00:00,12.246620319406711,12.171153968657581,12.213079452514648,12603600,12.221464869157002
2012-12-03 00:00:00+00:00,12.322088100700453,12.183731917727458,12.196310043334961,15813000,12.305318066234502
2012-12-04 00:00:00+00:00,12.20469548832663,12.112457499682034,12.175347328186035,21323600,12.196310071235777
2012-12-05 00:00:00+00:00,12.150191382174102,11.978294325879846,12.05376148223877,25176600,12.150191382174102
2012-12-06 00:00:00+00:00,12.154386313216813,11.969911097239544,12.125038146972656,19477800,12.020222810570637
2012-12-07 00:00:00+00:00,12.196307728452666,12.011832586276606,12.06214427947998,47442800,12.183729605232513
2012-12-10 00:00:00+00:00,12.150195671088454,12.0244175658766,12.091499328613281,27452400,12.032802986138108
2012-12-11 00:00:00+00:00,12.326281238397092,12.166962306875345,12.255006790161133,19842000,12.187925050606985
2012-12-12 00:00:00+00:00,12.322087597966092,12.204694962461824,12.23404312133789,13110000,12.313702980913897
2012-12-13 00:00:00+00:00,12.271774927525627,12.10407061550203,12.14599609375,17561400,12.217270526319684
2012-12-14 00:00:00+00:00,12.104077412198542,11.995069348253551,12.028610229492188,18332200,12.066343820845365
2012-12-17 00:00:00+00:00,12.179539237054072,12.024413019260251,12.175347328186035,17626200,12.028605727805678
2012-12-18 00:00:00+00:00,12.3682070928906,12.187924624266186,12.355628967285156,22085000,12.229850909940275
2012-12-19 00:00:00+00:00,12.393358627476196,12.288543346256763,12.292736053466797,18421600,12.384974012733263
2012-12-20 00:00:00+00:00,12.33466723537832,12.229851912439917,12.313704490661621,14209600,12.30112636402513
2012-12-21 00:00:00+00:00,12.224309752296811,12.11045776005729,12.207443237304688,27099200,12.152625253954675
2012-12-24 00:00:00+00:00,12.194791304350156,12.148406986125758,12.173707962036133,5188600,12.173707962036133
2012-12-26 00:00:00+00:00,12.211661485335226,12.055642775081367,12.106243133544922,8450000,12.173711618626658
2012-12-27 00:00:00+00:00,12.127324569232558,11.937571256814687,12.09359073638916,21490400,12.097807566029337
2012-12-28 00:00:00+00:00,12.080936345621632,11.946001057828841,11.958651542663574,16506800,11.996602192890016
2012-12-31 00:00:00+00:00,12.215874006997058,11.912269550471981,12.165273666381836,30372600,11.929136866862331
2013-01-02 00:00:00+00:00,12.578512507478672,12.430926715081783,12.57007884979248,30083000,12.489961514607257
2013-01-03 00:00:00+00:00,12.595381856760952,12.45201287005585,12.48996353149414,19579400,12.561648024846692
2013-01-04 00:00:00+00:00,12.489965591645346,12.397196935370955,12.439364433288574,13665800,12.47731510098662
2013-01-07 00:00:00+00:00,12.452012694557864,12.350811200241411,12.422494888305664,15376000,12.401411545260647
2013-01-08 00:00:00+00:00,12.447794561740771,12.308642421090896,12.376110076904297,11130400,12.422493587602322
2013-01-09 00:00:00+00:00,12.42249216831274,12.371891834372807,12.397192001342773,23198600,12.388758344260182
2013-01-10 00:00:00+00:00,12.48996129809408,12.35502519028773,12.460443496704102,19470600,12.485744469324084
2013-01-11 00:00:00+00:00,12.494180510466943,12.430929671334287,12.477313995361328,10115800,12.456230650409793
2013-01-14 00:00:00+00:00,12.426708996854035,12.350808495944138,12.397192001342773,19463000,12.392975172801478
2013-01-15 00:00:00+00:00,12.342376704442195,12.2706922169605,12.317075729370117,16168400,12.342376704442195
2013-01-16 00:00:00+00:00,12.409849327425631,12.308647799484454,12.359248161315918,17444800,12.325514318668858
2013-01-17 00:00:00+00:00,12.456230629797453,12.397195816330347,12.409846305847168,12706200,12.422495991085933
2013-01-18 00:00:00+00:00,12.397196451942348,12.329728779616307,12.392979621887207,15481000,12.363462615779326
2013-01-22 00:00:00+00:00,12.426712036132812,12.333944198368922,12.426712036132812,12799000,12.401411862975024
2013-01-23 00:00:00+00:00,12.60381282291771,12.523695486800241,12.557429313659668,18974600,12.540561998091018
2013-01-24 00:00:00+00:00,12.456231571431228,12.325512249376473,12.342379570007324,26757000,12.359246086360061
2013-01-25 00:00:00+00:00,12.435146309748779,12.338161637619855,12.35502815246582,32417000,12.388761986435796
2013-01-28 00:00:00+00:00,12.43935948247792,12.346591667402842,12.397192001342773,14428400,12.371891834372807
2013-01-29 00:00:00+00:00,12.443580459024925,12.317077973450507,12.414063453674316,13582800,12.376112788429799
2013-01-30 00:00:00+00:00,12.464661073555172,12.359242760811997,12.376110076904297,11926600,12.40562707578792
2013-01-31 00:00:00+00:00,12.48996062069566,12.384542319996694,12.397192001342773,10834600,12.418276144049251
2013-02-01 00:00:00+00:00,12.565866304255042,12.45623193407513,12.536349296569824,14645000,12.502615458604128
2013-02-04 00:00:00+00:00,12.511046030542005,12.363460224272536,12.371893882751465,21763600,12.49417871358415
2013-02-05 00:00:00+00:00,12.561647877375895,12.40562840393033,12.515263557434082,19259200,12.41827889235391
2013-02-06 00:00:00+00:00,12.56164851526716,12.460446211295338,12.51104736328125,14869600,12.460446211295338
2013-02-07 00:00:00+00:00,12.536347537135192,12.392978544832808,12.51104736328125,19868600,12.523697852347233
2013-02-08 00:00:00+00:00,12.650199720365997,12.557431878623406,12.620682716369629,18265200,12.561648708376893
2013-02-11 00:00:00+00:00,12.658631322165013,12.59538049470045,12.645980834960938,12871200,12.637547176824887
2013-02-12 00:00:00+00:00,12.658632102044711,12.582730782699903,12.603814125061035,10737800,12.633331126077804
2013-02-13 00:00:00+00:00,12.6501962086019,12.561645221195038,12.599595069885254,17994600,12.620679212799612
2013-02-14 00:00:00+00:00,12.582735701590657,12.506834352574206,12.565868377685547,12739000,12.527917703177321
2013-02-15 00:00:00+00:00,12.620680138486362,12.519478657908078,12.557429313659668,10023400,12.574295824950445
2013-02-19 00:00:00+00:00,12.641763687133789,12.57851286126408,12.641763687133789,9237200,12.57851286126408
2013-02-20 00:00:00+00:00,12.645982522812355,12.464662870076188,12.468879699707031,13324400,12.63754886355067
2013-02-21 00:00:00+00:00,12.43514535133867,12.325510198316614,12.367677688598633,33263200,12.42671169242667
2013-02-22 00:00:00+00:00,12.523695626851918,12.405626829384627,12.519478797912598,17345400,12.452011143439256
2013-02-25 00:00:00+00:00,12.629117586506883,12.333945909691899,12.342379570007324,16158600,12.586950089207868
2013-02-26 00:00:00+00:00,12.43936362907797,12.317077973450507,12.414063453674316,15219000,12.376112788429799
2013-02-27 00:00:00+00:00,12.582729623446621,12.384543488965914,12.519478797912598,16499400,12.397193171505988
2013-02-28 00:00:00+00:00,12.603814881919956,12.494179725646973,12.494179725646973,13330400,12.523697532714241
2013-03-01 00:00:00+00:00,12.544780559477788,12.376111401886623,12.515263557434082,11010400,12.435145405974035
2013-03-04 00:00:00+00:00,12.561649640662678,12.460447327624163,12.553215980529785,9996800,12.477314647889948
2013-03-05 00:00:00+00:00,12.755618881221856,12.624900367471662,12.726101875305176,24873600,12.624900367471662
2013-03-06 00:00:00+00:00,12.772486520779848,12.696585186936858,12.717668533325195,14349800,12.768269690646559
2013-03-07 00:00:00+00:00,12.768265081776557,12.705013456886814,12.747180938720703,10654000,12.721880771331497
2013-03-08 00:00:00+00:00,12.806218611546788,12.734534117610671,12.77248477935791,11980400,12.806218611546788
2013-03-11 00:00:00+00:00,12.810432899471419,12.709231416629766,12.802000045776367,10737000,12.747182073230123
2013-03-12 00:00:00+00:00,12.789347148282104,12.700796169089948,12.755613327026367,9704200,12.768263811601422
2013-03-13 00:00:00+00:00,12.797782077776933,12.705013456886814,12.747180938720703,10970800,12.751397767331873
2013-03-14 00:00:00+00:00,12.848383415125982,12.789349418518755,12.839950561523438,11512200,12.789349418518755
2013-03-15 00:00:00+00:00,12.850113386651566,12.752732162286927,12.786603927612305,19710200,12.841645243428575
2013-03-18 00:00:00+00:00,12.845879411699856,12.668052440511904,12.790837287902832,12344800,12.684987919518731
2013-03-19 00:00:00+00:00,12.850112655253735,12.668051624154838,12.773900985717773,14551600,12.82470903459726
2013-03-20 00:00:00+00:00,12.867047664091041,12.799304139765729,12.837409973144531,14613800,12.845878115576822
2013-03-21 00:00:00+00:00,12.74426374679184,12.663818003025263,12.693455696105957,11593600,12.710391982190107
2013-03-22 00:00:00+00:00,12.790836463633243,12.714625601663823,12.773900985717773,6818400,12.727327008208789
2013-03-25 00:00:00+00:00,12.850112051905517,12.697688719990293,12.7442626953125,9150200,12.828941696047012
2013-03-26 00:00:00+00:00,12.828943156360019,12.778135911649246,12.82470989227295,8449600,12.807773605658296
2013-03-27 00:00:00+00:00,12.799305431189543,12.714626421022217,12.790837287902832,14460800,12.7357959716724
2013-03-28 00:00:00+00:00,12.828943625876823,12.74003054059561,12.816242218017578,14831800,12.761200092072102
2013-04-01 00:00:00+00:00,12.828940962096352,12.697687993548685,12.731559753417969,9260000,12.828940962096352
2013-04-02 00:00:00+00:00,12.83741092842015,12.752731920495508,12.782369613647461,8435600,12.778135542116244
2013-04-03 00:00:00+00:00,12.816238832354976,12.65958144708656,12.68075180053711,16947400,12.795068478904428
2013-04-04 00:00:00+00:00,12.710390540747149,12.625710735062787,12.684986114501953,11271400,12.680752851027565
2013-04-05 00:00:00+00:00,12.608780608938844,12.477526773674528,12.587610244750977,14025000,12.511398548808295
2013-04-08 00:00:00+00:00,12.642646789550781,12.549498843476883,12.642646789550781,12646000,12.596072816513832
2013-04-09 00:00:00+00:00,12.765431513287252,12.617242261021715,12.731559753417969,11940200,12.672284375538336
2013-04-10 00:00:00+00:00,12.968660723969561,12.756962044908205,12.95595932006836,21103800,12.765430185886588
2013-04-11 00:00:00+00:00,12.934794317123544,12.858583439498332,12.91362476348877,12486400,12.888221137613698
2013-04-12 00:00:00+00:00,12.89245330832862,12.77390172578578,12.85858154296875,11499000,12.854347471352943
2013-04-15 00:00:00+00:00,12.837410423196966,12.646882057189941,12.646882057189941,32840200,12.812006802576002
2013-04-16 00:00:00+00:00,12.820474607460762,12.706157106329112,12.80353832244873,16621000,12.740028868786654
2013-04-17 00:00:00+00:00,12.697690360572977,12.485991620034781,12.541033744812012,24093000,12.689222217135464
2013-04-18 00:00:00+00:00,12.600310668714997,12.375909685683936,12.409781455993652,31544800,12.596076596480444
2013-04-19 00:00:00+00:00,12.473290937675026,12.320868374902174,12.426717758178711,17220000,12.384377843354756
2013-04-22 00:00:00+00:00,12.557970165022548,12.409780874029453,12.52409839630127,14642600,12.46905707496669
2013-04-23 00:00:00+00:00,12.70616281090824,12.5452712613259,12.659588813781738,24907600,12.583377112144511
2013-04-24 00:00:00+00:00,12.714623558491576,12.566434314603379,12.68075180053711,11095800,12.579135719107297
2013-04-25 00:00:00+00:00,12.790838477647235,12.693457243491892,12.723094940185547,12937600,12.710393531640648
2013-04-26 00:00:00+00:00,12.756966612809311,12.668053523398193,12.71886157989502,10734200,12.701925291873856
2013-04-29 00:00:00+00:00,12.934790721511282,12.748496440124562,12.900918960571289,16512000,12.748496440124562
2013-04-30 00:00:00+00:00,13.044873948318333,12.888217359187763,13.040639877319336,26792000,12.917855048614278
2013-05-01 00:00:00+00:00,13.04064346990936,12.913624535212634,12.926326751708984,17378400,13.023707988814254
2013-05-02 00:00:00+00:00,13.108384261419314,12.939025448138674,13.091448783874512,12827000,12.943259519416506
2013-05-03 00:00:00+00:00,13.243871896883878,13.18459570755763,13.2142333984375,20859400,13.201531992384131
2013-05-06 00:00:00+00:00,13.294682635953968,13.23117316626922,13.27774715423584,14483000,13.248109455554072
2013-05-07 00:00:00+00:00,13.307381499003426,13.201532140350922,13.269275665283203,12561000,13.286211142733015
2013-05-08 00:00:00+00:00,13.379363772441291,13.231174457009425,13.375129699707031,16986800,13.25657808584818
2013-05-09 00:00:00+00:00,13.417464704020988,13.29891313359327,13.337018966674805,20527800,13.34972118022415
2013-05-10 00:00:00+00:00,13.396299255811527,13.315854296561005,13.375129699707031,9388600,13.362427481504255
2013-05-13 00:00:00+00:00,13.379359114414624,13.320082924338816,13.341253280639648,9465800,13.36242282937396
2013-05-14 00:00:00+00:00,13.430167686286952,13.328552388665226,13.383594512939453,14746800,13.328552388665226
2013-05-15 00:00:00+00:00,13.430165047715887,13.345486053450962,13.425930976867676,12837600,13.375123741822009
2013-05-16 00:00:00+00:00,13.578354323362648,13.455569498793105,13.497908592224121,18301800,13.459803569649495
2013-05-17 00:00:00+00:00,13.637636089675157,13.514851207578886,13.633402824401855,34379200,13.548722982733045
2013-05-20 00:00:00+00:00,13.679976818076382,13.586828830727327,13.633402824401855,16182200,13.599530241680874
2013-05-21 00:00:00+00:00,13.63340136228813,13.540253384928727,13.591060638427734,16769000,13.603763663152586
2013-05-22 00:00:00+00:00,13.67150128988286,13.387825023312377,13.442866325378418,28816800,13.612225917263064
2013-05-23 00:00:00+00:00,13.48521363493046,13.29891846600787,13.438639640808105,34028800,13.328556168606886
2013-05-24 00:00:00+00:00,13.425935407908396,13.324320096713919,13.417468070983887,10553400,13.349724530187569
2013-05-28 00:00:00+00:00,13.607995028318953,13.451338409738156,13.480976104736328,12611800,13.565655925502492
2013-05-29 00:00:00+00:00,13.489443408112077,13.34972227784732,13.447103500366211,16462000,13.413231735682833
2013-05-30 00:00:00+00:00,13.586826186258849,13.442870967980653,13.531784057617188,17675000,13.459807256044753
2013-05-31 00:00:00+00:00,13.599525661389865,13.39629507891253,13.404763221740723,13932600,13.480974892061361
2013-06-03 00:00:00+00:00,13.476740594475363,13.328551327735154,13.472506523132324,20009200,13.421699282148932
2013-06-04 00:00:00+00:00,13.56141838826952,13.37512411120194,13.413229942321777,18547200,13.485207533596308
2013-06-05 00:00:00+00:00,13.413231592983642,13.26504232123294,13.281978607177734,15854600,13.379359828660617
2013-06-06 00:00:00+00:00,13.332786448397755,13.171895762532515,13.311616897583008,29453600,13.286212467525392
2013-06-07 00:00:00+00:00,13.447104681529778,13.311617610895384,13.434402465820312,13022800,13.379361146212581
2013-06-10 00:00:00+00:00,13.519080970684904,13.44286929899178,13.464038848876953,12782000,13.485209206328689
2013-06-11 00:00:00+00:00,13.459806762649462,13.307383405926588,13.324318885803223,14615200,13.34125517324649
2013-06-12 00:00:00+00:00,13.421702014800974,13.205769177741397,13.235406875610352,17901400,13.396297581570412
2013-06-13 00:00:00+00:00,13.413234360845676,13.18883337117069,13.38783073425293,15217200,13.210003732970252
2013-06-14 00:00:00+00:00,13.413236504234348,13.273515324297193,13.286216735839844,11558600,13.37089658143618
2013-06-17 00:00:00+00:00,13.489442319499679,13.353955271700118,13.40899658203125,13176800,13.37089074889181
2013-06-18 00:00:00+00:00,13.548722390127725,13.425936705835136,13.514850616455078,12637600,13.434404851144993
2013-06-19 00:00:00+00:00,13.531782477376245,13.349722247348135,13.358189582824707,22447400,13.527549213421244
2013-06-20 00:00:00+00:00,13.28197928391873,13.032174706470947,13.061812400817871,31563000,13.218469015956348
2013-06-21 00:00:00+00:00,13.097982313602715,12.89372466717923,12.983087539672852,24222200,13.080960504882212
2013-06-24 00:00:00+00:00,12.915004522525468,12.740535006314353,12.825641632080078,22370400,12.86819535078528
2013-06-25 00:00:00+00:00,12.983089578284707,12.851173786565361,12.932024955749512,16527600,12.95755767283943
2013-06-26 00:00:00+00:00,13.063940332334639,12.970322001752185,13.008620262145996,40940600,13.05968487988593
2013-06-27 00:00:00+00:00,13.140541048019777,13.06394530969377,13.072455406188965,13088600,13.08522176839907
2013-06-28 00:00:00+00:00,13.085216465986656,12.919257882729665,13.017130851745605,18291200,12.966066235242547
2013-07-01 00:00:00+00:00,13.187343021781999,13.072448259637273,13.085214614868164,19152800,13.115001965429146
2013-07-02 00:00:00+00:00,13.195856832908161,13.029898236560614,13.106493949890137,28990400,13.076706592765666
2013-07-03 00:00:00+00:00,13.242666692641421,13.072451823074829,13.183091163635254,23194200,13.072451823074829
2013-07-05 00:00:00+00:00,13.276707010165499,13.127769433095326,13.268196105957031,28408200,13.259685201748566
2013-07-08 00:00:00+00:00,13.349049349479161,13.22564366158619,13.259686470031738,15658000,13.336282991945364
2013-07-09 00:00:00+00:00,13.332029322409529,13.246921884091423,13.310752868652344,24937800,13.315008321732718
2013-07-10 00:00:00+00:00,13.395860492651897,13.302242952847873,13.353306770324707,17662800,13.306498406245067
2013-07-11 00:00:00+00:00,13.59159993329799,13.47670518870279,13.57883358001709,20648400,13.489471541983692
2013-07-12 00:00:00+00:00,13.604368981431321,13.53628336967287,13.587347984313965,14418000,13.591603436504434
2013-07-15 00:00:00+00:00,13.638412136440197,13.54479462078694,13.625646591186523,9100000,13.595859236735238
2013-07-16 00:00:00+00:00,13.646922725744874,13.591603470419786,13.634157180786133,9948400,13.617135371981787
2013-07-17 00:00:00+00:00,13.697988784065176,13.62139225512403,13.64692497253418,10961000,13.676712331201369
2013-07-18 00:00:00+00:00,13.680965217407817,13.583091448126892,13.612878799438477,8532400,13.655432506302645
2013-07-19 00:00:00+00:00,13.485220350145882,13.349049118717648,13.383091926574707,27199000,13.472453992832774
2013-07-22 00:00:00+00:00,13.438410577109279,13.37883586896534,13.42138957977295,10077200,13.40862322303731
2013-07-23 00:00:00+00:00,13.459687310133752,13.361814341366344,13.366069793701172,9169000,13.438410860104156
2013-07-24 00:00:00+00:00,13.523516590039259,13.429898273685419,13.45543098449707,11583000,13.515005686435375
2013-07-25 00:00:00+00:00,13.480966246573592,13.400114265456558,13.463944435119629,9657600,13.44266798244682
2013-07-26 00:00:00+00:00,13.502239227294922,13.370323469025967,13.502239227294922,12054000,13.404366271535519
2013-07-29 00:00:00+00:00,13.523518372628685,13.451177305748987,13.480964660644531,7955400,13.47245375591879
2013-07-30 00:00:00+00:00,13.604371503908517,13.519264879252523,13.549052238464355,11122600,13.532030426546356
2013-07-31 00:00:00+00:00,13.625644893669817,13.480962780093117,13.502239227294922,13681800,13.574580284083273
2013-08-01 00:00:00+00:00,13.659690519594603,13.587350255199798,13.64692497253418,15494600,13.59160570810149
2013-08-02 00:00:00+00:00,13.715007142368918,13.621388825393172,13.706496238708496,8849800,13.646921536374437
2013-08-05 00:00:00+00:00,13.75330797383991,13.672456808852004,13.736286163330078,8738200,13.676711449834864
2013-08-06 00:00:00+00:00,13.73628353661018,13.625645036031507,13.66394329071045,9372400,13.73628353661018
2013-08-07 00:00:00+00:00,13.668200146874481,13.574582626728203,13.629901885986328,10500000,13.634158150134539
2013-08-08 00:00:00+00:00,13.702245053685544,13.591605713134546,13.672457695007324,10117000,13.69373414787901
2013-08-09 00:00:00+00:00,13.680965533278437,13.561815313636673,13.604368209838867,7339200,13.651178181279112
2013-08-12 00:00:00+00:00,13.706496852401148,13.527772737396802,13.693731307983398,9966200,13.527772737396802
2013-08-13 00:00:00+00:00,13.812878879015532,13.64266569071392,13.787347793579102,9431000,13.710751290692315
2013-08-14 00:00:00+00:00,13.817137384301537,13.727773700906221,13.774582862854004,10591400,13.78309376714351
2013-08-15 00:00:00+00:00,13.638407439287157,13.53202360337495,13.553300857543945,14072200,13.638407439287157
2013-08-16 00:00:00+00:00,13.608625357898836,13.510752385804242,13.540539741516113,14471200,13.553306098954588
2013-08-19 00:00:00+00:00,13.634158845647187,13.497986793518066,13.497986793518066,9623600,13.549051414522063
2013-08-20 00:00:00+00:00,13.583093431310568,13.485220459384264,13.51926326751709,6635800,13.53628426576122
2013-08-21 00:00:00+00:00,13.59160655231724,13.455435297583707,13.48947811126709,12131600,13.519265471784463
2013-08-22 00:00:00+00:00,13.566073238737687,13.463944802163695,13.549052238464355,12098200,13.527775785211523
2013-08-23 00:00:00+00:00,13.676712331201369,13.608626708063605,13.64692497253418,10137000,13.663946784140945
2013-08-26 00:00:00+00:00,13.702244841374133,13.578839144025462,13.583094596862793,13585400,13.638413860458813
2013-08-27 00:00:00+00:00,13.50224196251144,13.31500691660199,13.344794273376465,13703000,13.455433606856376
2013-08-28 00:00:00+00:00,13.42139321303506,13.319263954791902,13.353306770324707,9001200,13.32777486158629
2013-08-29 00:00:00+00:00,13.493731449035462,13.36181566021353,13.42564582824707,9575400,13.37883747123294
2013-08-30 00:00:00+00:00,13.455431867726098,13.32777074022135,13.36181354522705,14343200,13.455431867726098
2013-09-03 00:00:00+00:00,13.47245334976256,13.32351576813034,13.374580383300781,14790000,13.417134094002062
2013-09-04 00:00:00+00:00,13.523516486141164,13.387344464458526,13.502239227294922,14321200,13.404366271535519
2013-09-05 00:00:00+00:00,13.557558016645755,13.48947241801462,13.510748863220215,7428000,13.519259765960197
2013-09-06 00:00:00+00:00,13.578837978838393,13.408623938174264,13.51926326751709,10285800,13.553306075649916
2013-09-09 00:00:00+00:00,13.710753731095208,13.587348051891427,13.6809663772583,11429200,13.600113596881805
2013-09-10 00:00:00+00:00,13.795862494517795,13.71501132004934,13.766075134277344,13548800,13.761820492795588
2013-09-11 00:00:00+00:00,13.73628580176606,13.64266909300454,13.70224380493164,18665400,13.651179998035433
2013-09-12 00:00:00+00:00,13.76181885651168,13.676711427391378,13.715009689331055,12104600,13.710755048355177
2013-09-13 00:00:00+00:00,13.757563598708467,13.68096707826336,13.727774620056152,7982400,13.74054178898975
2013-09-16 00:00:00+00:00,13.834156547037038,13.668197983881045,13.706496238708496,16322400,13.834156547037038
2013-09-17 00:00:00+00:00,13.804370216222772,13.723519060405975,13.774582862854004,12802800,13.727773700906221
2013-09-18 00:00:00+00:00,13.966074619819176,13.78309422967685,13.949052810668945,17652600,13.817137847977314
2013-09-19 00:00:00+00:00,14.00437543334873,13.949055355163885,13.957566261291504,13298400,13.970333432127616
2013-09-20 00:00:00+00:00,14.016573915182777,13.845536767731069,13.85836410522461,15559200,14.008021813138189
2013-09-23 00:00:00+00:00,13.98236432334695,13.82842977982646,13.90112018585205,16087000,13.948155922055129
2013-09-24 00:00:00+00:00,13.905397990189613,13.785671839879525,13.84125804901123,9495000,13.875466452612091
2013-09-25 00:00:00+00:00,13.875464503306269,13.777117803489803,13.819876670837402,9182600,13.858360303908736
2013-09-26 00:00:00+00:00,13.935327140272502,13.828428344054132,13.871187210083008,10130600,13.875464075373603
2013-09-27 00:00:00+00:00,13.811325904557766,13.738635496819679,13.78567123413086,12399000,13.789946468819881
2013-09-30 00:00:00+00:00,13.751462413921542,13.601803921587113,13.700151443481445,15044200,13.640287557203772
2013-10-01 00:00:00+00:00,13.84980820420997,13.700150537347138,13.819876670837402,16354000,13.712977871322172
2013-10-02 00:00:00+00:00,13.84125837855628,13.721532225395645,13.824155807495117,16256000,13.742911662581973
2013-10-03 00:00:00+00:00,13.836983799463395,13.636013491863437,13.704428672790527,12985200,13.832706933135501
2013-10-04 00:00:00+00:00,13.781392058803059,13.683045365972664,13.76001262664795,10681600,13.69159746506393
2013-10-07 00:00:00+00:00,13.781393949273793,13.657391757732585,13.700151443481445,9135400,13.661667807864788
2013-10-08 00:00:00+00:00,13.708704328791844,13.469250401114865,13.482078552246094,16185400,13.69160012728354
2013-10-09 00:00:00+00:00,13.584701836087556,13.417939127272488,13.533390045166016,20539800,13.520562709115568
2013-10-10 00:00:00+00:00,13.777116824830482,13.640285686089387,13.76001262664795,16409600,13.648837785180655
2013-10-11 00:00:00+00:00,13.87546443939209,13.721529907815825,13.87546443939209,17817200,13.734357241731772
2013-10-14 00:00:00+00:00,13.935332717436296,13.772846025433429,13.922505378723145,14279600,13.794225467004292
2013-10-15 00:00:00+00:00,13.956708876607367,13.83270586105436,13.836982727050781,14500600,13.888293700982683
2013-10-16 00:00:00+00:00,13.99091593960321,13.888292370424734,13.969534873962402,16384400,13.896844470451798
2013-10-17 00:00:00+00:00,13.98664039262256,13.849810041582291,13.9738130569458,14842200,13.879741578925696
2013-10-18 00:00:00+00:00,14.221821613238227,14.072163882779678,14.213271141052246,15869400,14.1191996355372
2013-10-21 00:00:00+00:00,14.32871534039133,14.260300169310852,14.290231704711914,10803000,14.273129135301554
2013-10-22 00:00:00+00:00,14.354370595171966,14.2089881633272,14.285955429077148,32716200,14.341543261262384
2013-10-23 00:00:00+00:00,14.247472275192921,14.15340080697009,14.217540740966797,10266600,14.217540740966797
2013-10-24 00:00:00+00:00,14.294513646170582,14.196166904767736,14.251754760742188,7067200,14.234650554112061
2013-10-25 00:00:00+00:00,14.388578980548417,14.281680181677022,14.32443904876709,6762600,14.354370581959383
2013-10-28 00:00:00+00:00,14.384306372117793,14.303063848144838,14.371479034423828,10021000,14.362926932245616
2013-10-29 00:00:00+00:00,14.499752420339943,14.397128859918425,14.465545654296875,9950000,14.452716689777837
2013-10-30 00:00:00+00:00,14.504027842648014,14.375749613815945,14.435612678527832,11149000,14.495477374385896
2013-10-31 00:00:00+00:00,14.46982282977101,14.371476121376164,14.388580322265625,57424000,14.405682892008713
2013-11-01 00:00:00+00:00,14.474095275051901,14.33726495659814,14.392852783203125,9270400,14.44844060980811
2013-11-04 00:00:00+00:00,14.461273611454105,14.392858425407503,14.448446273803711,11953400,14.435617305006618
2013-11-05 00:00:00+00:00,14.452722490289476,14.358652622557056,14.409963607788086,9023800,14.392859402328806
2013-11-06 00:00:00+00:00,14.559616001134081,14.465546167816592,14.555340766906738,10501600,14.482648735872182
2013-11-07 00:00:00+00:00,14.581000428599298,14.350100184875792,14.367202758789062,21070600,14.555345752156004
2013-11-08 00:00:00+00:00,14.504029099068726,14.328715123877439,14.495478630065918,17894400,14.397130293924128
2013-11-11 00:00:00+00:00,14.525412700641317,14.452720652257428,14.51258373260498,15659800,14.491204294073226
2013-11-12 00:00:00+00:00,14.580997936787162,14.448444448091411,14.551066398620605,9419400,14.448444448091411
2013-11-13 00:00:00+00:00,14.679346675181582,14.48265160765043,14.675069808959961,13496800,14.491203708947136
2013-11-14 00:00:00+00:00,14.649410662129522,14.559616062659924,14.63658332824707,16957000,14.580995496179415
2013-11-15 00:00:00+00:00,14.679343361289643,14.619478665727282,14.66651439666748,15412600,14.628030765093333
2013-11-18 00:00:00+00:00,14.696447909501133,14.580996999219488,14.610928535461426,10479800,14.692172674815023
2013-11-19 00:00:00+00:00,14.666513927126955,14.533960469062206,14.559615135192871,8898200,14.593823531561915
2013-11-20 00:00:00+00:00,14.645138861336424,14.478376957183494,14.51258373260498,8652200,14.572448444099138
2013-11-21 00:00:00+00:00,14.640860193638702,14.551063963022884,14.63658332824707,10782000,14.551063963022884
2013-11-22 00:00:00+00:00,14.636583793935518,14.585272825626944,14.60665225982666,6221800,14.636583793935518
2013-11-25 00:00:00+00:00,14.645135893844659,14.57244549133637,14.60665225982666,18360800,14.632308559554083
2013-11-26 00:00:00+00:00,14.69644260725125,14.598095933488787,14.657958984375,10631800,14.610923264065605
2013-11-27 00:00:00+00:00,14.781971483136271,14.687899981852004,14.773419380187988,13210800,14.687899981852004
2013-11-29 00:00:00+00:00,14.876038203329932,14.794794067006157,14.833277702331543,8466000,14.799070932679161
2013-12-02 00:00:00+00:00,14.876037083664999,14.752034086822418,14.786242485046387,9883200,14.846105550792128
2013-12-03 00:00:00+00:00,14.837550209779646,14.734926668673394,14.820446014404297,11455800,14.734926668673394
2013-12-04 00:00:00+00:00,14.888865538056283,14.734930996754741,14.833277702331543,13147800,14.77769149775313
2013-12-05 00:00:00+00:00,14.8717602183139,14.764861420583303,14.786242485046387,8537400,14.8717602183139
2013-12-06 00:00:00+00:00,14.923074827396075,14.841830686234909,14.888866424560547,8796600,14.888866424560547
2013-12-09 00:00:00+00:00,14.978657643538483,14.901690385733326,14.935898780822754,7997200,14.931621915863547
2013-12-10 00:00:00+00:00,14.940171609816733,14.888860656587829,14.905964851379395,16249800,14.931619512420951
2013-12-11 00:00:00+00:00,14.957280599437944,14.747759855085826,14.769139289855957,15075400,14.927349064530498
2013-12-12 00:00:00+00:00,14.773414518968638,14.666515714010622,14.670792579650879,11008200,14.773414518968638
2013-12-13 00:00:00+00:00,14.743482544709671,14.623756408691406,14.623756408691406,9705400,14.743482544709671
2013-12-16 00:00:00+00:00,14.807622924900718,14.683619919629121,14.769139289855957,12029000,14.700724119903752
2013-12-17 00:00:00+00:00,14.811899707995218,14.743484530890138,14.764863967895508,11153800,14.756311866864063
2013-12-18 00:00:00+00:00,14.888867882185783,14.551067211273061,14.880315780639648,34219600,14.752037519740785
2013-12-19 00:00:00+00:00,14.931619512420951,14.8503770338797,14.905964851379395,17322600,14.87603332606705
2013-12-20 00:00:00+00:00,15.056793140766027,14.927882571793791,15.022416114807129,17653800,14.945069445586423
2013-12-23 00:00:00+00:00,15.224383093588983,15.12555156346776,15.220085144042969,14570800,15.159926963898526
2013-12-24 00:00:00+00:00,15.263054847717285,15.22008355268741,15.263054847717285,5228200,15.224381501784045
2013-12-26 00:00:00+00:00,15.318917721415447,15.26735216398063,15.301729202270508,7160400,15.293134942698039
2013-12-27 00:00:00+00:00,15.340401347062757,15.271648915065093,15.288837432861328,7649000,15.340401347062757
2013-12-30 00:00:00+00:00,15.284537503578589,15.237269905356493,15.25875473022461,9277600,15.275943245793929
2013-12-31 00:00:00+00:00,15.366184249726219,15.275946979711092,15.35759162902832,13689400,15.29313549948182
2014-01-02 00:00:00+00:00,15.30602393708952,15.181411284082996,15.207192420959473,17105000,15.30602393708952
2014-01-03 00:00:00+00:00,15.24586495429543,15.125548617440746,15.134142875671387,10409600,15.24586495429543
2014-01-06 00:00:00+00:00,15.164225021735112,15.052501281365473,15.108363151550293,9049400,15.116957411516225
2014-01-07 00:00:00+00:00,15.267350649043971,15.147034305342867,15.245865821838379,14323600,15.177113391268144
2014-01-08 00:00:00+00:00,15.297429734969246,15.194301908707512,15.245865821838379,9392800,15.254460080558065
2014-01-09 00:00:00+00:00,15.310318430222168,15.108357494610592,15.1470308303833,12683800,15.310318430222168
2014-01-10 00:00:00+00:00,15.22008318783253,15.099766843007693,15.17711353302002,25920200,15.190004101626322
2014-01-13 00:00:00+00:00,15.237270252826017,14.966558502777746,15.013824462890625,12890600,15.164221518771212
2014-01-14 00:00:00+00:00,15.275942546881197,15.05679472055367,15.267348289489746,12838800,15.073983235336572
2014-01-15 00:00:00+00:00,15.49079890005757,15.331809186649455,15.452125549316406,19348000,15.353294017241767
2014-01-16 00:00:00+00:00,15.473610387569535,15.413452206206275,15.447829246520996,13862600,15.460719817045266
2014-01-17 00:00:00+00:00,15.452121364689306,15.32750708613849,15.361884117126465,12677400,15.42204228216836
2014-01-21 00:00:00+00:00,15.482201525098096,15.310321275752914,15.439231872558594,12588400,15.482201525098096
2014-01-22 00:00:00+00:00,15.447825620864425,15.383369504996141,15.422042846679688,8431800,15.422042846679688
2014-01-23 00:00:00+00:00,15.391961097717287,15.288833297210642,15.391961097717285,12836000,15.353287762730586
2014-01-24 00:00:00+00:00,15.353287754077671,15.091168665891857,15.095466613769531,30993400,15.327504984372124
2014-01-27 00:00:00+00:00,15.125544714197785,14.88061415498541,14.953662872314453,16028000,15.116950458184947
2014-01-28 00:00:00+00:00,14.889212798830028,14.777489076925008,14.86343002319336,26291000,14.820460369652789
2014-01-29 00:00:00+00:00,14.83335076582818,14.691547960252063,14.74740982055664,22438800,14.738815562110767
2014-01-30 00:00:00+00:00,14.979446092967391,14.846237579523484,14.927882194519043,16659800,14.923584246789394
2014-01-31 00:00:00+00:00,15.035312534676315,14.803272461955727,14.962262153625488,21887000,14.807568771811763
2014-02-03 00:00:00+00:00,14.983749461438064,14.592719632323215,14.648581504821777,31951600,14.92788922812705
2014-02-04 00:00:00+00:00,14.743113460161993,14.631389739937536,14.704440116882324,11451400,14.674361032018936
2014-02-05 00:00:00+00:00,14.760298673317166,14.575526236171536,14.717329025268555,18406200,14.674359377219943
2014-02-06 00:00:00+00:00,14.884916312847995,14.730222922199191,14.880620002746582,18279400,14.730222922199191
2014-02-07 00:00:00+00:00,15.08687756209238,14.910699339624353,15.082579612731934,20929600,14.975153827344421
2014-02-10 00:00:00+00:00,15.138440323627902,15.043905115168796,15.11265754699707,13517400,15.082578460521406
2014-02-11 00:00:00+00:00,15.34040324560955,15.159927064787684,15.297431945800781,14082800,15.17711558471119
2014-02-12 00:00:00+00:00,15.383372769496948,15.323214589486863,15.35759162902832,16095600,15.336105159721177
2014-02-13 00:00:00+00:00,15.482206100603637,15.250167613453213,15.469315528869629,13828600,15.271652446072444
2014-02-14 00:00:00+00:00,15.529465865713995,15.417743809057034,15.49938678741455,24752600,15.456417143897294
2014-02-18 00:00:00+00:00,15.546653679781103,15.46501070509445,15.507980346679688,11893000,15.516574602834087
2014-02-19 00:00:00+00:00,15.546653359045328,15.422039106157541,15.456416130065918,17223400,15.477900950415293
2014-02-20 00:00:00+00:00,15.542355732110527,15.387664038891618,15.507980346679688,13394000,15.456416448940052
2014-02-21 00:00:00+00:00,15.581036179771784,15.443531296887905,15.447829246520996,12745200,15.555255038723246
2014-02-24 00:00:00+00:00,15.58532701288252,15.430633680476856,15.507980346679688,15690400,15.430633680476856
2014-02-25 00:00:00+00:00,15.538061277602312,15.426339212638151,15.465012550354004,11223200,15.533764968605862
2014-02-26 00:00:00+00:00,15.538065357654734,15.417749003917532,15.477907180786133,11641400,15.473609231474159
2014-02-27 00:00:00+00:00,15.611119018624976,15.460721905711427,15.602524757385254,10898800,15.473612477977149
2014-02-28 00:00:00+00:00,15.662675532377582,15.443526072476361,15.619704246520996,19402000,15.593923114193991
2014-03-03 00:00:00+00:00,15.49079890005757,15.327511237018491,15.452125549316406,18054600,15.426344408280631
2014-03-04 00:00:00+00:00,15.697054816633038,15.59822329342121,15.654085159301758,23209800,15.61970812208685
2014-03-05 00:00:00+00:00,15.705647665896333,15.64548949535855,15.675568580627441,17861600,15.688459148832049
2014-03-06 00:00:00+00:00,15.727134906536016,15.662680416432874,15.69705581665039,17330800,15.69705581665039
2014-03-07 00:00:00+00:00,15.748619150212186,15.585331514488761,15.649785995483398,14394800,15.740024891575455
2014-03-10 00:00:00+00:00,15.675568275014015,15.563846194648743,15.624004364013672,15115400,15.641192880742846
2014-03-11 00:00:00+00:00,15.705646333818695,15.546656662426841,15.58962631225586,18913200,15.649784477691314
2014-03-12 00:00:00+00:00,15.632595503350977,15.473604214108954,15.61540699005127,12712200,15.525169754008077
2014-03-13 00:00:00+00:00,15.662678575826197,15.348995504461953,15.404855728149414,18794800,15.65838062681192
2014-03-14 00:00:00+00:00,15.426340879873692,15.297428647430406,15.310320854187012,17879600,15.374775331221526
2014-03-17 00:00:00+00:00,15.533775032305511,15.38337789300237,15.490803718566895,32889800,15.413456993025395
2014-03-18 00:00:00+00:00,15.709943259971272,15.499388055462232,15.692754745483398,13728000,15.499388055462232
2014-03-19 00:00:00+00:00,15.735728357998312,15.52947104972685,15.628302574157715,15578800,15.662679611796646
2014-03-20 00:00:00+00:00,15.791589689669966,15.585332388384918,15.74862003326416,11791000,15.611115165740795
2014-03-21 00:00:00+00:00,15.855217526473696,15.639441576526389,15.669650077819824,18219400,15.820692584286999
2014-03-24 00:00:00+00:00,15.777531924055417,15.527231129150053,15.656696319580078,20708200,15.717113298698141
2014-03-25 00:00:00+00:00,15.78617003200893,15.6264946362331,15.7516450881958,15252600,15.686911641666146
2014-03-26 00:00:00+00:00,15.855211445104034,15.561756134033203,15.561756134033203,15026800,15.82500130915804
2014-03-27 00:00:00+00:00,15.579020216062531,15.423662941982963,15.505657196044922,25854800,15.553128160169054
2014-03-28 00:00:00+00:00,15.665331094656857,15.50134093836311,15.56607437133789,12711600,15.553128343238768
2014-03-31 00:00:00+00:00,15.74732449030905,15.643751343277222,15.686905860900879,14567000,15.665328602089051
2014-04-01 00:00:00+00:00,15.872477531433105,15.712803797667215,15.872477531433105,14048400,15.717118592097746
2014-04-02 00:00:00+00:00,15.928583078588831,15.820695086551183,15.881112098693848,21009400,15.91563704634115
2014-04-03 00:00:00+00:00,15.937207433886206,15.755954829482157,15.803425788879395,15525200,15.902682501146616
2014-04-04 00:00:00+00:00,15.91130662172081,15.45817778262569,15.50133228302002,20191600,15.88541457997968
2014-04-07 00:00:00+00:00,15.522921330511915,15.320091424294954,15.380508422851562,22362600,15.436610627042587
2014-04-08 00:00:00+00:00,15.540174857019611,15.363238738799202,15.518597602844238,14659400,15.410709685728404
2014-04-09 00:00:00+00:00,15.73006259444744,15.522917939121111,15.725746154785156,13313800,15.570388897969945
2014-04-10 00:00:00+00:00,15.751640373471737,15.337351049157343,15.363243103027344,16173600,15.725746673362298
2014-04-11 00:00:00+00:00,15.380506443261973,15.17767656315078,15.190624237060547,28508800,15.259672461701022
2014-04-14 00:00:00+00:00,15.397763630979476,15.233773536351888,15.34166145324707,9984600,15.289875714084294
2014-04-15 00:00:00+00:00,15.4581836720121,15.160413554871512,15.419343948364258,17178600,15.367558198913567
2014-04-16 00:00:00+00:00,15.574704541277981,15.397768368975006,15.570389747619629,27999400,15.505656319068027
2014-04-17 00:00:00+00:00,15.609222203695893,15.415025280508651,15.548805236816406,15763400,15.4970195003824
2014-04-21 00:00:00+00:00,15.62648678268882,15.518598856854892,15.609224319458008,7052000,15.561755014931924
2014-04-22 00:00:00+00:00,15.708487530244502,15.5876518964035,15.673962593078613,10957000,15.617860393303847
2014-04-23 00:00:00+00:00,15.64806844217775,15.501340755902964,15.505657196044922,22848200,15.64806844217775
2014-04-24 00:00:00+00:00,15.764586077895183,15.522918133442209,15.626489639282227,10021400,15.760271284418268
2014-04-25 00:00:00+00:00,15.57038756528498,15.393449771542011,15.427974700927734,12804000,15.531547842845663
2014-04-28 00:00:00+00:00,15.626488967245633,15.371873360833165,15.574703216552734,24138200,15.479761301749646
2014-04-29 00:00:00+00:00,15.717116635507903,15.58333662369848,15.68259334564209,10952200,15.613545119670901
2014-04-30 00:00:00+00:00,15.768894562001405,15.61785052668255,15.73005485534668,18331200,15.661006670875897
2014-05-01 00:00:00+00:00,15.825003706631454,15.708486169389733,15.747325897216797,9955400,15.72574699023773
2014-05-02 00:00:00+00:00,15.790479960067465,15.691223246556614,15.704169273376465,13440200,15.786165166540655
2014-05-05 00:00:00+00:00,15.786165237426758,15.609227423484006,15.786165237426758,8164400,15.66532961702099
2014-05-06 00:00:00+00:00,15.755951964441714,15.604909526769855,15.609224319458008,9399800,15.755951964441714
2014-05-07 00:00:00+00:00,15.656699570209865,15.44092365928089,15.617859840393066,13653800,15.635122308364878
2014-05-08 00:00:00+00:00,15.79911003328028,15.557440457538423,15.66101360321045,7574800,15.579017716066966
2014-05-09 00:00:00+00:00,15.686906602627342,15.566072630576235,15.678277015686035,14877000,15.648066876433857
2014-05-12 00:00:00+00:00,15.898368362751967,15.743009451501186,15.889737129211426,11186800,15.751640685041725
2014-05-13 00:00:00+00:00,15.94152048940663,15.855211459445908,15.89836597442627,11488200,15.911311999672533
2014-05-14 00:00:00+00:00,15.902680204144017,15.79047748142585,15.825000762939453,10223200,15.872471715479929
2014-05-15 00:00:00+00:00,15.86383478674962,15.665321462175946,15.73005485534668,14576600,15.850888766610904
2014-05-16 00:00:00+00:00,15.837953095745819,15.678279373488445,15.82932186126709,11607400,15.725748693761984
2014-05-19 00:00:00+00:00,15.954463113210855,15.773210585911817,15.932884216308594,6597000,15.773210585911817
2014-05-20 00:00:00+00:00,15.963098822597537,15.790477476367323,15.842263221740723,8474200,15.950151151574815
2014-05-21 00:00:00+00:00,15.954469790512537,15.855213078928056,15.950153350830078,8322800,15.855213078928056
2014-05-22 00:00:00+00:00,16.03215316459655,15.9285799879909,15.980365753173828,6350000,15.950157252963805
2014-05-23 00:00:00+00:00,16.122774604645343,15.993309401174425,16.11414337158203,6624200,16.019201454124982
2014-05-27 00:00:00+00:00,16.25655020484266,16.148662290089295,16.252235412597656,11349000,16.15297872857323
2014-05-28 00:00:00+00:00,16.273817243793932,16.196137791622743,16.20908546447754,13553800,16.260871217178533
2014-05-29 00:00:00+00:00,16.30833827399233,16.226342401743903,16.30402183532715,9328000,16.265182118535527
2014-05-30 00:00:00+00:00,16.342864413538162,16.252238940570056,16.321287155151367,12438400,16.30834112936715
2014-06-02 00:00:00+00:00,16.360130239507043,16.226348576044092,16.29539680480957,10923000,16.3471842110634
2014-06-03 00:00:00+00:00,16.308342366308334,16.217716886466544,16.269502639770508,11338600,16.269502639770508
2014-06-04 00:00:00+00:00,16.321286577691733,16.200452618009454,16.29970932006836,6998400,16.2436071332562
2014-06-05 00:00:00+00:00,16.424862870738867,16.256556278006524,16.40760040283203,11335200,16.355814645351067
2014-06-06 00:00:00+00:00,16.493910426820396,16.43780823151952,16.4809627532959,9597800,16.493910426820396
2014-06-09 00:00:00+00:00,16.558633587719402,16.472322942867475,16.53274154663086,12784000,16.50253306786848
2014-06-10 00:00:00+00:00,16.56295336789935,16.50685119048804,16.5413761138916,7189400,16.53274488304071
2014-06-11 00:00:00+00:00,16.54569510735186,16.459384423166572,16.502540588378906,8509400,16.472330449610585
2014-06-12 00:00:00+00:00,16.562956341170526,16.30834074719871,16.360126495361328,9636000,16.511168946768656
2014-06-13 00:00:00+00:00,16.485278989723938,16.3860222738719,16.45507049560547,14663400,16.459385289234053
2014-06-16 00:00:00+00:00,16.502541456717196,16.39896830099711,16.45507049560547,14128800,16.424862001487
2014-06-17 00:00:00+00:00,16.52411450754051,16.4248578169758,16.493906021118164,14075200,16.442118633332107
2014-06-18 00:00:00+00:00,16.58886004400481,16.407608975006827,16.580228805541992,26070600,16.528443021005483
2014-06-19 00:00:00+00:00,16.606114789268407,16.485280799529,16.550012588500977,11837400,16.606114789268407
2014-06-20 00:00:00+00:00,16.569950696800547,16.4789057576511,16.51358985900879,10854400,16.561279671461126
2014-06-23 00:00:00+00:00,16.561279296875,16.483241724414242,16.561279296875,7534200,16.496247435214723
2014-06-24 00:00:00+00:00,16.639323182646255,16.435558149038307,16.474576950073242,16942600,16.552614552143112
2014-06-25 00:00:00+00:00,16.565625162911335,16.42255728606067,16.539613723754883,10223800,16.43989769422162
2014-06-26 00:00:00+00:00,16.56128136434357,16.426882938587877,16.522262573242188,22704600,16.552610338117805
2014-06-27 00:00:00+00:00,16.621978759765625,16.500587686638077,16.621978759765625,21766600,16.50925871383709
2014-06-30 00:00:00+00:00,16.682675015516647,16.595966393617832,16.626314163208008,8980800,16.608973761891768
2014-07-01 00:00:00+00:00,16.847415576909185,16.673998391319007,16.795391082763672,14977800,16.687005755227023
2014-07-02 00:00:00+00:00,16.834412996482435,16.786723178887772,16.812734603881836,9940000,16.825741970208025
2014-07-03 00:00:00+00:00,16.895105579815763,16.81706801078617,16.88643455505371,4386000,16.8734271909962
2014-07-07 00:00:00+00:00,16.916787605165037,16.843084698553053,16.90378189086914,20964400,16.88643983592169
2014-07-08 00:00:00+00:00,16.895112254740205,16.660999455158098,16.752042770385742,13847800,16.895112254740205
2014-07-09 00:00:00+00:00,16.84308290116158,16.743368576598705,16.834413528442383,14236200,16.778052682792335
2014-07-10 00:00:00+00:00,16.860417674276622,16.56994585255617,16.78671646118164,8843800,16.56994585255617
2014-07-11 00:00:00+00:00,16.873430252075195,16.78238695630042,16.873430252075195,6522600,16.82574208797591
2014-07-14 00:00:00+00:00,17.01650783448301,16.934135525694874,16.994831085205078,8418200,16.951475932819246
2014-07-15 00:00:00+00:00,17.055515094626898,16.869092200189332,16.9644718170166,14829000,17.033838360028568
2014-07-16 00:00:00+00:00,17.16389980859106,17.085862243760413,17.120546340942383,16129600,17.12488102617574
2014-07-17 00:00:00+00:00,17.124892118344086,16.847425776482424,16.899450302124023,11341400,17.10321537047924
2014-07-18 00:00:00+00:00,17.11621998102749,16.955810072610202,17.103214263916016,9541000,16.977486819072578
2014-07-21 00:00:00+00:00,17.129229251980682,17.01217446603226,17.081541061401367,12363200,17.09454678121117
2014-07-22 00:00:00+00:00,17.237603642404814,17.150896693988713,17.224597930908203,9579600,17.181244456700153
2014-07-23 00:00:00+00:00,17.3026413069615,17.189921243942187,17.25495147705078,10946800,17.26362250556451
2014-07-24 00:00:00+00:00,17.306973583424817,17.207259250151612,17.241943359375,23319200,17.306973583424817
2014-07-25 00:00:00+00:00,17.241939263666595,17.13788861454233,17.22026252746582,9499000,17.189914766018944
2014-07-28 00:00:00+00:00,17.28529662121064,17.116215725480462,17.250614166259766,15524400,17.233272111869663
2014-07-29 00:00:00+00:00,17.37634054417565,17.20725800469383,17.21592903137207,14624800,17.37634054417565
2014-07-30 00:00:00+00:00,17.2939623483792,17.15089457807971,17.233266830444336,15524600,17.2939623483792
2014-07-31 00:00:00+00:00,17.142235885810805,16.882109924030374,16.908123016357422,34833000,17.124893824259438
2014-08-01 00:00:00+00:00,16.934126374765647,16.73469608921966,16.81707000732422,31014800,16.864759822262844
2014-08-04 00:00:00+00:00,16.98181669169158,16.78238803465749,16.93846321105957,12667400,16.869096649750787
2014-08-05 00:00:00+00:00,16.890769484873754,16.708682923723096,16.77804946899414,24586800,16.834410303848394
2014-08-06 00:00:00+00:00,16.808402631896133,16.643656413737332,16.726030349731445,18281800,16.665333156009154
2014-08-07 00:00:00+00:00,16.825752251624778,16.600310392220866,16.65666961669922,13730000,16.795404468034842
2014-08-08 00:00:00+00:00,16.778056350293376,16.59596806063271,16.76504898071289,12045600,16.647994231295513
2014-08-11 00:00:00+00:00,16.89510190828823,16.808393333339495,16.847412109375,13015400,16.843075771021883
2014-08-12 00:00:00+00:00,16.882104324903157,16.75637855492907,16.8387508392334,13409800,16.83007981133355
2014-08-13 00:00:00+00:00,17.00349235534668,16.877764966342678,17.00349235534668,10985400,16.877764966342678
2014-08-14 00:00:00+00:00,17.033838272094727,16.96013539024627,17.033838272094727,9229200,17.01649622297405
2014-08-15 00:00:00+00:00,17.116210524674692,16.912445582078824,17.033838272094727,17821800,17.07285705570183
2014-08-18 00:00:00+00:00,17.202923040698487,17.103208716251487,17.194252014160156,8496000,17.150898535297706
2014-08-19 00:00:00+00:00,17.30697178650792,17.220264830110615,17.302637100219727,10095600,17.241941569209942
2014-08-20 00:00:00+00:00,17.332984865724622,17.26361830830927,17.302637100219727,14010600,17.276624021003027
2014-08-21 00:00:00+00:00,17.41102284543318,17.302637493642926,17.385009765625,6909000,17.302637493642926
2014-08-22 00:00:00+00:00,17.424031442086253,17.350330184509406,17.38934898376465,8815400,17.398020011802423
2014-08-25 00:00:00+00:00,17.47605525129476,17.372004582716308,17.406688690185547,6861400,17.471718910946468
2014-08-26 00:00:00+00:00,17.437032163769434,17.39367704010826,17.415353775024414,6704600,17.432695824488885
2014-08-27 00:00:00+00:00,17.432704654220707,17.36333807505725,17.411027908325195,8661400,17.41969893744934
2014-08-28 00:00:00+00:00,17.41102284543318,17.31997954684838,17.385009765625,7056600,17.350327313043316
2014-08-29 00:00:00+00:00,17.46739290683478,17.367678529040223,17.463056564331055,15368000,17.415366719770592
2014-09-02 00:00:00+00:00,17.502068703380914,17.415360078503287,17.46738624572754,11377600,17.502068703380914
2014-09-03 00:00:00+00:00,17.532411483322186,17.350324911357575,17.37200164794922,13783200,17.532411483322186
2014-09-04 00:00:00+00:00,17.489062072558248,17.31131014509154,17.36333465576172,10426400,17.40668979284468
2014-09-05 00:00:00+00:00,17.471720932748163,17.354664537237788,17.46738624572754,14050400,17.398019676591332
2014-09-08 00:00:00+00:00,17.536749984039623,17.419693607424772,17.49339485168457,12772200,17.45871239962972
2014-09-09 00:00:00+00:00,17.575775535092422,17.319985944234684,17.36767578125,17125400,17.50207260866062
2014-09-10 00:00:00+00:00,17.493392663675706,17.324311803211994,17.471715927124023,14459600,17.37200161592309
2014-09-11 00:00:00+00:00,17.51940940000076,17.376341585806646,17.510738372802734,20644400,17.437037122363503
2014-09-12 00:00:00+00:00,17.506403075618095,17.380675666375186,17.437036514282227,11111400,17.49773204872245
2014-09-15 00:00:00+00:00,17.4673775868991,17.302631446681573,17.332979202270508,13764400,17.4673775868991
2014-09-16 00:00:00+00:00,17.484734969189514,17.250622088890932,17.463056564331055,23821200,17.280969871096662
2014-09-17 00:00:00+00:00,17.562760469434473,17.393679596874172,17.497730255126953,15309000,17.4587114650108
2014-09-18 00:00:00+00:00,17.610449055796824,17.53241148101398,17.601778030395508,14790600,17.53241148101398
2014-09-19 00:00:00+00:00,17.66448029193054,17.499024994195093,17.5643367767334,31452600,17.66448029193054
2014-09-22 00:00:00+00:00,17.568687063567555,17.398878451651246,17.446773529052734,12760800,17.568687063567555
2014-09-23 00:00:00+00:00,17.485952849816172,17.377101051283713,17.40757942199707,11937000,17.420641106318044
2014-09-24 00:00:00+00:00,17.525149165653506,17.33357049321232,17.520795822143555,14289000,17.411943963971794
2014-09-25 00:00:00+00:00,17.459832856458746,17.137632369995117,17.137632369995117,18703000,17.45112617169777
2014-09-26 00:00:00+00:00,17.35969707853422,17.16811837075225,17.324865341186523,9763000,17.16811837075225
2014-09-29 00:00:00+00:00,17.346632093325283,17.128928378128403,17.320507049560547,9652800,17.1855318091449
2014-09-30 00:00:00+00:00,17.4511304275466,17.303091836300837,17.372756958007812,13519800,17.350985257954527
2014-10-01 00:00:00+00:00,17.33792267310994,17.054907196478563,17.102802276611328,26118400,17.316152635126166
2014-10-02 00:00:00+00:00,17.155057494723174,16.91993702786253,17.094099044799805,26753600,17.11151574477791
2014-10-03 00:00:00+00:00,17.285677387914195,17.13763877742222,17.233428955078125,13410200,17.19859555922226
2014-10-06 00:00:00+00:00,17.35098289445901,17.19423763768029,17.237777709960938,13895600,17.320504511673093
2014-10-07 00:00:00+00:00,17.20295137735858,16.967832565307617,16.967832565307617,18013400,17.189889682507964
2014-10-08 00:00:00+00:00,17.320509825241512,16.87204063157017,17.29003143310547,17341200,16.989600855929684
2014-10-09 00:00:00+00:00,17.30308713454181,16.985238338365882,17.002655029296875,30600200,17.272607094939033
2014-10-10 00:00:00+00:00,16.97653131471402,16.56724739074707,16.56724739074707,60365200,16.889449522745707
2014-10-13 00:00:00+00:00,16.706580874912248,16.362610303544926,16.384380340576172,57207800,16.54548060774421
2014-10-14 00:00:00+00:00,16.5977383373705,16.366972825713116,16.410512924194336,43084200,16.519364831345673
2014-10-15 00:00:00+00:00,16.362610203036393,15.927202821296595,16.297298431396484,58134400,16.175384896012492
2014-10-16 00:00:00+00:00,16.31036516953073,15.979456187806404,16.201513290405273,54246200,16.022996275077443
2014-10-17 00:00:00+00:00,16.510653594023662,16.284243128351335,16.393095016479492,25571800,16.36261662067945
2014-10-20 00:00:00+00:00,16.519366616987377,16.21893591871636,16.510658264160156,18442800,16.30166277915226
2014-10-21 00:00:00+00:00,16.841557849610734,16.628207499321295,16.832849502563477,23145600,16.628207499321295
2014-10-22 00:00:00+00:00,16.928644025914814,16.74141866847198,16.754480361938477,24158400,16.889457284567527
2014-10-23 00:00:00+00:00,17.033138962169293,16.837205277672627,16.94170379638672,64432000,16.872038670893193
2014-10-24 00:00:00+00:00,17.10280244390237,16.919932129912993,17.089740753173828,13806400,17.015722291115495
2014-10-27 00:00:00+00:00,17.150693003759503,17.020071148062303,17.107152938842773,11887000,17.0374878384078
2014-10-28 00:00:00+00:00,17.35098802982795,17.15505598562775,17.342281341552734,15490800,17.15505598562775
2014-10-29 00:00:00+00:00,17.381467121995016,17.216013462934708,17.324865341186523,26352200,17.320510335925654
2014-10-30 00:00:00+00:00,17.41194596372569,17.23778230626924,17.381465911865234,18376400,17.3118007810722
2014-10-31 00:00:00+00:00,17.655772029661318,17.5599835186715,17.651418685913086,19925800,17.59481525150026
2014-11-03 00:00:00+00:00,17.75591746402926,17.647065588137078,17.725439071655273,19059600,17.673190636292414
2014-11-04 00:00:00+00:00,17.768983507816692,17.612236517057525,17.721088409423828,12866400,17.69931836314018
2014-11-05 00:00:00+00:00,17.838643242445176,17.690604647285763,17.768978118896484,14556200,17.829934894383143
2014-11-06 00:00:00+00:00,17.77332894746142,17.65141541373932,17.76026725769043,17179200,17.76026725769043
2014-11-07 00:00:00+00:00,17.799458247510113,17.694959721492854,17.782041549682617,14951400,17.777688205699604
2014-11-10 00:00:00+00:00,17.847359406999015,17.742860845435644,17.82994270324707,9641800,17.7733392465274
2014-11-11 00:00:00+00:00,17.84735237615534,17.764623896398078,17.83864402770996,6108600,17.842997371458832
2014-11-12 00:00:00+00:00,17.908304133170567,17.77332726153368,17.895240783691406,9033200,17.7820356075374
2014-11-13 00:00:00+00:00,18.051994151673085,17.908310543547323,17.991037368774414,10792200,17.93878893499666
2014-11-14 00:00:00+00:00,18.11730194091797,17.995388402028283,18.11730194091797,8686600,17.995388402028283
2014-11-17 00:00:00+00:00,18.108589253474705,17.995384088916786,18.08246421813965,8265400,18.065049188863274
2014-11-18 00:00:00+00:00,18.182615541929753,18.065056984558915,18.143428802490234,9659800,18.069410328519876
2014-11-19 00:00:00+00:00,18.147779085367326,17.943137092547712,18.02586555480957,14334000,18.147779085367326
2014-11-20 00:00:00+00:00,18.11730194091797,17.930076628510296,18.11730194091797,9794800,17.964908356358464
2014-11-21 00:00:00+00:00,18.269697369678426,18.069410328519876,18.143428802490234,12925600,18.260989020808786
2014-11-24 00:00:00+00:00,18.24357657840397,18.126016343367386,18.239221572875977,6226400,18.17826478306766
2014-11-25 00:00:00+00:00,18.32194301428468,18.234861207679675,18.247922897338867,9489200,18.26533959084933
2014-11-26 00:00:00+00:00,18.4220937414087,18.25228340445036,18.41338539123535,20482000,18.25228340445036
2014-11-28 00:00:00+00:00,18.539650223088632,18.413381662566138,18.500463485717773,10865000,18.448213395258215
2014-12-01 00:00:00+00:00,18.478691090694937,18.213093948424635,18.291465759277344,23329400,18.456921050960986
2014-12-02 00:00:00+00:00,18.32630244419625,18.221803909372014,18.29582405090332,11261200,18.28276235690574
2014-12-03 00:00:00+00:00,18.391605986614042,18.2566291190401,18.361125946044922,8543400,18.335002569767276
2014-12-04 00:00:00+00:00,18.417729362891688,18.291460841059333,18.361125946044922,7533600,18.3480642579061
2014-12-05 00:00:00+00:00,18.409026315833252,18.295821110502903,18.3393611907959,14359000,18.374194583788373
2014-12-08 00:00:00+00:00,18.335009766809538,18.07376427485653,18.152137756347656,13379800,18.304531375223853
2014-12-09 00:00:00+00:00,18.1739064151734,17.851704194025313,18.147781372070312,16443400,17.91266096698502
2014-12-10 00:00:00+00:00,18.15213266490946,17.838640487823227,17.873472213745117,16541200,18.15213266490946
2014-12-11 00:00:00+00:00,18.156487158808176,17.90395009394105,17.951845169067383,18076400,17.90395009394105
2014-12-12 00:00:00+00:00,17.947494225560522,17.66447874067844,17.686248779296875,17966000,17.812517328610262
2014-12-15 00:00:00+00:00,17.87783632367357,17.499030522788782,17.577404022216797,20502200,17.803816169347932
2014-12-16 00:00:00+00:00,17.768980487792902,17.342281341552734,17.342281341552734,31303000,17.451133215418526
2014-12-17 00:00:00+00:00,17.725438370971982,17.364051020988377,17.66883659362793,30566000,17.39452941215756
2014-12-18 00:00:00+00:00,18.182618737792094,17.9300832199766,18.173912048339844,21318600,17.98233166143015
2014-12-19 00:00:00+00:00,18.290326836745933,18.17215510881152,18.19403839111328,23388800,18.250936260767794
2014-12-22 00:00:00+00:00,18.412879943847656,18.233434305098964,18.412879943847656,12214000,18.264071243208164
2014-12-23 00:00:00+00:00,18.5222895493682,18.452262055913746,18.461015701293945,13398800,18.49165262533107
2014-12-24 00:00:00+00:00,18.504793477507928,18.439143601735594,18.443519592285156,5311200,18.504793477507928
2014-12-26 00:00:00+00:00,18.5573038571273,18.469769074203782,18.522289276123047,4557000,18.478522719454844
2014-12-29 00:00:00+00:00,18.504789098452036,18.412878292368063,18.43038558959961,9276600,18.452268876345162
2014-12-30 00:00:00+00:00,18.42163144788179,18.28157641295388,18.299083709716797,11006800,18.395370502737414
2014-12-31 00:00:00+00:00,18.38223738506783,18.080244086221747,18.097749710083008,11910600,18.360354103050703
2015-01-02 00:00:00+00:00,18.255309799718106,17.970823828795467,18.062734603881836,16990400,18.211543240987606
2015-01-05 00:00:00+00:00,17.997081213971136,17.73447854987809,17.786998748779297,14389400,17.997081213971136
2015-01-06 00:00:00+00:00,17.839524743662782,17.489387187918247,17.572546005249023,17491200,17.839524743662782
2015-01-07 00:00:00+00:00,17.765120096430543,17.594428153375762,17.72135353088379,13069200,17.708222225549797
2015-01-08 00:00:00+00:00,18.150283851587247,17.839535026507626,18.11089324951172,28423400,17.86579598442082
2015-01-09 00:00:00+00:00,18.207164489598874,17.92267853576623,18.053979873657227,18339800,18.163397933497574
2015-01-12 00:00:00+00:00,18.088999714255433,17.782628723696316,17.843902587890625,11257400,18.0452314758398
2015-01-13 00:00:00+00:00,18.215930662719032,17.703854591888366,17.830780029296875,23358400,17.992718401749105
2015-01-14 00:00:00+00:00,17.808885595346805,17.56816616008219,17.730104446411133,17661400,17.686337883485695
2015-01-15 00:00:00+00:00,17.848277581666554,17.48938639460907,17.502517700195312,18655400,17.80451101527905
2015-01-16 00:00:00+00:00,17.690710041624587,17.436861026362145,17.67320442199707,37643000,17.445614670969398
2015-01-20 00:00:00+00:00,17.86140633428267,17.598801964729812,17.8220157623291,24031600,17.778247532610003
2015-01-21 00:00:00+00:00,17.92706082355209,17.655704407271088,17.852657318115234,27838200,17.743239219822673
2015-01-22 00:00:00+00:00,18.159028218657298,17.75199276187611,18.145896911621094,17624400,17.900801441447594
2015-01-23 00:00:00+00:00,18.224672861172674,18.080241881799388,18.141515731811523,12957600,18.141515731811523
2015-01-26 00:00:00+00:00,18.167780233368276,18.010219574909485,18.067115783691406,19467000,18.119637672765343
2015-01-27 00:00:00+00:00,17.769497806523937,17.46750446798662,17.54628562927246,21584000,17.769497806523937
2015-01-28 00:00:00+00:00,17.918301751926688,17.515644073486328,17.515644073486328,26094400,17.861405560138707
2015-01-29 00:00:00+00:00,17.716983529966196,17.3580921946879,17.681970596313477,33635200,17.5244082209058
2015-01-30 00:00:00+00:00,17.721350014023006,17.428108740374597,17.463123321533203,26012600,17.63381523071361
2015-02-02 00:00:00+00:00,17.66445377604494,17.23991112325264,17.64257049560547,31247200,17.524398777727594
2015-02-03 00:00:00+00:00,17.86140988325688,17.64694968898922,17.843902587890625,19767400,17.69509391645263
2015-02-04 00:00:00+00:00,18.010218834441975,17.813265932481364,17.878915786743164,11778800,17.813265932481364
2015-02-05 00:00:00+00:00,18.053980696317804,17.896418415834173,18.04522705078125,10183600,17.95331627702819
2015-02-06 00:00:00+00:00,18.15464678235381,17.93581063261051,17.988330841064453,9580600,18.071489646502794
2015-02-09 00:00:00+00:00,18.049611003441363,17.92268560327477,17.96207618713379,14331400,17.940192900453834
2015-02-10 00:00:00+00:00,18.25093487060074,18.018967421026176,18.22905158996582,22491400,18.084618932518225
2015-02-11 00:00:00+00:00,18.329720644258046,18.202795247108465,18.299083709716797,12500000,18.255315467809506
2015-02-12 00:00:00+00:00,18.56168501088267,18.412876339373714,18.548555374145508,13538400,18.439137282435617
2015-02-13 00:00:00+00:00,18.679858611433993,18.557310870776984,18.666728973388672,8631600,18.592323795427095
2015-02-17 00:00:00+00:00,18.70611467096777,18.627333524098425,18.67547607421875,10680600,18.68422972049171
2015-02-18 00:00:00+00:00,18.710496647514283,18.62296182635688,18.692989349365234,7499600,18.675482051216186
2015-02-19 00:00:00+00:00,18.776145677773197,18.64484262874689,18.758638381958008,6250800,18.679857220377272
2015-02-20 00:00:00+00:00,18.881190157444898,18.66235392164774,18.854930877685547,13867000,18.758642399666645
2015-02-23 00:00:00+00:00,18.88118688858313,18.771768789627885,18.868057250976562,8094000,18.876810899243505
2015-02-24 00:00:00+00:00,18.951214643585537,18.75863938805279,18.924955368041992,9311000,18.85492785061302
2015-02-25 00:00:00+00:00,18.894312988555168,18.767389286418005,18.806779861450195,11734800,18.872429706778927
2015-02-26 00:00:00+00:00,18.951214643585537,18.81115960872759,18.924955368041992,15118800,18.863679829402393
2015-02-27 00:00:00+00:00,18.959963130606337,18.84179141406642,18.859298706054688,12112000,18.920572558426365
2015-03-02 00:00:00+00:00,19.021237773781518,18.863675478511013,19.008108139038086,13689000,18.924951003017465
2015-03-03 00:00:00+00:00,18.990603622707717,18.79802838343819,18.88118553161621,17224200,18.990603622707717
2015-03-04 00:00:00+00:00,18.84179277837471,18.706115429609575,18.806779861450195,11765400,18.833039131746737
2015-03-05 00:00:00+00:00,18.850548372283917,18.71924699847551,18.784896850585938,15408600,18.850548372283917
2015-03-06 00:00:00+00:00,18.802405873292667,18.52229580487372,18.552932739257812,16153400,18.776146597870707
2015-03-09 00:00:00+00:00,18.719249767267303,18.561687427556915,18.64046859741211,12498600,18.587948374037914
2015-03-10 00:00:00+00:00,18.53980515250662,18.259695053100586,18.259695053100586,17595800,18.53542749306021
2015-03-11 00:00:00+00:00,18.303454002498903,18.128384428532357,18.141515731811523,23040400,18.303454002498903
2015-03-12 00:00:00+00:00,18.27282469226403,18.07149576701443,18.259695053100586,24669800,18.08900306562428
2015-03-13 00:00:00+00:00,18.277201008060732,18.058364780298767,18.15903091430664,30375400,18.233434430343507
2015-03-16 00:00:00+00:00,18.386609475648942,18.19841195452989,18.37347984313965,17278800,18.255308141794863
2015-03-17 00:00:00+00:00,18.43037549424192,18.299074176102,18.37785530090332,19067400,18.329711094681752
2015-03-18 00:00:00+00:00,18.692982527095253,18.281571188270085,18.62733268737793,31710800,18.355974673867166
2015-03-19 00:00:00+00:00,18.666716720780574,18.56167467660308,18.574804306030273,17984800,18.60106523447131
2015-03-20 00:00:00+00:00,18.787076879330204,18.655238078619167,18.69478988647461,38592200,18.686000409571033
2015-03-23 00:00:00+00:00,18.787076879330204,18.690394309812167,18.69478988647461,7506200,18.699183786715743
2015-03-24 00:00:00+00:00,18.760711601791627,18.633268356323242,18.633268356323242,14234800,18.707976407928104
2015-03-25 00:00:00+00:00,18.646457946342945,18.154258728027344,18.154258728027344,16348600,18.61130002110933
2015-03-26 00:00:00+00:00,18.259714025648403,17.991640935275022,18.16742706298828,18004800,18.05316725346919
2015-03-27 00:00:00+00:00,18.228955751108217,18.083933588511332,18.180614471435547,15818600,18.171824995456777
2015-03-30 00:00:00+00:00,18.413531808457066,18.28169134222785,18.400346755981445,13210800,18.31684924693462
2015-03-31 00:00:00+00:00,18.378374800194614,18.21137809753418,18.21137809753418,15927200,18.343218570194193
2015-04-01 00:00:00+00:00,18.24653939598555,18.05756980489277,18.185014724731445,20855600,18.22896043950679
2015-04-02 00:00:00+00:00,18.25532417904453,18.145458243941594,18.180614471435547,10938600,18.215772375350628
2015-04-06 00:00:00+00:00,18.391553850514548,18.0355893520481,18.35639762878418,14689400,18.053168301123712
2015-04-07 00:00:00+00:00,18.46626841593801,18.31245508559288,18.316850662231445,9368600,18.356402469872044
2015-04-08 00:00:00+00:00,18.431108647644457,18.28169090902364,18.373979568481445,14407000,18.316848812897305
2015-04-09 00:00:00+00:00,18.453087237800723,18.27730103257935,18.42232322692871,14580200,18.373983613093255
2015-04-10 00:00:00+00:00,18.51020918483178,18.38276599548032,18.492631912231445,8632600,18.439895065167892
2015-04-13 00:00:00+00:00,18.606896147100766,18.435505544491672,18.439899444580078,7774400,18.52779253413945
2015-04-14 00:00:00+00:00,18.470667701718558,18.294883142611614,18.382776260375977,11702600,18.448694841382913
2015-04-15 00:00:00+00:00,18.584918082621815,18.413527528070478,18.545366287231445,25166200,18.431104799916703
2015-04-16 00:00:00+00:00,18.536584808827993,18.42671884939986,18.479454040527344,18228600,18.470664562602515
2015-04-17 00:00:00+00:00,18.36518995286727,18.16743093613445,18.22456169128418,20318800,18.325638149520707
2015-04-20 00:00:00+00:00,18.558551981952313,18.29926833004957,18.536579132080078,9691600,18.30805780528266
2015-04-21 00:00:00+00:00,18.650835532710527,18.505813409045103,18.527786254882812,10002800,18.646441634111255
2015-04-22 00:00:00+00:00,18.734345314626054,18.49703442163454,18.716766357421875,12190200,18.558559095427537
2015-04-23 00:00:00+00:00,18.866177369719512,18.628866561899148,18.791467666625977,11799600,18.672813939136823
2015-04-24 00:00:00+00:00,18.976047715141977,18.848602806119544,18.95407485961914,12457600,18.940889805168304
2015-04-27 00:00:00+00:00,19.085910936965906,18.967255522422807,19.006807327270508,18501400,19.024386279740856
2015-04-28 00:00:00+00:00,19.13864872249691,18.874971105243,19.068334579467773,18299600,19.02438886873259
2015-04-29 00:00:00+00:00,19.09030736924086,18.85739208558616,18.97604751586914,17142200,18.97604751586914
2015-04-30 00:00:00+00:00,18.936495725308017,18.63766019904738,18.712369918823242,17305200,18.87936496035252
2015-05-01 00:00:00+00:00,18.94967883580666,18.773894319347757,18.940889358520508,21096800,18.82662950664329
2015-05-04 00:00:00+00:00,19.0551404676385,18.949668474297198,18.958457946777344,15397600,18.984826364217785
2015-05-05 00:00:00+00:00,18.940885284088523,18.650839301723703,18.664024353027344,16209800,18.91012295841506
2015-05-06 00:00:00+00:00,18.76949497327844,18.395951483948085,18.505817413330078,19747800,18.734338747615144
2015-05-07 00:00:00+00:00,18.70797958701946,18.497037099297813,18.642059326171875,11280600,18.53658892052199
2015-05-08 00:00:00+00:00,18.92330315094557,18.800252203425426,18.910118103027344,19638400,18.831014521200316
2015-05-11 00:00:00+00:00,18.918920255124917,18.795870901560942,18.81344985961914,12093000,18.89694739576302
2015-05-12 00:00:00+00:00,18.795867439587884,18.54976710136695,18.712369918823242,15301000,18.712369918823242
2015-05-13 00:00:00+00:00,18.901333595088623,18.751915865322584,18.791467666625977,18613000,18.791467666625977
2015-05-14 00:00:00+00:00,19.103495060279307,18.923314939740866,19.09470558166504,13952400,18.940892220547774
2015-05-15 00:00:00+00:00,19.15182992157576,18.98922713646056,19.033174514770508,16936400,19.13425097025178
2015-05-18 00:00:00+00:00,19.160617804750032,18.98043774394264,19.12546157836914,6786600,19.00680617104412
2015-05-19 00:00:00+00:00,19.169406805206094,19.055146976774562,19.077119827270508,9130800,19.14743395471015
2015-05-20 00:00:00+00:00,19.191376040702064,19.019985492128377,19.090299606323242,22021800,19.090299606323242
2015-05-21 00:00:00+00:00,19.195776181050466,19.041964543550506,19.173803329467773,7426200,19.0639373951332
2015-05-22 00:00:00+00:00,19.208959106570894,19.11227822658846,19.16061782836914,7937000,19.11227822658846
2015-05-26 00:00:00+00:00,19.116673804242915,18.82662778599401,18.883758544921875,15848800,19.103490427729266
2015-05-27 00:00:00+00:00,19.252908258558442,18.940887709539176,19.239723205566406,25174200,18.95407276253121
2015-05-28 00:00:00+00:00,19.235328421435653,19.1430414368392,19.200170516967773,9329600,19.178197664885925
2015-05-29 00:00:00+00:00,19.20896136140889,19.011202325742858,19.05954360961914,15476800,19.200171884665814
2015-06-01 00:00:00+00:00,19.178200364842134,18.99362636966443,19.112281799316406,13872600,19.169410887487757
2015-06-02 00:00:00+00:00,19.160616695093182,18.949674319761,19.072725296020508,11275600,19.041962971060876
2015-06-03 00:00:00+00:00,19.217752174726126,19.077123889898907,19.112281799316406,11314600,19.10349232196203
2015-06-04 00:00:00+00:00,19.11667298908398,18.892547215802786,18.936492919921875,16694600,19.006807052365108
2015-06-05 00:00:00+00:00,18.954069265396825,18.791466494392317,18.87496566772461,15455000,18.914517466560717
2015-06-08 00:00:00+00:00,18.874966733254393,18.62886645144566,18.664024353027344,16759000,18.870571157346173
2015-06-09 00:00:00+00:00,18.69038934596315,18.49702593470241,18.620075225830078,15413400,18.633260275894372
2015-06-10 00:00:00+00:00,18.949669893940857,18.664019560828226,18.910118103027344,17929600,18.664019560828226
2015-06-11 00:00:00+00:00,19.02438683640899,18.892548041866018,18.918914794921875,11289400,18.976045553911614
2015-06-12 00:00:00+00:00,18.857388920062764,18.734339609945778,18.751916885375977,12317600,18.826626592533515
2015-06-15 00:00:00+00:00,18.66403323365464,18.49703647452411,18.637664794921875,18358200,18.62887531534429
2015-06-16 00:00:00+00:00,18.782680475416434,18.59810483788729,18.760705947875977,18346600,18.628867164738637
2015-06-17 00:00:00+00:00,18.844204714242334,18.65962908077684,18.769495010375977,22047800,18.77389058635573
2015-06-18 00:00:00+00:00,18.96725524808947,18.75631285075977,18.936492919921875,17926400,18.760706750603216
2015-06-19 00:00:00+00:00,18.942232841515743,18.778900146484375,18.778900146484375,26869600,18.898089416036047
2015-06-22 00:00:00+00:00,18.990796552382495,18.88926530023759,18.933408737182617,10876000,18.937824091255628
2015-06-23 00:00:00+00:00,18.977550064484117,18.902504215922203,18.94664764404297,7986600,18.973134711293735
2015-06-24 00:00:00+00:00,19.012865891815032,18.858362197875977,18.858362197875977,9693600,18.90250562929743
2015-06-25 00:00:00+00:00,18.973133733810403,18.80980103742175,18.8142147064209,9827600,18.959891042849197
2015-06-26 00:00:00+00:00,18.823042456350365,18.602321974106175,18.65529441833496,20348600,18.800970744918672
2015-06-29 00:00:00+00:00,18.56700650701745,18.253582160406264,18.257997512817383,26214800,18.456646272229108
2015-06-30 00:00:00+00:00,18.40367618176484,18.227100777770517,18.275659561157227,22765800,18.39484715897054
2015-07-01 00:00:00+00:00,18.478715244555307,18.319796260571643,18.399255752563477,16299000,18.438985498559394
2015-07-02 00:00:00+00:00,18.48755029813491,18.35511832957936,18.425748825073242,10321400,18.452234208406047
2015-07-06 00:00:00+00:00,18.434581217969296,18.249176747949758,18.3507080078125,15018000,18.297735542658963
2015-07-07 00:00:00+00:00,18.403673108878532,18.03286263325209,18.377187728881836,39319800,18.386016750201946
2015-07-08 00:00:00+00:00,18.266830892243522,18.06818208543309,18.077011108398438,32320000,18.227101130881437
2015-07-09 00:00:00+00:00,18.333041617603644,18.006376266479492,18.006376266479492,17987600,18.28448284498595
2015-07-10 00:00:00+00:00,18.355113305514354,18.191778961171146,18.293310165405273,13496600,18.23592406124906
2015-07-13 00:00:00+00:00,18.58466335921425,18.403672636704673,18.571420669555664,14143000,18.408087989233263
2015-07-14 00:00:00+00:00,18.690618121490782,18.567015139925804,18.642059326171875,12252800,18.575844164889634
2015-07-15 00:00:00+00:00,18.703853322185687,18.593493080306434,18.646467208862305,13077000,18.633222834741513
2015-07-16 00:00:00+00:00,18.89367666409534,18.75683101589127,18.88484764099121,10413200,18.792145424343815
2015-07-17 00:00:00+00:00,19.17619514465332,19.02169147862534,19.17619514465332,15550000,19.048178543071707
2015-07-20 00:00:00+00:00,19.33953410681774,19.176199696572734,19.27773094177246,18619000,19.242416531424933
2015-07-21 00:00:00+00:00,19.251233252459556,19.13204403627217,19.149702072143555,11950400,19.18060279293699
2015-07-22 00:00:00+00:00,18.933402346207547,18.76124064268532,18.840700149536133,17182600,18.774483332505916
2015-07-23 00:00:00+00:00,18.968716185208685,18.75682475334798,18.800968170166016,12645200,18.893670355861932
2015-07-24 00:00:00+00:00,18.920158560457015,18.686195406039243,18.699438095092773,19492200,18.893671498386443
2015-07-27 00:00:00+00:00,18.668549424783855,18.505214962444406,18.531702041625977,17307200,18.54936009441369
2015-07-28 00:00:00+00:00,18.734752493890024,18.48313129809187,18.699438095092773,15775000,18.611149572154375
2015-07-29 00:00:00+00:00,18.86277549166425,18.63322594812486,18.82304573059082,16752600,18.69944277790189
2015-07-30 00:00:00+00:00,18.889262936663787,18.655298035030977,18.858362197875977,13616400,18.743586581837853
2015-07-31 00:00:00+00:00,18.911336135901987,18.76124609974546,18.79656219482422,21824000,18.880435394690124
2015-08-03 00:00:00+00:00,18.818632947528673,18.58025436985983,18.69502830505371,18396600,18.787732207900934
2015-08-04 00:00:00+00:00,18.69502746637703,18.518452059849018,18.584667205810547,14765400,18.677371104498985
2015-08-05 00:00:00+00:00,18.89808723934227,18.664122396149626,18.765653610229492,20785600,18.703852148090753
2015-08-06 00:00:00+00:00,18.84070388427721,18.514036770918025,18.58025360107422,13019800,18.76565803116926
2015-08-07 00:00:00+00:00,18.61997575126571,18.465472122674814,18.593488693237305,15825000,18.536102593453975
2015-08-10 00:00:00+00:00,18.90692104073352,18.67737149191808,18.88484764099121,11144000,18.67737149191808
2015-08-11 00:00:00+00:00,18.85836205485489,18.54935298535633,18.602325439453125,54689000,18.831874985824513
2015-08-12 00:00:00+00:00,18.72150977227098,18.293311531340866,18.686195373535156,20071400,18.46547490855485
2015-08-13 00:00:00+00:00,18.75682911426711,18.597910082432424,18.633224487304688,13287800,18.699441311890407
2015-08-14 00:00:00+00:00,18.74357967050248,18.571417993890574,18.725921630859375,11906000,18.58466068164123
2015-08-17 00:00:00+00:00,18.836284701311428,18.593492513372777,18.831871032714844,11183400,18.655293977506588
2015-08-18 00:00:00+00:00,18.814210242522694,18.71267903999418,18.734750747680664,9383800,18.787724866884254
2015-08-19 00:00:00+00:00,18.770071679694485,18.50520606709205,18.61115264892578,18455200,18.677369473067337
2015-08-20 00:00:00+00:00,18.491961831600477,18.15646743774414,18.15646743774414,27453800,18.412502322851726
2015-08-21 00:00:00+00:00,18.09908000806525,17.46340560913086,17.46340560913086,47332800,17.96223269933832
2015-08-24 00:00:00+00:00,17.485475650482265,13.825929906545896,16.774755477905273,72207800,16.33772821266853
2015-08-25 00:00:00+00:00,17.454571876550425,16.62466259451693,16.64232063293457,37210800,17.42367115130117
2015-08-26 00:00:00+00:00,17.50755091038885,16.827731330601342,17.481063842773438,68776800,16.973407676540322
2015-08-27 00:00:00+00:00,17.891599718614344,17.494303906102346,17.88718605041504,40211000,17.7194380314628
2015-08-28 00:00:00+00:00,17.95340707182859,17.768002635241828,17.92250633239746,27672200,17.80773239793385
2015-08-31 00:00:00+00:00,17.95340781480961,17.715030912756536,17.759174346923828,22100600,17.776832394176374
2015-09-01 00:00:00+00:00,17.53403571578598,17.105837439716954,17.18971061706543,42578000,17.38394571992411
2015-09-02 00:00:00+00:00,17.622320205350977,17.27799683663787,17.604663848876953,25370200,17.445744852866774
2015-09-03 00:00:00+00:00,17.84304069256444,17.564934132985794,17.61790657043457,22062200,17.70177973672542
2015-09-04 00:00:00+00:00,17.472229767019066,17.26475202727674,17.34862518310547,27561000,17.383941259641702
2015-09-08 00:00:00+00:00,17.847455945133426,17.635564512556552,17.834213256835938,18909200,17.679707929523786
2015-09-09 00:00:00+00:00,18.037281435975768,17.5605242972799,17.60025405883789,19304600,17.94899288985091
2015-09-10 00:00:00+00:00,17.878361909144655,17.564939178592468,17.776830673217773,28048800,17.57376820136401
2015-09-11 00:00:00+00:00,17.86070442199707,17.648812920747208,17.86070442199707,13719400,17.653228274252974
2015-09-14 00:00:00+00:00,17.953406390681216,17.772415630609643,17.816560745239258,14890800,17.935750028793308
2015-09-15 00:00:00+00:00,18.0946689369423,17.825389633608122,18.046110153198242,17612000,17.873948417352175
2015-09-16 00:00:00+00:00,18.138810922119315,18.00196360464933,18.121152877807617,15436200,18.024037002020847
2015-09-17 00:00:00+00:00,18.275655410644987,17.93574568809748,17.997547149658203,33565200,18.046105922016924
2015-09-18 00:00:00+00:00,17.950099132450354,17.723949909811346,17.763858795166016,36230200,17.78603002223946
2015-09-21 00:00:00+00:00,17.994451402188318,17.77716921903637,17.941238403320312,13921200,17.794906885325705
2015-09-22 00:00:00+00:00,17.72395106511408,17.52884019441499,17.639698028564453,24576400,17.65300211892068
2015-09-23 00:00:00+00:00,17.7505575762541,17.586488439510337,17.684043884277344,11356400,17.701779853870594
2015-09-24 00:00:00+00:00,17.732821606660846,17.391379241532796,17.684043884277344,22056400,17.484499425234137
2015-09-25 00:00:00+00:00,17.870280258008066,17.573182112150178,17.652999877929688,21657800,17.848109032304
2015-09-28 00:00:00+00:00,17.604222070473977,17.240608557930113,17.24947738647461,25166600,17.577615584840494
2015-09-29 00:00:00+00:00,17.40911128322054,17.049933029538312,17.17409324645996,26206800,17.293819894872733
2015-09-30 00:00:00+00:00,17.54213992981653,17.33372671205751,17.515533447265625,24933600,17.382504417622886
2015-10-01 00:00:00+00:00,17.577619632417885,17.289390250353954,17.5244083404541,27036000,17.51553950986739
2015-10-02 00:00:00+00:00,17.77272605895996,17.258344163446015,17.77272605895996,29834000,17.320425961962425
2015-10-05 00:00:00+00:00,18.167375748565064,17.84810476183809,18.123031616210938,17137800,17.883580067721393
2015-10-06 00:00:00+00:00,18.185121067338418,18.056527246231067,18.145212173461914,19715800,18.060960815969985
2015-10-07 00:00:00+00:00,18.304846096924642,18.01218146542927,18.229463577270508,30437800,18.24276597684326
2015-10-08 00:00:00+00:00,18.349196035249445,18.06983371521871,18.313720703125,30749600,18.15852035397289
2015-10-09 00:00:00+00:00,18.406838015688297,18.29154658754266,18.393535614013672,22753000,18.366929119107755
2015-10-12 00:00:00+00:00,18.44674287798102,18.33588504411922,18.41570281982422,12687400,18.43344047921562
2015-10-13 00:00:00+00:00,18.486649369172497,18.313711441417258,18.375791549682617,17903600,18.318146701468258
2015-10-14 00:00:00+00:00,18.45117458497189,18.291539064307162,18.340316772460938,25512200,18.322579116485752
2015-10-15 00:00:00+00:00,18.584209101598837,18.406835872656888,18.575340270996094,16843800,18.41570470325963
2015-10-16 00:00:00+00:00,18.624113630530083,18.499953414291163,18.610811233520508,14972600,18.624113630530083
2015-10-19 00:00:00+00:00,18.6817626953125,18.517691882755823,18.6817626953125,14184200,18.570904861098892
2015-10-20 00:00:00+00:00,18.686195445832755,18.557599957804683,18.632984161376953,11857800,18.606377673370933
2015-10-21 00:00:00+00:00,18.721665663027395,18.46891001627261,18.49108123779297,18834400,18.672887960749144
2015-10-22 00:00:00+00:00,18.94782592142743,18.62412116137136,18.907917022705078,28472000,18.62412116137136
2015-10-23 00:00:00+00:00,19.510975152509552,19.315866009944614,19.435592651367188,33383400,19.377946114780915
2015-10-26 00:00:00+00:00,19.41786078717942,19.28926527934357,19.360214233398438,16576200,19.41786078717942
2015-10-27 00:00:00+00:00,19.369083905848296,19.227185991571915,19.249357223510742,15358000,19.315872610883794
2015-10-28 00:00:00+00:00,19.537588119506836,19.280397095210237,19.537588119506836,29559200,19.338043650924398
2015-10-29 00:00:00+00:00,19.51097958286102,19.3646464240425,19.484373092651367,15218000,19.422292973718555
2015-10-30 00:00:00+00:00,19.519846854783815,19.351342480019426,19.355777740478516,18679000,19.515411594324725
2015-11-02 00:00:00+00:00,19.537587779208618,19.34247688374569,19.528718948364258,27486600,19.391254607611423
2015-11-03 00:00:00+00:00,19.701659566532246,19.431166109904396,19.63071060180664,13758000,19.466641438045574
2015-11-04 00:00:00+00:00,19.70608909736481,19.60410008720003,19.652877807617188,14597200,19.67504903738233
2015-11-05 00:00:00+00:00,19.76817359261814,19.55532502161847,19.595233917236328,13457600,19.670618138539677
2015-11-06 00:00:00+00:00,19.670613900921904,19.5021095233298,19.661745071411133,13737800,19.573058467859695
2015-11-09 00:00:00+00:00,19.604098394599145,19.37794916402997,19.4710693359375,20292400,19.604098394599145
2015-11-10 00:00:00+00:00,19.364643302238278,19.262654310210984,19.342472076416016,34546600,19.360209733696266
2015-11-11 00:00:00+00:00,19.484373450817404,19.302566659933714,19.333606719970703,16402200,19.38681970136818
2015-11-12 00:00:00+00:00,19.333610459398002,19.160672465298273,19.16510772705078,16068000,19.240490261276108
2015-11-13 00:00:00+00:00,19.125193880232533,18.78375155058036,18.788185119628906,30089800,19.098587391272364
2015-11-16 00:00:00+00:00,19.080855308015078,18.74828171082742,19.0764217376709,18158400,18.757150543072573
2015-11-17 00:00:00+00:00,19.2271818378327,19.040939808356843,19.080848693847656,18788800,19.116324010531134
2015-11-18 00:00:00+00:00,19.386819157160293,19.14736582226258,19.369081497192383,20333600,19.169537051444287
2015-11-19 00:00:00+00:00,19.550893410537565,19.38238897976189,19.457773208618164,18735000,19.38682424169527
2015-11-20 00:00:00+00:00,19.608533517499723,19.515411654689427,19.59966468811035,14576400,19.537584573940983
2015-11-23 00:00:00+00:00,19.6218374214,19.413424143648673,19.484373092651367,14454200,19.612968591330116
2015-11-24 00:00:00+00:00,19.550889708428883,19.293698694811447,19.48880958557129,22606800,19.338042847964356
2015-11-25 00:00:00+00:00,19.497670497549436,19.42228631358375,19.426721572875977,13153200,19.49323523825721
2015-11-27 00:00:00+00:00,19.50654465374394,19.41785805078409,19.4710693359375,7601400,19.448898108086603
2015-11-30 00:00:00+00:00,19.555324297235934,19.426730475281083,19.493244171142578,34051200,19.497679432467287
2015-12-01 00:00:00+00:00,19.670618733302796,19.53315437945008,19.666183471679688,15558000,19.57306327627463
2015-12-02 00:00:00+00:00,19.763744203870658,19.519857187760785,19.542028427124023,19394200,19.68836165172423
2015-12-03 00:00:00+00:00,19.652878268613165,19.196144496823326,19.289264678955078,23708600,19.59523171662646
2015-12-04 00:00:00+00:00,19.79921013688352,19.307001075621077,19.763734817504883,25680400,19.34690996414388
2015-12-07 00:00:00+00:00,19.759305358641424,19.57306327627463,19.666183471679688,25629800,19.74156769526236
2015-12-08 00:00:00+00:00,19.670618142073934,19.440033599746723,19.617406845092773,22756600,19.497680158217683
2015-12-09 00:00:00+00:00,19.67947941434527,19.236048162864655,19.32916831970215,32507800,19.533146289409796
2015-12-10 00:00:00+00:00,19.52871265630974,19.324734687279662,19.38237953186035,18146800,19.38237953186035
2015-12-11 00:00:00+00:00,19.218308388435137,18.965552738276433,18.97885513305664,33920600,19.169530685499986
2015-12-14 00:00:00+00:00,19.129631934345838,18.77932069290756,19.125198364257812,42068400,18.974431607914546
2015-12-15 00:00:00+00:00,19.34248078177638,19.182845177520026,19.20945167541504,34043800,19.271531812279875
2015-12-16 00:00:00+00:00,19.50654465374394,19.13406227455758,19.4710693359375,36347600,19.329171447824244
2015-12-17 00:00:00+00:00,19.550892613239164,19.160672465298273,19.16510772705078,24217200,19.550892613239164
2015-12-18 00:00:00+00:00,19.149952889246215,18.76222863657541,18.793424606323242,45627800,19.109843542420023
2015-12-21 00:00:00+00:00,18.998423020285287,18.824616470987877,18.98505210876465,22326600,18.949400311498362
2015-12-22 00:00:00+00:00,19.15440114233029,18.96722539796768,19.123205184936523,18965200,19.056355733348635
2015-12-23 00:00:00+00:00,19.301476198089002,19.163321408474022,19.283649444580078,16090600,19.22571334570247
2015-12-24 00:00:00+00:00,19.323755302998734,19.252450001882785,19.27473258972168,4865600,19.297015177560574
2015-12-28 00:00:00+00:00,19.27473510494036,19.096470978862026,19.26136589050293,14354400,19.203429794519568
2015-12-29 00:00:00+00:00,19.57332445312597,19.337125944486836,19.524303436279297,13618400,19.377235285581463
2015-12-30 00:00:00+00:00,19.51539086520992,19.35940933227539,19.35940933227539,14393000,19.51539086520992
2015-12-31 00:00:00+00:00,19.305934367703934,19.087562561035156,19.087562561035156,17669000,19.292565150984252
2016-01-04 00:00:00+00:00,18.842447553042987,18.543857067624888,18.83799171447754,43277200,18.744403804127348
2016-01-05 00:00:00+00:00,18.940496897798777,18.704298304031493,18.788972854614258,32134400,18.895931702766422
2016-01-06 00:00:00+00:00,18.682011980983177,18.44581341282423,18.557228088378906,27716800,18.51266289817825
2016-01-07 00:00:00+00:00,18.414614923657886,18.000152251218868,18.009065628051758,33681400,18.17841638777108
2016-01-08 00:00:00+00:00,18.227441137107373,17.844174390940115,17.866456985473633,38466200,18.16504749233934
2016-01-11 00:00:00+00:00,18.062545203517228,17.759497174388812,17.98232650756836,38270200,17.991239884901887
2016-01-12 00:00:00+00:00,18.236352843673313,17.96450246985037,18.196245193481445,31683200,18.173960898859754
2016-01-13 00:00:00+00:00,18.329943229631017,17.674824381509595,17.70602035522461,43924600,18.329943229631017
2016-01-14 00:00:00+00:00,18.17841509595429,17.56786157668517,18.040260314941406,39591200,17.781779205367275
2016-01-15 00:00:00+00:00,17.70156014041916,17.31829347231542,17.532209396362305,40355600,17.451990712338144
2016-01-19 00:00:00+00:00,17.76840336818881,17.394050171791164,17.550031661987305,39317600,17.73720741016002
2016-01-20 00:00:00+00:00,17.585687066442972,16.94839516438526,17.411880493164062,59263600,17.251443133198126
2016-01-21 00:00:00+00:00,17.763954964396685,17.29155615935376,17.509929656982422,44271400,17.509929656982422
2016-01-22 00:00:00+00:00,18.00015476784603,17.817434767357426,17.995698928833008,22496400,17.844174901594677
2016-01-25 00:00:00+00:00,18.053632242637246,17.755041745314283,17.786237716674805,20961200,17.897652385834643
2016-01-26 00:00:00+00:00,18.000152299320003,17.746127009088593,17.96004295349121,22947400,17.857541669718255
2016-01-27 00:00:00+00:00,17.919929572916832,17.509924530139333,17.59014320373535,36044800,17.812972474823756
2016-01-28 00:00:00+00:00,17.884281880262307,17.60351645820526,17.817432403564453,35133600,17.848628372676036
2016-01-29 00:00:00+00:00,18.392328868467335,17.92884356074455,18.37895965576172,32226600,17.96449706136283
2016-02-01 00:00:00+00:00,18.53048271303293,18.289826695968305,18.4458065032959,29594600,18.303195908009986
2016-02-02 00:00:00+00:00,18.396787730627047,18.058087919330266,18.116024017333984,27902400,18.392331892343417
2016-02-03 00:00:00+00:00,18.240804787698835,17.812972983015925,18.09373664855957,43012400,18.231891412594713
2016-02-04 00:00:00+00:00,18.23190417840177,17.919942631534944,18.111576080322266,36405800,18.058097492304817
2016-02-05 00:00:00+00:00,18.071452923477523,17.532206514009932,17.603511810302734,47554800,18.040256962602694
2016-02-08 00:00:00+00:00,17.398510016679325,17.050895195306577,17.3494873046875,49642800,17.309377967608047
2016-02-09 00:00:00+00:00,17.514381821775967,17.11329012054522,17.269269943237305,49510600,17.140028547262396
2016-02-10 00:00:00+00:00,17.616884008759797,17.287097595015066,17.296010971069336,33950000,17.416338997723003
2016-02-11 00:00:00+00:00,17.37176963037596,17.046439101208854,17.26035499572754,49254600,17.082092600321506
2016-02-12 00:00:00+00:00,17.514383924436263,17.300467984754697,17.501014709472656,21786800,17.39851342796187
2016-02-16 00:00:00+00:00,17.817434583473872,17.599062772975667,17.812978744506836,20586600,17.69710653072765
2016-02-17 00:00:00+00:00,18.214067103604307,17.893194057111984,18.178415298461914,22257400,17.915476647832566
2016-02-18 00:00:00+00:00,18.263092744568652,18.07145937362329,18.107112884521484,23156800,18.240810150283767
2016-02-19 00:00:00+00:00,18.173956229627432,17.99569381882381,18.1204776763916,17158600,18.040258996511575
2016-02-22 00:00:00+00:00,18.387875822078776,18.25863610090207,18.36113739013672,13181400,18.28537453284413
2016-02-23 00:00:00+00:00,18.303195734640035,18.03580129602484,18.071453094482422,16379000,18.285368985385055
2016-02-24 00:00:00+00:00,18.245265610153538,17.781781878474682,18.209613800048828,20288800,17.875369792559102
2016-02-25 00:00:00+00:00,18.44580302146693,18.129385929156467,18.4368896484375,18806800,18.27199649752321
2016-02-26 00:00:00+00:00,18.557221511411658,18.347761451587786,18.38787078857422,19545200,18.53939476162826
2016-02-29 00:00:00+00:00,18.54385581770473,18.258634567260742,18.258634567260742,27203800,18.370049224468723
2016-03-01 00:00:00+00:00,18.802335739135742,18.38787310475339,18.802335739135742,24608400,18.414613232796736
2016-03-02 00:00:00+00:00,18.85581398010254,18.704290004155546,18.85581398010254,17496200,18.735485966845886
2016-03-03 00:00:00+00:00,18.869183192669123,18.708745841660253,18.85581398010254,15767800,18.864727355164415
2016-03-04 00:00:00+00:00,18.998424334222324,18.78450843567315,18.904834747314453,15771800,18.860269572636373
2016-03-07 00:00:00+00:00,18.873647405197026,18.650818029928804,18.788972854614258,31627000,18.797886233631374
2016-03-08 00:00:00+00:00,18.82907553045685,18.606246234238426,18.673095703125,23401000,18.67755154102622
2016-03-09 00:00:00+00:00,18.837989871556257,18.699835088802946,18.833532333374023,24321200,18.699835088802946
2016-03-10 00:00:00+00:00,18.998431984943544,18.583969233332827,18.815711975097656,25856800,18.913755738882415
2016-03-11 00:00:00+00:00,19.109842364951103,18.958318364060972,19.105384826660156,17640200,19.002883546654
2016-03-14 00:00:00+00:00,19.163325710456288,19.038541807986608,19.12767219543457,20121800,19.047455186742038
2016-03-15 00:00:00+00:00,19.216801571666416,19.04299496059057,19.198976516723633,12642200,19.051908338088424
2016-03-16 00:00:00+00:00,19.45300039702627,19.105385500342848,19.421804428100586,29513800,19.109843038790974
2016-03-17 00:00:00+00:00,19.55549877060788,19.36386544712248,19.493106842041016,18734200,19.38614803588885
2016-03-18 00:00:00+00:00,19.58269071782624,19.439359178974996,19.52446174621582,18828800,19.56925221136431
2016-03-21 00:00:00+00:00,19.600604827438577,19.470711802015945,19.59164810180664,16007000,19.479670236294513
2016-03-22 00:00:00+00:00,19.672268770390986,19.502063660807575,19.59612464904785,26225800,19.502063660807575
2016-03-23 00:00:00+00:00,19.591649442916165,19.443837830171606,19.484149932861328,21350200,19.569252501363295
2016-03-24 00:00:00+00:00,19.53789520263672,19.372168459554022,19.53789520263672,13486400,19.399043759234903
2016-03-28 00:00:00+00:00,19.582691099933157,19.45279635636255,19.488628387451172,12816000,19.555815795131625
2016-03-29 00:00:00+00:00,19.806647583151115,19.430401845186005,19.793209075927734,20163000,19.452797079029217
2016-03-30 00:00:00+00:00,20.008207344056714,19.864875790295223,19.90966796875,21976600,19.89622946089012
2016-03-31 00:00:00+00:00,19.967889573569764,19.83351479646823,19.869348526000977,29189800,19.882785320252623
2016-04-01 00:00:00+00:00,20.0305992110084,19.71258080484291,20.02164077758789,19309800,19.730497671683935
2016-04-04 00:00:00+00:00,20.03507440215057,19.905179701083206,19.945491790771484,15292400,19.990283950784125
2016-04-05 00:00:00+00:00,19.864873223924626,19.712583254146736,19.75289535522461,21452200,19.815604396959827
2016-04-06 00:00:00+00:00,19.945491790771484,19.68570409728295,19.945491790771484,22277000,19.75736984465698
2016-04-07 00:00:00+00:00,19.842480019836838,19.582692226398475,19.658836364746094,21261800,19.802167914639025
2016-04-08 00:00:00+00:00,19.838001656435683,19.591650661847638,19.658836364746094,17525600,19.761855809441208
2016-04-11 00:00:00+00:00,19.86039091139917,19.60508155822754,19.60508155822754,16277200,19.743934702915016
2016-04-12 00:00:00+00:00,19.757380679983356,19.50654957229057,19.739463806152344,19184000,19.640922708728905
2016-04-13 00:00:00+00:00,19.972370814416497,19.83351765543109,19.941017150878906,15753200,19.855914593940668
2016-04-14 00:00:00+00:00,19.999253477139778,19.8693587040148,19.93654441833496,13005400,19.91414918022824
2016-04-15 00:00:00+00:00,19.963416785886842,19.820085232759766,19.860397338867188,12921800,19.909667880625914
2016-04-18 00:00:00+00:00,19.945491790771484,19.770806638337675,19.945491790771484,14225800,19.802160296023427
2016-04-19 00:00:00+00:00,20.00372773955741,19.721543013062437,19.833520889282227,12942000,19.981332506042808
2016-04-20 00:00:00+00:00,19.963415344032775,19.793208496244947,19.87383270263672,13755600,19.851437469449397
2016-04-21 00:00:00+00:00,19.88727217480436,19.75289735186427,19.802167892456055,22555800,19.842479997608713
2016-04-22 00:00:00+00:00,19.587164378430245,19.354250256552913,19.4572696685791,29848800,19.48862332838506
2016-04-25 00:00:00+00:00,19.470716096166406,19.354258133507567,19.46175765991211,18715000,19.403528678582692
2016-04-26 00:00:00+00:00,19.52893772003419,19.304982004397804,19.367691040039062,14734800,19.484147260365518
2016-04-27 00:00:00+00:00,19.300505736415097,19.049674692568967,19.27811050415039,25559200,19.12134046100405
2016-04-28 00:00:00+00:00,19.376651627848418,18.9735322845278,19.036239624023438,45339200,19.30946592495174
2016-04-29 00:00:00+00:00,18.96009656696692,18.73166072160877,18.870513916015625,23792400,18.92874118678406
2016-05-02 00:00:00+00:00,19.031765844824896,18.830205270291042,19.009368896484375,25105400,18.910829500104583
2016-05-03 00:00:00+00:00,18.91978101435186,18.771969410900322,18.83467674255371,25062400,18.87946891419659
2016-05-04 00:00:00+00:00,18.830199813555552,18.722700302073637,18.77644920349121,22491400,18.749575607105808
2016-05-05 00:00:00+00:00,18.874994496187906,18.740621358304818,18.785411834716797,27119800,18.830204019775927
2016-05-06 00:00:00+00:00,18.924257278442383,18.7047799333495,18.924257278442383,18459800,18.7047799333495
2016-05-09 00:00:00+00:00,19.013839903146547,18.910820482763015,18.924257278442383,15082400,18.933215711777443
2016-05-10 00:00:00+00:00,19.170604705810547,18.96008754123329,19.170604705810547,27840400,18.982482766148387
2016-05-11 00:00:00+00:00,19.22883584112549,19.031755447387695,19.031755447387695,14304200,19.121336357220848
2016-05-12 00:00:00+00:00,19.103424642188976,18.85707196982497,18.978008270263672,18673000,19.103424642188976
2016-05-13 00:00:00+00:00,19.08998710144491,18.883948227457747,18.906343460083008,21842600,18.973530866605515
2016-05-16 00:00:00+00:00,19.215396864286873,18.92425381445223,19.170604705810547,12788400,18.92425381445223
2016-05-17 00:00:00+00:00,19.206444073974545,18.919781010110942,18.978008270263672,19880200,19.112381367868906
2016-05-18 00:00:00+00:00,19.161655365209356,18.901867557376963,19.013845443725586,21807000,18.928741156566584
2016-05-19 00:00:00+00:00,18.99145760502916,18.79885542880256,18.91083335876465,17269600,18.969060652118653
2016-05-20 00:00:00+00:00,19.184049604442187,19.0004042564234,19.139257431030273,11746000,19.01384276277033
2016-05-23 00:00:00+00:00,19.21092378176568,19.08550910970677,19.103425979614258,16855400,19.130299575828737
2016-05-24 00:00:00+00:00,19.49311133247864,19.17957289816632,19.46175765991211,18923000,19.17957289816632
2016-05-25 00:00:00+00:00,19.658831974541368,19.515500456657193,19.59612464904785,19629400,19.5423757570029
2016-05-26 00:00:00+00:00,19.690190034494744,19.55581692005098,19.658836364746094,13034200,19.596129025248796
2016-05-27 00:00:00+00:00,19.779770658825417,19.631960760637664,19.75289535522461,15576000,19.654355992648334
2016-05-31 00:00:00+00:00,19.82008438172768,19.676752834754954,19.793209075927734,24742800,19.770813842084525
2016-06-01 00:00:00+00:00,19.797687344100883,19.69466791089085,19.743938446044922,13771000,19.72602157714405
2016-06-02 00:00:00+00:00,19.726022720336914,19.56477430817745,19.726022720336914,15529000,19.6633153841964
2016-06-03 00:00:00+00:00,19.726022719890985,19.573732742704575,19.681230545043945,16609400,19.69914741498276
2016-06-06 00:00:00+00:00,19.78872967353186,19.676751801548836,19.717063903808594,17271200,19.694668671141333
2016-06-07 00:00:00+00:00,19.842481817872525,19.775296108886003,19.797691345214844,8818800,19.779774472692967
2016-06-08 00:00:00+00:00,19.869356830692087,19.761857305809098,19.838003158569336,16317000,19.79321097793185
2016-06-09 00:00:00+00:00,19.86487112075288,19.743936538969756,19.84247589111328,25839000,19.757373335024212
2016-06-10 00:00:00+00:00,19.75737868467835,19.62300556181041,19.6901912689209,16565200,19.6901912689209
2016-06-13 00:00:00+00:00,19.63196491487301,19.46623640390228,19.47071647644043,23566200,19.515506949939684
2016-06-14 00:00:00+00:00,19.54685850682042,19.376651650386528,19.515504837036133,16841200,19.425922191089512
2016-06-15 00:00:00+00:00,19.58716668393366,19.44383516262239,19.466230392456055,14156200,19.546854586774458
2016-06-16 00:00:00+00:00,19.5378977792652,19.26019314719187,19.50654411315918,19192600,19.367692651445843
2016-06-17 00:00:00+00:00,19.511494052963354,19.290949860542877,19.376466751098633,22930400,19.466485524663547
2016-06-20 00:00:00+00:00,19.62852456042944,19.452988846347157,19.457489013671875,13712000,19.547507812858267
2016-06-21 00:00:00+00:00,19.637524290841707,19.4979950827472,19.592514038085938,11487800,19.515999183849505
2016-06-22 00:00:00+00:00,19.66902706007933,19.502493447347366,19.52499771118164,12990400,19.597012385630485
2016-06-23 00:00:00+00:00,19.808556429248796,19.57901016893981,19.79055404663086,19526800,19.651024850307866
2016-06-24 00:00:00+00:00,19.416975310861446,18.98938741980271,19.029895782470703,47246000,19.09290840951751
2016-06-27 00:00:00+00:00,18.890364194673538,18.57079752909103,18.647314071655273,36818000,18.890364194673538
2016-06-28 00:00:00+00:00,19.01639175415039,18.822852008407743,19.01639175415039,26489400,18.85435831892723
2016-06-29 00:00:00+00:00,19.340462463012642,19.142420795339813,19.308956146240234,21008400,19.14692267885901
2016-06-30 00:00:00+00:00,19.529500325812297,19.308956108832717,19.520498275756836,26710600,19.353964642144533
2016-07-01 00:00:00+00:00,19.624022462905675,19.50699922711098,19.56551170349121,14949400,19.53400538166319
2016-07-05 00:00:00+00:00,19.48898915438771,19.362963905678512,19.421476364135742,17361400,19.46198472507302
2016-07-06 00:00:00+00:00,19.56100346171165,19.29094887182332,19.556503295898438,15701600,19.3584616608128
2016-07-07 00:00:00+00:00,19.646522064849616,19.484488624130535,19.556503295898438,12332200,19.538499198715158
2016-07-08 00:00:00+00:00,19.876073934544802,19.628523537408665,19.862571716308594,25496000,19.651027806790914
2016-07-11 00:00:00+00:00,20.02459970565381,19.90757478984784,19.979589462280273,11663600,19.925578887197254
2016-07-12 00:00:00+00:00,20.168632508686898,20.051607572815517,20.141626358032227,32085600,20.11462020737756
2016-07-13 00:00:00+00:00,20.21364030916051,20.132623577102517,20.14612579345703,21218800,20.200138092805997
2016-07-14 00:00:00+00:00,20.321661628443106,20.213638755016067,20.27665138244629,30976600,20.258647284047562
2016-07-15 00:00:00+00:00,20.34417227649214,20.200142878039863,20.25865364074707,9729600,20.34417227649214
2016-07-18 00:00:00+00:00,20.416184841734598,20.25415135617072,20.393680572509766,8214400,20.290159560502996
2016-07-19 00:00:00+00:00,20.39817564754144,20.317158924983826,20.348665237426758,8915800,20.357667286262632
2016-07-20 00:00:00+00:00,20.650225950184964,20.479190472085453,20.61421775817871,10769800,20.506196616090143
2016-07-21 00:00:00+00:00,20.645728270419475,20.456690374800708,20.506200790405273,10946800,20.618723837882765
2016-07-22 00:00:00+00:00,20.62772560119629,20.44768804094686,20.62772560119629,9414600,20.492696572526505
2016-07-25 00:00:00+00:00,20.641225906012664,20.537704919392617,20.600717544555664,8489600,20.59171549568019
2016-07-26 00:00:00+00:00,20.708735959729182,20.54670425228475,20.645723342895508,18115400,20.6232190821642
2016-07-27 00:00:00+00:00,20.870775416301488,20.71774399534774,20.81676483154297,21820200,20.870775416301488
2016-07-28 00:00:00+00:00,20.89327576103325,20.749246417406916,20.830263137817383,12658600,20.843767069195934
2016-07-29 00:00:00+00:00,20.956294476757183,20.843771421244675,20.906784057617188,21179400,20.92028627484971
2016-08-01 00:00:00+00:00,20.987802607390808,20.870777658051136,20.947294235229492,15683400,20.906785863068176
2016-08-02 00:00:00+00:00,20.951792153504304,20.690739563013803,20.789758682250977,22224400,20.906783619029728
2016-08-03 00:00:00+00:00,20.861766815185547,20.76724789229676,20.861766815185547,15961800,20.771749774509555
2016-08-04 00:00:00+00:00,20.983300528343484,20.84827319471543,20.97429847717285,16752400,20.866277297056687
2016-08-05 00:00:00+00:00,21.185841879446063,21.019308229195445,21.17683982849121,12126200,21.041812498099745
2016-08-08 00:00:00+00:00,21.253360966788144,21.127333943324505,21.172344207763672,10439200,21.199348649461143
2016-08-09 00:00:00+00:00,21.271358687262378,21.17233956115958,21.217348098754883,29836800,21.17233956115958
2016-08-10 00:00:00+00:00,21.23535058089392,21.122827528522485,21.14983367919922,7112400,21.226348530668343
2016-08-11 00:00:00+00:00,21.284861345891184,21.194842559132375,21.226348876953125,10518600,21.21734682658069
2016-08-12 00:00:00+00:00,21.221850079689876,21.158835723016526,21.203845977783203,6937400,21.221850079689876
2016-08-15 00:00:00+00:00,21.3478737853013,21.21734663154912,21.30736541748047,16561400,21.230848848500887
2016-08-16 00:00:00+00:00,21.271357064830706,21.14983367919922,21.14983367919922,9078000,21.271357064830706
2016-08-17 00:00:00+00:00,21.167837336337023,21.019307791091897,21.140832901000977,10575000,21.1588352855698
2016-08-18 00:00:00+00:00,21.1723379462804,21.073317110764574,21.14983367919922,7086400,21.13632974537809
2016-08-19 00:00:00+00:00,21.181345627454245,21.041816387312974,21.163341522216797,9576200,21.091326818232975
2016-08-22 00:00:00+00:00,21.18584579528062,21.06882254516915,21.163341522216797,9257400,21.104829038678073
2016-08-23 00:00:00+00:00,21.289365239855787,21.221852425690958,21.23985481262207,16630600,21.226352593182273
2016-08-24 00:00:00+00:00,21.239848831000767,21.073315209268124,21.122825622558594,13648800,21.230846781587466
2016-08-25 00:00:00+00:00,21.194837565653128,21.0508082275584,21.167831420898438,11825400,21.086814703599508
2016-08-26 00:00:00+00:00,21.32987126079238,21.064316767004048,21.17683982849121,24227200,21.154335559586908
2016-08-29 00:00:00+00:00,21.289364598755178,21.167839476559024,21.257858276367188,13964800,21.167839476559024
2016-08-30 00:00:00+00:00,21.26236100520082,21.11382972207302,21.18584442138672,11436400,21.217350745026096
2016-08-31 00:00:00+00:00,21.181339996505976,21.08231916099015,21.14983367919922,22322400,21.158834012459273
2016-09-01 00:00:00+00:00,21.235352200579264,21.05081444929348,21.217348098754883,18479200,21.145333408423006
2016-09-02 00:00:00+00:00,21.37037540671252,21.217344004665446,21.31186294555664,13814400,21.3208649947318
2016-09-06 00:00:00+00:00,21.419889450073242,21.298364341054043,21.419889450073242,30214800,21.32537049315796
2016-09-07 00:00:00+00:00,21.47840172510096,21.36137678401777,21.473899841308594,23170000,21.419889254559365
2016-09-08 00:00:00+00:00,21.401883731729033,21.24435214877195,21.298362731933594,16605200,21.397383565201178
2016-09-09 00:00:00+00:00,21.18133635220986,20.77625274658203,20.77625274658203,33618400,21.10481979694006
2016-09-12 00:00:00+00:00,21.16783415265973,20.641227139221908,21.122825622558594,38020600,20.672733453685776
2016-09-13 00:00:00+00:00,21.118324757114834,20.8842783289512,20.96979522705078,34717600,21.041809908862387
2016-09-14 00:00:00+00:00,21.199344494899165,20.969798200626077,21.068819046020508,34217400,20.974298367705053
2016-09-15 00:00:00+00:00,21.455887113957733,21.06880939474891,21.415380477905273,32572600,21.113817912783805
2016-09-16 00:00:00+00:00,21.422622402389887,21.241840094933522,21.336750030517578,31766200,21.422622402389887
2016-09-19 00:00:00+00:00,21.494930944553328,21.237317325443055,21.296070098876953,14242600,21.39098174070774
2016-09-20 00:00:00+00:00,21.409063062956065,21.255398615577974,21.282516479492188,10002200,21.36838712911869
2016-09-21 00:00:00+00:00,21.535606833981344,21.282511996300485,21.52204704284668,24095200,21.36386384683835
2016-09-22 00:00:00+00:00,21.680228357842918,21.59887652083258,21.65311050415039,20997000,21.648591723901923
2016-09-23 00:00:00+00:00,21.64859411946382,21.42713593330379,21.463293075561523,23973000,21.64859411946382
2016-09-26 00:00:00+00:00,21.40906260868655,21.29607409754329,21.336750030517578,19240800,21.372907181635995
2016-09-27 00:00:00+00:00,21.580803279105172,21.30963157150788,21.57176399230957,17569000,21.363865568213804
2016-09-28 00:00:00+00:00,21.621477487980954,21.476852358889513,21.612438201904297,18096800,21.589840848746423
2016-09-29 00:00:00+00:00,21.63956160874973,21.418103353256203,21.48137664794922,22813800,21.585325878383166
2016-09-30 00:00:00+00:00,21.66215413736973,21.513008498220863,21.5943603515625,18510600,21.53108707097847
2016-10-03 00:00:00+00:00,21.58532378375058,21.48137456340383,21.531089782714844,12462800,21.535610288507378
2016-10-04 00:00:00+00:00,21.639564816517957,21.377430586425696,21.45426368713379,17804400,21.603407657580444
2016-10-05 00:00:00+00:00,21.58080500202586,21.490413850921087,21.531089782714844,18015200,21.51301120768033
2016-10-06 00:00:00+00:00,21.603398362711147,21.454254456433706,21.580801010131836,10011800,21.549164371707302
2016-10-07 00:00:00+00:00,21.62599624651894,21.418097839174415,21.52204704284668,12147800,21.598880112384677
2016-10-10 00:00:00+00:00,21.720909291085253,21.62147886199092,21.671194076538086,13315600,21.63503692993373
2016-10-11 00:00:00+00:00,21.69830713229793,21.332225557267012,21.427135467529297,17454600,21.67119100026151
2016-10-12 00:00:00+00:00,21.522045845629187,21.336744801726894,21.463293075561523,11040800,21.44521450443266
2016-10-13 00:00:00+00:00,21.395501075989458,21.146926736521927,21.327707290649414,19338400,21.323188509524947
2016-10-14 00:00:00+00:00,21.553684660039647,21.390982675648903,21.409059524536133,18896600,21.41358002980865
2016-10-17 00:00:00+00:00,21.454254124318467,21.3503049248088,21.363862991333008,10150200,21.409057695792008
2016-10-18 00:00:00+00:00,21.576288314056715,21.45426050683391,21.48137664794922,10117800,21.52205258369015
2016-10-19 00:00:00+00:00,21.544644395981077,21.427137125241682,21.52204704284668,10070000,21.467813050510614
2016-10-20 00:00:00+00:00,21.476852859623673,21.318667935695387,21.422618865966797,12296000,21.467813573336265
2016-10-21 00:00:00+00:00,21.494936442574847,21.395505994304123,21.48137664794922,16153800,21.45426050683391
2016-10-24 00:00:00+00:00,21.70282999437077,21.576283433608943,21.689271926879883,10786200,21.594360282240928
2016-10-25 00:00:00+00:00,21.720907910756644,21.57176227659311,21.612438201904297,8724800,21.720907910756644
2016-10-26 00:00:00+00:00,21.60791692508174,21.422615892082266,21.490407943725586,12559400,21.43165345304751
2016-10-27 00:00:00+00:00,21.589839625328718,21.436175218868225,21.463293075561523,17642200,21.585319120512786
2016-10-28 00:00:00+00:00,21.66215300347959,21.386460817593573,21.44069480895996,20837800,21.522046658043294
2016-10-31 00:00:00+00:00,21.52656752536216,21.431655883789062,21.431655883789062,11760000,21.49493088619364
2016-11-01 00:00:00+00:00,21.499455687091526,21.101735609523494,21.246360778808594,18130600,21.47685832765348
2016-11-02 00:00:00+00:00,21.309632044985538,21.06105596275264,21.11077117919922,16334600,21.24635703601044
2016-11-03 00:00:00+00:00,21.09721216476089,20.898353031958923,20.907390594482422,20251400,21.05201745587287
2016-11-04 00:00:00+00:00,21.038455460704686,20.81699899665069,20.871232986450195,16308000,20.88931155773918
2016-11-07 00:00:00+00:00,21.33222997632738,21.12885032358626,21.323190689086914,26452000,21.17856554137495
2016-11-08 00:00:00+00:00,21.51752659714131,21.259912998390885,21.427135467529297,19560000,21.282510349777038
2016-11-09 00:00:00+00:00,21.436173924742857,20.98873879868645,21.40001678466797,54258800,21.101727275319476
2016-11-10 00:00:00+00:00,21.5220458128986,20.76276306731527,21.056533813476562,79031000,21.5220458128986
2016-11-11 00:00:00+00:00,21.16500462714766,20.939027648719353,21.119808197021484,28183200,20.939027648719353
2016-11-14 00:00:00+00:00,21.151441245184188,20.699487365056033,20.798917770385742,37942000,21.137883180481857
2016-11-15 00:00:00+00:00,21.16500188564654,20.929985651634635,21.092687606811523,34741600,20.93902493648901
2016-11-16 00:00:00+00:00,21.30059287365684,21.015861365959715,21.287033081054688,20248400,21.0429792270963
2016-11-17 00:00:00+00:00,21.44069571447404,21.26443394203851,21.422618865966797,17048200,21.305109868298064
2016-11-18 00:00:00+00:00,21.517529511928707,21.363865087992963,21.404541015625,17646000,21.472333078966646
2016-11-21 00:00:00+00:00,21.6395537899833,21.449732250422272,21.621475219726562,17951000,21.481368886337883
2016-11-22 00:00:00+00:00,21.72542734821144,21.639556713989855,21.689271926879883,16977600,21.693790708020984
2016-11-23 00:00:00+00:00,21.67571184248717,21.526567929899574,21.6033992767334,16233600,21.67571184248717
2016-11-25 00:00:00+00:00,21.698313032367274,21.594363808471826,21.69379425048828,6219000,21.61696289007038
2016-11-28 00:00:00+00:00,21.81129506720734,21.662151172538923,21.71186637878418,14975600,21.67570923821768
2016-11-29 00:00:00+00:00,21.82937491934656,21.648594378100405,21.725425720214844,11856800,21.698307863197567
2016-11-30 00:00:00+00:00,21.757063755649753,21.46329471072853,21.46781349182129,23633200,21.757063755649753
2016-12-01 00:00:00+00:00,21.49492326357358,20.96613642315205,21.024890899658203,43731200,21.44068756646009
2016-12-02 00:00:00+00:00,21.151453206854267,20.957112790569468,21.10173797607422,20105400,21.006828021349516
2016-12-05 00:00:00+00:00,21.359346839963525,21.133369823474386,21.305112838745117,18010000,21.219242193143657
2016-12-06 00:00:00+00:00,21.40453864260522,21.26895280688606,21.36838150024414,18509600,21.354823433892456
2016-12-07 00:00:00+00:00,21.793223151399637,21.341269136474338,21.775144577026367,19945800,21.354827205220417
2016-12-08 00:00:00+00:00,21.924284224179043,21.725425117108447,21.829374313354492,19354200,21.784179610314442
2016-12-09 00:00:00+00:00,21.98756217956543,21.87457368270038,21.98756217956543,24615000,21.910729105182025
2016-12-12 00:00:00+00:00,21.969482591936785,21.85197359514477,21.919767379760742,19170200,21.919767379760742
2016-12-13 00:00:00+00:00,22.303931184665423,22.001122805414013,22.195463180541992,27934000,22.014680874912482
2016-12-14 00:00:00+00:00,22.2948891291757,22.0734309356013,22.11862564086914,35830000,22.209016775472314
2016-12-15 00:00:00+00:00,22.331044210624814,22.1095860204019,22.218055725097656,23140000,22.145743163322972
2016-12-16 00:00:00+00:00,22.284324331251852,22.02557391306698,22.057350158691406,21131400,22.27978560973787
2016-12-19 00:00:00+00:00,22.288869709494875,22.057356746277456,22.216238021850586,13254000,22.075515101107534
2016-12-20 00:00:00+00:00,22.33427318868014,22.243483115343416,22.297956466674805,11413000,22.275259381259776
2016-12-21 00:00:00+00:00,22.297953827322097,22.207163764731963,22.252559661865234,9247400,22.28887464789544
2016-12-22 00:00:00+00:00,22.26617474266137,22.139069710153123,22.20716094970703,22210400,22.252556841085827
2016-12-23 00:00:00+00:00,22.23440093693516,22.143610875839833,22.229862213134766,12717400,22.18446631674891
2016-12-27 00:00:00+00:00,22.42505404567844,22.243473973631495,22.32064437866211,13681400,22.252553150401432
2016-12-28 00:00:00+00:00,22.37965922657057,22.111829559980723,22.120908737182617,15555200,22.347882972201944
2016-12-29 00:00:00+00:00,22.184467928397364,22.070980776702733,22.125455856323242,9593000,22.120915400516612
2016-12-30 00:00:00+00:00,22.175381390353085,21.884854655483977,21.95294761657715,17003200,22.175381390353085
2017-01-03 00:00:00+00:00,22.22531799628902,22.01650210328283,22.148147583007812,27881200,22.09367251656404
2017-01-04 00:00:00+00:00,22.257100896476945,22.15269291880718,22.225324630737305,14446200,22.166312555321745
2017-01-05 00:00:00+00:00,22.31610624970419,22.175381603540856,22.261632919311523,11005800,22.202619134575166
2017-01-06 00:00:00+00:00,22.456836533896617,22.198085984974426,22.425060272216797,17501200,22.261638508334066
2017-01-09 00:00:00+00:00,22.493152488249734,22.40690287878603,22.420520782470703,16627000,22.438679141834577
2017-01-10 00:00:00+00:00,22.502230698674538,22.347888114082668,22.425060272216797,15471600,22.425060272216797
2017-01-11 00:00:00+00:00,22.529468536376953,22.35696759090766,22.529468536376953,15173000,22.38420512914273
2017-01-12 00:00:00+00:00,22.502228379792285,22.261636214245133,22.474990844726562,13725400,22.443214586321325
2017-01-13 00:00:00+00:00,22.583940537349964,22.474992122568892,22.5430850982666,9665800,22.474992122568892
2017-01-17 00:00:00+00:00,22.52039687525602,22.406909692237534,22.456844329833984,9651600,22.48408014548515
2017-01-18 00:00:00+00:00,22.547618690724764,22.4613691085882,22.51584243774414,12315400,22.520382891984752
2017-01-19 00:00:00+00:00,22.59756078909294,22.443218195585263,22.484073638916016,14500000,22.515849902431434
2017-01-20 00:00:00+00:00,22.665647927759952,22.547620352269345,22.60663414001465,17510800,22.583937062166775
2017-01-23 00:00:00+00:00,22.65657254142034,22.488612059229915,22.647493362426758,23955200,22.58394084114802
2017-01-24 00:00:00+00:00,22.82453252806522,22.620257066011845,22.788217544555664,13021800,22.629334513132015
2017-01-25 00:00:00+00:00,23.006113052368164,22.89262591289582,23.006113052368164,18395600,22.91078427081371
2017-01-26 00:00:00+00:00,23.01973061843122,22.879007675815654,22.94256019592285,14253000,23.00157226077879
2017-01-27 00:00:00+00:00,23.074201607796823,22.98341156727869,23.03334617614746,12046000,23.02426699892805
2017-01-30 00:00:00+00:00,22.956171842079726,22.74281552700044,22.847225189208984,16893200,22.956171842079726
2017-01-31 00:00:00+00:00,22.797294273322848,22.633872535902082,22.733741760253906,19115600,22.774595462932993
2017-02-01 00:00:00+00:00,22.978875979415726,22.77913923331535,22.9062442779541,23362200,22.94256099452309
2017-02-02 00:00:00+00:00,22.901697176455073,22.74281419710193,22.860841751098633,17197800,22.838144677384104
2017-02-03 00:00:00+00:00,23.04242307374267,22.942555590055964,23.01064682006836,13667200,22.94709431271974
2017-02-06 00:00:00+00:00,23.02880401174134,22.919857356549993,23.02426528930664,13453000,22.978869406580362
2017-02-07 00:00:00+00:00,23.14230216360409,23.05151208650608,23.11506462097168,20106200,23.069670448261018
2017-02-08 00:00:00+00:00,23.192225290092843,23.051500653801387,23.155908584594727,12706200,23.115053156747262
2017-02-09 00:00:00+00:00,23.287561850304208,23.155916346260828,23.228548049926758,9739200,23.155916346260828
2017-02-10 00:00:00+00:00,23.332955202479656,23.2240067930255,23.29663848876953,8355800,23.283020586966344
2017-02-13 00:00:00+00:00,23.428288107710188,23.305721774850422,23.401050567626953,13159400,23.337498039109267
2017-02-14 00:00:00+00:00,23.478214263916016,23.30571336895944,23.478214263916016,12467600,23.373806328769533
2017-02-15 00:00:00+00:00,23.57354967027248,23.43736544392296,23.555391311645508,11895000,23.460062526368482
2017-02-16 00:00:00+00:00,23.673413707778323,23.555386134321097,23.609859466552734,14123000,23.587162389095887
2017-02-17 00:00:00+00:00,23.691570281982422,23.546306908546324,23.691570281982422,14175400,23.58262361774335
2017-02-21 00:00:00+00:00,23.82321377432261,23.705187942598553,23.81413459777832,15237400,23.741502917099854
2017-02-22 00:00:00+00:00,23.859535615297215,23.741508026496643,23.84137725830078,13769600,23.791442642398714
2017-02-23 00:00:00+00:00,23.89131093004255,23.73242791011702,23.836835861206055,13405400,23.87315257376372
2017-02-24 00:00:00+00:00,23.900390823919118,23.682494005400184,23.891311645507812,15544200,23.696113638855255
2017-02-27 00:00:00+00:00,23.886772355123515,23.82321983482192,23.87769317626953,15951200,23.886772355123515
2017-02-28 00:00:00+00:00,23.859534529322705,23.727889044604815,23.764204025268555,15243000,23.83683571827219
2017-03-01 00:00:00+00:00,24.131908252973904,23.854999321342696,24.10013198852539,18190600,23.909472670157783
2017-03-02 00:00:00+00:00,24.081968967558133,23.927626399389602,23.941246032714844,14340200,24.077430244233856
2017-03-03 00:00:00+00:00,23.995718002319336,23.873151699440303,23.995718002319336,15714000,23.923086311540217
2017-03-06 00:00:00+00:00,24.000255609395225,23.8549922345916,23.959400177001953,13430400,23.895847666984867
2017-03-07 00:00:00+00:00,24.059269396557955,23.923085199139056,23.959400177001953,13960800,23.941243553908517
2017-03-08 00:00:00+00:00,24.059270714206768,23.954862766078325,23.98663902282715,11361800,23.98663902282715
2017-03-09 00:00:00+00:00,24.018418332245595,23.86407575198791,23.98210334777832,15300400,23.991180795137886
2017-03-10 00:00:00+00:00,24.159139858317197,24.00933602128065,24.10920524597168,14709000,24.0955873450324
2017-03-13 00:00:00+00:00,24.159147866680158,24.086516151467574,24.13191032409668,14922400,24.10921323778213
2017-03-14 00:00:00+00:00,24.11374379722036,23.98663877155654,24.077428817749023,14479800,24.11374379722036
2017-03-15 00:00:00+00:00,24.281707793195913,24.041113893155295,24.24085235595703,17867200,24.1137455891715
2017-03-16 00:00:00+00:00,24.340724253345808,24.22723709958688,24.254474639892578,21956000,24.33164507324391
2017-03-17 00:00:00+00:00,24.3843428754861,24.297761081337942,24.306875228881836,13790800,24.347888023656417
2017-03-20 00:00:00+00:00,24.38434165247559,24.26130501266872,24.32965850830078,9083600,24.31143021412724
2017-03-21 00:00:00+00:00,24.45269595848248,23.965100407092116,23.974214553833008,29811000,24.393454873839556
2017-03-22 00:00:00+00:00,24.161054142326236,23.946876004975714,24.124597549438477,22766600,23.978774654579492
2017-03-23 00:00:00+00:00,24.16106019161028,24.024351410745005,24.060806274414062,22718800,24.088148725925702
2017-03-24 00:00:00+00:00,24.224851981360455,23.997003485772662,24.079029083251953,26281800,24.142826383881165
2017-03-27 00:00:00+00:00,24.129156030416638,23.84662438262467,24.079029083251953,13690000,23.878523032939277
2017-03-28 00:00:00+00:00,24.306872777633373,24.015227039023586,24.25218963623047,16907800,24.056239829662196
2017-03-29 00:00:00+00:00,24.30687370516778,24.188393271216068,24.293203353881836,11410200,24.243076414705644
2017-03-30 00:00:00+00:00,24.370668554755948,24.256744336527838,24.338769912719727,17508400,24.274972628647284
2017-03-31 00:00:00+00:00,24.375228938289094,24.26586091296415,24.293203353881836,12207000,24.315987852140342
2017-04-03 00:00:00+00:00,24.352449496454028,24.124600973603556,24.270423889160156,26035800,24.315994636738015
2017-04-04 00:00:00+00:00,24.28864860534668,24.16105400764284,24.28864860534668,15041600,24.170168155813972
2017-04-05 00:00:00+00:00,24.475478508751397,24.165604497599425,24.188390731811523,20955800,24.311427357159694
2017-04-06 00:00:00+00:00,24.265868384322303,24.133715820049638,24.192956924438477,13870200,24.215741429712235
2017-04-07 00:00:00+00:00,24.243080443153115,24.09269960063591,24.179283142089844,12938800,24.15649690169918
2017-04-10 00:00:00+00:00,24.25219304563875,24.083583916895755,24.133710861206055,9687200,24.192951953422405
2017-04-11 00:00:00+00:00,24.129153646446095,23.846622026568372,24.042570114135742,16914200,24.092697056347866
2017-04-12 00:00:00+00:00,24.04712637408651,23.914973851748208,23.96054458618164,17368400,24.01978393342645
2017-04-13 00:00:00+00:00,24.092701419613807,23.864852905273438,23.864852905273438,19533200,23.93320815491403
2017-04-17 00:00:00+00:00,24.09269416352006,23.937757150897767,24.083580017089844,14132000,23.937757150897767
2017-04-18 00:00:00+00:00,24.124598087031085,23.983333132308136,24.079029083251953,12487200,24.019787987662227
2017-04-19 00:00:00+00:00,24.202072999704505,24.015237260241125,24.060806274414062,14521000,24.11548943909088
2017-04-20 00:00:00+00:00,24.320546182018532,24.088141498116805,24.27953338623047,15163800,24.124596350847337
2017-04-21 00:00:00+00:00,24.293209215711105,24.1838411639962,24.22941017150879,15233000,24.28865127195212
2017-04-24 00:00:00+00:00,24.534726863109864,24.439030909089848,24.516498565673828,16210000,24.49371406305184
2017-04-25 00:00:00+00:00,24.69421585423733,24.57573541806113,24.64409065246582,20089600,24.61674821103478
2017-04-26 00:00:00+00:00,24.703330602266707,24.593964310573952,24.616748809814453,16294400,24.644091251910574
2017-04-27 00:00:00+00:00,24.735227516412003,24.657759876750973,24.71700096130371,17183400,24.680544374395645
2017-04-28 00:00:00+00:00,24.830928718023433,24.721560680096392,24.78080177307129,22836800,24.794472125932423
2017-05-01 00:00:00+00:00,24.999538575147053,24.826373222335313,24.967639923095703,15126000,24.871943966941647
2017-05-02 00:00:00+00:00,25.058776384600733,24.9311800547982,25.022319793701172,15070200,25.017763589011693
2017-05-03 00:00:00+00:00,24.994974067527238,24.86282328873869,24.976747512817383,14309000,24.940290926706265
2017-05-04 00:00:00+00:00,24.999535592710668,24.87649720447125,24.95852279663086,15159800,24.985865240132714
2017-05-05 00:00:00+00:00,25.058779599944152,24.940297402663816,25.049665451049805,13651600,24.999538501303984
2017-05-08 00:00:00+00:00,25.172699189590798,25.022318368215988,25.159027099609375,12140200,25.067887365898503
2017-05-09 00:00:00+00:00,25.259278920089674,25.140796754426553,25.1909236907959,15388600,25.186367486737634
2017-05-10 00:00:00+00:00,25.304855283030992,25.163590317593385,25.28662872314453,10604000,25.21827347394516
2017-05-11 00:00:00+00:00,25.2683965933379,25.10890161550646,25.254724502563477,18196000,25.209155502237884
2017-05-12 00:00:00+00:00,25.332189942583916,25.25016436410002,25.318519592285156,9307600,25.277506803043206
2017-05-15 00:00:00+00:00,25.45978546142578,25.336747089122774,25.45978546142578,19898600,25.350419178275814
2017-05-16 00:00:00+00:00,25.57826805114746,25.432445178980284,25.57826805114746,18122200,25.519026966096494
2017-05-17 00:00:00+00:00,25.40054798460755,24.867381665398767,24.881052017211914,37090000,25.3777617471245
2017-05-18 00:00:00+00:00,25.12257221860667,24.776241578595346,25.026874542236328,33644400,24.817254371798114
2017-05-19 00:00:00+00:00,25.250164704458832,25.136240481511745,25.172697067260742,20438200,25.163582920823494
2017-05-22 00:00:00+00:00,25.405107650441092,25.227386099272934,25.37320899963379,21020600,25.231942304382795
2017-05-23 00:00:00+00:00,25.505359092343316,25.35042205832378,25.41877555847168,13221000,25.4780166492766
2017-05-24 00:00:00+00:00,25.528146124011418,25.427892227837237,25.523588180541992,18643800,25.487133324517078
2017-05-25 00:00:00+00:00,25.760549009333253,25.55548676469212,25.70586585998535,12227000,25.605611970892546
2017-05-26 00:00:00+00:00,25.724092631743815,25.628396691468424,25.69219398498535,72564400,25.68307983757638
2017-05-30 00:00:00+00:00,25.82890188959064,25.66940866092256,25.801559448242188,11850600,25.701307306656176
2017-05-31 00:00:00+00:00,25.906370520668123,25.67396584455239,25.760547637939453,28492200,25.89725811155023
2017-06-01 00:00:00+00:00,25.824344635009766,25.664851402091617,25.824344635009766,16872400,25.81523222599661
2017-06-02 00:00:00+00:00,26.065863942389413,25.838015484393605,26.06130599975586,16982000,25.92004106833976
2017-06-05 00:00:00+00:00,26.15245041520449,26.0294120172459,26.084096908569336,13531600,26.061310668011526
2017-06-06 00:00:00+00:00,26.166120686902868,26.00207122848468,26.03396987915039,15370400,26.052196437855024
2017-06-07 00:00:00+00:00,26.16157014329243,25.97929061003135,26.11600112915039,17407400,26.09321488373291
2017-06-08 00:00:00+00:00,26.193465954654343,26.029414740214623,26.17523765563965,14204800,26.161567300551763
2017-06-09 00:00:00+00:00,26.257261265434824,25.163589482944207,25.528146743774414,70285000,26.21169225971085
2017-06-12 00:00:00+00:00,25.418774634757025,24.95852149244136,25.377761840820312,71412800,25.263837606367876
2017-06-13 00:00:00+00:00,25.642065102389477,25.37320385838728,25.560039520263672,36586800,25.50079843576265
2017-06-14 00:00:00+00:00,25.66485641751673,25.227387688868948,25.437007904052734,32361200,25.66030021211978
2017-06-15 00:00:00+00:00,25.35953283407711,25.04054466076346,25.323076248168945,29501000,25.14991094179656
2017-06-16 00:00:00+00:00,25.333605261200333,25.17346938696429,25.278701782226562,43222600,25.324454390479683
2017-06-19 00:00:00+00:00,25.672177089964947,25.45713601993929,25.65387535095215,19858400,25.47086145152394
2017-06-20 00:00:00+00:00,25.65845119961893,25.44798469543457,25.44798469543457,21915400,25.644724022929818
2017-06-21 00:00:00+00:00,25.60354820169337,25.457137770224435,25.58982276916504,24586400,25.53491929370169
2017-06-22 00:00:00+00:00,25.68589722286398,25.516610535292088,25.598966598510742,17585600,25.6675954876266
2017-06-23 00:00:00+00:00,25.823161930562158,25.534917396779996,25.75910758972168,32847200,25.576095436656004
2017-06-26 00:00:00+00:00,25.951275324071634,25.59439835590183,25.621850967407227,19455800,25.896370101060842
2017-06-27 00:00:00+00:00,25.530338834850816,25.200916290283203,25.200916290283203,25791000,25.484586236962176
2017-06-28 00:00:00+00:00,25.539493123296573,25.127712705761528,25.516616821289062,25952000,25.297001180387028
2017-06-29 00:00:00+00:00,25.39765739902583,24.857770036327054,25.059083938598633,41946800,25.39765739902583
2017-06-30 00:00:00+00:00,25.20549008586193,25.013325340800694,25.036203384399414,30743800,25.164312050873786
2017-07-03 00:00:00+00:00,25.18718697509967,24.83488641616434,24.86233901977539,33105200,25.141434381097508
2017-07-05 00:00:00+00:00,25.15974014830059,24.87149387292108,25.109411239624023,29618800,24.953849951600937
2017-07-06 00:00:00+00:00,25.017905306873143,24.82116597152614,24.880645751953125,25514800,24.889796621661116
2017-07-07 00:00:00+00:00,25.25125182121791,24.953856345648543,25.168895721435547,17636400,24.97215808901136
2017-07-10 00:00:00+00:00,25.411389430642032,25.13686851654213,25.351909637451172,11188400,25.173472003228905
2017-07-11 00:00:00+00:00,25.447983075198007,25.228367461003337,25.40680503845215,13713000,25.324448964960425
2017-07-12 00:00:00+00:00,25.759114786970507,25.566951710757568,25.736238479614258,33103800,25.58067714610124
2017-07-13 00:00:00+00:00,25.87806509318941,25.727078377178866,25.786558151245117,16250200,25.772832720825885
2017-07-14 00:00:00+00:00,26.042770679982628,25.859758575275553,26.01531982421875,13379200,25.896360298077198
2017-07-17 00:00:00+00:00,26.093102660543977,25.96956855895499,26.0198974609375,19674200,26.038199197176528
2017-07-18 00:00:00+00:00,26.138864517211914,25.905521676442095,26.138864517211914,19840400,25.969576026347493
2017-07-19 00:00:00+00:00,26.294421548635192,26.15716025506913,26.271543502807617,13347200,26.180038300896708
2017-07-20 00:00:00+00:00,26.353893574683067,26.175456028133407,26.32644271850586,20745800,26.344744452856965
2017-07-21 00:00:00+00:00,26.298998619398834,26.18461536074869,26.294424057006836,11610000,26.21206797115073
2017-07-24 00:00:00+00:00,26.38134721291117,26.225785955512613,26.358470916748047,10756200,26.28068941537401
2017-07-25 00:00:00+00:00,26.363050901576745,26.193764180722443,26.308147430419922,13760600,26.27612026013262
2017-07-26 00:00:00+00:00,26.454560360596965,26.321875359473847,26.4088077545166,21205200,26.44998579812895
2017-07-27 00:00:00+00:00,26.628420878642835,25.983299420163053,26.308147430419922,46094400,26.59639370835553
2017-07-28 00:00:00+00:00,26.331029603941563,26.152591973872244,26.28070068359375,20586200,26.175468279843905
2017-07-31 00:00:00+00:00,26.38134863322565,26.125129564495655,26.1525821685791,21965600,26.321868863719654
2017-08-01 00:00:00+00:00,26.308146991405742,26.18918918165941,26.28527069091797,16614400,26.28527069091797
2017-08-02 00:00:00+00:00,26.559784766472845,26.19375879181434,26.358470916748047,25147800,26.555210205380032
2017-08-03 00:00:00+00:00,26.395083223339533,26.221221906519116,26.299001693725586,21375600,26.395083223339533
2017-08-04 00:00:00+00:00,26.4408269792149,26.298991150444316,26.358470916748047,9513800,26.353894610305712
2017-08-07 00:00:00+00:00,26.51861572265625,26.385930716452577,26.51861572265625,15366000,26.39508158708905
2017-08-08 00:00:00+00:00,26.687905848314873,26.40881038550949,26.48201560974121,20921400,26.48201560974121
2017-08-09 00:00:00+00:00,26.486582529350425,26.29899408730522,26.468280792236328,13945600,26.312719517465936
2017-08-10 00:00:00+00:00,26.35389940777829,25.93296989663224,25.94669532775879,29823800,26.326448545525185
2017-08-11 00:00:00+00:00,26.21206972852803,25.955850583647596,26.125137329101562,29936200,25.987877758588883
2017-08-14 00:00:00+00:00,26.578095945304806,26.308151365824084,26.541492462158203,19517000,26.36305484519385
2017-08-15 00:00:00+00:00,26.642146175334524,26.50031031810112,26.582666397094727,14105200,26.59639357382691
2017-08-16 00:00:00+00:00,26.756527671071787,26.573515531684418,26.660446166992188,18111800,26.62384269190486
2017-08-17 00:00:00+00:00,26.600972145350962,26.138864517211914,26.138864517211914,25937800,26.55979409964747
2017-08-18 00:00:00+00:00,26.29442405294316,26.010752314882634,26.11141014099121,33393000,26.138862751389006
2017-08-21 00:00:00+00:00,26.15716215645848,25.92839564435225,26.102258682250977,15957200,26.129711292029718
2017-08-22 00:00:00+00:00,26.509455613935252,26.221211143410084,26.49115562438965,16922400,26.239511132955688
2017-08-23 00:00:00+00:00,26.50031589703057,26.33560544971787,26.42711067199707,17847400,26.34475632101584
2017-08-24 00:00:00+00:00,26.518613372592004,26.27154512335265,26.40423011779785,16187800,26.49116250846538
2017-08-25 00:00:00+00:00,26.56894302892033,26.344752820633733,26.399656295776367,16666200,26.491163251247432
2017-08-28 00:00:00+00:00,26.500310761161607,26.376778385955728,26.449983596801758,11986600,26.463709028413543
2017-08-29 00:00:00+00:00,26.600970937651443,26.202917677489648,26.564369201660156,17379600,26.234944850988292
2017-08-30 00:00:00+00:00,26.77483059272317,26.53233866826965,26.756528854370117,15308000,26.591816699892316
2017-08-31 00:00:00+00:00,26.962422451890824,26.788559406283596,26.916669845581055,18851600,26.82058657977045
2017-09-01 00:00:00+00:00,27.008174457310098,26.861764025956173,26.89379119873047,12026200,26.985298154664175
2017-09-05 00:00:00+00:00,26.86633501082749,26.477430961497998,26.655868530273438,23803400,26.81600610776782
2017-09-06 00:00:00+00:00,26.77483059280171,26.564365837790497,26.678749084472656,18227400,26.7382271160955
2017-09-07 00:00:00+00:00,26.825163172403798,26.669601865808968,26.7702579498291,15387600,26.765683387289577
2017-09-08 00:00:00+00:00,26.76567925738104,26.532338206168042,26.55063819885254,12518400,26.729075781312446
2017-09-11 00:00:00+00:00,26.953272008403303,26.761108964439018,26.925819396972656,14074600,26.761108964439018
2017-09-12 00:00:00+00:00,27.040201052714824,26.86633976003813,26.9898738861084,15723400,27.00359931833288
2017-09-13 00:00:00+00:00,26.962420828277015,26.848037574040422,26.953269958496094,16256600,26.95784452071158
2017-09-14 00:00:00+00:00,26.985297124480276,26.802284964949504,26.86176300048828,15253400,26.85261213070925
2017-09-15 00:00:00+00:00,26.99446414890343,26.792429279963088,26.971506118774414,26247600,26.83834709180654
2017-09-18 00:00:00+00:00,27.095478645380602,26.893445536871944,26.994462966918945,20824000,27.0128300908521
2017-09-19 00:00:00+00:00,27.16893971184899,26.96690664556056,27.113840103149414,11232200,27.035782470123763
2017-09-20 00:00:00+00:00,27.118442580071132,26.815391995094423,27.003650665283203,17901600,27.109259016697823
2017-09-21 00:00:00+00:00,26.994462264049893,26.769469380690378,26.856712341308594,16209200,26.994462264049893
2017-09-22 00:00:00+00:00,26.907221618969,26.755697216389528,26.8704891204834,9649600,26.769471684373446
2017-09-25 00:00:00+00:00,26.783247054692215,26.434278696424183,26.55366325378418,27146200,26.783247054692215
2017-09-26 00:00:00+00:00,26.760280851624834,26.567431345901486,26.650081634521484,18106600,26.695997683050383
2017-09-27 00:00:00+00:00,27.003655582848832,26.728153886235535,26.921005249023438,15271000,26.769479053148235
2017-09-28 00:00:00+00:00,26.966914727195743,26.79702319436652,26.953140258789062,11178400,26.852122819578742
2017-09-29 00:00:00+00:00,27.15976627102183,26.966914953780407,27.13680648803711,24857400,26.99905654805639
2017-10-02 00:00:00+00:00,27.265372159842208,27.04497192541623,27.178129196166992,15143800,27.205679882314747
2017-10-03 00:00:00+00:00,27.256183217003315,27.168940270551197,27.242408752441406,12932000,27.20108360717067
2017-10-04 00:00:00+00:00,27.265377590859774,27.104667850363963,27.22405242919922,13299200,27.19650173756361
2017-10-05 00:00:00+00:00,27.49036399189543,27.292921781826955,27.48577308654785,12845400,27.306698001040495
2017-10-06 00:00:00+00:00,27.540877894293985,27.384760809300165,27.527103424072266,11852800,27.39394437330989
2017-10-09 00:00:00+00:00,27.655658605181873,27.550050289263233,27.595966339111328,13898400,27.56841740983648
2017-10-10 00:00:00+00:00,27.706174023175993,27.48118112060857,27.623523712158203,10945800,27.68321599269004
2017-10-11 00:00:00+00:00,27.724540389042232,27.58679045831295,27.715356826782227,9961800,27.58679045831295
2017-10-12 00:00:00+00:00,27.779641500181516,27.614340873811056,27.646482467651367,12212800,27.651075124820267
2017-10-13 00:00:00+00:00,27.83015082554732,27.747500510562322,27.77964210510254,11900000,27.747500510562322
2017-10-16 00:00:00+00:00,27.885248101341347,27.78423066896613,27.880657196044922,16612800,27.848515604213787
2017-10-17 00:00:00+00:00,27.880657196044922,27.788823325847943,27.880657196044922,10263400,27.871473633866685
2017-10-18 00:00:00+00:00,27.98626962395476,27.862294143807436,27.949535369873047,12182600,27.96331159094651
2017-10-19 00:00:00+00:00,27.899020098506654,27.68321253697556,27.866878509521484,13745200,27.830146015646392
2017-10-20 00:00:00+00:00,28.087283042898058,27.990858261127713,28.05514144897461,14814800,28.036776075007996
2017-10-23 00:00:00+00:00,28.124016841941366,27.889842125465258,27.92198371887207,14109800,28.101058811163
2017-10-24 00:00:00+00:00,28.04595977577613,27.885250053782663,28.000041961669922,16071600,27.97708393040957
2017-10-25 00:00:00+00:00,28.018404152844855,27.664844928628998,27.848512649536133,18451800,27.935753853595163
2017-10-26 00:00:00+00:00,28.082689227549988,27.944939303352925,27.963306427001953,18872800,28.0092224845392
2017-10-27 00:00:00+00:00,28.794402491976708,28.413294258848772,28.716344833374023,29078400,28.413294258848772
2017-10-30 00:00:00+00:00,28.890825543895577,28.41329255469297,28.78062629699707,17149400,28.41329255469297
2017-10-31 00:00:00+00:00,28.964296243157097,28.776035824872377,28.904603958129883,20222600,28.890827737532476
2017-11-01 00:00:00+00:00,29.07908632009386,28.757668634619133,28.90919303894043,19101400,29.042352069600536
2017-11-02 00:00:00+00:00,28.950518754932627,28.702567814063052,28.922969818115234,20449200,28.909193598121032
2017-11-03 00:00:00+00:00,29.180100585945034,28.904600726992133,29.152551651000977,15319400,29.074492248293577
2017-11-06 00:00:00+00:00,29.226020492156177,29.11581948972304,29.21683692932129,12000400,29.134186615392814
2017-11-07 00:00:00+00:00,29.25815867173958,29.11122518670014,29.230607986450195,11551200,29.248975109976453
2017-11-08 00:00:00+00:00,29.395910336299874,29.152553802794838,29.391321182250977,18201000,29.230611459678403
2017-11-09 00:00:00+00:00,29.207655176787092,28.863279431269092,29.157146453857422,20490800,29.166330017261508
2017-11-10 00:00:00+00:00,29.18010448657483,29.05153810208884,29.157146453857422,11966400,29.12041220024107
2017-11-13 00:00:00+00:00,29.18469109414595,29.04234851826833,29.14795684814453,8600600,29.04693942322588
2017-11-14 00:00:00+00:00,29.120411783038943,28.927562209072875,29.08827018737793,14741600,29.060721249145974
2017-11-15 00:00:00+00:00,28.987249397616246,28.794398105974338,28.87245750427246,16985000,28.945924245949072
2017-11-16 00:00:00+00:00,29.336219687305835,29.083677840375202,29.276527404785156,15282200,29.083677840375202
2017-11-17 00:00:00+00:00,29.258163480541096,29.069904812418493,29.08827018737793,16604200,29.23520369656701
2017-11-20 00:00:00+00:00,29.22143101047391,29.115822653774387,29.19847297668457,13159800,29.15714781522948
2017-11-21 00:00:00+00:00,29.524476360981204,29.29029991773802,29.5061092376709,16348000,29.313257946083258
2017-11-22 00:00:00+00:00,29.515292934476232,29.400501033826796,29.45100975036621,24231600,29.50611112381943
2017-11-24 00:00:00+00:00,29.630084587084202,29.487743752485127,29.616310119628906,8678200,29.49692556306507
2017-11-27 00:00:00+00:00,29.653044368290207,29.515292687395718,29.616310119628906,13778200,29.565801403512314
2017-11-28 00:00:00+00:00,29.740285065816188,29.542842850020044,29.712736129760742,22623200,29.662227411545153
2017-11-29 00:00:00+00:00,29.666821347016192,28.854094418234848,29.056127548217773,67280400,29.662228689752073
2017-11-30 00:00:00+00:00,29.39132043859853,29.07908631579331,29.313261032104492,42095000,29.1846946585678
2017-12-01 00:00:00+00:00,29.30866503747457,28.739296514874777,29.16172981262207,38423600,29.13418088112517
2017-12-04 00:00:00+00:00,29.359171887811343,28.665829672854183,28.69338035583496,33611000,29.345397422113535
2017-12-05 00:00:00+00:00,29.033163523504484,28.51889636596892,28.70256233215332,27854200,28.642871812725605
2017-12-06 00:00:00+00:00,28.950515557019084,28.51889866256369,28.886232376098633,26524200,28.587772748584754
2017-12-07 00:00:00+00:00,29.120407236634613,28.88623254029539,29.0653076171875,23371000,29.010207997740384
2017-12-08 00:00:00+00:00,29.34539699404714,29.134180349031066,29.203054428100586,20118000,29.25815579325836
2017-12-11 00:00:00+00:00,29.455596923828125,29.170911802072993,29.455596923828125,22843200,29.189278923138176
2017-12-12 00:00:00+00:00,29.552023115616567,29.327030250616303,29.446413040161133,16794000,29.437231230768205
2017-12-13 00:00:00+00:00,29.597937733120617,29.418862681697757,29.455596923828125,20712200,29.5474290259839
2017-12-14 00:00:00+00:00,29.584167722511367,29.405092644125723,29.418867111206055,21892000,29.492335606528716
2017-12-15 00:00:00+00:00,29.795869805769243,29.43638248650741,29.7543888092041,42610400,29.510123159514595
2017-12-18 00:00:00+00:00,30.04934554987301,29.915693573338935,30.0170841217041,21521600,29.966387089405544
2017-12-19 00:00:00+00:00,29.975606598115057,29.758992645253514,29.832735061645508,23953600,29.95717099401706
2017-12-20 00:00:00+00:00,29.96178595693675,29.68064909921669,29.82352066040039,17930400,29.96178595693675
2017-12-21 00:00:00+00:00,29.924912272957496,29.735949951033152,29.76360511779785,31883800,29.874215236159856
2017-12-22 00:00:00+00:00,29.772820335677544,29.666820000759007,29.745168685913086,10971000,29.71290725577716
2017-12-26 00:00:00+00:00,29.579254688951305,29.440991152065823,29.546993255615234,12438200,29.560819081868907
2017-12-27 00:00:00+00:00,29.63455714880091,29.528553302736107,29.57925033569336,10693200,29.551598687255584
2017-12-28 00:00:00+00:00,29.685254476009284,29.579250628893735,29.629947662353516,19316000,29.666818871457362
2017-12-29 00:00:00+00:00,29.657605970033835,29.450211525664866,29.473255157470703,13386400,29.64838992380463
2018-01-02 00:00:00+00:00,29.83734703063965,29.51934246878198,29.83734703063965,27445600,29.593081383041504
2018-01-03 00:00:00+00:00,30.104651576548886,29.860385981612072,30.08621597290039,22663600,29.892647408938977
2018-01-04 00:00:00+00:00,30.316654721220814,30.136911987002645,30.238306045532227,21493200,30.20604461929388
2018-01-05 00:00:00+00:00,30.583971842415338,30.335096425847144,30.556320190429688,19356000,30.395009510560204
2018-01-08 00:00:00+00:00,30.726842609189823,30.524057972788835,30.671539306640625,13467800,30.542490062816995
2018-01-09 00:00:00+00:00,30.740662917489253,30.542484581048196,30.593181610107422,21212800,30.73144687412927
2018-01-10 00:00:00+00:00,30.49640820057521,30.339710793987106,30.487192153930664,20815600,30.427275543925703
2018-01-11 00:00:00+00:00,30.62544959015269,30.48257803199178,30.611623764038086,15775600,30.556320459579656
2018-01-12 00:00:00+00:00,30.832855211452753,30.533282678156247,30.79137420654297,16308600,30.574760166832675
2018-01-16 00:00:00+00:00,31.09093792131226,30.59318710097533,30.671539306640625,36443600,30.98032779998151
2018-01-17 00:00:00+00:00,31.16007887422378,30.745286413343152,31.132427215576172,29376200,30.84668051669545
2018-01-18 00:00:00+00:00,31.270689282042483,31.104772296326658,31.18773078918457,29845800,31.13242747143485
2018-01-19 00:00:00+00:00,31.29833382992276,31.08632612975746,31.247636795043945,23894400,31.247636795043945
2018-01-22 00:00:00+00:00,31.55642672084481,31.16006998422137,31.551816940307617,18004200,31.22459284681288
2018-01-23 00:00:00+00:00,31.754605413298968,31.588688474589368,31.690082550048828,20460200,31.653211337839508
2018-01-24 00:00:00+00:00,31.82834728932173,31.339815988808287,31.445819854736328,37019000,31.773043982083323
2018-01-25 00:00:00+00:00,31.671643553982875,31.31215806400023,31.390506744384766,25951800,31.643991905901732
2018-01-26 00:00:00+00:00,31.888277053833008,31.53800739309487,31.888277053833008,20097200,31.60714007190602
2018-01-29 00:00:00+00:00,31.796090250931496,31.556434348553164,31.597911834716797,55179800,31.796090250931496
2018-01-30 00:00:00+00:00,31.49651910797832,31.229211536511897,31.312170028686523,29662400,31.339821687333632
2018-01-31 00:00:00+00:00,31.597898184181243,31.339806782927724,31.54720115661621,30135800,31.496504129051182
2018-02-01 00:00:00+00:00,31.796081759415475,31.427380199127715,31.574861526489258,32650000,31.431986463315866
2018-02-02 00:00:00+00:00,31.247647145078464,30.63467625940787,30.639286041259766,43929400,31.21999197020037
2018-02-05 00:00:00+00:00,30.888152677173668,29.344206548855617,29.358034133911133,98559600,30.31205311315703
2018-02-06 00:00:00+00:00,30.252141671546983,28.795761964738915,30.201444625854492,90269400,28.961678929508363
2018-02-07 00:00:00+00:00,30.43649114826529,29.81430435180664,29.81430435180664,47425200,30.127702640455574
2018-02-08 00:00:00+00:00,29.952560537677424,28.569923665747705,28.579139709472656,55628600,29.897257242863994
2018-02-09 00:00:00+00:00,29.491688124147664,28.099831438744253,29.279682159423828,72700400,29.040024542256727
2018-02-12 00:00:00+00:00,29.989436780052895,29.376467798706496,29.805084228515625,35629600,29.593080024929126
2018-02-13 00:00:00+00:00,29.95256887507536,29.546996029879548,29.878829956054688,19084000,29.63456429268489
2018-02-14 00:00:00+00:00,30.477962197074426,29.69446839886488,30.427265167236328,32117600,29.71290400209981
2018-02-15 00:00:00+00:00,31.00798225402832,30.358143776710662,31.00798225402832,24305000,30.717629340703326
2018-02-16 00:00:00+00:00,31.293726971406194,30.883544389985172,30.96189308166504,20334200,30.915805822808203
2018-02-20 00:00:00+00:00,31.233807622507612,30.772928042019938,30.98954200744629,33835200,30.805189472004788
2018-02-21 00:00:00+00:00,31.372083661646453,30.786767940845603,30.79137420654297,29102400,31.109382351329007
2018-02-22 00:00:00+00:00,31.109370533884253,30.740665476619483,30.82823371887207,21958800,30.89736635663822
2018-02-23 00:00:00+00:00,31.473468780517578,31.007979392953697,31.473468780517578,20772400,31.08172181785712
2018-02-26 00:00:00+00:00,31.966602325439453,31.607116878889585,31.966602325439453,21594400,31.607116878889585
2018-02-27 00:00:00+00:00,32.127922568841214,31.644001007080078,31.644001007080078,25581200,31.98044120960454
2018-02-28 00:00:00+00:00,31.95740131917652,31.413566570327188,31.41817283630371,30464000,31.823749281186018
2018-03-01 00:00:00+00:00,31.61173261985618,30.662321692655876,30.897371292114258,42973600,31.491906445901584
2018-03-02 00:00:00+00:00,31.256857999056763,30.46414443144192,31.19233512878418,38392200,30.54710290982563
2018-03-05 00:00:00+00:00,31.616330507760786,30.975708334492236,31.510330200195312,21777800,31.04484095729608
2018-03-06 00:00:00+00:00,31.731564630740436,31.441211703985687,31.5794734954834,20303800,31.690087148160973
2018-03-07 00:00:00+00:00,31.786869588706693,31.344425552700933,31.754608154296875,22219600,31.344425552700933
2018-03-08 00:00:00+00:00,31.9205193920036,31.694685875337424,31.892864227294922,15248000,31.851386754579913
2018-03-09 00:00:00+00:00,32.49663162231445,32.077229368923646,32.49663162231445,24685000,32.11871037418247
2018-03-12 00:00:00+00:00,32.72705289408841,32.50582919631175,32.59800720214844,27012400,32.59339742279875
2018-03-13 00:00:00+00:00,32.87914133433522,32.11408320459323,32.224693298339844,27618800,32.76392146111499
2018-03-14 00:00:00+00:00,32.413665995822996,32.03574483084767,32.197052001953125,27762800,32.38601082632448
2018-03-15 00:00:00+00:00,32.404435751827414,32.05877613501947,32.215476989746094,23002800,32.206257430874935
2018-03-16 00:00:00+00:00,32.385612467190754,32.14057918511759,32.18218994140625,24404600,32.270032127946294
2018-03-19 00:00:00+00:00,31.932549306006017,31.28529843079048,31.544200897216797,39736800,31.8816936533455
2018-03-20 00:00:00+00:00,31.650533342957022,31.354647828898724,31.53032875061035,18765600,31.465604014862198
2018-03-21 00:00:00+00:00,31.75686072129646,31.257552721463366,31.340770721435547,21867000,31.46097528300262
2018-03-22 00:00:00+00:00,31.141973857717893,30.508592187105158,30.531709671020508,42390200,30.961668770323175
2018-03-23 00:00:00+00:00,30.591814516475065,29.704158033451122,29.718027114868164,41901600,30.51322070362294
2018-03-26 00:00:00+00:00,30.887691827954978,29.902948508659613,30.846084594726562,50251600,30.323659151531686
2018-03-27 00:00:00+00:00,31.054130828445803,29.625559246607683,29.856719970703125,59497200,31.035637547250243
2018-03-28 00:00:00+00:00,30.147982369920523,29.482240093885597,29.657922744750977,53622000,29.78737219085366
2018-03-29 00:00:00+00:00,30.545581088873604,29.662548865985784,30.245071411132812,35368200,29.870592128219283
2018-04-02 00:00:00+00:00,30.25893697995462,29.19559977927437,29.523847579956055,52034200,30.12486686568644
2018-04-03 00:00:00+00:00,29.884461999283666,29.315806755995027,29.815113067626953,36101400,29.745764135970237
2018-04-04 00:00:00+00:00,30.314426829421443,29.204854296473897,30.23120880126953,36298400,29.269580801182993
2018-04-05 00:00:00+00:00,30.55482435709118,30.152606934331985,30.356029510498047,32738200,30.508592915389688
2018-04-06 00:00:00+00:00,30.31903787524348,29.482235516920486,29.61168670654297,40477800,30.041645744196735
2018-04-09 00:00:00+00:00,30.42537997222991,29.805870790430905,29.842857360839844,21859400,29.82898475151137
2018-04-10 00:00:00+00:00,30.702766837027674,30.1479790231615,30.577938079833984,31297800,30.314415014598104
2018-04-11 00:00:00+00:00,30.67040438565847,30.34678077009531,30.39763641357422,17315600,30.388391536229356
2018-04-12 00:00:00+00:00,30.896946352720576,30.54558102894837,30.76287269592285,21256000,30.58719179765329
2018-04-13 00:00:00+00:00,30.989416972148792,30.513226277926467,30.661169052124023,22421600,30.97554788819808
2018-04-16 00:00:00+00:00,31.012516753189235,30.693513895560415,30.896936416625977,19477400,30.873818938420545
2018-04-17 00:00:00+00:00,31.571928020851438,31.114230834196086,31.470216751098633,30445600,31.169707143346873
2018-04-18 00:00:00+00:00,31.507209424173546,31.19745488051801,31.387004852294922,19764400,31.4378604970423
2018-04-19 00:00:00+00:00,31.220561552369187,30.92930035906691,31.04025650024414,25811600,31.18819919755782
2018-04-20 00:00:00+00:00,30.97091405835685,30.480854432499925,30.61030387878418,32477000,30.94780010136773
2018-04-23 00:00:00+00:00,30.813720643816847,30.356023465815657,30.49934196472168,37920600,30.725878453012662
2018-04-24 00:00:00+00:00,30.725892834416328,29.7503939850737,29.96768569946289,34847600,30.675037176698268
2018-04-25 00:00:00+00:00,30.074014683838673,29.58857570282103,29.97230339050293,30581600,30.01391063201314
2018-04-26 00:00:00+00:00,30.638048126747034,30.221961545925517,30.517847061157227,33086800,30.346786814725256
2018-04-27 00:00:00+00:00,30.846089967569338,30.30055047552393,30.46236228942871,26313000,30.822972482483085
2018-04-30 00:00:00+00:00,30.730516577927613,30.226584211875085,30.26357078552246,17372200,30.54096303341017
2018-05-01 00:00:00+00:00,30.6611629617399,30.147985794094705,30.642669677734375,18547800,30.221958930116802
2018-05-02 00:00:00+00:00,30.952420776425832,30.554824032991124,30.61030387878418,26587400,30.836840409781622
2018-05-03 00:00:00+00:00,30.79523545027251,30.203464493609545,30.679655075073242,31090800,30.471611810607804
2018-05-04 00:00:00+00:00,31.317641363704436,30.527072427350507,31.262165069580078,21682600,30.564058974920957
2018-05-07 00:00:00+00:00,31.627421314668116,31.35927394890199,31.479475021362305,26914800,31.41012960541742
2018-05-08 00:00:00+00:00,31.57656218616687,31.285297362289157,31.54882049560547,30294800,31.428619436361807
2018-05-09 00:00:00+00:00,31.937171936035156,31.525706059127916,31.937171936035156,28826600,31.627417359439068
2018-05-10 00:00:00+00:00,32.37637399888496,32.05275036059543,32.3532600402832,23132600,32.085112724424384
2018-05-11 00:00:00+00:00,32.4318585220445,32.200697739317505,32.307029724121094,17521200,32.32090233396096
2018-05-14 00:00:00+00:00,32.556677189424136,32.270040134409356,32.30240249633789,20261800,32.413358661916746
2018-05-15 00:00:00+00:00,32.10360799475094,31.830836459394884,31.997272491455078,28525200,32.075866304585354
2018-05-16 00:00:00+00:00,32.214567627817196,31.97416195974982,32.140594482421875,13361000,32.048131577911434
2018-05-17 00:00:00+00:00,32.2423049752381,31.844708146915696,31.97416114807129,21600200,32.02501327519753
2018-05-18 00:00:00+00:00,32.011138861818566,31.812340480763027,31.8400821685791,15765800,31.867820329162143
2018-05-21 00:00:00+00:00,32.27467654502139,31.95567697254999,32.117488861083984,22578400,32.131357947639096
2018-05-22 00:00:00+00:00,32.32089731598602,32.00189435663474,32.07124328613281,14782000,32.27466234483192
2018-05-23 00:00:00+00:00,32.307029724121094,31.80310091084838,32.307029724121094,29387600,31.80772511412833
2018-05-24 00:00:00+00:00,32.33476714787379,31.946415249999454,32.270042419433594,22401400,32.2977805809842
2018-05-25 00:00:00+00:00,32.36250190324681,32.168327738363196,32.24692153930664,18782800,32.29315297943615
2018-05-29 00:00:00+00:00,32.25154838648795,31.858575822309657,32.07124328613281,58660800,32.08511236658581
2018-05-30 00:00:00+00:00,32.348640499173435,32.14059367837896,32.307029724121094,19930400,32.23306010780994
2018-05-31 00:00:00+00:00,32.52894019693244,32.24229960440047,32.3162727355957,30568000,32.307024330579786
2018-06-01 00:00:00+00:00,32.871064022816284,32.47809138059745,32.86643981933594,25445800,32.53357124066028
2018-06-04 00:00:00+00:00,33.1623291059561,32.9172957010944,33.129966735839844,19866000,32.949658071210656
2018-06-05 00:00:00+00:00,33.30564496543435,33.120715639542524,33.24554443359375,34549600,33.21317853887168
2018-06-06 00:00:00+00:00,33.46282958984375,33.12996106585936,33.46282958984375,35379000,33.30101776695554
2018-06-07 00:00:00+00:00,33.44432587890045,32.95426636030631,33.19467544555664,39047200,33.44432587890045
2018-06-08 00:00:00+00:00,33.19930263741561,32.87567902900374,33.13920211791992,19809600,32.9450279528728
2018-06-11 00:00:00+00:00,33.282521384648625,33.08372301297065,33.17618942260742,14647000,33.157696140680066
2018-06-12 00:00:00+00:00,33.3657432283838,33.18081391506728,33.33800506591797,15626800,33.23629376723222
2018-06-13 00:00:00+00:00,33.48594555220618,33.15307351613822,33.16694259643555,29278000,33.338002816979646
2018-06-14 00:00:00+00:00,33.48594704715601,33.24554141439259,33.40272903442383,22654800,33.29639353534202
2018-06-15 00:00:00+00:00,33.326174626331294,33.07563635053436,33.27513885498047,33641200,33.28441647716874
2018-06-18 00:00:00+00:00,33.335451684316155,32.94108726305577,33.312255859375,16580400,33.043158804029865
2018-06-19 00:00:00+00:00,33.15451268731335,32.718390055505466,33.140594482421875,25913400,32.903974380087114
2018-06-20 00:00:00+00:00,33.36793419807844,33.17307224561065,33.21018981933594,22931200,33.219467442903934
2018-06-21 00:00:00+00:00,33.35865123097175,32.8761334690148,32.95500564575195,29634200,33.34009244708193
2018-06-22 00:00:00+00:00,33.04778810804232,32.71373719328812,32.84828567504883,31385800,33.038506949452
2018-06-25 00:00:00+00:00,32.61631964273697,31.883263561361723,32.16627883911133,36055400,32.583842653801426
2018-06-26 00:00:00+00:00,32.509601403667496,32.189468615949906,32.296180725097656,27719000,32.268344322592
2018-06-27 00:00:00+00:00,32.546724710445865,31.846145626039885,31.855426788330078,44109200,32.39825797133926
2018-06-28 00:00:00+00:00,32.35185982330816,31.81366573088876,32.245147705078125,35598000,31.81366573088876
2018-06-29 00:00:00+00:00,32.5096179191983,32.212684342537706,32.23124313354492,20019200,32.370428756507884
2018-07-02 00:00:00+00:00,32.52816772896686,31.906460790928445,32.51888656616211,25091200,31.95285952549922
2018-07-03 00:00:00+00:00,32.639514104546926,32.11060114129658,32.1338005065918,12722800,32.61631827897787
2018-07-05 00:00:00+00:00,32.60704068940042,32.24051262388127,32.58848190307617,27320000,32.33330655550251
2018-07-06 00:00:00+00:00,33.019949787551596,32.52815454994872,32.96891403198242,25603800,32.60702670320106
2018-07-09 00:00:00+00:00,33.22874069477631,32.97356186082872,33.219459533691406,17455200,33.14522794364127
2018-07-10 00:00:00+00:00,33.391126127996856,33.224100623168226,33.29833221435547,22986200,33.224100623168226
2018-07-11 00:00:00+00:00,33.298326802536096,33.01067456631323,33.168418884277344,25949800,33.06171032558992
2018-07-12 00:00:00+00:00,33.71126584830148,33.275143214071235,33.69270706176758,23706600,33.312260787139046
2018-07-13 00:00:00+00:00,33.739095179997356,33.54423327186201,33.655582427978516,18516800,33.697337034125006
2018-07-16 00:00:00+00:00,33.734461753014244,33.51176339355663,33.576717376708984,13332000,33.664867188286266
2018-07-17 00:00:00+00:00,33.88292806830554,33.316897474093786,33.82725524902344,14903200,33.33545626043001
2018-07-18 00:00:00+00:00,33.82261170075073,33.65094559699334,33.771575927734375,14164000,33.81797111964208
2018-07-19 00:00:00+00:00,33.817969269615055,33.59063036389559,33.650943756103516,14910000,33.68806132348965
2018-07-20 00:00:00+00:00,33.84581334346944,33.618474386243584,33.66023254394531,14439600,33.78085935569062
2018-07-23 00:00:00+00:00,33.850433624179594,33.456069352113516,33.83187484741211,25151000,33.59061782888425
2018-07-24 00:00:00+00:00,34.305123300317675,33.87827840841946,34.0174674987793,21557200,34.17057479022999
2018-07-25 00:00:00+00:00,34.44430923461914,33.97571327395437,34.44430923461914,30466200,34.0267454986141
2018-07-26 00:00:00+00:00,34.02674297076637,33.79476352796684,33.9153938293457,25094400,33.85508044851896
2018-07-27 00:00:00+00:00,33.98035964086014,33.126676692702674,33.33545684814453,63550200,33.95716381232583
2018-07-30 00:00:00+00:00,33.367919784056255,32.62558632885133,32.81581115722656,35695400,33.316884027161684
2018-07-31 00:00:00+00:00,33.117393348717975,32.723028892337574,32.90397262573242,29954000,32.91789082988181
2018-08-01 00:00:00+00:00,33.30761697347459,33.01996111970248,33.200904846191406,29322800,33.14059145060385
2018-08-02 00:00:00+00:00,33.66022738958859,32.8946943197329,33.61846923828125,26209800,32.8946943197329
2018-08-03 00:00:00+00:00,33.73910140991211,33.47464490297495,33.73910140991211,14491400,33.62775223323502
2018-08-06 00:00:00+00:00,33.938602730720966,33.64630628519562,33.9200439453125,15000400,33.725182008113194
2018-08-07 00:00:00+00:00,34.170576145078584,33.98963244427183,34.04994583129883,20545400,34.04066821011227
2018-08-08 00:00:00+00:00,34.20769585356589,33.94323938659981,34.142738342285156,14197200,34.03138918243785
2018-08-09 00:00:00+00:00,34.28657376685673,34.12882585258553,34.15666580200195,23446200,34.17522458837072
2018-08-10 00:00:00+00:00,34.04531572427798,33.785499774417595,33.882930755615234,23138400,33.90148954342338
2018-08-13 00:00:00+00:00,34.19377563757316,33.82725115589394,33.83652877807617,24128800,33.93395973975717
2018-08-14 00:00:00+00:00,34.08705766766634,33.762284345098195,34.0452995300293,18359000,33.95250917485277
2018-08-15 00:00:00+00:00,33.95716272154436,33.47464490297495,33.73910140991211,35584400,33.83189180052194
2018-08-16 00:00:00+00:00,34.09171254214687,33.81333428044177,33.887569427490234,18208800,33.99891860833629
2018-08-17 00:00:00+00:00,34.031392834051395,33.67414595216715,33.938602447509766,18048200,33.78549512396237
2018-08-20 00:00:00+00:00,34.02675501861615,33.75302087825987,33.887569427490234,21239600,34.01747739509841
2018-08-21 00:00:00+00:00,34.1566695055712,33.901490589990146,33.9432487487793,16004600,33.98036278581449
2018-08-22 00:00:00+00:00,34.09633528729393,33.790124283431275,34.0452995300293,12742400,33.84116004069591
2018-08-23 00:00:00+00:00,34.305136960106154,33.9850040486418,34.11955261230469,18735000,33.9850040486418
2018-08-24 00:00:00+00:00,34.47216797601185,34.20771138894323,34.462886810302734,13115200,34.212348432070215
2018-08-27 00:00:00+00:00,34.796921056834,34.55566396165266,34.77836227416992,16415000,34.64845433524721
2018-08-28 00:00:00+00:00,34.91756363567974,34.741256908323344,34.838687896728516,14770400,34.84796906118259
2018-08-29 00:00:00+00:00,35.17737035529833,34.87579630492396,35.154170989990234,22364600,34.88043688593081
2018-08-30 00:00:00+00:00,35.27480521636922,34.94075414148262,35.04746627807617,21040600,35.05674390138899
2018-08-31 00:00:00+00:00,35.16808840471454,34.954664181380444,35.075294494628906,20537800,35.01498110786754
2018-09-04 00:00:00+00:00,34.99178971400549,34.704137376548026,34.94075393676758,22147600,34.91291752726564
2018-09-05 00:00:00+00:00,34.922187436988665,34.32832056727571,34.5046272277832,32853200,34.89435103363517
2018-09-06 00:00:00+00:00,34.52783112108971,33.98499989046244,34.25409698486328,27957600,34.45359951488783
2018-09-07 00:00:00+00:00,34.41183759135263,33.99427379055586,34.13810348510742,28462000,34.03139135945472
2018-09-10 00:00:00+00:00,34.30976598731616,34.059231246998245,34.24481201171875,33309000,34.26337079613604
2018-09-11 00:00:00+00:00,34.61135626653429,34.063884258592815,34.53712463378906,27189800,34.147397057761104
2018-09-12 00:00:00+00:00,34.46751134680206,34.11490154829226,34.39327621459961,32536400,34.462870766107926
2018-09-13 00:00:00+00:00,34.885074108379584,34.59741828899365,34.79692077636719,25454800,34.606695910387984
2018-09-14 00:00:00+00:00,34.922196357091416,34.611344641158,34.76909255981445,18878400,34.829405962394674
2018-09-17 00:00:00+00:00,34.778369928312934,34.295852092030216,34.332969665527344,29584200,34.71805652617508
2018-09-18 00:00:00+00:00,34.71805473772863,34.291213283679674,34.551029205322266,19302000,34.291213283679674
2018-09-19 00:00:00+00:00,34.66238939631784,34.26802480714219,34.462886810302734,20870600,34.54639960304691
2018-09-20 00:00:00+00:00,34.908264990508705,34.56029583199962,34.871150970458984,27401800,34.667007931421544
2018-09-21 00:00:00+00:00,35.059231433895114,34.71939489177288,34.733360290527344,46041000,35.00336983887726
2018-09-24 00:00:00+00:00,34.91026189604278,34.43076425419486,34.905609130859375,34513600,34.565769030825784
2018-09-25 00:00:00+00:00,34.933539041090846,34.71939464103439,34.86370849609375,21101000,34.86370849609375
2018-09-26 00:00:00+00:00,35.054578668796346,34.672842378681636,34.733360290527344,26641200,34.90095217903908
2018-09-27 00:00:00+00:00,35.03595561417634,34.85905109877001,34.938194274902344,28466400,34.85905109877001
2018-09-28 00:00:00+00:00,35.10113341157278,34.82181476355344,35.068546295166016,23421200,34.84043292858933
2018-10-01 00:00:00+00:00,35.38045508243253,35.129067212218224,35.236141204833984,20668200,35.29200280817298
2018-10-02 00:00:00+00:00,35.440978011148026,35.08251964939695,35.24079895019531,28014000,35.19424642359168
2018-10-03 00:00:00+00:00,35.506149160031825,35.28269563114368,35.347869873046875,26584800,35.361835274636164
2018-10-04 00:00:00+00:00,35.20353799528911,34.481961833645336,34.7100715637207,46584800,35.17560365465785
2018-10-05 00:00:00+00:00,34.803194154020346,33.93730383140236,34.27248764038086,44577000,34.696120167146326
2018-10-08 00:00:00+00:00,34.21661676133621,33.499696745843615,33.88608932495117,39946000,34.10954279238359
2018-10-09 00:00:00+00:00,34.20732017482771,33.80230573354159,34.00714111328125,30277800,33.87213629951921
2018-10-10 00:00:00+00:00,33.8069516293869,32.33586808610453,32.35914611816406,88286000,33.802295312629184
2018-10-11 00:00:00+00:00,32.81537040769134,31.68878310869112,31.949480056762695,136539000,32.2660421587337
2018-10-12 00:00:00+00:00,33.080729974421004,32.33122255421913,32.97365951538086,71818800,32.85262010140789
2018-10-15 00:00:00+00:00,32.880538575793814,32.41500636774601,32.43362808227539,38305000,32.85260777986419
2018-10-16 00:00:00+00:00,33.51832888506763,32.76416520653084,33.4112548828125,41998600,32.843308404602
2018-10-17 00:00:00+00:00,33.47643398850977,32.95969278050981,33.257633209228516,48329800,33.45315594962578
2018-10-18 00:00:00+00:00,33.131938678207064,32.410365619242874,32.60588836669922,45920600,33.10866419021285
2018-10-19 00:00:00+00:00,33.1505485523571,32.470871945722216,32.59191131591797,44283400,32.79674307502356
2018-10-22 00:00:00+00:00,33.076075039975784,32.550021208954576,32.8619270324707,31962000,32.745543944436626
2018-10-23 00:00:00+00:00,32.90847716064934,31.85171692334737,32.736228942871094,48132200,32.17759164197682
2018-10-24 00:00:00+00:00,32.731575150976454,31.23256056412702,31.269804000854492,68330800,32.65243551172779
2018-10-25 00:00:00+00:00,32.51276884465446,31.665500338383676,32.34518051147461,46754400,31.716709167201884
2018-10-26 00:00:00+00:00,32.275354096258106,31.24187185768958,31.698091506958008,85487200,31.53981223525697
2018-10-29 00:00:00+00:00,32.36380568504946,30.534263504949553,31.162734985351562,68110600,32.13569584018646
2018-10-30 00:00:00+00:00,31.623605712191967,30.869442192680328,31.511878967285156,61121600,31.134795431664745
2018-10-31 00:00:00+00:00,32.51742748197213,31.96809927595256,32.26138687133789,42288200,31.982064675403432
2018-11-01 00:00:00+00:00,32.661747731636126,32.033276287969294,32.63846969604492,31106200,32.30794219068132
2018-11-02 00:00:00+00:00,32.577941439711275,31.730673068261545,32.00067901611328,40426200,32.38707155326473
2018-11-05 00:00:00+00:00,32.03327000421404,31.50721988930254,31.968095779418945,28416400,31.982061177342338
2018-11-06 00:00:00+00:00,32.3219004023629,31.912233349873947,32.16827392578125,18267600,31.940164144987417
2018-11-07 00:00:00+00:00,33.11330032348633,32.4987980317753,33.11330032348633,32629600,32.54069777188636
2018-11-08 00:00:00+00:00,33.12727648874166,32.875888648490985,33.08537673950195,20819400,32.98761539358156
2018-11-09 00:00:00+00:00,32.82932983613211,32.23810549309881,32.51276779174805,25883600,32.80139904012815
2018-11-12 00:00:00+00:00,32.27070680436004,31.3303328906098,31.367572784423828,32862200,32.21484163604332
2018-11-13 00:00:00+00:00,31.9448194482982,31.311695399794427,31.404800415039062,31407000,31.442043841828383
2018-11-14 00:00:00+00:00,31.81912080123825,30.86943481711379,31.02771759033203,38993400,31.753946586303776
2018-11-15 00:00:00+00:00,31.879637821993946,30.89736486690094,31.805150985717773,52602200,31.078922090664307
2018-11-16 00:00:00+00:00,31.94482385856588,31.36756131882118,31.75395393371582,35945800,31.43273554883604
2018-11-19 00:00:00+00:00,31.637575510163682,30.459779328602007,30.543575286865234,38397200,31.604988390379635
2018-11-20 00:00:00+00:00,30.292181285238513,29.505432476076546,29.88716697692871,56129600,29.691644297770445
2018-11-21 00:00:00+00:00,30.41322337892561,29.98027823533103,30.10597038269043,33006600,30.29218399691818
2018-11-23 00:00:00+00:00,30.16183970345581,29.770792480192654,29.83131217956543,10676200,29.78475788163834
2018-11-26 00:00:00+00:00,30.506330490112305,30.06407623393139,30.506330490112305,25069200,30.22235550819251
2018-11-27 00:00:00+00:00,30.613403179051886,30.119936555912993,30.566850662231445,23076400,30.29684109225178
2018-11-28 00:00:00+00:00,31.63756561279297,30.757710102144458,31.63756561279297,33219200,30.874093143782922
2018-11-29 00:00:00+00:00,31.58636672139139,31.16273416353208,31.330326080322266,28230800,31.539814200445157
2018-11-30 00:00:00+00:00,31.651541773413634,31.1953220840099,31.628267288208008,33019600,31.348945051902305
2018-12-03 00:00:00+00:00,32.45225312040607,31.977411782327085,32.326560974121094,32463400,32.41966600457446
2018-12-04 00:00:00+00:00,32.16828036336495,31.027727679417218,31.102210998535156,41982200,32.098449809877856
2018-12-06 00:00:00+00:00,31.172039031982422,30.21770005057536,31.172039031982422,43155800,30.371322993752244
2018-12-07 00:00:00+00:00,31.162726715374497,29.933721987142203,30.073379516601562,39875000,31.023065634186306
2018-12-10 00:00:00+00:00,30.60408829005476,29.73354350341963,30.48770523071289,40895600,29.905789934003526
2018-12-11 00:00:00+00:00,31.023065524713072,30.278214715038395,30.524946212768555,31626200,30.962547617333787
2018-12-12 00:00:00+00:00,31.246523078392823,30.748403757920943,30.76236915588379,33857600,31.018409739236713
2018-12-13 00:00:00+00:00,31.139456483453607,30.636680727330905,30.81358528137207,25638600,30.911346641996534
2018-12-14 00:00:00+00:00,30.61340224758596,30.031486925712827,30.059417724609375,31032400,30.445810350748157
2018-12-17 00:00:00+00:00,30.15252220168619,29.184216047321208,29.42163848876953,46527000,29.947690427324343
2018-12-18 00:00:00+00:00,29.91044798408822,29.41698314457253,29.65440559387207,39253200,29.649749276744423
2018-12-19 00:00:00+00:00,30.1385587403833,28.751272762416548,29.067834854125977,67212200,29.612508543868415
2018-12-20 00:00:00+00:00,29.235423799724206,28.132112907681147,28.546436309814453,79003600,28.942137996469636
2018-12-21 00:00:00+00:00,28.90411460366423,27.55756200996618,27.679126739501953,83227400,28.553449995774184
2018-12-24 00:00:00+00:00,27.753934188358436,26.917014257498735,26.940391540527344,42234000,27.417295605314898
2018-12-26 00:00:00+00:00,28.567474365234375,26.973119444462014,28.567474365234375,58120200,27.12741271916853
2018-12-27 00:00:00+00:00,28.782546535298486,27.62301598559798,28.773195266723633,46877600,28.17005182043624
2018-12-28 00:00:00+00:00,29.18464497845339,28.45993849371352,28.70774269104004,39685800,28.98359891493653
2018-12-31 00:00:00+00:00,29.08645690417184,28.73579233257287,28.978919982910156,33720200,28.95554270151801
2019-01-02 00:00:00+00:00,29.170615552965987,28.34772350434339,28.997621536254883,30885800,28.385126796585595
2019-01-03 00:00:00+00:00,28.277592509220824,27.496780206475982,27.534183502197266,49893400,28.25888996957401
2019-01-04 00:00:00+00:00,28.876066218927807,27.95031169417212,28.75450325012207,41535600,28.039147886350122
2019-01-07 00:00:00+00:00,29.208027024024553,28.68904307668492,29.011653900146484,23817200,28.754500190120087
2019-01-08 00:00:00+00:00,29.39504530501188,28.90879172754479,29.254779815673828,26005200,29.292184897402624
2019-01-09 00:00:00+00:00,29.78778681885257,29.381016404662926,29.633495330810547,28044800,29.41374495617403
2019-01-10 00:00:00+00:00,29.778436031632168,29.264128685065963,29.7644100189209,21868200,29.39971941984931
2019-01-11 00:00:00+00:00,29.72700980750533,29.52596194778433,29.70830726623535,15451200,29.591419058656747
2019-01-14 00:00:00+00:00,29.53531165878872,29.329589053976655,29.432451248168945,14483800,29.446477262441526
2019-01-15 00:00:00+00:00,29.93739799681729,29.474521835194587,29.876617431640625,28654000,29.525952916168652
2019-01-16 00:00:00+00:00,30.08701982367046,29.848568697425616,29.904674530029297,18937000,29.909351056496757
2019-01-17 00:00:00+00:00,30.2693686801355,29.717657991378296,30.096376419067383,20256800,29.797141114957967
2019-01-18 00:00:00+00:00,30.615361024943955,30.19923572247252,30.554576873779297,27303200,30.39561062304562
2019-01-22 00:00:00+00:00,30.358203996782798,29.801816796787005,30.040267944335938,29985000,30.306772902479274
2019-01-23 00:00:00+00:00,30.390935606112603,29.806494536764284,30.14313316345215,19152200,30.166508665938963
2019-01-24 00:00:00+00:00,30.503144049703785,30.23663909310007,30.39560890197754,28341800,30.250665106530032
2019-01-25 00:00:00+00:00,30.919261379344206,30.512492778946555,30.82575225830078,20061600,30.62470443762753
2019-01-28 00:00:00+00:00,30.423661849525534,30.161833411856566,30.4143123626709,19324800,30.36755422696293
2019-01-29 00:00:00+00:00,30.47976513443042,30.040264404765534,30.087018966674805,17147800,30.475088608096165
2019-01-30 00:00:00+00:00,31.110963323786944,30.451712172378354,31.022127151489258,33990600,30.587302910621496
2019-01-31 00:00:00+00:00,31.157714413944202,30.76497182324093,30.989395141601562,36501800,30.863157470916747
2019-02-01 00:00:00+00:00,31.340068434254132,30.9566752219631,31.171749114990234,19475600,31.003429795726333
2019-02-04 00:00:00+00:00,31.67669839208309,31.1904431104794,31.672021865844727,15208600,31.213822174526868
2019-02-05 00:00:00+00:00,32.01802430203564,31.742166234909522,31.93853759765625,24121400,31.77957132318858
2019-02-06 00:00:00+00:00,32.134910099738974,31.854375525986125,32.04607391357422,20379200,31.975940270136007
2019-02-07 00:00:00+00:00,31.887100263154558,31.39149542529468,31.606569290161133,29264000,31.751513087137873
2019-02-08 00:00:00+00:00,31.788911819458008,31.30265651081545,31.788911819458008,16977600,31.321359049664533
2019-02-11 00:00:00+00:00,31.985272620289372,31.700065270834948,31.774871826171875,14869400,31.887083442748757
2019-02-12 00:00:00+00:00,32.237772019791045,31.947891495847326,32.19569396972656,19418200,31.994646073856412
2019-02-13 00:00:00+00:00,32.47154652369494,32.219071104204104,32.237770080566406,18241800,32.35465830213067
2019-02-14 00:00:00+00:00,32.41075720865618,32.09282118889434,32.29386901855469,19484000,32.116200253772426
2019-02-15 00:00:00+00:00,32.58376157916522,32.36868768090136,32.55103302001953,14712000,32.53700343711817
2019-02-19 00:00:00+00:00,32.65856469526399,32.387383195812866,32.56037902832031,16638200,32.42011175146076
2019-02-20 00:00:00+00:00,32.73337670708029,32.42479010744214,32.59778594970703,19704200,32.588432894911506
2019-02-21 00:00:00+00:00,32.74272299403371,32.41076092414748,32.61180877685547,19508200,32.5182996409124
2019-02-22 00:00:00+00:00,33.04663375440275,32.75207675935335,33.027931213378906,24493200,32.76142624629279
2019-02-25 00:00:00+00:00,33.41598945491562,33.163510588388334,33.1868896484375,40341000,33.2757222289081
2019-02-26 00:00:00+00:00,33.35053553961375,33.04194903990234,33.257022857666016,28268000,33.0700046280587
2019-02-27 00:00:00+00:00,33.266381990876944,32.882988842663124,33.224300384521484,19555000,33.130791252623375
2019-02-28 00:00:00+00:00,33.257036051624986,33.046638676274426,33.13079833984375,18876600,33.102746307702475
2019-03-01 00:00:00+00:00,33.44404933377714,33.08870822694597,33.3552131652832,24668000,33.392618243295864
2019-03-04 00:00:00+00:00,33.579645656740446,32.85961383727233,33.228981018066406,31653000,33.49548600077287
2019-03-05 00:00:00+00:00,33.25236309103177,33.02793613246508,33.13079833984375,17907600,33.210281475674364
2019-03-06 00:00:00+00:00,33.14481217698343,32.91571234200535,32.95779037475586,26244200,33.107407103109075
2019-03-07 00:00:00+00:00,32.89232978086356,32.536988751137045,32.644527435302734,36996600,32.864277762013295
2019-03-08 00:00:00+00:00,32.66792911005415,32.18634652783966,32.63987350463867,25781400,32.251807229044935
2019-03-11 00:00:00+00:00,33.37391507429462,32.75674556731417,33.3411865234375,29153800,32.75674556731417
2019-03-12 00:00:00+00:00,33.64977116774079,33.33183516280744,33.537559509277344,36101200,33.43469733604239
2019-03-13 00:00:00+00:00,33.95835679608622,33.663799831730636,33.75730895996094,35667200,33.68250237080561
2019-03-14 00:00:00+00:00,33.93030052295388,33.73392923796928,33.82743835449219,21313200,33.81341234372817
2019-03-15 00:00:00+00:00,34.39172643414618,33.92266306020601,34.236934661865234,42049000,33.94611766037084
2019-03-18 00:00:00+00:00,34.47147436460476,34.17127402177001,34.382354736328125,29675200,34.26039722871702
2019-03-19 00:00:00+00:00,34.616880436640514,34.31668014619547,34.45270538330078,32306200,34.52306560920785
2019-03-20 00:00:00+00:00,34.64033167485272,34.152505305179304,34.35889434814453,27408600,34.41518324495408
2019-03-21 00:00:00+00:00,35.29701382191536,34.3588872087083,35.221961975097656,54548200,34.36357884380166
2019-03-22 00:00:00+00:00,35.18443791275098,34.37764849219109,34.391719818115234,53494800,35.039025861307564
2019-03-25 00:00:00+00:00,34.471462953368466,34.021162588181205,34.24162292480469,43893800,34.27914884990425
2019-03-26 00:00:00+00:00,34.76228334150218,34.22755143668874,34.42924880981445,27930200,34.54182300591487
2019-03-27 00:00:00+00:00,34.612194298430836,33.93205011152088,34.23225402832031,31662400,34.48085709783314
2019-03-28 00:00:00+00:00,34.51368722350337,34.161889659308386,34.37296676635742,21079400,34.335440833962515
2019-03-29 00:00:00+00:00,34.72476468950107,34.4902329776134,34.710693359375,28694400,34.65909609646612
2019-04-01 00:00:00+00:00,35.226654593804874,34.851406085245614,35.18444061279297,25181000,35.04841182063941
2019-04-02 00:00:00+00:00,35.35331332144904,35.10470668822595,35.30640411376953,23574200,35.2125928557507
2019-04-03 00:00:00+00:00,35.770779511989126,35.45181622451012,35.592533111572266,27738000,35.51748482087314
2019-04-04 00:00:00+00:00,35.672276065951756,35.231355286899436,35.44243240356445,23006200,35.5784612306906
2019-04-05 00:00:00+00:00,35.648819725000116,35.498719574567964,35.61129379272461,13419600,35.55969653051326
2019-04-08 00:00:00+00:00,35.766088865078245,35.37676533396113,35.7473258972168,14619800,35.526865498182524
2019-04-09 00:00:00+00:00,35.72387279115054,35.49872076859422,35.578460693359375,26880200,35.59253202376852
2019-04-10 00:00:00+00:00,35.836447787082236,35.592532792489024,35.827064514160156,17234800,35.61129575966313
2019-04-11 00:00:00+00:00,35.91150001723794,35.70511451301884,35.7801628112793,15394600,35.90212032195681
2019-04-12 00:00:00+00:00,36.028751373291016,35.78014839380428,36.028751373291016,17110000,35.98184575844486
2019-04-15 00:00:00+00:00,36.11788492869626,35.82237624941906,36.01469039916992,19821400,36.02876172980169
2019-04-16 00:00:00+00:00,36.2351501400024,36.02407302696553,36.19762420654297,19218600,36.12726397597402
2019-04-17 00:00:00+00:00,36.446235777620444,36.22108728154274,36.399330139160156,24495800,36.42747638517299
2019-04-18 00:00:00+00:00,36.5118935789452,36.23045625282376,36.50251388549805,22983800,36.47905928387553
2019-04-22 00:00:00+00:00,36.60101972541695,36.30081940949701,36.58694839477539,16168800,36.33365370721731
2019-04-23 00:00:00+00:00,37.03255091454932,36.605705117004284,36.98564529418945,33385600,36.64323104475995
2019-04-24 00:00:00+00:00,37.168588477822276,36.9434400155686,36.999725341796875,21876600,37.01380025202423
2019-04-25 00:00:00+00:00,37.271774676017706,36.79333161675905,36.99033737182617,22775200,37.168580162791265
2019-04-26 00:00:00+00:00,36.85900027579913,36.45560549346905,36.84961700439453,22100400,36.76518545510057
2019-04-29 00:00:00+00:00,36.97626700435105,36.81678359467388,36.85900115966797,21226400,36.85430952385316
2019-04-30 00:00:00+00:00,36.97157635478951,36.63385014050591,36.919979095458984,37685800,36.84023917782804
2019-05-01 00:00:00+00:00,37.38435493811418,36.82148023854709,36.826171875,30893600,37.29054368107635
2019-05-02 00:00:00+00:00,37.084158246458905,36.43685192081043,36.63385772705078,49977600,36.81679220122688
2019-05-03 00:00:00+00:00,37.01379872311772,36.71359482139602,36.980960845947266,26576600,36.765192087420836
2019-05-06 00:00:00+00:00,36.75580880264022,35.9584024434268,36.69483184814453,26045000,36.09911931810987
2019-05-07 00:00:00+00:00,36.42277987183038,35.57846417788995,35.90681076049805,41251200,36.28205939661686
2019-05-08 00:00:00+00:00,36.17416557974065,35.72855326556752,35.86458206176758,27334600,35.78953378929089
2019-05-09 00:00:00+00:00,35.737939978007546,35.02027358098928,35.62067413330078,38601800,35.41897673725836
2019-05-10 00:00:00+00:00,35.89272183780211,34.87954697927949,35.73324203491211,39192400,35.39082425419396
2019-05-13 00:00:00+00:00,34.931150610447915,34.28853248914889,34.38703536987305,50922400,34.72476157730991
2019-05-14 00:00:00+00:00,35.15630910169524,34.532457345045856,34.9405403137207,36808600,34.560600010838435
2019-05-15 00:00:00+00:00,35.42835528687883,34.64032869273374,35.320472717285156,30097200,34.696617584697485
2019-05-16 00:00:00+00:00,35.90210935217762,35.29701719932037,35.64412307739258,30889400,35.343922818735095
2019-05-17 00:00:00+00:00,35.83643296862073,35.27355492215957,35.35798645019531,27087800,35.27824655668061
2019-05-20 00:00:00+00:00,35.034339366524996,34.57465575339244,34.7435188293457,29349200,34.762281790970405
2019-05-21 00:00:00+00:00,35.2829538665105,35.02965916987095,35.170379638671875,29682200,35.109399098812055
2019-05-22 00:00:00+00:00,35.19851888461832,34.921769610483,34.9874382019043,23042200,34.94053257641335
2019-05-23 00:00:00+00:00,34.53245018970082,34.119672090696646,34.37296676635742,32171400,34.51368722350337
2019-05-24 00:00:00+00:00,34.73884040677541,34.34482879880619,34.382354736328125,23500000,34.56059757155177
2019-05-28 00:00:00+00:00,34.71069729057838,34.26508841899179,34.28384780883789,51545600,34.49023688384827
2019-05-29 00:00:00+00:00,34.246317152318746,33.85230206628743,34.08214569091797,29509600,34.0305484346678
2019-05-30 00:00:00+00:00,34.363580735617404,34.05868885380611,34.29322052001953,22841000,34.161883359527096
2019-05-31 00:00:00+00:00,34.03993728446202,33.70690263641036,33.72097396850586,24079600,33.88045741581915
2019-06-03 00:00:00+00:00,33.960199730275136,32.90480680509948,33.12995529174805,39407400,33.772573605620885
2019-06-04 00:00:00+00:00,34.236934661865234,33.38323946444091,34.236934661865234,30192400,33.55210256535294
2019-06-05 00:00:00+00:00,34.7622922645747,34.288537182152204,34.682552337646484,28791600,34.69193203195035
2019-06-06 00:00:00+00:00,35.1563056015686,34.61688547467169,35.0859489440918,23845000,34.7763653365128
2019-06-07 00:00:00+00:00,35.94902267859376,35.19852187105247,35.737945556640625,23984200,35.26888210459356
2019-06-10 00:00:00+00:00,36.44153941723799,35.99592700670145,36.10381317138672,26927600,35.99592700670145
2019-06-11 00:00:00+00:00,36.507208011856854,35.89742411477316,36.10381317138672,23100200,36.46968207816893
2019-06-12 00:00:00+00:00,36.028752761601126,35.81767569732541,35.90210723876953,15193800,35.93024989302785
2019-06-13 00:00:00+00:00,36.13664745300745,35.878661132352505,36.0099983215332,19734800,36.02876128836902
2019-06-14 00:00:00+00:00,35.81299416605496,35.54093650257114,35.69572830200195,16883400,35.681656970902814
2019-06-17 00:00:00+00:00,35.90210445526801,35.644118215671305,35.72386169433594,18702200,35.71917005943358
2019-06-18 00:00:00+00:00,36.549416649546444,35.991233677048,36.37117385864258,32362400,36.10380788295205
2019-06-19 00:00:00+00:00,36.59632513464861,36.216384923318145,36.50251388549805,24742400,36.46498795436992
2019-06-20 00:00:00+00:00,37.159192711875626,36.727655363634874,37.037235260009766,27783800,37.037235260009766
2019-06-21 00:00:00+00:00,37.18221551677287,36.84800435473304,36.862125396728516,41430400,36.89978390292498
2019-06-24 00:00:00+00:00,37.05514293341576,36.87626672623006,36.93275451660156,16431800,36.92804630290858
2019-06-25 00:00:00+00:00,36.946869572079834,36.21254637296135,36.25490951538086,26245400,36.91391926420437
2019-06-26 00:00:00+00:00,36.904497141463274,36.59852802173275,36.645599365234375,18138400,36.60794085390775
2019-06-27 00:00:00+00:00,36.86684290978645,36.65972466476022,36.739749908447266,13675000,36.76799199956403
2019-06-28 00:00:00+00:00,36.89508204926728,36.62206681058127,36.73503875732422,35566800,36.852718915981214
2019-07-01 00:00:00+00:00,37.624702361489085,37.1633945361781,37.31873321533203,28553200,37.57763101392191
2019-07-02 00:00:00+00:00,37.44112856879704,37.215181030532726,37.4175910949707,15568400,37.29991090846756
2019-07-03 00:00:00+00:00,37.70473098754883,37.43642030632858,37.70473098754883,10683600,37.511737349421985
2019-07-05 00:00:00+00:00,37.70002155608182,37.26225472467838,37.63412094116211,11847800,37.39876057607338
2019-07-08 00:00:00+00:00,37.394052175198055,37.172812879764464,37.34697723388672,14919800,37.342272612806624
2019-07-09 00:00:00+00:00,37.50702474600559,37.097496452579804,37.478782653808594,18499600,37.15398422828766
2019-07-10 00:00:00+00:00,38.00128857917667,37.65766084379868,37.77534103393555,20217200,37.685902940210916
2019-07-11 00:00:00+00:00,38.06247959322443,37.78946070017577,37.91655731201172,22704400,37.86948236462699
2019-07-12 00:00:00+00:00,38.21781237238516,37.96833099172651,38.19427490234375,15506800,38.03423159826602
2019-07-15 00:00:00+00:00,38.368440517057884,38.21310184335523,38.32136917114258,12572000,38.29783170252818
2019-07-16 00:00:00+00:00,38.279005036294734,37.89772243987129,37.963623046875,16011400,38.27429682399055
2019-07-17 00:00:00+00:00,38.11895855547779,37.86006077002163,37.864768981933594,13416000,38.03422869762973
2019-07-18 00:00:00+00:00,38.2036893084126,37.75179432842636,38.14720153808594,16044000,37.78004000924645
2019-07-19 00:00:00+00:00,38.542611424359954,37.935381262024265,37.98245620727539,23359400,38.528490377310256
2019-07-22 00:00:00+00:00,38.514373583749595,38.12367447942707,38.420230865478516,13849400,38.12838269273498
2019-07-23 00:00:00+00:00,38.669700443439005,38.34490205976501,38.632041931152344,11010800,38.64145476356731
2019-07-24 00:00:00+00:00,38.96626185554043,38.58027099662325,38.95214080810547,18514200,38.58027099662325
2019-07-25 00:00:00+00:00,38.867408629956344,38.58497692404371,38.79209518432617,19846800,38.867408629956344
2019-07-26 00:00:00+00:00,38.95214046603695,38.77326788124124,38.87682342529297,22240400,38.81092281029906
2019-07-29 00:00:00+00:00,38.91918735340812,38.55202578453009,38.85328674316406,16946400,38.89564988204357
2019-07-30 00:00:00+00:00,38.76856856136056,38.500257826962994,38.603816986083984,14728000,38.584987721578806
2019-07-31 00:00:00+00:00,38.85328877192562,37.619999189092084,38.020111083984375,33738600,38.81092203951998
2019-08-01 00:00:00+00:00,38.89095169079608,37.63883270651396,37.82712173461914,57666000,38.08601959717808
2019-08-02 00:00:00+00:00,37.53526694203917,36.871552634376584,37.210472106933594,44743800,37.521145895901604
2019-08-05 00:00:00+00:00,36.26903139501764,35.369953133604604,35.6570930480957,55653200,36.21725183067899
2019-08-06 00:00:00+00:00,36.38200722915325,35.83596943486169,36.250205993652344,38301600,36.13723042781072
2019-08-07 00:00:00+00:00,36.57499379079536,35.63826068436359,36.47614288330078,41164800,35.83596249935275
2019-08-08 00:00:00+00:00,37.3799341562632,36.673853075182116,37.37051773071289,31983200,36.767995782800625
2019-08-09 00:00:00+00:00,37.25283424133896,36.66443339270609,36.94686508178711,31145200,37.14927511736937
2019-08-12 00:00:00+00:00,36.82918240395607,36.292561153852446,36.46202087402344,21786800,36.692672985412024
2019-08-13 00:00:00+00:00,37.5164429543656,36.34905748633715,37.37522888183594,52085600,36.4290791532354
2019-08-14 00:00:00+00:00,36.85272102390911,36.13251898634385,36.226661682128906,47138600,36.687969510628434
2019-08-15 00:00:00+00:00,36.34905177865321,35.854793624124,36.160762786865234,31324600,36.259613699508314
2019-08-16 00:00:00+00:00,36.92332804285594,36.480849493329444,36.8480110168457,21694000,36.532629050883116
2019-08-19 00:00:00+00:00,37.52114456382552,37.215175406889976,37.408172607421875,15756200,37.42700186537478
2019-08-20 00:00:00+00:00,37.54938599518842,37.2010537074659,37.21988296508789,16675400,37.361100601595936
2019-08-21 00:00:00+00:00,37.751800330823606,37.48819787668108,37.657657623291016,16802600,37.57763596275691
2019-08-22 00:00:00+00:00,37.84123325897449,37.23400318160934,37.568214416503906,15188200,37.75650339721857
2019-08-23 00:00:00+00:00,37.70472754893627,36.17488526593506,36.32551574707031,40797800,37.36110344727489
2019-08-26 00:00:00+00:00,36.843310347976725,36.523220104526715,36.82918930053711,20717000,36.77270511077865
2019-08-27 00:00:00+00:00,37.135146906680504,36.560867214607335,36.7726936340332,20066000,37.06924631165372
2019-08-28 00:00:00+00:00,36.86683737435008,36.311386920799144,36.80564498901367,14279000,36.57498930847986
2019-08-29 00:00:00+00:00,37.55881090817323,37.17282001797048,37.445838928222656,16241200,37.304621259798566
2019-08-30 00:00:00+00:00,37.73767374070965,37.168102183776845,37.4364128112793,20150800,37.69060239385745
2019-09-03 00:00:00+00:00,37.45524920528503,36.84801901863887,36.979820251464844,23675000,37.1257461232201
2019-09-04 00:00:00+00:00,37.62941733440306,37.342277393946034,37.61058807373047,15458800,37.37993591529121
2019-09-05 00:00:00+00:00,38.552021413498174,38.08600898209058,38.39668273925781,20086600,38.10483464747108
2019-09-06 00:00:00+00:00,38.50024462634579,38.26017607536104,38.36373519897461,18300200,38.48141536829662
2019-09-09 00:00:00+00:00,38.5614293029511,37.87417768263053,38.07658767700195,25221400,38.54260004867084
2019-09-10 00:00:00+00:00,37.90242780929501,37.45524459703763,37.883602142333984,19717000,37.90242780929501
2019-09-11 00:00:00+00:00,38.288419791775006,37.92125822251786,38.27900695800781,18818600,38.00128347045163
2019-09-12 00:00:00+00:00,38.79679205368455,38.32607144077991,38.48611831665039,25542000,38.51436040420442
2019-09-13 00:00:00+00:00,38.424932936973555,38.16133047025985,38.203697204589844,33067200,38.424932936973555
2019-09-16 00:00:00+00:00,38.19428417565321,37.850660014026744,38.109554290771484,15451800,37.888314947396175
2019-09-17 00:00:00+00:00,38.264888763427734,38.04835765750592,38.264888763427734,15402600,38.13779215455816
2019-09-18 00:00:00+00:00,38.288419704856075,37.74238556475046,38.26017761230469,17261400,38.20369342720191
2019-09-19 00:00:00+00:00,38.68382531475432,38.293126291583064,38.344905853271484,16387000,38.377856156953776
2019-09-20 00:00:00+00:00,38.48798106096198,37.79858815653917,37.89774703979492,30027200,38.469093139984324
2019-09-23 00:00:00+00:00,38.12912059313874,37.82219815888535,38.01579666137695,15648400,37.90246912711233
2019-09-24 00:00:00+00:00,38.412424718749534,37.48693831809429,37.647483825683594,35448200,38.26604785205215
2019-09-25 00:00:00+00:00,38.19994346221623,37.25084622470411,38.09606170654297,23913200,37.59554445011973
2019-09-26 00:00:00+00:00,38.27077287228467,37.84108080375636,38.13855743408203,18178600,38.08189727735466
2019-09-27 00:00:00+00:00,38.218835104859636,37.34528585750902,37.62860107421875,25564200,38.13856053879048
2019-09-30 00:00:00+00:00,38.11495094222858,37.73719974537204,38.02523422241211,22002800,37.78914062500237
2019-10-01 00:00:00+00:00,38.45021424243345,37.65693938772052,37.671104431152344,22044600,38.195232653150356
2019-10-02 00:00:00+00:00,37.43028252456942,36.68422939148286,36.96281814575195,39509600,37.42084036446831
2019-10-03 00:00:00+00:00,37.43027984751893,36.4906282757868,37.416114807128906,34944400,36.94865046174495
2019-10-04 00:00:00+00:00,38.08190504998058,37.64277073320325,38.03468704223633,21876800,37.68054658039988
2019-10-07 00:00:00+00:00,38.19050630942745,37.84581160881954,37.874141693115234,21238800,37.90719465896124
2019-10-08 00:00:00+00:00,37.741923303382656,37.175300100430945,37.18001937866211,28733600,37.62859938329281
2019-10-09 00:00:00+00:00,37.87412925823528,37.51054675330105,37.73247528076172,20503000,37.567206903289716
2019-10-10 00:00:00+00:00,38.143287283047975,37.66637712928595,37.9921875,18796200,37.69471081532826
2019-10-11 00:00:00+00:00,38.85628702255207,38.398264839728704,38.51631164550781,31941200,38.4596478818329
2019-10-14 00:00:00+00:00,38.653251850742805,38.473821977429346,38.492706298828125,11325600,38.47854125652748
2019-10-15 00:00:00+00:00,39.0121146364562,38.61075256371757,38.91767501831055,16205800,38.64852841097583
2019-10-16 00:00:00+00:00,38.72408074850543,38.50687502691835,38.648529052734375,20066000,38.705192824562666
2019-10-17 00:00:00+00:00,38.88933973152433,38.36993450996977,38.572975158691406,13731800,38.78073508581167
2019-10-18 00:00:00+00:00,38.5729715585589,37.963849669245185,38.20466613769531,17452600,38.51630780054055
2019-10-21 00:00:00+00:00,38.63435880762965,38.294383427449645,38.61547088623047,12678600,38.43131815571674
2019-10-22 00:00:00+00:00,38.8279532742393,38.067731628632906,38.09606170654297,18916000,38.69101856017021
2019-10-23 00:00:00+00:00,38.13383893900797,37.89774534112345,38.12911605834961,17617000,37.97801629980361
2019-10-24 00:00:00+00:00,38.719358966969,38.39354857408005,38.68630599975586,14508200,38.535206206423915
2019-10-25 00:00:00+00:00,39.20097699886056,38.66268391696057,39.15375900268555,16305400,38.68629471629917
2019-10-28 00:00:00+00:00,39.668458390487594,39.479582738994,39.64957046508789,14459800,39.49847066439369
2019-10-29 00:00:00+00:00,39.68733815192238,39.27653396461688,39.29069900512695,15520800,39.616509346869336
2019-10-30 00:00:00+00:00,39.57873885242126,39.14432740639449,39.53152084350586,25558600,39.40875113832328
2019-10-31 00:00:00+00:00,39.63539279323822,39.25291873013717,39.50790023803711,22461800,39.59289407400376
2019-11-01 00:00:00+00:00,39.9801025390625,39.578744007252915,39.9801025390625,19841200,39.640127066587304
2019-11-04 00:00:00+00:00,40.310628279660655,40.102864729385026,40.18785858154297,20363200,40.28701747531008
2019-11-05 00:00:00+00:00,40.31533957799445,40.003697916774286,40.14063262939453,15799600,40.30117453918929
2019-11-06 00:00:00+00:00,40.15951808469938,39.91870163227998,40.121742248535156,17077200,40.13590728647123
2019-11-07 00:00:00+00:00,40.664765622193976,40.324790239544,40.438114166259766,28085000,40.390896163670085
2019-11-08 00:00:00+00:00,40.66477584838867,40.17370057245672,40.66477584838867,12573000,40.33424254213453
2019-11-11 00:00:00+00:00,40.74031112898173,40.38144784749372,40.683650970458984,8488000,40.43338872780787
2019-11-12 00:00:00+00:00,40.97168310838253,40.641153498496855,40.82058334350586,16562400,40.74031238146256
2019-11-13 00:00:00+00:00,40.94806559673563,40.65058542025344,40.9102897644043,15372200,40.66003117958711
2019-11-14 00:00:00+00:00,40.89613584739365,40.63643143263025,40.86308288574219,12182600,40.74975896043754
2019-11-15 00:00:00+00:00,41.193607330322266,41.02361966245625,41.193607330322266,14124800,41.15111221460685
2019-11-18 00:00:00+00:00,41.37776258554542,41.02362218942726,41.31637954711914,13022200,41.179444828319824
2019-11-19 00:00:00+00:00,41.519418080113425,41.24554865639896,41.39664840698242,14087400,41.481642241842
2019-11-20 00:00:00+00:00,41.42498130644331,40.83474735395638,41.14638900756836,24759800,41.302211635625426
2019-11-21 00:00:00+00:00,41.11334737474501,40.85364292311593,40.938636779785156,18755400,41.06612936604058
2019-11-22 00:00:00+00:00,41.122797181131325,40.7261615112669,40.88670349121094,11780000,41.056691236153924
2019-11-25 00:00:00+00:00,41.48164749145508,41.05667826337617,41.48164749145508,14739800,41.0708469063977
2019-11-26 00:00:00+00:00,41.62331385686382,41.439161086377965,41.519432067871094,19454400,41.505267024372706
2019-11-27 00:00:00+00:00,41.75080108642578,41.52415319502313,41.75080108642578,18697000,41.6469193018232
2019-11-29 00:00:00+00:00,41.70830748005408,41.55720767943617,41.62803649902344,11360200,41.642201542440205
2019-12-02 00:00:00+00:00,41.64691082719686,40.85363616370252,41.0330696105957,23167600,41.64691082719686
2019-12-03 00:00:00+00:00,40.69782068452987,40.21146838800214,40.66948699951172,22494400,40.38617536685024
2019-12-04 00:00:00+00:00,40.96696297033017,40.77336448681515,40.83475112915039,13829000,40.93391001003523
2019-12-05 00:00:00+00:00,41.01890043068327,40.79224900577322,40.98584747314453,15620600,40.98112459278123
2019-12-06 00:00:00+00:00,41.47692782208744,41.264444992846364,41.43915557861328,18407000,41.297497957450595
2019-12-09 00:00:00+00:00,41.5005277725022,41.22193908691406,41.22193908691406,11370200,41.36831594866363
2019-12-10 00:00:00+00:00,41.47220676943924,41.15111929737271,41.255001068115234,12350800,41.288054031305784
2019-12-11 00:00:00+00:00,41.571360434340335,41.2786030810871,41.53358459472656,9879000,41.36359691896692
2019-12-12 00:00:00+00:00,42.038834376026486,41.31638838972663,41.97745132446289,24189400,41.415547289561594
2019-12-13 00:00:00+00:00,42.35047446002199,41.85467641992867,42.25603485107422,26256200,41.93494738565723
2019-12-16 00:00:00+00:00,42.78016213567977,42.567679324083905,42.633785247802734,19744600,42.5771214835426
2019-12-17 00:00:00+00:00,42.72822089563947,42.47796224329306,42.53462600708008,14919400,42.709332974377126
2019-12-18 00:00:00+00:00,42.69516439137211,42.51573455802223,42.52989959716797,12970200,42.586563356253244
2019-12-19 00:00:00+00:00,42.84154157525467,42.5440613660515,42.83681869506836,13724000,42.5582264041084
2019-12-20 00:00:00+00:00,43.13763583993822,42.97657018428189,43.08552551269531,23400800,43.09026380087782
2019-12-23 00:00:00+00:00,43.31766487048021,43.15659556255964,43.20870590209961,15530400,43.218182480700925
2019-12-24 00:00:00+00:00,43.28449874527632,43.123429457184464,43.2229118347168,4890800,43.28449874527632
2019-12-26 00:00:00+00:00,43.55452433765411,43.28449970287668,43.545047760009766,8269200,43.31292220729891
2019-12-27 00:00:00+00:00,43.72033277223167,43.43135856688688,43.54031753540039,19332200,43.72033277223167
2019-12-30 00:00:00+00:00,43.53557457932478,42.95762623058801,43.28923416137695,16491200,43.53083629052626
2019-12-31 00:00:00+00:00,43.47399635277859,43.08553972156915,43.4266242980957,11601800,43.14238835574227
2020-01-02 00:00:00+00:00,44.24142837524414,43.73453989500558,44.24142837524414,26567000,43.81981102318849
2020-01-03 00:00:00+00:00,44.04720763879469,43.59242581976186,43.7440185546875,30023600,43.59716410923775
2020-01-06 00:00:00+00:00,43.895615565643055,43.227657695451306,43.84823989868164,15630000,43.308190546476204
2020-01-07 00:00:00+00:00,44.04719875413628,43.76295927101008,43.829280853271484,15363600,43.92402855239861
2020-01-08 00:00:00+00:00,44.492509120101175,43.796128753897975,44.298282623291016,23254400,43.87666521770305
2020-01-09 00:00:00+00:00,44.828848987348245,44.47829151668652,44.8004264831543,15554800,44.70568239300422
2020-01-10 00:00:00+00:00,45.05625071821814,44.62042201572321,44.69621658325195,15330600,44.99466740621002
2020-01-13 00:00:00+00:00,45.3073135793468,44.876223283724784,45.25520324707031,15524400,44.899907498415295
2020-01-14 00:00:00+00:00,45.35468873533171,44.9709704570143,45.042030334472656,16134600,45.31205497741
2020-01-15 00:00:00+00:00,45.31204956548175,44.942542583937666,45.09413528442383,14417000,45.07044745668174
2020-01-16 00:00:00+00:00,45.709984896128624,45.32152832555055,45.70051193237305,11543200,45.38311523985614
2020-01-17 00:00:00+00:00,46.05106041620803,45.66734220965432,46.008426666259766,21661000,45.91367897595001
2020-01-21 00:00:00+00:00,46.254776890577034,45.85684731826129,45.9894905090332,17975000,45.86632028292105
2020-01-22 00:00:00+00:00,46.47743135071321,46.11739723703163,46.155296325683594,15491600,46.27846655667445
2020-01-23 00:00:00+00:00,46.411102360203174,46.003696257727505,46.37320327758789,14956400,46.202661020074565
2020-01-24 00:00:00+00:00,46.81851592006881,45.994227006040774,46.155296325683594,23617400,46.71429523340393
2020-01-27 00:00:00+00:00,45.41153584295297,44.86674828631424,45.05624008178711,35574600,45.07992791156699
2020-01-28 00:00:00+00:00,46.04160437861749,45.35469692482889,45.918434143066406,31184400,45.449444649966715
2020-01-29 00:00:00+00:00,46.363730871520445,45.852104092828874,46.03685760498047,21126600,46.297409283274
2020-01-30 00:00:00+00:00,46.47742512282827,45.73841106442161,46.43478775024414,19933600,46.01790867370163
2020-01-31 00:00:00+00:00,46.18845744577832,44.99939973441326,45.16046905517578,26964600,46.16476961164217
2020-02-03 00:00:00+00:00,45.871055805620024,45.160464228554055,45.75735855102539,25075600,45.21257456667934
2020-02-04 00:00:00+00:00,47.05536921545649,46.439521813321846,46.95588684082031,19097800,46.55321543944101
2020-02-05 00:00:00+00:00,47.75175523464948,46.88957093580816,47.23065185546875,32697000,47.72806740313921
2020-02-06 00:00:00+00:00,47.675962048146246,47.211710861770506,47.66175079345703,13505600,47.42488691062075
2020-02-07 00:00:00+00:00,47.623835827728826,47.1311586819696,47.22590637207031,16598000,47.43908234985097
2020-02-10 00:00:00+00:00,47.874913331019684,46.94166931774447,47.865440368652344,16347600,46.95114589436681
2020-02-11 00:00:00+00:00,48.2728593290282,47.562267691057,47.704383850097656,15105800,48.23022195133682
2020-02-12 00:00:00+00:00,48.23969081299768,47.76122484131814,48.220741271972656,12152800,48.0312494759778
2020-02-13 00:00:00+00:00,48.34392085864185,47.77070707065252,48.09284210205078,14802800,47.841766959715805
2020-02-14 00:00:00+00:00,48.38181764650967,48.035998385544744,48.30128479003906,12392400,48.18759113300667
2020-02-18 00:00:00+00:00,48.22547844808768,47.86070611671927,48.12125778198242,20633200,47.9128164497719
2020-02-19 00:00:00+00:00,48.76553314817372,48.40076077608929,48.69447326660156,16615600,48.43392157225554
2020-02-20 00:00:00+00:00,48.70868368888396,47.52910268623538,48.187583923339844,26324600,48.59025175970322
2020-02-21 00:00:00+00:00,47.98388618997521,46.81377802142893,47.10749053955078,29899000,47.94124881132163
2020-02-24 00:00:00+00:00,45.81421207481462,44.43566614738454,45.16046905517578,42365200,44.84780699300761
2020-02-25 00:00:00+00:00,45.73366844706851,43.55452194740612,43.7155876159668,62934400,45.567864489945705
2020-02-26 00:00:00+00:00,44.866740452207836,43.58293909306825,43.914546966552734,55759600,43.881386179204284
2020-02-27 00:00:00+00:00,43.37451467264885,41.51750262995121,41.54592514038086,67825800,42.47443477598584
2020-02-28 00:00:00+00:00,42.261245091024115,39.82154686282182,41.86331558227539,111854400,39.89260673631418
2020-03-02 00:00:00+00:00,44.29353820993746,41.86805118009023,44.28406524658203,70008600,42.616541784107255
2020-03-03 00:00:00+00:00,44.84306271018846,42.15228941603063,42.60232925415039,94989200,44.53513900366981
2020-03-04 00:00:00+00:00,44.44512708345254,42.91972350288828,44.43091583251953,44727600,43.52135963025621
2020-03-05 00:00:00+00:00,44.07089379958698,42.74919288953259,43.02869415283203,49019000,43.24660849299875
2020-03-06 00:00:00+00:00,42.370204269553625,40.972705464335334,42.1191291809082,57631800,41.588552885517
2020-03-09 00:00:00+00:00,40.74058731849081,38.6088124006628,38.92147445678711,59119800,38.646711488845625
2020-03-10 00:00:00+00:00,41.522236305654545,39.139386399263465,41.51749801635742,71164600,40.58899209818797
2020-03-11 00:00:00+00:00,40.655307169268916,38.99252208979232,39.55625915527344,63304200,40.40423209063603
2020-03-12 00:00:00+00:00,38.798303164814364,35.52958099080878,35.69538497924805,65490600,36.685477848938305
2020-03-13 00:00:00+00:00,39.973150202381305,36.145432350159545,39.88314437866211,65849600,37.94085751991406
2020-03-16 00:00:00+00:00,37.52397414818669,33.72467923363895,34.37368392944336,81244800,33.975754359541895
2020-03-17 00:00:00+00:00,37.159199050258124,34.07996924009715,36.71389389038086,100814600,35.1837519482901
2020-03-18 00:00:00+00:00,35.91802187510176,33.28883258702099,35.33060073852539,107412400,34.274186735910206
2020-03-19 00:00:00+00:00,36.661783875640644,34.165240659757174,35.45851516723633,123454200,35.00373704043282
2020-03-20 00:00:00+00:00,36.49598455192165,33.7199397802693,33.83363342285156,90444000,36.12647750283751
2020-03-23 00:00:00+00:00,34.39126446633768,32.429313460178996,33.52457809448242,84958400,33.66267693154699
2020-03-24 00:00:00+00:00,36.98654820576868,35.410323316518536,36.957977294921875,75329000,35.55318513700657
2020-03-25 00:00:00+00:00,38.61516405639121,36.200823461705426,36.91036605834961,57480800,37.23894250510229
2020-03-26 00:00:00+00:00,39.29136746356642,37.286560570261805,39.19612503051758,56425800,37.377036340249035
2020-03-27 00:00:00+00:00,38.69612789414206,37.26276062164376,37.42466735839844,58485400,37.98182577359937
2020-03-30 00:00:00+00:00,39.091364604712446,37.805622494298575,39.00088882446289,47480200,37.92467282426755
2020-03-31 00:00:00+00:00,39.610425243174916,38.07229340817105,38.272300720214844,39988800,38.91040873384083
2020-04-01 00:00:00+00:00,37.7389651260719,36.177024942533194,36.44845962524414,54984800,36.948468970696545
2020-04-02 00:00:00+00:00,37.34846931947458,36.17225148890538,37.30084991455078,44223600,36.31987273410748
2020-04-03 00:00:00+00:00,37.53895525169496,36.26273542176099,36.72465133666992,31572000,37.13894420759092
2020-04-06 00:00:00+00:00,40.119975013504124,38.09611870718492,39.858062744140625,35987200,38.33898248121935
2020-04-07 00:00:00+00:00,41.27713687714073,39.458047701797476,39.50090408325195,44298800,41.262851416655906
2020-04-08 00:00:00+00:00,40.729509288321665,39.64377056759094,40.56283950805664,27428600,40.019970147691275
2020-04-09 00:00:00+00:00,41.25332143544312,40.28663328109729,40.57235336303711,39259800,41.043795313022166
2020-04-13 00:00:00+00:00,40.71998345912539,39.83424854864305,40.662837982177734,25301600,40.410451816967
2020-04-14 00:00:00+00:00,42.4438241447868,41.4009456802589,42.36763381958008,31779000,41.56761542270601
2020-04-15 00:00:00+00:00,41.78190823982813,41.13427406965129,41.44380569458008,25858200,41.52475905757013
2020-04-16 00:00:00+00:00,42.05334276591114,41.26285036319658,41.948577880859375,23667600,41.986674863265144
2020-04-17 00:00:00+00:00,42.70097032191453,41.891429553357064,42.50572967529297,28284800,42.691447894351775
2020-04-20 00:00:00+00:00,42.486687693782784,41.76762259289505,41.82476806640625,20407000,41.92953295127935
2020-04-21 00:00:00+00:00,41.334280081998386,39.82948201935449,40.07234573364258,32765000,41.23427459784062
2020-04-22 00:00:00+00:00,41.84382028567644,40.89617683944127,41.61524200439453,24032000,41.043801750882544
2020-04-23 00:00:00+00:00,42.18191435994473,41.29617960228537,41.32951354980469,21169600,41.710472431007204
2020-04-24 00:00:00+00:00,42.21525268560165,41.23427538105881,42.205726623535156,16885000,41.500950621997994
2020-04-27 00:00:00+00:00,42.710496428006316,42.31048544051992,42.56763458251953,15598600,42.586683070792944
2020-04-28 00:00:00+00:00,43.12479687901461,41.94381946189677,42.00096130371094,25267600,43.09622595810753
2020-04-29 00:00:00+00:00,43.877192025680316,42.743834122483456,43.72480773925781,22925800,42.89621840890595
2020-04-30 00:00:00+00:00,43.8152993248376,43.20576200989132,43.529579162597656,30861200,43.8152993248376
2020-05-01 00:00:00+00:00,43.16766114193769,42.17239824589335,42.33430862426758,23990200,42.5724093436019
2020-05-04 00:00:00+00:00,42.93907372265727,41.94381467136368,42.896217346191406,21458000,42.139055330476864
2020-05-05 00:00:00+00:00,44.0391049358517,43.310513777341164,43.48670959472656,17374600,43.386707741549394
2020-05-06 00:00:00+00:00,44.24862894249325,43.629569362159366,43.82481002807617,16941000,43.90576338630685
2020-05-07 00:00:00+00:00,44.73435788566469,44.3533953361983,44.481971740722656,21088800,44.42006323738569
2020-05-08 00:00:00+00:00,45.19628504462373,44.64388957372951,45.134376525878906,15221600,44.90580184581367
2020-05-11 00:00:00+00:00,45.701047375211715,44.734359147596535,45.43437576293945,20768800,44.824834939972774
2020-05-12 00:00:00+00:00,45.74867786043085,44.462935266471696,44.49626922607422,27042000,45.620105054286576
2020-05-13 00:00:00+00:00,44.86293023889246,43.153369079463346,43.72957229614258,33942200,44.52006467419418
2020-05-14 00:00:00+00:00,44.31530645950848,42.94861060208191,44.28673553466797,30475200,43.42481205944392
2020-05-15 00:00:00+00:00,44.520070067833345,43.46290232631305,44.51054763793945,28032800,43.58671571370486
2020-05-18 00:00:00+00:00,45.858200546504015,45.22961478525499,45.601051330566406,20033400,45.386758500720724
2020-05-19 00:00:00+00:00,46.13915177626707,45.41532727161597,45.43437576293945,20092800,45.6200940119331
2020-05-20 00:00:00+00:00,46.515354308861795,46.039152894411174,46.42963790893555,18192000,46.06296441838509
2020-05-21 00:00:00+00:00,46.52010347695626,45.75817853439162,45.78199005126953,20581600,46.3820046719446
2020-05-22 00:00:00+00:00,46.0058149062427,45.52961353355258,45.94866943359375,18489600,45.715331778251475
2020-05-26 00:00:00+00:00,46.901064939905005,45.862945962346636,45.90104293823242,26001400,46.86773099428684
2020-05-27 00:00:00+00:00,46.18200854247421,44.92007423777758,46.162960052490234,38856800,45.896284825842535
2020-05-28 00:00:00+00:00,46.915357898493916,45.9581957499419,46.07248306274414,21147400,45.99152970088956
2020-05-29 00:00:00+00:00,46.7629742956006,45.82486062415705,46.65345001220703,35555000,46.21058258127668
2020-06-01 00:00:00+00:00,46.739165824023885,46.229630496560254,46.639163970947266,26719400,46.434397233753764
2020-06-02 00:00:00+00:00,47.077266693115234,46.29153372327632,47.077266693115234,22415200,46.734401132958034
2020-06-03 00:00:00+00:00,47.596323495711964,47.062980308729394,47.443939208984375,22035800,47.26774703462534
2020-06-04 00:00:00+00:00,47.58681375923532,46.79155816430715,47.053466796875,15138800,47.2582335773846
2020-06-05 00:00:00+00:00,48.429683044475496,47.30584740068229,48.291587829589844,20756400,47.38680440339992
2020-06-08 00:00:00+00:00,48.55348376005402,47.76299149701075,48.5344352722168,16130200,48.20585884812545
2020-06-09 00:00:00+00:00,49.00111640634983,48.248717451075905,48.76301574707031,14707800,48.29157745897264
2020-06-10 00:00:00+00:00,49.94875270676895,49.02492104731437,49.57731628417969,24389600,49.1154004544524
2020-06-11 00:00:00+00:00,48.786816478174124,46.720104802627795,46.73439025878906,39742000,48.71538919736779
2020-06-12 00:00:00+00:00,48.22491897160872,46.51535751962855,47.33918762207031,43287000,47.986818247948285
2020-06-15 00:00:00+00:00,48.01062247847048,46.32486917512517,47.79633331298828,29924000,46.47725346978829
2020-06-16 00:00:00+00:00,49.23445887824665,48.05824092440359,48.81540298461914,27935800,48.93921272377139
2020-06-17 00:00:00+00:00,49.26778974770555,48.72492051574418,48.80587387084961,17324200,49.09159394559856
2020-06-18 00:00:00+00:00,49.077303849855966,48.61062861958875,49.02492141723633,13717200,48.715393484828034
2020-06-19 00:00:00+00:00,49.67256922740765,48.45349474818707,48.686832427978516,31280000,49.615427381899515
2020-06-22 00:00:00+00:00,49.64710792557806,48.67297938434172,49.604129791259766,14738000,48.74937969414836
2020-06-23 00:00:00+00:00,50.53528373108273,49.89064086284252,49.96226501464844,19028000,50.04821763995653
2020-06-24 00:00:00+00:00,50.03389152893587,48.56792442152785,48.835330963134766,25425600,49.75693267190533
2020-06-25 00:00:00+00:00,49.513407088993574,48.37692191335594,49.460880279541016,20534400,48.90696252281996
2020-06-26 00:00:00+00:00,49.4370029957147,48.338723444607034,48.486751556396484,44275600,49.36537519728262
2020-06-29 00:00:00+00:00,49.02157227051165,47.89941183869633,49.01679611206055,18547200,48.481979302921786
2020-06-30 00:00:00+00:00,50.095974825830524,48.954713484870545,49.895416259765625,16500000,49.02156876898631
2020-07-01 00:00:00+00:00,50.26787690310577,49.699637949623494,49.97659683227539,21709200,49.928842537021374
2020-07-02 00:00:00+00:00,50.72151211407286,50.162821889843826,50.26787185668945,19144600,50.44932941689916
2020-07-06 00:00:00+00:00,51.38526418117319,50.88864935457785,51.146507263183594,16046200,50.91729901893134
2020-07-07 00:00:00+00:00,51.6049123966062,50.559156086286386,50.6116828918457,15863600,51.0891966564643
2020-07-08 00:00:00+00:00,51.442562260280056,50.740616405250606,51.43778610229492,13327000,51.01279912014559
2020-07-09 00:00:00+00:00,51.86754119418851,50.8838604609307,51.62400817871094,17767800,51.85798887970047
2020-07-10 00:00:00+00:00,51.633568940099345,50.99847831727792,51.60969543457031,14724600,51.504641809446674
2020-07-13 00:00:00+00:00,52.39281398566744,50.41113101477277,50.54005813598633,28910400,52.04900347157646
2020-07-14 00:00:00+00:00,51.19425505832466,49.604133198987824,51.12262725830078,30053200,50.13894997693936
2020-07-15 00:00:00+00:00,51.843673708642505,50.79791730896916,51.39958572387695,23779200,51.5905919746729
2020-07-16 00:00:00+00:00,50.99370026696344,50.37293085597791,50.76449203491211,17180600,50.8504446665387
2020-07-17 00:00:00+00:00,51.15605025833335,50.544833199030876,51.01279830932617,12710400,51.065325116904454
2020-07-20 00:00:00+00:00,52.44056467112153,50.86954385288989,52.316410064697266,17018400,51.156051400441854
2020-07-21 00:00:00+00:00,52.70795928221732,51.600127677829725,51.791133880615234,18794800,52.68885829762473
2020-07-22 00:00:00+00:00,52.36894170121181,51.79592655328303,52.20658874511719,15028000,51.83890104996403
2020-07-23 00:00:00+00:00,52.27343363426567,50.62123640671512,50.850440979003906,23349600,51.9296231326915
2020-07-24 00:00:00+00:00,50.56393698825174,49.40835444380423,50.23445129394531,22911600,50.00047054740805
2020-07-27 00:00:00+00:00,51.07966076034787,50.439790261279406,51.02713394165039,16908000,50.54006773975409
2020-07-28 00:00:00+00:00,51.027125255168144,50.39203102313371,50.430233001708984,17825400,50.86954482590104
2020-07-29 00:00:00+00:00,51.29931089928397,50.62124213508207,51.160831451416016,13187000,50.62124213508207
2020-07-30 00:00:00+00:00,51.480752474497606,50.42544760098837,51.44732666015625,21556800,50.69763027295102
2020-07-31 00:00:00+00:00,52.75095447588012,51.40914175158612,52.73185348510742,25185800,52.259115803692985
2020-08-03 00:00:00+00:00,54.202590678612346,53.42424087855516,54.03068542480469,24327000,53.448118025027746
2020-08-04 00:00:00+00:00,54.17393907987334,53.68210044943751,54.169166564941406,17971600,53.91608483418442
2020-08-05 00:00:00+00:00,54.493871241142735,54.09753394861878,54.36971664428711,12960200,54.341066984682286
2020-08-06 00:00:00+00:00,55.18627009594167,54.20736534202154,55.13374328613281,16399400,54.32674379283418
2020-08-07 00:00:00+00:00,54.918860614734186,53.882652947934666,54.312416076660156,27476200,54.91408445687584
2020-08-10 00:00:00+00:00,54.50820892002323,53.42902655511173,54.15962219238281,16481200,54.41748011903291
2020-08-11 00:00:00+00:00,54.212145128878184,53.07566351260114,53.185489654541016,18844400,53.98294052813495
2020-08-12 00:00:00+00:00,54.53685242261017,53.5483989704043,54.39360046386719,14196800,53.615250613112615
2020-08-13 00:00:00+00:00,54.87110544748436,54.22168647158148,54.41746520996094,11453600,54.4699920126546
2020-08-14 00:00:00+00:00,54.53685289574904,54.07844006614018,54.3792724609375,8334200,54.44135158909186
2020-08-17 00:00:00+00:00,54.86633829779294,54.64190622091725,54.742183685302734,8174600,54.70875786384091
2020-08-18 00:00:00+00:00,55.09554169456465,54.48432460501273,54.947513580322266,8930000,54.84723611811214
2020-08-19 00:00:00+00:00,55.329525147165256,54.789932223216375,54.88066101074219,14239400,55.08599208983559
2020-08-20 00:00:00+00:00,55.72108924286172,54.618029832986394,55.61125946044922,12803000,54.675332803350486
2020-08-21 00:00:00+00:00,56.38004574902107,55.635125498752515,56.317970275878906,15288600,55.66377515664266
2020-08-24 00:00:00+00:00,57.14884895435424,56.33230083318595,56.80503845214844,16440600,57.129747966104915
2020-08-25 00:00:00+00:00,57.11541461812206,56.59015027059149,57.09153747558594,18628200,56.67610288332489
2020-08-26 00:00:00+00:00,58.40471544336629,57.55951756635314,58.25191116333008,16463000,57.68844469760751
2020-08-27 00:00:00+00:00,58.76285255590709,57.774399043222665,58.29966354370117,18174200,58.495445968712545
2020-08-28 00:00:00+00:00,59.001614364013804,58.45247631171525,58.810611724853516,13092600,58.528876638751
2020-08-31 00:00:00+00:00,59.37883883122952,58.676892979706196,58.996829986572266,19040000,59.044580636761786
2020-09-01 00:00:00+00:00,60.200160531766514,59.154404214984126,60.12376022338867,25612600,59.526868013926745
2020-09-02 00:00:00+00:00,60.98806265060726,59.59849575456926,60.65857696533203,40395000,60.98328649256441
2020-09-03 00:00:00+00:00,59.736970967331,56.728636449102474,57.20137405395508,54162000,59.68922031970341
2020-09-04 00:00:00+00:00,57.69321254883215,53.982932223021606,56.403926849365234,62544200,56.88144061111459
2020-09-08 00:00:00+00:00,55.549179294491445,53.7585026068312,53.85400390625,47860400,54.25988989349144
2020-09-09 00:00:00+00:00,56.155624927913365,54.56550302093798,55.61125946044922,36783800,55.16717145876622
2020-09-10 00:00:00+00:00,56.46122625410408,54.02590679414688,54.35539245605469,32109800,56.375273631134256
2020-09-11 00:00:00+00:00,55.07643426565508,53.252331883421064,53.9399528503418,37166400,54.86633069264992
2020-09-14 00:00:00+00:00,55.36772293809767,54.579828092780176,55.0716667175293,24730200,54.83768233548775
2020-09-15 00:00:00+00:00,56.0123689663728,55.24357147381599,55.616031646728516,18260400,55.91208786461226
2020-09-16 00:00:00+00:00,55.94073983147473,54.703977251797085,54.75650405883789,19637000,55.86433587827319
2020-09-17 00:00:00+00:00,54.680104214482526,53.39081481678332,54.3028678894043,30403600,53.4767674432966
2020-09-18 00:00:00+00:00,54.48910395673498,52.7079757507249,53.366947174072266,41837600,54.39360264707317
2020-09-21 00:00:00+00:00,53.834499959019446,52.21692981539674,53.81057357788086,38381800,52.403572383845116
2020-09-22 00:00:00+00:00,54.80121978804427,53.49471807470545,54.66243362426758,25537400,54.4183611534044
2020-09-23 00:00:00+00:00,54.74378677417011,52.796001157829274,52.958717346191406,23707800,54.69114362363033
2020-09-24 00:00:00+00:00,53.91586695047511,52.3987925203328,53.255435943603516,31838600,52.46579223824575
2020-09-25 00:00:00+00:00,54.6911473015119,52.94914743344101,54.52843475341797,19326600,53.284146003758266
2020-09-28 00:00:00+00:00,55.57650320909467,54.97350578888636,55.571720123291016,17473200,55.43293395956387
2020-09-29 00:00:00+00:00,55.734425884867115,55.265427948464975,55.38507080078125,20851000,55.49992691666605
2020-09-30 00:00:00+00:00,56.41879015660702,55.332434529120164,55.84928894042969,22318400,55.356360911830386
2020-10-01 00:00:00+00:00,56.701154482894744,56.07901005533349,56.43793869018555,27076400,56.62458128821175
2020-10-02 00:00:00+00:00,55.96415444898725,54.78686895357453,55.00701141357422,37251600,55.05008109758656
2020-10-05 00:00:00+00:00,56.24650110617906,55.365931403724844,56.2130012512207,12270600,55.3994312586832
2020-10-06 00:00:00+00:00,56.61022185915499,55.14579427153354,55.34200668334961,26862200,56.07900721438825
2020-10-07 00:00:00+00:00,56.46664440110317,55.87800356188546,56.35657501220703,12992400,55.921073239833405
2020-10-08 00:00:00+00:00,56.849501477236906,56.45707304468396,56.648502349853516,10109600,56.849501477236906
2020-10-09 00:00:00+00:00,57.52908129267978,56.902153777368895,57.51472473144531,14425400,56.91651033860336
2020-10-12 00:00:00+00:00,59.472068560415075,58.06985415839856,59.08442687988281,19163800,58.361783015731056
2020-10-13 00:00:00+00:00,59.38114737148954,58.481430693878494,58.70635986328125,17613800,59.27586106655969
2020-10-14 00:00:00+00:00,59.16099220474308,57.95977708165472,58.3952751159668,14534000,58.84992009382893
2020-10-15 00:00:00+00:00,58.24693621457864,57.27543666398451,58.132080078125,13185000,57.42857939632628
2020-10-16 00:00:00+00:00,58.687209274548984,57.911925945873215,57.964569091796875,11544200,58.452710311659025
2020-10-19 00:00:00+00:00,58.47665371415084,56.725080242791556,56.90215301513672,16616400,58.256511258679225
2020-10-20 00:00:00+00:00,57.701351489689735,56.748995460066006,57.098350524902344,14566600,57.117493818363364
2020-10-21 00:00:00+00:00,57.55778966448684,56.88300578368558,57.0122184753418,12171800,56.959575321019855
2020-10-22 00:00:00+00:00,57.22279221782653,56.093363223055555,56.74422073364258,13486400,57.03614963109164
2020-10-23 00:00:00+00:00,56.83514191233693,56.20821087978437,56.68199920654297,10312800,56.82556843941912
2020-10-26 00:00:00+00:00,56.504927814546065,54.76292812547439,55.45207214355469,18189200,56.05506950816474
2020-10-27 00:00:00+00:00,55.964151249228216,55.413793305090344,55.72964859008789,19064800,55.72007876681372
2020-10-28 00:00:00+00:00,54.705507043628295,53.27457927973752,53.365509033203125,32756600,54.67200718464793
2020-10-29 00:00:00+00:00,54.88258089080841,53.53779611663594,54.255653381347656,19409000,53.57129597627405
2020-10-30 00:00:00+00:00,53.82972285904172,52.43707806907792,53.05443572998047,25848600,53.49472062495864
2020-11-02 00:00:00+00:00,53.896722005828956,52.68114999464036,53.18843460083008,24039800,53.461220201488224
2020-11-03 00:00:00+00:00,54.60499811523021,53.38464318890149,54.126426696777344,20970200,53.60478560324459
2020-11-04 00:00:00+00:00,56.65328879215497,55.2127913093452,56.232147216796875,30763800,55.77271904789426
2020-11-05 00:00:00+00:00,58.146434528617725,57.471646992618105,57.97893524169922,22189800,57.710932731419
2020-11-06 00:00:00+00:00,58.371369317193434,57.05051088972951,58.18472671508789,19455200,57.84015463390504
2020-11-09 00:00:00+00:00,59.99371740779373,57.710929541148175,57.763572692871094,39768200,59.41943312690237
2020-11-10 00:00:00+00:00,57.66307672573422,56.22736228267488,56.686790466308594,23538400,57.261078434258714
2020-11-11 00:00:00+00:00,58.18950387574887,57.1462215657144,58.031578063964844,14488600,57.26107769734204
2020-11-12 00:00:00+00:00,58.31872502147334,57.24672585183961,57.51472473144531,14352800,58.03158284315138
2020-11-13 00:00:00+00:00,58.12249242341052,57.40463535609194,58.00284957885742,11851600,57.95020643515727
2020-11-16 00:00:00+00:00,58.66806874789853,57.88799864610301,58.56278610229492,14864200,58.00764150135319
2020-11-17 00:00:00+00:00,58.55321717169389,57.98850270505467,58.237361907958984,9939400,58.27086176397951
2020-11-18 00:00:00+00:00,58.414432596693175,57.59128908217064,57.61521911621094,9542800,58.13686391836278
2020-11-19 00:00:00+00:00,58.184719747939795,57.24672011215487,58.07943344116211,12155200,57.500362405095366
2020-11-20 00:00:00+00:00,58.14643816341145,57.46208076161258,57.481224060058594,9915800,58.13208160237966
2020-11-23 00:00:00+00:00,58.036359278754155,56.96914696889925,57.466861724853516,9807000,57.658291038868306
2020-11-24 00:00:00+00:00,58.3809389065343,57.270653122301674,58.266082763671875,13634000,57.687011660593015
2020-11-25 00:00:00+00:00,58.634571737360154,58.170360503498834,58.3905029296875,12186400,58.46707246213077
2020-11-27 00:00:00+00:00,58.95042795130317,58.59149938453957,58.70157241821289,7025800,58.70157241821289
2020-11-30 00:00:00+00:00,59.18015241396524,58.01722354312978,59.09400939941406,32229200,58.68243762447077
2020-12-01 00:00:00+00:00,60.180362732084646,59.33329283137444,59.85014724731445,22681200,59.58214839081144
2020-12-02 00:00:00+00:00,59.826216017291216,59.14664180574367,59.75921630859375,16038800,59.596500122321146
2020-12-03 00:00:00+00:00,60.12293411480549,59.56300635580024,59.7209358215332,13775400,59.82622213202185
2020-12-04 00:00:00+00:00,60.32871502497825,59.67785756944355,60.31914520263672,10358800,59.80707390392152
2020-12-07 00:00:00+00:00,60.668508941919875,60.247367325988684,60.49143981933594,8905400,60.3526536427742
2020-12-08 00:00:00+00:00,60.87907809721069,60.17557743089315,60.68764877319336,7886800,60.43400647063494
2020-12-09 00:00:00+00:00,60.83122098236753,59.31893335628116,59.52471923828125,17271800,60.64936513479956
2020-12-10 00:00:00+00:00,59.89321797266181,59.022218075712196,59.61085891723633,9997400,59.16100423499449
2020-12-11 00:00:00+00:00,59.48643493652344,58.81643415104034,59.48643493652344,13023200,59.251932288317505
2020-12-14 00:00:00+00:00,60.23779120757655,59.63000340644925,59.70178985595703,11055800,59.66828999968146
2020-12-15 00:00:00+00:00,60.69722366333008,59.96022312195968,60.69722366333008,9099200,60.34786486500882
2020-12-16 00:00:00+00:00,61.32414322129875,60.57757295312526,61.108787536621094,10309200,60.778572078985775
2020-12-17 00:00:00+00:00,61.72615107994142,61.3002227297611,61.5921516418457,11505000,61.55386504490097
2020-12-18 00:00:00+00:00,61.69265567450049,60.984368226648634,61.37679672241211,17693400,61.6830821995343
2020-12-21 00:00:00+00:00,61.46697426872031,60.0566960162101,61.438194274902344,15232200,60.59874363121091
2020-12-22 00:00:00+00:00,62.24887620500424,61.49576540629416,61.97065734863281,14334200,61.7787784893611
2020-12-23 00:00:00+00:00,62.08575954093628,61.40940779931686,61.50054931640625,11300800,62.042589554765925
2020-12-24 00:00:00+00:00,62.06177864157856,61.562901089682086,61.90827560424805,4384600,61.60607107414591
2020-12-28 00:00:00+00:00,62.733339239077246,62.22966743709817,62.60862350463867,8171000,62.522276212005785
2020-12-29 00:00:00+00:00,63.030735798520695,62.20088108999622,62.31120681762695,8841400,62.94919005901735
2020-12-30 00:00:00+00:00,62.65659389657302,62.1865035840929,62.277645111083984,8141400,62.52708392399189
2020-12-31 00:00:00+00:00,62.54626353909407,61.86511022890443,62.36878204345703,11058400,62.306420514966945
2021-01-04 00:00:00+00:00,62.69977283550412,60.55557174088294,61.35185241699219,21017200,62.68537551874792
2021-01-05 00:00:00+00:00,61.85072967666832,61.17437048869739,61.74999237060547,12361400,61.21274625674851
2021-01-06 00:00:00+00:00,61.86989902835471,60.49800041760112,60.68507766723633,27258000,60.86735703208982
2021-01-07 00:00:00+00:00,62.44074138477995,61.24632397026561,62.32081985473633,19652000,61.2703097401602
2021-01-08 00:00:00+00:00,62.89164030401702,62.013813926329576,62.72374725341797,12387600,62.62781150425929
2021-01-11 00:00:00+00:00,62.646990752273084,61.946646013932124,62.20567321777344,17853200,62.11453903158484
2021-01-12 00:00:00+00:00,62.21048013435019,61.318263858292724,61.90827560424805,17089200,62.12893439055374
2021-01-13 00:00:00+00:00,62.49349578349321,61.869902476809315,62.3016242980957,13605200,61.989823985039756
2021-01-14 00:00:00+00:00,62.584634566937645,61.6636383022916,61.75477981567383,15624800,62.4551172942667
2021-01-15 00:00:00+00:00,61.937065999124094,60.99688535552419,61.12160110473633,12641200,61.66364873215893
2021-01-19 00:00:00+00:00,62.02340871549858,61.327861736105966,61.917877197265625,11569600,61.543722657868166
2021-01-20 00:00:00+00:00,63.36652518034576,62.30641587215042,63.14586639404297,11770000,62.392763160504614
2021-01-21 00:00:00+00:00,64.17239725528242,63.145869431903236,63.961334228515625,8945200,63.48644973771838
2021-01-22 00:00:00+00:00,64.03808262801306,63.563190840946184,63.71669387817383,11243600,63.69270811367855
2021-01-25 00:00:00+00:00,64.65688190346528,62.694967641453026,64.24915313720703,18205200,64.43623041100282
2021-01-26 00:00:00+00:00,64.57531793638765,64.04766780192212,64.29230499267578,8593400,64.47458798937056
2021-01-27 00:00:00+00:00,64.19158755780725,62.507884920928845,63.078712463378906,24484600,63.985318760379634
2021-01-28 00:00:00+00:00,64.3930647577066,63.184253735164305,63.33774948120117,16181600,63.40011101647532
2021-01-29 00:00:00+00:00,63.27059265736925,61.51014557666003,61.845924377441406,19023200,63.02116115931959
2021-02-01 00:00:00+00:00,63.70231972370049,62.11935402594872,63.395320892333984,11232600,62.57985593271322
2021-02-02 00:00:00+00:00,64.44103696534856,63.918180807712254,64.25395965576172,8595000,64.00932234920353
2021-02-03 00:00:00+00:00,64.51777496253315,63.84141586239694,64.03329467773438,11574800,64.38346345151115
2021-02-04 00:00:00+00:00,65.05502319335938,64.19159411331728,65.05502319335938,8134200,64.37867138991689
2021-02-05 00:00:00+00:00,65.26129397920884,64.72404058143741,64.91112518310547,9413800,65.25169820797305
2021-02-08 00:00:00+00:00,65.6210346224578,65.08378142055793,65.59225463867188,11713200,65.17492291549746
2021-02-09 00:00:00+00:00,65.82731117702987,65.40039090745503,65.51551818847656,10552200,65.41958244733922
2021-02-10 00:00:00+00:00,65.86091183332815,64.86316373308512,65.41960144042969,9464400,65.77936606371506
2021-02-11 00:00:00+00:00,66.18228436736996,65.60666257592342,66.13911437988281,7565800,65.86089559480754
2021-02-12 00:00:00+00:00,66.52286054130866,65.78414721553376,66.47969055175781,6755600,65.96643026398657
2021-02-16 00:00:00+00:00,66.79149737665497,66.09115242727226,66.26383972167969,9722200,66.74352583731931
2021-02-17 00:00:00+00:00,65.82251903133756,65.01664267758217,65.6786117553711,15274800,65.654625989472
2021-02-18 00:00:00+00:00,65.46756453599542,64.53217799547342,65.35723876953125,10954800,64.99747415245126
2021-02-19 00:00:00+00:00,65.75056565977536,64.96867511227131,65.26128387451172,11685600,65.69299836070287
2021-02-22 00:00:00+00:00,64.67128539321338,63.78386315467333,63.82223892211914,14262600,64.46022233197601
2021-02-23 00:00:00+00:00,64.0380948058702,61.69243005294919,63.64474868774414,24198400,62.76212801412397
2021-02-24 00:00:00+00:00,64.67605972961213,62.685358577347664,64.61849975585938,16472200,63.169846087856676
2021-02-25 00:00:00+00:00,64.46978805029424,62.08095409474291,62.35917282104492,34313800,64.04286785221954
2021-02-26 00:00:00+00:00,63.65433660194117,62.133732720146924,62.69017028808594,35511600,62.977977522951235
2021-03-01 00:00:00+00:00,64.7480238963844,63.352142990767035,64.70964813232422,24773800,63.75507753425599
2021-03-02 00:00:00+00:00,64.84395626730465,63.591982712305736,63.6831169128418,24802800,64.8007862797726
2021-03-03 00:00:00+00:00,63.558408654593805,62.01381881720709,62.08097457885742,29889600,63.37612559321616
2021-03-04 00:00:00+00:00,62.34000142291447,59.941567546119515,60.70906448364258,76955600,61.88909537099476
2021-03-05 00:00:00+00:00,62.02819797135824,59.82164301499117,61.85551071166992,46085800,61.46696620722816
2021-03-08 00:00:00+00:00,62.0953554435873,60.29653282170223,60.35889434814453,35242400,61.7979524456526
2021-03-09 00:00:00+00:00,62.7956956043836,61.68762212276695,62.41194534301758,22987200,61.76916786390027
2021-03-10 00:00:00+00:00,63.09309035784389,62.11453427234325,62.162498474121094,18459000,63.08349458971772
2021-03-11 00:00:00+00:00,63.884587859279335,62.963591474993244,63.491249084472656,13362800,63.097902990237344
2021-03-12 00:00:00+00:00,63.05474101807491,62.330417588803584,63.03555679321289,12442200,62.733352185771885
2021-03-15 00:00:00+00:00,63.74547185795046,62.83407139128708,63.707096099853516,16585000,63.083502839776095
2021-03-16 00:00:00+00:00,64.80079573944046,63.9133808153249,64.18679809570312,13106800,64.196393867476
2021-03-17 00:00:00+00:00,64.51776821545091,63.18424169588279,64.13401794433594,19366400,63.66872193001602
2021-03-18 00:00:00+00:00,63.366534752129354,62.27764528981047,62.35439682006836,17584800,63.25620168259784
2021-03-19 00:00:00+00:00,62.642212484260405,61.869917491062914,62.167327880859375,27224800,62.36879518524614
2021-03-22 00:00:00+00:00,63.6973715551375,62.39948674690103,63.38972473144531,15984200,62.50043668454202
2021-03-23 00:00:00+00:00,63.8415866777455,62.827312230549424,62.99555969238281,12929200,63.562780579927505
2021-03-24 00:00:00+00:00,63.38493236550353,62.2216423643415,62.231258392333984,14209400,63.37531633751105
2021-03-25 00:00:00+00:00,62.471593238394966,61.394825734613484,62.192787170410156,22573000,61.86110396306825
2021-03-26 00:00:00+00:00,63.84159715037907,62.135115192099164,63.77429962158203,14883200,62.1591515955725
2021-03-29 00:00:00+00:00,63.75987459331713,62.961912999472304,63.44261169433594,17317800,63.58201842337918
2021-03-30 00:00:00+00:00,63.0628604580809,62.461987113270894,62.84173583984375,13235400,62.99556293685737
2021-03-31 00:00:00+00:00,64.23094412689929,63.26954693375364,63.84157943725586,15430400,63.32242407277179
2021-04-01 00:00:00+00:00,65.12987271671687,64.4761221590691,65.12506103515625,14351600,64.53860800543339
2021-04-05 00:00:00+00:00,66.58638625922026,65.41828459914518,66.47101593017578,12866800,65.50481417964858
2021-04-06 00:00:00+00:00,66.58155456211534,65.96626099527465,66.18738555908203,11315600,66.36524167820505
2021-04-07 00:00:00+00:00,66.6584512814381,65.89414252809247,66.53827667236328,10085200,66.13449174624212
2021-04-08 00:00:00+00:00,67.51412282608811,67.04784455639088,67.49970245361328,14144600,67.16321487106869
2021-04-09 00:00:00+00:00,68.16786821056472,67.13436914059606,68.14864349365234,9401000,67.25454379221468
2021-04-12 00:00:00+00:00,68.03808263651867,67.49008647742828,67.82176971435547,15907000,67.86984251256027
2021-04-13 00:00:00+00:00,68.51397485975855,67.95636269092624,68.46109771728516,11315800,68.0813490285246
2021-04-14 00:00:00+00:00,68.48513342953805,67.6054540689551,67.73524475097656,11216200,68.45148100517441
2021-04-15 00:00:00+00:00,68.95140619046761,68.34572127918176,68.89852905273438,11028800,68.35533730464552
2021-04-16 00:00:00+00:00,69.01390781406258,68.59569500622081,68.88411712646484,11695600,68.95141464320456
2021-04-19 00:00:00+00:00,68.89372893405033,67.9034836271241,68.31208038330078,10254000,68.57646608818695
2021-04-20 00:00:00+00:00,68.46590302787287,67.32664961065716,67.70640563964844,9873400,68.16787222148406
2021-04-21 00:00:00+00:00,68.41302870669848,67.39875436086962,68.38899230957031,9254200,67.58622652266365
2021-04-22 00:00:00+00:00,68.5620604864013,67.28820448294218,67.58624267578125,11652200,68.26883397506501
2021-04-23 00:00:00+00:00,68.81201607334556,67.69679890182529,68.595703125,8886000,67.71121927605633
2021-04-26 00:00:00+00:00,69.01870342665752,68.57164993033514,68.94659423828125,7735000,68.61972272258599
2021-04-27 00:00:00+00:00,69.11004167617394,68.53320480728762,68.77835845947266,10822000,69.05716453532477
2021-04-28 00:00:00+00:00,68.47071368313958,67.97559468354373,68.13903045654297,10691200,68.37937977032266
2021-04-29 00:00:00+00:00,68.7831604482114,67.3891374515954,68.08134460449219,13416600,68.69663822153855
2021-04-30 00:00:00+00:00,67.7544682387568,66.99496354775151,67.15359497070312,10583400,67.38913993233652
2021-05-03 00:00:00+00:00,67.64873208228427,66.79790058786503,66.96614074707031,10805800,67.51413702096777
2021-05-04 00:00:00+00:00,66.485429386715,65.03371740386129,65.7643814086914,19919600,66.46620466798129
2021-05-05 00:00:00+00:00,66.33161070823908,65.48077202660271,65.60575103759766,11245800,66.30276262735153
2021-05-06 00:00:00+00:00,66.30276218197352,65.10582722140065,66.26431274414062,14338600,65.57690985108734
2021-05-07 00:00:00+00:00,67.22569641974435,66.54309801117387,66.8315200805664,19196600,66.92765832540462
2021-05-10 00:00:00+00:00,66.54311469242114,65.12025070842044,65.144287109375,20281000,66.50946959898857
2021-05-11 00:00:00+00:00,65.08178435473397,63.745442809004885,64.94718933105469,27046800,63.89926254969035
2021-05-12 00:00:00+00:00,64.3415037833466,62.952285268712174,63.12052536010742,29414600,63.99058856110603
2021-05-13 00:00:00+00:00,64.53379955020692,63.52914104197526,63.95696258544922,22610400,63.812751510539805
2021-05-14 00:00:00+00:00,65.59131586882947,64.54820089252013,65.36538696289062,16823000,64.67317987532293
2021-05-17 00:00:00+00:00,65.00007491149736,64.29344727798818,64.88470458984375,16267200,64.98084285711529
2021-05-18 00:00:00+00:00,65.20676210005894,64.32227843718924,64.36553955078125,11737200,65.07216707896478
2021-05-19 00:00:00+00:00,64.63954924026491,63.2118736367361,64.59147644042969,30581200,63.36570072830527
2021-05-20 00:00:00+00:00,66.04800635904445,64.8414551180483,65.82688903808594,16828200,64.85107114696679
2021-05-21 00:00:00+00:00,66.22584372851064,65.40865763036273,65.46633911132812,14148400,66.16335056754609
2021-05-24 00:00:00+00:00,66.86037196492127,65.97588822917797,66.629638671875,13229000,66.00954065466343
2021-05-25 00:00:00+00:00,67.05265718573897,66.49984933849294,66.64886474609375,11245800,66.89883009732569
2021-05-26 00:00:00+00:00,66.93727702428518,66.42773770489806,66.64405059814453,13311400,66.74500052692792
2021-05-27 00:00:00+00:00,66.8603727355114,66.27873148291711,66.29315185546875,11354600,66.58637832215092
2021-05-28 00:00:00+00:00,66.9132468890109,66.49504143394724,66.5286865234375,9222600,66.6296364616661
2021-06-01 00:00:00+00:00,66.8988473864925,66.08166093902344,66.20183563232422,12907400,66.82674550446451
2021-06-02 00:00:00+00:00,66.92768316138323,66.21144673690648,66.65849304199219,10098200,66.33642576808643
2021-06-03 00:00:00+00:00,66.38447943244041,65.63458345696691,66.03837585449219,12721200,66.12009373610795
2021-06-04 00:00:00+00:00,67.38432502336047,66.44215989172531,67.30741882324219,11182600,66.44215989172531
2021-06-07 00:00:00+00:00,67.369913106742,66.96612799965544,67.29300689697266,11784000,67.24973844380818
2021-06-08 00:00:00+00:00,67.89868674959456,67.11034122869356,67.29781341552734,8902600,67.61507629628592
2021-06-09 00:00:00+00:00,67.74005532356296,67.30742945689475,67.34588623046875,9763400,67.62468500284098
2021-06-10 00:00:00+00:00,68.00924354601996,67.24493444617289,67.84100341796875,11275400,67.4852837732855
2021-06-11 00:00:00+00:00,68.24478912353516,67.8650330758461,68.24478912353516,12100600,67.9275262486029
2021-06-14 00:00:00+00:00,68.94179317606897,68.03327310433846,68.9369888305664,11426600,68.31207917593811
2021-06-15 00:00:00+00:00,68.8841017187086,68.38898281311022,68.51396179199219,15079600,68.8841017187086
2021-06-16 00:00:00+00:00,68.77355065867985,67.47565860029394,68.14382934570312,19202800,68.64375998586559
2021-06-17 00:00:00+00:00,69.21580008523063,67.94675596405575,68.93218231201172,15864200,67.94675596405575
2021-06-18 00:00:00+00:00,68.86969555012192,68.22074945835581,68.3024673461914,20816600,68.60050548786842
2021-06-21 00:00:00+00:00,69.07298188961794,67.88829978753262,69.03446197509766,12276000,68.3313522877561
2021-06-22 00:00:00+00:00,69.69904973079062,68.91407957105015,69.6605224609375,9253200,68.99112676243102
2021-06-23 00:00:00+00:00,69.82905330775876,69.42934129323285,69.58345031738281,8271000,69.67013113222512
2021-06-24 00:00:00+00:00,70.23358662729684,69.88203547908587,70.02169036865234,12279000,70.0313240208608
2021-06-25 00:00:00+00:00,70.13728408281276,69.82426014185647,69.93983459472656,14385800,70.08431000913902
2021-06-28 00:00:00+00:00,70.75371217685458,70.21434508490945,70.67184448242188,12557400,70.22879189284902
2021-06-29 00:00:00+00:00,71.22084818894166,70.54663929599107,71.18714141845703,9829200,70.71037469166109
2021-06-30 00:00:00+00:00,71.28343828280029,70.88853935157341,71.11006927490234,11013600,71.07635516443585
2021-07-01 00:00:00+00:00,71.23047637939453,70.74889653613987,71.23047637939453,11636600,71.01376691959499
2021-07-02 00:00:00+00:00,72.24179733831139,71.5531416162798,72.16956329345703,12780000,71.57240157879896
2021-07-06 00:00:00+00:00,72.7859862436819,71.75059239158804,72.44406127929688,11870600,72.32366630354986
2021-07-07 00:00:00+00:00,72.98823204111339,72.256228700331,72.83894348144531,14883800,72.90636435833814
2021-07-08 00:00:00+00:00,72.35255408346288,71.37012714536014,72.1502914428711,17086200,71.69278473975595
2021-07-09 00:00:00+00:00,72.8823012640503,71.95766872564933,72.81488037109375,9775800,72.06361689291336
2021-07-12 00:00:00+00:00,73.13752078326728,72.63668103200301,72.8726577758789,9619600,73.10381401889899
2021-07-13 00:00:00+00:00,73.70096748842154,72.68483384227507,73.17123413085938,15202800,72.74744156615013
2021-07-14 00:00:00+00:00,74.08624112490492,73.38795182371499,73.71060943603516,12886800,73.75877035956215
2021-07-15 00:00:00+00:00,73.68172282581108,72.71374989683011,73.10382843017578,12506200,73.62393559074532
2021-07-16 00:00:00+00:00,73.59504553048978,72.309220701518,72.38146209716797,15080400,73.24830740668355
2021-07-19 00:00:00+00:00,71.716866142735,70.97041594967472,71.38457489013672,24254000,71.51941665230342
2021-07-20 00:00:00+00:00,72.8437734805761,71.32679972549418,72.44406127929688,14715600,71.74095873599695
2021-07-21 00:00:00+00:00,73.15678841975311,72.28030966568484,73.14234161376953,12234000,72.41515142041465
2021-07-22 00:00:00+00:00,73.73948887862217,73.29643639096126,73.68170166015625,9577800,73.29643639096126
2021-07-23 00:00:00+00:00,74.45223881302627,73.74431593063035,74.41371154785156,12576200,74.00917893767927
2021-07-26 00:00:00+00:00,74.51002485728375,73.94657739113012,74.37518310546875,8993400,74.22589454798245
2021-07-27 00:00:00+00:00,74.30776990212412,72.74263544064978,73.67208099365234,18089800,74.28368944074411
2021-07-28 00:00:00+00:00,73.97067518394243,72.87748675925444,73.5805892944336,13941200,73.69617111521319
2021-07-29 00:00:00+00:00,74.1729165130812,73.49388728952809,73.92249298095703,12030600,73.50352094223547
2021-07-30 00:00:00+00:00,73.95139840939602,73.43129130493524,73.87434387207031,10148800,73.45055861342924
2021-08-02 00:00:00+00:00,74.30777881474182,73.50835443032163,73.60948944091797,12205200,74.20664380414549
2021-08-03 00:00:00+00:00,74.11994816391538,73.14715491849132,74.0814208984375,10824800,73.7443165109117
2021-08-04 00:00:00+00:00,74.41372322122619,73.78766792349477,74.23072052001953,11322800,74.02364470408621
2021-08-05 00:00:00+00:00,74.66412590576616,74.14402620955835,74.64005279541016,6674600,74.36554879343865
2021-08-06 00:00:00+00:00,74.66414209473012,74.36075176421404,74.57746124267578,7602800,74.38001172633972
2021-08-09 00:00:00+00:00,74.79897448221531,74.26442063587396,74.33665466308594,7198200,74.66412538421257
2021-08-10 00:00:00+00:00,74.5389253148569,73.59021246424142,73.80210876464844,10421400,74.47150443275694
2021-08-11 00:00:00+00:00,74.1921972018605,73.43612059034805,73.81175231933594,10831600,74.05735541957387
2021-08-12 00:00:00+00:00,74.27886717367493,73.43128206637911,74.23551940917969,6947800,73.7346796762247
2021-08-13 00:00:00+00:00,74.65931275335981,74.2018134317316,74.64005279541016,5630800,74.28368111258513
2021-08-16 00:00:00+00:00,74.98679124596447,73.83099535774257,74.97715759277344,9493800,74.46186369775559
2021-08-17 00:00:00+00:00,74.64007187079049,73.893621550881,74.3559341430664,19052600,74.51967689494464
2021-08-18 00:00:00+00:00,74.51485205604361,73.24830198072323,73.33016967773438,13481200,74.182560766317
2021-08-19 00:00:00+00:00,74.32222592959448,72.81969901164183,74.04772186279297,19291000,72.92563982787156
2021-08-20 00:00:00+00:00,75.06866447197704,74.14884525488804,75.0012435913086,14769400,74.32702743629932
2021-08-23 00:00:00+00:00,76.07517117967684,75.19387915283117,75.96922302246094,10802400,75.1986923060408
2021-08-24 00:00:00+00:00,76.15222137264719,75.81510961075921,75.88253784179688,9537000,76.06553318154525
2021-08-25 00:00:00+00:00,76.26299555710017,75.71399474848201,75.83920288085938,9430400,76.06073287480152
2021-08-26 00:00:00+00:00,75.90179379101154,75.29981903134308,75.3624267578125,12056600,75.74768472534056
2021-08-27 00:00:00+00:00,76.14258894460022,75.29982422295917,76.08961486816406,14088800,75.42985283754342
2021-08-30 00:00:00+00:00,76.9997883794782,76.3159459945547,76.90828704833984,10026800,76.3159459945547
2021-08-31 00:00:00+00:00,76.98055093214082,76.35930873818715,76.5037841796875,21971000,76.95647046716972
2021-09-01 00:00:00+00:00,77.1154046976117,76.46045562961527,76.52305603027344,20289800,76.76866652347668
2021-09-02 00:00:00+00:00,76.90829511859737,76.13295132117594,76.441162109375,21769600,76.8071674723347
2021-09-03 00:00:00+00:00,76.94680758485488,76.32557297519061,76.74454498291016,21204800,76.34964608269182
2021-09-07 00:00:00+00:00,76.92754425814508,76.40261679813534,76.76380157470703,19721800,76.83604293901521
2021-09-08 00:00:00+00:00,76.77825008995671,75.92585928903299,76.47003936767578,11466400,76.75417698297362
2021-09-09 00:00:00+00:00,76.78789444473391,76.11849884452442,76.18110656738281,11161000,76.52302409609182
2021-09-10 00:00:00+00:00,76.79271945642482,75.35279318436761,75.42984771728516,17080200,76.60490362514125
2021-09-13 00:00:00+00:00,76.20038401575533,74.95790701647483,75.45393371582031,22637800,76.00294184537944
2021-09-14 00:00:00+00:00,75.9307014925282,75.15535756427875,75.35762023925781,18431600,75.77659974658864
2021-09-15 00:00:00+00:00,76.07997250664395,75.18905431186771,76.01737213134766,16339200,75.61283952653058
2021-09-16 00:00:00+00:00,76.1377845274579,75.28057290010028,76.06072998046875,16148600,75.74769863894761
2021-09-17 00:00:00+00:00,75.86809097356861,74.76527628291649,74.87603759765625,22663000,75.86327782017152
2021-09-20 00:00:00+00:00,74.15384333219322,72.5328886254519,73.51221466064453,35669400,73.7775435712752
2021-09-21 00:00:00+00:00,74.14417884729713,73.25651526874428,73.54114532470703,18455000,73.96085430083004
2021-09-22 00:00:00+00:00,74.83888994168204,73.61352145098975,74.54943084716797,27990600,73.94157558218907
2021-09-23 00:00:00+00:00,75.72654551102657,74.7038029138654,75.54804992675781,19534000,74.93536574768024
2021-09-24 00:00:00+00:00,75.7265483345165,75.05597526229512,75.60111999511719,11652400,75.08974131621991
2021-09-27 00:00:00+00:00,75.13800155685071,74.39023827135406,74.86784362792969,15015000,74.96432755093699
2021-09-28 00:00:00+00:00,74.0766610492558,72.59078513173323,72.64867401123047,38190600,73.9078086690539
2021-09-29 00:00:00+00:00,73.32888515264979,72.43157086883184,72.55699920654297,25012000,72.94777115955638
2021-09-30 00:00:00+00:00,73.29510722668248,71.99738519355454,72.03598022460938,33415600,72.9815327210799
2021-10-01 00:00:00+00:00,73.28066203041378,71.5632230020871,73.12146759033203,45483800,72.29651414001106
2021-10-04 00:00:00+00:00,72.78857082434146,70.85886328275234,71.4281234741211,50773000,72.70173015711991
2021-10-05 00:00:00+00:00,72.86092466711433,71.50530643175526,72.44603729248047,32967000,71.57284589454451
2021-10-06 00:00:00+00:00,72.97189813076757,71.37506609698168,72.91883087158203,40004800,71.61145795358107
2021-10-07 00:00:00+00:00,74.15384707630224,73.44950051549557,73.58457946777344,19895600,73.55081341032937
2021-10-08 00:00:00+00:00,73.92226235569906,73.18897886173994,73.30958557128906,18426400,73.86919510904748
2021-10-11 00:00:00+00:00,73.88368402413789,72.85129065151065,72.90435791015625,14970600,72.98154798841368
2021-10-12 00:00:00+00:00,73.28063801701695,72.40744656716488,72.5280532836914,17853400,73.18898309590662
2021-10-13 00:00:00+00:00,73.1310874315478,72.36885209385892,72.97188568115234,19521600,72.84163572639686
2021-10-14 00:00:00+00:00,74.65073966328337,73.60869581342072,74.6169662475586,15197200,73.71483031819841
2021-10-15 00:00:00+00:00,75.22965929226369,74.65074842811941,75.2151870727539,12779200,74.87748968210732
2021-10-18 00:00:00+00:00,75.8905695201419,74.58801844719801,75.85197448730469,11630200,74.79545846729194
2021-10-19 00:00:00+00:00,76.60454559326172,75.90020661275197,76.60454559326172,13201400,76.0545793553814
2021-10-20 00:00:00+00:00,76.7878820327428,76.0594201278935,76.39229583740234,12025400,76.6769259166564
2021-10-21 00:00:00+00:00,76.72517214736469,76.0015317859495,76.68658447265625,10023200,76.1607335488109
2021-10-22 00:00:00+00:00,76.97602971274652,76.10283826136694,76.4212417602539,12490000,76.65762621385954
2021-10-25 00:00:00+00:00,76.94709840570465,76.37300915829452,76.67211151123047,10336800,76.71070655052077
2021-10-26 00:00:00+00:00,77.51153342910641,76.85061089513133,76.88920593261719,13189600,77.1883082715693
2021-10-27 00:00:00+00:00,77.41021662722402,76.74446520970329,76.8216552734375,17448000,77.01944469003817
2021-10-28 00:00:00+00:00,77.65142497219404,77.14487533381656,77.5935287475586,12756800,77.28960485353143
2021-10-29 00:00:00+00:00,77.97466012295946,76.73964846969817,77.9264144897461,20131800,76.83130339480341
2021-11-01 00:00:00+00:00,77.96502622748642,77.41505975277825,77.8106460571289,24421200,77.92643118489704
2021-11-02 00:00:00+00:00,78.6886572205061,77.91677118433948,78.49568939208984,26814600,77.91677118433948
2021-11-03 00:00:00+00:00,79.11798756286582,78.17242788718974,78.95396423339844,25978600,78.63073919194869
2021-11-04 00:00:00+00:00,80.3819784613975,79.11320055053952,80.18901062011719,28691400,79.25310113128003
2021-11-05 00:00:00+00:00,81.05737961343347,80.10216893567804,80.60389709472656,24223600,80.77757109420472
2021-11-08 00:00:00+00:00,81.17797096303215,80.67624289910299,81.0380630493164,12781000,80.86438908276396
2021-11-09 00:00:00+00:00,81.24550801711206,80.29512652854277,80.70518493652344,16823000,81.15866735578996
2021-11-10 00:00:00+00:00,80.48329416139588,79.13249714171089,79.37371063232422,25788800,80.08287888362754
2021-11-11 00:00:00+00:00,79.97673345151922,79.61491326494476,79.74517059326172,10103800,79.94296739528922
2021-11-12 00:00:00+00:00,80.84989976709556,79.87540300204563,80.7148208618164,12244200,80.01048190732479
2021-11-15 00:00:00+00:00,81.15384198951692,80.17451611281673,80.63282012939453,12490200,81.03805690018442
2021-11-16 00:00:00+00:00,81.5928512872586,80.48808973544628,81.48188781738281,13538800,80.53633536245742
2021-11-17 00:00:00+00:00,81.74722637393928,80.98016946683896,81.23585510253906,15417800,81.32269576138499
2021-11-18 00:00:00+00:00,82.16214924010038,81.11528343090858,82.04637145996094,19964000,81.70384501745917
2021-11-19 00:00:00+00:00,82.95813605160892,82.06564330887991,82.6445541381836,17714600,82.34062282426767
2021-11-22 00:00:00+00:00,84.06287173032692,81.67486049058176,81.72309875488281,28451600,82.96776080933307
2021-11-23 00:00:00+00:00,81.79548015639543,80.50257227149135,81.53496551513672,29239800,81.40953717457704
2021-11-24 00:00:00+00:00,82.14765840155503,80.65213194947651,82.12836456298828,18241000,81.04772557197825
2021-11-26 00:00:00+00:00,81.5832028254288,79.75962996765439,80.07803344726562,24767800,80.95604646411103
2021-11-29 00:00:00+00:00,82.30203589519797,81.01394953465753,82.08011627197266,24979800,81.26964257584675
2021-11-30 00:00:00+00:00,82.51913631193987,80.70038453815788,81.39508056640625,54066800,81.77137302149887
2021-12-01 00:00:00+00:00,82.87611426399278,80.20829408456359,80.2806625366211,39084200,82.25378679930012
2021-12-02 00:00:00+00:00,81.39023905510882,79.364040347498,81.01876831054688,46872400,79.53771431211466
2021-12-03 00:00:00+00:00,81.50122328913695,78.65972838863159,79.66317749023438,48470000,81.25035917342318
2021-12-06 00:00:00+00:00,80.66176854182166,79.0649368323813,80.4205551147461,37800400,79.89471161042124
2021-12-07 00:00:00+00:00,83.32959990354712,82.01257647194198,83.2282943725586,28691000,82.02222707150062
2021-12-08 00:00:00+00:00,83.66729439043249,82.68314674565653,83.60940551757812,23261600,83.25723593896349
2021-12-09 00:00:00+00:00,83.94709330533868,82.63972066745738,82.70726013183594,17201000,83.40195597187228
2021-12-10 00:00:00+00:00,84.47294816031827,83.32959146899452,84.36681365966797,24776600,83.57563388470653
2021-12-13 00:00:00+00:00,84.70451324245553,82.99189633066328,83.11250305175781,20974000,84.54048986846699
2021-12-14 00:00:00+00:00,82.6349019039687,80.76309050495716,81.74723815917969,27094800,82.10905834049318
2021-12-15 00:00:00+00:00,83.99533412497617,81.03805535572344,83.91332244873047,28270800,81.81476283222584
2021-12-16 00:00:00+00:00,84.361987367175,81.05253862817626,81.53496551513672,31275600,84.22690842772609
2021-12-17 00:00:00+00:00,81.78099442775618,80.21792892218626,80.98981475830078,44821600,80.63763788890225
2021-12-20 00:00:00+00:00,80.27785099025319,79.44167577024403,80.02651977539062,32649600,79.75101273676144
2021-12-21 00:00:00+00:00,82.11937927209166,80.13285360372923,82.05171203613281,16810800,80.88203131445799
2021-12-22 00:00:00+00:00,83.18274636649045,81.72305874003717,83.12474060058594,13376200,81.94056008044276
2021-12-23 00:00:00+00:00,83.92224293549981,83.22623284901175,83.58873748779297,9792600,83.23590170442846
2021-12-27 00:00:00+00:00,85.40126520209137,83.90290966574892,85.38192749023438,13266600,83.92224737760591
2021-12-28 00:00:00+00:00,85.57042948092308,84.72458528034412,84.937255859375,11422200,85.54143028835998
2021-12-29 00:00:00+00:00,85.3529249281704,84.56991725792425,85.00975799560547,9687800,84.96625183323279
2021-12-30 00:00:00+00:00,85.32875551112875,84.34757687674552,84.44908142089844,10526400,85.04358696472049
2021-12-31 00:00:00+00:00,84.56993029356872,83.99958573120803,84.03825378417969,10243000,84.36692854685026
2022-01-03 00:00:00+00:00,84.9130983850939,83.78208547785431,84.83576965332031,20302800,84.14942829828149
2022-01-04 00:00:00+00:00,85.06777288638186,83.3035862282977,83.93675994873047,16648000,84.98077529510589
2022-01-05 00:00:00+00:00,83.51140305534238,81.3267063237981,81.355712890625,23628400,83.44856655664798
2022-01-06 00:00:00+00:00,81.78103759136437,80.46152289133495,80.94486236572266,23767200,80.70802336820965
2022-01-07 00:00:00+00:00,81.27839128492833,79.67370022587669,80.2005386352539,30488600,80.89171811857564
2022-01-10 00:00:00+00:00,80.3165392987076,77.95783972437286,80.21504211425781,32501400,79.00669313153335
2022-01-11 00:00:00+00:00,81.29286875490536,79.41267846268201,81.17686462402344,19207600,80.0071839612045
2022-01-12 00:00:00+00:00,82.34172350723794,81.15270500563263,81.5587158203125,18144000,81.78104787639394
2022-01-13 00:00:00+00:00,82.21607461337467,79.24353144206407,79.446533203125,20942600,81.97923553788151
2022-01-14 00:00:00+00:00,80.16669933259682,78.90518279203262,80.11836242675781,22351400,78.90518279203262
2022-01-18 00:00:00+00:00,79.42235821516141,77.9771703088901,78.19467163085938,24694200,78.95351826271533
2022-01-19 00:00:00+00:00,79.40787330632818,77.02501220828341,77.10234832763672,24961400,78.44119393994671
2022-01-20 00:00:00+00:00,78.66351436517151,76.0051467522164,76.10665130615234,37609000,77.78867093075452
2022-01-21 00:00:00+00:00,76.79783086238584,74.57446569113044,74.59380340576172,48016600,75.92298734233941
2022-01-24 00:00:00+00:00,75.03364403172856,70.68358752316128,74.98047637939453,67413400,73.35161687162164
2022-01-25 00:00:00+00:00,74.63728999409118,72.4042637059057,73.24526977539062,48886200,73.51110799426414
2022-01-26 00:00:00+00:00,76.11631969070325,72.80060967227436,73.67545318603516,53596200,75.23664543590795
2022-01-27 00:00:00+00:00,75.26562996010772,72.90210002380368,73.16793823242188,39446800,74.86928801722684
2022-01-28 00:00:00+00:00,76.38698323099959,72.9746070096035,76.3676528930664,44236000,74.07662065121083
2022-01-31 00:00:00+00:00,78.38798854855861,76.01479745153803,78.28649139404297,29121000,76.38696351832833
2022-02-01 00:00:00+00:00,78.6200209687357,77.35366620382698,78.48951721191406,23389800,78.39285076711829
2022-02-02 00:00:00+00:00,79.25801406316668,78.1270013330258,79.12751770019531,25504800,78.65867776608823
2022-02-03 00:00:00+00:00,78.53785321435261,76.54648907372139,76.8316650390625,27865400,78.00617671135417
2022-02-04 00:00:00+00:00,77.8176635964888,76.09697606593619,77.1409912109375,29721400,76.42081266296259
2022-02-07 00:00:00+00:00,77.65817015500092,76.33381703843445,76.62865447998047,14622600,77.19899902477069
2022-02-08 00:00:00+00:00,77.78382886165457,76.20814461166813,77.57599639892578,21139800,76.38697788193953
2022-02-09 00:00:00+00:00,79.32086798076793,78.25268413983623,79.29669952392578,17795600,78.57652818620149
2022-02-10 00:00:00+00:00,79.04050598276388,76.81714138507692,77.22315216064453,31692200,77.72099124390124
2022-02-11 00:00:00+00:00,77.63885134700593,74.57931043778369,74.8644790649414,34878800,77.30050768747333
2022-02-14 00:00:00+00:00,75.44448370158737,73.97029630376068,74.8403091430664,41030400,74.66630657520527
2022-02-15 00:00:00+00:00,76.86067040114749,75.700650858404,76.80750274658203,24437400,75.96648913123131
2022-02-16 00:00:00+00:00,76.99599418061324,75.45413978821341,76.73015594482422,20318200,76.28548443003916
2022-02-17 00:00:00+00:00,76.09214688105776,74.29413042054512,74.43429565429688,24906400,76.01481815304474
2022-02-18 00:00:00+00:00,74.79680352447592,73.11478377197993,73.68029022216797,25310800,74.6904682218583
2022-02-22 00:00:00+00:00,74.16844474215316,72.20125681377776,72.99876403808594,26893600,72.90692835312944
2022-02-23 00:00:00+00:00,73.95578624661032,71.09441682708993,71.1717529296875,37879400,73.75762262457195
2022-02-24 00:00:00+00:00,73.65612633380452,68.49889333780068,73.60295867919922,50967800,68.726063555189
2022-02-25 00:00:00+00:00,74.62762329650877,72.81026925023065,74.60346221923828,28301600,73.71411184536275
2022-02-28 00:00:00+00:00,74.78230745497346,73.19211595681753,74.4681396484375,34822200,73.81079746268361
2022-03-01 00:00:00+00:00,74.56963819235084,72.40910943694143,72.97945404052734,29925000,74.18780312631884
2022-03-02 00:00:00+00:00,74.86930410245539,72.94561448210119,74.55996704101562,25592400,73.51595906814227
2022-03-03 00:00:00+00:00,75.19315579000606,73.29362705716848,73.6706314086914,23450600,75.18831767320573
2022-03-04 00:00:00+00:00,73.39995090136435,71.80492876913829,72.3801040649414,26731200,73.09544459766225
2022-03-07 00:00:00+00:00,72.65078309547629,69.6927467371107,69.73141479492188,32864200,72.31727755013547
2022-03-08 00:00:00+00:00,71.54876464964347,68.3683890076341,69.39307403564453,36898400,69.54290814051983
2022-03-09 00:00:00+00:00,72.46709508782055,70.70773942334269,72.138427734375,35327400,71.27808392661899
2022-03-10 00:00:00+00:00,71.0751012752583,69.80391555937274,70.8769302368164,27448400,70.86243063646
2022-03-11 00:00:00+00:00,71.68409912177916,69.52357039240093,69.6299057006836,21457800,71.5052658192935
2022-03-14 00:00:00+00:00,70.0987261898138,68.14119976505589,68.33937072753906,27852400,69.31088045493097
2022-03-15 00:00:00+00:00,70.77542679974144,68.65356586964552,70.63526153564453,22993800,68.88073611246125
2022-03-16 00:00:00+00:00,72.96012102607096,70.39358858250966,72.93112182617188,27176000,71.52943974641062
2022-03-17 00:00:00+00:00,73.49660222934115,72.14808828704399,73.44827270507812,18518800,72.5395920968988
2022-03-18 00:00:00+00:00,75.08678097922501,72.82957942376015,74.95144653320312,27897800,73.18725324548893
2022-03-21 00:00:00+00:00,75.2061641812206,73.82610569977855,74.80909729003906,22341400,74.54760754741424
2022-03-22 00:00:00+00:00,76.27632913214859,74.76067857253025,75.88410186767578,17485800,74.862370680151
2022-03-23 00:00:00+00:00,75.86957077470156,74.64446271739538,74.71710205078125,12360600,75.17712160700856
2022-03-24 00:00:00+00:00,76.67824795668028,74.88174145992087,76.65887451171875,14263400,75.13354452279053
2022-03-25 00:00:00+00:00,76.88645687302039,75.65650923633181,76.61528778076172,14874600,76.77992510266111
2022-03-28 00:00:00+00:00,77.55955010038025,76.06811250872231,77.5256576538086,18593000,76.26181002057666
2022-03-29 00:00:00+00:00,79.2446595200648,77.8694407530129,79.17202758789062,18829800,78.43115232450268
2022-03-30 00:00:00+00:00,78.98804524466668,77.7048313894724,78.1164321899414,18680200,78.76530231336774
2022-03-31 00:00:00+00:00,78.25199885860417,76.84288007985826,76.95909118652344,19424000,78.10672758646886
2022-04-01 00:00:00+00:00,77.21573898110685,75.87441251758366,76.73150634765625,28209600,77.03656788234368
2022-04-04 00:00:00+00:00,78.22778826682665,76.90098810885632,78.18904876708984,23048200,76.9300408864579
2022-04-05 00:00:00+00:00,78.02924628789636,76.27632651856594,76.54265594482422,23588200,77.8500825778697
2022-04-06 00:00:00+00:00,75.44345102987933,74.06823202830132,74.73162841796875,34225400,75.26912697412972
2022-04-07 00:00:00+00:00,75.35144570814262,73.82611576057539,74.84784698486328,23200200,74.33455415056171
2022-04-08 00:00:00+00:00,74.68804944090671,73.6421051037528,73.8019027709961,26354600,74.51372538471439
2022-04-11 00:00:00+00:00,72.96903011341371,71.84560665093096,71.94245910644531,21595400,72.87702471395806
2022-04-12 00:00:00+00:00,73.38546276700521,71.35168702658837,71.62285614013672,22172200,72.83343781762343
2022-04-13 00:00:00+00:00,72.9980798840133,71.40011048839337,72.77532958984375,14446800,71.66643995246413
2022-04-14 00:00:00+00:00,72.98356710413923,70.97400397003125,71.00789642333984,17407000,72.8528221812494
2022-04-18 00:00:00+00:00,71.70033763342616,70.63986686487253,71.24031066894531,14060600,70.65923292131173
2022-04-19 00:00:00+00:00,72.70271060924873,70.79967929603899,72.57681274414062,13562200,71.0611617508961
2022-04-20 00:00:00+00:00,73.47262097027505,72.2959391284801,72.50900268554688,15652600,73.27893085774387
2022-04-21 00:00:00+00:00,73.90358519983526,71.06114188870434,71.27904510498047,18509200,73.21597571864191
2022-04-22 00:00:00+00:00,71.61800948591547,69.18716678383953,69.28401184082031,22094800,71.20156909097427
2022-04-25 00:00:00+00:00,70.3735223443094,68.5479634331178,70.3250961303711,28707600,68.97893013747839
2022-04-26 00:00:00+00:00,69.79245539306085,67.67151398565835,67.70541381835938,25953200,69.68592361714904
2022-04-27 00:00:00+00:00,70.02971660781014,68.31069678001013,68.707763671875,40048600,68.4608077045738
2022-04-28 00:00:00+00:00,71.8649751208412,69.41475889762917,71.45822143554688,27762400,69.78761274808008
2022-04-29 00:00:00+00:00,71.50180112250015,68.34944156660846,68.48018646240234,29589800,70.67860702330306
2022-05-02 00:00:00+00:00,69.61328400884271,67.62793455132007,69.52128601074219,37004400,68.40270236810794
2022-05-03 00:00:00+00:00,70.06847666340406,68.99832643560651,69.6423568725586,27469800,69.51161196265569
2022-05-04 00:00:00+00:00,72.218444752101,68.75618485331923,72.08769989013672,28650400,69.91350039298163
2022-05-05 00:00:00+00:00,71.11440832703065,67.80225872532444,68.62061309814453,36442200,71.0272426065626
2022-05-06 00:00:00+00:00,69.15811948845078,67.04686456815166,68.06859588623047,34862200,67.99595654613289
2022-05-09 00:00:00+00:00,67.26958723558563,65.13411984451396,65.4343490600586,41124600,66.83862054705484
2022-05-10 00:00:00+00:00,67.3712973783449,65.4440459277693,66.431884765625,36370400,66.99359646646025
2022-05-11 00:00:00+00:00,67.08074997512814,64.13661450792813,64.33515167236328,34781800,65.83142882238575
2022-05-12 00:00:00+00:00,64.59662779282309,62.18999110862083,63.671749114990234,36506600,63.38120659088565
2022-05-13 00:00:00+00:00,66.11227675451337,64.12208045888443,65.787841796875,24495400,64.53852079338208
2022-05-16 00:00:00+00:00,66.08323951601814,64.64990742184482,65.20677947998047,17423400,65.24067192801036
2022-05-17 00:00:00+00:00,67.19696798811246,65.85564145721439,67.09527587890625,18602200,66.61104322113262
2022-05-18 00:00:00+00:00,66.40282199057563,63.7831217254848,64.02523803710938,23670200,66.20912450799389
2022-05-19 00:00:00+00:00,64.41263606692111,63.02288318826827,63.32311248779297,20874800,63.54585539290633
2022-05-20 00:00:00+00:00,64.37873866910806,61.516925213980755,63.463539123535156,20252600,64.20441459429394
2022-05-23 00:00:00+00:00,65.00339257612625,63.46352893110728,64.92107391357422,17219600,63.66206608780534
2022-05-24 00:00:00+00:00,64.339983743477,62.838867104022604,63.95744323730469,17122000,64.0155487853807
2022-05-25 00:00:00+00:00,65.18256380760894,63.487749363717704,64.70317077636719,13656600,63.53617558906501
2022-05-26 00:00:00+00:00,66.54325624752143,64.18988504764597,66.25756072998047,15556600,64.32546961152319
2022-05-27 00:00:00+00:00,68.51407625325857,66.87252796247067,68.49954986572266,16281800,66.99842578404963
2022-05-31 00:00:00+00:00,68.6787262937414,67.34708633837595,68.01048278808594,19420800,68.23323308623937
2022-06-01 00:00:00+00:00,69.20654604597037,67.30351482177966,67.80711364746094,13304800,68.74168672823467
2022-06-02 00:00:00+00:00,69.45347858206816,67.01294951822405,69.44863891601562,13868400,67.3276977541108
2022-06-03 00:00:00+00:00,68.60123461359782,67.47297171864331,67.78772735595703,11263800,68.131528379554
2022-06-06 00:00:00+00:00,69.06611404730938,67.45845789753366,67.7925796508789,12589600,68.63998689651488
2022-06-07 00:00:00+00:00,68.73199460026053,66.9354879281565,68.60124969482422,11016600,67.0710725009034
2022-06-08 00:00:00+00:00,68.72713503840185,67.63761159856311,67.82646942138672,8814200,68.39786038987637
2022-06-09 00:00:00+00:00,67.9911042501882,66.00090787757632,66.01543426513672,9765200,67.33254758850437
2022-06-10 00:00:00+00:00,65.08085505660632,63.45868036532972,63.47804641723633,20886400,64.87747826197476
2022-06-13 00:00:00+00:00,62.06409727176553,60.441918648621154,60.66466522216797,36332600,61.47817621418333
2022-06-14 00:00:00+00:00,61.453968044816875,60.48065937343119,61.047210693359375,18250400,61.119846330519856
2022-06-15 00:00:00+00:00,63.25531643998397,60.96973763226267,62.335269927978516,25069600,61.80745808770837
2022-06-16 00:00:00+00:00,60.80509452152651,59.30397402543966,59.797889709472656,32690800,60.75182863376584
2022-06-17 00:00:00+00:00,60.91646451943037,59.36691793288998,60.345069885253906,27684200,59.78820163844098
2022-06-21 00:00:00+00:00,62.317622708567626,61.22526799972097,61.880680084228516,17245000,61.22526799972097
2022-06-22 00:00:00+00:00,62.4729764825789,61.03592731342292,61.61851501464844,15163400,61.2058484176135
2022-06-23 00:00:00+00:00,62.662327340647195,61.579677069716965,62.54095458984375,16042200,62.147700654516534
2022-06-24 00:00:00+00:00,64.80333672039319,63.25947889350446,64.78877258300781,25492200,63.25947889350446
2022-06-27 00:00:00+00:00,65.19172683232424,64.06053198372588,64.3518295288086,13917200,64.99753340760529
2022-06-28 00:00:00+00:00,65.0509467667635,62.395310199599955,62.4244384765625,15260800,64.41009504156618
2022-06-29 00:00:00+00:00,62.924493164517855,61.84184652977189,62.550662994384766,13607200,62.346757649222695
2022-06-30 00:00:00+00:00,62.49241072924395,60.739787681267885,61.71562576293945,15720400,61.72047800672677
2022-07-01 00:00:00+00:00,62.0117679543056,60.798040436797095,61.85641098022461,13930600,61.32722385650963
2022-07-05 00:00:00+00:00,62.6477657388888,60.66696494641776,62.633201599121094,14341000,61.0165191168547
2022-07-06 00:00:00+00:00,63.6770072732902,62.45842000858196,63.17209243774414,16167000,62.76913398122359
2022-07-07 00:00:00+00:00,64.62370664143054,63.4488193224791,64.47805786132812,13082200,63.4488193224791
2022-07-08 00:00:00+00:00,64.71595187210286,63.589609194685444,64.50718688964844,12627000,63.78866228288495
2022-07-11 00:00:00+00:00,64.2207439126408,63.181793549441,63.61873245239258,11416600,63.94401791623925
2022-07-12 00:00:00+00:00,64.211043094374,62.38074718422492,62.749717712402344,16553400,63.85178446136073
2022-07-13 00:00:00+00:00,62.98760272196998,61.29809247349689,62.58464431762695,15162600,61.56996623835375
2022-07-14 00:00:00+00:00,63.38084940622255,61.28352850471305,63.15752029418945,13728800,62.084585664648934
2022-07-15 00:00:00+00:00,64.29841537782112,63.49735095553739,64.269287109375,13529200,63.76437242963196
2022-07-18 00:00:00+00:00,65.13347810002949,63.40513122548098,63.64787673950195,9897600,64.90043707280562
2022-07-19 00:00:00+00:00,65.6578122006091,63.968298014601935,65.58984375,12330600,64.35669233579917
2022-07-20 00:00:00+00:00,66.89096099015437,65.424775841591,66.6142349243164,12537200,65.59955292822774
2022-07-21 00:00:00+00:00,67.56578026256369,66.00249868042913,67.55121612548828,12957600,66.69675464904392
2022-07-22 00:00:00+00:00,67.79881146993125,66.2355299429931,66.61907196044922,10583600,67.52208546726439
2022-07-25 00:00:00+00:00,66.6627605798775,65.69663833889628,66.19669342041016,13951200,66.58993990121195
2022-07-26 00:00:00+00:00,66.16271450720207,64.88101853214287,65.12376403808594,10167800,66.1432981262488
2022-07-27 00:00:00+00:00,68.2794628595563,66.09960531803057,67.92505645751953,17076200,66.19670945711415
2022-07-28 00:00:00+00:00,69.11449763553918,67.3958627903911,68.95913696289062,12408000,68.00272652791585
2022-07-29 00:00:00+00:00,70.23599422541247,68.88147736072762,70.01752471923828,10177400,69.1727675662912
2022-08-01 00:00:00+00:00,70.56612795930565,69.2164634161417,69.86701965332031,12515800,69.386380840954
2022-08-02 00:00:00+00:00,70.17286812551218,68.77465903822264,69.37181091308594,15921800,69.26500229702843
2022-08-03 00:00:00+00:00,71.41573554005575,69.69709309570553,71.21668243408203,14243200,69.711657234386
2022-08-04 00:00:00+00:00,71.57594219137566,70.73604474623386,71.54196166992188,11679800,71.19240752008142
2022-08-05 00:00:00+00:00,71.57592247733098,70.33792656296467,71.37687683105469,7921000,70.39618310255739
2022-08-08 00:00:00+00:00,71.86723418502481,70.38648511123385,70.77002716064453,11102200,71.31377472557564
2022-08-09 00:00:00+00:00,70.33792110172668,69.68250545018292,70.06118774414062,8565600,70.19712459797145
2022-08-10 00:00:00+00:00,72.03228608138143,71.15354869351368,71.97402954101562,19273200,71.72643183645734
2022-08-11 00:00:00+00:00,72.84792236952663,71.56136683939908,71.69245147705078,11025800,72.4255401833166
2022-08-12 00:00:00+00:00,73.12464899584535,71.94004982003196,73.11979675292969,8093600,72.1633789302281
2022-08-15 00:00:00+00:00,73.68783279620013,72.74597895065864,73.58102416992188,7162600,72.82851154223626
2022-08-16 00:00:00+00:00,73.72667519051822,72.69743647866407,73.38197326660156,10990600,73.24603635779086
2022-08-17 00:00:00+00:00,73.41594716624066,72.33330434655831,72.85763549804688,12632800,72.7119867212993
2022-08-18 00:00:00+00:00,73.52762597100748,72.64888826101466,73.23633575439453,9976800,72.93047398934493
2022-08-19 00:00:00+00:00,72.72168815730373,71.7458539876286,71.90606689453125,10146200,72.63430333972278
2022-08-22 00:00:00+00:00,70.94964795986132,69.72620867742545,69.90098571777344,10744200,70.92537193047886
2022-08-23 00:00:00+00:00,70.45444790608383,69.62426248749722,69.71650695800781,14777200,69.7650516106946
2022-08-24 00:00:00+00:00,70.05636561986884,69.37667365050818,69.76021575927734,8983200,69.6679712670922
2022-08-25 00:00:00+00:00,70.94480105729473,69.84758667385316,70.93994140625,7126600,69.93983114764741
2022-08-26 00:00:00+00:00,71.0807479771871,67.8619398740856,67.91049194335938,14321800,70.91082314273461
2022-08-29 00:00:00+00:00,67.66774498287798,66.75501943746218,67.0123291015625,13231600,67.17739428079562
2022-08-30 00:00:00+00:00,67.50752057435807,65.71120547456229,66.3132095336914,13268800,67.39100007516973
2022-08-31 00:00:00+00:00,66.92493832543012,65.63353046797666,65.66751098632812,14171400,66.71132109691843
2022-09-01 00:00:00+00:00,65.4296166169547,63.977996027073274,65.34708404541016,15988600,65.02665824435209
2022-09-02 00:00:00+00:00,66.39574647932677,64.15763267347147,64.49748229980469,16606600,66.02192374316785
2022-09-06 00:00:00+00:00,64.86161193352496,63.64788422075695,64.07025909423828,14990000,64.58487845917095
2022-09-07 00:00:00+00:00,65.35678923350866,63.97799671522134,65.0946273803711,11657000,64.19646616083664
2022-09-08 00:00:00+00:00,65.65779696991113,64.32269689350377,65.31794738769531,11210600,64.61398701082673
2022-09-09 00:00:00+00:00,66.78899643792822,65.73547451178892,66.60935974121094,11418600,65.86170690537475
2022-09-12 00:00:00+00:00,67.70659540696005,67.01233924753404,67.67745971679688,10181000,67.0220511442551
2022-09-13 00:00:00+00:00,66.1141649291632,63.91003891183187,64.0848159790039,20148800,65.74519441313565
2022-09-14 00:00:00+00:00,64.7887827724982,63.70128750066446,64.31785583496094,13229200,64.38582428945054
2022-09-15 00:00:00+00:00,64.19162511617903,62.4584185687389,62.837100982666016,14885200,63.80323080732921
2022-09-16 00:00:00+00:00,62.61862988487626,61.5990994804283,62.487552642822266,20762200,62.28849954606682
2022-09-19 00:00:00+00:00,63.055512658342,61.824188383413734,62.99711227416992,15683000,61.86312444829346
2022-09-20 00:00:00+00:00,63.02144116689401,62.08212634458842,62.62721633911133,12109400,62.408207496761534
2022-09-21 00:00:00+00:00,63.8780187515547,61.63924702746304,61.64897918701172,16808800,62.95331135538351
2022-09-22 00:00:00+00:00,61.692790507149304,60.67560705227477,61.021156311035156,16033800,61.30343724235421
2022-09-23 00:00:00+00:00,60.55880140563115,59.4296814149906,60.222984313964844,19396200,60.466329171543826
2022-09-26 00:00:00+00:00,61.04548830219562,59.63408745077519,59.80442810058594,17193600,60.03804078686044
2022-09-27 00:00:00+00:00,61.16716574228832,59.32747914714612,59.88230514526367,18714800,60.597739646296304
2022-09-28 00:00:00+00:00,60.807016198860524,59.025730000517875,60.51499938964844,18933400,59.48321953601204
2022-09-29 00:00:00+00:00,59.78496470158827,58.24215914733544,58.93812561035156,31096600,59.648692171176386
2022-09-30 00:00:00+00:00,59.570816040882434,57.701925786963294,57.808998107910156,19513000,58.699641090534534
2022-10-03 00:00:00+00:00,59.95531032135775,58.042619492636355,59.60002517700195,17332200,58.26649632769215
2022-10-04 00:00:00+00:00,61.66845135484667,60.7632082170657,61.60031509399414,17779000,60.80701222084103
2022-10-05 00:00:00+00:00,62.252475320495236,60.41278531243309,61.804718017578125,14600400,60.76807039303894
2022-10-06 00:00:00+00:00,62.32062010771818,61.22556823813182,61.29856872558594,14348200,61.644121694225554
2022-10-07 00:00:00+00:00,60.05264770243519,58.46117386042553,58.77751922607422,15749000,60.04777976527422
2022-10-10 00:00:00+00:00,58.86026289045174,57.210384841459216,57.78954315185547,16706200,58.777522806267996
2022-10-11 00:00:00+00:00,57.857674250600255,56.48034512514864,56.90376281738281,21044800,57.458588817181244
2022-10-12 00:00:00+00:00,57.336908223596325,56.6312096948742,56.728546142578125,14111600,56.94755871963316
2022-10-13 00:00:00+00:00,58.79698873093611,54.98134279396833,58.49037551879883,38114600,55.195487476625075
2022-10-14 00:00:00+00:00,59.09386389350683,56.75288756883136,56.845359802246094,22484000,58.967327241952574
2022-10-17 00:00:00+00:00,58.86998165488411,58.08154305787697,58.57796859741211,14599600,58.23728731588602
2022-10-18 00:00:00+00:00,60.310586504981416,58.329759581991205,59.07439422607422,13998000,60.096445562730935
2022-10-19 00:00:00+00:00,59.48808644424855,58.310294493226266,58.904056549072266,10984000,58.55850729150488
2022-10-20 00:00:00+00:00,60.21812197775173,58.64611251473352,58.93812561035156,12429600,58.92352551254285
2022-10-21 00:00:00+00:00,60.64153975943048,58.592576436840716,60.51499938964844,17126000,58.792121008925776
2022-10-24 00:00:00+00:00,61.57597335274297,60.03316804165922,61.35209655761719,13385200,60.77293839465061
2022-10-25 00:00:00+00:00,62.56882852076279,61.50298057072943,62.525028228759766,10265000,61.50298057072943
2022-10-26 00:00:00+00:00,62.422819548947466,60.85081386456163,61.133094787597656,15169400,60.948154034478094
2022-10-27 00:00:00+00:00,61.73659064412929,60.29598950906214,60.437129974365234,11694800,61.36184119105742
2022-10-28 00:00:00+00:00,63.19667015923576,60.7729534495952,63.06526184082031,14935400,60.7729534495952
2022-10-31 00:00:00+00:00,62.60776258755256,61.863127942123825,62.23301315307617,13292200,62.437418222370106
2022-11-01 00:00:00+00:00,63.11878646377699,61.44457275842918,61.71225357055664,9413200,63.006849915540144
2022-11-02 00:00:00+00:00,62.461753230236305,59.561083114221525,59.58055114746094,18092400,61.668450369755405
2022-11-03 00:00:00+00:00,58.85538773936255,57.78467184514729,57.82847213745117,16010600,58.74831540731145
2022-11-04 00:00:00+00:00,59.19119939005513,57.536453758580905,58.88458251953125,17896200,59.03059090674715
2022-11-07 00:00:00+00:00,59.96503512032569,58.568234399823844,59.867698669433594,10427600,58.98678782232551
2022-11-08 00:00:00+00:00,61.17203210823402,59.551354449128105,60.44199752807617,12722000,60.36412539054835
2022-11-09 00:00:00+00:00,59.906635244132495,58.782383190556686,58.86998748779297,11962600,59.88230298626832
2022-11-10 00:00:00+00:00,63.77581982931829,61.46404729315143,63.70768356323242,27932200,61.775528427586224
2022-11-11 00:00:00+00:00,65.01199616980121,63.337782795948584,64.7978515625,15977800,63.64926383576113
2022-11-14 00:00:00+00:00,65.04607704657158,63.93642509717381,64.2430419921875,14526600,64.28684228396212
2022-11-15 00:00:00+00:00,65.97077941792145,64.36956641081261,65.02173614501953,12716200,65.7030986418993
2022-11-16 00:00:00+00:00,64.71025774553247,63.863415099205014,64.13109588623047,10095800,64.5204490831498
2022-11-17 00:00:00+00:00,64.51073299695962,63.08472805396289,64.21385192871094,8149600,63.10906402866462
2022-11-18 00:00:00+00:00,64.95847652590174,63.74661646822779,64.2868423461914,11912400,64.93900477867486
2022-11-21 00:00:00+00:00,64.18465061794078,63.469216046622584,63.59575271606445,8363800,63.92183397778891
2022-11-22 00:00:00+00:00,64.8611363567095,63.41566739910531,64.82706451416016,9019200,63.87315689091206
2022-11-23 00:00:00+00:00,65.59605540989678,64.64214749140244,65.40138244628906,9480600,64.68594779426954
2022-11-25 00:00:00+00:00,65.22127324505945,64.83192749043914,65.02173614501953,3263000,64.95846411806131
2022-11-28 00:00:00+00:00,64.70052224653728,63.37186160219552,63.62980651855469,13030200,64.28683307999431
2022-11-29 00:00:00+00:00,63.73689345674469,62.74890642384941,63.006858825683594,11570200,63.54708474972066
2022-11-30 00:00:00+00:00,66.1800699397386,62.91438588513773,66.17034149169922,23334400,62.977650502578584
2022-12-01 00:00:00+00:00,66.57914723062872,65.44515942728977,66.2627944946289,15165800,66.2335943031232
2022-12-02 00:00:00+00:00,66.09731235916496,64.9000601205216,65.87830352783203,8934400,65.15313336165156
2022-12-05 00:00:00+00:00,65.737179208747,64.35497486165077,64.78326416015625,11526200,65.37216194560126
2022-12-06 00:00:00+00:00,64.81246709595996,62.987380702990954,63.39619827270508,11799200,64.71513064026072
2022-12-07 00:00:00+00:00,63.56167902832551,62.62236402735954,63.074989318847656,10413800,63.167454125560134
2022-12-08 00:00:00+00:00,64.29171020333695,63.04577837466595,64.10676574707031,8965800,63.42540316023832
2022-12-09 00:00:00+00:00,64.60805452426405,63.47406668740969,63.712547302246094,10402800,63.81961962512815
2022-12-12 00:00:00+00:00,65.10447692871094,63.79528057458655,65.10447692871094,14806200,63.814744893127155
2022-12-13 00:00:00+00:00,67.81047408213503,65.20668132067645,65.87345123291016,18607600,67.47465701434855
2022-12-14 00:00:00+00:00,66.5791431389086,64.55451248759807,65.31861877441406,19541000,65.8101726292389
2022-12-15 00:00:00+00:00,64.48639202224837,62.63696948276615,62.875450134277344,19223800,64.24791137073719
2022-12-16 00:00:00+00:00,63.03118105567119,61.726856210177324,62.04320526123047,23999200,62.66129955313462
2022-12-19 00:00:00+00:00,62.14814108642618,60.81077954148029,61.21589279174805,14276600,62.050521416826314
2022-12-20 00:00:00+00:00,61.621003564818025,60.60090319422306,61.30862808227539,12622000,60.893754743630595
2022-12-21 00:00:00+00:00,62.61669271011436,61.440404699275305,62.32384490966797,14670600,61.59171423712452
2022-12-22 00:00:00+00:00,61.6112431442086,59.72234451593075,60.7522087097168,15323600,61.54290751668144
2022-12-23 00:00:00+00:00,60.87423036831578,59.873650214314466,60.81565856933594,8231600,60.31781131134035
2022-12-27 00:00:00+00:00,60.71316840011447,59.883421623808125,60.239723205566406,9530200,60.60578861696214
2022-12-28 00:00:00+00:00,60.654594662068426,59.20009689244398,59.268428802490234,10362600,60.09329736151841
2022-12-29 00:00:00+00:00,61.025533268024226,59.84436330713974,60.82053756713867,10954200,59.84924522110633
2022-12-30 00:00:00+00:00,60.77173767099433,59.81508721598401,60.737571716308594,8905800,60.19091271752708
2023-01-03 00:00:00+00:00,61.791838167687246,59.73210960812938,60.16162872314453,15196200,61.38672490195606
2023-01-04 00:00:00+00:00,60.70340318771465,59.65401501856294,60.317813873291016,11813000,60.47400162006176
2023-01-05 00:00:00+00:00,60.17139823585667,59.04391783028951,59.14641571044922,11341000,60.01521045792611
2023-01-06 00:00:00+00:00,61.152443689588914,58.9658114682454,60.87911605834961,13825400,59.66865820435755
2023-01-09 00:00:00+00:00,62.70942822962888,61.4062365724328,61.586830139160156,21427200,61.42576050319865
2023-01-10 00:00:00+00:00,62.065160399933845,61.108506361102904,61.9675407409668,17209000,61.43552756388098
2023-01-11 00:00:00+00:00,63.04133987426758,61.97242779374966,63.04133987426758,13758000,62.162781489758395
2023-01-12 00:00:00+00:00,63.797887721172785,62.36778820598371,63.509910583496094,15358600,63.13896695465851
2023-01-13 00:00:00+00:00,63.783236300101876,62.7631357662982,63.69050598144531,10153200,62.909563426334074
2023-01-17 00:00:00+00:00,64.3542990707933,63.52454488853414,63.97846984863281,10425800,63.60264062647233
2023-01-18 00:00:00+00:00,64.68131010755997,63.114547105650374,63.153594970703125,13936000,64.33965059787184
2023-01-19 00:00:00+00:00,63.01205466336413,62.18718618013786,62.41658401489258,14645000,62.66063131610064
2023-01-20 00:00:00+00:00,64.15417363057858,62.50443674609534,64.10536193847656,14127800,62.72896010309864
2023-01-23 00:00:00+00:00,65.94057220581988,64.21762528593351,65.56474304199219,23472600,64.36404546231725
2023-01-24 00:00:00+00:00,65.78439084081329,65.09618611581496,65.53546905517578,12575600,65.19380951186368
2023-01-25 00:00:00+00:00,65.56475156415466,63.827162400776594,65.3988037109375,14342200,64.42750754483828
2023-01-26 00:00:00+00:00,66.47259000655602,65.35486626480343,66.44330596923828,11161800,66.03819274189895
2023-01-27 00:00:00+00:00,67.19007878124832,65.99426675461011,66.72151184082031,13549400,66.02355079195833
2023-01-30 00:00:00+00:00,66.24320116587772,65.39392668255407,65.44761657714844,9705600,65.95523148015347
2023-01-31 00:00:00+00:00,66.38962797566812,65.40368967287766,66.36034393310547,8871600,65.44761573672164
2023-02-01 00:00:00+00:00,68.46397235613358,65.99425308314657,67.92219543457031,18852800,66.31150668552134
2023-02-02 00:00:00+00:00,70.16740313805285,68.76659545798326,69.77693939208984,18824000,69.08384911348283
2023-02-03 00:00:00+00:00,70.32849510296181,68.47376193057633,69.19613647460938,16145400,68.57626353737187
2023-02-06 00:00:00+00:00,68.96671730633159,68.09303711788655,68.35172271728516,12977400,68.42981845043693
2023-02-07 00:00:00+00:00,70.32361463096247,68.42495545192466,70.06004333496094,15708200,68.45423949645357
2023-02-08 00:00:00+00:00,70.57252666045942,69.07410282497752,69.21564483642578,12577000,70.19670487768107
2023-02-09 00:00:00+00:00,70.40170125714091,68.56161040564328,68.8349380493164,12624000,70.28455764658685
2023-02-10 00:00:00+00:00,68.7519570565546,67.86852049626992,68.5176773071289,9861600,68.32243797625837
2023-02-13 00:00:00+00:00,69.85504119956508,68.74220292331772,69.7037353515625,8411800,68.7861289861017
2023-02-14 00:00:00+00:00,70.39680660889974,68.94230900686688,70.00145721435547,12622000,69.37670626659832
2023-02-15 00:00:00+00:00,70.33336922006961,69.41088470051756,70.32848358154297,10491000,69.57683256279006
2023-02-16 00:00:00+00:00,70.09419928420128,69.0545712214087,69.10826110839844,13001200,69.30837863696193
2023-02-17 00:00:00+00:00,68.69339356760199,67.64888728246696,68.24435424804688,10606600,68.61529783003951
2023-02-21 00:00:00+00:00,67.73673180661474,66.5653256649977,66.62389373779297,12277800,67.33161859200405
2023-02-22 00:00:00+00:00,67.06319006858625,66.20903731870735,66.52629852294922,14338400,66.760578334725
2023-02-23 00:00:00+00:00,67.88317145341331,66.67759542416644,67.62936401367188,13120000,67.7660278394665
2023-02-24 00:00:00+00:00,66.71175965905041,66.03820433959547,66.42378997802734,14347400,66.4286756168509
2023-02-27 00:00:00+00:00,67.43412535394786,66.65806853924296,66.78009033203125,9389000,67.0924658236645
2023-02-28 00:00:00+00:00,67.27793052377164,66.44818386378118,66.63365936279297,10485800,66.56532746014949
2023-03-01 00:00:00+00:00,66.77033517081149,65.94058836166455,66.14558410644531,15069400,66.66295538340916
2023-03-02 00:00:00+00:00,67.17055200273778,65.85271817150779,66.96067810058594,10969400,65.96497613201647
2023-03-03 00:00:00+00:00,68.40542140398311,67.32675281056541,68.40054321289062,14439600,67.39020653286762
2023-03-06 00:00:00+00:00,69.65979488552644,68.67385681038645,68.72754669189453,15999200,68.83980464500472
2023-03-07 00:00:00+00:00,68.93743168596599,67.70257179337135,67.87339782714844,14120000,68.67386045453333
2023-03-08 00:00:00+00:00,68.51767393088132,67.7123256950099,68.43470001220703,13247000,68.11256071785846
2023-03-09 00:00:00+00:00,69.3132468409162,67.32185056624293,67.4536361694336,15624600,68.54206832418355
2023-03-10 00:00:00+00:00,67.52685133004267,66.00401455727722,66.26758575439453,30556800,67.3560178708882
2023-03-13 00:00:00+00:00,67.55126099890796,65.44272830819617,66.62877655029297,34439400,65.85271974144302
2023-03-14 00:00:00+00:00,68.4054024135132,67.20959053727314,68.16624450683594,21202200,67.48780375232782
2023-03-15 00:00:00+00:00,68.28828093590224,67.09246880299915,68.20530700683594,23060000,67.41948632847914
2023-03-16 00:00:00+00:00,70.21622251455663,67.74161691941276,70.11860656738281,26086800,67.96614030077
2023-03-17 00:00:00+00:00,70.86049154229863,69.61098958265775,70.02098846435547,23078600,70.25526821988335
2023-03-20 00:00:00+00:00,70.29785423740098,69.37333335927717,70.20980072021484,11981600,69.89673564677769
2023-03-21 00:00:00+00:00,70.9044247080752,69.85761250529305,70.7772445678711,13066400,70.59135958567478
2023-03-22 00:00:00+00:00,72.18603275212124,70.03370376094367,70.07283782958984,14224400,70.7772361371003
2023-03-23 00:00:00+00:00,72.1762403365651,70.54243231609166,71.21258544921875,17595800,70.9680031420559
2023-03-24 00:00:00+00:00,71.43271329118474,70.51797778355898,71.39847564697266,11872600,70.98757166800613
2023-03-27 00:00:00+00:00,71.75067625039537,70.67941180276341,70.8457260131836,10810600,71.50609389481471
2023-03-28 00:00:00+00:00,70.74787351846648,69.87716118873409,70.51306915283203,9968000,70.72341379737219
2023-03-29 00:00:00+00:00,72.15178931258517,71.29575113430026,71.99036407470703,14256600,71.39847899988109
2023-03-30 00:00:00+00:00,72.92955602916464,72.33767098130444,72.82683563232422,11202400,72.65562501884321
2023-03-31 00:00:00+00:00,73.93723427870258,72.64583989398464,73.8687515258789,15069800,72.73878237225826
2023-04-03 00:00:00+00:00,73.85407843116737,73.06652302835951,73.75135803222656,21142200,73.4187221814202
2023-04-04 00:00:00+00:00,74.11333682719703,73.07142115056119,73.34535217285156,15824800,73.8589765716763
2023-04-05 00:00:00+00:00,73.06652038063496,71.9854706988243,72.50887298583984,15737600,72.99803762913591
2023-04-06 00:00:00+00:00,73.01271956798371,71.66751665895667,72.91978454589844,15696000,71.9805817646769
2023-04-10 00:00:00+00:00,72.89530483284172,71.79957353120459,72.88063049316406,9517200,72.19579563061879
2023-04-11 00:00:00+00:00,72.76323350279732,72.0735096325058,72.19580078125,12791600,72.75344812096117
2023-04-12 00:00:00+00:00,72.88064360819135,71.66750990676819,71.784912109375,13235800,72.68497327051332
2023-04-13 00:00:00+00:00,73.23284405573742,71.94633861981858,73.12033081054688,13641800,72.06374082451553
2023-04-14 00:00:00+00:00,73.31112182759458,72.0784319790292,72.71434020996094,13003600,72.70945124931418
2023-04-17 00:00:00+00:00,73.13989506670046,72.41103710586039,72.97846984863281,8306000,72.80725924836297
2023-04-18 00:00:00+00:00,73.73179764428558,72.88554475153714,73.20349884033203,9212800,73.53613473795971
2023-04-19 00:00:00+00:00,73.13011430696037,72.44528679071323,72.99314880371094,8623200,72.54311822673994
2023-04-20 00:00:00+00:00,73.23284369623968,72.19092059384238,72.5137710571289,11416200,72.32299714047055
2023-04-21 00:00:00+00:00,72.41103007494256,71.80935974897254,72.2789535522461,12237600,72.19579647175097
2023-04-24 00:00:00+00:00,72.34256163354401,71.42292967960847,71.96101379394531,9079800,71.9903624794436
2023-04-25 00:00:00+00:00,71.7457688273866,70.40056621786555,70.4250259399414,11022600,71.60880334063282
2023-04-26 00:00:00+00:00,72.21048347093418,71.30063692051873,71.47184753417969,13603400,71.66262144971549
2023-04-27 00:00:00+00:00,73.04206677014717,71.63327023498506,72.9882583618164,12084800,71.80936980188034
2023-04-28 00:00:00+00:00,73.79539791783532,72.91001087338127,73.78072357177734,11792000,72.98827902839851
2023-05-01 00:00:00+00:00,74.18181803288283,73.60460731426791,73.8247299194336,8194400,73.72200952025112
2023-05-02 00:00:00+00:00,73.9959366737064,72.75345431678001,73.13500213623047,12058800,73.91277958116565
2023-05-03 00:00:00+00:00,73.69755788505059,72.48442401555737,72.51866912841797,11630200,73.22306751352727
2023-05-04 00:00:00+00:00,72.66050553657129,71.87295024136546,72.17134094238281,10861000,72.23004576924579
2023-05-05 00:00:00+00:00,74.230748794476,72.76814354467591,73.98127746582031,12230000,72.87087142357032
2023-05-08 00:00:00+00:00,74.00570210015978,73.48718886710131,73.9421157836914,6795600,73.8393879431521
2023-05-09 00:00:00+00:00,73.6730932088204,73.29643431295486,73.37470245361328,12473200,73.53612769469852
2023-05-10 00:00:00+00:00,74.4410930270011,73.55081700405701,74.26988983154297,10551800,74.01552205467513
2023-05-11 00:00:00+00:00,74.14756234726987,73.42360091333543,73.93721771240234,8956800,74.14756234726987
2023-05-12 00:00:00+00:00,74.17204474687856,73.26708707970701,73.83940887451172,7908000,74.06442791735348
2023-05-15 00:00:00+00:00,74.46553341236351,73.64862933341473,74.45085906982422,6796600,73.91278242724266
2023-05-16 00:00:00+00:00,74.93513659797513,74.32368076368662,74.52912902832031,9398200,74.34814048987026
2023-05-17 00:00:00+00:00,75.64931300028739,74.49488408402854,75.52213287353516,11916600,74.84219428286112
2023-05-18 00:00:00+00:00,77.18039976424357,75.61507433883801,77.0678939819336,15491200,75.61507433883801
2023-05-19 00:00:00+00:00,77.21953822989963,76.76950761097379,77.03365325927734,9805000,77.08746167371744
2023-05-22 00:00:00+00:00,77.3809716278072,76.6765732060188,77.18041229248047,10794200,76.80375335170663
2023-05-23 00:00:00+00:00,77.1119058034908,76.01128547407176,76.04063415527344,11691000,76.79395180506013
2023-05-24 00:00:00+00:00,75.78627376658659,75.07209757513102,75.48299407958984,10925600,75.43897105355354
2023-05-25 00:00:00+00:00,78.68703663367987,77.08257695989101,78.37886047363281,18078000,77.48858457047422
2023-05-26 00:00:00+00:00,80.74642279876726,78.56963385356012,80.60456085205078,15160000,78.57941923776222
2023-05-30 00:00:00+00:00,82.19923346873259,80.86381591849192,81.03502655029297,18123600,81.78833690928332
2023-05-31 00:00:00+00:00,81.32851403379586,80.31594706455887,80.35997009277344,19301000,80.57031477878813
2023-06-01 00:00:00+00:00,81.51927069278555,79.84632879831264,81.1768569946289,17419400,80.10558541720688
2023-06-02 00:00:00+00:00,82.01823755201936,81.06436795893039,81.6415786743164,14270600,81.65625301697467
2023-06-05 00:00:00+00:00,82.13563675248355,81.03011988560297,81.17198181152344,10909000,81.59266370181089
2023-06-06 00:00:00+00:00,81.32850434108741,80.57030517644165,81.15240478515625,9975600,80.97630522922509
2023-06-07 00:00:00+00:00,81.62689401793568,79.77296347710602,79.93927764892578,13703800,80.99587497117976
2023-06-08 00:00:00+00:00,80.93231015873556,79.99800365140746,80.80513000488281,10665200,80.05670849969972
2023-06-09 00:00:00+00:00,82.03780842757791,80.93229151877995,81.20622253417969,14413600,81.19644461510138
2023-06-12 00:00:00+00:00,83.00634440987255,81.59754793532836,82.97209930419922,13787200,81.76386211244548
2023-06-13 00:00:00+00:00,83.8721741552689,82.80090237774812,83.47594451904297,16595800,83.71074892511615
2023-06-14 00:00:00+00:00,84.36622459917027,83.0895046122833,84.33687591552734,16769000,83.37810995351869
2023-06-15 00:00:00+00:00,85.8043765196295,83.97489796754478,85.4228286743164,17732600,83.99446873421036
2023-06-16 00:00:00+00:00,86.23970867366697,84.63524960231061,84.7184066772461,17366600,86.23481225133884
2023-06-20 00:00:00+00:00,84.75371917123286,83.69491606533032,84.14588928222656,14137800,84.23411975784576
2023-06-21 00:00:00+00:00,83.98411640430807,82.65570038328737,82.90079498291016,12058000,83.8223530709938
2023-06-22 00:00:00+00:00,83.61157971442762,82.51355315752866,83.57726287841797,15224200,82.52825823590594
2023-06-23 00:00:00+00:00,83.160607057969,82.32238759092319,82.67041778564453,14729000,82.54787046756341
2023-06-26 00:00:00+00:00,83.46942914175479,82.01847307650326,82.0772933959961,10890200,82.74395110912901
2023-06-27 00:00:00+00:00,83.88609692783724,82.32729107135796,83.6949234008789,13833000,82.40572315413449
2023-06-28 00:00:00+00:00,84.19491554095559,83.16552244906482,83.74394226074219,11371600,83.22924197494906
2023-06-29 00:00:00+00:00,84.04294104438657,83.3860892786847,83.89098358154297,9128200,83.83216326810518
2023-06-30 00:00:00+00:00,85.43998866823497,84.66058954767632,85.22430419921875,11398400,84.72430906465334
2023-07-03 00:00:00+00:00,85.24880917818493,84.61156169525302,85.04293060302734,6182200,85.20959314296054
2023-07-05 00:00:00+00:00,85.1507732745083,84.37627340409463,84.51842498779297,9395600,84.44979879571551
2023-07-06 00:00:00+00:00,84.37137809294204,83.43021555491414,84.29295349121094,12116400,83.68511607970137
2023-07-07 00:00:00+00:00,84.9399961272369,83.87628630864964,83.92530822753906,11622200,84.15569030317424
2023-07-10 00:00:00+00:00,84.15078848208505,83.30276316551353,84.14588928222656,16877200,83.62138318928655
2023-07-11 00:00:00+00:00,84.42039240235772,83.50374090738325,84.32725524902344,9996000,84.32235604926164
2023-07-12 00:00:00+00:00,85.68508562143919,84.70470708453414,85.28312683105469,16104400,85.17038539362511
2023-07-13 00:00:00+00:00,86.58214072643759,85.69489926688689,86.39586639404297,9349200,85.86646103857561
2023-07-14 00:00:00+00:00,87.28800427754476,86.01840842180786,86.2684097290039,11543800,86.61154071175937
2023-07-17 00:00:00+00:00,87.62622327315579,86.33212401679513,87.37133026123047,11858800,86.43016784566764
2023-07-18 00:00:00+00:00,88.78798096280063,86.71447505653443,88.36151123046875,16406000,87.17035494702141
2023-07-19 00:00:00+00:00,88.94975464688412,87.8027059877064,88.14093780517578,20990000,88.58211266784267
2023-07-20 00:00:00+00:00,87.94975337895863,86.11154371149148,86.38114929199219,24356000,87.57721224570857
2023-07-21 00:00:00+00:00,87.36643680390951,86.23410071818921,86.33704376220703,14871400,86.93016862630093
2023-07-24 00:00:00+00:00,86.9301811131614,86.1556810107084,86.489013671875,11308200,86.7194032742368
2023-07-25 00:00:00+00:00,87.76838159846491,86.75368631978832,87.47917175292969,10802200,86.76839139805662
2023-07-26 00:00:00+00:00,86.77328875050893,85.69487407514697,86.30270385742188,15501600,86.56250351849611
2023-07-27 00:00:00+00:00,87.73408010844426,85.6605814333005,86.052734375,13857000,87.46938117362185
2023-07-28 00:00:00+00:00,87.48407337784187,86.67035745253142,87.22427368164062,11287400,86.85172507599798
2023-07-31 00:00:00+00:00,87.53309705403333,86.92525969765359,87.42525482177734,10138400,87.30270751054955
2023-08-01 00:00:00+00:00,87.75857042900527,86.91054522131772,87.57229614257812,8845800,87.1409347398902
2023-08-02 00:00:00+00:00,86.85662586503675,85.09684842567398,85.4056625366211,15818600,86.80270475365016
2023-08-03 00:00:00+00:00,85.5576277213145,84.65568130363731,85.0576400756836,11321000,84.70960241989488
2023-08-04 00:00:00+00:00,85.27822559766682,83.76844178926933,83.90079498291016,14431800,84.76842458200301
2023-08-07 00:00:00+00:00,84.54294349953153,83.52824812632807,84.1360855102539,9536000,84.25373362705412
2023-08-08 00:00:00+00:00,83.59686367437459,82.65080209960294,83.48902893066406,11461800,83.5478492417232
2023-08-09 00:00:00+00:00,83.60177003656602,82.1262957490796,82.41060638427734,14301800,83.60177003656602
2023-08-10 00:00:00+00:00,83.75863230469756,82.0135598224787,82.42041778564453,12731400,83.03805352989343
2023-08-11 00:00:00+00:00,82.29297478012138,81.52828073668232,81.81258392333984,10772000,81.76356948550331
2023-08-14 00:00:00+00:00,83.12629147472997,81.53317645895103,83.11648559570312,10328000,81.7292491613231
2023-08-15 00:00:00+00:00,83.16552695367928,82.10671616207416,82.29788970947266,9366400,82.8714103516681
2023-08-16 00:00:00+00:00,82.59199510073344,81.5086734927244,81.5135726928711,9779400,82.12141009733034
2023-08-17 00:00:00+00:00,82.02826734911295,80.61652739445769,80.73907470703125,12614800,81.87630987827283
2023-08-18 00:00:00+00:00,81.19005924673446,79.87144878272971,80.86163330078125,13658600,79.92046322678063
2023-08-21 00:00:00+00:00,82.5723632042767,81.19983204873225,82.40570068359375,13132800,81.27826411012177
2023-08-22 00:00:00+00:00,83.1949338443532,82.1312238937917,82.31259155273438,11361800,83.14591191938165
2023-08-23 00:00:00+00:00,84.04293853804565,82.50865139731194,83.79784393310547,10113200,82.51355059672099
2023-08-24 00:00:00+00:00,84.85668188248393,81.80280421096248,81.86652374267578,13929000,84.85178268148941
2023-08-25 00:00:00+00:00,83.15569382826344,81.46454262000674,82.69982147216797,15686600,82.19491972553949
2023-08-28 00:00:00+00:00,83.55275780031414,82.73414263437064,83.37628936767578,8963800,83.327274929534
2023-08-29 00:00:00+00:00,85.13115994317755,83.0478557825675,85.0478286743164,13713800,83.1360937305753
2023-08-30 00:00:00+00:00,85.77820986830967,84.76841384434319,85.68997192382812,12266600,85.06253035302369
2023-08-31 00:00:00+00:00,86.43507722842493,85.79293046400429,86.10665130615234,11963400,85.88606762458954
2023-09-01 00:00:00+00:00,86.75859155777445,85.93017059051667,86.371337890625,9244600,86.64584265333185
2023-09-05 00:00:00+00:00,86.94977374206492,85.87625806085471,86.68016815185547,10060400,86.15566205093029
2023-09-06 00:00:00+00:00,86.55761582316318,85.23410638751791,85.76351165771484,18143200,86.3419313634873
2023-09-07 00:00:00+00:00,84.70960500116873,83.86157967390805,84.52333068847656,12513600,84.17040130185674
2023-09-08 00:00:00+00:00,85.2439012810516,84.47920730433644,84.69979095458984,8584800,84.51842333900052
2023-09-11 00:00:00+00:00,85.52332298638964,84.39588616350376,85.14097595214844,8272800,85.44489090764922
2023-09-12 00:00:00+00:00,84.72922159224774,83.44492056892489,83.59687805175781,12243000,84.43020582678152
2023-09-13 00:00:00+00:00,84.25862853971809,83.32727197144732,83.80765533447266,10008800,83.56256071338096
2023-09-14 00:00:00+00:00,84.62626697194703,83.79294679063298,84.41548919677734,9473200,84.32235204786276
2023-09-15 00:00:00+00:00,84.13608235484786,82.57237745461055,82.79296112060547,13116800,84.1115713964719
2023-09-18 00:00:00+00:00,83.46596332699158,82.52770017485211,83.19087219238281,9943800,82.55226348951459
2023-09-19 00:00:00+00:00,83.3578877253346,82.3852419643692,83.14665222167969,8236600,82.837178454269
2023-09-20 00:00:00+00:00,83.48070873266117,81.80559093576687,81.83998107910156,10760400,83.37263613314076
2023-09-21 00:00:00+00:00,81.55505826314919,80.55293194429073,80.59223175048828,14741200,80.98031265189431
2023-09-22 00:00:00+00:00,81.50592425495893,80.58239763207744,80.76416015625,12537800,80.94591518475164
2023-09-25 00:00:00+00:00,81.14732231466243,80.35152193945981,81.0245132446289,10577400,80.55784027763565
2023-09-26 00:00:00+00:00,80.53818218118747,79.29044539664737,79.56553649902344,14926000,80.49397271737782
2023-09-27 00:00:00+00:00,80.10590835230195,78.89746373639358,79.6883544921875,11665200,79.94870913580247
2023-09-28 00:00:00+00:00,80.76416296669139,78.9367633064942,80.2532730102539,12829400,79.31010020106683
2023-09-29 00:00:00+00:00,81.79575669000039,80.25327494983141,80.52836608886719,15883800,81.04416572239498
2023-10-02 00:00:00+00:00,81.62874331435424,80.44486191284535,81.39295196533203,13656200,80.56767100024656
2023-10-03 00:00:00+00:00,81.48628995445839,79.59993663166593,80.01258087158203,14838800,80.93119046795992
2023-10-04 00:00:00+00:00,81.22592605736922,80.07642740657208,81.00978088378906,15194200,80.07642740657208
2023-10-05 00:00:00+00:00,81.2504720173483,80.14519046483841,81.11784362792969,12023000,81.00485389456833
2023-10-06 00:00:00+00:00,82.98945578604193,80.32695612993993,82.6357650756836,16625600,80.56274743828862
2023-10-09 00:00:00+00:00,83.19087474042365,81.75154840863543,83.06314849853516,13139200,82.1298024781436
2023-10-10 00:00:00+00:00,83.85895387457751,82.89121774311155,83.19087219238281,20402800,83.12209940873062
2023-10-11 00:00:00+00:00,84.00141986551161,83.18105602127646,83.96212005615234,10389200,83.44632036486125
2023-10-12 00:00:00+00:00,84.90036630100613,83.40209416324066,84.04070281982422,15405800,84.03579315551606
2023-10-13 00:00:00+00:00,84.35017428330411,82.54733076721648,82.83716583251953,15183200,84.2077115825218
2023-10-16 00:00:00+00:00,84.0112267337957,82.95998144410714,83.63297271728516,14544200,82.97471793215699
2023-10-17 00:00:00+00:00,83.67719406414773,81.98733990153693,83.24491119384766,15317800,82.58173915474781
2023-10-18 00:00:00+00:00,83.33333248096824,82.05120533276907,82.3901596069336,12862800,82.66034109327282
2023-10-19 00:00:00+00:00,83.27438084708955,81.7761086118633,81.91856384277344,19991800,82.71928142166034
2023-10-20 00:00:00+00:00,81.93821552277461,80.44977014825785,80.53327941894531,15350400,81.87926207030564
2023-10-23 00:00:00+00:00,81.4469965785401,79.58520642589137,80.62663269042969,15159000,80.03223334863
2023-10-24 00:00:00+00:00,81.30450308426711,80.30729416945692,81.18169403076172,11180400,80.9459027468189
2023-10-25 00:00:00+00:00,81.66804437793361,79.98310727079561,80.22380828857422,15529600,81.5697986056359
2023-10-26 00:00:00+00:00,80.71995523921126,78.35219259241478,78.69114685058594,20646400,80.366264491178
2023-10-27 00:00:00+00:00,79.94869719750434,78.79920620726602,79.14797973632812,16231600,79.17254304719717
2023-10-30 00:00:00+00:00,80.28272839235122,79.32481930358186,79.99781799316406,14180800,79.56552773949602
2023-10-31 00:00:00+00:00,80.63643788417907,79.41326426046874,80.56766510009766,10893600,80.03712898189616
2023-11-01 00:00:00+00:00,82.23294287181885,80.71011503829338,82.12487030029297,20945800,80.71011503829338
2023-11-02 00:00:00+00:00,83.58875798547506,82.75365790070522,83.51506805419922,16192600,82.86664013385757
2023-11-03 00:00:00+00:00,84.71370249251922,83.24982034720675,84.37474822998047,15661800,83.43157538829563
2023-11-06 00:00:00+00:00,84.95931306536195,84.22245864589539,84.92984008789062,11099200,84.48773043447899
2023-11-07 00:00:00+00:00,86.1088118230521,85.02809341080224,85.85828399658203,13029800,85.15581965210464
2023-11-08 00:00:00+00:00,86.48706735967936,85.76003968755236,86.34461212158203,10722400,86.15303025204615
2023-11-09 00:00:00+00:00,87.10602282792142,85.82880547144191,85.94178771972656,14374600,86.47232381415633
2023-11-10 00:00:00+00:00,88.24568301417945,86.36424720547696,88.18673706054688,13346400,86.46249296008811
2023-11-13 00:00:00+00:00,87.8919990526407,87.30251698402094,87.67094421386719,11725000,87.81831660493992
2023-11-14 00:00:00+00:00,89.65062409405128,88.73692428290973,89.42465209960938,16508400,89.01201540958958
2023-11-15 00:00:00+00:00,89.96011462023752,89.19378711826323,89.53765106201172,13147800,89.82256904273812
2023-11-16 00:00:00+00:00,90.08291817689307,89.19869130748451,89.98466491699219,11553600,89.36080019151535
2023-11-17 00:00:00+00:00,90.14186808810466,89.40992324551421,89.79800415039062,13277800,89.78326765989372
2023-11-20 00:00:00+00:00,91.33555326643116,89.90114430174815,91.09976196289062,11116200,89.91097112563287
2023-11-21 00:00:00+00:00,90.82961102694304,90.03381042544565,90.3629379272461,13350800,90.68715576329055
2023-11-22 00:00:00+00:00,91.54189374733997,90.52012127416435,90.76573944091797,11213400,90.93275799534925
2023-11-24 00:00:00+00:00,90.69203786552355,90.24501855605641,90.58888244628906,4193800,90.6134457589494
2023-11-27 00:00:00+00:00,91.10959554581679,90.29905866345128,90.58396911621094,8420000,90.46116004338762
2023-11-28 00:00:00+00:00,90.99661363343077,90.27940534740051,90.75590515136719,11012400,90.27940534740051
2023-11-29 00:00:00+00:00,91.81206646128439,90.77064784730295,90.8246841430664,10765400,91.41908339646449
2023-11-30 00:00:00+00:00,91.3257330959431,90.19588822107313,90.95730590820312,13744000,91.2029240333631
2023-12-01 00:00:00+00:00,91.32573649262707,90.28431050615913,91.16362762451172,13992200,90.72151048537788
2023-12-04 00:00:00+00:00,90.25484509899532,89.07097128911069,90.0534439086914,18221800,90.25484509899532
2023-12-05 00:00:00+00:00,90.69695869544671,89.57202339285152,90.59379577636719,10841400,89.57202339285152
2023-12-06 00:00:00+00:00,91.29135092698081,89.75869609085092,89.82746887207031,14731400,91.15872252470334
2023-12-07 00:00:00+00:00,91.0702965787582,90.06326067323153,90.91801452636719,13928800,90.25484252876716
2023-12-08 00:00:00+00:00,91.76785053637374,90.60853258708377,91.69416809082031,12808800,90.72151483548934
2023-12-11 00:00:00+00:00,92.51454195708354,91.21276114256345,92.49488830566406,37795400,91.423996669128
2023-12-12 00:00:00+00:00,93.13839007642225,92.07731804492556,93.1089096069336,15055400,92.15591763888898
2023-12-13 00:00:00+00:00,94.15525525879852,93.1089196018903,93.92929077148438,29395000,93.32998192060153
2023-12-14 00:00:00+00:00,94.35668021140638,93.00578023166983,93.69842529296875,15427400,94.00298943523978
2023-12-15 00:00:00+00:00,94.71036110271136,93.60016225618678,94.16999816894531,18131200,93.60016225618678
2023-12-18 00:00:00+00:00,94.66332371043707,93.75252837158126,94.45162963867188,10138000,94.15131402806301
2023-12-19 00:00:00+00:00,94.82086077416089,94.37776814641826,94.8110122680664,9003600,94.43192366162428
2023-12-20 00:00:00+00:00,95.0374500512206,93.36356504630022,93.37833404541016,13734800,94.70267605511937
2023-12-21 00:00:00+00:00,94.63868070908369,93.63435111668939,94.42698669433594,11336000,94.32852418719261
2023-12-22 00:00:00+00:00,94.82575445251953,94.08235396512977,94.55005645751953,10215000,94.69775395832866
2023-12-26 00:00:00+00:00,95.14084896386615,94.60914241230562,94.94392395019531,6207600,94.60914241230562
2023-12-27 00:00:00+00:00,95.1359355312226,94.53530442906228,94.93900299072266,11764600,94.9931585003341
2023-12-28 00:00:00+00:00,95.37225881157536,95.00793920094505,95.05225372314453,9615400,95.27379628530505
2023-12-29 00:00:00+00:00,95.29347110094193,94.28914146821725,94.76176452636719,12190600,95.1014665750295
2024-01-02 00:00:00+00:00,93.61959068504953,91.69461731854626,92.28047943115234,23545400,93.47189315471219
2024-01-03 00:00:00+00:00,91.94078005779144,91.17768238887273,91.34014892578125,18190000,91.43861144482042
2024-01-04 00:00:00+00:00,91.40906573114968,90.58197162632503,90.67058563232422,12127200,90.77889664779526
2024-01-05 00:00:00+00:00,91.42877555874017,90.30135824296865,90.64598083496094,16350600,90.77398887785029
2024-01-08 00:00:00+00:00,92.98449058132734,91.01028977605539,92.92049407958984,16434600,91.1038317926812
2024-01-09 00:00:00+00:00,93.33404859809733,92.00970628260905,93.06819152832031,10633800,92.20663132434781
2024-01-10 00:00:00+00:00,94.06266998421772,92.91556333657995,93.8608169555664,9785400,93.11249586899879
2024-01-11 00:00:00+00:00,94.79623285736673,93.01402906038774,94.33837127685547,13296600,94.32360227543977
2024-01-12 00:00:00+00:00,94.86023024952172,94.17098513629452,94.64361572265625,8834600,94.49099018624823
2024-01-16 00:00:00+00:00,95.27869899937485,93.97897436344542,94.87992095947266,11775600,94.52544992129118
2024-01-17 00:00:00+00:00,94.52544769232006,93.38818960172506,94.41221618652344,14109000,94.17589715850313
2024-01-18 00:00:00+00:00,96.41596080859233,95.31316865843058,96.32734680175781,18918800,95.67256020649522
2024-01-19 00:00:00+00:00,98.56741124437872,96.74582085134263,98.54771423339844,18333200,96.95752240223321
2024-01-22 00:00:00+00:00,99.58650864730654,98.60678894961464,98.98095703125,14969000,99.0301845336383
2024-01-23 00:00:00+00:00,99.44372660369034,98.49847303767346,99.37972259521484,13263800,99.07448657733026
2024-01-24 00:00:00+00:00,101.06839376165237,99.7785174558529,100.0640640258789,17651200,100.0640640258789
2024-01-25 00:00:00+00:00,101.49178652020115,100.0197542158148,100.48253631591797,17071400,100.98469741363073
2024-01-26 00:00:00+00:00,100.22160293948012,99.09910623859061,99.32557678222656,10553000,99.77851035729019
2024-01-29 00:00:00+00:00,100.25605576881476,99.25172616129397,100.23636627197266,7639600,99.44865117854657
2024-01-30 00:00:00+00:00,100.35452490747016,99.10403518966476,99.40927124023438,12251600,100.20190688218536
2024-01-31 00:00:00+00:00,98.86773077796072,97.27261087389613,97.32183837890625,16295200,98.46402467094954
2024-02-01 00:00:00+00:00,98.68556326142591,97.64676754237054,98.54771423339844,14303400,97.7107715597435
2024-02-02 00:00:00+00:00,99.88189514255954,97.84861091190501,99.56681060791016,12872200,97.87814891324591
2024-02-05 00:00:00+00:00,100.07882045994658,98.85786882354243,99.79327392578125,10086200,99.97050944656635
2024-02-06 00:00:00+00:00,100.07392183532318,98.69542387374155,99.33544158935547,12677200,99.90160677304691
2024-02-07 00:00:00+00:00,100.67452747753558,99.63573189477759,100.64990997314453,11365800,100.03450992440658
2024-02-08 00:00:00+00:00,101.2357738667123,100.6991393051538,100.96499633789062,9948200,100.82221931714476
2024-02-09 00:00:00+00:00,102.45673529179074,101.27024205966921,102.32380676269531,11612200,101.38840158688832
2024-02-12 00:00:00+00:00,102.63396726223057,101.39824657083837,101.54593658447266,10753200,102.31888271279708
2024-02-13 00:00:00+00:00,100.49237053878888,99.0449483273729,99.82281494140625,19459400,99.34526387132115
2024-02-14 00:00:00+00:00,100.94531213925116,99.85728890201557,100.86654663085938,11791600,100.5662310630026
2024-02-15 00:00:00+00:00,101.09793114005325,100.09359397292569,100.65483856201172,10796400,100.99946111457186
2024-02-16 00:00:00+00:00,101.12747347395006,99.59635766352125,99.72928619384766,11090400,100.92562043015968
2024-02-20 00:00:00+00:00,99.4978978383324,97.72554242671751,98.71510314941406,17447600,99.14342675600943
2024-02-21 00:00:00+00:00,98.09477233886719,97.0215182097271,98.09477233886719,15954400,97.75999830261695
2024-02-22 00:00:00+00:00,101.58040844578927,100.39883568321095,101.3047103881836,18551600,100.63022673417471
2024-02-23 00:00:00+00:00,102.23518591889345,100.74837722763831,101.0683822631836,12324000,102.10717789490894
2024-02-26 00:00:00+00:00,101.76255794197182,101.06346433733586,101.16685485839844,18248800,101.51147740826009
2024-02-27 00:00:00+00:00,101.44254666729277,100.50221357940846,101.25546264648438,9984400,101.44254666729277
2024-02-28 00:00:00+00:00,101.05361398945111,100.4136039137552,100.77791595458984,8329000,100.92069298049101
2024-02-29 00:00:00+00:00,102.14165306970034,100.7483862672063,101.9004135131836,11986800,101.3145513846491
2024-03-01 00:00:00+00:00,103.9090729509417,102.11210769723466,103.7613754272461,13136800,102.16133519699446
2024-03-04 00:00:00+00:00,104.35708601834212,103.382294381484,103.7613754272461,20443800,103.61368541575858
2024-03-05 00:00:00+00:00,102.78658918884645,100.55637975175483,101.21116638183594,18042800,102.73735417429266
2024-03-06 00:00:00+00:00,102.78165943716931,101.32931678511278,102.01364135742188,14303200,102.2696423758658
2024-03-07 00:00:00+00:00,103.93861972770287,102.37304537610514,103.62353515625,12120800,102.88505498763777
2024-03-08 00:00:00+00:00,104.54416555605543,102.0185612972513,102.08256530761719,14912200,103.81060597762604
2024-03-11 00:00:00+00:00,102.02841144985496,101.06838132768925,101.80194091796875,15648400,101.61485689215876
2024-03-12 00:00:00+00:00,103.8992224011248,101.80686214120911,103.8893814086914,17382800,102.78166127108898
2024-03-13 00:00:00+00:00,103.63337207606587,102.33856792128023,102.76689147949219,12815400,103.57429607308818
2024-03-14 00:00:00+00:00,103.56446492806003,102.16134952448566,102.7865982055664,16023200,103.20014532014504
2024-03-15 00:00:00+00:00,101.77241355397639,100.82223183706628,101.23578643798828,19633400,101.30963144946969
2024-03-18 00:00:00+00:00,102.77880005727754,101.65445718842174,101.73336029052734,14176600,102.122932129676
2024-03-19 00:00:00+00:00,102.27579497693921,100.72735744919423,102.26100158691406,13390200,101.23528390569375
2024-03-20 00:00:00+00:00,103.4395904754837,101.97992079612435,103.40507507324219,13357400,102.3399058317982
2024-03-21 00:00:00+00:00,104.50968066271774,103.39027408920053,103.47903442382812,12312000,104.50968066271774
2024-03-22 00:00:00+00:00,103.89327211161319,103.11412847865464,103.51356506347656,11507000,103.48397828306213
2024-03-25 00:00:00+00:00,103.26699787200533,102.23635156283619,102.82810974121094,8777800,102.53222688971682
2024-03-26 00:00:00+00:00,103.36562256395858,102.3201828688937,102.40401458740234,8538400,103.19795912694129
2024-03-27 00:00:00+00:00,103.10424784531061,102.13770386102115,102.92671966552734,12495000,103.05000291469315
2024-03-28 00:00:00+00:00,103.00070168151863,102.49771136901971,102.70482635498047,8854400,102.68509681844317
2024-04-01 00:00:00+00:00,103.59247534816919,102.61606637906904,102.99085235595703,11654800,102.92181402199567
2024-04-02 00:00:00+00:00,102.14757520250612,101.17117391315888,101.9996337890625,11418200,101.84676375419549
2024-04-03 00:00:00+00:00,102.79853005594335,101.46213603476464,102.2708740234375,10670000,101.48679419485993
2024-04-04 00:00:00+00:00,103.60725085613255,100.59913641429148,100.65338134765625,16464800,103.24725833261513
2024-04-05 00:00:00+00:00,102.32510319546174,100.81118118938218,101.80731201171875,12808800,101.09227062684171
2024-04-08 00:00:00+00:00,102.20674850258922,101.31417892734787,101.68896484375,8125800,101.87142165592714
2024-04-09 00:00:00+00:00,102.42374402382866,100.92462270101701,102.20183563232422,9400800,102.21170040127957
2024-04-10 00:00:00+00:00,101.32405823071119,100.51532025111396,100.94927978515625,13836800,101.0380401309664
2024-04-11 00:00:00+00:00,103.1338576031521,100.90983000146684,102.96619415283203,10563600,101.39802696119963
2024-04-12 00:00:00+00:00,102.2166204965642,100.92461428190983,101.29939270019531,16186800,101.73828082442157
2024-04-15 00:00:00+00:00,101.98483763608509,99.2232972666395,99.37616729736328,17189000,101.9207279362541
2024-04-16 00:00:00+00:00,100.11093841116434,99.10002167189698,99.49452209472656,14914000,99.5931547250472
2024-04-17 00:00:00+00:00,100.02711309902475,97.98554242926181,98.05951690673828,13090400,99.85944965612669
2024-04-18 00:00:00+00:00,98.28141646612711,96.83653274481689,96.94009399414062,15280600,98.0299137997465
2024-04-19 00:00:00+00:00,96.88586252344005,94.70127893785549,94.94291687011719,21880000,96.57025763467686
2024-04-22 00:00:00+00:00,96.36807201685507,94.7210092257296,95.79110717773438,13293400,95.6727525217811
2024-04-23 00:00:00+00:00,97.35433188168356,96.04753222777009,97.2113265991211,12151600,96.19053751033258
2024-04-24 00:00:00+00:00,98.3356774821662,97.11763807110846,97.6551513671875,9160200,97.93130471105879
2024-04-25 00:00:00+00:00,97.62555680797942,96.00808090161031,97.44309997558594,11568000,96.437104274909
2024-04-26 00:00:00+00:00,99.26275573752183,97.82774417354804,98.54278564453125,10104200,98.21238737930766
2024-04-29 00:00:00+00:00,99.19864630479026,98.38990840246315,98.96687316894531,7494800,99.05070488462769
2024-04-30 00:00:00+00:00,99.02606011723633,96.7576522915965,96.78723907470703,14929000,98.62662349601574
2024-05-01 00:00:00+00:00,97.88691507744507,95.77630612509947,95.79602813720703,20453600,96.26943919853748
2024-05-02 00:00:00+00:00,97.30994398757674,95.79602193827301,97.17679595947266,13340000,97.01899729898264
2024-05-03 00:00:00+00:00,100.21942873350483,99.45014237108454,99.88410186767578,13316400,99.80519877291133
2024-05-06 00:00:00+00:00,101.0577621459961,100.11094750093339,101.0577621459961,8021000,100.26382508196589
2024-05-07 00:00:00+00:00,101.40295336483005,100.71749871356946,100.72735595703125,10020800,101.35363704906781
2024-05-08 00:00:00+00:00,101.12186420391565,100.34271306520466,101.01337432861328,7176000,100.36737122315763
2024-05-09 00:00:00+00:00,101.06269063221565,100.48078970797253,100.9837875366211,9589600,100.85063950338197
2024-05-10 00:00:00+00:00,101.96512536834999,101.03803280362533,101.35856628417969,8753800,101.51144385412248
2024-05-13 00:00:00+00:00,102.18704187532843,101.51638055643167,101.8369140625,6582000,102.10321015104309
2024-05-14 00:00:00+00:00,102.88235453955862,101.74321835470232,102.73934173583984,9825200,101.80239191507508
2024-05-15 00:00:00+00:00,105.08666220959242,103.31138011425146,105.05213928222656,14308600,103.38534706630166
2024-05-16 00:00:00+00:00,105.44171824362732,104.64283754133429,104.68721771240234,12066600,105.11624860656771
2024-05-17 00:00:00+00:00,104.99294987596056,103.88340061496943,104.45543670654297,7616000,104.92884017744952
2024-05-20 00:00:00+00:00,105.88060735696166,104.46531029475187,105.683349609375,6276800,104.55900678427884
2024-05-21 00:00:00+00:00,106.02853382430207,105.09158404398404,105.85594177246094,6140400,105.27897700989291
2024-05-22 00:00:00+00:00,106.48221553522121,105.46636265939786,106.09264373779297,11783000,106.15675344196481
2024-05-23 00:00:00+00:00,107.31561070491463,104.89433317583178,105.22966003417969,9400400,107.30575346174895
2024-05-24 00:00:00+00:00,106.34413892950928,105.14582923312685,106.11730194091797,5906400,105.49594948387833
2024-05-28 00:00:00+00:00,106.80275705536636,105.90032266936302,106.56605529785156,8786400,106.71892533967598
2024-05-29 00:00:00+00:00,106.3983912561255,105.44171939598866,105.89046478271484,8569000,105.44171939598866
2024-05-30 00:00:00+00:00,104.86968096192744,103.15357245259021,103.47411346435547,10450600,104.71187476697588
2024-05-31 00:00:00+00:00,103.7995909081599,101.35364737466581,103.63685607910156,12081000,103.7798613699997
2024-06-03 00:00:00+00:00,104.52448205397307,102.65550362601489,103.89820098876953,9628000,104.43078557280724
2024-06-04 00:00:00+00:00,104.28284439665121,103.31137170750421,104.11518096923828,6405400,103.84395629276852
2024-06-05 00:00:00+00:00,106.42798614501953,104.77105867643435,106.42798614501953,8788800,104.9387221196295
2024-06-06 00:00:00+00:00,106.56111865524166,105.79183230344192,106.07292175292969,7057600,106.48715170780444
2024-06-07 00:00:00+00:00,106.77317769011232,105.7967687639165,106.31949615478516,6398600,106.1863481149196
2024-06-10 00:00:00+00:00,106.87671629400143,105.89045026344827,106.5906982421875,6734800,105.95948858460248
2024-06-11 00:00:00+00:00,108.60269926951784,106.27018183996866,108.57311248779297,12719200,106.3194981592527
2024-06-12 00:00:00+00:00,112.09406925038995,109.45087587547468,110.97465515136719,17821200,109.65306222621605
2024-06-13 00:00:00+00:00,112.31597861785875,111.17191387646896,111.8524398803711,12693600,112.00530991901854
2024-06-14 00:00:00+00:00,112.33570851928084,111.62066711300582,112.27159881591797,7864600,111.69463405949139
2024-06-17 00:00:00+00:00,114.37235224240563,112.16311813911807,113.97291564941406,11602600,112.54776134159984
2024-06-18 00:00:00+00:00,114.49071473892363,113.6622547151337,114.11593627929688,8677800,114.08634949624927
2024-06-20 00:00:00+00:00,114.69782081435248,112.45406380436856,112.83377838134766,13243000,114.62878248441206
2024-06-21 00:00:00+00:00,113.30224548037312,112.12365780619979,112.63652038574219,13560200,112.85842875061917
2024-06-24 00:00:00+00:00,111.96962355410531,109.84542998131877,109.87506866455078,13748600,111.46574332572021
2024-06-25 00:00:00+00:00,111.9498718554775,110.05785780803612,111.89059448242188,9126200,110.680300376378
2024-06-26 00:00:00+00:00,112.29072010556895,110.89270441368416,111.76214599609375,9459600,111.72262523891025
2024-06-27 00:00:00+00:00,112.36977338560666,111.41141565254968,111.81649780273438,7923600,111.54479727978298
2024-06-28 00:00:00+00:00,113.81223631271567,111.6040639241721,111.7572021484375,12488200,112.20674228521342
2024-07-01 00:00:00+00:00,112.78966568625007,110.29991069062082,112.60194396972656,9281600,111.92516888956483
2024-07-02 00:00:00+00:00,113.17498217150525,111.62382824101853,113.16510009765625,7076600,111.62382824101853
2024-07-03 00:00:00+00:00,114.74589894028904,112.90822507094254,114.69155883789062,6249200,113.00208593306836
2024-07-05 00:00:00+00:00,115.55111488031675,114.34575812771516,115.04229736328125,6671800,114.81999215436284
2024-07-08 00:00:00+00:00,116.16365864454308,115.21518312812995,115.82774353027344,7671000,115.4127869051827
2024-07-09 00:00:00+00:00,116.69718930274144,115.07193858835119,115.73389434814453,8678600,116.42055152478684
2024-07-10 00:00:00+00:00,117.49746898907779,115.8771555774106,117.41348266601562,8749400,116.52922924902596
2024-07-11 00:00:00+00:00,117.64072756506135,114.1432195080279,114.47419738769531,14106000,117.59132473139765
2024-07-12 00:00:00+00:00,116.72189381803402,114.39022171650117,115.49678039550781,9767600,114.79035905150835
2024-07-15 00:00:00+00:00,116.84538873844171,115.04723566743097,115.70425415039062,8628000,116.08463485901233
2024-07-16 00:00:00+00:00,116.03523508020946,114.49396313243528,115.31893920898438,7652200,115.9759577092379
2024-07-17 00:00:00+00:00,112.79460849093611,110.77909495576509,110.83343505859375,12440400,112.68099101695408
2024-07-18 00:00:00+00:00,112.06842851230499,109.4452993569019,110.84331512451172,10837200,112.04867190154995
2024-07-19 00:00:00+00:00,110.93222948015107,108.86732071734203,109.109375,8472800,110.2554543894011
2024-07-22 00:00:00+00:00,111.82142234098023,110.08254672986703,111.69298553466797,10601600,110.55184346818474
2024-07-23 00:00:00+00:00,112.25120591427492,111.10018923410051,111.2483901977539,5530800,111.22863358691338
2024-07-24 00:00:00+00:00,110.14183313576612,106.38744410240697,106.64432525634766,14300800,109.7960283933094
2024-07-25 00:00:00+00:00,108.1213732658894,103.96685453055366,105.50318908691406,21158000,106.53069861122121
2024-07-26 00:00:00+00:00,107.6916117438211,105.93791655877853,106.84193420410156,11697800,106.92591299679523
2024-07-29 00:00:00+00:00,108.15596202784216,106.05646977657416,106.36769104003906,7343800,107.69160253562912
2024-07-30 00:00:00+00:00,106.8666273274301,102.8998225397289,103.69515991210938,10694600,106.76288439285263
2024-07-31 00:00:00+00:00,108.47706251083414,106.14539041279568,108.08680725097656,14614000,106.89626978448968
2024-08-01 00:00:00+00:00,109.04022642933106,102.94922739179277,104.0557861328125,16991400,107.79041151925881
2024-08-02 00:00:00+00:00,102.12424315215881,99.41713519628398,101.13130950927734,18621600,101.28938500955343
2024-08-05 00:00:00+00:00,99.64931422890058,94.23015355014743,97.76223754882812,31430000,94.80319325237181
2024-08-06 00:00:00+00:00,101.09673419678543,97.95984997627548,99.09110260009766,24575800,99.01206107465805
2024-08-07 00:00:00+00:00,101.98592725235547,97.35222924526208,97.48560333251953,17653600,101.49192905056366
2024-08-08 00:00:00+00:00,101.37830965554687,97.81164210310547,101.12637329101562,14477200,99.24917865218106
2024-08-09 00:00:00+00:00,102.16375525795355,100.45452589581375,101.58084106445312,9535600,101.06707877199202
2024-08-12 00:00:00+00:00,103.20115905586303,101.42276263645606,102.41075897216797,8580200,101.89700419423586
2024-08-13 00:00:00+00:00,105.59210149301629,103.55188678072346,105.5575180053711,9999600,103.68033112019037
2024-08-14 00:00:00+00:00,106.67396951947296,104.7078588492541,106.13551330566406,8922400,106.20961001845828
2024-08-15 00:00:00+00:00,109.29708809139285,107.27663751495938,109.18840789794922,9518800,107.50881724296956
2024-08-16 00:00:00+00:00,109.58362371125905,108.3140446947703,109.37120056152344,6706400,108.61044663557807
2024-08-19 00:00:00+00:00,111.17923078632448,108.66971909123642,111.1742935180664,13004200,109.1143219823295
2024-08-20 00:00:00+00:00,111.54972577211683,110.13195343364228,110.78402709960938,7221600,110.8828327640469
2024-08-21 00:00:00+00:00,111.82142177560301,110.50244761680868,111.43610382080078,7538800,110.85318208288614
2024-08-22 00:00:00+00:00,112.32035844001842,108.64501094932311,108.87225341796875,9083600,112.0585400200782
2024-08-23 00:00:00+00:00,111.11995750020863,109.22300620103492,110.6358413696289,10681000,109.95412143425125
2024-08-26 00:00:00+00:00,110.9519956964265,108.68948309785337,109.24769592285156,6268800,110.53703149105243
2024-08-27 00:00:00+00:00,110.14183244687197,108.03739547298161,109.90965270996094,7656000,108.57091438729972
2024-08-28 00:00:00+00:00,109.97881916747777,107.48412680686434,108.39308166503906,9002200,109.76639602666357
2024-08-29 00:00:00+00:00,109.94919139921842,107.13834022024143,107.41497802734375,13314800,108.42273111576148
2024-08-30 00:00:00+00:00,109.26251478356917,107.41496639851786,108.84262084960938,10048400,108.58573968318956
2024-09-03 00:00:00+00:00,107.77065284854372,103.25056463951863,103.84336853027344,14765800,107.69161132473447
2024-09-04 00:00:00+00:00,104.75726220466565,102.46511074617766,103.57660675048828,12330000,102.7911513831843
2024-09-05 00:00:00+00:00,104.70290876288843,102.73679819182308,103.41851806640625,8874800,102.83065904850497
2024-09-06 00:00:00+00:00,103.5815336449993,100.27174738232598,100.7361068725586,12441000,103.33453455766825
2024-09-09 00:00:00+00:00,102.49968763352508,101.04238693599461,102.38606262207031,10922000,101.9859252923592
2024-09-10 00:00:00+00:00,104.13975525429079,102.10942243035518,103.9174575805664,10123000,103.09248152343828
2024-09-11 00:00:00+00:00,107.62738340562825,102.62318685908969,107.46436309814453,12768800,104.27313900710435
2024-09-12 00:00:00+00:00,108.81297597690235,106.62950503103318,108.35355377197266,10604200,107.38532160699505
2024-09-13 00:00:00+00:00,109.16865789751725,108.0472799451833,108.89695739746094,8047400,108.48693801334213
2024-09-16 00:00:00+00:00,108.82779947328,107.47918656595411,108.48200225830078,6897800,108.11150362700579
2024-09-17 00:00:00+00:00,109.7367599136853,107.72124635191336,108.26958465576172,6990000,109.56880233465789
2024-09-18 00:00:00+00:00,109.30205202143465,107.17786553898364,107.28160095214844,12741600,108.54129801957035
2024-09-19 00:00:00+00:00,111.15452980087326,109.69229938250928,110.4678726196289,13934000,110.29497777615559
2024-09-20 00:00:00+00:00,110.42341867850824,108.94636132501769,109.9294204711914,14492800,110.03316341136629
2024-09-23 00:00:00+00:00,110.17141501028723,109.57260774373357,109.90912628173828,7490600,110.02790152822145
2024-09-24 00:00:00+00:00,110.88405104397476,109.18164360641092,110.6613540649414,7025800,110.36937341351204
2024-09-25 00:00:00+00:00,111.46306645736014,110.39411944535706,110.97808074951172,6111600,110.4436034678332
2024-09-26 00:00:00+00:00,113.2693953460306,111.26510756625244,112.44788360595703,9244800,113.14567397136965
2024-09-27 00:00:00+00:00,112.64088728506692,110.98301786413415,111.39872741699219,6093800,112.60624167593153
2024-09-30 00:00:00+00:00,111.79464072937346,110.35947568052707,111.72535705566406,5500400,110.91374507020224
2024-10-01 00:00:00+00:00,111.45813004250859,108.35519536628412,109.00349426269531,11295400,111.39379250118836
2024-10-02 00:00:00+00:00,110.30997415007107,108.40961565582275,109.81014251708984,4532400,109.02822252645203
2024-10-03 00:00:00+00:00,111.07211539663756,109.47363716513992,110.26544952392578,5784800,109.48848312771155
2024-10-04 00:00:00+00:00,111.76990194943271,110.31988339416252,111.49275970458984,5009200,111.69071845090618
2024-10-07 00:00:00+00:00,111.730302086247,110.44854289491228,110.7256851196289,4430400,110.99291996855663
2024-10-08 00:00:00+00:00,112.98235516109592,111.27004809942106,112.79429626464844,7864800,111.52244452388544
2024-10-09 00:00:00+00:00,114.21462622490017,112.53201847174489,114.05626678466797,7579800,112.88339051473018
2024-10-10 00:00:00+00:00,114.32349995896952,112.97741075574135,114.02657318115234,5692200,113.29413718289187
2024-10-11 00:00:00+00:00,114.4818603893799,113.58611886788292,114.22451782226562,8849000,113.7543781208082
2024-10-14 00:00:00+00:00,115.95169243816346,114.89758374056731,115.71414947509766,9810200,114.95202145620267
2024-10-15 00:00:00+00:00,116.08529293978695,112.74976202083072,113.17041015625,14179400,115.80320458601759
2024-10-16 00:00:00+00:00,113.69499486292808,112.29941416050659,113.52178192138672,5758800,113.52672805778525
2024-10-17 00:00:00+00:00,115.16975348321084,113.86820220947266,113.86820220947266,6051200,115.1054159521581
2024-10-18 00:00:00+00:00,114.69466549553455,114.03152071048808,114.27401733398438,4537000,114.46206869682584
2024-10-21 00:00:00+00:00,114.82334052937114,113.70984810874477,114.8084945678711,6322400,113.91769912109923
2024-10-22 00:00:00+00:00,115.08066873965802,113.87315448491101,114.68971252441406,6169200,114.19977316990024
2024-10-23 00:00:00+00:00,114.43733422519256,112.08167423762993,113.04669952392578,6083600,114.26412126680565
2024-10-24 00:00:00+00:00,113.66036147175221,112.70523600078945,113.37828063964844,4832800,113.5069481620207
2024-10-25 00:00:00+00:00,115.24893752731923,113.80387277510054,113.96717834472656,8314800,114.0216160517197
2024-10-28 00:00:00+00:00,114.78374456124497,113.90779510817987,113.93254089355469,5899200,114.78374456124497
2024-10-29 00:00:00+00:00,115.79826244684789,113.72469096527848,115.46669006347656,7451600,114.15029280315206
2024-10-30 00:00:00+00:00,114.71942301555775,113.55644645441642,113.63067626953125,8341200,114.41259637794376
2024-10-31 00:00:00+00:00,112.38355831903624,109.94377616955438,109.98336791992188,12110200,112.38355831903624
2024-11-01 00:00:00+00:00,111.63628002076429,109.95366466900302,110.80982208251953,11565800,110.10213183994578
2024-11-04 00:00:00+00:00,111.52245108122465,110.25553785086628,110.7256851196289,6311800,110.91373647578045
2024-11-05 00:00:00+00:00,112.37365210173313,111.06714715577873,112.2845687866211,7273000,111.06714715577873
2024-11-06 00:00:00+00:00,115.69433401004348,114.11070188713221,115.48153686523438,10967800,114.45217409750364
2024-11-07 00:00:00+00:00,117.62934111519468,116.22881417959579,117.49571990966797,10463000,116.28325188915453
2024-11-08 00:00:00+00:00,117.75306792173117,116.94145592904647,117.36705780029297,7236400,117.34725814971175
2024-11-11 00:00:00+00:00,117.42644032694369,116.02096720567044,116.71875762939453,7267200,117.35221051648541
2024-11-12 00:00:00+00:00,117.01566991264977,115.94671546647639,116.86720275878906,7530800,116.63955966737535
2024-11-13 00:00:00+00:00,117.32251404718787,116.10014620663603,116.46141052246094,6329600,116.61976996242173
2024-11-14 00:00:00+00:00,116.85236450263169,115.87743944133825,116.06549835205078,6602000,116.64946718204324
2024-11-15 00:00:00+00:00,114.77878892988083,112.80914677932194,113.18526458740234,11229800,114.63032932285263
2024-11-18 00:00:00+00:00,114.0315150600375,112.69532573136738,113.55147552490234,6166800,113.18526509079956
2024-11-19 00:00:00+00:00,114.57590201915104,112.83884894567565,114.48187255859375,6906800,112.83884894567565
2024-11-20 00:00:00+00:00,114.62043172114988,112.85864053762178,114.38288879394531,8874400,114.58083997472353
2024-11-21 00:00:00+00:00,116.0852912052511,113.72468534035224,115.54586029052734,10591800,115.49142258542139
2024-11-22 00:00:00+00:00,115.87249761978505,114.92231830894089,115.60526275634766,7090800,115.33802034155636
2024-11-25 00:00:00+00:00,116.67915798076585,115.07572622123394,115.60030364990234,11137200,116.47625311077795
2024-11-26 00:00:00+00:00,116.54060080668002,115.6844433688023,116.17932891845703,6229400,116.12489120594084
2024-11-27 00:00:00+00:00,115.46174835083146,113.59108154534226,114.60559844970703,6369400,115.39246467475239
2024-11-29 00:00:00+00:00,115.91208279592666,114.75899867096595,115.66958618164062,4168400,114.87282022196192
2024-12-02 00:00:00+00:00,117.20374357481383,115.72403308881688,116.76824188232422,9398200,115.75372501305861
2024-12-03 00:00:00+00:00,117.21859573440533,116.04571935672125,117.18890380859375,5576000,116.2733624888463
2024-12-04 00:00:00+00:00,119.3911251757295,118.30732473793847,119.33174133300781,10840000,118.65374307273727
2024-12-05 00:00:00+00:00,119.28225857339393,118.56467606587698,118.72798919677734,5638000,119.14369122923979
2024-12-06 00:00:00+00:00,119.7029022909237,118.80716078054905,119.18821716308594,6654200,118.93582828683192
2024-12-09 00:00:00+00:00,119.16842908848274,118.10937442784014,118.4112548828125,8032400,118.74282725936357
2024-12-10 00:00:00+00:00,118.33208200412409,116.39707772659442,116.76824188232422,11234400,118.01040942303322
2024-12-11 00:00:00+00:00,118.8368569467579,117.28786292294582,118.46073913574219,8689600,117.6936726555989
2024-12-12 00:00:00+00:00,118.23310146677612,117.41653582747178,117.79759979248047,7218200,117.7035703354072
2024-12-13 00:00:00+00:00,119.32680020377616,117.36210398585632,118.3023910522461,8677000,118.86160658322126
2024-12-16 00:00:00+00:00,119.58908255779214,118.20340914669498,119.48516082763672,9442600,118.45579804271188
2024-12-17 00:00:00+00:00,119.2278202515179,118.18361148755645,118.76262664794922,8145000,118.63890526620665
2024-12-18 00:00:00+00:00,119.49011998284072,114.66498565044131,114.9322280883789,16927200,119.16349369263013
2024-12-19 00:00:00+00:00,116.47625776466113,114.90747155255174,115.05593872070312,13383400,116.10014748318429
2024-12-20 00:00:00+00:00,117.713472848877,113.91770172765307,116.773193359375,14924800,114.27401991451472
2024-12-23 00:00:00+00:00,118.06000210988452,116.48369130290438,118.01043701171875,7973400,117.10826599862224
2024-12-24 00:00:00+00:00,119.23480500994684,118.25332828639502,119.22985076904297,4653400,118.43177928737958
2024-12-26 00:00:00+00:00,119.74538120050512,118.46648359984809,119.30916595458984,7150800,118.84816437629726
2024-12-27 00:00:00+00:00,118.6598197935926,116.56301834349516,117.72295379638672,8726400,118.506155102771
2024-12-30 00:00:00+00:00,117.15287905799232,115.28906341720547,116.2259292602539,7950400,116.00782164579161
2024-12-31 00:00:00+00:00,116.6224958696609,114.88259663915798,115.25933074951172,9381200,116.54318262919412
2025-01-02 00:00:00+00:00,116.49857759606134,113.90112556878006,114.98670196533203,12766600,116.17141613556373
2025-01-03 00:00:00+00:00,116.98435195809584,115.46256035923848,116.86042785644531,9117600,115.69058403431528
2025-01-06 00:00:00+00:00,119.4925687245888,117.88155548187724,118.3475112915039,8975400,118.19384662316459
2025-01-07 00:00:00+00:00,118.96713992868753,115.56666220984346,115.97313690185547,10006800,118.96713992868753
2025-01-08 00:00:00+00:00,116.26063319271097,114.81816238159976,115.93347930908203,10023800,116.24080866426227
2025-01-10 00:00:00+00:00,114.7338886414118,112.73622525051474,113.4054183959961,11665800,114.71405655031778
2025-01-13 00:00:00+00:00,112.6817149767036,111.25906109342829,112.60240173339844,10656000,111.58126830795781
2025-01-14 00:00:00+00:00,113.78710390474275,112.00259393692507,112.8998031616211,7220200,113.47481276944306
2025-01-15 00:00:00+00:00,115.48239457345875,114.06470252197414,115.14531707763672,10465400,114.44142907497331
2025-01-16 00:00:00+00:00,116.15653658494679,114.23323216127714,114.25801849365234,5368400,116.08217758782119
2025-01-17 00:00:00+00:00,116.45890661776218,115.53691106511492,116.04747772216797,6742600,116.32011223897454
2025-01-21 00:00:00+00:00,117.30159631261891,115.6261400528109,117.01409149169922,6744200,116.43412760877956
2025-01-22 00:00:00+00:00,119.93373958500378,118.42682589325777,119.6561508178711,10243800,118.59536084991309
2025-01-23 00:00:00+00:00,119.89408724098621,118.62015141131879,119.86930847167969,7604400,118.73415946680025
2025-01-24 00:00:00+00:00,120.24603126007548,118.23845936672444,118.62014770507812,6607600,120.24603126007548
2025-01-27 00:00:00+00:00,114.4959525229819,111.76466807789625,112.80563354492188,20705600,113.30628418671844
2025-01-28 00:00:00+00:00,116.0722707764657,112.36941806537187,115.81450653076172,11260600,113.56900244507533
2025-01-29 00:00:00+00:00,115.64101935516926,113.75737893096498,114.87269592285156,9050000,115.58649244412793
2025-01-30 00:00:00+00:00,115.4823893157367,113.8812920837267,115.08583068847656,8840200,114.66944753353044
2025-01-31 00:00:00+00:00,116.85051524277262,114.10436039757278,114.41168975830078,10741800,116.15654327863608
2025-02-03 00:00:00+00:00,113.55908912072336,111.28384440672227,112.87007141113281,13752800,111.87867858791034
2025-02-04 00:00:00+00:00,114.67440743378585,113.2170587558265,114.49595642089844,8371200,113.25671537688227
2025-02-05 00:00:00+00:00,116.1119292774695,114.23819746122153,116.08714294433594,5398000,114.60005372104537
2025-02-06 00:00:00+00:00,116.64232058579103,115.5716145289457,116.40438842773438,6808000,116.08714302908321
2025-02-07 00:00:00+00:00,117.43543166523891,115.02138514176376,115.40803527832031,8552800,116.87529233323257
2025-02-10 00:00:00+00:00,117.38585809565612,116.28541153110109,117.09339904785156,6054200,116.32011390815916
2025-02-11 00:00:00+00:00,117.61883637856995,116.36472514293695,117.1479263305664,6456200,116.444038378989
2025-02-12 00:00:00+00:00,117.03392072690188,115.36838055363387,116.89512634277344,8555600,115.49725889211696
2025-02-13 00:00:00+00:00,118.62510216560979,116.93973746105264,118.55075073242188,7829600,117.10331817779273
2025-02-14 00:00:00+00:00,119.05140064331012,118.23350462829163,118.95226287841797,4557000,118.45161224929032
2025-02-18 00:00:00+00:00,120.05271208374683,119.01174662035837,120.037841796875,6024000,119.56693173057138
2025-02-19 00:00:00+00:00,120.52361660014223,119.06626804399752,120.04774475097656,5604200,119.90399612992604
2025-02-20 00:00:00+00:00,120.09237589136025,118.40204925430614,119.66607666015625,5987400,119.93374940359725
2025-02-21 00:00:00+00:00,119.75034357261785,116.36473607335809,116.4242172241211,9057600,119.70077090449722
2025-02-24 00:00:00+00:00,117.20245409536369,114.61491836904845,114.7586669921875,7447600,116.87529266704186
2025-02-25 00:00:00+00:00,114.61988611324321,112.49830594755451,113.27159118652344,10433600,114.51579409615832
2025-02-26 00:00:00+00:00,115.58647381124042,113.62847469830926,114.505859375,7630600,114.38193528476732
2025-02-27 00:00:00+00:00,115.2494200919709,110.28750154557667,110.33706665039062,10100000,115.13045022570833
2025-02-28 00:00:00+00:00,111.9084111248105,108.90449229639326,111.79440307617188,14172200,109.84135814450087
2025-03-03 00:00:00+00:00,112.59743971601958,107.59091037052595,108.39393615722656,12516200,112.36942359660623
2025-03-04 00:00:00+00:00,110.22305024467042,106.20790643607494,108.30966186523438,17721000,107.59090360816465
2025-03-05 00:00:00+00:00,110.18834585381047,107.18938878206828,109.83145141601562,11931000,108.64672979726637
2025-03-06 00:00:00+00:00,109.27628100789427,106.26740748627968,106.78292846679688,16432000,107.57604581314536
2025-03-07 00:00:00+00:00,108.60213284984185,105.39993803519936,108.32949829101562,11263400,106.65900368360475
2025-03-10 00:00:00+00:00,106.38635147719454,102.64880421168361,103.7244644165039,21561800,106.1880759566081
2025-03-11 00:00:00+00:00,105.04302262399266,102.25720380058269,103.3031234741211,14832800,103.40722304287537
2025-03-12 00:00:00+00:00,105.841103288059,103.67490475715498,104.92901611328125,10981600,105.14712375151665
2025-03-13 00:00:00+00:00,104.85962212696442,102.53481216498082,102.93632507324219,12383000,104.62665175759967
2025-03-14 00:00:00+00:00,106.15833206130353,104.24989808957135,106.04927825927734,10040800,104.28460046463697
2025-03-17 00:00:00+00:00,107.546302452163,105.65769267098217,106.78787994384766,10148800,105.96502960569288
2025-03-18 00:00:00+00:00,106.13850980915143,104.77534472120426,105.1619873046875,11486600,106.02945599701751
2025-03-19 00:00:00+00:00,107.77926267982882,105.26113166927111,106.53011322021484,8838600,105.70230115477462
2025-03-20 00:00:00+00:00,106.93658768840166,105.1619935785741,105.7717056274414,7145200,105.32062006522395
2025-03-21 00:00:00+00:00,106.20295272820735,104.06650247395288,106.0592041015625,10425400,104.45314505731683
2025-03-24 00:00:00+00:00,108.3260345745425,107.54146576939381,108.06782531738281,8200200,107.82450487970546
2025-03-25 00:00:00+00:00,108.56934738947082,107.9436760498103,108.42534637451172,7481800,107.99829869210656
2025-03-26 00:00:00+00:00,108.35086042250342,105.58995057902827,106.00706481933594,7873000,108.09264359788135
2025-03-27 00:00:00+00:00,105.87795627465547,104.47267155272428,105.02882385253906,6577800,105.28207772813865
2025-03-28 00:00:00+00:00,104.90468582973857,102.13384253599222,102.4814453125,10667600,104.48260865070452
2025-03-31 00:00:00+00:00,102.76448438392678,99.6758386833288,102.53109741210938,14219000,100.69380200638243
2025-04-01 00:00:00+00:00,103.37029267883264,101.2896769200638,103.28091430664062,9480200,102.12391294555655
2025-04-02 00:00:00+00:00,104.9046820795688,101.7266581163042,104.04562377929688,9292000,101.8061106096375
2025-04-03 00:00:00+00:00,99.66094578085094,96.86528011469126,96.9447250366211,19451400,99.06010425303103
2025-04-04 00:00:00+00:00,94.66547721829727,90.52411267857342,90.55886840820312,33804600,93.92062715387182
2025-04-07 00:00:00+00:00,95.24647143751054,85.63293841715407,91.10014343261719,44557800,86.86442189160664
2025-04-08 00:00:00+00:00,95.75792228829172,87.6142312963238,89.24793243408203,25811400,94.4916756656913
2025-04-09 00:00:00+00:00,101.78623955696784,89.31744947660258,101.23008728027344,36988800,89.43166527250028
2025-04-10 00:00:00+00:00,98.41952109966799,93.22046700319576,96.51766967773438,19747600,97.74916058265133
2025-04-11 00:00:00+00:00,98.91608808672852,95.31597940392008,98.49401092529297,14423200,96.03599962508042
2025-04-14 00:00:00+00:00,101.612437686852,98.32019831851441,99.39278411865234,11904400,101.54788159664746
2025-04-15 00:00:00+00:00,100.51007069950705,99.28851324553455,99.75528717041016,7200000,99.54673005914788
2025-04-16 00:00:00+00:00,98.1116599379884,94.61582575477733,96.28926086425781,13222400,97.07880018281274
2025-04-17 00:00:00+00:00,96.97948445322544,95.36067205464597,95.76786041259766,7480800,96.97948445322544
2025-04-21 00:00:00+00:00,94.49167236016955,91.95918678056715,93.29495239257812,8973400,94.25332246989075
2025-04-22 00:00:00+00:00,96.12041845861738,93.98518016203556,95.56922912597656,9312800,94.53636949467638
2025-04-23 00:00:00+00:00,100.28165037955395,97.93785478976284,98.34007263183594,13413800,99.2338942681134
2025-04-24 00:00:00+00:00,102.1487502517459,99.14948281585579,102.00970458984375,9317000,99.30838781402547
2025-04-25 00:00:00+00:00,103.71292493796945,101.60251638823144,103.5192642211914,6518400,101.70182821634717
2025-04-28 00:00:00+00:00,103.89665986243384,101.80611807032103,103.3504409790039,5574400,103.38519671175499
2025-04-29 00:00:00+00:00,104.26411817968771,102.85387046771832,103.83210754394531,9144400,102.85387046771832
2025-04-30 00:00:00+00:00,104.65143581374467,101.20029863920284,104.26411437988281,10203800,101.79121424591708
2025-05-01 00:00:00+00:00,107.53151671564018,105.6991844431073,105.79353332519531,11532800,106.54334628877928
2025-05-02 00:00:00+00:00,108.06283943799113,106.717147966347,107.56130981445312,8125400,107.0051575525491
2025-05-05 00:00:00+00:00,107.75498196331304,106.58308416053958,106.99027252197266,6757000,106.63770680470726
2025-05-06 00:00:00+00:00,106.88103098315537,105.0784912393938,106.1014175415039,7958200,105.40125659906674
2025-05-07 00:00:00+00:00,107.63083642855102,105.37145633990903,107.1640625,8169400,106.10141002357808
2025-05-08 00:00:00+00:00,109.21488557763332,107.26337442855241,108.1869888305664,8704400,108.22671507739577
2025-05-09 00:00:00+00:00,108.86728656938047,107.49675762137807,108.05291748046875,7330000,108.66865534220287
2025-05-12 00:00:00+00:00,113.10797118243556,111.4990922206492,113.06824493408203,13478200,112.63623429587385
2025-05-13 00:00:00+00:00,115.88874811043637,113.34632125136459,115.5113525390625,12757200,113.47543345294287
2025-05-14 00:00:00+00:00,116.71800225074026,115.58086028507284,116.26116180419922,10248000,116.05260470319178
2025-05-15 00:00:00+00:00,117.07553854561635,115.4914894849993,116.4200668334961,9536400,115.6305275614478
2025-05-16 00:00:00+00:00,116.79747006242785,115.6305351545275,116.63856506347656,8111600,116.79747006242785
2025-05-19 00:00:00+00:00,116.73290631990783,114.87574404549531,116.4697265625,11863000,114.91547029263324
2025-05-20 00:00:00+00:00,116.05261990409115,115.15382771084785,116.03275299072266,10273200,115.7447433629386
2025-05-21 00:00:00+00:00,116.54918268381932,113.39101791963557,113.85282135009766,18643600,114.94526666086409
2025-05-22 00:00:00+00:00,114.90554040604816,113.62936782650368,113.88261413574219,11372000,113.90744398810058
2025-05-23 00:00:00+00:00,113.36121362401992,111.77717214563017,112.62629699707031,12004000,111.90131382612198
2025-05-27 00:00:00+00:00,115.4617004037785,113.9968300374814,115.30279541015625,14208400,114.37918097149657
2025-05-28 00:00:00+00:00,115.90364449663537,114.65725713108257,114.82609558105469,10789200,115.441833488811
2025-05-29 00:00:00+00:00,116.68324647871115,114.42883688959972,115.0197525024414,14011800,116.5640753144452
2025-05-30 00:00:00+00:00,115.01975246260581,112.9292032250841,114.66222381591797,13494000,114.96512982000053
2025-06-02 00:00:00+00:00,115.74472807900521,114.22027227909707,115.67520904541016,12878800,114.35931034628719
2025-06-03 00:00:00+00:00,117.50258632878462,115.74473588264058,117.41320037841797,14312400,115.82915131648265
2025-06-04 00:00:00+00:00,117.95446780699785,117.00603103003876,117.5870132446289,10899200,117.56218339060212
2025-06-05 00:00:00+00:00,118.96249372162623,116.74780279840564,117.25430297851562,15885200,117.93459696584482
2025-06-06 00:00:00+00:00,118.90787500488122,118.02397923601252,118.36164855957031,9026000,118.38647841199483
2025-06-09 00:00:00+00:00,119.67754358406899,118.73406983800604,118.942626953125,11100600,118.82344821148263
2025-06-10 00:00:00+00:00,119.78678892120499,118.47585307060245,119.60802459716797,9831600,118.92276766919846
2025-06-11 00:00:00+00:00,120.38266360657975,118.72910313364109,119.34484100341797,9599600,119.89603035339975
2025-06-12 00:00:00+00:00,120.7302703677623,119.30015577400815,120.45219421386719,11210400,119.32001510914054
2025-06-13 00:00:00+00:00,119.96555317411926,118.32688146758588,118.76386260986328,13193800,119.05683515888705
2025-06-16 00:00:00+00:00,121.04310605224039,119.47892384897334,120.68557739257812,13866200,119.47892384897334
2025-06-17 00:00:00+00:00,121.02820965015205,119.5484428836834,119.83148956298828,10525400,120.17908476625176
2025-06-18 00:00:00+00:00,120.73027029909056,119.36471180505555,119.9754867553711,11066000,120.12445828830357
2025-06-20 00:00:00+00:00,120.80971899820594,118.88304519685916,119.44416046142578,11490600,120.40253821091885
2025-06-23 00:00:00+00:00,120.91046260343762,118.75179308672833,120.80601501464844,12277000,119.56254074148899
2025-06-24 00:00:00+00:00,123.12385074030851,121.89032633182568,122.97463989257812,11329400,122.03457360405172
2025-06-25 00:00:00+00:00,124.20816354569396,123.50187104232711,124.02413177490234,9228600,123.61129738970725
2025-06-26 00:00:00+00:00,125.07859152090813,124.08878326149123,124.879638671875,11288400,124.5812018087606
2025-06-27 00:00:00+00:00,125.69536025067482,124.16339899294155,124.73042297363281,12196600,125.21786277714094
2025-06-30 00:00:00+00:00,126.29719486687655,125.21786010167345,125.95399475097656,13365200,125.82467615799072
2025-07-01 00:00:00+00:00,125.81473220111053,123.97439169585537,124.82990264892578,15144800,125.55111624820029
2025-07-02 00:00:00+00:00,126.23252744439597,124.42700801116602,126.1479721069336,11950200,124.51653451333875
2025-07-03 00:00:00+00:00,128.1922496520312,126.78462833578482,127.80924987792969,7112800,126.83437034037148
2025-07-07 00:00:00+00:00,127.65009701367177,126.22755461062306,126.7945785522461,11560800,127.31683924337466
2025-07-08 00:00:00+00:00,127.71973692845441,126.94878131294729,127.47602081298828,15715200,127.461099727942
2025-07-09 00:00:00+00:00,128.72445778751091,127.29198050670577,128.2419891357422,12933600,127.9286463520876
2025-07-10 00:00:00+00:00,128.6747247804179,127.14773471904296,127.8192138671875,9988600,128.56031968198073
2025-07-11 00:00:00+00:00,128.00324858793527,127.0532323930007,127.25716400146484,9239000,127.2123931582073
2025-07-14 00:00:00+00:00,127.46606032916276,125.93907780839153,127.1527099609375,8125200,126.943807185599
2025-07-15 00:00:00+00:00,128.93834212870988,128.23702080446947,128.2817840576172,15657000,128.63492650742464
2025-07-16 00:00:00+00:00,128.75429292060227,126.73987066869428,128.6796875,17782600,128.32654505639636
2025-07-17 00:00:00+00:00,130.05248812121349,128.5802188293129,129.8485565185547,11955000,128.83387725968367
2025-07-18 00:00:00+00:00,130.39072360803348,129.415843920666,129.76402282714844,10281000,130.34596035076535
2025-07-21 00:00:00+00:00,130.81845845040544,129.7590160531002,129.93310546875,9246600,129.90822687844135
2025-07-22 00:00:00+00:00,129.92316343462772,127.80429356679076,128.72943115234375,13448800,129.83363692876057
2025-07-23 00:00:00+00:00,129.63468685740384,128.29670727867443,129.465576171875,10091800,129.06269170770605
2025-07-24 00:00:00+00:00,130.2663537266563,129.28153187814567,130.0126953125,12159600,129.78388513148198
2025-07-25 00:00:00+00:00,130.63942103994503,129.70432583663165,130.31114196777344,8002000,129.9729205646141
2025-07-28 00:00:00+00:00,131.38548315262355,130.53992978983626,131.3506622314453,11517600,130.8085092925947
2025-07-29 00:00:00+00:00,132.9373629949729,131.1318508174387,131.3556671142578,13739000,132.20619940043377
2025-07-30 00:00:00+00:00,132.09675660378963,130.6145449366187,131.64910888671875,13934600,131.49491928616243
2025-07-31 00:00:00+00:00,133.3054271913949,130.04751533294424,130.68417358398438,16414400,133.3054271913949
2025-08-01 00:00:00+00:00,129.3064180692097,127.2223537354194,127.8639907836914,19438000,129.26165481176716
2025-08-04 00:00:00+00:00,130.4852210810798,129.0676573024302,130.46035766601562,12377000,129.0676573024302
2025-08-05 00:00:00+00:00,131.05721289613794,129.082575094084,129.38101196289062,11176000,130.942822974805
2025-08-06 00:00:00+00:00,131.00747423638848,129.420799953332,130.83834838867188,10167000,129.50534769806197
2025-08-07 00:00:00+00:00,132.50958652791107,129.86844854029297,130.95773315429688,10318000,132.2957126084089
2025-08-08 00:00:00+00:00,132.4150952475732,131.10695782190137,132.26588439941406,11015800,131.45015795179742
2025-08-11 00:00:00+00:00,132.77819640765972,131.06717449748413,131.37057495117188,9425400,132.1813226514105
2025-08-12 00:00:00+00:00,133.4397128910123,131.29596442151552,133.40489196777344,11153800,132.02712791388393
2025-08-13 00:00:00+00:00,134.3200888824779,132.9671882261543,133.4546356201172,13990200,134.1758567915043
2025-08-14 00:00:00+00:00,133.62374298847124,132.46979521454264,133.16615295410156,15484400,132.77818958621015
2025-08-15 00:00:00+00:00,132.98709601137062,131.62923169848204,132.15646362304688,13373200,132.98709601137062
2025-08-18 00:00:00+00:00,132.5593405208958,131.8629827623092,132.43995666503906,12233800,131.99230894818325
2025-08-19 00:00:00+00:00,132.4200648566498,129.88337435923052,130.12709045410156,17367000,132.39022268907902
2025-08-20 00:00:00+00:00,129.79881465324274,127.25218176313658,129.24671936035156,23064200,129.79881465324274
2025-08-21 00:00:00+00:00,129.45065396552718,128.22210074444797,128.7791748046875,15148600,128.93336440424918
2025-08-22 00:00:00+00:00,131.3755412751911,128.2817767955941,130.52500915527344,13756000,128.6398979796324
2025-08-25 00:00:00+00:00,131.0472786035159,129.87343089531734,130.23155212402344,10691800,130.52004668057785
2025-08-26 00:00:00+00:00,131.00250435145492,130.15197219684245,130.8284149169922,11081000,130.34096753632238
2025-08-27 00:00:00+00:00,131.68392458517675,130.3558873921298,131.5347137451172,11538600,130.95773986500484
2025-08-28 00:00:00+00:00,132.85774984842087,131.03731698123292,132.57424926757812,12380600,131.69385982126028
2025-08-29 00:00:00+00:00,132.01718026051395,130.06242721214602,130.53993225097656,17481200,131.99230166814817
2025-09-02 00:00:00+00:00,129.34121611992035,127.47102607328104,129.22183227539062,18226000,128.23203167347145
2025-09-03 00:00:00+00:00,130.25143502455154,129.02288188937848,129.9927978515625,15636600,129.88337151315778
2025-09-04 00:00:00+00:00,130.68913550924057,128.9333505851112,130.63442993164062,24397400,129.46058241983823
2025-09-05 00:00:00+00:00,131.92269245693473,129.4158437983705,130.74386596679688,38561800,131.87295044475124
2025-09-08 00:00:00+00:00,132.20122946708292,131.40042405484363,131.72372436523438,20556000,131.43026622631777
2025-09-09 00:00:00+00:00,132.11665498903503,131.04229137241023,131.97738647460938,19355000,132.01718615251934
2025-09-10 00:00:00+00:00,135.2750801867083,133.72819029373613,134.3698272705078,25957200,134.64836429408805
2025-09-11 00:00:00+00:00,135.4044166737131,134.60361128562766,134.8224639892578,23429200,135.215406140657
2025-09-12 00:00:00+00:00,135.22035761019652,134.4444308864777,134.73292541503906,15612200,135.09104660899612
2025-09-15 00:00:00+00:00,135.9764058899695,134.7826735819256,135.94656372070312,16268000,134.9468055128906
2025-09-16 00:00:00+00:00,136.35443437858308,135.30991285988517,135.4740447998047,16081400,136.2599291110404
2025-09-17 00:00:00+00:00,135.5486379463226,133.60882111827732,135.00648498535156,18948600,135.38450602127347
2025-09-18 00:00:00+00:00,137.74213312078828,136.09577434274476,137.33924865722656,20882600,136.75731117836176
2025-09-19 00:00:00+00:00,138.86125985930232,137.44369610644242,138.73194885253906,15670800,137.8913590024938
2025-09-22 00:00:00+00:00,140.8874097901948,138.4719664659045,140.77285766601562,15771200,138.52674235227067
2025-09-23 00:00:00+00:00,140.8077204022412,138.94011197373962,139.5576629638672,16456400,140.5786161586602
2025-09-24 00:00:00+00:00,139.93119268930818,137.76974890103972,138.69607543945312,13471000,139.93119268930818
2025-09-25 00:00:00+00:00,138.79568280129888,136.584433150806,138.45204162597656,21349600,137.4360583598655
2025-09-26 00:00:00+00:00,138.99489908432523,137.6452448732802,138.87039184570312,16534000,138.6014519546609
2025-09-29 00:00:00+00:00,140.40433672838887,139.2887414781197,139.61245727539062,16107400,139.6672483664823
2025-09-30 00:00:00+00:00,140.51389812435107,139.31861646097641,140.3744354248047,18215200,139.6124517236541
2025-10-01 00:00:00+00:00,141.84862005579865,139.61744471732575,141.74900817871094,17411200,139.65729554761626
2025-10-02 00:00:00+00:00,143.09864603128875,141.87349911686573,142.51596069335938,17607800,143.06876551132504
2025-10-03 00:00:00+00:00,143.37258627875266,141.31073899060902,141.79881286621094,17458000,142.64546821807096
2025-10-06 00:00:00+00:00,144.14949518967745,143.15842247927827,143.23312377929688,17945600,143.71122729805265
2025-10-07 00:00:00+00:00,144.1793754076684,141.5248878949896,142.2769012451172,15588400,143.9701965694177
2025-10-08 00:00:00+00:00,144.77701884436692,142.53090346284725,144.77203369140625,14037800,142.60560476407178
2025-10-09 00:00:00+00:00,144.8367753791425,143.7759713388467,144.5279998779297,11989400,144.7072829952907
2025-10-10 00:00:00+00:00,145.09576773124405,138.59151017597654,138.64630126953125,44574600,144.83181296792512
2025-10-13 00:00:00+00:00,142.49603707230452,140.9969651078484,142.02291870117188,22030400,141.80378475292457
2025-10-14 00:00:00+00:00,141.62947492899593,138.571569887209,140.20013427734375,26956800,140.16028345019228
2025-10-15 00:00:00+00:00,142.72513557089158,139.84652873151722,141.58963012695312,20937600,142.16734555613417
2025-10-16 00:00:00+00:00,143.24307652369345,140.72803653985224,141.6942138671875,23166200,142.61058526245296
2025-10-17 00:00:00+00:00,142.3665497574576,139.95609143949193,141.9432373046875,25511600,140.8525526775265
2025-10-20 00:00:00+00:00,144.13954335159264,142.67035189048008,143.52696228027344,13805200,142.75502349817936
2025-10-21 00:00:00+00:00,144.11463853526766,142.90941695651532,143.60166931152344,12503800,143.43732644119822
2025-10-22 00:00:00+00:00,143.8506815330566,140.39435936959308,142.18228149414062,20723200,143.53692085963615
2025-10-23 00:00:00+00:00,144.20426299028463,141.62447691673037,143.9751739501953,11923400,141.62447691673037
2025-10-24 00:00:00+00:00,146.7043932300745,145.45932083996007,146.21133422851562,14359600,145.67346964338674
2025-10-27 00:00:00+00:00,149.04013691179728,148.0241536767686,148.91064453125,15167000,148.263213025786
2025-10-28 00:00:00+00:00,150.97249708955212,149.11982886257104,150.3848114013672,15055200,149.6327980523693
2025-10-29 00:00:00+00:00,152.3918721977498,150.33999537369786,151.46554565429688,21506200,151.74942580095654
2025-10-30 00:00:00+00:00,151.3808722964715,149.5531145985157,149.60292053222656,19218600,150.60394836622066
2025-10-31 00:00:00+00:00,151.22152164443403,148.880779438511,149.74734497070312,16303800,151.1119546646113
2025-11-03 00:00:00+00:00,151.5103699918333,149.53817957662088,150.35992431640625,13983600,151.18166905619162
2025-11-04 00:00:00+00:00,148.61184526401036,146.1466109210503,146.39064025878906,16722600,147.64069786780368
2025-11-05 00:00:00+00:00,148.15366015449294,145.90754468645042,146.96336364746094,14447000,146.13166379739448
2025-11-06 00:00:00+00:00,146.8886467519458,143.26798207682455,144.01004028320312,24797400,146.7292738543527
2025-11-07 00:00:00+00:00,143.54688959992262,140.24495523263298,143.51202392578125,25547000,142.7799207619992
2025-11-10 00:00:00+00:00,147.46139011354595,145.31987170608562,147.1824951171875,18286400,146.07687023925317
2025-11-11 00:00:00+00:00,146.4752793736569,144.95629723666033,145.92745971679688,14871600,146.21132465218625
2025-11-12 00:00:00+00:00,147.1476299126462,145.49915529730131,146.38067626953125,13179200,147.1476299126462
2025-11-13 00:00:00+00:00,145.76311233988991,141.9531938362771,142.73011779785156,22385800,145.56390379565195
2025-11-14 00:00:00+00:00,144.80689772287403,139.59253417560754,143.5070343017578,27429600,140.09553306390734
2025-11-17 00:00:00+00:00,143.7162196602338,140.1204499854737,141.2609405517578,24675400,142.16237174735357
2025-11-18 00:00:00+00:00,140.76291939174976,137.69007387178866,138.96502685546875,36747600,140.04077128519353
2025-11-19 00:00:00+00:00,141.49998631135145,138.6163943645364,139.9311981201172,27668800,138.9749758252732
2025-11-20 00:00:00+00:00,143.68633565483097,135.22481355190342,135.53857421875,56551800,143.1534410364927
2025-11-21 00:00:00+00:00,137.87432555961206,133.21278212417783,136.06150817871094,44959000,135.76268778444646
2025-11-24 00:00:00+00:00,139.7967241277261,136.89320700864704,139.3036651611328,20124800,136.9778786125708
2025-11-25 00:00:00+00:00,140.0357817828216,136.11629623061478,139.6772003173828,21303400,138.07853158334396
2025-11-26 00:00:00+00:00,141.933268746237,140.23498816521803,141.33065795898438,13358800,141.3256728058098
2025-11-28 00:00:00+00:00,142.57074803022297,141.24598914377208,142.5458526611328,6792200,141.6294811784993
2025-12-01 00:00:00+00:00,143.038893313281,140.72804684270088,142.610595703125,12846600,141.1613296060198
2025-12-02 00:00:00+00:00,144.94136852691435,143.07874506843473,144.07977294921875,15719000,143.49708757361336
2025-12-03 00:00:00+00:00,144.52302801114428,142.66537448165087,144.4234161376953,11623200,143.38253741429702
2025-12-04 00:00:00+00:00,145.22025803165195,143.92537973685995,144.96128845214844,9995200,144.6176472647211
2025-12-05 00:00:00+00:00,146.72930265946968,145.1156935508135,146.02210998535156,6628000,145.6336479703551
2025-12-08 00:00:00+00:00,147.7950781032685,146.3408268618178,147.04803466796875,8272800,146.84881092631207
2025-12-09 00:00:00+00:00,147.6655819786717,146.3806739898327,147.43649291992188,6978200,146.75916565241133
2025-12-10 00:00:00+00:00,148.63178118400293,146.24124797969333,148.14370727539062,8961100,147.10781360649366
2025-12-11 00:00:00+00:00,147.54606114361206,144.53796203910585,147.38668823242188,9769300,146.48027189849466
2025-12-12 00:00:00+00:00,146.5002014316042,142.69525286279008,143.12356567382812,14873200,146.3607539300509
2025-12-15 00:00:00+00:00,144.05986095270538,141.46014918944869,141.73904418945312,10790300,143.85068210338324
2025-12-16 00:00:00+00:00,142.40638845455095,140.7429737106559,141.9980010986328,10790900,141.35056959184453
2025-12-17 00:00:00+00:00,142.2769119773204,138.77079898446758,138.84051513671875,18178700,142.15738988852524
2025-12-18 00:00:00+00:00,141.85856094133138,140.23498173914078,140.98202514648438,12319500,141.30077096229675
2025-12-19 00:00:00+00:00,144.04989373619406,142.00798712778658,144.0299835205078,14265900,142.0278973434728
