datetime,open,high,low,close,volume
2018-10-01T05:00:00+0000,7.104,7.3015,7.065,7.234,622058120.0
2018-10-02T05:00:00+0000,7.20625,7.319,7.1395,7.162,383964720.0
2018-10-03T05:00:00+0000,7.233,7.2405,7.06325,7.16825,320550760.0
2018-10-04T05:00:00+0000,7.13175,7.15625,6.9045,6.98225,391219560.0
2018-10-05T05:00:00+0000,6.95725,7.02,6.6885,6.7465,426634440.0
2018-10-08T05:00:00+0000,6.6625,6.779,6.502,6.64425,408610600.0
2018-10-09T05:00:00+0000,6.6235,6.719,6.57,6.6385,273499720.0
2018-10-10T05:00:00+0000,6.5315,6.57775,6.14,6.14225,684938160.0
2018-10-11T05:00:00+0000,6.05425,6.189,5.856525,5.87825,725437160.0
2018-10-12T05:00:00+0000,6.137665,6.23853,5.99125,6.1635,608236680.0
2018-10-15T05:00:00+0000,6.15,6.15,5.8835,5.8845,449761280.0
2018-10-16T05:00:00+0000,5.99825,6.157,5.9485,6.14575,408711800.0
2018-10-17T05:00:00+0000,6.2085,6.247,6.027,6.0765,329668040.0
2018-10-18T05:00:00+0000,6.1465,6.18525,5.92725,5.98825,524021920.0
2018-10-19T05:00:00+0000,6.044,6.06375,5.6925,5.72925,613609960.0
2018-10-22T05:00:00+0000,5.782,5.883,5.67675,5.7805,368843640.0
2018-10-23T05:00:00+0000,5.51075,5.60475,5.41775,5.5265,626437800.0
2018-10-24T05:00:00+0000,5.48775,5.53475,4.97125,4.98525,884287960.0
2018-10-25T05:00:00+0000,4.88675,5.24375,4.8420375,5.196,951721600.0
2018-10-26T05:00:00+0000,4.95775,5.12105,4.828,4.95725,664785120.0
2018-10-29T05:00:00+0000,5.09975,5.10325,4.40025,4.6405,758017640.0
2018-10-30T05:00:00+0000,4.66375,5.085,4.6405,5.075,807190720.0
2018-10-31T05:00:00+0000,5.24125,5.31475,5.10025,5.27075,745772160.0
2018-11-01T05:00:00+0000,5.3075,5.46225,5.17975,5.45275,566528320.0
2018-11-02T05:00:00+0000,5.44325,5.55,5.25527,5.373,452857600.0
2018-11-05T06:00:00+0000,5.35975,5.38325,5.132,5.29425,379330400.0
2018-11-06T06:00:00+0000,5.28625,5.37125,5.23912,5.2765,299010360.0
2018-11-07T06:00:00+0000,5.34375,5.43525,5.2795,5.34475,483812040.0
2018-11-08T06:00:00+0000,5.285,5.28575,5.09575,5.14975,511352920.0
2018-11-09T06:00:00+0000,5.06,5.233,5.026,5.14175,413241960.0
2018-11-12T06:00:00+0000,5.0495,5.07175,4.7165,4.7385,617117880.0
2018-11-13T06:00:00+0000,4.83725,5.10525,4.8309225,4.98275,644711000.0
2018-11-14T06:00:00+0000,5.1575,5.172,4.820755,4.92975,526578840.0
2018-11-15T06:00:00+0000,4.92375,5.1325,4.8875,5.05975,840708640.0
2018-11-16T06:00:00+0000,4.083,4.2665,4.04025,4.11075,1963519080.0
2018-11-19T06:00:00+0000,4.04475,4.0455,3.61575,3.6175,1697820200.0
2018-11-20T06:00:00+0000,3.3515,3.8565,3.33275,3.727,1692033120.0
2018-11-21T06:00:00+0000,3.8655,3.8825,3.59025,3.61775,1025494000.0
2018-11-23T06:00:00+0000,3.58275,3.73975,3.56973,3.625,411968440.0
2018-11-26T06:00:00+0000,3.74725,3.83675,3.664,3.82625,814832240.0
2018-11-27T06:00:00+0000,3.8,3.92525,3.76375,3.84325,738060240.0
2018-11-28T06:00:00+0000,3.962,4.007,3.828125,4.00175,804525480.0
2018-11-29T06:00:00+0000,4.0,4.0375,3.9035,3.934,549173600.0
2018-11-30T06:00:00+0000,3.94375,4.0964975,3.893,4.08575,729564560.0
2018-12-03T06:00:00+0000,4.315,4.367,4.1835,4.251,890804360.0
2018-12-04T06:00:00+0000,4.206,4.211,3.9125,3.92775,812111480.0
2018-12-06T06:00:00+0000,3.786,3.9623,3.77025,3.95725,692309640.0
2018-12-07T06:00:00+0000,3.9615,3.97175,3.6404,3.69025,681677960.0
2018-12-10T06:00:00+0000,3.645,3.8214975,3.64125,3.7965,629473400.0
2018-12-11T06:00:00+0000,3.889,3.89725,3.625,3.70475,671913280.0
2018-12-12T06:00:00+0000,3.7105,3.8195,3.6205,3.7225,654135920.0
2018-12-13T06:00:00+0000,3.76975,3.8345,3.686,3.72225,471384960.0
2018-12-14T06:00:00+0000,3.68025,3.76475,3.6375,3.66125,471821240.0
2018-12-17T06:00:00+0000,3.631,3.70375,3.531,3.5895,662867320.0
2018-12-18T06:00:00+0000,3.63375,3.75825,3.60625,3.6735,564370040.0
2018-12-19T06:00:00+0000,3.6395,3.6936125,3.41075,3.46275,745365880.0
2018-12-20T06:00:00+0000,3.45425,3.545,3.3172,3.3775,749587880.0
2018-12-21T06:00:00+0000,3.40425,3.4375,3.2115,3.23925,863741000.0
2018-12-24T06:00:00+0000,3.16225,3.2494975,3.1125,3.177,463839120.0
2018-12-26T06:00:00+0000,3.2235,3.3285,3.1115,3.3275,695099360.0
2018-12-27T06:00:00+0000,3.27475,3.3095,3.1295,3.27925,637043200.0
2018-12-28T06:00:00+0000,3.3,3.43475,3.25775,3.34125,628492760.0
2018-12-31T06:00:00+0000,3.385,3.41775,3.3065,3.3375,465140120.0
2019-01-02T06:00:00+0000,3.266,3.462,3.25125,3.4055,508753600.0
2019-01-03T06:00:00+0000,3.34475,3.379,3.19233,3.19975,705551440.0
2019-01-04T06:00:00+0000,3.2735,3.44325,3.2425,3.40475,585619320.0
2019-01-07T06:00:00+0000,3.4625,3.62225,3.41075,3.585,709159200.0
2019-01-08T06:00:00+0000,3.66725,3.6695,3.4225,3.49575,786017160.0
2019-01-09T06:00:00+0000,3.5475,3.61225,3.4965,3.5645,617259000.0
2019-01-10T06:00:00+0000,3.545,3.6395,3.484,3.63075,523156240.0
2019-01-11T06:00:00+0000,3.60825,3.74375,3.58025,3.72075,874762640.0
2019-01-14T06:00:00+0000,3.668,3.7865,3.64425,3.761,730169960.0
2019-01-15T06:00:00+0000,3.794,3.83375,3.72825,3.74675,617010040.0
2019-01-16T06:00:00+0000,3.77425,3.8075,3.715375,3.721,470103680.0
2019-01-17T06:00:00+0000,3.68775,3.83325,3.66025,3.793,493436200.0
2019-01-18T06:00:00+0000,3.84325,3.9495,3.79125,3.92325,651336920.0
2019-01-22T06:00:00+0000,3.89275,3.9045,3.6887675,3.71925,661551040.0
2019-01-23T06:00:00+0000,3.775,3.8645,3.70075,3.73225,591021800.0
2019-01-24T06:00:00+0000,3.8175,3.96375,3.81275,3.946,708970440.0
2019-01-25T06:00:00+0000,3.886,4.022,3.7825,4.00375,1155221880.0
2019-01-28T06:00:00+0000,3.41375,3.541,3.275,3.45025,2511526760.0
2019-01-29T06:00:00+0000,3.40375,3.4525,3.27525,3.29,1153933880.0
2019-01-30T06:00:00+0000,3.36675,3.44925,3.2865,3.43475,974229560.0
2019-01-31T06:00:00+0000,3.4315,3.62975,3.40958,3.59375,842853520.0
2019-02-01T06:00:00+0000,3.6125,3.66975,3.5645,3.61825,625047000.0
2019-02-04T06:00:00+0000,3.63425,3.767,3.612,3.7295,528600720.0
2019-02-05T06:00:00+0000,3.7415,3.78575,3.7075,3.74875,542425000.0
2019-02-06T06:00:00+0000,3.78225,3.89,3.77675,3.825,702465880.0
2019-02-07T06:00:00+0000,3.7782,3.7805,3.64225,3.6855,637120000.0
2019-02-08T06:00:00+0000,3.61775,3.715,3.60325,3.70425,461605480.0
2019-02-11T06:00:00+0000,3.65975,3.7145,3.6125,3.66125,495180600.0
2019-02-12T06:00:00+0000,3.7,3.795,3.6855,3.77925,591060520.0
2019-02-13T06:00:00+0000,3.809,3.89575,3.79525,3.822,605372080.0
2019-02-14T06:00:00+0000,3.821,3.891625,3.7775,3.86325,827262960.0
2019-02-15T06:00:00+0000,4.07375,4.09675,3.9105,3.9335,1516749360.0
2019-02-19T06:00:00+0000,3.92275,3.99725,3.9035,3.916,551892640.0
2019-02-20T06:00:00+0000,3.9455,4.0315,3.93425,3.96375,540989480.0
2019-02-21T06:00:00+0000,3.9765,4.00125,3.8795,3.89425,448546720.0
2019-02-22T06:00:00+0000,3.9465,3.99875,3.93275,3.97975,401741240.0
2019-02-25T06:00:00+0000,4.064,4.132,3.9585,3.96725,656019240.0
2019-02-26T06:00:00+0000,3.9625,4.019,3.89375,3.9275,488462840.0
2019-02-27T06:00:00+0000,3.913,3.93975,3.82775,3.88525,500255240.0
2019-02-28T06:00:00+0000,3.875,3.8975,3.834,3.8565,324942600.0
2019-03-01T06:00:00+0000,3.90675,3.9537225,3.848,3.91125,357187120.0
2019-03-04T06:00:00+0000,3.95,3.973,3.8625,3.9195,409990000.0
2019-03-05T06:00:00+0000,3.90375,3.9514275,3.849,3.913,362924760.0
2019-03-06T06:00:00+0000,3.904,3.9125,3.7985,3.80125,403525960.0
2019-03-07T06:00:00+0000,3.7775,3.78725,3.6850025,3.7315,450105320.0
2019-03-08T06:00:00+0000,3.6415,3.77675,3.62,3.766,422414840.0
2019-03-11T05:00:00+0000,3.78975,4.0515,3.74225,4.0285,859726000.0
2019-03-12T05:00:00+0000,4.0565,4.10975,3.97975,4.063,579574720.0
2019-03-13T05:00:00+0000,4.10075,4.245,4.09325,4.2155,768900720.0
2019-03-14T05:00:00+0000,4.22475,4.23675,4.13125,4.139,519385200.0
2019-03-15T05:00:00+0000,4.1825,4.28825,4.179,4.24525,661459280.0
2019-03-18T05:00:00+0000,4.277,4.33125,4.1964425,4.22375,486993160.0
2019-03-19T05:00:00+0000,4.319,4.4375,4.302,4.39275,854972400.0
2019-03-20T05:00:00+0000,4.422,4.47575,4.325,4.36,719148600.0
2019-03-21T05:00:00+0000,4.38325,4.625,4.37825,4.5985,824310680.0
2019-03-22T05:00:00+0000,4.571,4.6199925,4.4235,4.4375,747459440.0
2019-03-25T05:00:00+0000,4.3965,4.46125,4.27775,4.3445,525212040.0
2019-03-26T05:00:00+0000,4.487225,4.54375,4.3649225,4.42175,703507120.0
2019-03-27T05:00:00+0000,4.4475,4.49425,4.3425,4.4125,474371760.0
2019-03-28T05:00:00+0000,4.43875,4.4975,4.37775,4.43125,480264080.0
2019-03-29T05:00:00+0000,4.4985,4.5135,4.44775,4.489,456895160.0
2019-04-01T05:00:00+0000,4.5815,4.5875,4.5093625,4.557,483824480.0
2019-04-02T05:00:00+0000,4.58125,4.6197175,4.538,4.575,440919840.0
2019-04-03T05:00:00+0000,4.625,4.775,4.62,4.7155,788778720.0
2019-04-04T05:00:00+0000,4.7,4.74925,4.64325,4.7065,457376760.0
2019-04-05T05:00:00+0000,4.75,4.79125,4.71325,4.77375,481745960.0
2019-04-08T05:00:00+0000,4.743,4.82,4.71875,4.79475,424193920.0
2019-04-09T05:00:00+0000,4.761,4.77225,4.689,4.7315,439972800.0
2019-04-10T05:00:00+0000,4.73075,4.8285,4.72625,4.8025,444772280.0
2019-04-11T05:00:00+0000,4.805,4.83675,4.73875,4.7885,374601480.0
2019-04-12T05:00:00+0000,4.8275,4.8315,4.7415,4.75025,471706560.0
2019-04-15T05:00:00+0000,4.7425,4.7475,4.5775,4.6175,440093800.0
2019-04-16T05:00:00+0000,4.657,4.72425,4.6241025,4.70525,394963640.0
2019-04-17T05:00:00+0000,4.7405,4.7615,4.65975,4.68225,351002720.0
2019-04-18T05:00:00+0000,4.689,4.72325,4.6295,4.6575,380988160.0
2019-04-22T05:00:00+0000,4.63375,4.7275,4.602,4.71175,279935520.0
2019-04-23T05:00:00+0000,4.725,4.79825,4.71525,4.76675,346855240.0
2019-04-24T05:00:00+0000,4.77725,4.82025,4.716,4.77925,318204800.0
2019-04-25T05:00:00+0000,4.73875,4.76125,4.5925,4.67275,499297480.0
2019-04-26T05:00:00+0000,4.51775,4.52219,4.3325,4.45225,868989160.0
2019-04-29T05:00:00+0000,4.46025,4.51125,4.3875,4.48325,391919320.0
2019-04-30T05:00:00+0000,4.45075,4.55075,4.4315,4.525,362921600.0
2019-05-01T05:00:00+0000,4.57775,4.62025,4.5115,4.51175,354281240.0
2019-05-02T05:00:00+0000,4.5215,4.62175,4.477875,4.57975,394685400.0
2019-05-03T05:00:00+0000,4.58825,4.59825,4.51325,4.57525,336823480.0
2019-05-06T05:00:00+0000,4.3875,4.5085,4.35,4.49625,422177800.0
2019-05-07T05:00:00+0000,4.4475,4.4475,4.27925,4.32775,555218320.0
2019-05-08T05:00:00+0000,4.3,4.42875,4.288,4.348,419166160.0
2019-05-09T05:00:00+0000,4.2785,4.28825,4.135,4.25475,660246560.0
2019-05-10T05:00:00+0000,4.22375,4.28975,4.1,4.2205,569498040.0
2019-05-13T05:00:00+0000,4.0875,4.11075,3.94525,3.96125,656912760.0
2019-05-14T05:00:00+0000,4.00125,4.0865,3.96226,4.051,524878880.0
2019-05-15T05:00:00+0000,3.995,4.02625,3.93525,3.9895,502320040.0
2019-05-16T05:00:00+0000,3.984,4.047625,3.94125,4.00475,781088160.0
2019-05-17T05:00:00+0000,3.9625,4.09275,3.8735,3.91325,1022067920.0
2019-05-20T05:00:00+0000,3.81375,3.86925,3.76875,3.79375,572065360.0
2019-05-21T05:00:00+0000,3.855,3.8925,3.816,3.8765,361849880.0
2019-05-22T05:00:00+0000,3.8375,3.86375,3.794,3.805,325869600.0
2019-05-23T05:00:00+0000,3.74225,3.74225,3.62278,3.683,591844360.0
2019-05-24T05:00:00+0000,3.702,3.7375,3.622,3.62875,357585280.0
2019-05-28T05:00:00+0000,3.6465,3.6795,3.58125,3.58325,428354080.0
2019-05-29T05:00:00+0000,3.53525,3.5705,3.4735,3.5085,559801480.0
2019-05-30T05:00:00+0000,3.50775,3.5437475,3.43925,3.47775,394299600.0
2019-05-31T05:00:00+0000,3.4285,3.4612275,3.38475,3.3865,389719680.0
2019-06-03T05:00:00+0000,3.39775,3.43675,3.315,3.3445,478643200.0
2019-06-04T05:00:00+0000,3.409,3.58025,3.3866875,3.575,641835400.0
2019-06-05T05:00:00+0000,3.64925,3.65475,3.4955,3.532,511615400.0
2019-06-06T05:00:00+0000,3.53625,3.61925,3.53375,3.5945,408138480.0
2019-06-07T05:00:00+0000,3.6005,3.672,3.58125,3.6375,348857520.0
2019-06-10T05:00:00+0000,3.694,3.77975,3.694,3.71075,402780880.0
2019-06-11T05:00:00+0000,3.771,3.809,3.729,3.76875,383870040.0
2019-06-12T05:00:00+0000,3.725,3.73125,3.63975,3.655,358891920.0
2019-06-13T05:00:00+0000,3.67725,3.725,3.6595,3.7065,308081080.0
2019-06-14T05:00:00+0000,3.61275,3.63725,3.5709,3.616,394426240.0
2019-06-17T05:00:00+0000,3.61425,3.663015,3.59125,3.62575,276041480.0
2019-06-18T05:00:00+0000,3.6875,3.87775,3.6765,3.822,581918000.0
2019-06-19T05:00:00+0000,3.8575,3.86892,3.801845,3.828,331643960.0
2019-06-20T05:00:00+0000,3.91925,3.93325,3.837945,3.8525,350167280.0
2019-06-21T05:00:00+0000,3.8375,3.887,3.7875,3.794,434426880.0
2019-06-24T05:00:00+0000,3.8155,3.84625,3.768,3.8165,282948720.0
2019-06-25T05:00:00+0000,3.8215,3.897,3.78425,3.787,311866440.0
2019-06-26T05:00:00+0000,3.91525,4.043,3.90225,3.9815,584073000.0
2019-06-27T05:00:00+0000,4.06775,4.1,4.0315,4.08075,445441520.0
2019-06-28T05:00:00+0000,4.125,4.13425,4.05875,4.10575,397666360.0
2019-07-01T05:00:00+0000,4.31425,4.34875,4.1165,4.15425,711533080.0
2019-07-02T05:00:00+0000,4.1375,4.1587325,4.0425,4.05575,400227520.0
2019-07-03T05:00:00+0000,4.07925,4.085,4.0085375,4.06875,246634240.0
2019-07-05T05:00:00+0000,4.01,4.0145,3.942,4.00575,396553880.0
2019-07-08T05:00:00+0000,3.94575,3.96475,3.9,3.93025,329786760.0
2019-07-09T05:00:00+0000,3.88775,3.961,3.875,3.93275,342860480.0
2019-07-10T05:00:00+0000,3.9765,4.0592225,3.9625,4.0015,452075960.0
2019-07-11T05:00:00+0000,4.075,4.198,4.0375,4.157,682558560.0
2019-07-12T05:00:00+0000,4.185,4.26175,4.185,4.19025,506392640.0
2019-07-15T05:00:00+0000,4.2115,4.227645,4.15325,4.18175,289839720.0
2019-07-16T05:00:00+0000,4.16675,4.20425,4.1210625,4.177,341443920.0
2019-07-17T05:00:00+0000,4.17875,4.24975,4.14935,4.24275,348204280.0
2019-07-18T05:00:00+0000,4.253125,4.31775,4.19625,4.2545,443178960.0
2019-07-19T05:00:00+0000,4.293,4.2995,4.205,4.211,344895800.0
2019-07-22T05:00:00+0000,4.2325,4.296,4.225,4.283,315939920.0
2019-07-23T05:00:00+0000,4.3225,4.3935,4.30675,4.3915,428176560.0
2019-07-24T05:00:00+0000,4.435,4.47225,4.3585,4.4665,366237480.0
2019-07-25T05:00:00+0000,4.42475,4.4375,4.311,4.3345,392698120.0
2019-07-26T05:00:00+0000,4.36175,4.42375,4.36175,4.37675,274159880.0
2019-07-29T05:00:00+0000,4.3695,4.3867425,4.28175,4.3705,248161960.0
2019-07-30T05:00:00+0000,4.32375,4.3985,4.30925,4.38625,197770440.0
2019-07-31T05:00:00+0000,4.3545,4.355375,4.1755,4.218,359415640.0
2019-08-01T05:00:00+0000,4.2285,4.3195,4.07051,4.123,421212560.0
2019-08-02T05:00:00+0000,4.02975,4.0995,3.982,4.02975,428349280.0
2019-08-05T05:00:00+0000,3.845,3.84625,3.7225,3.76975,589157440.0
2019-08-06T05:00:00+0000,3.845,3.89075,3.76075,3.80875,361270680.0
2019-08-07T05:00:00+0000,3.7475,3.85925,3.73,3.84725,372561800.0
2019-08-08T05:00:00+0000,3.90525,3.95775,3.8475,3.9565,309298880.0
2019-08-09T05:00:00+0000,3.91525,3.91875,3.80375,3.8545,341816720.0
2019-08-12T05:00:00+0000,3.802,3.8545,3.76425,3.78625,279200480.0
2019-08-13T05:00:00+0000,3.78475,3.9475,3.7455025,3.90125,360512440.0
2019-08-14T05:00:00+0000,3.8125875,3.82375,3.7077775,3.75175,419881320.0
2019-08-15T05:00:00+0000,3.77075,3.79075,3.68485,3.71925,554462040.0
2019-08-16T05:00:00+0000,3.98375,4.0385,3.922,3.989,1015385120.0
2019-08-19T05:00:00+0000,4.103,4.2855,4.08675,4.2695,816322440.0
2019-08-20T05:00:00+0000,4.264,4.2645,4.1755,4.19675,463521600.0
2019-08-21T05:00:00+0000,4.26325,4.33625,4.2415,4.28075,427910920.0
2019-08-22T05:00:00+0000,4.2905,4.33325,4.2476125,4.287,303756720.0
2019-08-23T05:00:00+0000,4.21,4.26475,4.041,4.061,569497320.0
2019-08-26T05:00:00+0000,4.14025,4.1645,4.09775,4.13625,318594160.0
2019-08-27T05:00:00+0000,4.17475,4.1775,4.0155,4.045,291549560.0
2019-08-28T05:00:00+0000,4.0145,4.0835,3.975,4.0305,255828120.0
2019-08-29T05:00:00+0000,4.1225,4.2075,4.119,4.175,358373040.0
2019-08-30T05:00:00+0000,4.2215,4.2715,4.1695,4.18775,290908480.0
2019-09-03T05:00:00+0000,4.1145,4.14775,4.0813,4.10425,296510800.0
2019-09-04T05:00:00+0000,4.16525,4.2265,4.16525,4.219,228120360.0
2019-09-05T05:00:00+0000,4.321625,4.49975,4.32,4.4935,696485000.0
2019-09-06T05:00:00+0000,4.47,4.52725,4.428,4.46625,376976760.0
2019-09-09T05:00:00+0000,4.4975,4.5995,4.496,4.5125,417525320.0
2019-09-10T05:00:00+0000,4.4795,4.60625,4.46975,4.5795,352812200.0
2019-09-11T05:00:00+0000,4.59425,4.65675,4.565015,4.60825,361511280.0
2019-09-12T05:00:00+0000,4.655,4.71,4.59875,4.60675,327841000.0
2019-09-13T05:00:00+0000,4.53975,4.577,4.5045,4.5485,324591480.0
2019-09-16T05:00:00+0000,4.473,4.54,4.4625,4.50525,231831840.0
2019-09-17T05:00:00+0000,4.512,4.53089,4.46525,4.52675,228473120.0
2019-09-18T05:00:00+0000,4.51975,4.5355,4.4125,4.4995,264037680.0
2019-09-19T05:00:00+0000,4.5055,4.524,4.4127525,4.4235,256342760.0
2019-09-20T05:00:00+0000,4.4225,4.44625,4.307,4.31725,357251800.0
2019-09-23T05:00:00+0000,4.3175,4.41675,4.31375,4.371,255825880.0
2019-09-24T05:00:00+0000,4.4025,4.43225,4.2775,4.31325,321241800.0
2019-09-25T05:00:00+0000,4.31275,4.4755,4.26775,4.45575,313106880.0
2019-09-26T05:00:00+0000,4.446,4.45475,4.38225,4.4335,237825920.0
2019-09-27T05:00:00+0000,4.3915,4.4425,4.233,4.294,365958960.0
2019-09-30T05:00:00+0000,4.32,4.362,4.2885025,4.35175,193199080.0
2019-10-01T05:00:00+0000,4.375,4.525,4.34525,4.35,367566000.0
2019-10-02T05:00:00+0000,4.328,4.34,4.25325,4.326,295661760.0
2019-10-03T05:00:00+0000,4.3305,4.539,4.3,4.53275,462730600.0
2019-10-04T05:00:00+0000,4.535,4.57875,4.4695,4.54925,267960200.0
2019-10-07T05:00:00+0000,4.6145,4.7085,4.60575,4.60825,488313560.0
2019-10-08T05:00:00+0000,4.516,4.516,4.4125,4.43075,449342640.0
2019-10-09T05:00:00+0000,4.508,4.5675,4.4790025,4.51775,307883280.0
2019-10-10T05:00:00+0000,4.5155,4.627,4.51025,4.57575,327515560.0
2019-10-11T05:00:00+0000,4.66025,4.7335,4.64125,4.64975,450866720.0
2019-10-14T05:00:00+0000,4.641,4.68425,4.609625,4.66325,210335760.0
2019-10-15T05:00:00+0000,4.754,4.98225,4.74,4.90925,667985320.0
2019-10-16T05:00:00+0000,4.875,4.9805,4.84375,4.85525,432753120.0
2019-10-17T05:00:00+0000,4.9,4.9453575,4.8025,4.85725,264316960.0
2019-10-18T05:00:00+0000,4.85775,4.8905,4.6875,4.76225,307624200.0
2019-10-21T05:00:00+0000,4.824,4.91375,4.805,4.90025,266967240.0
2019-10-22T05:00:00+0000,4.9575,5.06325,4.8825,4.89025,337369120.0
2019-10-23T05:00:00+0000,4.80775,4.8915,4.77575,4.87725,285770000.0
2019-10-24T05:00:00+0000,4.91875,4.95525,4.8845,4.9215,239037320.0
2019-10-25T05:00:00+0000,5.0025,5.13451,4.99475,5.1135,423091520.0
2019-10-28T05:00:00+0000,5.1575,5.2225,5.12792,5.16975,330791640.0
2019-10-29T05:00:00+0000,5.15575,5.16225,5.0535,5.073,211236800.0
2019-10-30T05:00:00+0000,5.1,5.10575,5.0065,5.075,205961520.0
2019-10-31T05:00:00+0000,5.054,5.075,4.94525,5.0255,209732600.0
2019-11-01T05:00:00+0000,4.99,5.09725,4.9648125,5.06475,283638240.0
2019-11-04T06:00:00+0000,5.14625,5.275,5.1230075,5.2625,376716200.0
2019-11-05T06:00:00+0000,5.26225,5.2885,5.192,5.24025,300868480.0
2019-11-06T06:00:00+0000,5.216,5.24175,5.10275,5.19075,269013400.0
2019-11-07T06:00:00+0000,5.27765,5.2925,5.1635,5.2085,280339920.0
2019-11-08T06:00:00+0000,5.1915,5.22625,5.15375,5.1945,189407480.0
2019-11-11T06:00:00+0000,5.19375,5.22775,5.1070025,5.2045,243789440.0
2019-11-12T06:00:00+0000,5.243,5.2965,5.20775,5.24025,283838840.0
2019-11-13T06:00:00+0000,5.20875,5.2365,5.1475,5.21425,302364960.0
2019-11-14T06:00:00+0000,5.22325,5.247,5.1629,5.24475,527006840.0
2019-11-15T06:00:00+0000,5.2425,5.2944975,5.0159425,5.10475,1054216360.0
2019-11-18T06:00:00+0000,5.09725,5.33375,5.09425,5.307,575318520.0
2019-11-19T06:00:00+0000,5.2758,5.2995,5.14125,5.19975,415380240.0
2019-11-20T06:00:00+0000,5.17675,5.36375,5.1641075,5.2795,473017520.0
2019-11-21T06:00:00+0000,5.275,5.331,5.23275,5.2545,288389200.0
2019-11-22T06:00:00+0000,5.27725,5.3240825,5.2485,5.27225,224098800.0
2019-11-25T06:00:00+0000,5.401,5.53525,5.388,5.53025,507347440.0
2019-11-26T06:00:00+0000,5.5125,5.5172425,5.4185,5.425,385680920.0
2019-11-27T06:00:00+0000,5.46675,5.50125,5.4295,5.456,216428720.0
2019-11-29T06:00:00+0000,5.425,5.4535,5.3945,5.4185,141556960.0
2019-12-02T06:00:00+0000,5.4115,5.425,5.216,5.23125,373869680.0
2019-12-03T06:00:00+0000,5.04675,5.1955,5.00925,5.1915,474146120.0
2019-12-04T06:00:00+0000,5.2755,5.298,5.20675,5.2355,273618360.0
2019-12-05T06:00:00+0000,5.2575,5.27325,5.1877075,5.2185,185137760.0
2019-12-06T06:00:00+0000,5.288,5.33725,5.278,5.30425,232418280.0
2019-12-09T06:00:00+0000,5.28125,5.35925,5.2725,5.30425,215132800.0
2019-12-10T06:00:00+0000,5.3345,5.4015,5.2815,5.3495,256689120.0
2019-12-11T06:00:00+0000,5.36,5.439,5.3575,5.4335,234009880.0
2019-12-12T06:00:00+0000,5.4045,5.62,5.3955,5.60175,406083360.0
2019-12-13T06:00:00+0000,5.60475,5.7245,5.5455,5.59975,454967320.0
2019-12-16T06:00:00+0000,5.6475,5.701605,5.61925,5.62875,321307360.0
2019-12-17T06:00:00+0000,5.6475,5.73,5.638,5.70725,323263920.0
2019-12-18T06:00:00+0000,5.74225,5.7985,5.73375,5.73775,344278760.0
2019-12-19T06:00:00+0000,5.7725,5.9,5.7675,5.8865,453106960.0
2019-12-20T06:00:00+0000,5.95325,6.00975,5.933875,5.98425,603384280.0
2019-12-23T06:00:00+0000,6.013,6.04525,5.95975,5.9705,355392600.0
2019-12-24T06:00:00+0000,5.955,5.98275,5.9205,5.9655,138863880.0
2019-12-26T06:00:00+0000,5.969,6.008,5.95,5.97975,183218040.0
2019-12-27T06:00:00+0000,5.995,6.0085,5.89525,5.92175,254810040.0
2019-12-30T06:00:00+0000,5.89975,5.905,5.7765,5.808,258247120.0
2019-12-31T06:00:00+0000,5.7725,5.891875,5.75325,5.8825,231211320.0
2020-01-02T06:00:00+0000,5.96875,5.99775,5.918,5.99775,237678760.0
2020-01-03T06:00:00+0000,5.8775,5.94575,5.8525,5.90175,205772320.0
2020-01-06T06:00:00+0000,5.808,5.93175,5.78175,5.9265,262912480.0
2020-01-07T06:00:00+0000,5.955,6.04425,5.90975,5.99825,319205760.0
2020-01-08T06:00:00+0000,5.994,6.051,5.953725,6.0095,277240680.0
2020-01-09T06:00:00+0000,6.09625,6.1482425,6.021375,6.0755,255442120.0
2020-01-10T06:00:00+0000,6.18325,6.21375,6.09375,6.108,316462400.0
2020-01-13T06:00:00+0000,6.1915,6.32471,6.16875,6.2995,320338040.0
2020-01-14T06:00:00+0000,6.2565,6.282,6.16875,6.182,359579320.0
2020-01-15T06:00:00+0000,6.19475,6.2172275,6.11325,6.13925,263105440.0
2020-01-16T06:00:00+0000,6.193,6.22925,6.169375,6.22325,284191640.0
2020-01-17T06:00:00+0000,6.2425,6.25,6.18425,6.232,253790560.0
2020-01-21T06:00:00+0000,6.195125,6.23225,6.1642575,6.1985,217917000.0
2020-01-22T06:00:00+0000,6.244,6.33975,6.225,6.25125,239238680.0
2020-01-23T06:00:00+0000,6.293,6.33,6.20375,6.3215,244514440.0
2020-01-24T06:00:00+0000,6.4375,6.4875,6.2075,6.262,373513560.0
2020-01-27T06:00:00+0000,5.956,6.05625,5.80575,6.005,470534160.0
2020-01-28T06:00:00+0000,6.07125,6.23175,6.0178575,6.19925,310976040.0
2020-01-29T06:00:00+0000,6.18475,6.221,6.0985,6.1385,259451160.0
2020-01-30T06:00:00+0000,6.04025,6.15875,5.985,6.14525,290503600.0
2020-01-31T06:00:00+0000,6.09925,6.11125,5.86875,5.91075,370419720.0
2020-02-03T06:00:00+0000,5.8925,6.0277775,5.88625,6.00825,255928200.0
2020-02-04T06:00:00+0000,6.15075,6.1975,6.1005,6.17825,271543560.0
2020-02-05T06:00:00+0000,6.29975,6.31,6.18525,6.269,208220080.0
2020-02-06T06:00:00+0000,6.3035,6.35625,6.222,6.356125,218282040.0
2020-02-07T06:00:00+0000,6.316,6.33825,6.2643,6.28975,189752120.0
2020-02-10T06:00:00+0000,6.3125,6.575,6.3075,6.57425,529607760.0
2020-02-11T06:00:00+0000,6.683,6.8125,6.62075,6.69725,638556880.0
2020-02-12T06:00:00+0000,6.75025,6.82,6.711185,6.8135,374644720.0
2020-02-13T06:00:00+0000,6.75525,6.837,6.72775,6.7695,528015360.0
2020-02-14T06:00:00+0000,7.1815,7.37425,7.15,7.24475,1041923720.0
2020-02-18T06:00:00+0000,7.1410875,7.43275,7.1215,7.41425,621881000.0
2020-02-19T06:00:00+0000,7.53725,7.88525,7.53714,7.8675,694331240.0
2020-02-20T06:00:00+0000,7.819125,7.908,7.40875,7.7175,810050360.0
2020-02-21T06:00:00+0000,7.60475,7.63,7.2665,7.35175,769293240.0
2020-02-24T06:00:00+0000,6.75475,7.0468075,6.7,6.832,856914920.0
2020-02-25T06:00:00+0000,6.9075875,6.96975,6.449,6.55125,1055497680.0
2020-02-26T06:00:00+0000,6.5515,6.88625,6.55,6.69125,749661440.0
2020-02-27T06:00:00+0000,6.3725,6.675,6.22225,6.315,906414920.0
2020-02-28T06:00:00+0000,6.061375,6.8115,6.04475,6.75175,1134675280.0
2020-03-02T06:00:00+0000,6.9225,6.93975,6.525,6.91075,890745560.0
2020-03-03T06:00:00+0000,6.9666625,7.02675,6.5615025,6.64725,652793120.0
2020-03-04T06:00:00+0000,6.755,7.12225,6.68,7.11275,597407360.0
2020-03-05T06:00:00+0000,6.9125,7.08,6.7875,6.83225,540327480.0
2020-03-06T06:00:00+0000,6.652,6.70975,6.45,6.651,515412280.0
2020-03-09T05:00:00+0000,5.9975,6.485,5.9545,6.136,614158400.0
2020-03-10T05:00:00+0000,6.4135,6.527,6.14975,6.527,580648720.0
2020-03-11T05:00:00+0000,6.386375,6.415,6.06425,6.16175,502067720.0
2020-03-12T05:00:00+0000,5.6365,5.902975,5.395,5.40775,816541400.0
2020-03-13T05:00:00+0000,5.7625,6.0255,5.49025,6.021,634837720.0
2020-03-16T05:00:00+0000,5.31025,5.6525,4.85,4.91,726972120.0
2020-03-17T05:00:00+0000,5.02275,5.5215,4.775,5.43175,833631960.0
2020-03-18T05:00:00+0000,5.002375,5.2485,4.5170175,5.0705,874266280.0
2020-03-19T05:00:00+0000,5.049,5.41825,4.83475,5.32425,765513880.0
2020-03-20T05:00:00+0000,5.475,5.758,5.12825,5.14375,804634160.0
2020-03-23T05:00:00+0000,5.14275,5.412,4.963,5.31725,643874640.0
2020-03-24T05:00:00+0000,5.725,6.3165,5.70125,6.2295,1101643800.0
2020-03-25T05:00:00+0000,6.345,6.5455,6.0915,6.1405,793430680.0
2020-03-26T05:00:00+0000,6.3485,6.5555,6.25,6.431,697587680.0
2020-03-27T05:00:00+0000,6.25,6.5779425,6.217,6.31825,638829760.0
2020-03-30T05:00:00+0000,6.384,6.649,6.33975,6.63975,602250120.0
2020-03-31T05:00:00+0000,6.68,6.8849975,6.44375,6.59,949960560.0
2020-04-01T05:00:00+0000,6.39125,6.53825,6.032,6.07675,656913120.0
2020-04-02T05:00:00+0000,6.106,6.4,6.05775,6.38675,675764520.0
2020-04-03T05:00:00+0000,6.349,6.39075,5.95975,6.09775,663213840.0
2020-04-06T05:00:00+0000,6.381,6.747,6.32325,6.71,727882480.0
2020-04-07T05:00:00+0000,6.9325,6.95625,6.4325,6.47575,784521880.0
2020-04-08T05:00:00+0000,6.58525,6.69875,6.515,6.67375,542444520.0
2020-04-09T05:00:00+0000,6.8,6.823,6.5105,6.57375,526247800.0
2020-04-13T05:00:00+0000,6.51375,6.755,6.425,6.74625,398407280.0
2020-04-14T05:00:00+0000,6.875,7.133,6.8472325,7.09875,530946680.0
2020-04-15T05:00:00+0000,6.93,7.1041775,6.8845,7.021,366148840.0
2020-04-16T05:00:00+0000,7.177,7.475,7.16375,7.3675,745620400.0
2020-04-17T05:00:00+0000,7.45,7.4715,7.1735,7.308,539121960.0
2020-04-20T05:00:00+0000,7.181,7.3375,7.13175,7.17625,449388200.0
2020-04-21T05:00:00+0000,7.05775,7.11925,6.67775,6.73775,735159840.0
2020-04-22T05:00:00+0000,6.93075,7.19675,6.885,7.15375,484729120.0
2020-04-23T05:00:00+0000,7.196,7.3284375,7.075,7.10025,424159520.0
2020-04-24T05:00:00+0000,7.09,7.24175,7.015,7.23975,352645480.0
2020-04-27T05:00:00+0000,7.37475,7.5875,7.35,7.427,479387960.0
2020-04-28T05:00:00+0000,7.575,7.605,7.2785,7.284,442904120.0
2020-04-29T05:00:00+0000,7.41925,7.5145,7.34375,7.4615,379161880.0
2020-04-30T05:00:00+0000,7.407315,7.4615,7.293,7.307,375917720.0
2020-05-01T05:00:00+0000,7.10875,7.2225,7.02108,7.0695,342097800.0
2020-05-04T05:00:00+0000,7.022,7.296,7.022,7.282125,317555200.0
2020-05-05T05:00:00+0000,7.38675,7.50675,7.28225,7.3435,368895640.0
2020-05-06T05:00:00+0000,7.42325,7.55,7.38525,7.44475,323465560.0
2020-05-07T05:00:00+0000,7.5845,7.68525,7.533075,7.62175,373730520.0
2020-05-08T05:00:00+0000,7.69375,7.81875,7.65975,7.8125,339907120.0
2020-05-11T05:00:00+0000,7.8075,8.1125,7.77875,8.0655,469060160.0
2020-05-12T05:00:00+0000,8.1235,8.1725,7.79275,7.8025,493059280.0
2020-05-13T05:00:00+0000,7.9175,8.0785,7.59475,7.78,625850080.0
2020-05-14T05:00:00+0000,7.841625,8.036,7.6875,8.0305,602312360.0
2020-05-15T05:00:00+0000,7.88975,8.5005,7.874,8.49075,987661720.0
2020-05-18T05:00:00+0000,8.7605,8.9165,8.6805025,8.75025,776403440.0
2020-05-19T05:00:00+0000,8.79025,9.0875,8.76275,8.8055,717321960.0
2020-05-20T05:00:00+0000,8.991,9.043,8.88875,8.97,587536200.0
2020-05-21T05:00:00+0000,9.0515,9.052405,8.7375,8.77525,761069640.0
2020-05-22T05:00:00+0000,8.82525,9.093,8.71325,9.02625,1038765000.0
2020-05-26T05:00:00+0000,9.15675,9.18175,8.672,8.71775,770779040.0
2020-05-27T05:00:00+0000,8.625,8.63275,7.99675,8.52525,1175892240.0
2020-05-28T05:00:00+0000,8.41225,8.7605,8.37925,8.487,736128160.0
2020-05-29T05:00:00+0000,8.5545,8.8755,8.485,8.8755,745919760.0
2020-06-01T05:00:00+0000,8.83325,8.84075,8.6895,8.80625,390511000.0
2020-06-02T05:00:00+0000,8.79625,8.83725,8.658,8.82525,391320560.0
2020-06-03T05:00:00+0000,8.82225,8.86625,8.7,8.7695,365438880.0
2020-06-04T05:00:00+0000,8.728,8.94325,8.6775,8.7665,424278400.0
2020-06-05T05:00:00+0000,8.7945,8.997,8.70798,8.92,481746040.0
2020-06-08T05:00:00+0000,8.87725,8.889625,8.68575,8.805,387737240.0
2020-06-09T05:00:00+0000,8.8,9.1097475,8.75125,9.046,468488840.0
2020-06-10T05:00:00+0000,9.16775,9.5,9.1535,9.36675,632181480.0
2020-06-11T05:00:00+0000,9.15,9.26125,8.786,8.79625,583650240.0
2020-06-12T05:00:00+0000,9.1625,9.18725,8.703345,8.9325,570908160.0
2020-06-15T05:00:00+0000,8.81525,9.18225,8.74375,9.17375,400002160.0
2020-06-16T05:00:00+0000,9.225,9.26675,8.8387525,9.0685,535715000.0
2020-06-17T05:00:00+0000,9.11375,9.299,9.07025,9.236,408305640.0
2020-06-18T05:00:00+0000,9.227,9.2825,9.1145,9.218,254409520.0
2020-06-19T05:00:00+0000,9.2425,9.445,9.2273375,9.26125,524160520.0
2020-06-22T05:00:00+0000,9.3,9.53125,9.2733,9.52675,398466480.0
2020-06-23T05:00:00+0000,9.551,9.6425,9.4075,9.45,375107400.0
2020-06-24T05:00:00+0000,9.47625,9.55638,9.144505,9.2355,449370880.0
2020-06-25T05:00:00+0000,9.35575,9.505,9.18225,9.49,376072000.0
2020-06-26T05:00:00+0000,9.5,9.5,9.125,9.155,592085760.0
2020-06-29T05:00:00+0000,9.16975,9.2045,8.9,9.2,342248120.0
2020-06-30T05:00:00+0000,9.3139925,9.52625,9.2665025,9.49775,367892000.0
2020-07-01T05:00:00+0000,9.52075,9.5756725,9.413,9.53,326646800.0
2020-07-02T05:00:00+0000,9.639,9.7375,9.57825,9.61225,364054080.0
2020-07-06T05:00:00+0000,9.74175,9.90875,9.7125,9.83925,315893720.0
2020-07-07T05:00:00+0000,9.94625,10.07,9.85075,9.87175,357799720.0
2020-07-08T05:00:00+0000,9.99375,10.225,9.9655,10.216,365480520.0
2020-07-09T05:00:00+0000,10.38025,10.57,10.2335,10.509,494547200.0
2020-07-10T05:00:00+0000,10.58875,10.65525,10.37875,10.47925,497674760.0
2020-07-13T05:00:00+0000,10.595,10.7922475,10.025,10.05225,457074960.0
2020-07-14T05:00:00+0000,10.075,10.40275,9.7855,10.377,542674200.0
2020-07-15T05:00:00+0000,10.41425,10.433,10.05575,10.22725,403984920.0
2020-07-16T05:00:00+0000,10.015,10.2067475,9.8955,10.13475,344964720.0
2020-07-17T05:00:00+0000,10.2255,10.2485,10.0877525,10.2015,266284640.0
2020-07-20T05:00:00+0000,10.27425,10.53125,10.15675,10.51075,284850840.0
2020-07-21T05:00:00+0000,10.513,10.5599275,10.28675,10.3285,277666840.0
2020-07-22T05:00:00+0000,10.3675,10.6025,10.2915575,10.43875,367290840.0
2020-07-23T05:00:00+0000,10.45,10.547,10.03125,10.12975,411661280.0
2020-07-24T05:00:00+0000,9.875,10.36475,9.777,10.1945,473292000.0
2020-07-27T05:00:00+0000,10.23225,10.44175,10.21775,10.4215,292130200.0
2020-07-28T05:00:00+0000,10.37425,10.382,10.20925,10.2155,271636040.0
2020-07-29T05:00:00+0000,10.3908,10.51625,10.347,10.4655,284507680.0
2020-07-30T05:00:00+0000,10.375,10.623045,10.29525,10.614,308880160.0
2020-07-31T05:00:00+0000,10.56325,10.7665,10.433,10.61475,386286000.0
2020-08-03T05:00:00+0000,10.7325,11.09875,10.71525,11.01025,413018240.0
2020-08-04T05:00:00+0000,11.05,11.22775,10.9060025,11.22775,310335600.0
2020-08-05T05:00:00+0000,11.244,11.37168,11.16625,11.28675,250499720.0
2020-08-06T05:00:00+0000,11.34975,11.358,11.17875,11.3355,244315680.0
2020-08-07T05:00:00+0000,11.3125,11.50475,11.0375,11.1995,342515960.0
2020-08-10T05:00:00+0000,11.33425,11.40825,10.8565,11.165,427795920.0
2020-08-11T05:00:00+0000,11.07375,11.13675,10.79575,10.85,354510520.0
2020-08-12T05:00:00+0000,10.99075,11.467,10.95825,11.44025,464942920.0
2020-08-13T05:00:00+0000,11.546,11.72175,11.35575,11.443,374459560.0
2020-08-14T05:00:00+0000,11.53,11.70475,11.4405,11.564,366436160.0
2020-08-17T05:00:00+0000,11.85125,12.40975,11.81719,12.337,621300920.0
2020-08-18T05:00:00+0000,12.45,12.496,12.08625,12.26075,503446200.0
2020-08-19T05:00:00+0000,12.2965,12.315,12.098,12.1385,622622320.0
2020-08-20T05:00:00+0000,11.975,12.375,11.87875,12.141,921386240.0
2020-08-21T05:00:00+0000,12.20175,12.8087,12.19516,12.6835,999869520.0
2020-08-24T05:00:00+0000,12.88375,12.9125,12.5075,12.72025,490564200.0
2020-08-25T05:00:00+0000,12.63075,12.76125,12.57375,12.75,289076800.0
2020-08-26T05:00:00+0000,12.799235,12.86849,12.67775,12.773,321242920.0
2020-08-27T05:00:00+0000,12.7815,12.85,12.5664325,12.62825,317602920.0
2020-08-28T05:00:00+0000,12.6749125,13.148,12.6425,13.14775,537158520.0
2020-08-31T05:00:00+0000,13.182785,13.575,13.03775,13.3745,500841200.0
2020-09-01T05:00:00+0000,13.48,13.99375,13.4365,13.821,512473960.0
2020-09-02T05:00:00+0000,14.70375,14.7267475,13.9,14.3465,874012880.0
2020-09-03T05:00:00+0000,13.828635,13.8845,12.87875,13.0155,945126040.0
2020-09-04T05:00:00+0000,12.78375,13.175,11.70475,12.6225,1463682840.0
2020-09-08T05:00:00+0000,11.7345,12.55,11.70425,11.913,795729480.0
2020-09-09T05:00:00+0000,12.4,12.80925,12.23175,12.715,736198280.0
2020-09-10T05:00:00+0000,12.98925,13.06525,12.167,12.31175,698684440.0
2020-09-11T05:00:00+0000,12.4855,12.6525,11.89575,12.1645,636926880.0
2020-09-14T05:00:00+0000,13.081,13.315,12.6311425,12.87225,1201744960.0
2020-09-15T05:00:00+0000,13.28,13.29875,12.82775,12.991,727556560.0
2020-09-16T05:00:00+0000,12.95725,13.09275,12.51375,12.5145,557599400.0
2020-09-17T05:00:00+0000,12.132235,12.58975,12.03475,12.4635,792511760.0
2020-09-18T05:00:00+0000,12.59375,12.6325,11.98875,12.18925,698461920.0
2020-09-21T05:00:00+0000,11.925,12.5225,11.9045,12.51725,721042440.0
2020-09-22T05:00:00+0000,12.575,12.6479975,12.15555,12.63775,646452080.0
2020-09-23T05:00:00+0000,12.5755,12.727,12.07925,12.12375,647012320.0
2020-09-24T05:00:00+0000,12.07225,12.5695,12.014,12.348,731240320.0
2020-09-25T05:00:00+0000,12.4475,12.8835,12.24575,12.87375,588016280.0
2020-09-28T05:00:00+0000,13.04025,13.05175,12.75,13.035,573809120.0
2020-09-29T05:00:00+0000,12.9375,13.44275,12.93325,13.22575,623004960.0
2020-09-30T05:00:00+0000,13.1575,13.6225,13.15025,13.5305,689184120.0
2020-10-01T05:00:00+0000,13.758,13.7627375,13.4607525,13.6145,525002360.0
2020-10-02T05:00:00+0000,13.225,13.5195,13.051,13.06225,552495880.0
2020-10-05T05:00:00+0000,13.236,13.64425,13.222765,13.6425,479818280.0
2020-10-06T05:00:00+0000,13.83,14.142,13.665,13.7365,784419840.0
2020-10-07T05:00:00+0000,13.99975,14.11925,13.8635,13.964,418085160.0
2020-10-08T05:00:00+0000,14.075,14.0845,13.758,13.83875,378900880.0
2020-10-09T05:00:00+0000,13.767,13.82425,13.66075,13.76275,346890920.0
2020-10-12T05:00:00+0000,13.9895,14.347,13.9125,14.226,434743800.0
2020-10-13T05:00:00+0000,14.2965,14.3484975,14.018625,14.24825,344603120.0
2020-10-14T05:00:00+0000,14.2905,14.34275,13.96,14.09525,276647120.0
2020-10-15T05:00:00+0000,13.81068,14.00575,13.76775,13.97,267225120.0
2020-10-16T05:00:00+0000,14.03675,14.1215,13.7925,13.8115,242639600.0
2020-10-19T05:00:00+0000,13.902875,13.9834975,13.40675,13.49775,298068560.0
2020-10-20T05:00:00+0000,13.5835,13.79975,13.5070025,13.6455,229212040.0
2020-10-21T05:00:00+0000,13.625,13.7915,13.4775025,13.52475,219597320.0
2020-10-22T05:00:00+0000,13.5225,13.61175,13.23175,13.361,290479440.0
2020-10-23T05:00:00+0000,13.45,13.59325,13.29125,13.59025,233484280.0
2020-10-26T05:00:00+0000,13.427,13.6927925,13.0385,13.14125,336894320.0
2020-10-27T05:00:00+0000,13.306,13.442,13.1915,13.39675,250519680.0
2020-10-28T05:00:00+0000,13.198,13.26,12.609,12.627,376518080.0
2020-10-29T05:00:00+0000,12.8385,13.19275,12.75,13.024,320081840.0
2020-10-30T05:00:00+0000,12.85,12.936375,12.3,12.534,417396000.0
2020-11-02T06:00:00+0000,12.65775,12.8366575,12.395,12.58075,299652640.0
2020-11-03T06:00:00+0000,12.7085,13.105,12.60275,13.0195,272901080.0
2020-11-04T06:00:00+0000,13.38925,13.8275,13.336875,13.79425,410229280.0
2020-11-05T06:00:00+0000,14.1625,14.339,13.991,14.16,319028320.0
2020-11-06T06:00:00+0000,14.10975,14.58875,13.895,14.562,383349280.0
2020-11-09T06:00:00+0000,14.5525,14.6915,13.61075,13.63075,582977880.0
2020-11-10T06:00:00+0000,13.6065,13.6065,12.62825,12.77,644067200.0
2020-11-11T06:00:00+0000,13.05375,13.434875,12.94825,13.418,404743440.0
2020-11-12T06:00:00+0000,13.4789225,13.766,13.316,13.45675,366635000.0
2020-11-13T06:00:00+0000,13.6272775,13.6687475,13.05925,13.297,346762320.0
2020-11-16T06:00:00+0000,13.1725,13.6495,13.1560025,13.51525,413774800.0
2020-11-17T06:00:00+0000,13.5525,13.59625,13.3038725,13.42225,312027960.0
2020-11-18T06:00:00+0000,13.46525,13.60575,13.185,13.42875,510925320.0
2020-11-19T06:00:00+0000,13.21275,13.4875,13.1,13.44025,565934200.0
2020-11-20T06:00:00+0000,13.454,13.4944975,13.065,13.08775,341089800.0
2020-11-23T06:00:00+0000,13.17113,13.3825,13.0155,13.14,361354200.0
2020-11-24T06:00:00+0000,13.1425,13.162,12.885,12.95775,346499960.0
2020-11-25T06:00:00+0000,13.0325,13.26939,13.02,13.23475,259916400.0
2020-11-27T06:00:00+0000,13.375,13.4075,13.170545,13.26125,167275200.0
2020-11-30T06:00:00+0000,13.265,13.4125,12.9723525,13.4015,286952000.0
2020-12-01T06:00:00+0000,13.49225,13.52875,13.22825,13.39,297571280.0
2020-12-02T06:00:00+0000,13.3505,13.6734425,13.23425,13.5445,283361200.0
2020-12-03T06:00:00+0000,13.5875,13.66,13.329,13.396,199520640.0
2020-12-04T06:00:00+0000,13.4485,13.5599975,13.38869,13.55825,202243400.0
2020-12-07T06:00:00+0000,13.60125,13.73125,13.5,13.60675,223243240.0
2020-12-08T06:00:00+0000,13.585,13.59875,13.2815,13.35,271920880.0
2020-12-09T06:00:00+0000,13.3005,13.414,12.8682375,12.93075,401301200.0
2020-12-10T06:00:00+0000,12.869,13.0687475,12.849375,12.97225,207764720.0
2020-12-11T06:00:00+0000,12.96725,13.02,12.823,13.01325,209265640.0
2020-12-14T06:00:00+0000,13.087875,13.38875,13.0775,13.30875,270157880.0
2020-12-15T06:00:00+0000,13.43975,13.464,13.18675,13.3605,193485920.0
2020-12-16T06:00:00+0000,13.4224975,13.43725,13.2125,13.2425,223114680.0
2020-12-17T06:00:00+0000,13.36675,13.3795,13.1785,13.34125,231383880.0
2020-12-18T06:00:00+0000,13.379,13.405,13.0705,13.272,342064640.0
2020-12-21T06:00:00+0000,13.07475,13.37,12.9675,13.33225,302332160.0
2020-12-22T06:00:00+0000,13.31925,13.3372475,13.05388,13.27825,186314880.0
2020-12-23T06:00:00+0000,13.256,13.275,13.005,13.00925,179142760.0
2020-12-24T06:00:00+0000,13.03725,13.1325,12.93875,12.99375,97883520.0
2020-12-28T06:00:00+0000,13.0625,13.0625,12.763175,12.9,212565640.0
2020-12-29T06:00:00+0000,12.925,13.0725,12.84225,12.94325,170372160.0
2020-12-30T06:00:00+0000,12.99031,13.21375,12.89675,13.14575,225397160.0
2020-12-31T06:00:00+0000,13.1365,13.151125,12.915,13.055,192424400.0
2021-01-04T06:00:00+0000,13.10425,13.6524975,12.9625,13.1135,560641800.0
2021-01-05T06:00:00+0000,13.09975,13.4435,13.087,13.40475,322759920.0
2021-01-06T06:00:00+0000,13.2225,13.245,12.586,12.6145,580423000.0
2021-01-07T06:00:00+0000,12.9675,13.37775,12.8865025,13.344,461481480.0
2021-01-08T06:00:00+0000,13.3625,13.4209975,13.042,13.27675,292528600.0
2021-01-11T06:00:00+0000,13.41875,13.961,13.3625,13.6215,519028800.0
2021-01-12T06:00:00+0000,13.7525,13.7545,13.345,13.48475,291477720.0
2021-01-13T06:00:00+0000,13.489965,13.6249975,13.3850025,13.53175,210028440.0
2021-01-14T06:00:00+0000,13.575,13.59975,13.1805,13.20025,283120280.0
2021-01-15T06:00:00+0000,13.228,13.32525,12.8485,12.8595,277781280.0
2021-01-19T06:00:00+0000,13.01625,13.0939825,12.844,13.02525,226186880.0
2021-01-20T06:00:00+0000,13.11175,13.4305,13.05675,13.36575,258570880.0
2021-01-21T06:00:00+0000,13.418605,13.9993575,13.2530025,13.8675,338339600.0
2021-01-22T06:00:00+0000,13.7400875,13.8417325,13.62725,13.7125,246818560.0
2021-01-25T06:00:00+0000,13.78175,13.8285,13.23648,13.65325,251111160.0
2021-01-26T06:00:00+0000,13.58044,13.64475,13.3875,13.43525,163980400.0
2021-01-27T06:00:00+0000,13.23,13.23275,12.79375,12.91775,371272840.0
2021-01-28T06:00:00+0000,12.99625,13.33975,12.9605,13.051,228315960.0
2021-01-29T06:00:00+0000,13.075,13.33475,12.911505,12.98975,271552040.0
2021-02-01T06:00:00+0000,13.0533375,13.27075,12.90275,13.237,217204320.0
2021-02-02T06:00:00+0000,13.39875,13.572,13.2854975,13.55675,220438280.0
2021-02-03T06:00:00+0000,13.636,13.93175,13.5165,13.5305,245409280.0
2021-02-04T06:00:00+0000,13.531,13.6735,13.3378625,13.66425,201338480.0
2021-02-05T06:00:00+0000,13.725,13.73725,13.54575,13.591,169153640.0
2021-02-08T06:00:00+0000,13.727215,14.47375,13.727215,14.43875,434622840.0
2021-02-09T06:00:00+0000,14.340625,14.58325,14.2225,14.26325,287560120.0
2021-02-10T06:00:00+0000,14.46325,14.905,14.341375,14.76425,485352320.0
2021-02-11T06:00:00+0000,14.98025,15.27225,14.925,15.25075,450827720.0
2021-02-12T06:00:00+0000,15.05,15.2911375,14.775,14.96125,374757480.0
2021-02-16T06:00:00+0000,15.06425,15.3725,14.95,15.33025,321959520.0
2021-02-17T06:00:00+0000,15.171,15.2235175,14.78,14.906,275698680.0
2021-02-18T06:00:00+0000,14.729,14.87325,14.575,14.829,234080800.0
2021-02-19T06:00:00+0000,15.0245,15.1769975,14.8467,14.9265,271724120.0
2021-02-22T06:00:00+0000,14.77475,15.13325,14.325,14.35575,325885560.0
2021-02-23T06:00:00+0000,14.07525,14.23875,13.3895,14.142,391779320.0
2021-02-24T06:00:00+0000,14.12275,14.50675,13.756,14.499,448319080.0
2021-02-25T06:00:00+0000,14.0454175,14.37475,13.21625,13.3075,824436040.0
2021-02-26T06:00:00+0000,13.7525,13.8545,13.361,13.7145,500930400.0
2021-03-01T06:00:00+0000,13.875,13.925,13.5532475,13.84175,353183000.0
2021-03-02T06:00:00+0000,13.9,13.9205,13.396,13.40625,264114120.0
2021-03-03T06:00:00+0000,13.42625,13.4515,12.79875,12.80475,377590280.0
2021-03-04T06:00:00+0000,12.80075,12.975,12.08375,12.37025,573345160.0
2021-03-05T06:00:00+0000,12.55,12.55,11.67925,12.4615,542838840.0
2021-03-08T06:00:00+0000,12.45,12.47125,11.5665,11.59325,543111680.0
2021-03-09T06:00:00+0000,12.13025,12.61675,12.05925,12.52025,521825520.0
2021-03-10T06:00:00+0000,12.8405,12.98,12.4575,12.46825,384376560.0
2021-03-11T06:00:00+0000,12.95,13.04625,12.7345,12.9935,299914280.0
2021-03-12T06:00:00+0000,12.64825,12.88875,12.59,12.856,243963960.0
2021-03-15T05:00:00+0000,12.86475,13.20675,12.767125,13.19125,222520440.0
2021-03-16T05:00:00+0000,13.3565,13.5125,13.11675,13.29125,272129600.0
2021-03-17T05:00:00+0000,13.03975,13.45325,12.9895,13.34125,243864200.0
2021-03-18T05:00:00+0000,13.1365,13.184,12.7170425,12.7225,294188080.0
2021-03-19T05:00:00+0000,12.75,12.9215,12.6125,12.84575,299206960.0
2021-03-22T05:00:00+0000,12.91275,13.3945,12.90675,13.18625,297803080.0
2021-03-23T05:00:00+0000,13.25425,13.3445,13.02125,13.07075,222046080.0
2021-03-24T05:00:00+0000,13.15125,13.159125,12.63675,12.643,245838520.0
2021-03-25T05:00:00+0000,12.4995,12.71475,12.272,12.53525,295144560.0
2021-03-26T05:00:00+0000,12.5545,12.85625,12.3735,12.83925,363968960.0
2021-03-29T05:00:00+0000,12.82025,13.0625,12.7,12.94825,273519880.0
2021-03-30T05:00:00+0000,12.84195,12.97525,12.705,12.87175,200202480.0
2021-03-31T05:00:00+0000,13.0155,13.4705,12.9825,13.34825,314777520.0
2021-04-01T05:00:00+0000,13.57225,13.87,13.51125,13.81175,308274600.0
2021-04-05T05:00:00+0000,13.8675,14.0139625,13.733,13.9875,255671400.0
2021-04-06T05:00:00+0000,13.9996775,14.054125,13.7736225,13.8615,191745960.0
2021-04-07T05:00:00+0000,13.88075,14.2434975,13.7115,14.1435,251284360.0
2021-04-08T05:00:00+0000,14.25275,14.4715,14.2489425,14.317,244414920.0
2021-04-09T05:00:00+0000,14.214,14.408,14.175,14.4,195170880.0
2021-04-12T05:00:00+0000,14.28975,15.3525,14.13925,15.209,869322000.0
2021-04-13T05:00:00+0000,15.2315,15.7,15.12575,15.6795,676211880.0
2021-04-14T05:00:00+0000,15.625,15.72046,15.2275,15.277,385501920.0
2021-04-15T05:00:00+0000,15.6625,16.21415,15.6315,16.13725,598480680.0
2021-04-16T05:00:00+0000,16.0530875,16.16575,15.86525,15.9125,335207560.0
2021-04-19T05:00:00+0000,15.53654,15.8075,15.2330025,15.36175,404418080.0
2021-04-20T05:00:00+0000,15.32325,15.497,14.963,15.17125,334133040.0
2021-04-21T05:00:00+0000,15.11875,15.3625,15.10225,15.3605,216777040.0
2021-04-22T05:00:00+0000,15.375,15.4385675,14.7835,14.85025,277786280.0
2021-04-23T05:00:00+0000,14.9343625,15.334875,14.90025,15.26525,227772200.0
2021-04-26T05:00:00+0000,15.185045,15.479,15.125,15.478,197797080.0
2021-04-27T05:00:00+0000,15.5785,15.6705,15.3545,15.38175,164573000.0
2021-04-28T05:00:00+0000,15.3645,15.53225,15.2155175,15.27675,209416200.0
2021-04-29T05:00:00+0000,15.4,15.4365,15.0715,15.32475,173196480.0
2021-04-30T05:00:00+0000,15.1745,15.3649975,14.997,15.0095,201910080.0
2021-05-03T05:00:00+0000,15.125,15.24675,14.7875,14.83675,203911840.0
2021-05-04T05:00:00+0000,14.63725,14.6375,14.0102525,14.35125,405324800.0
2021-05-05T05:00:00+0000,14.709,14.8135,14.3875,14.4585,292023040.0
2021-05-06T05:00:00+0000,14.49525,14.57125,14.21809,14.523,193380920.0
2021-05-07T05:00:00+0000,14.80825,14.97075,14.6717075,14.81225,229327320.0
2021-05-10T05:00:00+0000,14.78725,14.806,14.25,14.26575,268903800.0
2021-05-11T05:00:00+0000,13.825,14.35475,13.75,14.30625,285585360.0
2021-05-12T05:00:00+0000,14.0095,14.26025,13.70925,13.7585,303409320.0
2021-05-13T05:00:00+0000,14.03375,14.08075,13.459,13.66525,285727480.0
2021-05-14T05:00:00+0000,13.89,14.328105,13.7485,14.243,258615000.0
2021-05-17T05:00:00+0000,14.157,14.16925,13.8535,14.1655,216980840.0
2021-05-18T05:00:00+0000,14.267,14.40425,14.004,14.01575,186254240.0
2021-05-19T05:00:00+0000,13.5665,14.0795,13.54325,14.06575,343999360.0
2021-05-20T05:00:00+0000,14.3025,14.683785,14.2705,14.6125,321591920.0
2021-05-21T05:00:00+0000,15.16375,15.222,14.86939,14.99175,672992000.0
2021-05-24T05:00:00+0000,15.2125,15.745,15.176,15.612,554816200.0
2021-05-25T05:00:00+0000,15.766,15.8184975,15.4825,15.64775,435406880.0
2021-05-26T05:00:00+0000,15.73425,15.79375,15.58625,15.7,370438640.0
2021-05-27T05:00:00+0000,15.69975,15.75,15.46,15.488,581475200.0
2021-05-28T05:00:00+0000,15.501,16.277475,15.501,16.2445,644535600.0
2021-06-01T05:00:00+0000,16.27,16.388125,15.90325,16.2645,472803000.0
2021-06-02T05:00:00+0000,16.25225,16.9188675,16.2355,16.77825,594167560.0
2021-06-03T05:00:00+0000,16.70075,17.259,16.583,16.96975,580006800.0
2021-06-04T05:00:00+0000,17.1125,17.661,17.0955,17.57825,617120280.0
2021-06-07T05:00:00+0000,17.57114,17.8125,17.19275,17.619,575754920.0
2021-06-08T05:00:00+0000,17.52725,17.6215875,17.251,17.457,323846760.0
2021-06-09T05:00:00+0000,17.51575,17.575,17.25575,17.35825,381657480.0
2021-06-10T05:00:00+0000,17.35,17.492,17.1760025,17.425,287770440.0
2021-06-11T05:00:00+0000,17.4795,17.939225,17.44375,17.82525,416307640.0
2021-06-14T05:00:00+0000,17.906,18.0395,17.6627525,18.01875,321374280.0
2021-06-15T05:00:00+0000,17.915,18.01625,17.72795,17.7885,243030440.0
2021-06-16T05:00:00+0000,17.79075,17.9546775,17.584425,17.81025,307122600.0
2021-06-17T05:00:00+0000,17.7745675,18.835,17.7562525,18.65725,809654880.0
2021-06-18T05:00:00+0000,18.784,19.375,18.584,18.63875,968854280.0
2021-06-21T05:00:00+0000,18.43525,18.5365,17.82265,18.42725,672382160.0
2021-06-22T05:00:00+0000,18.4715,18.96375,18.385875,18.88675,580145560.0
2021-06-23T05:00:00+0000,19.00775,19.15275,18.90775,19.05725,332357040.0
2021-06-24T05:00:00+0000,19.22775,19.42,19.08825,19.2055,320922400.0
2021-06-25T05:00:00+0000,19.2805,19.3455,18.894375,19.031,278365920.0
2021-06-28T05:00:00+0000,19.36125,20.07875,19.319,19.985,495436560.0
2021-06-29T05:00:00+0000,19.8825,20.09875,19.656875,20.02675,367633840.0
2021-06-30T05:00:00+0000,19.999125,20.1625,19.86375,20.0025,326566160.0
2021-07-01T05:00:00+0000,20.125,20.456,20.019,20.212,480134960.0
2021-07-02T05:00:00+0000,20.440125,20.50525,20.28775,20.487,343396680.0
2021-07-06T05:00:00+0000,20.7375,20.842,20.35025,20.6985,446707480.0
2021-07-07T05:00:00+0000,20.8535,20.875,20.33205,20.37175,418427280.0
2021-07-08T05:00:00+0000,19.8565,20.133,19.70075,19.90275,503299680.0
2021-07-09T05:00:00+0000,19.9625,20.080125,19.75425,20.05025,296622680.0
2021-07-12T05:00:00+0000,20.24,20.53275,20.18775,20.5125,321984760.0
2021-07-13T05:00:00+0000,20.4005,20.46125,20.1140025,20.25,290706320.0
2021-07-14T05:00:00+0000,20.35775,20.41775,19.75275,19.8415,380099200.0
2021-07-15T05:00:00+0000,19.81175,19.847,18.8585025,18.96625,550564520.0
2021-07-16T05:00:00+0000,19.0305,19.15711,18.073,18.161,688222640.0
2021-07-19T05:00:00+0000,17.91525,19.042,17.8655,18.77975,749058760.0
2021-07-20T05:00:00+0000,18.73,18.838,18.164,18.612,434686540.0
2021-07-21T05:00:00+0000,18.882,19.527,18.742,19.41,371017360.0
2021-07-22T05:00:00+0000,19.642,19.887,19.276,19.594,323825950.0
2021-07-23T05:00:00+0000,19.65635,19.7,19.25,19.558,195671980.0
2021-07-26T05:00:00+0000,19.311,19.442,18.914,19.294,203943160.0
2021-07-27T05:00:00+0000,19.265,19.622,18.741,19.208,248862580.0
2021-07-28T05:00:00+0000,19.3192,19.646,18.995,19.503,202191150.0
2021-07-29T05:00:00+0000,19.519,19.853,19.32803,19.662,190780880.0
2021-07-30T05:00:00+0000,19.418,19.63,19.263,19.499,183497460.0
2021-08-02T05:00:00+0000,19.7,19.961,19.361,19.75,217443970.0
2021-08-03T05:00:00+0000,19.74,20.222,19.22,19.815,301810740.0
2021-08-04T05:00:00+0000,19.99,20.318,19.828,20.274,231309400.0
2021-08-05T05:00:00+0000,20.5,20.733,20.342,20.637,211435370.0
2021-08-06T05:00:00+0000,20.524,20.57,20.21,20.366,178496610.0
2021-08-09T05:00:00+0000,20.446,20.50799,20.143,20.295,146443100.0
2021-08-10T05:00:00+0000,20.322,20.43,19.83454,19.936,179237780.0
2021-08-11T05:00:00+0000,20.043,20.049,19.43,19.699,185924840.0
2021-08-12T05:00:00+0000,19.87,20.02899,19.62,19.905,151861550.0
2021-08-13T05:00:00+0000,19.905,20.21381,19.851,20.188,183062860.0
2021-08-16T05:00:00+0000,20.135,20.287,19.453,19.95,211152800.0
2021-08-17T05:00:00+0000,19.685,19.77,19.267,19.458,204584850.0
2021-08-18T05:00:00+0000,19.5,19.63365,19.0,19.04,285913480.0
2021-08-19T05:00:00+0000,19.494,20.495,18.762,19.798,766554770.0
2021-08-20T05:00:00+0000,19.991,20.86506,19.933,20.816,675741310.0
2021-08-23T05:00:00+0000,20.971,21.997,20.95,21.958,575806580.0
2021-08-24T05:00:00+0000,21.753,21.959,21.535,21.793,297298920.0
2021-08-25T05:00:00+0000,21.737,22.47,21.722,22.213,347701040.0
2021-08-26T05:00:00+0000,22.2,22.34,21.79,22.068,237940420.0
2021-08-27T05:00:00+0000,22.184,22.722,22.167,22.636,304722190.0
2021-08-30T05:00:00+0000,22.82997,23.043,22.551,22.688,262579900.0
2021-08-31T05:00:00+0000,22.695,22.695,22.12,22.385,259849680.0
2021-09-01T05:00:00+0000,22.485,22.697,22.3565,22.441,201766950.0
2021-09-02T05:00:00+0000,22.518,22.59299,22.2945,22.396,188109570.0
2021-09-03T05:00:00+0000,22.325,22.986,22.2,22.843,280831980.0
2021-09-07T05:00:00+0000,22.833,22.899,22.5224,22.662,198107160.0
2021-09-08T05:00:00+0000,22.513,22.61,21.977,22.339,254434210.0
2021-09-09T05:00:00+0000,22.312,22.538,22.131,22.177,196856010.0
2021-09-10T05:00:00+0000,22.34831,22.626,22.27,22.478,248375740.0
2021-09-13T05:00:00+0000,22.684,22.964,21.858,22.152,297499900.0
2021-09-14T05:00:00+0000,22.275,22.41,22.086,22.242,199754600.0
2021-09-15T05:00:00+0000,22.309,22.36699,21.966,22.341,166538010.0
2021-09-16T05:00:00+0000,22.18345,22.277,21.927,22.242,156033440.0
2021-09-17T05:00:00+0000,22.3,22.321,21.83,21.9,294502840.0
2021-09-20T05:00:00+0000,21.146,21.433,20.662,21.113,349440450.0
2021-09-21T05:00:00+0000,21.4165,21.425,20.95,21.246,204688100.0
2021-09-22T05:00:00+0000,21.3655,21.96,21.196,21.941,268725560.0
2021-09-23T05:00:00+0000,22.14,22.5345,21.89,22.482,248554910.0
2021-09-24T05:00:00+0000,22.07,22.149,21.861,22.081,217655450.0
2021-09-27T05:00:00+0000,21.71035,21.799,21.325,21.66,245215140.0
2021-09-28T05:00:00+0000,21.2135,21.419,20.651,20.699,343068950.0
2021-09-29T05:00:00+0000,20.9395,21.017,20.467,20.517,218393630.0
2021-09-30T05:00:00+0000,20.7684,21.066,20.688,20.716,221009120.0
2021-10-01T05:00:00+0000,20.75,20.859,20.203,20.742,240977960.0
2021-10-04T05:00:00+0000,20.504,20.54179,19.555,19.732,345634970.0
2021-10-05T05:00:00+0000,19.95,20.648,19.854,20.451,279281650.0
2021-10-06T05:00:00+0000,20.12,20.72,20.08,20.7,297201750.0
2021-10-07T05:00:00+0000,21.092,21.322,20.972,21.075,256918930.0
2021-10-08T05:00:00+0000,21.101,21.206,20.775,20.831,151257910.0
2021-10-11T05:00:00+0000,20.575,21.063,20.511,20.695,163387540.0
2021-10-12T05:00:00+0000,20.8275,21.057,20.528,20.671,162133540.0
2021-10-13T05:00:00+0000,20.918,20.99,20.713,20.939,180651880.0
2021-10-14T05:00:00+0000,21.288,21.755,21.12201,21.746,243588810.0
2021-10-15T05:00:00+0000,21.81,21.931,21.662,21.862,226994010.0
2021-10-18T05:00:00+0000,21.749,22.291,21.644,22.222,189493560.0
2021-10-19T05:00:00+0000,22.276,22.379,22.037,22.29,161473290.0
2021-10-20T05:00:00+0000,22.3045,22.433,21.982,22.103,146275940.0
2021-10-21T05:00:00+0000,22.097,22.711,22.083,22.692,187590320.0
2021-10-22T05:00:00+0000,22.823,23.13,22.561,22.726,249383790.0
2021-10-25T05:00:00+0000,22.973,23.35499,22.77,23.166,230234830.0
2021-10-26T05:00:00+0000,23.989,25.259,23.924,24.717,485898300.0
2021-10-27T05:00:00+0000,24.474,25.09,24.28201,24.451,245989890.0
2021-10-28T05:00:00+0000,24.878,24.95,24.523,24.941,234204310.0
2021-10-29T05:00:00+0000,25.0005,25.709,25.0,25.567,292502840.0
2021-11-01T05:00:00+0000,25.649,25.894,25.227,25.827,265739760.0
2021-11-02T05:00:00+0000,25.822,26.678,25.8,26.401,294112390.0
2021-11-03T05:00:00+0000,26.67,26.784,26.235,26.598,239910330.0
2021-11-04T05:00:00+0000,27.229,31.365,27.118,29.801,1153631150.0
2021-11-05T05:00:00+0000,30.187,31.4,29.41,29.752,851260150.0
2021-11-08T06:00:00+0000,30.149,31.1,29.907,30.804,503100930.0
2021-11-09T06:00:00+0000,32.282,32.31,29.964,30.657,646746210.0
2021-11-10T06:00:00+0000,29.356,30.85,28.778,29.459,636205720.0
2021-11-11T06:00:00+0000,30.468,30.59,29.77701,30.39,332172110.0
2021-11-12T06:00:00+0000,30.01,30.68,29.63,30.39,413054280.0
2021-11-15T06:00:00+0000,30.552,30.644,29.247,30.025,384909000.0
2021-11-16T06:00:00+0000,29.759,30.39,29.70587,30.203,264483670.0
2021-11-17T06:00:00+0000,30.418,30.509,28.8,29.261,428507990.0
2021-11-18T06:00:00+0000,32.367,32.76,31.321,31.675,781710750.0
2021-11-19T06:00:00+0000,32.243,33.088,31.905,32.985,533866650.0
2021-11-22T06:00:00+0000,33.517,34.647,31.9,31.956,754335240.0
2021-11-23T06:00:00+0000,31.535,32.36,30.88,31.746,532162700.0
2021-11-24T06:00:00+0000,31.461,32.855,30.928,32.674,435162260.0
2021-11-26T06:00:00+0000,32.6,32.71,31.35,31.503,283068860.0
2021-11-29T06:00:00+0000,32.366,33.412,32.036,33.376,454963980.0
2021-11-30T06:00:00+0000,33.169,33.353,31.86401,32.676,622066470.0
2021-12-01T06:00:00+0000,33.21947,33.28934,31.38,31.435,485802040.0
2021-12-02T06:00:00+0000,31.214,32.47799,31.025,32.126,472890330.0
2021-12-03T06:00:00+0000,32.0,32.129,30.13,30.693,544325050.0
2021-12-06T06:00:00+0000,29.88,30.241,28.038,30.037,658938450.0
2021-12-07T06:00:00+0000,30.957,32.449,30.651,32.427,593053480.0
2021-12-08T06:00:00+0000,31.999,32.29,31.42101,31.826,475551450.0
2021-12-09T06:00:00+0000,31.734,32.205,30.428,30.49,488507160.0
2021-12-10T06:00:00+0000,31.15,31.305,29.861,30.198,488825090.0
2021-12-13T06:00:00+0000,30.249,30.294,28.116,28.161,598343660.0
2021-12-14T06:00:00+0000,27.699,28.678,27.25,28.337,667035370.0
2021-12-15T06:00:00+0000,28.4,30.5,27.838,30.459,698296880.0
2021-12-16T06:00:00+0000,31.152,31.16,28.093,28.387,707365950.0
2021-12-17T06:00:00+0000,27.985,28.922,27.76,27.801,716622390.0
2021-12-20T06:00:00+0000,27.305,28.144,27.145,27.719,461846760.0
2021-12-21T06:00:00+0000,28.374,29.12,27.401,29.075,524384940.0
2021-12-22T06:00:00+0000,28.891,29.555,28.449,29.4,395184380.0
2021-12-23T06:00:00+0000,29.755,30.059,29.43101,29.64,343021740.0
2021-12-27T06:00:00+0000,29.66,31.0865,29.64,30.945,403685870.0
2021-12-28T06:00:00+0000,31.312,31.33,30.01181,30.322,420591210.0
2021-12-29T06:00:00+0000,30.2725,30.548,29.366,30.001,343139280.0
2021-12-30T06:00:00+0000,29.827,30.457,29.54,29.586,308864220.0
2021-12-31T06:00:00+0000,29.674,30.03,29.33057,29.411,266529910.0
2022-01-03T06:00:00+0000,29.815,30.711,29.785,30.121,392402940.0
2022-01-04T06:00:00+0000,30.277,30.468,28.349,29.29,527154400.0
2022-01-05T06:00:00+0000,28.949,29.416,27.533,27.604,498063880.0
2022-01-06T06:00:00+0000,27.64,28.43799,27.065,28.178,454186370.0
2022-01-07T06:00:00+0000,28.141,28.422,27.057,27.247,409938510.0
2022-01-10T06:00:00+0000,26.581,27.469,25.64384,27.4,594680950.0
2022-01-11T06:00:00+0000,27.3225,28.065,26.839,27.817,404089290.0
2022-01-12T06:00:00+0000,28.0665,28.595,27.608,27.999,383413480.0
2022-01-13T06:00:00+0000,28.379,28.48,26.498,26.575,538868090.0
2022-01-14T06:00:00+0000,26.3,27.1969,26.21001,26.942,395832350.0
2022-01-18T06:00:00+0000,26.26,26.638,25.77,25.903,425306170.0
2022-01-19T06:00:00+0000,26.079,26.54317,25.052,25.067,488314510.0
2022-01-20T06:00:00+0000,25.304,25.57904,24.078,24.15,435180730.0
2022-01-21T06:00:00+0000,23.507,24.823,23.263,23.374,718957840.0
2022-01-24T06:00:00+0000,22.33,23.38,20.888,23.372,915810630.0
2022-01-25T06:00:00+0000,22.546,22.943,22.0,22.324,664616360.0
2022-01-26T06:00:00+0000,23.24,24.057,22.3,22.772,755958730.0
2022-01-27T06:00:00+0000,23.568,23.995,21.675,21.944,573352720.0
2022-01-28T06:00:00+0000,22.01215,22.858,21.296,22.84,543774250.0
2022-01-31T06:00:00+0000,23.182,24.509,23.052,24.486,564679680.0
2022-02-01T06:00:00+0000,25.104,25.145,23.89001,24.638,518925170.0
2022-02-02T06:00:00+0000,25.794,25.817,24.55301,25.242,543419410.0
2022-02-03T06:00:00+0000,24.458,25.077,23.78,23.948,410177780.0
2022-02-04T06:00:00+0000,23.972,24.635,23.632,24.319,354828500.0
2022-02-07T06:00:00+0000,24.372,25.182,24.202,24.728,376867500.0
2022-02-08T06:00:00+0000,24.359,25.23,23.98,25.108,410358640.0
2022-02-09T06:00:00+0000,25.622,26.725,25.353,26.705,524281660.0
2022-02-10T06:00:00+0000,25.995,26.92499,25.6,25.824,513199720.0
2022-02-11T06:00:00+0000,25.916,26.152,23.773,23.949,605471980.0
2022-02-14T06:00:00+0000,23.934,24.875,23.755,24.267,440424430.0
2022-02-15T06:00:00+0000,24.949,26.545,24.784,26.495,701752800.0
2022-02-16T06:00:00+0000,26.259,26.582,25.552,26.511,732676330.0
2022-02-17T06:00:00+0000,25.63,25.785,24.165,24.507,810595080.0
2022-02-18T06:00:00+0000,24.6675,24.986,23.1,23.642,761254910.0
2022-02-22T06:00:00+0000,23.035,24.06399,23.0,23.39,633422440.0
2022-02-23T06:00:00+0000,23.802,24.15499,22.301,22.387,566510770.0
2022-02-24T06:00:00+0000,21.015,23.8,20.89,23.748,735800630.0
2022-02-25T06:00:00+0000,23.721,24.217,23.381,24.157,528865510.0
2022-02-28T06:00:00+0000,23.992,24.665,23.70701,24.385,477318610.0
2022-03-01T06:00:00+0000,24.291,24.377,23.132,23.477,412055980.0
2022-03-02T06:00:00+0000,23.756,24.409,23.415,24.22,389641850.0
2022-03-03T06:00:00+0000,24.2615,24.32599,23.469,23.714,365095040.0
2022-03-04T06:00:00+0000,23.384,23.68,22.482,22.936,432010700.0
2022-03-07T06:00:00+0000,22.817,23.033,21.33,21.352,450820890.0
2022-03-08T06:00:00+0000,21.309,22.37299,20.65,21.514,557467190.0
2022-03-09T06:00:00+0000,22.387,23.22,22.247,23.014,492741950.0
2022-03-10T06:00:00+0000,22.531,22.788,21.882,22.658,428065650.0
2022-03-11T06:00:00+0000,23.022,23.145,22.046,22.1,367208570.0
2022-03-14T05:00:00+0000,21.869,22.262,21.15901,21.33,385354240.0
2022-03-15T05:00:00+0000,21.518,23.038,21.32201,22.973,491995690.0
2022-03-16T05:00:00+0000,23.5,24.597,23.172,24.496,671421740.0
2022-03-17T05:00:00+0000,24.12,24.842,23.906,24.766,471941190.0
2022-03-18T05:00:00+0000,24.799,26.56899,24.624,26.453,730718560.0
2022-03-21T05:00:00+0000,26.507,27.15199,25.967,26.734,591727080.0
2022-03-22T05:00:00+0000,26.727,27.238,26.072,26.524,547007100.0
2022-03-23T05:00:00+0000,26.126,26.6115,25.57501,25.634,502119860.0
2022-03-24T05:00:00+0000,26.166,28.31999,25.907,28.15,877379140.0
2022-03-25T05:00:00+0000,27.886,28.358,27.271,27.692,579016180.0
2022-03-28T05:00:00+0000,27.7555,28.25,27.206,28.219,425493920.0
2022-03-29T05:00:00+0000,28.6945,28.946,27.98,28.656,488984400.0
2022-03-30T05:00:00+0000,28.304,28.4955,27.503,27.69,463487130.0
2022-03-31T05:00:00+0000,27.782,28.248,27.27,27.286,523440220.0
2022-04-01T05:00:00+0000,27.375,27.496,26.267,26.712,517235110.0
2022-04-04T05:00:00+0000,26.728,27.558,26.613,27.36,397707820.0
2022-04-05T05:00:00+0000,27.254,27.319,25.82,25.931,436614730.0
2022-04-06T05:00:00+0000,24.934,25.3,24.003,24.407,703832560.0
2022-04-07T05:00:00+0000,24.441,24.722,23.478,24.208,557992360.0
2022-04-08T05:00:00+0000,23.917,23.923,23.06201,23.119,524780640.0
2022-04-11T05:00:00+0000,22.214,22.31994,21.66,21.917,575206840.0
2022-04-12T05:00:00+0000,22.537,22.725,21.28204,21.504,662258070.0
2022-04-13T05:00:00+0000,21.728,22.5,21.455,22.203,516943440.0
2022-04-14T05:00:00+0000,22.505,22.777,21.163,21.258,569096850.0
2022-04-18T05:00:00+0000,21.2,22.088,21.079,21.783,525700610.0
2022-04-19T05:00:00+0000,21.72,22.373,21.314,22.198,512780580.0
2022-04-20T05:00:00+0000,22.5171,22.67037,21.2,21.482,468974440.0
2022-04-21T05:00:00+0000,21.70915,22.392,20.0,20.183,656209440.0
2022-04-22T05:00:00+0000,20.303,20.486,19.5,19.515,624713430.0
2022-04-25T05:00:00+0000,19.202,19.945,19.096,19.902,641565610.0
2022-04-26T05:00:00+0000,19.718,19.788,18.67,18.788,653142500.0
2022-04-27T05:00:00+0000,18.598,19.167,18.29,18.415,499460170.0
2022-04-28T05:00:00+0000,18.967,20.037,18.48957,19.782,570326710.0
2022-04-29T05:00:00+0000,19.402,20.12848,18.517,18.547,500434910.0
2022-05-02T05:00:00+0000,18.5405,19.574,18.391,19.533,572048680.0
2022-05-03T05:00:00+0000,19.4,19.825,19.133,19.602,475750840.0
2022-05-04T05:00:00+0000,19.923,20.4,18.751,20.334,648854630.0
2022-05-05T05:00:00+0000,19.867,19.925,18.5,18.844,626331410.0
2022-05-06T05:00:00+0000,18.736,19.512,17.99,18.675,633296720.0
2022-05-09T05:00:00+0000,18.034,18.255,16.827,16.95,644454510.0
2022-05-10T05:00:00+0000,17.689,18.198,17.025,17.595,761474290.0
2022-05-11T05:00:00+0000,17.347,17.753,16.568,16.63,670167030.0
2022-05-12T05:00:00+0000,16.2191,16.788,15.567,16.175,708728370.0
2022-05-13T05:00:00+0000,16.788,17.92843,16.5925,17.706,670436510.0
2022-05-16T05:00:00+0000,17.509,17.788,17.106,17.264,521445980.0
2022-05-17T05:00:00+0000,18.074,18.371,17.634,18.177,585829710.0
2022-05-18T05:00:00+0000,17.705,18.118,16.864,16.938,545161060.0
2022-05-19T05:00:00+0000,16.937,17.687,16.73405,17.124,621309590.0
2022-05-20T05:00:00+0000,17.332,17.41,15.755,16.694,739105260.0
2022-05-23T05:00:00+0000,16.274,16.915,16.17901,16.898,639888690.0
2022-05-24T05:00:00+0000,16.51,16.597,15.78,16.154,588550020.0
2022-05-25T05:00:00+0000,16.02,17.11099,16.0,16.975,781131900.0
2022-05-26T05:00:00+0000,16.036,18.092,16.022,17.851,996574520.0
2022-05-27T05:00:00+0000,18.186,18.881,18.1,18.811,738379350.0
2022-05-31T05:00:00+0000,18.98,19.2,18.35,18.672,664099510.0
2022-06-01T05:00:00+0000,18.724,19.05318,18.122,18.32,544513900.0
2022-06-02T05:00:00+0000,18.292,19.619,18.198,19.592,648655800.0
2022-06-03T05:00:00+0000,19.0815,19.3323,18.52156,18.72,598778700.0
2022-06-06T05:00:00+0000,19.139,19.337,18.5642,18.786,422406150.0
2022-06-07T05:00:00+0000,18.472,19.0,18.188,18.926,388914110.0
2022-06-08T05:00:00+0000,18.799,19.18,18.535,18.648,363252460.0
2022-06-09T05:00:00+0000,18.481,18.933,18.041,18.048,395573790.0
2022-06-10T05:00:00+0000,17.6,17.697,16.869,16.974,465649660.0
2022-06-13T05:00:00+0000,16.0,16.312,15.606,15.647,604153380.0
2022-06-14T05:00:00+0000,15.731,16.066,15.412,15.836,469679520.0
2022-06-15T05:00:00+0000,16.095,16.868,15.926,16.527,563935650.0
2022-06-16T05:00:00+0000,15.86,15.94232,15.401,15.601,545748670.0
2022-06-17T05:00:00+0000,15.648,15.995,15.328,15.88,630333970.0
2022-06-21T05:00:00+0000,16.4745,17.008,16.407,16.566,483088880.0
2022-06-22T05:00:00+0000,16.226,16.662,16.18,16.36,437997440.0
2022-06-23T05:00:00+0000,16.5185,16.585,15.853,16.225,463679590.0
2022-06-24T05:00:00+0000,16.5,17.14,16.31,17.126,472152830.0
2022-06-27T05:00:00+0000,17.312,17.33,16.6255,16.869,427967880.0
2022-06-28T05:00:00+0000,16.9,17.20199,15.945,15.982,461859360.0
2022-06-29T05:00:00+0000,15.814,15.82,15.17,15.542,482352280.0
2022-06-30T05:00:00+0000,15.361,15.567,14.862,15.159,686070030.0
2022-07-01T05:00:00+0000,14.899,15.06291,14.392,14.523,577610080.0
2022-07-05T05:00:00+0000,14.175,14.971,14.055,14.964,652207610.0
2022-07-06T05:00:00+0000,15.01,15.31899,14.789,15.13,529065860.0
2022-07-07T05:00:00+0000,15.4555,15.945,15.389,15.858,492902760.0
2022-07-08T05:00:00+0000,15.43,16.03699,15.389,15.838,467971760.0
2022-07-11T05:00:00+0000,15.526,15.52699,15.03801,15.152,438388730.0
2022-07-12T05:00:00+0000,15.268,15.431,14.877,15.082,458483100.0
2022-07-13T05:00:00+0000,14.59,15.375,14.465,15.164,521918340.0
2022-07-14T05:00:00+0000,15.108,15.47299,14.728,15.372,456234840.0
2022-07-15T05:00:00+0000,15.659,15.782,15.445,15.762,385935470.0
2022-07-18T05:00:00+0000,16.302,16.897,16.002,16.101,670517450.0
2022-07-19T05:00:00+0000,16.486,17.11,16.17201,16.992,702366080.0
2022-07-20T05:00:00+0000,16.947,17.9325,16.801,17.807,760537790.0
2022-07-21T05:00:00+0000,17.885,18.144,17.54456,18.05,557049280.0
2022-07-22T05:00:00+0000,17.893,17.967,17.1365,17.319,536670880.0
2022-07-25T05:00:00+0000,17.019,17.124,16.649,17.024,480747510.0
2022-07-26T05:00:00+0000,16.889,16.919,16.478,16.533,397864910.0
2022-07-27T05:00:00+0000,17.032,17.936,16.91301,17.79,569776230.0
2022-07-28T05:00:00+0000,17.975,18.14,17.44,17.984,474646280.0
2022-07-29T05:00:00+0000,17.813,18.244,17.692,18.163,435460420.0
2022-08-01T05:00:00+0000,18.182,18.846,17.99,18.441,476469040.0
2022-08-02T05:00:00+0000,18.122,18.93753,18.092,18.526,489526920.0
2022-08-03T05:00:00+0000,18.184,18.968,18.137,18.893,418145570.0
2022-08-04T05:00:00+0000,18.849,19.274,18.76,19.215,409652270.0
2022-08-05T05:00:00+0000,18.81,19.22892,18.666,18.989,386068290.0
2022-08-08T05:00:00+0000,17.502,18.239,17.242,17.793,983783180.0
2022-08-09T05:00:00+0000,17.252,17.44719,16.724,17.086,668262650.0
2022-08-10T05:00:00+0000,17.698,18.118,17.31701,18.097,597422460.0
2022-08-11T05:00:00+0000,18.131,18.707,17.876,17.942,509326550.0
2022-08-12T05:00:00+0000,18.16,18.718,17.953,18.709,478094150.0
2022-08-15T05:00:00+0000,18.701,19.164,18.613,19.032,457665560.0
2022-08-16T05:00:00+0000,18.9195,19.142,18.501,18.879,451239640.0
2022-08-17T05:00:00+0000,18.523,18.688,18.145,18.335,446799110.0
2022-08-18T05:00:00+0000,18.301,18.86499,18.183,18.773,415446560.0
2022-08-19T05:00:00+0000,18.406,18.52,17.77,17.849,441588330.0
2022-08-22T05:00:00+0000,17.49,17.558,16.966,17.034,409592710.0
2022-08-23T05:00:00+0000,16.9885,17.465,16.97,17.181,369985770.0
2022-08-24T05:00:00+0000,17.012,17.406,16.895,17.222,522660710.0
2022-08-25T05:00:00+0000,16.844,17.947,16.833,17.913,770691330.0
2022-08-26T05:00:00+0000,17.857,17.924,16.237,16.26,769127430.0
2022-08-29T05:00:00+0000,16.02,16.338,15.767,15.801,496131940.0
2022-08-30T05:00:00+0000,15.96,16.039,15.182,15.468,530180690.0
2022-08-31T05:00:00+0000,15.384,15.54,14.95851,15.094,573709860.0
2022-09-01T05:00:00+0000,14.209,14.38,13.27021,13.937,1178865140.0
2022-09-02T05:00:00+0000,14.1,14.171,13.591,13.647,743157460.0
2022-09-06T05:00:00+0000,13.731,13.779,13.351,13.465,535751180.0
2022-09-07T05:00:00+0000,13.563,13.838,13.346,13.714,512657460.0
2022-09-08T05:00:00+0000,13.459,14.008,13.369,13.99,624873120.0
2022-09-09T05:00:00+0000,14.157,14.474,14.126,14.387,487128420.0
2022-09-12T05:00:00+0000,14.369,14.547,14.198,14.505,484159240.0
2022-09-13T05:00:00+0000,13.802,13.922,13.099,13.131,714955630.0
2022-09-14T05:00:00+0000,13.254,13.28999,12.913,13.128,588506540.0
2022-09-15T05:00:00+0000,13.0152,13.23299,12.79,12.929,523625160.0
2022-09-16T05:00:00+0000,12.7415,13.212,12.617,13.198,670751400.0
2022-09-19T05:00:00+0000,13.012,13.463,13.01,13.382,569685280.0
2022-09-20T05:00:00+0000,13.2145,13.48276,13.057,13.176,524817750.0
2022-09-21T05:00:00+0000,13.213,14.031,13.11,13.261,807679400.0
2022-09-22T05:00:00+0000,13.07,13.14897,12.428,12.561,759162160.0
2022-09-23T05:00:00+0000,12.42,12.611,12.257,12.516,663309310.0
2022-09-26T05:00:00+0000,12.491,12.659,12.214,12.228,547342690.0
2022-09-27T05:00:00+0000,12.507,12.736,12.258,12.413,553854060.0
2022-09-28T05:00:00+0000,12.41,12.823,12.35386,12.736,542413880.0
2022-09-29T05:00:00+0000,12.448,12.5,11.94601,12.22,532763120.0
2022-09-30T05:00:00+0000,12.087,12.633,12.075,12.139,565638420.0
2022-10-03T05:00:00+0000,12.347,12.678,12.105,12.512,547478470.0
2022-10-04T05:00:00+0000,12.879,13.22,12.879,13.167,584181670.0
2022-10-05T05:00:00+0000,12.9107,13.321,12.621,13.209,507130730.0
2022-10-06T05:00:00+0000,13.22,13.656,13.103,13.13,644156890.0
2022-10-07T05:00:00+0000,12.505,12.67,12.022,12.076,672478160.0
2022-10-10T05:00:00+0000,12.037,12.12432,11.40812,11.67,698699250.0
2022-10-11T05:00:00+0000,11.561,11.846,11.283,11.586,667481630.0
2022-10-12T05:00:00+0000,11.579,11.735,11.345,11.5,492590190.0
2022-10-13T05:00:00+0000,10.971,12.07799,10.813,11.96,850103010.0
2022-10-14T05:00:00+0000,12.057,12.111,11.204,11.227,713431990.0
2022-10-17T05:00:00+0000,11.518,11.948,11.517,11.888,580774170.0
2022-10-18T05:00:00+0000,12.344,12.492,11.618,11.967,659362060.0
2022-10-19T05:00:00+0000,11.879,12.35,11.834,12.051,523130610.0
2022-10-20T05:00:00+0000,12.113,12.769,12.105,12.194,652397610.0
2022-10-21T05:00:00+0000,12.0982,12.498,11.887,12.466,609494410.0
2022-10-24T05:00:00+0000,12.508,12.71,12.064,12.599,517457400.0
2022-10-25T05:00:00+0000,12.6935,13.3,12.664,13.261,505482330.0
2022-10-26T05:00:00+0000,12.869,13.388,12.708,12.896,535533290.0
2022-10-27T05:00:00+0000,13.63,13.838,13.122,13.176,583113080.0
2022-10-28T05:00:00+0000,13.104,13.85,13.061,13.834,521039930.0
2022-10-31T05:00:00+0000,13.778,13.838,13.297,13.497,486340990.0
2022-11-01T05:00:00+0000,13.811,13.925,13.519,13.543,432816900.0
2022-11-02T05:00:00+0000,13.85,14.21,13.21124,13.219,672627840.0
2022-11-03T05:00:00+0000,13.043,13.781,12.956,13.421,500064860.0
2022-11-04T05:00:00+0000,13.986,14.229,13.697,14.156,612575910.0
2022-11-07T06:00:00+0000,14.228,14.412,13.954,14.301,410060950.0
2022-11-08T06:00:00+0000,14.801,14.89101,14.216,14.602,595291990.0
2022-11-09T06:00:00+0000,14.1615,14.211,13.75901,13.776,454413660.0
2022-11-10T06:00:00+0000,14.8,15.773,14.547,15.75,700819250.0
2022-11-11T06:00:00+0000,15.8075,16.389,15.482,16.327,655487470.0
2022-11-14T06:00:00+0000,16.218,16.54,15.922,16.295,527852450.0
2022-11-15T06:00:00+0000,16.7215,16.998,16.382,16.666,545875500.0
2022-11-16T06:00:00+0000,16.1615,16.362,15.873,15.91,649546840.0
2022-11-17T06:00:00+0000,15.715,16.266,15.535,15.677,710893560.0
2022-11-18T06:00:00+0000,15.966,16.002,15.12001,15.409,492071650.0
2022-11-21T06:00:00+0000,15.147,15.477,15.08,15.317,404739310.0
2022-11-22T06:00:00+0000,15.328,16.05757,15.1216,16.038,472866070.0
2022-11-23T06:00:00+0000,16.098,16.527,16.04801,16.519,427240930.0
2022-11-25T06:00:00+0000,16.318,16.487,16.172,16.27,167934300.0
2022-11-28T06:00:00+0000,16.026,16.357,15.725,15.827,304152010.0
2022-11-29T06:00:00+0000,15.827,15.932,15.52,15.639,298384490.0
2022-11-30T06:00:00+0000,15.697,16.93,15.597,16.923,565298220.0
2022-12-01T06:00:00+0000,16.999,17.265,16.635,17.135,470976570.0
2022-12-02T06:00:00+0000,16.659,16.93257,16.445,16.876,371388580.0
2022-12-05T06:00:00+0000,16.679,16.995,16.47201,16.61,352255170.0
2022-12-06T06:00:00+0000,16.53,16.573,15.819,15.987,352694270.0
2022-12-07T06:00:00+0000,15.772,16.186,15.667,16.12,372387580.0
2022-12-08T06:00:00+0000,16.273,17.179,15.959,17.169,515455540.0
2022-12-09T06:00:00+0000,17.16,17.583,16.975,17.001,465338190.0
2022-12-12T06:00:00+0000,17.037,17.538,16.797,17.535,457327800.0
2022-12-13T06:00:00+0000,18.531,18.79,17.711,18.072,656588760.0
2022-12-14T06:00:00+0000,17.987,18.252,17.42,17.674,496888100.0
2022-12-15T06:00:00+0000,17.146,17.32,16.7,16.952,478542100.0
2022-12-16T06:00:00+0000,16.8642,17.041,16.41,16.571,478231930.0
2022-12-19T06:00:00+0000,16.572,16.609,16.145,16.254,354038770.0
2022-12-20T06:00:00+0000,16.064,16.31,15.852,16.085,403259790.0
2022-12-21T06:00:00+0000,16.114,16.627,16.102,16.501,325025380.0
2022-12-22T06:00:00+0000,16.0935,16.138,14.882,15.339,565045270.0
2022-12-23T06:00:00+0000,15.196,15.339,14.883,15.206,349325630.0
2022-12-27T06:00:00+0000,15.074,15.1,14.056,14.121,464902260.0
2022-12-28T06:00:00+0000,13.927,14.262,13.884,14.036,351066450.0
2022-12-29T06:00:00+0000,14.402,14.683,14.227,14.603,354923240.0
2022-12-30T06:00:00+0000,14.334,14.62899,14.233,14.614,310489830.0
2023-01-03T06:00:00+0000,14.851,14.996,14.096,14.315,401276580.0
2023-01-04T06:00:00+0000,14.567,14.853,14.241,14.749,431323600.0
2023-01-05T06:00:00+0000,14.491,14.564,14.14795,14.265,389168110.0
2023-01-06T06:00:00+0000,14.474,15.01,14.034,14.859,405043620.0
2023-01-09T06:00:00+0000,15.284,16.056,15.141,15.628,504230560.0
2023-01-10T06:00:00+0000,15.507,15.96199,15.472,15.909,384101260.0
2023-01-11T06:00:00+0000,15.83951,16.028,15.563,16.001,353284930.0
2023-01-12T06:00:00+0000,16.1,16.637,15.492,16.511,551409060.0
2023-01-13T06:00:00+0000,16.278,16.922,16.165,16.899,447287060.0
2023-01-17T06:00:00+0000,16.899,17.728,16.899,17.702,511102160.0
2023-01-18T06:00:00+0000,17.667,17.873,17.282,17.377,439623550.0
2023-01-19T06:00:00+0000,17.036,17.197,16.731,16.765,452931600.0
2023-01-20T06:00:00+0000,17.011,17.856,16.825,17.839,564967120.0
2023-01-23T06:00:00+0000,18.064,19.245,17.8175,19.193,655162590.0
2023-01-24T06:00:00+0000,18.827,19.495,18.82,19.265,496204100.0
2023-01-25T06:00:00+0000,18.9125,19.37,18.58,19.323,449537110.0
2023-01-26T06:00:00+0000,19.701,20.166,19.278,19.802,489535420.0
2023-01-27T06:00:00+0000,19.462,20.628,19.405,20.365,542141980.0
2023-01-30T06:00:00+0000,19.95,20.14,19.15,19.162,488611150.0
2023-01-31T06:00:00+0000,19.1695,19.687,18.95,19.537,498016580.0
2023-02-01T06:00:00+0000,19.691,21.192,19.611,20.943,660477040.0
2023-02-02T06:00:00+0000,21.0,21.949,20.7,21.709,564275800.0
2023-02-03T06:00:00+0000,21.0,21.74499,20.789,21.1,429365950.0
2023-02-06T06:00:00+0000,20.806,21.57,20.786,21.089,452197090.0
2023-02-07T06:00:00+0000,21.382,22.259,21.15,22.173,664149610.0
2023-02-08T06:00:00+0000,22.387,22.878,22.00801,22.205,559651220.0
2023-02-09T06:00:00+0000,22.606,23.02,22.12,22.337,523875780.0
2023-02-10T06:00:00+0000,21.69,22.07764,20.811,21.265,550736750.0
2023-02-13T06:00:00+0000,21.538,22.048,20.962,21.788,474918620.0
2023-02-14T06:00:00+0000,21.578,23.0488,21.366,22.971,675473500.0
2023-02-15T06:00:00+0000,22.549,22.855,22.106,22.764,421188260.0
2023-02-16T06:00:00+0000,22.133,22.55,21.9268,22.002,412026280.0
2023-02-17T06:00:00+0000,21.631,21.74,20.975,21.388,465887640.0
2023-02-21T06:00:00+0000,21.0,21.4938,20.618,20.655,410014550.0
2023-02-22T06:00:00+0000,20.707,21.104,20.421,20.754,513184320.0
2023-02-23T06:00:00+0000,23.44,23.888,23.025,23.664,1117995410.0
2023-02-24T06:00:00+0000,23.225,23.474,22.947,23.286,589715910.0
2023-02-27T06:00:00+0000,23.67,23.87994,23.454,23.501,452993670.0
2023-02-28T06:00:00+0000,23.372,23.825,23.206,23.216,455962800.0
2023-03-01T06:00:00+0000,23.192,23.25557,22.508,22.698,460025620.0
2023-03-02T06:00:00+0000,22.488,23.3804,22.432,23.314,390074650.0
2023-03-03T06:00:00+0000,23.32,23.9,23.13,23.89,412393300.0
2023-03-06T06:00:00+0000,23.891,24.248,23.487,23.554,437429230.0
2023-03-07T06:00:00+0000,23.6,24.125,23.241,23.288,515153880.0
2023-03-08T06:00:00+0000,23.487,24.2,23.4235,24.181,513573390.0
2023-03-09T06:00:00+0000,24.175,24.454,23.38284,23.436,501256990.0
2023-03-10T06:00:00+0000,23.409,23.627,22.726,22.965,474865650.0
2023-03-13T05:00:00+0000,22.752,23.298,22.297,22.966,421890320.0
2023-03-14T05:00:00+0000,23.496,24.219,23.46,24.063,474910130.0
2023-03-15T05:00:00+0000,23.761,24.286,23.36,24.228,524485740.0
2023-03-16T05:00:00+0000,24.027,25.588,23.894,25.541,584946260.0
2023-03-17T05:00:00+0000,25.982,26.399,25.668,25.725,848546560.0
2023-03-20T05:00:00+0000,25.615,26.024,25.12983,25.9,432747190.0
2023-03-21T05:00:00+0000,26.18,26.392,25.381,26.199,547407760.0
2023-03-22T05:00:00+0000,26.425,27.589,26.237,26.468,797295110.0
2023-03-23T05:00:00+0000,27.1155,27.499,26.69,27.191,564888760.0
2023-03-24T05:00:00+0000,27.031,27.167,26.355,26.779,455414070.0
2023-03-27T05:00:00+0000,26.837,27.0,26.365,26.531,361025740.0
2023-03-28T05:00:00+0000,26.447,26.513,25.85,26.41,356103780.0
2023-03-29T05:00:00+0000,26.825,27.078,26.597,26.984,393693870.0
2023-03-30T05:00:00+0000,27.229,27.499,27.102,27.383,364515740.0
2023-03-31T05:00:00+0000,27.14,27.83431,27.105,27.777,433932770.0
2023-04-03T05:00:00+0000,27.509,28.0,27.336,27.965,398715600.0
2023-04-04T05:00:00+0000,27.966,28.0,27.307,27.453,368591530.0
2023-04-05T05:00:00+0000,26.829,26.998,26.395,26.881,515014740.0
2023-04-06T05:00:00+0000,26.584,27.08,26.427,27.037,397654340.0
2023-04-10T05:00:00+0000,26.823,27.62099,26.669,27.579,395278550.0
2023-04-11T05:00:00+0000,27.7235,27.79,27.126,27.169,314378170.0
2023-04-12T05:00:00+0000,27.37,27.46799,26.4475,26.495,446258950.0
2023-04-13T05:00:00+0000,26.734,26.8869,26.329,26.463,353615280.0
2023-04-14T05:00:00+0000,26.504,26.883,26.22,26.758,395660130.0
2023-04-17T05:00:00+0000,26.5655,27.006,26.43318,27.002,321471300.0
2023-04-18T05:00:00+0000,27.5335,28.11,27.357,27.667,604811540.0
2023-04-19T05:00:00+0000,27.361,28.0,27.232,27.931,358660410.0
2023-04-20T05:00:00+0000,27.671,28.03,27.0,27.104,427713260.0
2023-04-21T05:00:00+0000,26.952,27.183,26.722,27.119,345102770.0
2023-04-24T05:00:00+0000,27.013,27.36599,26.67101,27.042,339281860.0
2023-04-25T05:00:00+0000,27.078,27.247,26.225,26.241,378527160.0
2023-04-26T05:00:00+0000,27.002,27.33,26.7051,26.956,406336810.0
2023-04-27T05:00:00+0000,27.363,27.495,26.62501,27.226,377161190.0
2023-04-28T05:00:00+0000,27.225,27.758,27.07148,27.749,292216140.0
2023-05-01T05:00:00+0000,27.84,29.05844,27.78,28.91,570328530.0
2023-05-02T05:00:00+0000,28.68,28.83599,28.083,28.21,402729570.0
2023-05-03T05:00:00+0000,27.84,28.367,27.472,27.802,383387400.0
2023-05-04T05:00:00+0000,27.651,27.859,27.24,27.562,321850410.0
2023-05-05T05:00:00+0000,27.8255,28.755,27.731,28.68,361494080.0
2023-05-08T05:00:00+0000,28.522,29.22,28.35,29.151,344978900.0
2023-05-09T05:00:00+0000,28.899,28.973,28.45,28.571,314869460.0
2023-05-10T05:00:00+0000,29.005,29.113,28.46128,28.885,369349980.0
2023-05-11T05:00:00+0000,28.896,28.95,28.246,28.578,322149030.0
2023-05-12T05:00:00+0000,28.529,28.78,28.046,28.34,274222250.0
2023-05-15T05:00:00+0000,28.5085,28.969,28.152,28.953,293925870.0
2023-05-16T05:00:00+0000,28.841,29.87,28.832,29.213,449404940.0
2023-05-17T05:00:00+0000,29.584,30.199,29.43001,30.178,432535410.0
2023-05-18T05:00:00+0000,30.41,31.828,30.32,31.678,748725010.0
2023-05-19T05:00:00+0000,31.536,31.58,30.916,31.264,473907650.0
2023-05-22T05:00:00+0000,30.901,31.52,30.68,31.176,371999670.0
2023-05-23T05:00:00+0000,31.0,31.288,30.631,30.688,356253260.0
2023-05-24T05:00:00+0000,30.21,30.607,29.806,30.538,721418510.0
2023-05-25T05:00:00+0000,38.523,39.48,36.635,37.98,1543910670.0
2023-05-26T05:00:00+0000,37.89,39.17,37.55,38.946,714396760.0
2023-05-30T05:00:00+0000,40.595,41.938,39.949,40.111,923401100.0
2023-05-31T05:00:00+0000,39.488,40.295,37.822,37.834,1002580200.0
2023-06-01T05:00:00+0000,38.489,40.05,38.34,39.77,635872950.0
2023-06-02T05:00:00+0000,40.097,40.5,39.05801,39.327,482731210.0
2023-06-05T05:00:00+0000,38.909,39.56503,38.707,39.171,396093810.0
2023-06-06T05:00:00+0000,38.83,39.16,38.148,38.654,388729140.0
2023-06-07T05:00:00+0000,38.915,39.499,37.356,37.475,511997890.0
2023-06-08T05:00:00+0000,37.724,38.864,37.505,38.51,417772400.0
2023-06-09T05:00:00+0000,39.037,39.711,38.567,38.77,427717470.0
2023-06-12T05:00:00+0000,39.2,39.52999,38.618,39.482,389673350.0
2023-06-13T05:00:00+0000,40.186,41.101,39.74,41.022,613208160.0
2023-06-14T05:00:00+0000,40.824,43.0,40.552,42.997,740465020.0
2023-06-15T05:00:00+0000,42.602,43.289,42.147,42.653,568622040.0
2023-06-16T05:00:00+0000,43.45,43.721,42.6605,42.692,655709410.0
2023-06-20T05:00:00+0000,42.998,43.99,42.674,43.808,451153110.0
2023-06-21T05:00:00+0000,43.501,43.615,42.08,43.045,551602910.0
2023-06-22T05:00:00+0000,42.253,43.4255,42.234,43.025,417737430.0
2023-06-23T05:00:00+0000,42.464,42.809,42.015,42.209,358139840.0
2023-06-26T05:00:00+0000,42.461,42.764,40.1,40.632,594321920.0
2023-06-27T05:00:00+0000,40.799,41.94,40.448,41.876,462174700.0
2023-06-28T05:00:00+0000,40.66,41.845,40.518,41.117,582639270.0
2023-06-29T05:00:00+0000,41.558,41.6,40.6,40.822,380514300.0
2023-06-30T05:00:00+0000,41.68,42.55,41.501,42.302,501147750.0
2023-07-03T05:00:00+0000,42.517,42.898,42.202,42.413,198209190.0
2023-07-05T05:00:00+0000,42.135,43.177,42.085,42.317,323617560.0
2023-07-06T05:00:00+0000,41.844,42.179,41.346,42.103,304138790.0
2023-07-07T05:00:00+0000,42.322,43.214,42.18,42.503,355881470.0
2023-07-10T05:00:00+0000,42.657,42.811,41.649,42.18,353908110.0
2023-07-11T05:00:00+0000,42.481,42.758,42.067,42.405,298244060.0
2023-07-12T05:00:00+0000,43.033,43.935,42.77728,43.902,481277020.0
2023-07-13T05:00:00+0000,44.518,46.155,44.492,45.977,478203690.0
2023-07-14T05:00:00+0000,46.58281,48.088,45.06,45.469,772075330.0
2023-07-17T05:00:00+0000,46.289,46.496,45.26241,46.461,510488220.0
2023-07-18T05:00:00+0000,46.701,47.89599,45.734,47.494,570190420.0
2023-07-19T05:00:00+0000,47.464,47.818,46.742,47.077,427501790.0
2023-07-20T05:00:00+0000,46.507,47.087,45.062,45.52,537864510.0
2023-07-21T05:00:00+0000,45.788,45.866,44.1,44.309,963768630.0
2023-07-24T05:00:00+0000,44.731,45.109,44.04,44.612,383099740.0
2023-07-25T05:00:00+0000,44.941,46.1825,44.923,45.679,348080910.0
2023-07-26T05:00:00+0000,46.021,46.053,44.63,45.452,364237260.0
2023-07-27T05:00:00+0000,46.519,47.395,45.75,45.9,455975520.0
2023-07-28T05:00:00+0000,46.668,47.027,46.381,46.75,331194240.0
2023-07-31T05:00:00+0000,46.754,47.13,46.50601,46.729,251055280.0
2023-08-01T05:00:00+0000,46.4595,46.9,46.027,46.507,239275970.0
2023-08-02T05:00:00+0000,45.831,45.84,43.387,44.269,530141570.0
2023-08-03T05:00:00+0000,43.8,45.118,43.8,44.515,325076600.0
2023-08-04T05:00:00+0000,44.985,45.642,44.393,44.68,362666180.0
2023-08-07T05:00:00+0000,45.111,45.54,44.56345,45.4165,322153540.0
2023-08-08T05:00:00+0000,44.853,45.242,44.05601,44.664,353843430.0
2023-08-09T05:00:00+0000,44.274,44.312,42.134,42.554,586449070.0
2023-08-10T05:00:00+0000,42.16,43.574,41.835,42.388,492705300.0
2023-08-11T05:00:00+0000,41.751,42.018,40.639,40.855,533085260.0
2023-08-14T05:00:00+0000,40.486,43.8,40.311,43.753,690285830.0
2023-08-15T05:00:00+0000,44.56,45.268,43.71,43.94,676511510.0
2023-08-16T05:00:00+0000,44.52,44.675,43.406,43.486,527450680.0
2023-08-17T05:00:00+0000,43.97,44.062,43.001,43.3435,452394820.0
2023-08-18T05:00:00+0000,42.635,43.57799,41.66,43.299,583767870.0
2023-08-21T05:00:00+0000,44.494,47.065,44.222,46.967,692573370.0
2023-08-22T05:00:00+0000,48.135,48.187,45.3331,45.668,757206910.0
2023-08-23T05:00:00+0000,45.866,47.2,45.208,47.116,779046080.0
2023-08-24T05:00:00+0000,50.216,50.266,47.159,47.163,1156044090.0
2023-08-25T05:00:00+0000,47.012,47.805,45.024,46.018,925340520.0
2023-08-28T05:00:00+0000,46.482,46.98,44.888,46.835,685192230.0
2023-08-29T05:00:00+0000,46.666,49.081,46.39101,48.784,701396990.0
2023-08-30T05:00:00+0000,49.044,49.927,48.425,49.264,735205980.0
2023-08-31T05:00:00+0000,49.38,49.744,48.958,49.355,528569770.0
2023-09-01T05:00:00+0000,49.762,49.8,48.1416,48.509,463830300.0
2023-09-05T05:00:00+0000,48.223,48.85081,47.86,48.548,382652580.0
2023-09-06T05:00:00+0000,48.441,48.549,46.58,47.061,468669570.0
2023-09-07T05:00:00+0000,45.525,46.344,45.152,46.241,433329890.0
2023-09-08T05:00:00+0000,45.942,46.606,45.271,45.572,473899940.0
2023-09-11T05:00:00+0000,46.148,46.163,44.312,45.178,473965550.0
2023-09-12T05:00:00+0000,44.738,45.673,44.531,44.87,349256340.0
2023-09-13T05:00:00+0000,44.6,45.93,44.503,45.485,398355350.0
2023-09-14T05:00:00+0000,45.95,45.98699,45.131,45.581,370097200.0
2023-09-15T05:00:00+0000,45.341,45.599,43.808,43.9,506830510.0
2023-09-18T05:00:00+0000,42.748,44.242,42.0,43.966,500270790.0
2023-09-19T05:00:00+0000,43.833,43.966,43.002,43.52,373064240.0
2023-09-20T05:00:00+0000,43.6,43.903,42.223,42.239,367107690.0
2023-09-21T05:00:00+0000,41.583,42.1,40.98,41.017,450735960.0
2023-09-22T05:00:00+0000,41.572,42.115,41.231,41.61,479236310.0
2023-09-25T05:00:00+0000,41.591,42.536,41.177,42.222,419090960.0
2023-09-26T05:00:00+0000,42.001,42.82,41.655,41.911,402282090.0
2023-09-27T05:00:00+0000,42.33,42.872,41.62901,42.468,444935200.0
2023-09-28T05:00:00+0000,42.46,43.44631,42.115,43.089,424662790.0
2023-09-29T05:00:00+0000,43.827,44.144,43.30694,43.499,397829930.0
2023-10-02T05:00:00+0000,44.03,45.175,43.861,44.782,433298210.0
2023-10-03T05:00:00+0000,44.808,45.13,43.246,43.517,470849540.0
2023-10-04T05:00:00+0000,43.742,44.143,43.29201,44.041,361820860.0
2023-10-05T05:00:00+0000,44.05,44.9,43.888,44.688,393483090.0
2023-10-06T05:00:00+0000,44.193,45.789,44.026,45.762,434436020.0
2023-10-09T05:00:00+0000,44.842,45.605,44.368,45.273,409674720.0
2023-10-10T05:00:00+0000,45.31,46.259,45.088,45.798,368582080.0
2023-10-11T05:00:00+0000,46.196,46.859,46.05,46.806,378136890.0
2023-10-12T05:00:00+0000,46.777,47.609,46.33,46.945,481325000.0
2023-10-13T05:00:00+0000,46.96,47.116,45.28,45.461,475425990.0
2023-10-16T05:00:00+0000,45.063,46.225,44.912,46.095,375099240.0
2023-10-17T05:00:00+0000,44.0,44.754,42.48,43.938,812332670.0
2023-10-18T05:00:00+0000,42.591,43.219,41.825,42.196,627294340.0
2023-10-19T05:00:00+0000,42.811,43.297,41.882,42.101,501233080.0
2023-10-20T05:00:00+0000,41.89,42.47,41.078,41.387,477266050.0
2023-10-23T05:00:00+0000,41.229,43.24799,40.945,42.975,478530490.0
2023-10-24T05:00:00+0000,43.077,43.697,42.691,43.663,401463370.0
2023-10-25T05:00:00+0000,43.398,43.65,41.555,41.779,398379220.0
2023-10-26T05:00:00+0000,41.853,42.25555,39.88019,40.326,541001320.0
2023-10-27T05:00:00+0000,41.13,41.206,40.015,40.5,416784410.0
2023-10-30T05:00:00+0000,41.087,41.766,40.481,41.161,388028140.0
2023-10-31T05:00:00+0000,40.45,40.879,39.23001,40.78,517968700.0
2023-11-01T05:00:00+0000,40.884,42.381,40.869,42.325,437592900.0
2023-11-02T05:00:00+0000,43.328,43.884,42.894,43.506,409171870.0
2023-11-03T05:00:00+0000,44.02,45.30899,43.723,45.005,424609590.0
2023-11-06T06:00:00+0000,45.2845,45.935,44.899,45.751,400733350.0
2023-11-07T06:00:00+0000,45.719,46.218,45.1575,45.955,343165470.0
2023-11-08T06:00:00+0000,46.1,46.867,45.968,46.574,346718940.0
2023-11-09T06:00:00+0000,47.467,48.23,46.75,46.95,540495970.0
2023-11-10T06:00:00+0000,47.5,48.472,47.28301,48.335,422441560.0
2023-11-13T06:00:00+0000,48.32,49.116,48.09901,48.62,384135700.0
2023-11-14T06:00:00+0000,49.68,49.834,49.04001,49.656,416953870.0
2023-11-15T06:00:00+0000,49.935,49.96,48.2,48.888,475497350.0
2023-11-16T06:00:00+0000,48.679,49.52469,48.33,49.48,339756240.0
2023-11-17T06:00:00+0000,49.524,49.717,49.007,49.298,325896910.0
2023-11-20T06:00:00+0000,49.312,50.548,49.18101,50.409,416142600.0
2023-11-21T06:00:00+0000,50.126,50.517,49.222,49.944,565746870.0
2023-11-22T06:00:00+0000,49.852,50.33494,47.69,48.716,900642330.0
2023-11-24T06:00:00+0000,48.47001,48.921,47.745,47.776,294644640.0
2023-11-27T06:00:00+0000,47.8,48.53,47.652,48.242,395661900.0
2023-11-28T06:00:00+0000,48.236,48.3229,47.473,47.821,401490850.0
2023-11-29T06:00:00+0000,48.379,48.762,47.86,48.14,382004650.0
2023-11-30T06:00:00+0000,48.024,48.11,46.422,46.77,526246630.0
2023-12-01T06:00:00+0000,46.525,47.2,46.187,46.765,369317010.0
2023-12-04T06:00:00+0000,46.077,46.077,45.01,45.51,437543440.0
2023-12-05T06:00:00+0000,45.466,46.6,45.271,46.566,371717620.0
2023-12-06T06:00:00+0000,47.2145,47.387,45.412,45.503,380589550.0
2023-12-07T06:00:00+0000,45.7,46.629,45.604,46.596,350822550.0
2023-12-08T06:00:00+0000,46.595,47.74085,46.55,47.506,359223700.0
2023-12-11T06:00:00+0000,47.491,47.531,45.83,46.627,509728090.0
2023-12-12T06:00:00+0000,46.046,47.666,46.046,47.657,372386860.0
2023-12-13T06:00:00+0000,47.629,48.594,47.608,48.088,447791860.0
2023-12-14T06:00:00+0000,48.39,48.67,47.422,48.35,391231740.0
2023-12-15T06:00:00+0000,48.194,49.404,48.12,48.89,479947580.0
2023-12-18T06:00:00+0000,49.4,50.43299,49.15,50.077,412587170.0
2023-12-19T06:00:00+0000,49.424,49.7,48.895,49.604,464444460.0
2023-12-20T06:00:00+0000,49.655,49.999,48.098,48.111,397894390.0
2023-12-21T06:00:00+0000,48.811,49.095,48.419,48.99,300425350.0
2023-12-22T06:00:00+0000,49.195,49.383,48.467,48.83,252506760.0
2023-12-26T06:00:00+0000,48.968,49.6,48.96,49.279,244199520.0
2023-12-27T06:00:00+0000,49.511,49.68,49.085,49.417,233647980.0
2023-12-28T06:00:00+0000,49.643,49.88399,49.412,49.522,246587480.0
2023-12-29T06:00:00+0000,49.813,49.997,48.751,49.522,389293300.0
2024-01-02T06:00:00+0000,49.244,49.295,47.595,48.168,411254220.0
2024-01-03T06:00:00+0000,47.485,48.1841,47.32,47.569,320896170.0
2024-01-04T06:00:00+0000,47.767,48.5,47.508,47.998,306534890.0
2024-01-05T06:00:00+0000,48.462,49.547,48.30601,49.097,415039270.0
2024-01-08T06:00:00+0000,49.512,52.275,49.479,52.253,642509900.0
2024-01-09T06:00:00+0000,52.401,54.325,51.69,53.14,773100060.0
2024-01-10T06:00:00+0000,53.616,54.6,53.489,54.35,533795760.0
2024-01-11T06:00:00+0000,54.999,55.346,53.56,54.822,596758770.0
2024-01-12T06:00:00+0000,54.62,54.97,54.33008,54.71,352993600.0
2024-01-16T06:00:00+0000,55.018,56.83499,54.9,56.382,449579730.0
2024-01-17T06:00:00+0000,56.347,56.47068,54.74,56.053,474394440.0
2024-01-18T06:00:00+0000,57.26,57.6,56.107,57.107,491650360.0
2024-01-19T06:00:00+0000,57.989,59.5,57.225,59.491,543501480.0
2024-01-22T06:00:00+0000,60.049,60.331,59.07,59.654,452954630.0
2024-01-23T06:00:00+0000,59.57,59.91,58.585,59.873,294654450.0
2024-01-24T06:00:00+0000,60.304,62.849,59.938,61.362,560270760.0
2024-01-25T06:00:00+0000,62.35,62.719,60.85,61.617,482776840.0
2024-01-26T06:00:00+0000,60.96,61.783,60.573,61.031,390308590.0
2024-01-29T06:00:00+0000,61.232,62.489,60.907,62.465,348732980.0
2024-01-30T06:00:00+0000,62.9,63.493,62.26,62.774,410735300.0
2024-01-31T06:00:00+0000,61.44,62.26902,60.7,61.527,453794870.0
2024-02-01T06:00:00+0000,62.1,63.191,61.65,63.027,369145790.0
2024-02-02T06:00:00+0000,63.974,66.6,63.69,66.16,476577650.0
2024-02-05T06:00:00+0000,68.225,69.497,67.205,69.332,680078010.0
2024-02-06T06:00:00+0000,69.63,69.75399,66.3,68.223,683111360.0
2024-02-07T06:00:00+0000,68.319,70.22,67.6,70.099,495574550.0
2024-02-08T06:00:00+0000,70.074,70.794,69.455,69.641,414422110.0
2024-02-09T06:00:00+0000,70.533,72.185,70.212,72.133,436636890.0
2024-02-12T06:00:00+0000,72.6,74.611,71.25,72.248,613710180.0
2024-02-13T06:00:00+0000,70.4,73.45,69.62,72.128,602580150.0
2024-02-14T06:00:00+0000,73.202,74.236,71.938,73.9,504917420.0
2024-02-15T06:00:00+0000,73.869,73.975,72.4,72.658,420121810.0
2024-02-16T06:00:00+0000,74.1,74.402,72.501,72.613,495326620.0
2024-02-20T06:00:00+0000,71.947,71.956,67.734,69.452,704833100.0
2024-02-21T06:00:00+0000,68.006,68.888,66.248,67.472,690298130.0
2024-02-22T06:00:00+0000,75.025,78.575,74.22,78.538,865099740.0
2024-02-23T06:00:00+0000,80.79,82.394,77.57,78.817,829388370.0
2024-02-26T06:00:00+0000,79.7,80.64599,78.505,79.092,503972730.0
2024-02-27T06:00:00+0000,79.381,79.48,77.162,78.701,391705240.0
2024-02-28T06:00:00+0000,77.62,78.933,77.125,77.663,393110400.0
2024-02-29T06:00:00+0000,79.094,79.99,78.35,79.112,507288980.0
2024-03-01T06:00:00+0000,80.0,82.3,79.43503,82.279,479135100.0
2024-03-04T06:00:00+0000,84.13,87.695,83.719,85.237,615616450.0
2024-03-05T06:00:00+0000,85.27,86.097,83.41701,85.964,520639300.0
2024-03-06T06:00:00+0000,88.022,89.724,87.03001,88.7,582520300.0
2024-03-07T06:00:00+0000,90.158,92.767,89.60201,92.669,608119160.0
2024-03-08T06:00:00+0000,95.1379,97.4,86.506,87.528,1142269060.0
2024-03-11T05:00:00+0000,86.429,88.797,84.166,85.774,678364120.0
2024-03-12T05:00:00+0000,88.049,91.96,86.1501,91.913,668075150.0
2024-03-13T05:00:00+0000,91.055,91.504,88.435,90.888,635712890.0
2024-03-14T05:00:00+0000,89.577,90.646,86.6,87.944,602318160.0
2024-03-15T05:00:00+0000,86.93,89.546,86.257,87.8365,642086160.0
2024-03-18T05:00:00+0000,90.388,92.405,87.085,88.455,668975930.0
2024-03-19T05:00:00+0000,86.7,90.544,85.01,89.398,672171270.0
2024-03-20T05:00:00+0000,89.797,90.41,88.223,90.372,479062790.0
2024-03-21T05:00:00+0000,92.3,92.648,90.405,91.435,480372310.0
2024-03-22T05:00:00+0000,91.141,94.77799,90.83401,94.289,586719360.0
2024-03-25T05:00:00+0000,93.941,96.76599,93.51,95.002,552136080.0
2024-03-26T05:00:00+0000,95.851,96.375,92.502,92.561,513647580.0
2024-03-27T05:00:00+0000,93.112,93.24,89.123,90.25,586067230.0
2024-03-28T05:00:00+0000,90.0,91.3,89.193,90.356,435212270.0
2024-04-01T05:00:00+0000,90.299,92.225,89.204,90.363,452441490.0
2024-04-02T05:00:00+0000,88.448,90.094,87.62,89.452,433063550.0
2024-04-03T05:00:00+0000,88.484,90.374,88.4,88.964,370066550.0
2024-04-04T05:00:00+0000,90.406,90.63399,85.88,85.905,434964920.0
2024-04-05T05:00:00+0000,86.866,88.481,85.926,88.008,399678460.0
2024-04-08T05:00:00+0000,88.7,88.83,86.732,87.133,283220000.0
2024-04-09T05:00:00+0000,87.442,87.635,83.022,85.354,503547350.0
2024-04-10T05:00:00+0000,83.926,87.4,83.709,87.039,431928530.0
2024-04-11T05:00:00+0000,87.42,90.73899,86.926,90.616,431637270.0
2024-04-12T05:00:00+0000,89.699,90.17499,87.53,88.186,426804790.0
2024-04-15T05:00:00+0000,89.098,90.613,85.92901,86.001,443076950.0
2024-04-16T05:00:00+0000,86.4325,88.118,86.0639,87.415,370453020.0
2024-04-17T05:00:00+0000,88.34,88.775,83.95,84.035,495399510.0
2024-04-18T05:00:00+0000,84.97,86.18999,82.402,84.671,447260340.0
2024-04-19T05:00:00+0000,83.15,84.324,75.606,76.2,875198000.0
2024-04-22T05:00:00+0000,78.104,80.073,76.4,79.518,596340510.0
2024-04-23T05:00:00+0000,80.769,82.769,80.264,82.423,438559370.0
2024-04-24T05:00:00+0000,83.95,84.082,79.183,79.677,512207530.0
2024-04-25T05:00:00+0000,78.86801,83.32299,78.223,82.632,424640730.0
2024-04-26T05:00:00+0000,83.818,88.33093,83.387,87.735,551010780.0
2024-04-29T05:00:00+0000,87.595,87.992,85.266,87.757,388970760.0
2024-04-30T05:00:00+0000,87.24,88.819,86.3,86.402,363708700.0
2024-05-01T05:00:00+0000,85.077,86.0,81.25456,83.041,559863170.0
2024-05-02T05:00:00+0000,84.449,86.237,83.2,85.817,377897540.0
2024-05-03T05:00:00+0000,87.789,89.281,87.04,88.789,398340720.0
2024-05-06T05:00:00+0000,89.39,92.22,89.055,92.14,376202550.0
2024-05-07T05:00:00+0000,91.098,91.78099,89.011,90.554,437341610.0
2024-05-08T05:00:00+0000,89.4825,91.194,89.42,90.412,325721020.0
2024-05-09T05:00:00+0000,90.529,91.072,88.231,88.747,378012680.0
2024-05-10T05:00:00+0000,90.3045,91.401,89.227,89.878,335325410.0
2024-05-13T05:00:00+0000,90.478,90.998,88.529,90.399,289680170.0
2024-05-14T05:00:00+0000,89.599,91.651,88.934,91.356,296507080.0
2024-05-15T05:00:00+0000,92.472,94.862,91.599,94.63,417735450.0
2024-05-16T05:00:00+0000,94.91,95.81899,94.103,94.359,323951820.0
2024-05-17T05:00:00+0000,94.369,94.74,91.806,92.479,359691030.0
2024-05-20T05:00:00+0000,93.75,95.2,93.44,94.78,318764460.0
2024-05-21T05:00:00+0000,93.599,95.4,93.18,95.386,328946460.0
2024-05-22T05:00:00+0000,95.459,96.02,93.249,94.95,548647990.0
2024-05-23T05:00:00+0000,102.028,106.32,101.52,103.799,835065280.0
2024-05-24T05:00:00+0000,104.449,106.475,103.0,106.469,429493670.0
2024-05-28T05:00:00+0000,110.244,114.939,109.883,113.901,652727890.0
2024-05-29T05:00:00+0000,113.05,115.492,110.901,114.825,557441930.0
2024-05-30T05:00:00+0000,114.65,115.81915,109.663,110.5,487350330.0
2024-05-31T05:00:00+0000,112.52,112.717,106.94,109.633,613262500.0
2024-06-03T05:00:00+0000,113.621,115.0,112.003,115.0,438391760.0
2024-06-04T05:00:00+0000,115.716,116.6,114.045,116.437,403324010.0
2024-06-05T05:00:00+0000,118.371,122.4495,117.468,122.44,528401780.0
2024-06-06T05:00:00+0000,124.048,125.587,118.32,120.998,664696190.0
2024-06-07T05:00:00+0000,119.77,121.69171,118.022,120.888,412385800.0
2024-06-10T05:00:00+0000,120.37,123.1,117.01,121.79,314162650.0
2024-06-11T05:00:00+0000,121.77,122.87,118.74,120.91,222551158.0
2024-06-12T05:00:00+0000,123.06,126.88,122.57,125.2,299595001.0
2024-06-13T05:00:00+0000,129.39,129.8,127.16,129.61,260704537.0
2024-06-14T05:00:00+0000,129.96,132.84,128.32,131.88,309320376.0
2024-06-17T05:00:00+0000,132.99,133.73,129.58,130.98,288504444.0
2024-06-18T05:00:00+0000,131.14,136.33,130.69,135.58,294335054.0
2024-06-20T05:00:00+0000,139.8,140.76,129.52,130.78,517768425.0
2024-06-21T05:00:00+0000,127.12,130.63,124.3,126.57,655484664.0
2024-06-24T05:00:00+0000,123.24,124.46,118.04,118.11,476060866.0
2024-06-25T05:00:00+0000,121.2,126.5,119.32,126.09,425787456.0
2024-06-26T05:00:00+0000,126.13,128.12,122.6,126.4,362975918.0
2024-06-27T05:00:00+0000,124.1,126.41,122.92,123.99,252571693.0
2024-06-28T05:00:00+0000,124.58,127.71,122.75,123.54,315516740.0
2024-07-01T05:00:00+0000,123.47,124.84,118.83,124.3,284885534.0
2024-07-02T05:00:00+0000,121.13,123.41,121.03,122.67,218373969.0
2024-07-03T05:00:00+0000,121.66,128.28,121.36,128.28,215748955.0
2024-07-05T05:00:00+0000,127.38,128.85,125.68,125.83,214176689.0
2024-07-08T05:00:00+0000,127.49,130.77,127.04,128.2,237677322.0
2024-07-09T05:00:00+0000,130.35,133.82,128.65,131.38,287020820.0
2024-07-10T05:00:00+0000,134.03,135.1,132.42,134.91,248978569.0
2024-07-11T05:00:00+0000,135.75,136.15,127.05,127.4,374782738.0
2024-07-12T05:00:00+0000,128.26,131.92,127.22,129.24,252680535.0
2024-07-15T05:00:00+0000,130.56,131.39,127.18,128.44,208326164.0
2024-07-16T05:00:00+0000,128.44,129.04,124.58,126.36,214769515.0
2024-07-17T05:00:00+0000,121.35,121.85,116.72,117.99,390086189.0
2024-07-18T05:00:00+0000,121.85,122.4,116.56,121.09,320979530.0
2024-07-19T05:00:00+0000,120.35,121.6,117.37,117.93,217223800.0
2024-07-22T05:00:00+0000,120.35,124.07,119.86,123.54,258068943.0
2024-07-23T05:00:00+0000,122.78,124.69,122.1,122.59,173910983.0
2024-07-24T05:00:00+0000,119.17,119.95,113.44,114.25,327776884.0
2024-07-25T05:00:00+0000,113.04,116.63,106.3,112.28,460067019.0
2024-07-26T05:00:00+0000,116.19,116.2,111.58,113.06,293399073.0
2024-07-29T05:00:00+0000,113.69,116.28,111.3,111.59,248152068.0
2024-07-30T05:00:00+0000,111.52,111.99,102.54,103.73,486833274.0
2024-07-31T05:00:00+0000,112.9,118.34,110.88,117.02,473174182.0
2024-08-01T05:00:00+0000,117.53,120.16,106.8104,109.21,523462326.0
2024-08-02T05:00:00+0000,103.76,108.72,101.37,107.27,482027464.0
2024-08-05T05:00:00+0000,92.06,103.41,90.69,100.45,552842375.0
2024-08-06T05:00:00+0000,103.84,107.71,100.55,104.25,409012089.0
2024-08-07T05:00:00+0000,107.81,108.8,98.69,98.91,411440423.0
2024-08-08T05:00:00+0000,102.0,105.5,97.52,104.97,391910023.0
2024-08-09T05:00:00+0000,105.64,106.6,103.43,104.75,290844157.0
2024-08-12T05:00:00+0000,106.32,111.07,106.26,109.02,325559870.0
2024-08-13T05:00:00+0000,112.44,116.23,111.58,116.14,312646660.0
2024-08-14T05:00:00+0000,118.53,118.6,114.07,118.08,339246407.0
2024-08-15T05:00:00+0000,118.76,123.24,117.47,122.86,318086673.0
2024-08-16T05:00:00+0000,121.94,125.0,121.18,124.58,302589872.0
2024-08-19T05:00:00+0000,124.28,130.0,123.42,130.0,318333577.0
2024-08-20T05:00:00+0000,128.4,129.88,125.89,127.25,300087415.0
2024-08-21T05:00:00+0000,127.315,129.35,126.66,128.5,257883572.0
2024-08-22T05:00:00+0000,130.02,130.75,123.1,123.74,376189076.0
2024-08-23T05:00:00+0000,125.86,129.6,125.22,129.37,323230332.0
2024-08-26T05:00:00+0000,129.57,131.26,124.37,126.46,331964672.0
2024-08-27T05:00:00+0000,125.05,129.2,123.88,128.3,303134573.0
2024-08-28T05:00:00+0000,128.12,128.33,122.64,125.61,448101115.0
2024-08-29T05:00:00+0000,121.355,124.43,116.71,117.59,453023305.0
2024-08-30T05:00:00+0000,119.53,121.75,117.22,119.37,333751583.0
2024-09-03T05:00:00+0000,116.01,116.21,107.29,108.0,477155100.0
2024-09-04T05:00:00+0000,105.41,113.27,104.12,106.21,372470291.0
2024-09-05T05:00:00+0000,104.985,109.65,104.76,107.21,306850696.0
2024-09-06T05:00:00+0000,108.04,108.15,100.95,102.83,413638098.0
2024-09-09T05:00:00+0000,104.88,106.55,103.69,106.47,273912015.0
2024-09-10T05:00:00+0000,107.81,109.4,104.95,108.1,268283736.0
2024-09-11T05:00:00+0000,109.39,117.19,107.42,116.91,441422370.0
2024-09-12T05:00:00+0000,116.84,120.79,115.38,119.14,367100496.0
2024-09-13T05:00:00+0000,119.08,119.955,117.6,119.1,238358328.0
2024-09-16T05:00:00+0000,116.79,118.18,114.36,116.78,248772308.0
2024-09-17T05:00:00+0000,118.17,118.8,114.83,115.59,231925876.0
2024-09-18T05:00:00+0000,115.89,117.7,113.22,113.37,310318937.0
2024-09-19T05:00:00+0000,117.35,119.66,117.25,117.87,293506438.0
2024-09-20T05:00:00+0000,117.06,118.6181,115.3901,116.0,382462428.0
2024-09-23T05:00:00+0000,116.55,116.99,114.86,116.26,206228490.0
2024-09-24T05:00:00+0000,116.515,121.8,115.38,120.87,354966772.0
2024-09-25T05:00:00+0000,122.02,124.94,121.61,123.51,284692948.0
2024-09-26T05:00:00+0000,126.8,127.665,121.8,124.04,302582868.0
2024-09-27T05:00:00+0000,123.97,124.03,119.26,121.4,271009175.0
2024-09-30T05:00:00+0000,118.31,121.5,118.15,121.44,227053651.0
2024-10-01T05:00:00+0000,121.765,122.4351,115.79,117.0,302094485.0
2024-10-02T05:00:00+0000,116.44,119.38,115.14,118.85,221845887.0
2024-10-03T05:00:00+0000,120.92,124.36,120.3401,122.85,277117973.0
2024-10-04T05:00:00+0000,124.94,125.04,121.83,124.92,244465552.0
2024-10-07T05:00:00+0000,124.99,130.64,124.95,127.72,346250233.0
2024-10-08T05:00:00+0000,130.26,133.48,129.42,132.89,285722485.0
2024-10-09T05:00:00+0000,134.11,134.52,131.38,132.65,246191612.0
2024-10-10T05:00:00+0000,131.91,135.0,131.0,134.81,242311337.0
2024-10-11T05:00:00+0000,134.01,135.78,133.66,134.8,170209474.0
2024-10-14T05:00:00+0000,136.47,139.6,136.3,138.07,232347668.0
2024-10-15T05:00:00+0000,137.87,138.57,128.74,131.6,377831021.0
2024-10-16T05:00:00+0000,133.98,136.62,131.58,135.72,264879720.0
2024-10-17T05:00:00+0000,139.34,140.89,136.87,136.93,306435921.0
2024-10-18T05:00:00+0000,138.665,138.9,137.28,138.0,176090184.0
2024-10-21T05:00:00+0000,138.13,143.71,138.0,143.71,264554514.0
2024-10-22T05:00:00+0000,142.91,144.42,141.78,143.59,226311589.0
2024-10-23T05:00:00+0000,142.03,142.43,137.46,139.56,285930038.0
2024-10-24T05:00:00+0000,140.82,141.35,138.46,140.41,172354888.0
2024-10-25T05:00:00+0000,140.93,144.13,140.8,141.54,205122109.0
2024-10-28T05:00:00+0000,143.0,143.14,140.05,140.52,173586745.0
2024-10-29T05:00:00+0000,140.285,142.2598,138.9,141.25,157593634.0
2024-10-30T05:00:00+0000,139.54,140.33,136.81,139.335,179418082.0
2024-10-31T05:00:00+0000,137.6,137.61,132.1106,132.76,270039641.0
2024-11-01T05:00:00+0000,134.7,137.31,134.57,135.4,207127838.0
2024-11-04T06:00:00+0000,137.21,138.96,135.57,136.05,187528173.0
2024-11-05T06:00:00+0000,137.45,140.3701,137.33,139.91,160537373.0
2024-11-06T06:00:00+0000,142.96,146.49,141.96,145.61,242043945.0
2024-11-07T06:00:00+0000,146.39,148.93,146.17,148.88,207323303.0
2024-11-08T06:00:00+0000,148.77,149.77,146.26,147.63,175665830.0
2024-11-11T06:00:00+0000,148.68,148.85,143.57,145.26,182325620.0
2024-11-12T06:00:00+0000,146.78,149.65,146.01,148.29,198634738.0
2024-11-13T06:00:00+0000,149.07,149.33,145.9,146.27,191903267.0
2024-11-14T06:00:00+0000,147.64,149.0,145.55,146.76,194463301.0
2024-11-15T06:00:00+0000,144.87,145.24,140.08,141.98,250132869.0
2024-11-18T06:00:00+0000,139.5,141.55,137.15,140.15,221865993.0
2024-11-19T06:00:00+0000,141.32,147.13,140.99,147.01,227834912.0
2024-11-20T06:00:00+0000,147.41,147.56,142.73,145.89,309871654.0
2024-11-21T06:00:00+0000,149.35,152.89,140.7,146.67,400946570.0
2024-11-22T06:00:00+0000,145.93,147.16,141.1,141.95,236406154.0
2024-11-25T06:00:00+0000,141.99,142.05,135.82,136.02,344941875.0
2024-11-26T06:00:00+0000,137.7,139.3,135.67,136.92,190287654.0
2024-11-27T06:00:00+0000,135.01,137.22,131.8,135.34,226370912.0
2024-11-29T06:00:00+0000,136.78,139.35,136.05,138.25,141863156.0
2024-12-02T06:00:00+0000,138.83,140.45,137.825,138.63,171682777.0
2024-12-03T06:00:00+0000,138.26,140.54,137.95,140.26,164413965.0
2024-12-04T06:00:00+0000,141.995,145.79,140.29,145.14,231224295.0
2024-12-05T06:00:00+0000,145.11,146.54,143.95,145.06,172621180.0
2024-12-06T06:00:00+0000,144.6,145.7,141.31,142.44,188505573.0
2024-12-09T06:00:00+0000,138.97,139.95,137.13,138.81,189308625.0
2024-12-10T06:00:00+0000,139.01,141.82,133.79,135.07,210020888.0
2024-12-11T06:00:00+0000,137.36,140.17,135.21,139.31,184905192.0
2024-12-12T06:00:00+0000,137.08,138.44,135.8,137.34,159211393.0
2024-12-13T06:00:00+0000,138.94,139.6,132.54,134.25,231514881.0
2024-12-16T06:00:00+0000,134.18,134.4,130.42,132.0,237951130.0
2024-12-17T06:00:00+0000,129.09,131.59,126.86,130.39,259410263.0
2024-12-18T06:00:00+0000,133.86,136.7,128.28,128.91,277444533.0
2024-12-19T06:00:00+0000,131.76,134.03,129.55,130.68,209719210.0
2024-12-20T06:00:00+0000,129.81,135.28,128.22,134.7,306528553.0
2024-12-23T06:00:00+0000,136.28,139.79,135.1201,139.67,176053506.0
2024-12-24T06:00:00+0000,140.0,141.9,138.65,140.22,105156989.0
2024-12-26T06:00:00+0000,139.7,140.85,137.73,139.93,116519090.0
2024-12-27T06:00:00+0000,138.55,139.02,134.71,137.01,170582603.0
2024-12-30T06:00:00+0000,134.83,140.27,134.02,137.49,167734700.0
2024-12-31T06:00:00+0000,138.03,138.07,133.83,134.29,155659211.0
2025-01-02T06:00:00+0000,136.0,138.88,134.63,138.31,198247166.0
2025-01-03T06:00:00+0000,140.01,144.9,139.73,144.47,229322478.0
2025-01-06T06:00:00+0000,148.59,152.156,147.8201,149.43,265377359.0
2025-01-07T06:00:00+0000,153.03,153.13,140.01,140.14,351782174.0
2025-01-08T06:00:00+0000,142.58,143.95,137.56,140.11,227349948.0
2025-01-10T06:00:00+0000,137.45,139.92,134.22,135.91,207602514.0
2025-01-13T06:00:00+0000,129.99,133.49,129.51,133.23,204808914.0
2025-01-14T06:00:00+0000,136.05,136.38,130.05,131.76,195590485.0
2025-01-15T06:00:00+0000,133.65,136.45,131.29,136.24,185217338.0
2025-01-16T06:00:00+0000,138.64,138.75,133.49,133.57,209235583.0
2025-01-17T06:00:00+0000,136.69,138.5,135.4649,137.71,201188760.0
2025-01-21T06:00:00+0000,139.16,141.83,137.09,140.83,197748985.0
2025-01-22T06:00:00+0000,144.66,147.79,143.67,147.07,237651395.0
2025-01-23T06:00:00+0000,145.05,147.23,143.72,147.22,155915549.0
2025-01-24T06:00:00+0000,148.37,148.97,141.88,142.62,234657635.0
2025-01-27T06:00:00+0000,124.8,128.4,116.7,118.42,818830895.0
2025-01-28T06:00:00+0000,121.81,129.0,116.25,128.99,579666350.0
2025-01-29T06:00:00+0000,126.5,126.89,120.05,123.7,467120640.0
2025-01-30T06:00:00+0000,123.1,125.0,118.1,124.65,392925469.0
2025-01-31T06:00:00+0000,123.78,127.85,119.19,120.07,390372899.0
2025-02-03T06:00:00+0000,114.75,118.57,113.01,116.66,371235677.0
2025-02-04T06:00:00+0000,116.96,121.2,116.7,118.65,256550040.0
2025-02-05T06:00:00+0000,121.76,125.0,120.76,124.83,263110629.0
2025-02-06T06:00:00+0000,127.42,128.77,125.21,128.68,251483574.0
2025-02-07T06:00:00+0000,129.22,130.37,125.0,129.84,228186298.0
2025-02-10T06:00:00+0000,130.09,135.0,129.96,133.57,216989086.0
2025-02-11T06:00:00+0000,132.58,134.48,131.02,132.8,178902379.0
2025-02-12T06:00:00+0000,130.02,132.24,129.08,131.14,160278552.0
2025-02-13T06:00:00+0000,131.555,136.5,131.17,135.29,197429975.0
2025-02-14T06:00:00+0000,136.48,139.25,135.5,138.85,195479557.0
2025-02-18T06:00:00+0000,141.27,143.44,137.925,139.4,219176627.0
2025-02-19T06:00:00+0000,139.51,141.36,137.22,139.23,167536006.0
2025-02-20T06:00:00+0000,140.03,140.66,136.7901,140.11,143903583.0
2025-02-21T06:00:00+0000,140.04,141.46,134.03,134.43,228217585.0
2025-02-24T06:00:00+0000,136.56,138.59,130.08,130.28,251381137.0
2025-02-25T06:00:00+0000,129.98,130.2,124.44,126.63,271428711.0
2025-02-26T06:00:00+0000,129.985,133.73,128.49,131.28,322553814.0
2025-02-27T06:00:00+0000,135.0,135.01,120.01,120.15,443175846.0
2025-02-28T06:00:00+0000,118.02,125.09,116.4,124.92,389091145.0
2025-03-03T06:00:00+0000,123.51,123.7,112.28,114.06,411381373.0
2025-03-04T06:00:00+0000,110.645,119.31,110.11,115.99,398163305.0
2025-03-05T06:00:00+0000,117.58,118.2781,114.51,117.3,284337886.0
2025-03-06T06:00:00+0000,113.53,115.35,110.22,110.57,321181861.0
2025-03-07T06:00:00+0000,111.25,113.48,107.56,112.69,341755468.0
2025-03-10T05:00:00+0000,109.9,111.85,105.46,106.98,366487363.0
2025-03-11T05:00:00+0000,106.99,112.236,104.77,108.76,354865692.0
2025-03-12T05:00:00+0000,114.12,116.76,112.88,115.74,323857454.0
2025-03-13T05:00:00+0000,117.03,117.76,113.79,115.58,299033131.0
2025-03-14T05:00:00+0000,118.61,121.88,118.15,121.67,277593455.0
2025-03-17T05:00:00+0000,122.74,122.89,118.03,119.53,255501481.0
2025-03-18T05:00:00+0000,118.0,119.02,114.54,115.43,299686944.0
2025-03-19T05:00:00+0000,117.27,120.445,115.68,117.52,273426225.0
2025-03-20T05:00:00+0000,116.55,120.2,116.47,118.53,248829749.0
2025-03-21T05:00:00+0000,116.94,117.99,115.42,117.7,266498528.0
2025-03-24T05:00:00+0000,119.88,122.22,119.34,121.41,228452534.0
2025-03-25T05:00:00+0000,120.545,121.29,118.92,120.69,167447198.0
2025-03-26T05:00:00+0000,118.73,118.84,112.71,113.76,296431667.0
2025-03-27T05:00:00+0000,111.35,114.45,110.66,111.43,236902055.0
2025-03-28T05:00:00+0000,111.485,112.87,109.0701,109.67,229872549.0
2025-03-31T05:00:00+0000,105.13,110.955,103.65,108.38,299212653.0
2025-04-01T05:00:00+0000,108.515,110.2,106.47,110.15,222614034.0
2025-04-02T05:00:00+0000,107.29,111.98,106.79,110.42,220601243.0
2025-04-03T05:00:00+0000,103.51,105.63,101.6,101.8,338769412.0
2025-04-04T05:00:00+0000,98.91,100.13,92.11,94.31,532273810.0
2025-04-07T05:00:00+0000,87.46,101.75,86.62,97.64,611041347.0
2025-04-08T05:00:00+0000,103.805,105.85,94.46,96.3,476243392.0
2025-04-09T05:00:00+0000,98.89,115.1,97.5301,114.33,612918336.0
2025-04-10T05:00:00+0000,109.37,110.86,99.15,107.57,437812353.0
2025-04-11T05:00:00+0000,108.5,111.5499,107.48,110.93,313417265.0
2025-04-14T05:00:00+0000,114.11,114.29,109.07,110.71,264705049.0
2025-04-15T05:00:00+0000,110.97,113.615,110.5,112.2,228966900.0
2025-04-16T05:00:00+0000,104.55,106.79,100.45,104.49,397016870.0
2025-04-17T05:00:00+0000,104.45,104.47,100.05,101.49,292517465.0
2025-04-21T05:00:00+0000,98.77,99.44,95.04,96.91,288501136.0
2025-04-22T05:00:00+0000,98.78,99.811,97.28,98.89,241004784.0
2025-04-23T05:00:00+0000,104.52,104.8,102.02,102.71,247525971.0
2025-04-24T05:00:00+0000,103.475,106.54,103.11,106.43,220815041.0
2025-04-25T05:00:00+0000,106.85,111.92,105.73,111.01,251064672.0
2025-04-28T05:00:00+0000,109.69,110.3699,106.02,108.73,207708479.0
2025-04-29T05:00:00+0000,107.67,110.1999,107.44,109.02,170444263.0
2025-04-30T05:00:00+0000,104.47,108.92,104.08,108.92,235044611.0
2025-05-01T05:00:00+0000,113.08,114.94,111.3,111.61,236121507.0
2025-05-02T05:00:00+0000,114.18,115.4,113.37,114.5,190194778.0
2025-05-05T05:00:00+0000,112.905,114.665,112.66,113.82,133163241.0
2025-05-06T05:00:00+0000,111.48,114.74,110.822,113.54,158525621.0
2025-05-07T05:00:00+0000,113.045,117.68,112.2818,117.06,207827821.0
2025-05-08T05:00:00+0000,118.25,118.68,115.85,117.37,198428122.0
2025-05-09T05:00:00+0000,117.35,118.23,115.21,116.65,132972189.0
2025-05-12T05:00:00+0000,121.97,123.0,120.28,123.0,225023345.0
2025-05-13T05:00:00+0000,124.98,131.2189,124.47,129.93,330430105.0
2025-05-14T05:00:00+0000,133.195,135.435,131.68,135.34,281180830.0
2025-05-15T05:00:00+0000,134.295,136.3,132.66,134.83,226632563.0
2025-05-16T05:00:00+0000,136.22,136.35,133.46,135.4,226542451.0
2025-05-19T05:00:00+0000,132.39,135.87,132.39,135.57,193154571.0
2025-05-20T05:00:00+0000,134.29,134.58,132.62,134.38,161514247.0
2025-05-21T05:00:00+0000,133.06,137.4,130.59,131.8,270608738.0
2025-05-22T05:00:00+0000,132.23,134.25,131.55,132.83,187343954.0
2025-05-23T05:00:00+0000,130.0,132.68,129.16,131.29,198821324.0
2025-05-27T05:00:00+0000,134.15,135.66,133.31,135.5,192953613.0
2025-05-28T05:00:00+0000,136.025,137.25,134.79,134.81,304021146.0
2025-05-29T05:00:00+0000,142.245,143.49,137.91,139.19,370615167.0
2025-05-30T05:00:00+0000,138.715,139.62,132.92,135.13,333170851.0
2025-06-02T05:00:00+0000,135.49,138.12,135.4,137.38,197663116.0
2025-06-03T05:00:00+0000,138.78,142.0,137.95,141.22,225578783.0
2025-06-04T05:00:00+0000,142.19,142.39,139.545,141.92,167120819.0
2025-06-05T05:00:00+0000,142.17,144.0,138.83,139.99,232410759.0
2025-06-06T05:00:00+0000,142.51,143.27,141.51,141.72,153986153.0
2025-06-09T05:00:00+0000,143.19,145.0,141.94,142.63,185114494.0
2025-06-10T05:00:00+0000,142.69,144.29,141.525,143.96,155881897.0
2025-06-11T05:00:00+0000,144.61,144.99,141.87,142.83,167694044.0
2025-06-12T05:00:00+0000,141.97,145.0,141.85,145.0,162364991.0
2025-06-13T05:00:00+0000,142.48,143.58,140.855,141.97,180820565.0
2025-06-16T05:00:00+0000,143.345,146.175,143.2001,144.69,183133666.0
2025-06-17T05:00:00+0000,144.49,145.22,143.78,144.12,139108000.0
2025-06-18T05:00:00+0000,144.005,145.65,143.12,145.48,161494121.0
2025-06-20T05:00:00+0000,145.45,146.2,142.65,143.85,242956157.0
2025-06-23T05:00:00+0000,142.5,144.78,142.03,144.17,154308941.0
2025-06-24T05:00:00+0000,145.56,147.96,145.5,147.9,187566121.0
2025-06-25T05:00:00+0000,149.27,154.45,149.26,154.31,269146471.0
2025-06-26T05:00:00+0000,155.975,156.715,154.0,155.02,198145746.0
2025-06-27T05:00:00+0000,156.04,158.71,155.255,157.75,263234539.0
2025-06-30T05:00:00+0000,158.4,158.66,155.96,157.99,194580316.0
2025-07-01T05:00:00+0000,156.29,157.2,151.49,153.3,213143621.0
2025-07-02T05:00:00+0000,152.98,157.6,152.97,157.25,171224111.0
2025-07-03T05:00:00+0000,158.37,160.98,157.77,159.34,143716055.0
2025-07-07T05:00:00+0000,158.2,159.31,157.342,158.24,140138975.0
2025-07-08T05:00:00+0000,159.33,160.22,158.39,160.0,138133025.0
2025-07-09T05:00:00+0000,161.22,164.42,161.16,162.88,183656443.0
2025-07-10T05:00:00+0000,164.32,164.5,161.61,164.1,167704075.0
2025-07-11T05:00:00+0000,163.715,167.89,163.47,164.92,193633263.0
2025-07-14T05:00:00+0000,165.37,165.49,162.02,164.07,136975754.0
2025-07-15T05:00:00+0000,171.19,172.4,169.195,170.7,230627350.0
2025-07-16T05:00:00+0000,171.06,171.75,168.9,171.37,158831509.0
2025-07-17T05:00:00+0000,172.02,174.16,170.83,173.0,160841119.0
2025-07-18T05:00:00+0000,173.64,174.25,171.26,172.41,146456416.0
2025-07-21T05:00:00+0000,172.75,173.38,171.0,171.38,123126136.0
2025-07-22T05:00:00+0000,171.34,171.39,164.58,167.03,193114327.0
2025-07-23T05:00:00+0000,169.53,171.26,167.97,170.78,154082197.0
2025-07-24T05:00:00+0000,172.44,173.83,171.3,173.74,128984628.0
2025-07-25T05:00:00+0000,173.61,174.72,172.96,173.5,122316792.0
2025-07-28T05:00:00+0000,174.02,177.0,173.97,176.75,140023521.0
2025-07-29T05:00:00+0000,177.96,179.38,175.02,175.51,154077512.0
2025-07-30T05:00:00+0000,176.51,179.89,176.04,179.27,174312208.0
2025-07-31T05:00:00+0000,182.9,183.3,175.93,177.87,221685446.0
2025-08-01T05:00:00+0000,174.09,176.54,170.89,173.72,204528985.0
2025-08-04T05:00:00+0000,175.16,180.2,174.52,180.0,148174609.0
2025-08-05T05:00:00+0000,179.62,180.26,175.9,178.26,156407621.0
2025-08-06T05:00:00+0000,176.325,179.9,176.25,179.42,137192265.0
2025-08-07T05:00:00+0000,181.57,183.88,178.795,180.77,151878365.0
2025-08-08T05:00:00+0000,181.55,183.3,180.4,182.7,123396679.0
2025-08-11T05:00:00+0000,182.05,183.84,180.25,182.06,138323191.0
2025-08-12T05:00:00+0000,182.96,184.48,179.46,183.16,145729202.0
2025-08-13T05:00:00+0000,182.615,183.97,179.35,181.59,179871724.0
2025-08-14T05:00:00+0000,179.75,183.02,179.46,182.02,129553959.0
2025-08-15T05:00:00+0000,181.88,181.9,178.0417,180.45,156602161.0
2025-08-18T05:00:00+0000,180.6,182.9375,180.59,182.01,132007959.0
2025-08-19T05:00:00+0000,182.43,182.5,175.49,175.64,185229219.0
2025-08-20T05:00:00+0000,175.165,176.0,168.801,175.4,215142725.0
2025-08-21T05:00:00+0000,174.85,176.9,173.81,174.98,140040850.0
2025-08-22T05:00:00+0000,172.61,178.59,171.2,177.99,172789427.0
2025-08-25T05:00:00+0000,178.35,181.91,176.57,179.81,163012789.0
2025-08-26T05:00:00+0000,180.055,182.39,178.81,181.77,168688186.0
2025-08-27T05:00:00+0000,181.98,182.49,179.1,181.6,235518949.0
2025-08-28T05:00:00+0000,180.82,184.47,176.41,180.17,281787824.0
2025-08-29T05:00:00+0000,178.11,178.15,173.145,174.18,243257873.0
2025-09-02T05:00:00+0000,170.0,172.379,167.22,170.78,231164853.0
2025-09-03T05:00:00+0000,171.06,172.41,168.875,170.62,164424873.0
2025-09-04T05:00:00+0000,170.57,171.86,169.41,171.66,141670144.0
2025-09-05T05:00:00+0000,168.03,169.03,164.07,167.02,224441435.0
2025-09-08T05:00:00+0000,167.55,170.96,167.35,168.33,164529668.0
2025-09-09T05:00:00+0000,169.09,170.98,166.7401,170.76,157548392.0
2025-09-10T05:00:00+0000,176.64,179.29,175.47,177.33,226852020.0
2025-09-11T05:00:00+0000,179.68,180.28,176.48,177.17,151159274.0
2025-09-12T05:00:00+0000,177.77,178.595,176.45,177.82,124911026.0
2025-09-15T05:00:00+0000,175.67,178.85,174.51,177.75,147061559.0
2025-09-16T05:00:00+0000,177.0,177.5,174.38,174.88,140737775.0
2025-09-17T05:00:00+0000,172.64,173.2,168.41,170.29,211843817.0
2025-09-18T05:00:00+0000,173.98,177.1,172.96,176.24,191763313.0
2025-09-19T05:00:00+0000,175.77,178.08,175.18,176.67,237182143.0
2025-09-22T05:00:00+0000,175.3,184.55,174.7053,183.61,269637001.0
2025-09-23T05:00:00+0000,181.97,182.42,176.21,178.43,192559552.0
2025-09-24T05:00:00+0000,179.77,179.78,175.4,176.97,143564116.0
2025-09-25T05:00:00+0000,174.48,180.26,173.125,177.69,191586733.0
2025-09-26T05:00:00+0000,178.17,179.77,174.93,178.19,148573732.0
2025-09-29T05:00:00+0000,180.425,184.0,180.32,181.85,193063455.0
2025-09-30T05:00:00+0000,182.08,187.35,181.48,186.58,236981032.0
2025-10-01T05:00:00+0000,185.24,188.14,183.9,187.24,173844901.0
2025-10-02T05:00:00+0000,189.6,191.05,188.06,188.89,136805821.0
2025-10-03T05:00:00+0000,189.19,190.36,185.38,187.62,137596896.0
2025-10-06T05:00:00+0000,185.5,187.23,183.33,185.54,157678104.0
2025-10-07T05:00:00+0000,186.23,189.06,184.0,185.04,140088008.0
2025-10-08T05:00:00+0000,186.57,189.6,186.54,189.11,130168861.0
2025-10-09T05:00:00+0000,192.225,195.3,191.06,192.57,182997234.0
2025-10-10T05:00:00+0000,193.505,195.62,182.05,183.16,268774359.0
2025-10-13T05:00:00+0000,187.965,190.1099,185.96,188.32,153482755.0
2025-10-14T05:00:00+0000,184.77,184.8,179.7,180.03,205641380.0
2025-10-15T05:00:00+0000,184.8,184.87,177.29,179.83,214450482.0
2025-10-16T05:00:00+0000,182.23,183.28,179.77,181.81,179723309.0
2025-10-17T05:00:00+0000,180.18,184.1,179.75,183.22,173135217.0
2025-10-20T05:00:00+0000,183.13,185.2,181.73,182.64,128544711.0
2025-10-21T05:00:00+0000,182.785,182.785,179.8,181.16,124240168.0
2025-10-22T05:00:00+0000,181.14,183.44,176.76,180.28,162249552.0
2025-10-23T05:00:00+0000,180.42,183.03,179.7901,182.16,111363718.0
2025-10-24T05:00:00+0000,183.835,187.47,183.5,186.26,131296677.0
2025-10-27T05:00:00+0000,189.99,192.0,188.4318,191.49,153452704.0
2025-10-28T05:00:00+0000,193.05,203.15,191.91,201.03,297986180.0
2025-10-29T05:00:00+0000,207.98,212.1899,204.775,207.04,308829564.0
2025-10-30T05:00:00+0000,205.15,206.16,201.41,202.89,178864443.0
2025-10-31T05:00:00+0000,206.45,207.97,202.07,202.49,179802178.0
2025-11-03T06:00:00+0000,208.08,211.335,205.56,206.88,180267285.0
2025-11-04T06:00:00+0000,203.0,203.9699,197.93,198.69,188919320.0
2025-11-05T06:00:00+0000,198.77,202.92,194.65,195.21,171350332.0
2025-11-06T06:00:00+0000,196.42,197.62,186.38,188.08,223029778.0
2025-11-07T06:00:00+0000,184.9,188.32,178.91,188.15,264942255.0
2025-11-10T06:00:00+0000,195.11,199.94,193.79,199.05,198897134.0
2025-11-11T06:00:00+0000,195.155,195.42,191.3,193.16,176483327.0
2025-11-12T06:00:00+0000,195.72,195.89,191.13,193.8,154935263.0
2025-11-13T06:00:00+0000,191.05,191.44,183.85,186.86,207423074.0
2025-11-14T06:00:00+0000,182.86,191.01,180.58,190.17,186591856.0
2025-11-17T06:00:00+0000,185.965,189.0,184.32,186.6,173628858.0
2025-11-18T06:00:00+0000,183.375,184.8,179.65,181.36,213598877.0
2025-11-19T06:00:00+0000,184.79,187.855,182.8301,186.52,247246436.0
2025-11-20T06:00:00+0000,195.95,196.0,179.85,180.64,343504849.0
2025-11-21T06:00:00+0000,181.235,184.56,172.93,178.88,346926153.0
2025-11-24T06:00:00+0000,179.49,183.5,176.48,182.55,256618335.0
2025-11-25T06:00:00+0000,174.91,178.16,169.55,177.82,320600271.0
2025-11-26T06:00:00+0000,181.63,182.91,178.24,180.26,183852010.0
2025-11-28T06:00:00+0000,179.01,179.29,176.5,177.0,121332776.0
2025-12-01T06:00:00+0000,174.76,180.3,173.68,179.92,188130955.0
2025-12-02T06:00:00+0000,181.76,185.66,180.0,181.46,182632230.0
2025-12-03T06:00:00+0000,181.08,182.45,179.1101,179.59,165138023.0
2025-12-04T06:00:00+0000,181.62,184.515,179.96,183.38,167364857.0
2025-12-05T06:00:00+0000,183.89,184.66,180.91,182.41,143971098.0
2025-12-08T06:00:00+0000,182.64,188.0,182.4,185.55,204378106.0
2025-12-09T06:00:00+0000,185.56,185.7167,183.32,184.97,144719705.0
2025-12-10T06:00:00+0000,184.965,185.48,182.035,183.78,162785370.0
2025-12-11T06:00:00+0000,180.275,181.32,176.62,180.93,182136641.0
2025-12-12T06:00:00+0000,181.11,182.82,174.62,175.02,204274918.0
2025-12-15T06:00:00+0000,177.936,178.415,175.03,176.29,164775636.0
2025-12-16T06:00:00+0000,176.26,178.49,174.9,177.72,148588098.0
2025-12-17T06:00:00+0000,176.1,176.13,170.31,170.94,222775464.0
2025-12-18T06:00:00+0000,174.53,176.15,171.82,174.14,176096001.0
2025-12-19T06:00:00+0000,176.665,181.45,176.34,180.99,324925927.0
2025-12-22T06:00:00+0000,183.92,184.16,182.35,183.69,129064369.0
2025-12-23T06:00:00+0000,182.97,189.33,182.9,189.21,174873621.0
2025-12-24T06:00:00+0000,187.94,188.91,186.59,188.61,65528545.0
2025-12-26T06:00:00+0000,189.92,192.69,188.0,190.53,139740292.0
2025-12-29T06:00:00+0000,187.71,188.755,185.91,188.22,120006103.0
2025-12-30T06:00:00+0000,188.24,188.99,186.93,187.54,97687274.0
2025-12-31T06:00:00+0000,189.57,190.56,186.49,186.5,120100484.0
