ticker,session_date,total_bars,expected_bars,missing_bars,missing_rate_pct,duplicate_bars,duplicate_rate_pct,malformed_timestamp_count,malformed_ohlcv_count,excluded,exclusion_reasons
MMM,2025-01-02,399,390,0,0.00,0,0.00,0,0,False,
MMM,2025-01-03,399,390,1,0.26,0,0.00,0,0,False,
MMM,2025-01-06,405,390,1,0.26,0,0.00,0,0,False,
MMM,2025-01-07,396,390,0,0.00,0,0.00,0,0,False,
MMM,2025-01-08,406,390,0,0.00,0,0.00,0,0,False,
MMM,2025-01-10,413,390,1,0.26,0,0.00,0,0,False,
MMM,2025-01-13,402,390,0,0.00,0,0.00,0,0,False,
MMM,2025-01-14,413,390,0,0.00,0,0.00,0,0,False,
MMM,2025-01-15,410,390,0,0.00,0,0.00,0,0,False,
MMM,2025-01-16,405,390,0,0.00,0,0.00,0,0,False,
MMM,2025-01-17,437,390,0,0.00,0,0.00,0,0,False,
MMM,2025-01-21,562,390,0,0.00,0,0.00,0,0,False,
MMM,2025-01-22,454,390,0,0.00,0,0.00,0,0,False,
MMM,2025-01-23,407,390,0,0.00,0,0.00,0,0,False,
MMM,2025-01-24,400,390,0,0.00,0,0.00,0,0,False,
MMM,2025-01-27,432,390,2,0.51,0,0.00,0,0,False,
MMM,2025-01-28,400,390,0,0.00,0,0.00,0,0,False,
MMM,2025-01-29,403,390,1,0.26,0,0.00,0,0,False,
MMM,2025-01-30,400,390,0,0.00,0,0.00,0,0,False,
MMM,2025-01-31,400,390,0,0.00,0,0.00,0,0,False,
MMM,2025-02-03,438,390,0,0.00,0,0.00,0,0,False,
MMM,2025-02-04,407,390,1,0.26,0,0.00,0,0,False,
MMM,2025-02-05,395,390,5,1.28,0,0.00,0,0,False,
MMM,2025-02-06,390,390,8,2.05,0,0.00,0,0,False,
MMM,2025-02-07,395,390,2,0.51,0,0.00,0,0,False,
MMM,2025-02-10,395,390,0,0.00,0,0.00,0,0,False,
MMM,2025-02-11,390,390,2,0.51,0,0.00,0,0,False,
MMM,2025-02-12,393,390,13,3.33,0,0.00,0,0,False,
MMM,2025-02-13,393,390,4,1.03,0,0.00,0,0,False,
MMM,2025-02-14,395,390,5,1.28,0,0.00,0,0,False,
MMM,2025-02-18,408,390,1,0.26,0,0.00,0,0,False,
MMM,2025-02-19,396,390,1,0.26,0,0.00,0,0,False,
MMM,2025-02-20,398,390,3,0.77,0,0.00,0,0,False,
MMM,2025-02-21,403,390,0,0.00,0,0.00,0,0,False,
MMM,2025-02-24,408,390,4,1.03,0,0.00,0,0,False,
MMM,2025-02-25,406,390,1,0.26,0,0.00,0,0,False,
MMM,2025-02-26,447,390,0,0.00,0,0.00,0,0,False,
MMM,2025-02-27,417,390,0,0.00,0,0.00,0,0,False,
MMM,2025-02-28,419,390,0,0.00,0,0.00,0,0,False,
MMM,2025-03-03,412,390,0,0.00,0,0.00,0,0,False,
MMM,2025-03-04,431,390,0,0.00,0,0.00,0,0,False,
MMM,2025-03-05,407,390,0,0.00,0,0.00,0,0,False,
MMM,2025-03-06,403,390,0,0.00,0,0.00,0,0,False,
MMM,2025-03-07,404,390,0,0.00,0,0.00,0,0,False,
MMM,2025-03-10,402,390,0,0.00,0,0.00,0,0,False,
MMM,2025-03-11,428,390,0,0.00,0,0.00,0,0,False,
MMM,2025-03-12,399,390,0,0.00,0,0.00,0,0,False,
MMM,2025-03-13,395,390,1,0.26,0,0.00,0,0,False,
MMM,2025-03-14,405,390,0,0.00,0,0.00,0,0,False,
MMM,2025-03-17,399,390,0,0.00,0,0.00,0,0,False,
MMM,2025-03-18,399,390,1,0.26,0,0.00,0,0,False,
MMM,2025-03-19,395,390,1,0.26,0,0.00,0,0,False,
MMM,2025-03-20,397,390,0,0.00,0,0.00,0,0,False,
MMM,2025-03-21,405,390,0,0.00,0,0.00,0,0,False,
MMM,2025-03-24,407,390,1,0.26,0,0.00,0,0,False,
MMM,2025-03-25,408,390,1,0.26,0,0.00,0,0,False,
MMM,2025-03-26,395,390,4,1.03,0,0.00,0,0,False,
MMM,2025-03-27,395,390,1,0.26,0,0.00,0,0,False,
MMM,2025-03-28,392,390,3,0.77,0,0.00,0,0,False,
MMM,2025-03-31,399,390,1,0.26,0,0.00,0,0,False,
MMM,2025-04-01,396,390,2,0.51,0,0.00,0,0,False,
MMM,2025-04-02,419,390,0,0.00,0,0.00,0,0,False,
MMM,2025-04-03,426,390,0,0.00,0,0.00,0,0,False,
MMM,2025-04-04,438,390,0,0.00,0,0.00,0,0,False,
MMM,2025-04-07,439,390,0,0.00,0,0.00,0,0,False,
MMM,2025-04-08,403,390,0,0.00,0,0.00,0,0,False,
MMM,2025-04-09,433,390,0,0.00,0,0.00,0,0,False,
MMM,2025-04-10,410,390,0,0.00,0,0.00,0,0,False,
MMM,2025-04-11,401,390,1,0.26,0,0.00,0,0,False,
MMM,2025-04-14,402,390,0,0.00,0,0.00,0,0,False,
MMM,2025-04-15,393,390,1,0.26,0,0.00,0,0,False,
MMM,2025-04-16,400,390,0,0.00,0,0.00,0,0,False,
MMM,2025-04-17,402,390,0,0.00,0,0.00,0,0,False,
MMM,2025-04-21,405,390,0,0.00,0,0.00,0,0,False,
MMM,2025-04-22,508,390,0,0.00,0,0.00,0,0,False,
MMM,2025-04-23,421,390,0,0.00,0,0.00,0,0,False,
MMM,2025-04-24,399,390,0,0.00,0,0.00,0,0,False,
MMM,2025-04-25,398,390,1,0.26,0,0.00,0,0,False,
MMM,2025-04-28,395,390,0,0.00,0,0.00,0,0,False,
MMM,2025-04-29,400,390,2,0.51,0,0.00,0,0,False,
MMM,2025-04-30,405,390,4,1.03,0,0.00,0,0,False,
MMM,2025-05-01,392,390,4,1.03,0,0.00,0,0,False,
MMM,2025-05-02,400,390,0,0.00,0,0.00,0,0,False,
MMM,2025-05-05,399,390,0,0.00,0,0.00,0,0,False,
MMM,2025-05-06,406,390,0,0.00,0,0.00,0,0,False,
MMM,2025-05-07,392,390,2,0.51,0,0.00,0,0,False,
MMM,2025-05-08,398,390,0,0.00,0,0.00,0,0,False,
MMM,2025-05-09,395,390,0,0.00,0,0.00,0,0,False,
MMM,2025-05-12,420,390,0,0.00,0,0.00,0,0,False,
MMM,2025-05-13,396,390,1,0.26,0,0.00,0,0,False,
MMM,2025-05-14,396,390,0,0.00,0,0.00,0,0,False,
MMM,2025-05-15,417,390,1,0.26,0,0.00,0,0,False,
MMM,2025-05-16,399,390,0,0.00,0,0.00,0,0,False,
MMM,2025-05-19,394,390,2,0.51,0,0.00,0,0,False,
MMM,2025-05-20,399,390,0,0.00,0,0.00,0,0,False,
MMM,2025-05-21,398,390,2,0.51,0,0.00,0,0,False,
MMM,2025-05-22,400,390,1,0.26,0,0.00,0,0,False,
MMM,2025-05-23,396,390,3,0.77,0,0.00,0,0,False,
MMM,2025-05-27,410,390,2,0.51,0,0.00,0,0,False,
MMM,2025-05-28,391,390,5,1.28,0,0.00,0,0,False,
MMM,2025-05-29,398,390,4,1.03,0,0.00,0,0,False,
MMM,2025-05-30,391,390,3,0.77,0,0.00,0,0,False,
MMM,2025-06-02,398,390,0,0.00,0,0.00,0,0,False,
MMM,2025-06-03,395,390,3,0.77,0,0.00,0,0,False,
MMM,2025-06-04,392,390,3,0.77,0,0.00,0,0,False,
MMM,2025-06-05,396,390,0,0.00,0,0.00,0,0,False,
MMM,2025-06-06,394,390,0,0.00,0,0.00,0,0,False,
MMM,2025-06-09,393,390,1,0.26,0,0.00,0,0,False,
MMM,2025-06-10,393,390,2,0.51,0,0.00,0,0,False,
MMM,2025-06-11,405,390,0,0.00,0,0.00,0,0,False,
MMM,2025-06-12,385,390,13,3.33,0,0.00,0,0,False,
MMM,2025-06-13,402,390,4,1.03,0,0.00,0,0,False,
MMM,2025-06-16,386,390,12,3.08,0,0.00,0,0,False,
MMM,2025-06-17,386,390,14,3.59,0,0.00,0,0,False,
MMM,2025-06-18,394,390,1,0.26,0,0.00,0,0,False,
MMM,2025-06-20,407,390,2,0.51,0,0.00,0,0,False,
MMM,2025-06-23,400,390,8,2.05,0,0.00,0,0,False,
MMM,2025-06-24,399,390,3,0.77,0,0.00,0,0,False,
MMM,2025-06-25,384,390,11,2.82,0,0.00,0,0,False,
MMM,2025-06-26,396,390,4,1.03,0,0.00,0,0,False,
MMM,2025-06-27,397,390,6,1.54,0,0.00,0,0,False,
MMM,2025-06-30,386,390,10,2.56,0,0.00,0,0,False,
AXP,2025-01-02,398,390,2,0.51,0,0.00,0,0,False,
AXP,2025-01-03,393,390,3,0.77,0,0.00,0,0,False,
AXP,2025-01-06,402,390,1,0.26,0,0.00,0,0,False,
AXP,2025-01-07,397,390,2,0.51,0,0.00,0,0,False,
AXP,2025-01-08,390,390,8,2.05,0,0.00,0,0,False,
AXP,2025-01-10,414,390,1,0.26,0,0.00,0,0,False,
AXP,2025-01-13,400,390,1,0.26,0,0.00,0,0,False,
AXP,2025-01-14,393,390,7,1.79,0,0.00,0,0,False,
AXP,2025-01-15,416,390,0,0.00,0,0.00,0,0,False,
AXP,2025-01-16,410,390,1,0.26,0,0.00,0,0,False,
AXP,2025-01-17,401,390,3,0.77,0,0.00,0,0,False,
AXP,2025-01-21,420,390,1,0.26,0,0.00,0,0,False,
AXP,2025-01-22,414,390,0,0.00,0,0.00,0,0,False,
AXP,2025-01-23,477,390,1,0.26,0,0.00,0,0,False,
AXP,2025-01-24,605,390,1,0.26,0,0.00,0,0,False,
AXP,2025-01-27,424,390,0,0.00,0,0.00,0,0,False,
AXP,2025-01-28,400,390,2,0.51,0,0.00,0,0,False,
AXP,2025-01-29,392,390,8,2.05,0,0.00,0,0,False,
AXP,2025-01-30,397,390,3,0.77,0,0.00,0,0,False,
AXP,2025-01-31,388,390,10,2.56,0,0.00,0,0,False,
AXP,2025-02-03,409,390,7,1.79,0,0.00,0,0,False,
AXP,2025-02-04,387,390,9,2.31,0,0.00,0,0,False,
AXP,2025-02-05,396,390,3,0.77,0,0.00,0,0,False,
AXP,2025-02-06,393,390,4,1.03,0,0.00,0,0,False,
AXP,2025-02-07,379,390,15,3.85,0,0.00,0,0,False,
AXP,2025-02-10,402,390,1,0.26,0,0.00,0,0,False,
AXP,2025-02-11,400,390,5,1.28,0,0.00,0,0,False,
AXP,2025-02-12,395,390,11,2.82,0,0.00,0,0,False,
AXP,2025-02-13,387,390,12,3.08,0,0.00,0,0,False,
AXP,2025-02-14,382,390,13,3.33,0,0.00,0,0,False,
AXP,2025-02-18,396,390,12,3.08,0,0.00,0,0,False,
AXP,2025-02-19,393,390,6,1.54,0,0.00,0,0,False,
AXP,2025-02-20,396,390,4,1.03,0,0.00,0,0,False,
AXP,2025-02-21,404,390,2,0.51,0,0.00,0,0,False,
AXP,2025-02-24,400,390,4,1.03,0,0.00,0,0,False,
AXP,2025-02-25,398,390,2,0.51,0,0.00,0,0,False,
AXP,2025-02-26,403,390,5,1.28,0,0.00,0,0,False,
AXP,2025-02-27,408,390,5,1.28,0,0.00,0,0,False,
AXP,2025-02-28,403,390,8,2.05,0,0.00,0,0,False,
AXP,2025-03-03,399,390,2,0.51,0,0.00,0,0,False,
AXP,2025-03-04,419,390,0,0.00,0,0.00,0,0,False,
AXP,2025-03-05,402,390,0,0.00,0,0.00,0,0,False,
AXP,2025-03-06,406,390,0,0.00,0,0.00,0,0,False,
AXP,2025-03-07,402,390,0,0.00,0,0.00,0,0,False,
AXP,2025-03-10,436,390,0,0.00,0,0.00,0,0,False,
AXP,2025-03-11,428,390,0,0.00,0,0.00,0,0,False,
AXP,2025-03-12,420,390,0,0.00,0,0.00,0,0,False,
AXP,2025-03-13,401,390,0,0.00,0,0.00,0,0,False,
AXP,2025-03-14,401,390,1,0.26,0,0.00,0,0,False,
AXP,2025-03-17,408,390,0,0.00,0,0.00,0,0,False,
AXP,2025-03-18,401,390,1,0.26,0,0.00,0,0,False,
AXP,2025-03-19,397,390,6,1.54,0,0.00,0,0,False,
AXP,2025-03-20,399,390,3,0.77,0,0.00,0,0,False,
AXP,2025-03-21,403,390,10,2.56,0,0.00,0,0,False,
AXP,2025-03-24,408,390,2,0.51,0,0.00,0,0,False,
AXP,2025-03-25,396,390,6,1.54,0,0.00,0,0,False,
AXP,2025-03-26,399,390,3,0.77,0,0.00,0,0,False,
AXP,2025-03-27,394,390,2,0.51,0,0.00,0,0,False,
AXP,2025-03-28,395,390,0,0.00,0,0.00,0,0,False,
AXP,2025-03-31,417,390,3,0.77,0,0.00,0,0,False,
AXP,2025-04-01,405,390,2,0.51,0,0.00,0,0,False,
AXP,2025-04-02,434,390,1,0.26,0,0.00,0,0,False,
AXP,2025-04-03,423,390,0,0.00,0,0.00,0,0,False,
AXP,2025-04-04,460,390,2,0.51,0,0.00,0,0,False,
AXP,2025-04-07,452,390,0,0.00,0,0.00,0,0,False,
AXP,2025-04-08,433,390,0,0.00,0,0.00,0,0,False,
AXP,2025-04-09,435,390,0,0.00,0,0.00,0,0,False,
AXP,2025-04-10,423,390,0,0.00,0,0.00,0,0,False,
AXP,2025-04-11,439,390,0,0.00,0,0.00,0,0,False,
AXP,2025-04-14,416,390,0,0.00,0,0.00,0,0,False,
AXP,2025-04-15,410,390,1,0.26,0,0.00,0,0,False,
AXP,2025-04-16,417,390,0,0.00,0,0.00,0,0,False,
AXP,2025-04-17,487,390,0,0.00,0,0.00,0,0,False,
AXP,2025-04-21,408,390,0,0.00,0,0.00,0,0,False,
AXP,2025-04-22,418,390,1,0.26,0,0.00,0,0,False,
AXP,2025-04-23,416,390,1,0.26,0,0.00,0,0,False,
AXP,2025-04-24,399,390,3,0.77,0,0.00,0,0,False,
AXP,2025-04-25,402,390,2,0.51,0,0.00,0,0,False,
AXP,2025-04-28,394,390,2,0.51,0,0.00,0,0,False,
AXP,2025-04-29,392,390,6,1.54,0,0.00,0,0,False,
AXP,2025-04-30,412,390,2,0.51,0,0.00,0,0,False,
AXP,2025-05-01,405,390,2,0.51,0,0.00,0,0,False,
AXP,2025-05-02,411,390,2,0.51,0,0.00,0,0,False,
AXP,2025-05-05,402,390,0,0.00,0,0.00,0,0,False,
AXP,2025-05-06,401,390,1,0.26,0,0.00,0,0,False,
AXP,2025-05-07,396,390,3,0.77,0,0.00,0,0,False,
AXP,2025-05-08,406,390,2,0.51,0,0.00,0,0,False,
AXP,2025-05-09,400,390,0,0.00,0,0.00,0,0,False,
AXP,2025-05-12,419,390,3,0.77,0,0.00,0,0,False,
AXP,2025-05-13,401,390,0,0.00,0,0.00,0,0,False,
AXP,2025-05-14,390,390,9,2.31,0,0.00,0,0,False,
AXP,2025-05-15,393,390,7,1.79,0,0.00,0,0,False,
AXP,2025-05-16,404,390,4,1.03,0,0.00,0,0,False,
AXP,2025-05-19,397,390,1,0.26,0,0.00,0,0,False,
AXP,2025-05-20,396,390,3,0.77,0,0.00,0,0,False,
AXP,2025-05-21,401,390,3,0.77,0,0.00,0,0,False,
AXP,2025-05-22,402,390,9,2.31,0,0.00,0,0,False,
AXP,2025-05-23,395,390,20,5.13,0,0.00,0,0,True,missing_rate_5.13%_exceeds_5.0%
AXP,2025-05-27,406,390,1,0.26,0,0.00,0,0,False,
AXP,2025-05-28,384,390,16,4.10,0,0.00,0,0,False,
AXP,2025-05-29,405,390,4,1.03,0,0.00,0,0,False,
AXP,2025-05-30,402,390,0,0.00,0,0.00,0,0,False,
AXP,2025-06-02,390,390,4,1.03,0,0.00,0,0,False,
AXP,2025-06-03,391,390,7,1.79,0,0.00,0,0,False,
AXP,2025-06-04,384,390,14,3.59,0,0.00,0,0,False,
AXP,2025-06-05,391,390,9,2.31,0,0.00,0,0,False,
AXP,2025-06-06,394,390,4,1.03,0,0.00,0,0,False,
AXP,2025-06-09,395,390,0,0.00,0,0.00,0,0,False,
AXP,2025-06-10,395,390,0,0.00,0,0.00,0,0,False,
AXP,2025-06-11,394,390,4,1.03,0,0.00,0,0,False,
AXP,2025-06-12,396,390,6,1.54,0,0.00,0,0,False,
AXP,2025-06-13,427,390,1,0.26,0,0.00,0,0,False,
AXP,2025-06-16,403,390,5,1.28,0,0.00,0,0,False,
AXP,2025-06-17,396,390,2,0.51,0,0.00,0,0,False,
AXP,2025-06-18,399,390,0,0.00,0,0.00,0,0,False,
AXP,2025-06-20,400,390,1,0.26,0,0.00,0,0,False,
AXP,2025-06-23,409,390,0,0.00,0,0.00,0,0,False,
AXP,2025-06-24,396,390,1,0.26,0,0.00,0,0,False,
AXP,2025-06-25,395,390,0,0.00,0,0.00,0,0,False,
AXP,2025-06-26,399,390,0,0.00,0,0.00,0,0,False,
AXP,2025-06-27,399,390,1,0.26,0,0.00,0,0,False,
AXP,2025-06-30,404,390,0,0.00,0,0.00,0,0,False,
AMGN,2025-01-02,395,390,0,0.00,0,0.00,0,0,False,
AMGN,2025-01-03,391,390,5,1.28,0,0.00,0,0,False,
AMGN,2025-01-06,412,390,0,0.00,0,0.00,0,0,False,
AMGN,2025-01-07,399,390,2,0.51,0,0.00,0,0,False,
AMGN,2025-01-08,392,390,7,1.79,0,0.00,0,0,False,
AMGN,2025-01-10,402,390,1,0.26,0,0.00,0,0,False,
AMGN,2025-01-13,399,390,0,0.00,0,0.00,0,0,False,
AMGN,2025-01-14,397,390,4,1.03,0,0.00,0,0,False,
AMGN,2025-01-15,389,390,9,2.31,0,0.00,0,0,False,
AMGN,2025-01-16,391,390,4,1.03,0,0.00,0,0,False,
AMGN,2025-01-17,411,390,4,1.03,0,0.00,0,0,False,
AMGN,2025-01-21,398,390,0,0.00,0,0.00,0,0,False,
AMGN,2025-01-22,403,390,0,0.00,0,0.00,0,0,False,
AMGN,2025-01-23,389,390,11,2.82,0,0.00,0,0,False,
AMGN,2025-01-24,394,390,3,0.77,0,0.00,0,0,False,
AMGN,2025-01-27,421,390,0,0.00,0,0.00,0,0,False,
AMGN,2025-01-28,396,390,4,1.03,0,0.00,0,0,False,
AMGN,2025-01-29,389,390,15,3.85,0,0.00,0,0,False,
AMGN,2025-01-30,396,390,6,1.54,0,0.00,0,0,False,
AMGN,2025-01-31,405,390,6,1.54,0,0.00,0,0,False,
AMGN,2025-02-03,407,390,1,0.26,0,0.00,0,0,False,
AMGN,2025-02-04,450,390,1,0.26,0,0.00,0,0,False,
AMGN,2025-02-05,421,390,1,0.26,0,0.00,0,0,False,
AMGN,2025-02-06,412,390,1,0.26,0,0.00,0,0,False,
AMGN,2025-02-07,399,390,2,0.51,0,0.00,0,0,False,
AMGN,2025-02-10,395,390,2,0.51,0,0.00,0,0,False,
AMGN,2025-02-11,399,390,3,0.77,0,0.00,0,0,False,
AMGN,2025-02-12,397,390,4,1.03,0,0.00,0,0,False,
AMGN,2025-02-13,389,390,6,1.54,0,0.00,0,0,False,
AMGN,2025-02-14,399,390,2,0.51,0,0.00,0,0,False,
AMGN,2025-02-18,391,390,3,0.77,0,0.00,0,0,False,
AMGN,2025-02-19,387,390,8,2.05,0,0.00,0,0,False,
AMGN,2025-02-20,392,390,3,0.77,0,0.00,0,0,False,
AMGN,2025-02-21,400,390,0,0.00,0,0.00,0,0,False,
AMGN,2025-02-24,401,390,0,0.00,0,0.00,0,0,False,
AMGN,2025-02-25,402,390,2,0.51,0,0.00,0,0,False,
AMGN,2025-02-26,398,390,3,0.77,0,0.00,0,0,False,
AMGN,2025-02-27,393,390,8,2.05,0,0.00,0,0,False,
AMGN,2025-02-28,397,390,7,1.79,0,0.00,0,0,False,
AMGN,2025-03-03,394,390,1,0.26,0,0.00,0,0,False,
AMGN,2025-03-04,407,390,0,0.00,0,0.00,0,0,False,
AMGN,2025-03-05,400,390,1,0.26,0,0.00,0,0,False,
AMGN,2025-03-06,408,390,5,1.28,0,0.00,0,0,False,
AMGN,2025-03-07,404,390,0,0.00,0,0.00,0,0,False,
AMGN,2025-03-10,413,390,1,0.26,0,0.00,0,0,False,
AMGN,2025-03-11,407,390,1,0.26,0,0.00,0,0,False,
AMGN,2025-03-12,407,390,1,0.26,0,0.00,0,0,False,
AMGN,2025-03-13,398,390,2,0.51,0,0.00,0,0,False,
AMGN,2025-03-14,396,390,1,0.26,0,0.00,0,0,False,
AMGN,2025-03-17,391,390,7,1.79,0,0.00,0,0,False,
AMGN,2025-03-18,396,390,1,0.26,0,0.00,0,0,False,
AMGN,2025-03-19,376,390,19,4.87,0,0.00,0,0,False,
AMGN,2025-03-20,390,390,6,1.54,0,0.00,0,0,False,
AMGN,2025-03-21,397,390,8,2.05,0,0.00,0,0,False,
AMGN,2025-03-24,375,390,28,7.18,0,0.00,0,0,True,missing_rate_7.18%_exceeds_5.0%
AMGN,2025-03-25,393,390,4,1.03,0,0.00,0,0,False,
AMGN,2025-03-26,388,390,9,2.31,0,0.00,0,0,False,
AMGN,2025-03-27,378,390,18,4.62,0,0.00,0,0,False,
AMGN,2025-03-28,383,390,15,3.85,0,0.00,0,0,False,
AMGN,2025-03-31,397,390,2,0.51,0,0.00,0,0,False,
AMGN,2025-04-01,390,390,9,2.31,0,0.00,0,0,False,
AMGN,2025-04-02,406,390,7,1.79,0,0.00,0,0,False,
AMGN,2025-04-03,405,390,1,0.26,0,0.00,0,0,False,
AMGN,2025-04-04,420,390,0,0.00,0,0.00,0,0,False,
AMGN,2025-04-07,421,390,1,0.26,0,0.00,0,0,False,
AMGN,2025-04-08,414,390,1,0.26,0,0.00,0,0,False,
AMGN,2025-04-09,435,390,0,0.00,0,0.00,0,0,False,
AMGN,2025-04-10,413,390,0,0.00,0,0.00,0,0,False,
AMGN,2025-04-11,397,390,3,0.77,0,0.00,0,0,False,
AMGN,2025-04-14,399,390,4,1.03,0,0.00,0,0,False,
AMGN,2025-04-15,391,390,3,0.77,0,0.00,0,0,False,
AMGN,2025-04-16,398,390,3,0.77,0,0.00,0,0,False,
AMGN,2025-04-17,430,390,1,0.26,0,0.00,0,0,False,
AMGN,2025-04-21,408,390,8,2.05,0,0.00,0,0,False,
AMGN,2025-04-22,408,390,6,1.54,0,0.00,0,0,False,
AMGN,2025-04-23,396,390,5,1.28,0,0.00,0,0,False,
AMGN,2025-04-24,388,390,9,2.31,0,0.00,0,0,False,
AMGN,2025-04-25,379,390,17,4.36,0,0.00,0,0,False,
AMGN,2025-04-28,365,390,30,7.69,0,0.00,0,0,True,missing_rate_7.69%_exceeds_5.0%
AMGN,2025-04-29,388,390,8,2.05,0,0.00,0,0,False,
AMGN,2025-04-30,393,390,14,3.59,0,0.00,0,0,False,
AMGN,2025-05-01,424,390,9,2.31,0,0.00,0,0,False,
AMGN,2025-05-02,414,390,0,0.00,0,0.00,0,0,False,
AMGN,2025-05-05,401,390,2,0.51,0,0.00,0,0,False,
AMGN,2025-05-06,405,390,1,0.26,0,0.00,0,0,False,
AMGN,2025-05-07,423,390,3,0.77,0,0.00,0,0,False,
AMGN,2025-05-08,412,390,0,0.00,0,0.00,0,0,False,
AMGN,2025-05-09,409,390,1,0.26,0,0.00,0,0,False,
AMGN,2025-05-12,433,390,1,0.26,0,0.00,0,0,False,
AMGN,2025-05-13,402,390,3,0.77,0,0.00,0,0,False,
AMGN,2025-05-14,414,390,1,0.26,0,0.00,0,0,False,
AMGN,2025-05-15,398,390,1,0.26,0,0.00,0,0,False,
AMGN,2025-05-16,409,390,4,1.03,0,0.00,0,0,False,
AMGN,2025-05-19,399,390,3,0.77,0,0.00,0,0,False,
AMGN,2025-05-20,396,390,2,0.51,0,0.00,0,0,False,
AMGN,2025-05-21,392,390,4,1.03,0,0.00,0,0,False,
AMGN,2025-05-22,392,390,12,3.08,0,0.00,0,0,False,
AMGN,2025-05-23,393,390,8,2.05,0,0.00,0,0,False,
AMGN,2025-05-27,391,390,4,1.03,0,0.00,0,0,False,
AMGN,2025-05-28,396,390,6,1.54,0,0.00,0,0,False,
AMGN,2025-05-29,401,390,2,0.51,0,0.00,0,0,False,
AMGN,2025-05-30,413,390,5,1.28,0,0.00,0,0,False,
AMGN,2025-06-02,395,390,4,1.03,0,0.00,0,0,False,
AMGN,2025-06-03,391,390,5,1.28,0,0.00,0,0,False,
AMGN,2025-06-04,388,390,10,2.56,0,0.00,0,0,False,
AMGN,2025-06-05,391,390,7,1.79,0,0.00,0,0,False,
AMGN,2025-06-06,385,390,19,4.87,0,0.00,0,0,False,
AMGN,2025-06-09,378,390,14,3.59,0,0.00,0,0,False,
AMGN,2025-06-10,392,390,6,1.54,0,0.00,0,0,False,
AMGN,2025-06-11,370,390,28,7.18,0,0.00,0,0,True,missing_rate_7.18%_exceeds_5.0%
AMGN,2025-06-12,379,390,20,5.13,0,0.00,0,0,True,missing_rate_5.13%_exceeds_5.0%
AMGN,2025-06-13,388,390,9,2.31,0,0.00,0,0,False,
AMGN,2025-06-16,382,390,15,3.85,0,0.00,0,0,False,
AMGN,2025-06-17,396,390,1,0.26,0,0.00,0,0,False,
AMGN,2025-06-18,391,390,7,1.79,0,0.00,0,0,False,
AMGN,2025-06-20,399,390,3,0.77,0,0.00,0,0,False,
AMGN,2025-06-23,393,390,8,2.05,0,0.00,0,0,False,
AMGN,2025-06-24,415,390,2,0.51,0,0.00,0,0,False,
AMGN,2025-06-25,400,390,7,1.79,0,0.00,0,0,False,
AMGN,2025-06-26,400,390,0,0.00,0,0.00,0,0,False,
AMGN,2025-06-27,393,390,4,1.03,0,0.00,0,0,False,
AMGN,2025-06-30,401,390,3,0.77,0,0.00,0,0,False,
AMZN,2025-01-02,670,390,0,0.00,0,0.00,0,0,False,
AMZN,2025-01-03,674,390,0,0.00,0,0.00,0,0,False,
AMZN,2025-01-06,713,390,0,0.00,0,0.00,0,0,False,
AMZN,2025-01-07,695,390,0,0.00,0,0.00,0,0,False,
AMZN,2025-01-08,695,390,0,0.00,0,0.00,0,0,False,
AMZN,2025-01-10,628,390,0,0.00,0,0.00,0,0,False,
AMZN,2025-01-13,732,390,0,0.00,0,0.00,0,0,False,
AMZN,2025-01-14,701,390,0,0.00,0,0.00,0,0,False,
AMZN,2025-01-15,684,390,0,0.00,0,0.00,0,0,False,
AMZN,2025-01-16,721,390,0,0.00,0,0.00,0,0,False,
AMZN,2025-01-17,696,390,0,0.00,0,0.00,0,0,False,
AMZN,2025-01-21,788,390,0,0.00,0,0.00,0,0,False,
AMZN,2025-01-22,797,390,0,0.00,0,0.00,0,0,False,
AMZN,2025-01-23,728,390,0,0.00,0,0.00,0,0,False,
AMZN,2025-01-24,674,390,0,0.00,0,0.00,0,0,False,
AMZN,2025-01-27,864,390,0,0.00,0,0.00,0,0,False,
AMZN,2025-01-28,741,390,0,0.00,0,0.00,0,0,False,
AMZN,2025-01-29,806,390,0,0.00,0,0.00,0,0,False,
AMZN,2025-01-30,822,390,0,0.00,0,0.00,0,0,False,
AMZN,2025-01-31,716,390,0,0.00,0,0.00,0,0,False,
AMZN,2025-02-03,823,390,0,0.00,0,0.00,0,0,False,
AMZN,2025-02-04,820,390,0,0.00,0,0.00,0,0,False,
AMZN,2025-02-05,827,390,0,0.00,0,0.00,0,0,False,
AMZN,2025-02-06,885,390,0,0.00,0,0.00,0,0,False,
AMZN,2025-02-07,927,390,0,0.00,0,0.00,0,0,False,
AMZN,2025-02-10,743,390,0,0.00,0,0.00,0,0,False,
AMZN,2025-02-11,679,390,0,0.00,0,0.00,0,0,False,
AMZN,2025-02-12,721,390,0,0.00,0,0.00,0,0,False,
AMZN,2025-02-13,744,390,0,0.00,0,0.00,0,0,False,
AMZN,2025-02-14,709,390,0,0.00,0,0.00,0,0,False,
AMZN,2025-02-18,720,390,0,0.00,0,0.00,0,0,False,
AMZN,2025-02-19,709,390,0,0.00,0,0.00,0,0,False,
AMZN,2025-02-20,759,390,0,0.00,0,0.00,0,0,False,
AMZN,2025-02-21,764,390,0,0.00,0,0.00,0,0,False,
AMZN,2025-02-24,776,390,0,0.00,0,0.00,0,0,False,
AMZN,2025-02-25,821,390,0,0.00,0,0.00,0,0,False,
AMZN,2025-02-26,858,390,0,0.00,0,0.00,0,0,False,
AMZN,2025-02-27,833,390,0,0.00,0,0.00,0,0,False,
AMZN,2025-02-28,782,390,0,0.00,0,0.00,0,0,False,
AMZN,2025-03-03,760,390,0,0.00,0,0.00,0,0,False,
AMZN,2025-03-04,859,390,0,0.00,0,0.00,0,0,False,
AMZN,2025-03-05,761,390,0,0.00,0,0.00,0,0,False,
AMZN,2025-03-06,802,390,0,0.00,0,0.00,0,0,False,
AMZN,2025-03-07,778,390,0,0.00,0,0.00,0,0,False,
AMZN,2025-03-10,864,390,0,0.00,0,0.00,0,0,False,
AMZN,2025-03-11,827,390,0,0.00,0,0.00,0,0,False,
AMZN,2025-03-12,807,390,0,0.00,0,0.00,0,0,False,
AMZN,2025-03-13,796,390,0,0.00,0,0.00,0,0,False,
AMZN,2025-03-14,778,390,0,0.00,0,0.00,0,0,False,
AMZN,2025-03-17,781,390,0,0.00,0,0.00,0,0,False,
AMZN,2025-03-18,781,390,0,0.00,0,0.00,0,0,False,
AMZN,2025-03-19,761,390,0,0.00,0,0.00,0,0,False,
AMZN,2025-03-20,766,390,0,0.00,0,0.00,0,0,False,
AMZN,2025-03-21,708,390,0,0.00,0,0.00,0,0,False,
AMZN,2025-03-24,825,390,0,0.00,0,0.00,0,0,False,
AMZN,2025-03-25,781,390,0,0.00,0,0.00,0,0,False,
AMZN,2025-03-26,783,390,0,0.00,0,0.00,0,0,False,
AMZN,2025-03-27,673,390,0,0.00,0,0.00,0,0,False,
AMZN,2025-03-28,758,390,0,0.00,0,0.00,0,0,False,
AMZN,2025-03-31,820,390,0,0.00,0,0.00,0,0,False,
AMZN,2025-04-01,805,390,0,0.00,0,0.00,0,0,False,
AMZN,2025-04-02,833,390,0,0.00,0,0.00,0,0,False,
AMZN,2025-04-03,925,390,0,0.00,0,0.00,0,0,False,
AMZN,2025-04-04,914,390,0,0.00,0,0.00,0,0,False,
AMZN,2025-04-07,927,390,0,0.00,0,0.00,0,0,False,
AMZN,2025-04-08,908,390,0,0.00,0,0.00,0,0,False,
AMZN,2025-04-09,945,390,0,0.00,0,0.00,0,0,False,
AMZN,2025-04-10,897,390,0,0.00,0,0.00,0,0,False,
AMZN,2025-04-11,842,390,0,0.00,0,0.00,0,0,False,
AMZN,2025-04-14,816,390,0,0.00,0,0.00,0,0,False,
AMZN,2025-04-15,753,390,0,0.00,0,0.00,0,0,False,
AMZN,2025-04-16,775,390,0,0.00,0,0.00,0,0,False,
AMZN,2025-04-17,775,390,0,0.00,0,0.00,0,0,False,
AMZN,2025-04-21,775,390,0,0.00,0,0.00,0,0,False,
AMZN,2025-04-22,827,390,0,0.00,0,0.00,0,0,False,
AMZN,2025-04-23,871,390,0,0.00,0,0.00,0,0,False,
AMZN,2025-04-24,871,390,0,0.00,0,0.00,0,0,False,
AMZN,2025-04-25,817,390,0,0.00,0,0.00,0,0,False,
AMZN,2025-04-28,744,390,0,0.00,0,0.00,0,0,False,
AMZN,2025-04-29,739,390,0,0.00,0,0.00,0,0,False,
AMZN,2025-04-30,789,390,0,0.00,0,0.00,0,0,False,
AMZN,2025-05-01,904,390,0,0.00,0,0.00,0,0,False,
AMZN,2025-05-02,911,390,0,0.00,0,0.00,0,0,False,
AMZN,2025-05-05,822,390,0,0.00,0,0.00,0,0,False,
AMZN,2025-05-06,794,390,0,0.00,0,0.00,0,0,False,
AMZN,2025-05-07,766,390,0,0.00,0,0.00,0,0,False,
AMZN,2025-05-08,800,390,0,0.00,0,0.00,0,0,False,
AMZN,2025-05-09,740,390,0,0.00,0,0.00,0,0,False,
AMZN,2025-05-12,913,390,0,0.00,0,0.00,0,0,False,
AMZN,2025-05-13,851,390,0,0.00,0,0.00,0,0,False,
AMZN,2025-05-14,814,390,0,0.00,0,0.00,0,0,False,
AMZN,2025-05-15,804,390,0,0.00,0,0.00,0,0,False,
AMZN,2025-05-16,852,390,0,0.00,0,0.00,0,0,False,
AMZN,2025-05-19,765,390,0,0.00,0,0.00,0,0,False,
AMZN,2025-05-20,695,390,0,0.00,0,0.00,0,0,False,
AMZN,2025-05-21,753,390,0,0.00,0,0.00,0,0,False,
AMZN,2025-05-22,756,390,0,0.00,0,0.00,0,0,False,
AMZN,2025-05-23,710,390,0,0.00,0,0.00,0,0,False,
AMZN,2025-05-27,757,390,0,0.00,0,0.00,0,0,False,
AMZN,2025-05-28,728,390,0,0.00,0,0.00,0,0,False,
AMZN,2025-05-29,812,390,0,0.00,0,0.00,0,0,False,
AMZN,2025-05-30,669,390,0,0.00,0,0.00,0,0,False,
AMZN,2025-06-02,695,390,0,0.00,0,0.00,0,0,False,
AMZN,2025-06-03,701,390,0,0.00,0,0.00,0,0,False,
AMZN,2025-06-04,690,390,0,0.00,0,0.00,0,0,False,
AMZN,2025-06-05,822,390,0,0.00,0,0.00,0,0,False,
AMZN,2025-06-06,745,390,0,0.00,0,0.00,0,0,False,
AMZN,2025-06-09,763,390,0,0.00,0,0.00,0,0,False,
AMZN,2025-06-10,736,390,0,0.00,0,0.00,0,0,False,
AMZN,2025-06-11,760,390,0,0.00,0,0.00,0,0,False,
AMZN,2025-06-12,740,390,0,0.00,0,0.00,0,0,False,
AMZN,2025-06-13,744,390,0,0.00,0,0.00,0,0,False,
AMZN,2025-06-16,712,390,0,0.00,0,0.00,0,0,False,
AMZN,2025-06-17,719,390,0,0.00,0,0.00,0,0,False,
AMZN,2025-06-18,739,390,0,0.00,0,0.00,0,0,False,
AMZN,2025-06-20,711,390,0,0.00,0,0.00,0,0,False,
AMZN,2025-06-23,795,390,0,0.00,0,0.00,0,0,False,
AMZN,2025-06-24,798,390,0,0.00,0,0.00,0,0,False,
AMZN,2025-06-25,745,390,0,0.00,0,0.00,0,0,False,
AMZN,2025-06-26,779,390,0,0.00,0,0.00,0,0,False,
AMZN,2025-06-27,825,390,0,0.00,0,0.00,0,0,False,
AMZN,2025-06-30,823,390,0,0.00,0,0.00,0,0,False,
AAPL,2025-01-02,729,390,0,0.00,0,0.00,0,0,False,
AAPL,2025-01-03,726,390,0,0.00,0,0.00,0,0,False,
AAPL,2025-01-06,734,390,0,0.00,0,0.00,0,0,False,
AAPL,2025-01-07,753,390,0,0.00,0,0.00,0,0,False,
AAPL,2025-01-08,676,390,0,0.00,0,0.00,0,0,False,
AAPL,2025-01-10,649,390,0,0.00,0,0.00,0,0,False,
AAPL,2025-01-13,762,390,0,0.00,0,0.00,0,0,False,
AAPL,2025-01-14,732,390,0,0.00,0,0.00,0,0,False,
AAPL,2025-01-15,648,390,0,0.00,0,0.00,0,0,False,
AAPL,2025-01-16,755,390,0,0.00,0,0.00,0,0,False,
AAPL,2025-01-17,833,390,0,0.00,0,0.00,0,0,False,
AAPL,2025-01-21,862,390,0,0.00,0,0.00,0,0,False,
AAPL,2025-01-22,883,390,0,0.00,0,0.00,0,0,False,
AAPL,2025-01-23,827,390,0,0.00,0,0.00,0,0,False,
AAPL,2025-01-24,827,390,0,0.00,0,0.00,0,0,False,
AAPL,2025-01-27,874,390,0,0.00,0,0.00,0,0,False,
AAPL,2025-01-28,841,390,0,0.00,0,0.00,0,0,False,
AAPL,2025-01-29,846,390,0,0.00,0,0.00,0,0,False,
AAPL,2025-01-30,836,390,0,0.00,0,0.00,0,0,False,
AAPL,2025-01-31,888,390,0,0.00,0,0.00,0,0,False,
AAPL,2025-02-03,848,390,0,0.00,0,0.00,0,0,False,
AAPL,2025-02-04,791,390,0,0.00,0,0.00,0,0,False,
AAPL,2025-02-05,841,390,0,0.00,0,0.00,0,0,False,
AAPL,2025-02-06,755,390,0,0.00,0,0.00,0,0,False,
AAPL,2025-02-07,686,390,0,0.00,0,0.00,0,0,False,
AAPL,2025-02-10,694,390,0,0.00,0,0.00,0,0,False,
AAPL,2025-02-11,685,390,0,0.00,0,0.00,0,0,False,
AAPL,2025-02-12,707,390,0,0.00,0,0.00,0,0,False,
AAPL,2025-02-13,735,390,0,0.00,0,0.00,0,0,False,
AAPL,2025-02-14,747,390,0,0.00,0,0.00,0,0,False,
AAPL,2025-02-18,701,390,0,0.00,0,0.00,0,0,False,
AAPL,2025-02-19,688,390,0,0.00,0,0.00,0,0,False,
AAPL,2025-02-20,650,390,0,0.00,0,0.00,0,0,False,
AAPL,2025-02-21,654,390,0,0.00,0,0.00,0,0,False,
AAPL,2025-02-24,776,390,0,0.00,0,0.00,0,0,False,
AAPL,2025-02-25,775,390,0,0.00,0,0.00,0,0,False,
AAPL,2025-02-26,751,390,0,0.00,0,0.00,0,0,False,
AAPL,2025-02-27,753,390,0,0.00,0,0.00,0,0,False,
AAPL,2025-02-28,716,390,0,0.00,0,0.00,0,0,False,
AAPL,2025-03-03,740,390,0,0.00,0,0.00,0,0,False,
AAPL,2025-03-04,761,390,0,0.00,0,0.00,0,0,False,
AAPL,2025-03-05,722,390,0,0.00,0,0.00,0,0,False,
AAPL,2025-03-06,705,390,0,0.00,0,0.00,0,0,False,
AAPL,2025-03-07,666,390,0,0.00,0,0.00,0,0,False,
AAPL,2025-03-10,859,390,0,0.00,0,0.00,0,0,False,
AAPL,2025-03-11,797,390,0,0.00,0,0.00,0,0,False,
AAPL,2025-03-12,789,390,0,0.00,0,0.00,0,0,False,
AAPL,2025-03-13,823,390,0,0.00,0,0.00,0,0,False,
AAPL,2025-03-14,775,390,0,0.00,0,0.00,0,0,False,
AAPL,2025-03-17,727,390,0,0.00,0,0.00,0,0,False,
AAPL,2025-03-18,702,390,0,0.00,0,0.00,0,0,False,
AAPL,2025-03-19,656,390,0,0.00,0,0.00,0,0,False,
AAPL,2025-03-20,693,390,0,0.00,0,0.00,0,0,False,
AAPL,2025-03-21,735,390,0,0.00,0,0.00,0,0,False,
AAPL,2025-03-24,806,390,0,0.00,0,0.00,0,0,False,
AAPL,2025-03-25,704,390,0,0.00,0,0.00,0,0,False,
AAPL,2025-03-26,674,390,0,0.00,0,0.00,0,0,False,
AAPL,2025-03-27,665,390,0,0.00,0,0.00,0,0,False,
AAPL,2025-03-28,693,390,0,0.00,0,0.00,0,0,False,
AAPL,2025-03-31,764,390,0,0.00,0,0.00,0,0,False,
AAPL,2025-04-01,734,390,0,0.00,0,0.00,0,0,False,
AAPL,2025-04-02,795,390,0,0.00,0,0.00,0,0,False,
AAPL,2025-04-03,934,390,0,0.00,0,0.00,0,0,False,
AAPL,2025-04-04,928,390,0,0.00,0,0.00,0,0,False,
AAPL,2025-04-07,942,390,0,0.00,0,0.00,0,0,False,
AAPL,2025-04-08,946,390,0,0.00,0,0.00,0,0,False,
AAPL,2025-04-09,956,390,0,0.00,0,0.00,0,0,False,
AAPL,2025-04-10,912,390,0,0.00,0,0.00,0,0,False,
AAPL,2025-04-11,888,390,0,0.00,0,0.00,0,0,False,
AAPL,2025-04-14,936,390,0,0.00,0,0.00,0,0,False,
AAPL,2025-04-15,849,390,0,0.00,0,0.00,0,0,False,
AAPL,2025-04-16,827,390,0,0.00,0,0.00,0,0,False,
AAPL,2025-04-17,777,390,0,0.00,0,0.00,0,0,False,
AAPL,2025-04-21,745,390,0,0.00,0,0.00,0,0,False,
AAPL,2025-04-22,801,390,0,0.00,0,0.00,0,0,False,
AAPL,2025-04-23,847,390,0,0.00,0,0.00,0,0,False,
AAPL,2025-04-24,821,390,0,0.00,0,0.00,0,0,False,
AAPL,2025-04-25,762,390,0,0.00,0,0.00,0,0,False,
AAPL,2025-04-28,736,390,0,0.00,0,0.00,0,0,False,
AAPL,2025-04-29,698,390,0,0.00,0,0.00,0,0,False,
AAPL,2025-04-30,780,390,0,0.00,0,0.00,0,0,False,
AAPL,2025-05-01,914,390,0,0.00,0,0.00,0,0,False,
AAPL,2025-05-02,891,390,0,0.00,0,0.00,0,0,False,
AAPL,2025-05-05,840,390,0,0.00,0,0.00,0,0,False,
AAPL,2025-05-06,800,390,0,0.00,0,0.00,0,0,False,
AAPL,2025-05-07,806,390,0,0.00,0,0.00,0,0,False,
AAPL,2025-05-08,857,390,0,0.00,0,0.00,0,0,False,
AAPL,2025-05-09,744,390,0,0.00,0,0.00,0,0,False,
AAPL,2025-05-12,918,390,0,0.00,0,0.00,0,0,False,
AAPL,2025-05-13,825,390,0,0.00,0,0.00,0,0,False,
AAPL,2025-05-14,800,390,0,0.00,0,0.00,0,0,False,
AAPL,2025-05-15,765,390,0,0.00,0,0.00,0,0,False,
AAPL,2025-05-16,805,390,0,0.00,0,0.00,0,0,False,
AAPL,2025-05-19,785,390,0,0.00,0,0.00,0,0,False,
AAPL,2025-05-20,711,390,0,0.00,0,0.00,0,0,False,
AAPL,2025-05-21,745,390,0,0.00,0,0.00,0,0,False,
AAPL,2025-05-22,763,390,0,0.00,0,0.00,0,0,False,
AAPL,2025-05-23,808,390,0,0.00,0,0.00,0,0,False,
AAPL,2025-05-27,817,390,0,0.00,0,0.00,0,0,False,
AAPL,2025-05-28,802,390,0,0.00,0,0.00,0,0,False,
AAPL,2025-05-29,879,390,0,0.00,0,0.00,0,0,False,
AAPL,2025-05-30,778,390,0,0.00,0,0.00,0,0,False,
AAPL,2025-06-02,731,390,0,0.00,0,0.00,0,0,False,
AAPL,2025-06-03,703,390,0,0.00,0,0.00,0,0,False,
AAPL,2025-06-04,823,390,0,0.00,0,0.00,0,0,False,
AAPL,2025-06-05,807,390,0,0.00,0,0.00,0,0,False,
AAPL,2025-06-06,758,390,0,0.00,0,0.00,0,0,False,
AAPL,2025-06-09,838,390,0,0.00,0,0.00,0,0,False,
AAPL,2025-06-10,848,390,0,0.00,0,0.00,0,0,False,
AAPL,2025-06-11,803,390,0,0.00,0,0.00,0,0,False,
AAPL,2025-06-12,763,390,0,0.00,0,0.00,0,0,False,
AAPL,2025-06-13,831,390,0,0.00,0,0.00,0,0,False,
AAPL,2025-06-16,791,390,0,0.00,0,0.00,0,0,False,
AAPL,2025-06-17,756,390,0,0.00,0,0.00,0,0,False,
AAPL,2025-06-18,752,390,0,0.00,0,0.00,0,0,False,
AAPL,2025-06-20,826,390,0,0.00,0,0.00,0,0,False,
AAPL,2025-06-23,858,390,0,0.00,0,0.00,0,0,False,
AAPL,2025-06-24,848,390,0,0.00,0,0.00,0,0,False,
AAPL,2025-06-25,763,390,0,0.00,0,0.00,0,0,False,
AAPL,2025-06-26,825,390,0,0.00,0,0.00,0,0,False,
AAPL,2025-06-27,771,390,0,0.00,0,0.00,0,0,False,
AAPL,2025-06-30,862,390,0,0.00,0,0.00,0,0,False,
BA,2025-01-02,516,390,0,0.00,0,0.00,0,0,False,
BA,2025-01-03,562,390,0,0.00,0,0.00,0,0,False,
BA,2025-01-06,596,390,0,0.00,0,0.00,0,0,False,
BA,2025-01-07,519,390,0,0.00,0,0.00,0,0,False,
BA,2025-01-08,491,390,0,0.00,0,0.00,0,0,False,
BA,2025-01-10,509,390,0,0.00,0,0.00,0,0,False,
BA,2025-01-13,487,390,0,0.00,0,0.00,0,0,False,
BA,2025-01-14,494,390,0,0.00,0,0.00,0,0,False,
BA,2025-01-15,520,390,0,0.00,0,0.00,0,0,False,
BA,2025-01-16,483,390,0,0.00,0,0.00,0,0,False,
BA,2025-01-17,524,390,0,0.00,0,0.00,0,0,False,
BA,2025-01-21,523,390,0,0.00,0,0.00,0,0,False,
BA,2025-01-22,480,390,1,0.26,0,0.00,0,0,False,
BA,2025-01-23,606,390,0,0.00,0,0.00,0,0,False,
BA,2025-01-24,594,390,0,0.00,0,0.00,0,0,False,
BA,2025-01-27,535,390,0,0.00,0,0.00,0,0,False,
BA,2025-01-28,596,390,0,0.00,0,0.00,0,0,False,
BA,2025-01-29,542,390,0,0.00,0,0.00,0,0,False,
BA,2025-01-30,505,390,0,0.00,0,0.00,0,0,False,
BA,2025-01-31,472,390,0,0.00,0,0.00,0,0,False,
BA,2025-02-03,549,390,0,0.00,0,0.00,0,0,False,
BA,2025-02-04,487,390,0,0.00,0,0.00,0,0,False,
BA,2025-02-05,505,390,0,0.00,0,0.00,0,0,False,
BA,2025-02-06,490,390,0,0.00,0,0.00,0,0,False,
BA,2025-02-07,474,390,0,0.00,0,0.00,0,0,False,
BA,2025-02-10,475,390,0,0.00,0,0.00,0,0,False,
BA,2025-02-11,458,390,0,0.00,0,0.00,0,0,False,
BA,2025-02-12,526,390,0,0.00,0,0.00,0,0,False,
BA,2025-02-13,487,390,0,0.00,0,0.00,0,0,False,
BA,2025-02-14,480,390,0,0.00,0,0.00,0,0,False,
BA,2025-02-18,492,390,0,0.00,0,0.00,0,0,False,
BA,2025-02-19,466,390,0,0.00,0,0.00,0,0,False,
BA,2025-02-20,489,390,0,0.00,0,0.00,0,0,False,
BA,2025-02-21,497,390,0,0.00,0,0.00,0,0,False,
BA,2025-02-24,480,390,0,0.00,0,0.00,0,0,False,
BA,2025-02-25,485,390,0,0.00,0,0.00,0,0,False,
BA,2025-02-26,488,390,0,0.00,0,0.00,0,0,False,
BA,2025-02-27,501,390,0,0.00,0,0.00,0,0,False,
BA,2025-02-28,491,390,0,0.00,0,0.00,0,0,False,
BA,2025-03-03,488,390,0,0.00,0,0.00,0,0,False,
BA,2025-03-04,587,390,0,0.00,0,0.00,0,0,False,
BA,2025-03-05,528,390,0,0.00,0,0.00,0,0,False,
BA,2025-03-06,538,390,0,0.00,0,0.00,0,0,False,
BA,2025-03-07,494,390,0,0.00,0,0.00,0,0,False,
BA,2025-03-10,575,390,0,0.00,0,0.00,0,0,False,
BA,2025-03-11,517,390,0,0.00,0,0.00,0,0,False,
BA,2025-03-12,534,390,0,0.00,0,0.00,0,0,False,
BA,2025-03-13,493,390,0,0.00,0,0.00,0,0,False,
BA,2025-03-14,475,390,0,0.00,0,0.00,0,0,False,
BA,2025-03-17,455,390,0,0.00,0,0.00,0,0,False,
BA,2025-03-18,440,390,0,0.00,0,0.00,0,0,False,
BA,2025-03-19,519,390,0,0.00,0,0.00,0,0,False,
BA,2025-03-20,480,390,0,0.00,0,0.00,0,0,False,
BA,2025-03-21,559,390,0,0.00,0,0.00,0,0,False,
BA,2025-03-24,631,390,0,0.00,0,0.00,0,0,False,
BA,2025-03-25,533,390,0,0.00,0,0.00,0,0,False,
BA,2025-03-26,488,390,0,0.00,0,0.00,0,0,False,
BA,2025-03-27,471,390,0,0.00,0,0.00,0,0,False,
BA,2025-03-28,452,390,0,0.00,0,0.00,0,0,False,
BA,2025-03-31,508,390,0,0.00,0,0.00,0,0,False,
BA,2025-04-01,485,390,0,0.00,0,0.00,0,0,False,
BA,2025-04-02,577,390,0,0.00,0,0.00,0,0,False,
BA,2025-04-03,693,390,0,0.00,0,0.00,0,0,False,
BA,2025-04-04,722,390,0,0.00,0,0.00,0,0,False,
BA,2025-04-07,727,390,0,0.00,0,0.00,0,0,False,
BA,2025-04-08,666,390,0,0.00,0,0.00,0,0,False,
BA,2025-04-09,654,390,0,0.00,0,0.00,0,0,False,
BA,2025-04-10,564,390,0,0.00,0,0.00,0,0,False,
BA,2025-04-11,518,390,0,0.00,0,0.00,0,0,False,
BA,2025-04-14,494,390,0,0.00,0,0.00,0,0,False,
BA,2025-04-15,703,390,0,0.00,0,0.00,0,0,False,
BA,2025-04-16,517,390,0,0.00,0,0.00,0,0,False,
BA,2025-04-17,458,390,0,0.00,0,0.00,0,0,False,
BA,2025-04-21,508,390,0,0.00,0,0.00,0,0,False,
BA,2025-04-22,576,390,0,0.00,0,0.00,0,0,False,
BA,2025-04-23,616,390,0,0.00,0,0.00,0,0,False,
BA,2025-04-24,506,390,0,0.00,0,0.00,0,0,False,
BA,2025-04-25,491,390,0,0.00,0,0.00,0,0,False,
BA,2025-04-28,551,390,0,0.00,0,0.00,0,0,False,
BA,2025-04-29,493,390,0,0.00,0,0.00,0,0,False,
BA,2025-04-30,514,390,0,0.00,0,0.00,0,0,False,
BA,2025-05-01,483,390,0,0.00,0,0.00,0,0,False,
BA,2025-05-02,514,390,0,0.00,0,0.00,0,0,False,
BA,2025-05-05,449,390,0,0.00,0,0.00,0,0,False,
BA,2025-05-06,501,390,0,0.00,0,0.00,0,0,False,
BA,2025-05-07,489,390,0,0.00,0,0.00,0,0,False,
BA,2025-05-08,537,390,0,0.00,0,0.00,0,0,False,
BA,2025-05-09,563,390,0,0.00,0,0.00,0,0,False,
BA,2025-05-12,619,390,0,0.00,0,0.00,0,0,False,
BA,2025-05-13,638,390,0,0.00,0,0.00,0,0,False,
BA,2025-05-14,676,390,0,0.00,0,0.00,0,0,False,
BA,2025-05-15,629,390,0,0.00,0,0.00,0,0,False,
BA,2025-05-16,607,390,0,0.00,0,0.00,0,0,False,
BA,2025-05-19,575,390,0,0.00,0,0.00,0,0,False,
BA,2025-05-20,491,390,0,0.00,0,0.00,0,0,False,
BA,2025-05-21,526,390,0,0.00,0,0.00,0,0,False,
BA,2025-05-22,476,390,2,0.51,0,0.00,0,0,False,
BA,2025-05-23,545,390,0,0.00,0,0.00,0,0,False,
BA,2025-05-27,514,390,0,0.00,0,0.00,0,0,False,
BA,2025-05-28,483,390,0,0.00,0,0.00,0,0,False,
BA,2025-05-29,521,390,0,0.00,0,0.00,0,0,False,
BA,2025-05-30,458,390,0,0.00,0,0.00,0,0,False,
BA,2025-06-02,558,390,0,0.00,0,0.00,0,0,False,
BA,2025-06-03,518,390,0,0.00,0,0.00,0,0,False,
BA,2025-06-04,510,390,0,0.00,0,0.00,0,0,False,
BA,2025-06-05,539,390,0,0.00,0,0.00,0,0,False,
BA,2025-06-06,495,390,0,0.00,0,0.00,0,0,False,
BA,2025-06-09,510,390,0,0.00,0,0.00,0,0,False,
BA,2025-06-10,493,390,0,0.00,0,0.00,0,0,False,
BA,2025-06-11,480,390,0,0.00,0,0.00,0,0,False,
BA,2025-06-12,858,390,0,0.00,0,0.00,0,0,False,
BA,2025-06-13,659,390,0,0.00,0,0.00,0,0,False,
BA,2025-06-16,560,390,0,0.00,0,0.00,0,0,False,
BA,2025-06-17,517,390,0,0.00,0,0.00,0,0,False,
BA,2025-06-18,520,390,0,0.00,0,0.00,0,0,False,
BA,2025-06-20,496,390,0,0.00,0,0.00,0,0,False,
BA,2025-06-23,530,390,0,0.00,0,0.00,0,0,False,
BA,2025-06-24,489,390,0,0.00,0,0.00,0,0,False,
BA,2025-06-25,471,390,0,0.00,0,0.00,0,0,False,
BA,2025-06-26,482,390,0,0.00,0,0.00,0,0,False,
BA,2025-06-27,584,390,0,0.00,0,0.00,0,0,False,
BA,2025-06-30,549,390,0,0.00,0,0.00,0,0,False,
CAT,2025-01-02,396,390,0,0.00,0,0.00,0,0,False,
CAT,2025-01-03,385,390,7,1.79,0,0.00,0,0,False,
CAT,2025-01-06,401,390,3,0.77,0,0.00,0,0,False,
CAT,2025-01-07,383,390,10,2.56,0,0.00,0,0,False,
CAT,2025-01-08,396,390,4,1.03,0,0.00,0,0,False,
CAT,2025-01-10,406,390,0,0.00,0,0.00,0,0,False,
CAT,2025-01-13,415,390,2,0.51,0,0.00,0,0,False,
CAT,2025-01-14,416,390,5,1.28,0,0.00,0,0,False,
CAT,2025-01-15,410,390,9,2.31,0,0.00,0,0,False,
CAT,2025-01-16,401,390,1,0.26,0,0.00,0,0,False,
CAT,2025-01-17,400,390,6,1.54,0,0.00,0,0,False,
CAT,2025-01-21,416,390,1,0.26,0,0.00,0,0,False,
CAT,2025-01-22,399,390,2,0.51,0,0.00,0,0,False,
CAT,2025-01-23,403,390,1,0.26,0,0.00,0,0,False,
CAT,2025-01-24,402,390,4,1.03,0,0.00,0,0,False,
CAT,2025-01-27,454,390,2,0.51,0,0.00,0,0,False,
CAT,2025-01-28,398,390,4,1.03,0,0.00,0,0,False,
CAT,2025-01-29,411,390,9,2.31,0,0.00,0,0,False,
CAT,2025-01-30,480,390,0,0.00,0,0.00,0,0,False,
CAT,2025-01-31,400,390,5,1.28,0,0.00,0,0,False,
CAT,2025-02-03,447,390,1,0.26,0,0.00,0,0,False,
CAT,2025-02-04,420,390,2,0.51,0,0.00,0,0,False,
CAT,2025-02-05,405,390,2,0.51,0,0.00,0,0,False,
CAT,2025-02-06,404,390,3,0.77,0,0.00,0,0,False,
CAT,2025-02-07,409,390,1,0.26,0,0.00,0,0,False,
CAT,2025-02-10,400,390,1,0.26,0,0.00,0,0,False,
CAT,2025-02-11,387,390,13,3.33,0,0.00,0,0,False,
CAT,2025-02-12,410,390,3,0.77,0,0.00,0,0,False,
CAT,2025-02-13,418,390,2,0.51,0,0.00,0,0,False,
CAT,2025-02-14,398,390,4,1.03,0,0.00,0,0,False,
CAT,2025-02-18,393,390,7,1.79,0,0.00,0,0,False,
CAT,2025-02-19,400,390,0,0.00,0,0.00,0,0,False,
CAT,2025-02-20,397,390,3,0.77,0,0.00,0,0,False,
CAT,2025-02-21,396,390,1,0.26,0,0.00,0,0,False,
CAT,2025-02-24,403,390,0,0.00,0,0.00,0,0,False,
CAT,2025-02-25,395,390,2,0.51,0,0.00,0,0,False,
CAT,2025-02-26,407,390,1,0.26,0,0.00,0,0,False,
CAT,2025-02-27,400,390,6,1.54,0,0.00,0,0,False,
CAT,2025-02-28,400,390,4,1.03,0,0.00,0,0,False,
CAT,2025-03-03,408,390,0,0.00,0,0.00,0,0,False,
CAT,2025-03-04,405,390,2,0.51,0,0.00,0,0,False,
CAT,2025-03-05,404,390,1,0.26,0,0.00,0,0,False,
CAT,2025-03-06,400,390,0,0.00,0,0.00,0,0,False,
CAT,2025-03-07,412,390,0,0.00,0,0.00,0,0,False,
CAT,2025-03-10,414,390,3,0.77,0,0.00,0,0,False,
CAT,2025-03-11,401,390,0,0.00,0,0.00,0,0,False,
CAT,2025-03-12,404,390,3,0.77,0,0.00,0,0,False,
CAT,2025-03-13,392,390,4,1.03,0,0.00,0,0,False,
CAT,2025-03-14,393,390,8,2.05,0,0.00,0,0,False,
CAT,2025-03-17,397,390,2,0.51,0,0.00,0,0,False,
CAT,2025-03-18,390,390,4,1.03,0,0.00,0,0,False,
CAT,2025-03-19,387,390,7,1.79,0,0.00,0,0,False,
CAT,2025-03-20,397,390,4,1.03,0,0.00,0,0,False,
CAT,2025-03-21,410,390,5,1.28,0,0.00,0,0,False,
CAT,2025-03-24,394,390,6,1.54,0,0.00,0,0,False,
CAT,2025-03-25,388,390,7,1.79,0,0.00,0,0,False,
CAT,2025-03-26,391,390,10,2.56,0,0.00,0,0,False,
CAT,2025-03-27,376,390,16,4.10,0,0.00,0,0,False,
CAT,2025-03-28,379,390,16,4.10,0,0.00,0,0,False,
CAT,2025-03-31,404,390,2,0.51,0,0.00,0,0,False,
CAT,2025-04-01,394,390,6,1.54,0,0.00,0,0,False,
CAT,2025-04-02,431,390,10,2.56,0,0.00,0,0,False,
CAT,2025-04-03,420,390,0,0.00,0,0.00,0,0,False,
CAT,2025-04-04,448,390,0,0.00,0,0.00,0,0,False,
CAT,2025-04-07,470,390,0,0.00,0,0.00,0,0,False,
CAT,2025-04-08,429,390,0,0.00,0,0.00,0,0,False,
CAT,2025-04-09,421,390,0,0.00,0,0.00,0,0,False,
CAT,2025-04-10,412,390,0,0.00,0,0.00,0,0,False,
CAT,2025-04-11,406,390,1,0.26,0,0.00,0,0,False,
CAT,2025-04-14,405,390,0,0.00,0,0.00,0,0,False,
CAT,2025-04-15,402,390,1,0.26,0,0.00,0,0,False,
CAT,2025-04-16,401,390,4,1.03,0,0.00,0,0,False,
CAT,2025-04-17,397,390,2,0.51,0,0.00,0,0,False,
CAT,2025-04-21,406,390,1,0.26,0,0.00,0,0,False,
CAT,2025-04-22,412,390,2,0.51,0,0.00,0,0,False,
CAT,2025-04-23,402,390,4,1.03,0,0.00,0,0,False,
CAT,2025-04-24,400,390,0,0.00,0,0.00,0,0,False,
CAT,2025-04-25,390,390,8,2.05,0,0.00,0,0,False,
CAT,2025-04-28,392,390,7,1.79,0,0.00,0,0,False,
CAT,2025-04-29,404,390,2,0.51,0,0.00,0,0,False,
CAT,2025-04-30,512,390,1,0.26,0,0.00,0,0,False,
CAT,2025-05-01,415,390,4,1.03,0,0.00,0,0,False,
CAT,2025-05-02,407,390,0,0.00,0,0.00,0,0,False,
CAT,2025-05-05,385,390,13,3.33,0,0.00,0,0,False,
CAT,2025-05-06,393,390,6,1.54,0,0.00,0,0,False,
CAT,2025-05-07,390,390,11,2.82,0,0.00,0,0,False,
CAT,2025-05-08,387,390,10,2.56,0,0.00,0,0,False,
CAT,2025-05-09,395,390,6,1.54,0,0.00,0,0,False,
CAT,2025-05-12,439,390,3,0.77,0,0.00,0,0,False,
CAT,2025-05-13,423,390,0,0.00,0,0.00,0,0,False,
CAT,2025-05-14,391,390,10,2.56,0,0.00,0,0,False,
CAT,2025-05-15,392,390,11,2.82,0,0.00,0,0,False,
CAT,2025-05-16,423,390,2,0.51,0,0.00,0,0,False,
CAT,2025-05-19,395,390,11,2.82,0,0.00,0,0,False,
CAT,2025-05-20,392,390,6,1.54,0,0.00,0,0,False,
CAT,2025-05-21,391,390,8,2.05,0,0.00,0,0,False,
CAT,2025-05-22,394,390,4,1.03,0,0.00,0,0,False,
CAT,2025-05-23,408,390,12,3.08,0,0.00,0,0,False,
CAT,2025-05-27,400,390,5,1.28,0,0.00,0,0,False,
CAT,2025-05-28,383,390,19,4.87,0,0.00,0,0,False,
CAT,2025-05-29,406,390,3,0.77,0,0.00,0,0,False,
CAT,2025-05-30,403,390,6,1.54,0,0.00,0,0,False,
CAT,2025-06-02,396,390,2,0.51,0,0.00,0,0,False,
CAT,2025-06-03,398,390,10,2.56,0,0.00,0,0,False,
CAT,2025-06-04,364,390,32,8.21,0,0.00,0,0,True,missing_rate_8.21%_exceeds_5.0%
CAT,2025-06-05,379,390,13,3.33,0,0.00,0,0,False,
CAT,2025-06-06,379,390,19,4.87,0,0.00,0,0,False,
CAT,2025-06-09,389,390,13,3.33,0,0.00,0,0,False,
CAT,2025-06-10,387,390,10,2.56,0,0.00,0,0,False,
CAT,2025-06-11,411,390,4,1.03,0,0.00,0,0,False,
CAT,2025-06-12,372,390,23,5.90,0,0.00,0,0,True,missing_rate_5.90%_exceeds_5.0%
CAT,2025-06-13,390,390,18,4.62,0,0.00,0,0,False,
CAT,2025-06-16,381,390,12,3.08,0,0.00,0,0,False,
CAT,2025-06-17,388,390,10,2.56,0,0.00,0,0,False,
CAT,2025-06-18,394,390,2,0.51,0,0.00,0,0,False,
CAT,2025-06-20,412,390,1,0.26,0,0.00,0,0,False,
CAT,2025-06-23,406,390,4,1.03,0,0.00,0,0,False,
CAT,2025-06-24,398,390,5,1.28,0,0.00,0,0,False,
CAT,2025-06-25,389,390,8,2.05,0,0.00,0,0,False,
CAT,2025-06-26,399,390,1,0.26,0,0.00,0,0,False,
CAT,2025-06-27,399,390,3,0.77,0,0.00,0,0,False,
CAT,2025-06-30,395,390,4,1.03,0,0.00,0,0,False,
CVX,2025-01-02,440,390,0,0.00,0,0.00,0,0,False,
CVX,2025-01-03,448,390,0,0.00,0,0.00,0,0,False,
CVX,2025-01-06,439,390,0,0.00,0,0.00,0,0,False,
CVX,2025-01-07,434,390,0,0.00,0,0.00,0,0,False,
CVX,2025-01-08,439,390,0,0.00,0,0.00,0,0,False,
CVX,2025-01-10,473,390,0,0.00,0,0.00,0,0,False,
CVX,2025-01-13,446,390,0,0.00,0,0.00,0,0,False,
CVX,2025-01-14,451,390,0,0.00,0,0.00,0,0,False,
CVX,2025-01-15,448,390,0,0.00,0,0.00,0,0,False,
CVX,2025-01-16,423,390,0,0.00,0,0.00,0,0,False,
CVX,2025-01-17,429,390,0,0.00,0,0.00,0,0,False,
CVX,2025-01-21,508,390,0,0.00,0,0.00,0,0,False,
CVX,2025-01-22,444,390,0,0.00,0,0.00,0,0,False,
CVX,2025-01-23,436,390,0,0.00,0,0.00,0,0,False,
CVX,2025-01-24,434,390,0,0.00,0,0.00,0,0,False,
CVX,2025-01-27,456,390,0,0.00,0,0.00,0,0,False,
CVX,2025-01-28,425,390,0,0.00,0,0.00,0,0,False,
CVX,2025-01-29,419,390,0,0.00,0,0.00,0,0,False,
CVX,2025-01-30,430,390,0,0.00,0,0.00,0,0,False,
CVX,2025-01-31,537,390,0,0.00,0,0.00,0,0,False,
CVX,2025-02-03,470,390,0,0.00,0,0.00,0,0,False,
CVX,2025-02-04,454,390,0,0.00,0,0.00,0,0,False,
CVX,2025-02-05,439,390,0,0.00,0,0.00,0,0,False,
CVX,2025-02-06,425,390,0,0.00,0,0.00,0,0,False,
CVX,2025-02-07,433,390,0,0.00,0,0.00,0,0,False,
CVX,2025-02-10,434,390,0,0.00,0,0.00,0,0,False,
CVX,2025-02-11,439,390,0,0.00,0,0.00,0,0,False,
CVX,2025-02-12,456,390,0,0.00,0,0.00,0,0,False,
CVX,2025-02-13,436,390,0,0.00,0,0.00,0,0,False,
CVX,2025-02-14,442,390,0,0.00,0,0.00,0,0,False,
CVX,2025-02-18,424,390,0,0.00,0,0.00,0,0,False,
CVX,2025-02-19,405,390,0,0.00,0,0.00,0,0,False,
CVX,2025-02-20,408,390,0,0.00,0,0.00,0,0,False,
CVX,2025-02-21,418,390,0,0.00,0,0.00,0,0,False,
CVX,2025-02-24,420,390,0,0.00,0,0.00,0,0,False,
CVX,2025-02-25,414,390,0,0.00,0,0.00,0,0,False,
CVX,2025-02-26,416,390,0,0.00,0,0.00,0,0,False,
CVX,2025-02-27,432,390,0,0.00,0,0.00,0,0,False,
CVX,2025-02-28,424,390,0,0.00,0,0.00,0,0,False,
CVX,2025-03-03,429,390,0,0.00,0,0.00,0,0,False,
CVX,2025-03-04,449,390,0,0.00,0,0.00,0,0,False,
CVX,2025-03-05,423,390,0,0.00,0,0.00,0,0,False,
CVX,2025-03-06,423,390,0,0.00,0,0.00,0,0,False,
CVX,2025-03-07,437,390,0,0.00,0,0.00,0,0,False,
CVX,2025-03-10,435,390,0,0.00,0,0.00,0,0,False,
CVX,2025-03-11,416,390,0,0.00,0,0.00,0,0,False,
CVX,2025-03-12,441,390,0,0.00,0,0.00,0,0,False,
CVX,2025-03-13,418,390,0,0.00,0,0.00,0,0,False,
CVX,2025-03-14,425,390,0,0.00,0,0.00,0,0,False,
CVX,2025-03-17,420,390,0,0.00,0,0.00,0,0,False,
CVX,2025-03-18,428,390,0,0.00,0,0.00,0,0,False,
CVX,2025-03-19,417,390,0,0.00,0,0.00,0,0,False,
CVX,2025-03-20,428,390,0,0.00,0,0.00,0,0,False,
CVX,2025-03-21,462,390,0,0.00,0,0.00,0,0,False,
CVX,2025-03-24,441,390,0,0.00,0,0.00,0,0,False,
CVX,2025-03-25,417,390,0,0.00,0,0.00,0,0,False,
CVX,2025-03-26,429,390,0,0.00,0,0.00,0,0,False,
CVX,2025-03-27,413,390,0,0.00,0,0.00,0,0,False,
CVX,2025-03-28,408,390,0,0.00,0,0.00,0,0,False,
CVX,2025-03-31,427,390,0,0.00,0,0.00,0,0,False,
CVX,2025-04-01,412,390,0,0.00,0,0.00,0,0,False,
CVX,2025-04-02,476,390,0,0.00,0,0.00,0,0,False,
CVX,2025-04-03,532,390,0,0.00,0,0.00,0,0,False,
CVX,2025-04-04,543,390,0,0.00,0,0.00,0,0,False,
CVX,2025-04-07,494,390,0,0.00,0,0.00,0,0,False,
CVX,2025-04-08,526,390,0,0.00,0,0.00,0,0,False,
CVX,2025-04-09,503,390,0,0.00,0,0.00,0,0,False,
CVX,2025-04-10,469,390,0,0.00,0,0.00,0,0,False,
CVX,2025-04-11,495,390,0,0.00,0,0.00,0,0,False,
CVX,2025-04-14,478,390,0,0.00,0,0.00,0,0,False,
CVX,2025-04-15,469,390,0,0.00,0,0.00,0,0,False,
CVX,2025-04-16,472,390,0,0.00,0,0.00,0,0,False,
CVX,2025-04-17,462,390,0,0.00,0,0.00,0,0,False,
CVX,2025-04-21,452,390,0,0.00,0,0.00,0,0,False,
CVX,2025-04-22,483,390,0,0.00,0,0.00,0,0,False,
CVX,2025-04-23,475,390,0,0.00,0,0.00,0,0,False,
CVX,2025-04-24,445,390,0,0.00,0,0.00,0,0,False,
CVX,2025-04-25,437,390,0,0.00,0,0.00,0,0,False,
CVX,2025-04-28,427,390,0,0.00,0,0.00,0,0,False,
CVX,2025-04-29,446,390,0,0.00,0,0.00,0,0,False,
CVX,2025-04-30,491,390,0,0.00,0,0.00,0,0,False,
CVX,2025-05-01,502,390,0,0.00,0,0.00,0,0,False,
CVX,2025-05-02,567,390,0,0.00,0,0.00,0,0,False,
CVX,2025-05-05,515,390,0,0.00,0,0.00,0,0,False,
CVX,2025-05-06,489,390,0,0.00,0,0.00,0,0,False,
CVX,2025-05-07,468,390,0,0.00,0,0.00,0,0,False,
CVX,2025-05-08,458,390,0,0.00,0,0.00,0,0,False,
CVX,2025-05-09,461,390,0,0.00,0,0.00,0,0,False,
CVX,2025-05-12,519,390,0,0.00,0,0.00,0,0,False,
CVX,2025-05-13,456,390,0,0.00,0,0.00,0,0,False,
CVX,2025-05-14,453,390,0,0.00,0,0.00,0,0,False,
CVX,2025-05-15,452,390,0,0.00,0,0.00,0,0,False,
CVX,2025-05-16,457,390,0,0.00,0,0.00,0,0,False,
CVX,2025-05-19,464,390,0,0.00,0,0.00,0,0,False,
CVX,2025-05-20,458,390,0,0.00,0,0.00,0,0,False,
CVX,2025-05-21,463,390,0,0.00,0,0.00,0,0,False,
CVX,2025-05-22,456,390,0,0.00,0,0.00,0,0,False,
CVX,2025-05-23,455,390,0,0.00,0,0.00,0,0,False,
CVX,2025-05-27,448,390,0,0.00,0,0.00,0,0,False,
CVX,2025-05-28,458,390,0,0.00,0,0.00,0,0,False,
CVX,2025-05-29,445,390,0,0.00,0,0.00,0,0,False,
CVX,2025-05-30,432,390,0,0.00,0,0.00,0,0,False,
CVX,2025-06-02,482,390,0,0.00,0,0.00,0,0,False,
CVX,2025-06-03,431,390,0,0.00,0,0.00,0,0,False,
CVX,2025-06-04,426,390,0,0.00,0,0.00,0,0,False,
CVX,2025-06-05,443,390,0,0.00,0,0.00,0,0,False,
CVX,2025-06-06,438,390,0,0.00,0,0.00,0,0,False,
CVX,2025-06-09,419,390,0,0.00,0,0.00,0,0,False,
CVX,2025-06-10,440,390,0,0.00,0,0.00,0,0,False,
CVX,2025-06-11,460,390,0,0.00,0,0.00,0,0,False,
CVX,2025-06-12,440,390,0,0.00,0,0.00,0,0,False,
CVX,2025-06-13,644,390,0,0.00,0,0.00,0,0,False,
CVX,2025-06-16,522,390,0,0.00,0,0.00,0,0,False,
CVX,2025-06-17,503,390,0,0.00,0,0.00,0,0,False,
CVX,2025-06-18,452,390,0,0.00,0,0.00,0,0,False,
CVX,2025-06-20,475,390,0,0.00,0,0.00,0,0,False,
CVX,2025-06-23,608,390,0,0.00,0,0.00,0,0,False,
CVX,2025-06-24,492,390,0,0.00,0,0.00,0,0,False,
CVX,2025-06-25,436,390,0,0.00,0,0.00,0,0,False,
CVX,2025-06-26,431,390,0,0.00,0,0.00,0,0,False,
CVX,2025-06-27,428,390,0,0.00,0,0.00,0,0,False,
CVX,2025-06-30,438,390,0,0.00,0,0.00,0,0,False,
CSCO,2025-01-02,442,390,0,0.00,0,0.00,0,0,False,
CSCO,2025-01-03,438,390,0,0.00,0,0.00,0,0,False,
CSCO,2025-01-06,486,390,0,0.00,0,0.00,0,0,False,
CSCO,2025-01-07,449,390,0,0.00,0,0.00,0,0,False,
CSCO,2025-01-08,431,390,0,0.00,0,0.00,0,0,False,
CSCO,2025-01-10,427,390,0,0.00,0,0.00,0,0,False,
CSCO,2025-01-13,458,390,0,0.00,0,0.00,0,0,False,
CSCO,2025-01-14,461,390,0,0.00,0,0.00,0,0,False,
CSCO,2025-01-15,461,390,0,0.00,0,0.00,0,0,False,
CSCO,2025-01-16,445,390,0,0.00,0,0.00,0,0,False,
CSCO,2025-01-17,505,390,0,0.00,0,0.00,0,0,False,
CSCO,2025-01-21,497,390,0,0.00,0,0.00,0,0,False,
CSCO,2025-01-22,464,390,0,0.00,0,0.00,0,0,False,
CSCO,2025-01-23,440,390,0,0.00,0,0.00,0,0,False,
CSCO,2025-01-24,437,390,0,0.00,0,0.00,0,0,False,
CSCO,2025-01-27,552,390,0,0.00,0,0.00,0,0,False,
CSCO,2025-01-28,499,390,0,0.00,0,0.00,0,0,False,
CSCO,2025-01-29,484,390,0,0.00,0,0.00,0,0,False,
CSCO,2025-01-30,479,390,0,0.00,0,0.00,0,0,False,
CSCO,2025-01-31,447,390,0,0.00,0,0.00,0,0,False,
CSCO,2025-02-03,508,390,0,0.00,0,0.00,0,0,False,
CSCO,2025-02-04,474,390,0,0.00,0,0.00,0,0,False,
CSCO,2025-02-05,450,390,0,0.00,0,0.00,0,0,False,
CSCO,2025-02-06,438,390,0,0.00,0,0.00,0,0,False,
CSCO,2025-02-07,441,390,0,0.00,0,0.00,0,0,False,
CSCO,2025-02-10,457,390,0,0.00,0,0.00,0,0,False,
CSCO,2025-02-11,463,390,0,0.00,0,0.00,0,0,False,
CSCO,2025-02-12,631,390,0,0.00,0,0.00,0,0,False,
CSCO,2025-02-13,700,390,0,0.00,0,0.00,0,0,False,
CSCO,2025-02-14,495,390,0,0.00,0,0.00,0,0,False,
CSCO,2025-02-18,481,390,0,0.00,0,0.00,0,0,False,
CSCO,2025-02-19,426,390,0,0.00,0,0.00,0,0,False,
CSCO,2025-02-20,447,390,0,0.00,0,0.00,0,0,False,
CSCO,2025-02-21,428,390,0,0.00,0,0.00,0,0,False,
CSCO,2025-02-24,442,390,0,0.00,0,0.00,0,0,False,
CSCO,2025-02-25,520,390,0,0.00,0,0.00,0,0,False,
CSCO,2025-02-26,498,390,0,0.00,0,0.00,0,0,False,
CSCO,2025-02-27,478,390,0,0.00,0,0.00,0,0,False,
CSCO,2025-02-28,468,390,0,0.00,0,0.00,0,0,False,
CSCO,2025-03-03,440,390,0,0.00,0,0.00,0,0,False,
CSCO,2025-03-04,509,390,0,0.00,0,0.00,0,0,False,
CSCO,2025-03-05,428,390,0,0.00,0,0.00,0,0,False,
CSCO,2025-03-06,458,390,0,0.00,0,0.00,0,0,False,
CSCO,2025-03-07,454,390,0,0.00,0,0.00,0,0,False,
CSCO,2025-03-10,508,390,0,0.00,0,0.00,0,0,False,
CSCO,2025-03-11,453,390,0,0.00,0,0.00,0,0,False,
CSCO,2025-03-12,490,390,0,0.00,0,0.00,0,0,False,
CSCO,2025-03-13,448,390,0,0.00,0,0.00,0,0,False,
CSCO,2025-03-14,431,390,0,0.00,0,0.00,0,0,False,
CSCO,2025-03-17,452,390,0,0.00,0,0.00,0,0,False,
CSCO,2025-03-18,425,390,0,0.00,0,0.00,0,0,False,
CSCO,2025-03-19,414,390,0,0.00,0,0.00,0,0,False,
CSCO,2025-03-20,465,390,0,0.00,0,0.00,0,0,False,
CSCO,2025-03-21,444,390,0,0.00,0,0.00,0,0,False,
CSCO,2025-03-24,491,390,0,0.00,0,0.00,0,0,False,
CSCO,2025-03-25,433,390,0,0.00,0,0.00,0,0,False,
CSCO,2025-03-26,441,390,0,0.00,0,0.00,0,0,False,
CSCO,2025-03-27,438,390,0,0.00,0,0.00,0,0,False,
CSCO,2025-03-28,475,390,0,0.00,0,0.00,0,0,False,
CSCO,2025-03-31,485,390,0,0.00,0,0.00,0,0,False,
CSCO,2025-04-01,443,390,0,0.00,0,0.00,0,0,False,
CSCO,2025-04-02,517,390,0,0.00,0,0.00,0,0,False,
CSCO,2025-04-03,518,390,0,0.00,0,0.00,0,0,False,
CSCO,2025-04-04,586,390,0,0.00,0,0.00,0,0,False,
CSCO,2025-04-07,566,390,0,0.00,0,0.00,0,0,False,
CSCO,2025-04-08,549,390,0,0.00,0,0.00,0,0,False,
CSCO,2025-04-09,547,390,0,0.00,0,0.00,0,0,False,
CSCO,2025-04-10,487,390,0,0.00,0,0.00,0,0,False,
CSCO,2025-04-11,441,390,0,0.00,0,0.00,0,0,False,
CSCO,2025-04-14,475,390,0,0.00,0,0.00,0,0,False,
CSCO,2025-04-15,447,390,0,0.00,0,0.00,0,0,False,
CSCO,2025-04-16,450,390,0,0.00,0,0.00,0,0,False,
CSCO,2025-04-17,452,390,0,0.00,0,0.00,0,0,False,
CSCO,2025-04-21,430,390,0,0.00,0,0.00,0,0,False,
CSCO,2025-04-22,472,390,0,0.00,0,0.00,0,0,False,
CSCO,2025-04-23,500,390,0,0.00,0,0.00,0,0,False,
CSCO,2025-04-24,498,390,0,0.00,0,0.00,0,0,False,
CSCO,2025-04-25,443,390,0,0.00,0,0.00,0,0,False,
CSCO,2025-04-28,436,390,0,0.00,0,0.00,0,0,False,
CSCO,2025-04-29,423,390,0,0.00,0,0.00,0,0,False,
CSCO,2025-04-30,509,390,0,0.00,0,0.00,0,0,False,
CSCO,2025-05-01,492,390,0,0.00,0,0.00,0,0,False,
CSCO,2025-05-02,431,390,0,0.00,0,0.00,0,0,False,
CSCO,2025-05-05,442,390,0,0.00,0,0.00,0,0,False,
CSCO,2025-05-06,464,390,0,0.00,0,0.00,0,0,False,
CSCO,2025-05-07,457,390,0,0.00,0,0.00,0,0,False,
CSCO,2025-05-08,439,390,0,0.00,0,0.00,0,0,False,
CSCO,2025-05-09,461,390,0,0.00,0,0.00,0,0,False,
CSCO,2025-05-12,512,390,0,0.00,0,0.00,0,0,False,
CSCO,2025-05-13,500,390,0,0.00,0,0.00,0,0,False,
CSCO,2025-05-14,738,390,0,0.00,0,0.00,0,0,False,
CSCO,2025-05-15,685,390,0,0.00,0,0.00,0,0,False,
CSCO,2025-05-16,562,390,0,0.00,0,0.00,0,0,False,
CSCO,2025-05-19,474,390,0,0.00,0,0.00,0,0,False,
CSCO,2025-05-20,461,390,0,0.00,0,0.00,0,0,False,
CSCO,2025-05-21,442,390,0,0.00,0,0.00,0,0,False,
CSCO,2025-05-22,444,390,0,0.00,0,0.00,0,0,False,
CSCO,2025-05-23,466,390,0,0.00,0,0.00,0,0,False,
CSCO,2025-05-27,455,390,0,0.00,0,0.00,0,0,False,
CSCO,2025-05-28,478,390,0,0.00,0,0.00,0,0,False,
CSCO,2025-05-29,455,390,0,0.00,0,0.00,0,0,False,
CSCO,2025-05-30,435,390,0,0.00,0,0.00,0,0,False,
CSCO,2025-06-02,446,390,0,0.00,0,0.00,0,0,False,
CSCO,2025-06-03,455,390,0,0.00,0,0.00,0,0,False,
CSCO,2025-06-04,422,390,0,0.00,0,0.00,0,0,False,
CSCO,2025-06-05,503,390,0,0.00,0,0.00,0,0,False,
CSCO,2025-06-06,468,390,0,0.00,0,0.00,0,0,False,
CSCO,2025-06-09,462,390,0,0.00,0,0.00,0,0,False,
CSCO,2025-06-10,465,390,0,0.00,0,0.00,0,0,False,
CSCO,2025-06-11,506,390,0,0.00,0,0.00,0,0,False,
CSCO,2025-06-12,468,390,0,0.00,0,0.00,0,0,False,
CSCO,2025-06-13,455,390,0,0.00,0,0.00,0,0,False,
CSCO,2025-06-16,473,390,0,0.00,0,0.00,0,0,False,
CSCO,2025-06-17,447,390,0,0.00,0,0.00,0,0,False,
CSCO,2025-06-18,439,390,0,0.00,0,0.00,0,0,False,
CSCO,2025-06-20,442,390,0,0.00,0,0.00,0,0,False,
CSCO,2025-06-23,509,390,0,0.00,0,0.00,0,0,False,
CSCO,2025-06-24,483,390,0,0.00,0,0.00,0,0,False,
CSCO,2025-06-25,465,390,0,0.00,0,0.00,0,0,False,
CSCO,2025-06-26,442,390,0,0.00,0,0.00,0,0,False,
CSCO,2025-06-27,461,390,0,0.00,0,0.00,0,0,False,
CSCO,2025-06-30,456,390,0,0.00,0,0.00,0,0,False,
KO,2025-01-02,477,390,0,0.00,0,0.00,0,0,False,
KO,2025-01-03,465,390,0,0.00,0,0.00,0,0,False,
KO,2025-01-06,504,390,0,0.00,0,0.00,0,0,False,
KO,2025-01-07,489,390,0,0.00,0,0.00,0,0,False,
KO,2025-01-08,536,390,0,0.00,0,0.00,0,0,False,
KO,2025-01-10,481,390,0,0.00,0,0.00,0,0,False,
KO,2025-01-13,483,390,0,0.00,0,0.00,0,0,False,
KO,2025-01-14,462,390,0,0.00,0,0.00,0,0,False,
KO,2025-01-15,482,390,0,0.00,0,0.00,0,0,False,
KO,2025-01-16,486,390,0,0.00,0,0.00,0,0,False,
KO,2025-01-17,476,390,0,0.00,0,0.00,0,0,False,
KO,2025-01-21,470,390,0,0.00,0,0.00,0,0,False,
KO,2025-01-22,498,390,0,0.00,0,0.00,0,0,False,
KO,2025-01-23,471,390,0,0.00,0,0.00,0,0,False,
KO,2025-01-24,480,390,0,0.00,0,0.00,0,0,False,
KO,2025-01-27,583,390,0,0.00,0,0.00,0,0,False,
KO,2025-01-28,520,390,0,0.00,0,0.00,0,0,False,
KO,2025-01-29,456,390,0,0.00,0,0.00,0,0,False,
KO,2025-01-30,524,390,0,0.00,0,0.00,0,0,False,
KO,2025-01-31,455,390,0,0.00,0,0.00,0,0,False,
KO,2025-02-03,482,390,0,0.00,0,0.00,0,0,False,
KO,2025-02-04,467,390,0,0.00,0,0.00,0,0,False,
KO,2025-02-05,454,390,0,0.00,0,0.00,0,0,False,
KO,2025-02-06,456,390,0,0.00,0,0.00,0,0,False,
KO,2025-02-07,449,390,0,0.00,0,0.00,0,0,False,
KO,2025-02-10,525,390,0,0.00,0,0.00,0,0,False,
KO,2025-02-11,656,390,0,0.00,0,0.00,0,0,False,
KO,2025-02-12,559,390,0,0.00,0,0.00,0,0,False,
KO,2025-02-13,540,390,0,0.00,0,0.00,0,0,False,
KO,2025-02-14,480,390,0,0.00,0,0.00,0,0,False,
KO,2025-02-18,491,390,0,0.00,0,0.00,0,0,False,
KO,2025-02-19,452,390,0,0.00,0,0.00,0,0,False,
KO,2025-02-20,465,390,0,0.00,0,0.00,0,0,False,
KO,2025-02-21,475,390,0,0.00,0,0.00,0,0,False,
KO,2025-02-24,486,390,0,0.00,0,0.00,0,0,False,
KO,2025-02-25,485,390,0,0.00,0,0.00,0,0,False,
KO,2025-02-26,500,390,0,0.00,0,0.00,0,0,False,
KO,2025-02-27,489,390,0,0.00,0,0.00,0,0,False,
KO,2025-02-28,481,390,0,0.00,0,0.00,0,0,False,
KO,2025-03-03,523,390,0,0.00,0,0.00,0,0,False,
KO,2025-03-04,551,390,0,0.00,0,0.00,0,0,False,
KO,2025-03-05,510,390,0,0.00,0,0.00,0,0,False,
KO,2025-03-06,502,390,0,0.00,0,0.00,0,0,False,
KO,2025-03-07,496,390,0,0.00,0,0.00,0,0,False,
KO,2025-03-10,507,390,0,0.00,0,0.00,0,0,False,
KO,2025-03-11,487,390,0,0.00,0,0.00,0,0,False,
KO,2025-03-12,502,390,0,0.00,0,0.00,0,0,False,
KO,2025-03-13,469,390,0,0.00,0,0.00,0,0,False,
KO,2025-03-14,490,390,0,0.00,0,0.00,0,0,False,
KO,2025-03-17,468,390,0,0.00,0,0.00,0,0,False,
KO,2025-03-18,449,390,0,0.00,0,0.00,0,0,False,
KO,2025-03-19,465,390,0,0.00,0,0.00,0,0,False,
KO,2025-03-20,454,390,0,0.00,0,0.00,0,0,False,
KO,2025-03-21,462,390,0,0.00,0,0.00,0,0,False,
KO,2025-03-24,496,390,0,0.00,0,0.00,0,0,False,
KO,2025-03-25,432,390,0,0.00,0,0.00,0,0,False,
KO,2025-03-26,441,390,0,0.00,0,0.00,0,0,False,
KO,2025-03-27,461,390,0,0.00,0,0.00,0,0,False,
KO,2025-03-28,448,390,0,0.00,0,0.00,0,0,False,
KO,2025-03-31,495,390,0,0.00,0,0.00,0,0,False,
KO,2025-04-01,481,390,0,0.00,0,0.00,0,0,False,
KO,2025-04-02,520,390,0,0.00,0,0.00,0,0,False,
KO,2025-04-03,539,390,0,0.00,0,0.00,0,0,False,
KO,2025-04-04,610,390,0,0.00,0,0.00,0,0,False,
KO,2025-04-07,640,390,0,0.00,0,0.00,0,0,False,
KO,2025-04-08,525,390,0,0.00,0,0.00,0,0,False,
KO,2025-04-09,510,390,0,0.00,0,0.00,0,0,False,
KO,2025-04-10,472,390,0,0.00,0,0.00,0,0,False,
KO,2025-04-11,472,390,0,0.00,0,0.00,0,0,False,
KO,2025-04-14,475,390,0,0.00,0,0.00,0,0,False,
KO,2025-04-15,428,390,0,0.00,0,0.00,0,0,False,
KO,2025-04-16,448,390,0,0.00,0,0.00,0,0,False,
KO,2025-04-17,430,390,0,0.00,0,0.00,0,0,False,
KO,2025-04-21,451,390,0,0.00,0,0.00,0,0,False,
KO,2025-04-22,489,390,0,0.00,0,0.00,0,0,False,
KO,2025-04-23,500,390,0,0.00,0,0.00,0,0,False,
KO,2025-04-24,447,390,0,0.00,0,0.00,0,0,False,
KO,2025-04-25,443,390,0,0.00,0,0.00,0,0,False,
KO,2025-04-28,459,390,0,0.00,0,0.00,0,0,False,
KO,2025-04-29,541,390,0,0.00,0,0.00,0,0,False,
KO,2025-04-30,491,390,0,0.00,0,0.00,0,0,False,
KO,2025-05-01,456,390,0,0.00,0,0.00,0,0,False,
KO,2025-05-02,474,390,0,0.00,0,0.00,0,0,False,
KO,2025-05-05,469,390,0,0.00,0,0.00,0,0,False,
KO,2025-05-06,439,390,0,0.00,0,0.00,0,0,False,
KO,2025-05-07,431,390,0,0.00,0,0.00,0,0,False,
KO,2025-05-08,472,390,0,0.00,0,0.00,0,0,False,
KO,2025-05-09,457,390,0,0.00,0,0.00,0,0,False,
KO,2025-05-12,600,390,0,0.00,0,0.00,0,0,False,
KO,2025-05-13,523,390,0,0.00,0,0.00,0,0,False,
KO,2025-05-14,515,390,0,0.00,0,0.00,0,0,False,
KO,2025-05-15,514,390,0,0.00,0,0.00,0,0,False,
KO,2025-05-16,511,390,0,0.00,0,0.00,0,0,False,
KO,2025-05-19,453,390,0,0.00,0,0.00,0,0,False,
KO,2025-05-20,434,390,0,0.00,0,0.00,0,0,False,
KO,2025-05-21,432,390,0,0.00,0,0.00,0,0,False,
KO,2025-05-22,435,390,0,0.00,0,0.00,0,0,False,
KO,2025-05-23,489,390,0,0.00,0,0.00,0,0,False,
KO,2025-05-27,448,390,0,0.00,0,0.00,0,0,False,
KO,2025-05-28,463,390,0,0.00,0,0.00,0,0,False,
KO,2025-05-29,474,390,0,0.00,0,0.00,0,0,False,
KO,2025-05-30,431,390,0,0.00,0,0.00,0,0,False,
KO,2025-06-02,448,390,0,0.00,0,0.00,0,0,False,
KO,2025-06-03,446,390,0,0.00,0,0.00,0,0,False,
KO,2025-06-04,453,390,0,0.00,0,0.00,0,0,False,
KO,2025-06-05,441,390,0,0.00,0,0.00,0,0,False,
KO,2025-06-06,429,390,0,0.00,0,0.00,0,0,False,
KO,2025-06-09,437,390,0,0.00,0,0.00,0,0,False,
KO,2025-06-10,435,390,0,0.00,0,0.00,0,0,False,
KO,2025-06-11,458,390,0,0.00,0,0.00,0,0,False,
KO,2025-06-12,458,390,0,0.00,0,0.00,0,0,False,
KO,2025-06-13,442,390,0,0.00,0,0.00,0,0,False,
KO,2025-06-16,461,390,0,0.00,0,0.00,0,0,False,
KO,2025-06-17,451,390,0,0.00,0,0.00,0,0,False,
KO,2025-06-18,456,390,0,0.00,0,0.00,0,0,False,
KO,2025-06-20,465,390,0,0.00,0,0.00,0,0,False,
KO,2025-06-23,470,390,0,0.00,0,0.00,0,0,False,
KO,2025-06-24,464,390,0,0.00,0,0.00,0,0,False,
KO,2025-06-25,446,390,0,0.00,0,0.00,0,0,False,
KO,2025-06-26,452,390,0,0.00,0,0.00,0,0,False,
KO,2025-06-27,455,390,0,0.00,0,0.00,0,0,False,
KO,2025-06-30,454,390,0,0.00,0,0.00,0,0,False,
DIS,2025-01-02,435,390,0,0.00,0,0.00,0,0,False,
DIS,2025-01-03,426,390,0,0.00,0,0.00,0,0,False,
DIS,2025-01-06,480,390,0,0.00,0,0.00,0,0,False,
DIS,2025-01-07,483,390,0,0.00,0,0.00,0,0,False,
DIS,2025-01-08,526,390,0,0.00,0,0.00,0,0,False,
DIS,2025-01-10,485,390,0,0.00,0,0.00,0,0,False,
DIS,2025-01-13,463,390,0,0.00,0,0.00,0,0,False,
DIS,2025-01-14,437,390,0,0.00,0,0.00,0,0,False,
DIS,2025-01-15,440,390,0,0.00,0,0.00,0,0,False,
DIS,2025-01-16,447,390,0,0.00,0,0.00,0,0,False,
DIS,2025-01-17,470,390,0,0.00,0,0.00,0,0,False,
DIS,2025-01-21,497,390,1,0.26,0,0.00,0,0,False,
DIS,2025-01-22,499,390,0,0.00,0,0.00,0,0,False,
DIS,2025-01-23,455,390,0,0.00,0,0.00,0,0,False,
DIS,2025-01-24,469,390,0,0.00,0,0.00,0,0,False,
DIS,2025-01-27,479,390,0,0.00,0,0.00,0,0,False,
DIS,2025-01-28,462,390,0,0.00,0,0.00,0,0,False,
DIS,2025-01-29,465,390,0,0.00,0,0.00,0,0,False,
DIS,2025-01-30,449,390,0,0.00,0,0.00,0,0,False,
DIS,2025-01-31,447,390,0,0.00,0,0.00,0,0,False,
DIS,2025-02-03,509,390,0,0.00,0,0.00,0,0,False,
DIS,2025-02-04,550,390,0,0.00,0,0.00,0,0,False,
DIS,2025-02-05,719,390,0,0.00,0,0.00,0,0,False,
DIS,2025-02-06,538,390,0,0.00,0,0.00,0,0,False,
DIS,2025-02-07,455,390,0,0.00,0,0.00,0,0,False,
DIS,2025-02-10,457,390,0,0.00,0,0.00,0,0,False,
DIS,2025-02-11,463,390,0,0.00,0,0.00,0,0,False,
DIS,2025-02-12,440,390,0,0.00,0,0.00,0,0,False,
DIS,2025-02-13,443,390,0,0.00,0,0.00,0,0,False,
DIS,2025-02-14,426,390,0,0.00,0,0.00,0,0,False,
DIS,2025-02-18,467,390,0,0.00,0,0.00,0,0,False,
DIS,2025-02-19,466,390,0,0.00,0,0.00,0,0,False,
DIS,2025-02-20,424,390,0,0.00,0,0.00,0,0,False,
DIS,2025-02-21,430,390,0,0.00,0,0.00,0,0,False,
DIS,2025-02-24,450,390,0,0.00,0,0.00,0,0,False,
DIS,2025-02-25,441,390,0,0.00,0,0.00,0,0,False,
DIS,2025-02-26,424,390,0,0.00,0,0.00,0,0,False,
DIS,2025-02-27,446,390,0,0.00,0,0.00,0,0,False,
DIS,2025-02-28,488,390,0,0.00,0,0.00,0,0,False,
DIS,2025-03-03,444,390,0,0.00,0,0.00,0,0,False,
DIS,2025-03-04,476,390,0,0.00,0,0.00,0,0,False,
DIS,2025-03-05,445,390,0,0.00,0,0.00,0,0,False,
DIS,2025-03-06,461,390,0,0.00,0,0.00,0,0,False,
DIS,2025-03-07,435,390,0,0.00,0,0.00,0,0,False,
DIS,2025-03-10,498,390,0,0.00,0,0.00,0,0,False,
DIS,2025-03-11,551,390,0,0.00,0,0.00,0,0,False,
DIS,2025-03-12,469,390,0,0.00,0,0.00,0,0,False,
DIS,2025-03-13,461,390,0,0.00,0,0.00,0,0,False,
DIS,2025-03-14,455,390,0,0.00,0,0.00,0,0,False,
DIS,2025-03-17,441,390,0,0.00,0,0.00,0,0,False,
DIS,2025-03-18,421,390,0,0.00,0,0.00,0,0,False,
DIS,2025-03-19,432,390,0,0.00,0,0.00,0,0,False,
DIS,2025-03-20,451,390,0,0.00,0,0.00,0,0,False,
DIS,2025-03-21,447,390,0,0.00,0,0.00,0,0,False,
DIS,2025-03-24,499,390,0,0.00,0,0.00,0,0,False,
DIS,2025-03-25,427,390,0,0.00,0,0.00,0,0,False,
DIS,2025-03-26,419,390,0,0.00,0,0.00,0,0,False,
DIS,2025-03-27,416,390,0,0.00,0,0.00,0,0,False,
DIS,2025-03-28,432,390,0,0.00,0,0.00,0,0,False,
DIS,2025-03-31,443,390,0,0.00,0,0.00,0,0,False,
DIS,2025-04-01,423,390,0,0.00,0,0.00,0,0,False,
DIS,2025-04-02,505,390,0,0.00,0,0.00,0,0,False,
DIS,2025-04-03,535,390,0,0.00,0,0.00,0,0,False,
DIS,2025-04-04,601,390,0,0.00,0,0.00,0,0,False,
DIS,2025-04-07,557,390,0,0.00,0,0.00,0,0,False,
DIS,2025-04-08,519,390,0,0.00,0,0.00,0,0,False,
DIS,2025-04-09,548,390,0,0.00,0,0.00,0,0,False,
DIS,2025-04-10,487,390,0,0.00,0,0.00,0,0,False,
DIS,2025-04-11,484,390,0,0.00,0,0.00,0,0,False,
DIS,2025-04-14,486,390,0,0.00,0,0.00,0,0,False,
DIS,2025-04-15,455,390,0,0.00,0,0.00,0,0,False,
DIS,2025-04-16,462,390,0,0.00,0,0.00,0,0,False,
DIS,2025-04-17,476,390,0,0.00,0,0.00,0,0,False,
DIS,2025-04-21,479,390,0,0.00,0,0.00,0,0,False,
DIS,2025-04-22,508,390,0,0.00,0,0.00,0,0,False,
DIS,2025-04-23,483,390,0,0.00,0,0.00,0,0,False,
DIS,2025-04-24,487,390,0,0.00,0,0.00,0,0,False,
DIS,2025-04-25,478,390,0,0.00,0,0.00,0,0,False,
DIS,2025-04-28,451,390,0,0.00,0,0.00,0,0,False,
DIS,2025-04-29,440,390,0,0.00,0,0.00,0,0,False,
DIS,2025-04-30,521,390,0,0.00,0,0.00,0,0,False,
DIS,2025-05-01,440,390,0,0.00,0,0.00,0,0,False,
DIS,2025-05-02,453,390,0,0.00,0,0.00,0,0,False,
DIS,2025-05-05,561,390,0,0.00,0,0.00,0,0,False,
DIS,2025-05-06,591,390,0,0.00,0,0.00,0,0,False,
DIS,2025-05-07,657,390,0,0.00,0,0.00,0,0,False,
DIS,2025-05-08,532,390,0,0.00,0,0.00,0,0,False,
DIS,2025-05-09,459,390,0,0.00,0,0.00,0,0,False,
DIS,2025-05-12,578,390,0,0.00,0,0.00,0,0,False,
DIS,2025-05-13,492,390,0,0.00,0,0.00,0,0,False,
DIS,2025-05-14,484,390,0,0.00,0,0.00,0,0,False,
DIS,2025-05-15,450,390,0,0.00,0,0.00,0,0,False,
DIS,2025-05-16,464,390,0,0.00,0,0.00,0,0,False,
DIS,2025-05-19,470,390,0,0.00,0,0.00,0,0,False,
DIS,2025-05-20,423,390,0,0.00,0,0.00,0,0,False,
DIS,2025-05-21,446,390,0,0.00,0,0.00,0,0,False,
DIS,2025-05-22,430,390,0,0.00,0,0.00,0,0,False,
DIS,2025-05-23,464,390,0,0.00,0,0.00,0,0,False,
DIS,2025-05-27,465,390,0,0.00,0,0.00,0,0,False,
DIS,2025-05-28,444,390,0,0.00,0,0.00,0,0,False,
DIS,2025-05-29,452,390,0,0.00,0,0.00,0,0,False,
DIS,2025-05-30,422,390,0,0.00,0,0.00,0,0,False,
DIS,2025-06-02,451,390,0,0.00,0,0.00,0,0,False,
DIS,2025-06-03,423,390,0,0.00,0,0.00,0,0,False,
DIS,2025-06-04,411,390,0,0.00,0,0.00,0,0,False,
DIS,2025-06-05,425,390,0,0.00,0,0.00,0,0,False,
DIS,2025-06-06,427,390,0,0.00,0,0.00,0,0,False,
DIS,2025-06-09,446,390,0,0.00,0,0.00,0,0,False,
DIS,2025-06-10,477,390,0,0.00,0,0.00,0,0,False,
DIS,2025-06-11,463,390,0,0.00,0,0.00,0,0,False,
DIS,2025-06-12,437,390,0,0.00,0,0.00,0,0,False,
DIS,2025-06-13,449,390,0,0.00,0,0.00,0,0,False,
DIS,2025-06-16,434,390,0,0.00,0,0.00,0,0,False,
DIS,2025-06-17,435,390,0,0.00,0,0.00,0,0,False,
DIS,2025-06-18,416,390,0,0.00,0,0.00,0,0,False,
DIS,2025-06-20,434,390,0,0.00,0,0.00,0,0,False,
DIS,2025-06-23,455,390,0,0.00,0,0.00,0,0,False,
DIS,2025-06-24,428,390,0,0.00,0,0.00,0,0,False,
DIS,2025-06-25,430,390,0,0.00,0,0.00,0,0,False,
DIS,2025-06-26,424,390,0,0.00,0,0.00,0,0,False,
DIS,2025-06-27,454,390,0,0.00,0,0.00,0,0,False,
DIS,2025-06-30,513,390,0,0.00,0,0.00,0,0,False,
GS,2025-01-02,405,390,0,0.00,0,0.00,0,0,False,
GS,2025-01-03,404,390,9,2.31,0,0.00,0,0,False,
GS,2025-01-06,418,390,4,1.03,0,0.00,0,0,False,
GS,2025-01-07,392,390,5,1.28,0,0.00,0,0,False,
GS,2025-01-08,405,390,9,2.31,0,0.00,0,0,False,
GS,2025-01-10,425,390,0,0.00,0,0.00,0,0,False,
GS,2025-01-13,407,390,11,2.82,0,0.00,0,0,False,
GS,2025-01-14,426,390,6,1.54,0,0.00,0,0,False,
GS,2025-01-15,531,390,1,0.26,0,0.00,0,0,False,
GS,2025-01-16,417,390,1,0.26,0,0.00,0,0,False,
GS,2025-01-17,422,390,0,0.00,0,0.00,0,0,False,
GS,2025-01-21,485,390,0,0.00,0,0.00,0,0,False,
GS,2025-01-22,438,390,0,0.00,0,0.00,0,0,False,
GS,2025-01-23,403,390,2,0.51,0,0.00,0,0,False,
GS,2025-01-24,433,390,0,0.00,0,0.00,0,0,False,
GS,2025-01-27,442,390,0,0.00,0,0.00,0,0,False,
GS,2025-01-28,397,390,1,0.26,0,0.00,0,0,False,
GS,2025-01-29,403,390,0,0.00,0,0.00,0,0,False,
GS,2025-01-30,415,390,2,0.51,0,0.00,0,0,False,
GS,2025-01-31,405,390,1,0.26,0,0.00,0,0,False,
GS,2025-02-03,430,390,0,0.00,0,0.00,0,0,False,
GS,2025-02-04,407,390,1,0.26,0,0.00,0,0,False,
GS,2025-02-05,403,390,1,0.26,0,0.00,0,0,False,
GS,2025-02-06,414,390,0,0.00,0,0.00,0,0,False,
GS,2025-02-07,421,390,0,0.00,0,0.00,0,0,False,
GS,2025-02-10,401,390,1,0.26,0,0.00,0,0,False,
GS,2025-02-11,399,390,0,0.00,0,0.00,0,0,False,
GS,2025-02-12,411,390,0,0.00,0,0.00,0,0,False,
GS,2025-02-13,410,390,3,0.77,0,0.00,0,0,False,
GS,2025-02-14,400,390,0,0.00,0,0.00,0,0,False,
GS,2025-02-18,408,390,2,0.51,0,0.00,0,0,False,
GS,2025-02-19,397,390,1,0.26,0,0.00,0,0,False,
GS,2025-02-20,401,390,0,0.00,0,0.00,0,0,False,
GS,2025-02-21,420,390,0,0.00,0,0.00,0,0,False,
GS,2025-02-24,413,390,0,0.00,0,0.00,0,0,False,
GS,2025-02-25,397,390,0,0.00,0,0.00,0,0,False,
GS,2025-02-26,414,390,2,0.51,0,0.00,0,0,False,
GS,2025-02-27,414,390,1,0.26,0,0.00,0,0,False,
GS,2025-02-28,410,390,1,0.26,0,0.00,0,0,False,
GS,2025-03-03,410,390,0,0.00,0,0.00,0,0,False,
GS,2025-03-04,416,390,0,0.00,0,0.00,0,0,False,
GS,2025-03-05,424,390,0,0.00,0,0.00,0,0,False,
GS,2025-03-06,409,390,0,0.00,0,0.00,0,0,False,
GS,2025-03-07,410,390,0,0.00,0,0.00,0,0,False,
GS,2025-03-10,426,390,0,0.00,0,0.00,0,0,False,
GS,2025-03-11,430,390,0,0.00,0,0.00,0,0,False,
GS,2025-03-12,427,390,0,0.00,0,0.00,0,0,False,
GS,2025-03-13,409,390,0,0.00,0,0.00,0,0,False,
GS,2025-03-14,425,390,0,0.00,0,0.00,0,0,False,
GS,2025-03-17,412,390,0,0.00,0,0.00,0,0,False,
GS,2025-03-18,407,390,0,0.00,0,0.00,0,0,False,
GS,2025-03-19,417,390,1,0.26,0,0.00,0,0,False,
GS,2025-03-20,409,390,0,0.00,0,0.00,0,0,False,
GS,2025-03-21,411,390,0,0.00,0,0.00,0,0,False,
GS,2025-03-24,405,390,8,2.05,0,0.00,0,0,False,
GS,2025-03-25,397,390,10,2.56,0,0.00,0,0,False,
GS,2025-03-26,411,390,10,2.56,0,0.00,0,0,False,
GS,2025-03-27,398,390,10,2.56,0,0.00,0,0,False,
GS,2025-03-28,403,390,2,0.51,0,0.00,0,0,False,
GS,2025-03-31,407,390,7,1.79,0,0.00,0,0,False,
GS,2025-04-01,406,390,4,1.03,0,0.00,0,0,False,
GS,2025-04-02,457,390,2,0.51,0,0.00,0,0,False,
GS,2025-04-03,466,390,0,0.00,0,0.00,0,0,False,
GS,2025-04-04,506,390,0,0.00,0,0.00,0,0,False,
GS,2025-04-07,485,390,0,0.00,0,0.00,0,0,False,
GS,2025-04-08,452,390,0,0.00,0,0.00,0,0,False,
GS,2025-04-09,457,390,0,0.00,0,0.00,0,0,False,
GS,2025-04-10,438,390,0,0.00,0,0.00,0,0,False,
GS,2025-04-11,469,390,0,0.00,0,0.00,0,0,False,
GS,2025-04-14,531,390,1,0.26,0,0.00,0,0,False,
GS,2025-04-15,418,390,0,0.00,0,0.00,0,0,False,
GS,2025-04-16,413,390,1,0.26,0,0.00,0,0,False,
GS,2025-04-17,409,390,0,0.00,0,0.00,0,0,False,
GS,2025-04-21,411,390,0,0.00,0,0.00,0,0,False,
GS,2025-04-22,425,390,0,0.00,0,0.00,0,0,False,
GS,2025-04-23,437,390,0,0.00,0,0.00,0,0,False,
GS,2025-04-24,408,390,1,0.26,0,0.00,0,0,False,
GS,2025-04-25,406,390,0,0.00,0,0.00,0,0,False,
GS,2025-04-28,396,390,0,0.00,0,0.00,0,0,False,
GS,2025-04-29,397,390,2,0.51,0,0.00,0,0,False,
GS,2025-04-30,414,390,1,0.26,0,0.00,0,0,False,
GS,2025-05-01,409,390,0,0.00,0,0.00,0,0,False,
GS,2025-05-02,414,390,0,0.00,0,0.00,0,0,False,
GS,2025-05-05,406,390,0,0.00,0,0.00,0,0,False,
GS,2025-05-06,415,390,0,0.00,0,0.00,0,0,False,
GS,2025-05-07,404,390,1,0.26,0,0.00,0,0,False,
GS,2025-05-08,403,390,1,0.26,0,0.00,0,0,False,
GS,2025-05-09,393,390,2,0.51,0,0.00,0,0,False,
GS,2025-05-12,439,390,0,0.00,0,0.00,0,0,False,
GS,2025-05-13,406,390,0,0.00,0,0.00,0,0,False,
GS,2025-05-14,398,390,5,1.28,0,0.00,0,0,False,
GS,2025-05-15,405,390,1,0.26,0,0.00,0,0,False,
GS,2025-05-16,415,390,4,1.03,0,0.00,0,0,False,
GS,2025-05-19,414,390,1,0.26,0,0.00,0,0,False,
GS,2025-05-20,402,390,6,1.54,0,0.00,0,0,False,
GS,2025-05-21,415,390,0,0.00,0,0.00,0,0,False,
GS,2025-05-22,403,390,1,0.26,0,0.00,0,0,False,
GS,2025-05-23,435,390,7,1.79,0,0.00,0,0,False,
GS,2025-05-27,417,390,1,0.26,0,0.00,0,0,False,
GS,2025-05-28,408,390,3,0.77,0,0.00,0,0,False,
GS,2025-05-29,394,390,20,5.13,0,0.00,0,0,True,missing_rate_5.13%_exceeds_5.0%
GS,2025-05-30,398,390,8,2.05,0,0.00,0,0,False,
GS,2025-06-02,374,390,22,5.64,0,0.00,0,0,True,missing_rate_5.64%_exceeds_5.0%
GS,2025-06-03,392,390,4,1.03,0,0.00,0,0,False,
GS,2025-06-04,372,390,31,7.95,0,0.00,0,0,True,missing_rate_7.95%_exceeds_5.0%
GS,2025-06-05,401,390,3,0.77,0,0.00,0,0,False,
GS,2025-06-06,388,390,14,3.59,0,0.00,0,0,False,
GS,2025-06-09,386,390,13,3.33,0,0.00,0,0,False,
GS,2025-06-10,389,390,12,3.08,0,0.00,0,0,False,
GS,2025-06-11,397,390,6,1.54,0,0.00,0,0,False,
GS,2025-06-12,382,390,28,7.18,0,0.00,0,0,True,missing_rate_7.18%_exceeds_5.0%
GS,2025-06-13,392,390,17,4.36,0,0.00,0,0,False,
GS,2025-06-16,398,390,15,3.85,0,0.00,0,0,False,
GS,2025-06-17,379,390,23,5.90,0,0.00,0,0,True,missing_rate_5.90%_exceeds_5.0%
GS,2025-06-18,408,390,7,1.79,0,0.00,0,0,False,
GS,2025-06-20,408,390,6,1.54,0,0.00,0,0,False,
GS,2025-06-23,410,390,5,1.28,0,0.00,0,0,False,
GS,2025-06-24,394,390,15,3.85,0,0.00,0,0,False,
GS,2025-06-25,394,390,8,2.05,0,0.00,0,0,False,
GS,2025-06-26,401,390,2,0.51,0,0.00,0,0,False,
GS,2025-06-27,455,390,7,1.79,0,0.00,0,0,False,
GS,2025-06-30,452,390,2,0.51,0,0.00,0,0,False,
HD,2025-01-02,398,390,0,0.00,0,0.00,0,0,False,
HD,2025-01-03,396,390,1,0.26,0,0.00,0,0,False,
HD,2025-01-06,404,390,0,0.00,0,0.00,0,0,False,
HD,2025-01-07,397,390,2,0.51,0,0.00,0,0,False,
HD,2025-01-08,403,390,0,0.00,0,0.00,0,0,False,
HD,2025-01-10,451,390,0,0.00,0,0.00,0,0,False,
HD,2025-01-13,432,390,0,0.00,0,0.00,0,0,False,
HD,2025-01-14,418,390,0,0.00,0,0.00,0,0,False,
HD,2025-01-15,439,390,0,0.00,0,0.00,0,0,False,
HD,2025-01-16,411,390,2,0.51,0,0.00,0,0,False,
HD,2025-01-17,412,390,0,0.00,0,0.00,0,0,False,
HD,2025-01-21,410,390,2,0.51,0,0.00,0,0,False,
HD,2025-01-22,400,390,0,0.00,0,0.00,0,0,False,
HD,2025-01-23,419,390,0,0.00,0,0.00,0,0,False,
HD,2025-01-24,393,390,7,1.79,0,0.00,0,0,False,
HD,2025-01-27,422,390,0,0.00,0,0.00,0,0,False,
HD,2025-01-28,403,390,0,0.00,0,0.00,0,0,False,
HD,2025-01-29,391,390,8,2.05,0,0.00,0,0,False,
HD,2025-01-30,403,390,0,0.00,0,0.00,0,0,False,
HD,2025-01-31,398,390,1,0.26,0,0.00,0,0,False,
HD,2025-02-03,430,390,1,0.26,0,0.00,0,0,False,
HD,2025-02-04,400,390,6,1.54,0,0.00,0,0,False,
HD,2025-02-05,395,390,6,1.54,0,0.00,0,0,False,
HD,2025-02-06,399,390,5,1.28,0,0.00,0,0,False,
HD,2025-02-07,406,390,13,3.33,0,0.00,0,0,False,
HD,2025-02-10,406,390,5,1.28,0,0.00,0,0,False,
HD,2025-02-11,392,390,8,2.05,0,0.00,0,0,False,
HD,2025-02-12,419,390,2,0.51,0,0.00,0,0,False,
HD,2025-02-13,408,390,2,0.51,0,0.00,0,0,False,
HD,2025-02-14,403,390,2,0.51,0,0.00,0,0,False,
HD,2025-02-18,408,390,1,0.26,0,0.00,0,0,False,
HD,2025-02-19,412,390,0,0.00,0,0.00,0,0,False,
HD,2025-02-20,418,390,2,0.51,0,0.00,0,0,False,
HD,2025-02-21,416,390,0,0.00,0,0.00,0,0,False,
HD,2025-02-24,428,390,1,0.26,0,0.00,0,0,False,
HD,2025-02-25,549,390,0,0.00,0,0.00,0,0,False,
HD,2025-02-26,444,390,1,0.26,0,0.00,0,0,False,
HD,2025-02-27,411,390,1,0.26,0,0.00,0,0,False,
HD,2025-02-28,428,390,0,0.00,0,0.00,0,0,False,
HD,2025-03-03,413,390,0,0.00,0,0.00,0,0,False,
HD,2025-03-04,405,390,1,0.26,0,0.00,0,0,False,
HD,2025-03-05,400,390,0,0.00,0,0.00,0,0,False,
HD,2025-03-06,412,390,1,0.26,0,0.00,0,0,False,
HD,2025-03-07,408,390,0,0.00,0,0.00,0,0,False,
HD,2025-03-10,413,390,0,0.00,0,0.00,0,0,False,
HD,2025-03-11,407,390,0,0.00,0,0.00,0,0,False,
HD,2025-03-12,427,390,0,0.00,0,0.00,0,0,False,
HD,2025-03-13,410,390,0,0.00,0,0.00,0,0,False,
HD,2025-03-14,418,390,0,0.00,0,0.00,0,0,False,
HD,2025-03-17,401,390,1,0.26,0,0.00,0,0,False,
HD,2025-03-18,402,390,0,0.00,0,0.00,0,0,False,
HD,2025-03-19,396,390,4,1.03,0,0.00,0,0,False,
HD,2025-03-20,411,390,1,0.26,0,0.00,0,0,False,
HD,2025-03-21,415,390,0,0.00,0,0.00,0,0,False,
HD,2025-03-24,409,390,1,0.26,0,0.00,0,0,False,
HD,2025-03-25,401,390,4,1.03,0,0.00,0,0,False,
HD,2025-03-26,403,390,0,0.00,0,0.00,0,0,False,
HD,2025-03-27,396,390,0,0.00,0,0.00,0,0,False,
HD,2025-03-28,402,390,0,0.00,0,0.00,0,0,False,
HD,2025-03-31,417,390,0,0.00,0,0.00,0,0,False,
HD,2025-04-01,404,390,1,0.26,0,0.00,0,0,False,
HD,2025-04-02,441,390,4,1.03,0,0.00,0,0,False,
HD,2025-04-03,433,390,0,0.00,0,0.00,0,0,False,
HD,2025-04-04,460,390,0,0.00,0,0.00,0,0,False,
HD,2025-04-07,449,390,0,0.00,0,0.00,0,0,False,
HD,2025-04-08,422,390,1,0.26,0,0.00,0,0,False,
HD,2025-04-09,423,390,0,0.00,0,0.00,0,0,False,
HD,2025-04-10,406,390,0,0.00,0,0.00,0,0,False,
HD,2025-04-11,399,390,0,0.00,0,0.00,0,0,False,
HD,2025-04-14,405,390,1,0.26,0,0.00,0,0,False,
HD,2025-04-15,405,390,0,0.00,0,0.00,0,0,False,
HD,2025-04-16,400,390,1,0.26,0,0.00,0,0,False,
HD,2025-04-17,408,390,4,1.03,0,0.00,0,0,False,
HD,2025-04-21,403,390,0,0.00,0,0.00,0,0,False,
HD,2025-04-22,412,390,0,0.00,0,0.00,0,0,False,
HD,2025-04-23,407,390,1,0.26,0,0.00,0,0,False,
HD,2025-04-24,402,390,5,1.28,0,0.00,0,0,False,
HD,2025-04-25,401,390,4,1.03,0,0.00,0,0,False,
HD,2025-04-28,397,390,4,1.03,0,0.00,0,0,False,
HD,2025-04-29,392,390,4,1.03,0,0.00,0,0,False,
HD,2025-04-30,405,390,5,1.28,0,0.00,0,0,False,
HD,2025-05-01,397,390,2,0.51,0,0.00,0,0,False,
HD,2025-05-02,397,390,6,1.54,0,0.00,0,0,False,
HD,2025-05-05,393,390,8,2.05,0,0.00,0,0,False,
HD,2025-05-06,398,390,3,0.77,0,0.00,0,0,False,
HD,2025-05-07,393,390,3,0.77,0,0.00,0,0,False,
HD,2025-05-08,397,390,4,1.03,0,0.00,0,0,False,
HD,2025-05-09,390,390,7,1.79,0,0.00,0,0,False,
HD,2025-05-12,409,390,1,0.26,0,0.00,0,0,False,
HD,2025-05-13,410,390,3,0.77,0,0.00,0,0,False,
HD,2025-05-14,407,390,0,0.00,0,0.00,0,0,False,
HD,2025-05-15,397,390,1,0.26,0,0.00,0,0,False,
HD,2025-05-16,413,390,3,0.77,0,0.00,0,0,False,
HD,2025-05-19,461,390,0,0.00,0,0.00,0,0,False,
HD,2025-05-20,541,390,0,0.00,0,0.00,0,0,False,
HD,2025-05-21,422,390,0,0.00,0,0.00,0,0,False,
HD,2025-05-22,404,390,2,0.51,0,0.00,0,0,False,
HD,2025-05-23,401,390,7,1.79,0,0.00,0,0,False,
HD,2025-05-27,406,390,3,0.77,0,0.00,0,0,False,
HD,2025-05-28,398,390,5,1.28,0,0.00,0,0,False,
HD,2025-05-29,406,390,3,0.77,0,0.00,0,0,False,
HD,2025-05-30,400,390,1,0.26,0,0.00,0,0,False,
HD,2025-06-02,395,390,3,0.77,0,0.00,0,0,False,
HD,2025-06-03,405,390,1,0.26,0,0.00,0,0,False,
HD,2025-06-04,397,390,4,1.03,0,0.00,0,0,False,
HD,2025-06-05,408,390,2,0.51,0,0.00,0,0,False,
HD,2025-06-06,396,390,5,1.28,0,0.00,0,0,False,
HD,2025-06-09,403,390,3,0.77,0,0.00,0,0,False,
HD,2025-06-10,399,390,6,1.54,0,0.00,0,0,False,
HD,2025-06-11,412,390,0,0.00,0,0.00,0,0,False,
HD,2025-06-12,407,390,2,0.51,0,0.00,0,0,False,
HD,2025-06-13,406,390,3,0.77,0,0.00,0,0,False,
HD,2025-06-16,414,390,0,0.00,0,0.00,0,0,False,
HD,2025-06-17,408,390,0,0.00,0,0.00,0,0,False,
HD,2025-06-18,411,390,0,0.00,0,0.00,0,0,False,
HD,2025-06-20,422,390,0,0.00,0,0.00,0,0,False,
HD,2025-06-23,410,390,1,0.26,0,0.00,0,0,False,
HD,2025-06-24,410,390,0,0.00,0,0.00,0,0,False,
HD,2025-06-25,409,390,1,0.26,0,0.00,0,0,False,
HD,2025-06-26,401,390,1,0.26,0,0.00,0,0,False,
HD,2025-06-27,404,390,0,0.00,0,0.00,0,0,False,
HD,2025-06-30,398,390,1,0.26,0,0.00,0,0,False,
HON,2025-01-02,394,390,1,0.26,0,0.00,0,0,False,
HON,2025-01-03,397,390,2,0.51,0,0.00,0,0,False,
HON,2025-01-06,412,390,1,0.26,0,0.00,0,0,False,
HON,2025-01-07,402,390,0,0.00,0,0.00,0,0,False,
HON,2025-01-08,397,390,1,0.26,0,0.00,0,0,False,
HON,2025-01-10,404,390,1,0.26,0,0.00,0,0,False,
HON,2025-01-13,404,390,1,0.26,0,0.00,0,0,False,
HON,2025-01-14,427,390,0,0.00,0,0.00,0,0,False,
HON,2025-01-15,401,390,0,0.00,0,0.00,0,0,False,
HON,2025-01-16,403,390,0,0.00,0,0.00,0,0,False,
HON,2025-01-17,411,390,0,0.00,0,0.00,0,0,False,
HON,2025-01-21,404,390,0,0.00,0,0.00,0,0,False,
HON,2025-01-22,403,390,1,0.26,0,0.00,0,0,False,
HON,2025-01-23,401,390,1,0.26,0,0.00,0,0,False,
HON,2025-01-24,400,390,3,0.77,0,0.00,0,0,False,
HON,2025-01-27,426,390,0,0.00,0,0.00,0,0,False,
HON,2025-01-28,403,390,0,0.00,0,0.00,0,0,False,
HON,2025-01-29,391,390,7,1.79,0,0.00,0,0,False,
HON,2025-01-30,395,390,8,2.05,0,0.00,0,0,False,
HON,2025-01-31,399,390,0,0.00,0,0.00,0,0,False,
HON,2025-02-03,414,390,2,0.51,0,0.00,0,0,False,
HON,2025-02-04,397,390,1,0.26,0,0.00,0,0,False,
HON,2025-02-05,403,390,1,0.26,0,0.00,0,0,False,
HON,2025-02-06,614,390,0,0.00,0,0.00,0,0,False,
HON,2025-02-07,458,390,0,0.00,0,0.00,0,0,False,
HON,2025-02-10,405,390,0,0.00,0,0.00,0,0,False,
HON,2025-02-11,403,390,4,1.03,0,0.00,0,0,False,
HON,2025-02-12,424,390,2,0.51,0,0.00,0,0,False,
HON,2025-02-13,402,390,1,0.26,0,0.00,0,0,False,
HON,2025-02-14,406,390,0,0.00,0,0.00,0,0,False,
HON,2025-02-18,404,390,0,0.00,0,0.00,0,0,False,
HON,2025-02-19,414,390,0,0.00,0,0.00,0,0,False,
HON,2025-02-20,398,390,2,0.51,0,0.00,0,0,False,
HON,2025-02-21,398,390,5,1.28,0,0.00,0,0,False,
HON,2025-02-24,420,390,0,0.00,0,0.00,0,0,False,
HON,2025-02-25,404,390,0,0.00,0,0.00,0,0,False,
HON,2025-02-26,402,390,0,0.00,0,0.00,0,0,False,
HON,2025-02-27,397,390,2,0.51,0,0.00,0,0,False,
HON,2025-02-28,401,390,0,0.00,0,0.00,0,0,False,
HON,2025-03-03,397,390,1,0.26,0,0.00,0,0,False,
HON,2025-03-04,417,390,0,0.00,0,0.00,0,0,False,
HON,2025-03-05,398,390,0,0.00,0,0.00,0,0,False,
HON,2025-03-06,413,390,0,0.00,0,0.00,0,0,False,
HON,2025-03-07,401,390,0,0.00,0,0.00,0,0,False,
HON,2025-03-10,414,390,0,0.00,0,0.00,0,0,False,
HON,2025-03-11,400,390,2,0.51,0,0.00,0,0,False,
HON,2025-03-12,407,390,1,0.26,0,0.00,0,0,False,
HON,2025-03-13,400,390,0,0.00,0,0.00,0,0,False,
HON,2025-03-14,393,390,1,0.26,0,0.00,0,0,False,
HON,2025-03-17,396,390,0,0.00,0,0.00,0,0,False,
HON,2025-03-18,406,390,0,0.00,0,0.00,0,0,False,
HON,2025-03-19,399,390,0,0.00,0,0.00,0,0,False,
HON,2025-03-20,398,390,0,0.00,0,0.00,0,0,False,
HON,2025-03-21,400,390,0,0.00,0,0.00,0,0,False,
HON,2025-03-24,403,390,1,0.26,0,0.00,0,0,False,
HON,2025-03-25,395,390,0,0.00,0,0.00,0,0,False,
HON,2025-03-26,394,390,0,0.00,0,0.00,0,0,False,
HON,2025-03-27,395,390,0,0.00,0,0.00,0,0,False,
HON,2025-03-28,400,390,0,0.00,0,0.00,0,0,False,
HON,2025-03-31,414,390,0,0.00,0,0.00,0,0,False,
HON,2025-04-01,397,390,0,0.00,0,0.00,0,0,False,
HON,2025-04-02,414,390,0,0.00,0,0.00,0,0,False,
HON,2025-04-03,409,390,0,0.00,0,0.00,0,0,False,
HON,2025-04-04,428,390,0,0.00,0,0.00,0,0,False,
HON,2025-04-07,420,390,0,0.00,0,0.00,0,0,False,
HON,2025-04-08,421,390,0,0.00,0,0.00,0,0,False,
HON,2025-04-09,425,390,0,0.00,0,0.00,0,0,False,
HON,2025-04-10,406,390,0,0.00,0,0.00,0,0,False,
HON,2025-04-11,412,390,0,0.00,0,0.00,0,0,False,
HON,2025-04-14,409,390,0,0.00,0,0.00,0,0,False,
HON,2025-04-15,392,390,0,0.00,0,0.00,0,0,False,
HON,2025-04-16,404,390,0,0.00,0,0.00,0,0,False,
HON,2025-04-17,402,390,0,0.00,0,0.00,0,0,False,
HON,2025-04-21,395,390,0,0.00,0,0.00,0,0,False,
HON,2025-04-22,404,390,0,0.00,0,0.00,0,0,False,
HON,2025-04-23,409,390,0,0.00,0,0.00,0,0,False,
HON,2025-04-24,401,390,1,0.26,0,0.00,0,0,False,
HON,2025-04-25,402,390,0,0.00,0,0.00,0,0,False,
HON,2025-04-28,401,390,0,0.00,0,0.00,0,0,False,
HON,2025-04-29,464,390,0,0.00,0,0.00,0,0,False,
HON,2025-04-30,419,390,0,0.00,0,0.00,0,0,False,
HON,2025-05-01,401,390,2,0.51,0,0.00,0,0,False,
HON,2025-05-02,396,390,1,0.26,0,0.00,0,0,False,
HON,2025-05-05,395,390,1,0.26,0,0.00,0,0,False,
HON,2025-05-06,399,390,2,0.51,0,0.00,0,0,False,
HON,2025-05-07,408,390,0,0.00,0,0.00,0,0,False,
HON,2025-05-08,395,390,0,0.00,0,0.00,0,0,False,
HON,2025-05-09,394,390,5,1.28,0,0.00,0,0,False,
HON,2025-05-12,415,390,2,0.51,0,0.00,0,0,False,
HON,2025-05-13,402,390,3,0.77,0,0.00,0,0,False,
HON,2025-05-14,404,390,0,0.00,0,0.00,0,0,False,
HON,2025-05-15,400,390,0,0.00,0,0.00,0,0,False,
HON,2025-05-16,400,390,4,1.03,0,0.00,0,0,False,
HON,2025-05-19,393,390,7,1.79,0,0.00,0,0,False,
HON,2025-05-20,389,390,9,2.31,0,0.00,0,0,False,
HON,2025-05-21,391,390,13,3.33,0,0.00,0,0,False,
HON,2025-05-22,397,390,3,0.77,0,0.00,0,0,False,
HON,2025-05-23,398,390,6,1.54,0,0.00,0,0,False,
HON,2025-05-27,394,390,1,0.26,0,0.00,0,0,False,
HON,2025-05-28,415,390,3,0.77,0,0.00,0,0,False,
HON,2025-05-29,401,390,0,0.00,0,0.00,0,0,False,
HON,2025-05-30,400,390,0,0.00,0,0.00,0,0,False,
HON,2025-06-02,393,390,4,1.03,0,0.00,0,0,False,
HON,2025-06-03,391,390,5,1.28,0,0.00,0,0,False,
HON,2025-06-04,388,390,8,2.05,0,0.00,0,0,False,
HON,2025-06-05,403,390,7,1.79,0,0.00,0,0,False,
HON,2025-06-06,389,390,13,3.33,0,0.00,0,0,False,
HON,2025-06-09,386,390,10,2.56,0,0.00,0,0,False,
HON,2025-06-10,390,390,4,1.03,0,0.00,0,0,False,
HON,2025-06-11,391,390,8,2.05,0,0.00,0,0,False,
HON,2025-06-12,366,390,26,6.67,0,0.00,0,0,True,missing_rate_6.67%_exceeds_5.0%
HON,2025-06-13,392,390,2,0.51,0,0.00,0,0,False,
HON,2025-06-16,386,390,7,1.79,0,0.00,0,0,False,
HON,2025-06-17,381,390,14,3.59,0,0.00,0,0,False,
HON,2025-06-18,395,390,1,0.26,0,0.00,0,0,False,
HON,2025-06-20,399,390,4,1.03,0,0.00,0,0,False,
HON,2025-06-23,397,390,6,1.54,0,0.00,0,0,False,
HON,2025-06-24,393,390,2,0.51,0,0.00,0,0,False,
HON,2025-06-25,387,390,6,1.54,0,0.00,0,0,False,
HON,2025-06-26,391,390,6,1.54,0,0.00,0,0,False,
HON,2025-06-27,388,390,11,2.82,0,0.00,0,0,False,
HON,2025-06-30,393,390,4,1.03,0,0.00,0,0,False,
IBM,2025-01-02,418,390,0,0.00,0,0.00,0,0,False,
IBM,2025-01-03,404,390,3,0.77,0,0.00,0,0,False,
IBM,2025-01-06,419,390,1,0.26,0,0.00,0,0,False,
IBM,2025-01-07,404,390,0,0.00,0,0.00,0,0,False,
IBM,2025-01-08,401,390,1,0.26,0,0.00,0,0,False,
IBM,2025-01-10,413,390,0,0.00,0,0.00,0,0,False,
IBM,2025-01-13,404,390,1,0.26,0,0.00,0,0,False,
IBM,2025-01-14,410,390,1,0.26,0,0.00,0,0,False,
IBM,2025-01-15,405,390,4,1.03,0,0.00,0,0,False,
IBM,2025-01-16,405,390,0,0.00,0,0.00,0,0,False,
IBM,2025-01-17,409,390,0,0.00,0,0.00,0,0,False,
IBM,2025-01-21,412,390,0,0.00,0,0.00,0,0,False,
IBM,2025-01-22,441,390,0,0.00,0,0.00,0,0,False,
IBM,2025-01-23,406,390,1,0.26,0,0.00,0,0,False,
IBM,2025-01-24,394,390,5,1.28,0,0.00,0,0,False,
IBM,2025-01-27,423,390,0,0.00,0,0.00,0,0,False,
IBM,2025-01-28,410,390,1,0.26,0,0.00,0,0,False,
IBM,2025-01-29,559,390,0,0.00,0,0.00,0,0,False,
IBM,2025-01-30,603,390,0,0.00,0,0.00,0,0,False,
IBM,2025-01-31,465,390,1,0.26,0,0.00,0,0,False,
IBM,2025-02-03,477,390,0,0.00,0,0.00,0,0,False,
IBM,2025-02-04,450,390,0,0.00,0,0.00,0,0,False,
IBM,2025-02-05,424,390,0,0.00,0,0.00,0,0,False,
IBM,2025-02-06,426,390,0,0.00,0,0.00,0,0,False,
IBM,2025-02-07,424,390,0,0.00,0,0.00,0,0,False,
IBM,2025-02-10,413,390,0,0.00,0,0.00,0,0,False,
IBM,2025-02-11,439,390,0,0.00,0,0.00,0,0,False,
IBM,2025-02-12,432,390,2,0.51,0,0.00,0,0,False,
IBM,2025-02-13,416,390,0,0.00,0,0.00,0,0,False,
IBM,2025-02-14,412,390,1,0.26,0,0.00,0,0,False,
IBM,2025-02-18,419,390,0,0.00,0,0.00,0,0,False,
IBM,2025-02-19,396,390,4,1.03,0,0.00,0,0,False,
IBM,2025-02-20,402,390,2,0.51,0,0.00,0,0,False,
IBM,2025-02-21,419,390,0,0.00,0,0.00,0,0,False,
IBM,2025-02-24,405,390,0,0.00,0,0.00,0,0,False,
IBM,2025-02-25,411,390,0,0.00,0,0.00,0,0,False,
IBM,2025-02-26,422,390,1,0.26,0,0.00,0,0,False,
IBM,2025-02-27,413,390,1,0.26,0,0.00,0,0,False,
IBM,2025-02-28,413,390,0,0.00,0,0.00,0,0,False,
IBM,2025-03-03,407,390,0,0.00,0,0.00,0,0,False,
IBM,2025-03-04,426,390,0,0.00,0,0.00,0,0,False,
IBM,2025-03-05,412,390,0,0.00,0,0.00,0,0,False,
IBM,2025-03-06,410,390,1,0.26,0,0.00,0,0,False,
IBM,2025-03-07,416,390,0,0.00,0,0.00,0,0,False,
IBM,2025-03-10,439,390,0,0.00,0,0.00,0,0,False,
IBM,2025-03-11,421,390,0,0.00,0,0.00,0,0,False,
IBM,2025-03-12,429,390,0,0.00,0,0.00,0,0,False,
IBM,2025-03-13,396,390,0,0.00,0,0.00,0,0,False,
IBM,2025-03-14,422,390,0,0.00,0,0.00,0,0,False,
IBM,2025-03-17,419,390,1,0.26,0,0.00,0,0,False,
IBM,2025-03-18,410,390,0,0.00,0,0.00,0,0,False,
IBM,2025-03-19,404,390,0,0.00,0,0.00,0,0,False,
IBM,2025-03-20,430,390,0,0.00,0,0.00,0,0,False,
IBM,2025-03-21,419,390,0,0.00,0,0.00,0,0,False,
IBM,2025-03-24,419,390,0,0.00,0,0.00,0,0,False,
IBM,2025-03-25,402,390,5,1.28,0,0.00,0,0,False,
IBM,2025-03-26,399,390,0,0.00,0,0.00,0,0,False,
IBM,2025-03-27,396,390,1,0.26,0,0.00,0,0,False,
IBM,2025-03-28,402,390,2,0.51,0,0.00,0,0,False,
IBM,2025-03-31,419,390,0,0.00,0,0.00,0,0,False,
IBM,2025-04-01,412,390,0,0.00,0,0.00,0,0,False,
IBM,2025-04-02,444,390,0,0.00,0,0.00,0,0,False,
IBM,2025-04-03,435,390,0,0.00,0,0.00,0,0,False,
IBM,2025-04-04,454,390,0,0.00,0,0.00,0,0,False,
IBM,2025-04-07,489,390,0,0.00,0,0.00,0,0,False,
IBM,2025-04-08,428,390,0,0.00,0,0.00,0,0,False,
IBM,2025-04-09,445,390,0,0.00,0,0.00,0,0,False,
IBM,2025-04-10,414,390,0,0.00,0,0.00,0,0,False,
IBM,2025-04-11,410,390,0,0.00,0,0.00,0,0,False,
IBM,2025-04-14,409,390,1,0.26,0,0.00,0,0,False,
IBM,2025-04-15,399,390,1,0.26,0,0.00,0,0,False,
IBM,2025-04-16,403,390,1,0.26,0,0.00,0,0,False,
IBM,2025-04-17,410,390,0,0.00,0,0.00,0,0,False,
IBM,2025-04-21,407,390,0,0.00,0,0.00,0,0,False,
IBM,2025-04-22,425,390,0,0.00,0,0.00,0,0,False,
IBM,2025-04-23,636,390,0,0.00,0,0.00,0,0,False,
IBM,2025-04-24,659,390,0,0.00,0,0.00,0,0,False,
IBM,2025-04-25,450,390,0,0.00,0,0.00,0,0,False,
IBM,2025-04-28,422,390,0,0.00,0,0.00,0,0,False,
IBM,2025-04-29,408,390,0,0.00,0,0.00,0,0,False,
IBM,2025-04-30,445,390,1,0.26,0,0.00,0,0,False,
IBM,2025-05-01,430,390,0,0.00,0,0.00,0,0,False,
IBM,2025-05-02,426,390,1,0.26,0,0.00,0,0,False,
IBM,2025-05-05,416,390,0,0.00,0,0.00,0,0,False,
IBM,2025-05-06,413,390,3,0.77,0,0.00,0,0,False,
IBM,2025-05-07,410,390,2,0.51,0,0.00,0,0,False,
IBM,2025-05-08,419,390,2,0.51,0,0.00,0,0,False,
IBM,2025-05-09,408,390,0,0.00,0,0.00,0,0,False,
IBM,2025-05-12,437,390,1,0.26,0,0.00,0,0,False,
IBM,2025-05-13,409,390,0,0.00,0,0.00,0,0,False,
IBM,2025-05-14,406,390,1,0.26,0,0.00,0,0,False,
IBM,2025-05-15,409,390,0,0.00,0,0.00,0,0,False,
IBM,2025-05-16,429,390,1,0.26,0,0.00,0,0,False,
IBM,2025-05-19,415,390,1,0.26,0,0.00,0,0,False,
IBM,2025-05-20,399,390,2,0.51,0,0.00,0,0,False,
IBM,2025-05-21,414,390,0,0.00,0,0.00,0,0,False,
IBM,2025-05-22,413,390,1,0.26,0,0.00,0,0,False,
IBM,2025-05-23,416,390,1,0.26,0,0.00,0,0,False,
IBM,2025-05-27,413,390,0,0.00,0,0.00,0,0,False,
IBM,2025-05-28,401,390,6,1.54,0,0.00,0,0,False,
IBM,2025-05-29,404,390,2,0.51,0,0.00,0,0,False,
IBM,2025-05-30,403,390,3,0.77,0,0.00,0,0,False,
IBM,2025-06-02,399,390,0,0.00,0,0.00,0,0,False,
IBM,2025-06-03,395,390,2,0.51,0,0.00,0,0,False,
IBM,2025-06-04,393,390,4,1.03,0,0.00,0,0,False,
IBM,2025-06-05,404,390,1,0.26,0,0.00,0,0,False,
IBM,2025-06-06,402,390,3,0.77,0,0.00,0,0,False,
IBM,2025-06-09,397,390,1,0.26,0,0.00,0,0,False,
IBM,2025-06-10,434,390,0,0.00,0,0.00,0,0,False,
IBM,2025-06-11,443,390,0,0.00,0,0.00,0,0,False,
IBM,2025-06-12,417,390,1,0.26,0,0.00,0,0,False,
IBM,2025-06-13,423,390,1,0.26,0,0.00,0,0,False,
IBM,2025-06-16,414,390,4,1.03,0,0.00,0,0,False,
IBM,2025-06-17,403,390,2,0.51,0,0.00,0,0,False,
IBM,2025-06-18,417,390,0,0.00,0,0.00,0,0,False,
IBM,2025-06-20,464,390,0,0.00,0,0.00,0,0,False,
IBM,2025-06-23,430,390,1,0.26,0,0.00,0,0,False,
IBM,2025-06-24,438,390,0,0.00,0,0.00,0,0,False,
IBM,2025-06-25,429,390,0,0.00,0,0.00,0,0,False,
IBM,2025-06-26,413,390,2,0.51,0,0.00,0,0,False,
IBM,2025-06-27,403,390,3,0.77,0,0.00,0,0,False,
IBM,2025-06-30,410,390,2,0.51,0,0.00,0,0,False,
JNJ,2025-01-02,423,390,0,0.00,0,0.00,0,0,False,
JNJ,2025-01-03,411,390,0,0.00,0,0.00,0,0,False,
JNJ,2025-01-06,423,390,0,0.00,0,0.00,0,0,False,
JNJ,2025-01-07,410,390,0,0.00,0,0.00,0,0,False,
JNJ,2025-01-08,445,390,0,0.00,0,0.00,0,0,False,
JNJ,2025-01-10,442,390,0,0.00,0,0.00,0,0,False,
JNJ,2025-01-13,424,390,0,0.00,0,0.00,0,0,False,
JNJ,2025-01-14,427,390,0,0.00,0,0.00,0,0,False,
JNJ,2025-01-15,409,390,0,0.00,0,0.00,0,0,False,
JNJ,2025-01-16,420,390,0,0.00,0,0.00,0,0,False,
JNJ,2025-01-17,421,390,0,0.00,0,0.00,0,0,False,
JNJ,2025-01-21,477,390,0,0.00,0,0.00,0,0,False,
JNJ,2025-01-22,639,390,0,0.00,0,0.00,0,0,False,
JNJ,2025-01-23,450,390,0,0.00,0,0.00,0,0,False,
JNJ,2025-01-24,414,390,0,0.00,0,0.00,0,0,False,
JNJ,2025-01-27,482,390,0,0.00,0,0.00,0,0,False,
JNJ,2025-01-28,430,390,0,0.00,0,0.00,0,0,False,
JNJ,2025-01-29,418,390,0,0.00,0,0.00,0,0,False,
JNJ,2025-01-30,411,390,0,0.00,0,0.00,0,0,False,
JNJ,2025-01-31,412,390,0,0.00,0,0.00,0,0,False,
JNJ,2025-02-03,431,390,0,0.00,0,0.00,0,0,False,
JNJ,2025-02-04,432,390,0,0.00,0,0.00,0,0,False,
JNJ,2025-02-05,423,390,0,0.00,0,0.00,0,0,False,
JNJ,2025-02-06,405,390,0,0.00,0,0.00,0,0,False,
JNJ,2025-02-07,410,390,0,0.00,0,0.00,0,0,False,
JNJ,2025-02-10,408,390,0,0.00,0,0.00,0,0,False,
JNJ,2025-02-11,405,390,0,0.00,0,0.00,0,0,False,
JNJ,2025-02-12,416,390,0,0.00,0,0.00,0,0,False,
JNJ,2025-02-13,417,390,0,0.00,0,0.00,0,0,False,
JNJ,2025-02-14,425,390,0,0.00,0,0.00,0,0,False,
JNJ,2025-02-18,442,390,0,0.00,0,0.00,0,0,False,
JNJ,2025-02-19,403,390,0,0.00,0,0.00,0,0,False,
JNJ,2025-02-20,411,390,0,0.00,0,0.00,0,0,False,
JNJ,2025-02-21,423,390,0,0.00,0,0.00,0,0,False,
JNJ,2025-02-24,431,390,0,0.00,0,0.00,0,0,False,
JNJ,2025-02-25,424,390,0,0.00,0,0.00,0,0,False,
JNJ,2025-02-26,430,390,0,0.00,0,0.00,0,0,False,
JNJ,2025-02-27,412,390,0,0.00,0,0.00,0,0,False,
JNJ,2025-02-28,435,390,0,0.00,0,0.00,0,0,False,
JNJ,2025-03-03,415,390,0,0.00,0,0.00,0,0,False,
JNJ,2025-03-04,447,390,0,0.00,0,0.00,0,0,False,
JNJ,2025-03-05,415,390,0,0.00,0,0.00,0,0,False,
JNJ,2025-03-06,416,390,0,0.00,0,0.00,0,0,False,
JNJ,2025-03-07,410,390,0,0.00,0,0.00,0,0,False,
JNJ,2025-03-10,440,390,0,0.00,0,0.00,0,0,False,
JNJ,2025-03-11,411,390,0,0.00,0,0.00,0,0,False,
JNJ,2025-03-12,420,390,0,0.00,0,0.00,0,0,False,
JNJ,2025-03-13,408,390,0,0.00,0,0.00,0,0,False,
JNJ,2025-03-14,405,390,0,0.00,0,0.00,0,0,False,
JNJ,2025-03-17,410,390,0,0.00,0,0.00,0,0,False,
JNJ,2025-03-18,399,390,0,0.00,0,0.00,0,0,False,
JNJ,2025-03-19,403,390,0,0.00,0,0.00,0,0,False,
JNJ,2025-03-20,409,390,0,0.00,0,0.00,0,0,False,
JNJ,2025-03-21,406,390,0,0.00,0,0.00,0,0,False,
JNJ,2025-03-24,416,390,0,0.00,0,0.00,0,0,False,
JNJ,2025-03-25,409,390,0,0.00,0,0.00,0,0,False,
JNJ,2025-03-26,402,390,0,0.00,0,0.00,0,0,False,
JNJ,2025-03-27,397,390,0,0.00,0,0.00,0,0,False,
JNJ,2025-03-28,423,390,0,0.00,0,0.00,0,0,False,
JNJ,2025-03-31,438,390,0,0.00,0,0.00,0,0,False,
JNJ,2025-04-01,582,390,0,0.00,0,0.00,0,0,False,
JNJ,2025-04-02,455,390,0,0.00,0,0.00,0,0,False,
JNJ,2025-04-03,482,390,0,0.00,0,0.00,0,0,False,
JNJ,2025-04-04,466,390,0,0.00,0,0.00,0,0,False,
JNJ,2025-04-07,461,390,0,0.00,0,0.00,0,0,False,
JNJ,2025-04-08,439,390,0,0.00,0,0.00,0,0,False,
JNJ,2025-04-09,537,390,0,0.00,0,0.00,0,0,False,
JNJ,2025-04-10,425,390,0,0.00,0,0.00,0,0,False,
JNJ,2025-04-11,419,390,0,0.00,0,0.00,0,0,False,
JNJ,2025-04-14,433,390,0,0.00,0,0.00,0,0,False,
JNJ,2025-04-15,496,390,0,0.00,0,0.00,0,0,False,
JNJ,2025-04-16,415,390,0,0.00,0,0.00,0,0,False,
JNJ,2025-04-17,427,390,0,0.00,0,0.00,0,0,False,
JNJ,2025-04-21,405,390,0,0.00,0,0.00,0,0,False,
JNJ,2025-04-22,417,390,0,0.00,0,0.00,0,0,False,
JNJ,2025-04-23,416,390,0,0.00,0,0.00,0,0,False,
JNJ,2025-04-24,408,390,0,0.00,0,0.00,0,0,False,
JNJ,2025-04-25,401,390,0,0.00,0,0.00,0,0,False,
JNJ,2025-04-28,403,390,0,0.00,0,0.00,0,0,False,
JNJ,2025-04-29,404,390,0,0.00,0,0.00,0,0,False,
JNJ,2025-04-30,417,390,0,0.00,0,0.00,0,0,False,
JNJ,2025-05-01,424,390,0,0.00,0,0.00,0,0,False,
JNJ,2025-05-02,421,390,0,0.00,0,0.00,0,0,False,
JNJ,2025-05-05,404,390,0,0.00,0,0.00,0,0,False,
JNJ,2025-05-06,400,390,0,0.00,0,0.00,0,0,False,
JNJ,2025-05-07,412,390,0,0.00,0,0.00,0,0,False,
JNJ,2025-05-08,423,390,0,0.00,0,0.00,0,0,False,
JNJ,2025-05-09,403,390,0,0.00,0,0.00,0,0,False,
JNJ,2025-05-12,511,390,0,0.00,0,0.00,0,0,False,
JNJ,2025-05-13,464,390,0,0.00,0,0.00,0,0,False,
JNJ,2025-05-14,439,390,0,0.00,0,0.00,0,0,False,
JNJ,2025-05-15,420,390,0,0.00,0,0.00,0,0,False,
JNJ,2025-05-16,417,390,0,0.00,0,0.00,0,0,False,
JNJ,2025-05-19,421,390,0,0.00,0,0.00,0,0,False,
JNJ,2025-05-20,410,390,0,0.00,0,0.00,0,0,False,
JNJ,2025-05-21,411,390,0,0.00,0,0.00,0,0,False,
JNJ,2025-05-22,401,390,0,0.00,0,0.00,0,0,False,
JNJ,2025-05-23,417,390,0,0.00,0,0.00,0,0,False,
JNJ,2025-05-27,415,390,0,0.00,0,0.00,0,0,False,
JNJ,2025-05-28,409,390,0,0.00,0,0.00,0,0,False,
JNJ,2025-05-29,410,390,0,0.00,0,0.00,0,0,False,
JNJ,2025-05-30,411,390,0,0.00,0,0.00,0,0,False,
JNJ,2025-06-02,416,390,0,0.00,0,0.00,0,0,False,
JNJ,2025-06-03,400,390,0,0.00,0,0.00,0,0,False,
JNJ,2025-06-04,403,390,0,0.00,0,0.00,0,0,False,
JNJ,2025-06-05,410,390,0,0.00,0,0.00,0,0,False,
JNJ,2025-06-06,411,390,0,0.00,0,0.00,0,0,False,
JNJ,2025-06-09,400,390,0,0.00,0,0.00,0,0,False,
JNJ,2025-06-10,420,390,0,0.00,0,0.00,0,0,False,
JNJ,2025-06-11,410,390,0,0.00,0,0.00,0,0,False,
JNJ,2025-06-12,406,390,0,0.00,0,0.00,0,0,False,
JNJ,2025-06-13,402,390,0,0.00,0,0.00,0,0,False,
JNJ,2025-06-16,408,390,0,0.00,0,0.00,0,0,False,
JNJ,2025-06-17,409,390,0,0.00,0,0.00,0,0,False,
JNJ,2025-06-18,408,390,0,0.00,0,0.00,0,0,False,
JNJ,2025-06-20,419,390,0,0.00,0,0.00,0,0,False,
JNJ,2025-06-23,410,390,0,0.00,0,0.00,0,0,False,
JNJ,2025-06-24,402,390,0,0.00,0,0.00,0,0,False,
JNJ,2025-06-25,407,390,0,0.00,0,0.00,0,0,False,
JNJ,2025-06-26,406,390,0,0.00,0,0.00,0,0,False,
JNJ,2025-06-27,406,390,0,0.00,0,0.00,0,0,False,
JNJ,2025-06-30,415,390,0,0.00,0,0.00,0,0,False,
JPM,2025-01-02,435,390,0,0.00,0,0.00,0,0,False,
JPM,2025-01-03,458,390,0,0.00,0,0.00,0,0,False,
JPM,2025-01-06,450,390,0,0.00,0,0.00,0,0,False,
JPM,2025-01-07,430,390,0,0.00,0,0.00,0,0,False,
JPM,2025-01-08,426,390,0,0.00,0,0.00,0,0,False,
JPM,2025-01-10,453,390,0,0.00,0,0.00,0,0,False,
JPM,2025-01-13,460,390,0,0.00,0,0.00,0,0,False,
JPM,2025-01-14,544,390,0,0.00,0,0.00,0,0,False,
JPM,2025-01-15,634,390,0,0.00,0,0.00,0,0,False,
JPM,2025-01-16,538,390,0,0.00,0,0.00,0,0,False,
JPM,2025-01-17,485,390,0,0.00,0,0.00,0,0,False,
JPM,2025-01-21,477,390,0,0.00,0,0.00,0,0,False,
JPM,2025-01-22,447,390,0,0.00,0,0.00,0,0,False,
JPM,2025-01-23,446,390,0,0.00,0,0.00,0,0,False,
JPM,2025-01-24,440,390,0,0.00,0,0.00,0,0,False,
JPM,2025-01-27,464,390,0,0.00,0,0.00,0,0,False,
JPM,2025-01-28,425,390,0,0.00,0,0.00,0,0,False,
JPM,2025-01-29,414,390,0,0.00,0,0.00,0,0,False,
JPM,2025-01-30,433,390,0,0.00,0,0.00,0,0,False,
JPM,2025-01-31,438,390,0,0.00,0,0.00,0,0,False,
JPM,2025-02-03,476,390,0,0.00,0,0.00,0,0,False,
JPM,2025-02-04,424,390,0,0.00,0,0.00,0,0,False,
JPM,2025-02-05,421,390,0,0.00,0,0.00,0,0,False,
JPM,2025-02-06,471,390,0,0.00,0,0.00,0,0,False,
JPM,2025-02-07,466,390,1,0.26,0,0.00,0,0,False,
JPM,2025-02-10,438,390,0,0.00,0,0.00,0,0,False,
JPM,2025-02-11,428,390,0,0.00,0,0.00,0,0,False,
JPM,2025-02-12,427,390,0,0.00,0,0.00,0,0,False,
JPM,2025-02-13,430,390,0,0.00,0,0.00,0,0,False,
JPM,2025-02-14,430,390,0,0.00,0,0.00,0,0,False,
JPM,2025-02-18,441,390,0,0.00,0,0.00,0,0,False,
JPM,2025-02-19,430,390,0,0.00,0,0.00,0,0,False,
JPM,2025-02-20,451,390,0,0.00,0,0.00,0,0,False,
JPM,2025-02-21,467,390,0,0.00,0,0.00,0,0,False,
JPM,2025-02-24,428,390,0,0.00,0,0.00,0,0,False,
JPM,2025-02-25,422,390,0,0.00,0,0.00,0,0,False,
JPM,2025-02-26,420,390,0,0.00,0,0.00,0,0,False,
JPM,2025-02-27,434,390,0,0.00,0,0.00,0,0,False,
JPM,2025-02-28,470,390,0,0.00,0,0.00,0,0,False,
JPM,2025-03-03,454,390,0,0.00,0,0.00,0,0,False,
JPM,2025-03-04,477,390,0,0.00,0,0.00,0,0,False,
JPM,2025-03-05,449,390,0,0.00,0,0.00,0,0,False,
JPM,2025-03-06,454,390,0,0.00,0,0.00,0,0,False,
JPM,2025-03-07,450,390,0,0.00,0,0.00,0,0,False,
JPM,2025-03-10,505,390,0,0.00,0,0.00,0,0,False,
JPM,2025-03-11,485,390,0,0.00,0,0.00,0,0,False,
JPM,2025-03-12,506,390,0,0.00,0,0.00,0,0,False,
JPM,2025-03-13,503,390,0,0.00,0,0.00,0,0,False,
JPM,2025-03-14,479,390,0,0.00,0,0.00,0,0,False,
JPM,2025-03-17,477,390,0,0.00,0,0.00,0,0,False,
JPM,2025-03-18,449,390,0,0.00,0,0.00,0,0,False,
JPM,2025-03-19,445,390,0,0.00,0,0.00,0,0,False,
JPM,2025-03-20,441,390,0,0.00,0,0.00,0,0,False,
JPM,2025-03-21,434,390,0,0.00,0,0.00,0,0,False,
JPM,2025-03-24,467,390,0,0.00,0,0.00,0,0,False,
JPM,2025-03-25,441,390,0,0.00,0,0.00,0,0,False,
JPM,2025-03-26,457,390,0,0.00,0,0.00,0,0,False,
JPM,2025-03-27,437,390,0,0.00,0,0.00,0,0,False,
JPM,2025-03-28,429,390,0,0.00,0,0.00,0,0,False,
JPM,2025-03-31,451,390,0,0.00,0,0.00,0,0,False,
JPM,2025-04-01,438,390,0,0.00,0,0.00,0,0,False,
JPM,2025-04-02,513,390,0,0.00,0,0.00,0,0,False,
JPM,2025-04-03,504,390,0,0.00,0,0.00,0,0,False,
JPM,2025-04-04,635,390,0,0.00,0,0.00,0,0,False,
JPM,2025-04-07,639,390,0,0.00,0,0.00,0,0,False,
JPM,2025-04-08,558,390,0,0.00,0,0.00,0,0,False,
JPM,2025-04-09,547,390,0,0.00,0,0.00,0,0,False,
JPM,2025-04-10,563,390,0,0.00,0,0.00,0,0,False,
JPM,2025-04-11,600,390,0,0.00,0,0.00,0,0,False,
JPM,2025-04-14,500,390,0,0.00,0,0.00,0,0,False,
JPM,2025-04-15,460,390,0,0.00,0,0.00,0,0,False,
JPM,2025-04-16,455,390,0,0.00,0,0.00,0,0,False,
JPM,2025-04-17,426,390,0,0.00,0,0.00,0,0,False,
JPM,2025-04-21,421,390,0,0.00,0,0.00,0,0,False,
JPM,2025-04-22,483,390,0,0.00,0,0.00,0,0,False,
JPM,2025-04-23,463,390,0,0.00,0,0.00,0,0,False,
JPM,2025-04-24,451,390,0,0.00,0,0.00,0,0,False,
JPM,2025-04-25,424,390,0,0.00,0,0.00,0,0,False,
JPM,2025-04-28,415,390,0,0.00,0,0.00,0,0,False,
JPM,2025-04-29,412,390,0,0.00,0,0.00,0,0,False,
JPM,2025-04-30,465,390,0,0.00,0,0.00,0,0,False,
JPM,2025-05-01,447,390,0,0.00,0,0.00,0,0,False,
JPM,2025-05-02,449,390,0,0.00,0,0.00,0,0,False,
JPM,2025-05-05,440,390,0,0.00,0,0.00,0,0,False,
JPM,2025-05-06,436,390,0,0.00,0,0.00,0,0,False,
JPM,2025-05-07,419,390,0,0.00,0,0.00,0,0,False,
JPM,2025-05-08,430,390,0,0.00,0,0.00,0,0,False,
JPM,2025-05-09,418,390,0,0.00,0,0.00,0,0,False,
JPM,2025-05-12,506,390,0,0.00,0,0.00,0,0,False,
JPM,2025-05-13,442,390,0,0.00,0,0.00,0,0,False,
JPM,2025-05-14,434,390,0,0.00,0,0.00,0,0,False,
JPM,2025-05-15,444,390,0,0.00,0,0.00,0,0,False,
JPM,2025-05-16,441,390,0,0.00,0,0.00,0,0,False,
JPM,2025-05-19,475,390,0,0.00,0,0.00,0,0,False,
JPM,2025-05-20,421,390,0,0.00,0,0.00,0,0,False,
JPM,2025-05-21,429,390,0,0.00,0,0.00,0,0,False,
JPM,2025-05-22,425,390,0,0.00,0,0.00,0,0,False,
JPM,2025-05-23,438,390,0,0.00,0,0.00,0,0,False,
JPM,2025-05-27,440,390,0,0.00,0,0.00,0,0,False,
JPM,2025-05-28,420,390,0,0.00,0,0.00,0,0,False,
JPM,2025-05-29,415,390,0,0.00,0,0.00,0,0,False,
JPM,2025-05-30,415,390,0,0.00,0,0.00,0,0,False,
JPM,2025-06-02,419,390,0,0.00,0,0.00,0,0,False,
JPM,2025-06-03,411,390,0,0.00,0,0.00,0,0,False,
JPM,2025-06-04,416,390,0,0.00,0,0.00,0,0,False,
JPM,2025-06-05,424,390,0,0.00,0,0.00,0,0,False,
JPM,2025-06-06,425,390,0,0.00,0,0.00,0,0,False,
JPM,2025-06-09,415,390,0,0.00,0,0.00,0,0,False,
JPM,2025-06-10,418,390,0,0.00,0,0.00,0,0,False,
JPM,2025-06-11,424,390,0,0.00,0,0.00,0,0,False,
JPM,2025-06-12,422,390,0,0.00,0,0.00,0,0,False,
JPM,2025-06-13,436,390,0,0.00,0,0.00,0,0,False,
JPM,2025-06-16,433,390,0,0.00,0,0.00,0,0,False,
JPM,2025-06-17,422,390,0,0.00,0,0.00,0,0,False,
JPM,2025-06-18,414,390,0,0.00,0,0.00,0,0,False,
JPM,2025-06-20,439,390,0,0.00,0,0.00,0,0,False,
JPM,2025-06-23,436,390,0,0.00,0,0.00,0,0,False,
JPM,2025-06-24,434,390,0,0.00,0,0.00,0,0,False,
JPM,2025-06-25,430,390,0,0.00,0,0.00,0,0,False,
JPM,2025-06-26,457,390,0,0.00,0,0.00,0,0,False,
JPM,2025-06-27,505,390,0,0.00,0,0.00,0,0,False,
JPM,2025-06-30,452,390,0,0.00,0,0.00,0,0,False,
MCD,2025-01-02,401,390,0,0.00,0,0.00,0,0,False,
MCD,2025-01-03,397,390,0,0.00,0,0.00,0,0,False,
MCD,2025-01-06,404,390,1,0.26,0,0.00,0,0,False,
MCD,2025-01-07,406,390,2,0.51,0,0.00,0,0,False,
MCD,2025-01-08,404,390,0,0.00,0,0.00,0,0,False,
MCD,2025-01-10,424,390,0,0.00,0,0.00,0,0,False,
MCD,2025-01-13,408,390,2,0.51,0,0.00,0,0,False,
MCD,2025-01-14,407,390,1,0.26,0,0.00,0,0,False,
MCD,2025-01-15,404,390,1,0.26,0,0.00,0,0,False,
MCD,2025-01-16,429,390,0,0.00,0,0.00,0,0,False,
MCD,2025-01-17,401,390,1,0.26,0,0.00,0,0,False,
MCD,2025-01-21,419,390,0,0.00,0,0.00,0,0,False,
MCD,2025-01-22,404,390,0,0.00,0,0.00,0,0,False,
MCD,2025-01-23,402,390,6,1.54,0,0.00,0,0,False,
MCD,2025-01-24,398,390,2,0.51,0,0.00,0,0,False,
MCD,2025-01-27,422,390,1,0.26,0,0.00,0,0,False,
MCD,2025-01-28,402,390,7,1.79,0,0.00,0,0,False,
MCD,2025-01-29,396,390,2,0.51,0,0.00,0,0,False,
MCD,2025-01-30,393,390,2,0.51,0,0.00,0,0,False,
MCD,2025-01-31,400,390,1,0.26,0,0.00,0,0,False,
MCD,2025-02-03,408,390,1,0.26,0,0.00,0,0,False,
MCD,2025-02-04,406,390,3,0.77,0,0.00,0,0,False,
MCD,2025-02-05,391,390,11,2.82,0,0.00,0,0,False,
MCD,2025-02-06,397,390,2,0.51,0,0.00,0,0,False,
MCD,2025-02-07,403,390,0,0.00,0,0.00,0,0,False,
MCD,2025-02-10,561,390,0,0.00,0,0.00,0,0,False,
MCD,2025-02-11,416,390,1,0.26,0,0.00,0,0,False,
MCD,2025-02-12,404,390,0,0.00,0,0.00,0,0,False,
MCD,2025-02-13,401,390,2,0.51,0,0.00,0,0,False,
MCD,2025-02-14,394,390,2,0.51,0,0.00,0,0,False,
MCD,2025-02-18,403,390,3,0.77,0,0.00,0,0,False,
MCD,2025-02-19,397,390,0,0.00,0,0.00,0,0,False,
MCD,2025-02-20,391,390,0,0.00,0,0.00,0,0,False,
MCD,2025-02-21,400,390,0,0.00,0,0.00,0,0,False,
MCD,2025-02-24,398,390,1,0.26,0,0.00,0,0,False,
MCD,2025-02-25,395,390,1,0.26,0,0.00,0,0,False,
MCD,2025-02-26,406,390,0,0.00,0,0.00,0,0,False,
MCD,2025-02-27,401,390,3,0.77,0,0.00,0,0,False,
MCD,2025-02-28,441,390,0,0.00,0,0.00,0,0,False,
MCD,2025-03-03,402,390,2,0.51,0,0.00,0,0,False,
MCD,2025-03-04,402,390,0,0.00,0,0.00,0,0,False,
MCD,2025-03-05,405,390,1,0.26,0,0.00,0,0,False,
MCD,2025-03-06,402,390,0,0.00,0,0.00,0,0,False,
MCD,2025-03-07,410,390,0,0.00,0,0.00,0,0,False,
MCD,2025-03-10,421,390,0,0.00,0,0.00,0,0,False,
MCD,2025-03-11,409,390,0,0.00,0,0.00,0,0,False,
MCD,2025-03-12,420,390,0,0.00,0,0.00,0,0,False,
MCD,2025-03-13,413,390,0,0.00,0,0.00,0,0,False,
MCD,2025-03-14,405,390,0,0.00,0,0.00,0,0,False,
MCD,2025-03-17,398,390,3,0.77,0,0.00,0,0,False,
MCD,2025-03-18,406,390,1,0.26,0,0.00,0,0,False,
MCD,2025-03-19,395,390,4,1.03,0,0.00,0,0,False,
MCD,2025-03-20,396,390,1,0.26,0,0.00,0,0,False,
MCD,2025-03-21,400,390,1,0.26,0,0.00,0,0,False,
MCD,2025-03-24,398,390,2,0.51,0,0.00,0,0,False,
MCD,2025-03-25,394,390,0,0.00,0,0.00,0,0,False,
MCD,2025-03-26,393,390,2,0.51,0,0.00,0,0,False,
MCD,2025-03-27,396,390,4,1.03,0,0.00,0,0,False,
MCD,2025-03-28,400,390,6,1.54,0,0.00,0,0,False,
MCD,2025-03-31,403,390,0,0.00,0,0.00,0,0,False,
MCD,2025-04-01,399,390,1,0.26,0,0.00,0,0,False,
MCD,2025-04-02,413,390,3,0.77,0,0.00,0,0,False,
MCD,2025-04-03,433,390,0,0.00,0,0.00,0,0,False,
MCD,2025-04-04,481,390,0,0.00,0,0.00,0,0,False,
MCD,2025-04-07,443,390,0,0.00,0,0.00,0,0,False,
MCD,2025-04-08,419,390,0,0.00,0,0.00,0,0,False,
MCD,2025-04-09,415,390,0,0.00,0,0.00,0,0,False,
MCD,2025-04-10,409,390,0,0.00,0,0.00,0,0,False,
MCD,2025-04-11,400,390,0,0.00,0,0.00,0,0,False,
MCD,2025-04-14,410,390,0,0.00,0,0.00,0,0,False,
MCD,2025-04-15,401,390,1,0.26,0,0.00,0,0,False,
MCD,2025-04-16,394,390,3,0.77,0,0.00,0,0,False,
MCD,2025-04-17,399,390,1,0.26,0,0.00,0,0,False,
MCD,2025-04-21,409,390,0,0.00,0,0.00,0,0,False,
MCD,2025-04-22,414,390,1,0.26,0,0.00,0,0,False,
MCD,2025-04-23,409,390,0,0.00,0,0.00,0,0,False,
MCD,2025-04-24,395,390,3,0.77,0,0.00,0,0,False,
MCD,2025-04-25,402,390,4,1.03,0,0.00,0,0,False,
MCD,2025-04-28,392,390,6,1.54,0,0.00,0,0,False,
MCD,2025-04-29,395,390,3,0.77,0,0.00,0,0,False,
MCD,2025-04-30,435,390,0,0.00,0,0.00,0,0,False,
MCD,2025-05-01,493,390,0,0.00,0,0.00,0,0,False,
MCD,2025-05-02,404,390,0,0.00,0,0.00,0,0,False,
MCD,2025-05-05,403,390,0,0.00,0,0.00,0,0,False,
MCD,2025-05-06,406,390,1,0.26,0,0.00,0,0,False,
MCD,2025-05-07,397,390,2,0.51,0,0.00,0,0,False,
MCD,2025-05-08,391,390,13,3.33,0,0.00,0,0,False,
MCD,2025-05-09,392,390,9,2.31,0,0.00,0,0,False,
MCD,2025-05-12,426,390,1,0.26,0,0.00,0,0,False,
MCD,2025-05-13,396,390,3,0.77,0,0.00,0,0,False,
MCD,2025-05-14,399,390,0,0.00,0,0.00,0,0,False,
MCD,2025-05-15,397,390,0,0.00,0,0.00,0,0,False,
MCD,2025-05-16,389,390,11,2.82,0,0.00,0,0,False,
MCD,2025-05-19,386,390,19,4.87,0,0.00,0,0,False,
MCD,2025-05-20,394,390,12,3.08,0,0.00,0,0,False,
MCD,2025-05-21,399,390,2,0.51,0,0.00,0,0,False,
MCD,2025-05-22,393,390,2,0.51,0,0.00,0,0,False,
MCD,2025-05-23,399,390,8,2.05,0,0.00,0,0,False,
MCD,2025-05-27,404,390,3,0.77,0,0.00,0,0,False,
MCD,2025-05-28,389,390,13,3.33,0,0.00,0,0,False,
MCD,2025-05-29,403,390,4,1.03,0,0.00,0,0,False,
MCD,2025-05-30,398,390,4,1.03,0,0.00,0,0,False,
MCD,2025-06-02,397,390,2,0.51,0,0.00,0,0,False,
MCD,2025-06-03,393,390,0,0.00,0,0.00,0,0,False,
MCD,2025-06-04,392,390,2,0.51,0,0.00,0,0,False,
MCD,2025-06-05,399,390,0,0.00,0,0.00,0,0,False,
MCD,2025-06-06,421,390,5,1.28,0,0.00,0,0,False,
MCD,2025-06-09,422,390,2,0.51,0,0.00,0,0,False,
MCD,2025-06-10,457,390,0,0.00,0,0.00,0,0,False,
MCD,2025-06-11,417,390,1,0.26,0,0.00,0,0,False,
MCD,2025-06-12,399,390,1,0.26,0,0.00,0,0,False,
MCD,2025-06-13,405,390,6,1.54,0,0.00,0,0,False,
MCD,2025-06-16,413,390,0,0.00,0,0.00,0,0,False,
MCD,2025-06-17,411,390,0,0.00,0,0.00,0,0,False,
MCD,2025-06-18,405,390,0,0.00,0,0.00,0,0,False,
MCD,2025-06-20,423,390,0,0.00,0,0.00,0,0,False,
MCD,2025-06-23,421,390,0,0.00,0,0.00,0,0,False,
MCD,2025-06-24,408,390,0,0.00,0,0.00,0,0,False,
MCD,2025-06-25,423,390,1,0.26,0,0.00,0,0,False,
MCD,2025-06-26,420,390,0,0.00,0,0.00,0,0,False,
MCD,2025-06-27,425,390,0,0.00,0,0.00,0,0,False,
MCD,2025-06-30,416,390,1,0.26,0,0.00,0,0,False,
MRK,2025-01-02,414,390,0,0.00,0,0.00,0,0,False,
MRK,2025-01-03,450,390,0,0.00,0,0.00,0,0,False,
MRK,2025-01-06,419,390,0,0.00,0,0.00,0,0,False,
MRK,2025-01-07,409,390,0,0.00,0,0.00,0,0,False,
MRK,2025-01-08,429,390,0,0.00,0,0.00,0,0,False,
MRK,2025-01-10,413,390,0,0.00,0,0.00,0,0,False,
MRK,2025-01-13,412,390,0,0.00,0,0.00,0,0,False,
MRK,2025-01-14,425,390,0,0.00,0,0.00,0,0,False,
MRK,2025-01-15,421,390,0,0.00,0,0.00,0,0,False,
MRK,2025-01-16,415,390,0,0.00,0,0.00,0,0,False,
MRK,2025-01-17,457,390,0,0.00,0,0.00,0,0,False,
MRK,2025-01-21,447,390,0,0.00,0,0.00,0,0,False,
MRK,2025-01-22,447,390,0,0.00,0,0.00,0,0,False,
MRK,2025-01-23,433,390,0,0.00,0,0.00,0,0,False,
MRK,2025-01-24,451,390,0,0.00,0,0.00,0,0,False,
MRK,2025-01-27,468,390,0,0.00,0,0.00,0,0,False,
MRK,2025-01-28,411,390,0,0.00,0,0.00,0,0,False,
MRK,2025-01-29,420,390,1,0.26,0,0.00,0,0,False,
MRK,2025-01-30,437,390,0,0.00,0,0.00,0,0,False,
MRK,2025-01-31,425,390,0,0.00,0,0.00,0,0,False,
MRK,2025-02-03,492,390,0,0.00,0,0.00,0,0,False,
MRK,2025-02-04,717,390,0,0.00,0,0.00,0,0,False,
MRK,2025-02-05,519,390,0,0.00,0,0.00,0,0,False,
MRK,2025-02-06,496,390,0,0.00,0,0.00,0,0,False,
MRK,2025-02-07,517,390,0,0.00,0,0.00,0,0,False,
MRK,2025-02-10,507,390,0,0.00,0,0.00,0,0,False,
MRK,2025-02-11,474,390,0,0.00,0,0.00,0,0,False,
MRK,2025-02-12,457,390,0,0.00,0,0.00,0,0,False,
MRK,2025-02-13,507,390,0,0.00,0,0.00,0,0,False,
MRK,2025-02-14,467,390,0,0.00,0,0.00,0,0,False,
MRK,2025-02-18,516,390,0,0.00,0,0.00,0,0,False,
MRK,2025-02-19,474,390,0,0.00,0,0.00,0,0,False,
MRK,2025-02-20,461,390,0,0.00,0,0.00,0,0,False,
MRK,2025-02-21,481,390,0,0.00,0,0.00,0,0,False,
MRK,2025-02-24,478,390,0,0.00,0,0.00,0,0,False,
MRK,2025-02-25,465,390,0,0.00,0,0.00,0,0,False,
MRK,2025-02-26,432,390,0,0.00,0,0.00,0,0,False,
MRK,2025-02-27,430,390,0,0.00,0,0.00,0,0,False,
MRK,2025-02-28,459,390,0,0.00,0,0.00,0,0,False,
MRK,2025-03-03,425,390,0,0.00,0,0.00,0,0,False,
MRK,2025-03-04,456,390,0,0.00,0,0.00,0,0,False,
MRK,2025-03-05,425,390,0,0.00,0,0.00,0,0,False,
MRK,2025-03-06,430,390,0,0.00,0,0.00,0,0,False,
MRK,2025-03-07,426,390,0,0.00,0,0.00,0,0,False,
MRK,2025-03-10,435,390,0,0.00,0,0.00,0,0,False,
MRK,2025-03-11,423,390,0,0.00,0,0.00,0,0,False,
MRK,2025-03-12,459,390,0,0.00,0,0.00,0,0,False,
MRK,2025-03-13,419,390,0,0.00,0,0.00,0,0,False,
MRK,2025-03-14,419,390,0,0.00,0,0.00,0,0,False,
MRK,2025-03-17,421,390,0,0.00,0,0.00,0,0,False,
MRK,2025-03-18,405,390,0,0.00,0,0.00,0,0,False,
MRK,2025-03-19,411,390,0,0.00,0,0.00,0,0,False,
MRK,2025-03-20,407,390,0,0.00,0,0.00,0,0,False,
MRK,2025-03-21,425,390,0,0.00,0,0.00,0,0,False,
MRK,2025-03-24,443,390,0,0.00,0,0.00,0,0,False,
MRK,2025-03-25,481,390,0,0.00,0,0.00,0,0,False,
MRK,2025-03-26,437,390,0,0.00,0,0.00,0,0,False,
MRK,2025-03-27,412,390,0,0.00,0,0.00,0,0,False,
MRK,2025-03-28,416,390,0,0.00,0,0.00,0,0,False,
MRK,2025-03-31,437,390,0,0.00,0,0.00,0,0,False,
MRK,2025-04-01,417,390,0,0.00,0,0.00,0,0,False,
MRK,2025-04-02,465,390,0,0.00,0,0.00,0,0,False,
MRK,2025-04-03,487,390,0,0.00,0,0.00,0,0,False,
MRK,2025-04-04,495,390,0,0.00,0,0.00,0,0,False,
MRK,2025-04-07,481,390,0,0.00,0,0.00,0,0,False,
MRK,2025-04-08,479,390,0,0.00,0,0.00,0,0,False,
MRK,2025-04-09,534,390,0,0.00,0,0.00,0,0,False,
MRK,2025-04-10,444,390,0,0.00,0,0.00,0,0,False,
MRK,2025-04-11,469,390,0,0.00,0,0.00,0,0,False,
MRK,2025-04-14,469,390,0,0.00,0,0.00,0,0,False,
MRK,2025-04-15,427,390,0,0.00,0,0.00,0,0,False,
MRK,2025-04-16,443,390,0,0.00,0,0.00,0,0,False,
MRK,2025-04-17,442,390,1,0.26,0,0.00,0,0,False,
MRK,2025-04-21,411,390,0,0.00,0,0.00,0,0,False,
MRK,2025-04-22,462,390,0,0.00,0,0.00,0,0,False,
MRK,2025-04-23,516,390,0,0.00,0,0.00,0,0,False,
MRK,2025-04-24,515,390,0,0.00,0,0.00,0,0,False,
MRK,2025-04-25,442,390,0,0.00,0,0.00,0,0,False,
MRK,2025-04-28,430,390,0,0.00,0,0.00,0,0,False,
MRK,2025-04-29,422,390,0,0.00,0,0.00,0,0,False,
MRK,2025-04-30,441,390,0,0.00,0,0.00,0,0,False,
MRK,2025-05-01,427,390,0,0.00,0,0.00,0,0,False,
MRK,2025-05-02,440,390,0,0.00,0,0.00,0,0,False,
MRK,2025-05-05,422,390,0,0.00,0,0.00,0,0,False,
MRK,2025-05-06,435,390,0,0.00,0,0.00,0,0,False,
MRK,2025-05-07,497,390,0,0.00,0,0.00,0,0,False,
MRK,2025-05-08,500,390,0,0.00,0,0.00,0,0,False,
MRK,2025-05-09,478,390,0,0.00,0,0.00,0,0,False,
MRK,2025-05-12,611,390,0,0.00,0,0.00,0,0,False,
MRK,2025-05-13,533,390,0,0.00,0,0.00,0,0,False,
MRK,2025-05-14,581,390,0,0.00,0,0.00,0,0,False,
MRK,2025-05-15,483,390,0,0.00,0,0.00,0,0,False,
MRK,2025-05-16,493,390,0,0.00,0,0.00,0,0,False,
MRK,2025-05-19,459,390,0,0.00,0,0.00,0,0,False,
MRK,2025-05-20,450,390,1,0.26,0,0.00,0,0,False,
MRK,2025-05-21,465,390,0,0.00,0,0.00,0,0,False,
MRK,2025-05-22,444,390,0,0.00,0,0.00,0,0,False,
MRK,2025-05-23,450,390,0,0.00,0,0.00,0,0,False,
MRK,2025-05-27,445,390,0,0.00,0,0.00,0,0,False,
MRK,2025-05-28,451,390,0,0.00,0,0.00,0,0,False,
MRK,2025-05-29,494,390,0,0.00,0,0.00,0,0,False,
MRK,2025-05-30,455,390,0,0.00,0,0.00,0,0,False,
MRK,2025-06-02,451,390,0,0.00,0,0.00,0,0,False,
MRK,2025-06-03,434,390,0,0.00,0,0.00,0,0,False,
MRK,2025-06-04,425,390,0,0.00,0,0.00,0,0,False,
MRK,2025-06-05,434,390,0,0.00,0,0.00,0,0,False,
MRK,2025-06-06,431,390,0,0.00,0,0.00,0,0,False,
MRK,2025-06-09,535,390,0,0.00,0,0.00,0,0,False,
MRK,2025-06-10,443,390,0,0.00,0,0.00,0,0,False,
MRK,2025-06-11,459,390,0,0.00,0,0.00,0,0,False,
MRK,2025-06-12,443,390,0,0.00,0,0.00,0,0,False,
MRK,2025-06-13,443,390,0,0.00,0,0.00,0,0,False,
MRK,2025-06-16,434,390,0,0.00,0,0.00,0,0,False,
MRK,2025-06-17,447,390,0,0.00,0,0.00,0,0,False,
MRK,2025-06-18,444,390,0,0.00,0,0.00,0,0,False,
MRK,2025-06-20,448,390,0,0.00,0,0.00,0,0,False,
MRK,2025-06-23,428,390,0,0.00,0,0.00,0,0,False,
MRK,2025-06-24,417,390,0,0.00,0,0.00,0,0,False,
MRK,2025-06-25,424,390,0,0.00,0,0.00,0,0,False,
MRK,2025-06-26,457,390,0,0.00,0,0.00,0,0,False,
MRK,2025-06-27,450,390,0,0.00,0,0.00,0,0,False,
MRK,2025-06-30,432,390,0,0.00,0,0.00,0,0,False,
MSFT,2025-01-02,597,390,0,0.00,0,0.00,0,0,False,
MSFT,2025-01-03,588,390,0,0.00,0,0.00,0,0,False,
MSFT,2025-01-06,642,390,0,0.00,0,0.00,0,0,False,
MSFT,2025-01-07,595,390,0,0.00,0,0.00,0,0,False,
MSFT,2025-01-08,570,390,0,0.00,0,0.00,0,0,False,
MSFT,2025-01-10,574,390,0,0.00,0,0.00,0,0,False,
MSFT,2025-01-13,604,390,0,0.00,0,0.00,0,0,False,
MSFT,2025-01-14,596,390,0,0.00,0,0.00,0,0,False,
MSFT,2025-01-15,586,390,0,0.00,0,0.00,0,0,False,
MSFT,2025-01-16,617,390,0,0.00,0,0.00,0,0,False,
MSFT,2025-01-17,588,390,0,0.00,0,0.00,0,0,False,
MSFT,2025-01-21,645,390,0,0.00,0,0.00,0,0,False,
MSFT,2025-01-22,715,390,0,0.00,0,0.00,0,0,False,
MSFT,2025-01-23,668,390,0,0.00,0,0.00,0,0,False,
MSFT,2025-01-24,569,390,0,0.00,0,0.00,0,0,False,
MSFT,2025-01-27,797,390,0,0.00,0,0.00,0,0,False,
MSFT,2025-01-28,670,390,0,0.00,0,0.00,0,0,False,
MSFT,2025-01-29,740,390,0,0.00,0,0.00,0,0,False,
MSFT,2025-01-30,908,390,0,0.00,0,0.00,0,0,False,
MSFT,2025-01-31,818,390,0,0.00,0,0.00,0,0,False,
MSFT,2025-02-03,773,390,0,0.00,0,0.00,0,0,False,
MSFT,2025-02-04,720,390,0,0.00,0,0.00,0,0,False,
MSFT,2025-02-05,672,390,0,0.00,0,0.00,0,0,False,
MSFT,2025-02-06,636,390,0,0.00,0,0.00,0,0,False,
MSFT,2025-02-07,632,390,0,0.00,0,0.00,0,0,False,
MSFT,2025-02-10,621,390,0,0.00,0,0.00,0,0,False,
MSFT,2025-02-11,584,390,0,0.00,0,0.00,0,0,False,
MSFT,2025-02-12,599,390,0,0.00,0,0.00,0,0,False,
MSFT,2025-02-13,624,390,0,0.00,0,0.00,0,0,False,
MSFT,2025-02-14,643,390,0,0.00,0,0.00,0,0,False,
MSFT,2025-02-18,595,390,0,0.00,0,0.00,0,0,False,
MSFT,2025-02-19,626,390,0,0.00,0,0.00,0,0,False,
MSFT,2025-02-20,740,390,0,0.00,0,0.00,0,0,False,
MSFT,2025-02-21,627,390,0,0.00,0,0.00,0,0,False,
MSFT,2025-02-24,638,390,0,0.00,0,0.00,0,0,False,
MSFT,2025-02-25,623,390,0,0.00,0,0.00,0,0,False,
MSFT,2025-02-26,624,390,0,0.00,0,0.00,0,0,False,
MSFT,2025-02-27,651,390,0,0.00,0,0.00,0,0,False,
MSFT,2025-02-28,663,390,0,0.00,0,0.00,0,0,False,
MSFT,2025-03-03,629,390,0,0.00,0,0.00,0,0,False,
MSFT,2025-03-04,742,390,0,0.00,0,0.00,0,0,False,
MSFT,2025-03-05,611,390,0,0.00,0,0.00,0,0,False,
MSFT,2025-03-06,653,390,0,0.00,0,0.00,0,0,False,
MSFT,2025-03-07,576,390,0,0.00,0,0.00,0,0,False,
MSFT,2025-03-10,702,390,0,0.00,0,0.00,0,0,False,
MSFT,2025-03-11,635,390,0,0.00,0,0.00,0,0,False,
MSFT,2025-03-12,610,390,0,0.00,0,0.00,0,0,False,
MSFT,2025-03-13,667,390,0,0.00,0,0.00,0,0,False,
MSFT,2025-03-14,608,390,0,0.00,0,0.00,0,0,False,
MSFT,2025-03-17,599,390,0,0.00,0,0.00,0,0,False,
MSFT,2025-03-18,534,390,0,0.00,0,0.00,0,0,False,
MSFT,2025-03-19,519,390,0,0.00,0,0.00,0,0,False,
MSFT,2025-03-20,572,390,0,0.00,0,0.00,0,0,False,
MSFT,2025-03-21,599,390,0,0.00,0,0.00,0,0,False,
MSFT,2025-03-24,645,390,0,0.00,0,0.00,0,0,False,
MSFT,2025-03-25,553,390,0,0.00,0,0.00,0,0,False,
MSFT,2025-03-26,516,390,0,0.00,0,0.00,0,0,False,
MSFT,2025-03-27,524,390,0,0.00,0,0.00,0,0,False,
MSFT,2025-03-28,561,390,0,0.00,0,0.00,0,0,False,
MSFT,2025-03-31,664,390,0,0.00,0,0.00,0,0,False,
MSFT,2025-04-01,579,390,0,0.00,0,0.00,0,0,False,
MSFT,2025-04-02,716,390,0,0.00,0,0.00,0,0,False,
MSFT,2025-04-03,741,390,0,0.00,0,0.00,0,0,False,
MSFT,2025-04-04,787,390,0,0.00,0,0.00,0,0,False,
MSFT,2025-04-07,812,390,0,0.00,0,0.00,0,0,False,
MSFT,2025-04-08,777,390,0,0.00,0,0.00,0,0,False,
MSFT,2025-04-09,795,390,0,0.00,0,0.00,0,0,False,
MSFT,2025-04-10,686,390,0,0.00,0,0.00,0,0,False,
MSFT,2025-04-11,592,390,0,0.00,0,0.00,0,0,False,
MSFT,2025-04-14,614,390,0,0.00,0,0.00,0,0,False,
MSFT,2025-04-15,558,390,0,0.00,0,0.00,0,0,False,
MSFT,2025-04-16,556,390,0,0.00,0,0.00,0,0,False,
MSFT,2025-04-17,626,390,0,0.00,0,0.00,0,0,False,
MSFT,2025-04-21,522,390,0,0.00,0,0.00,0,0,False,
MSFT,2025-04-22,649,390,0,0.00,0,0.00,0,0,False,
MSFT,2025-04-23,681,390,0,0.00,0,0.00,0,0,False,
MSFT,2025-04-24,599,390,0,0.00,0,0.00,0,0,False,
MSFT,2025-04-25,569,390,0,0.00,0,0.00,0,0,False,
MSFT,2025-04-28,543,390,0,0.00,0,0.00,0,0,False,
MSFT,2025-04-29,584,390,0,0.00,0,0.00,0,0,False,
MSFT,2025-04-30,771,390,0,0.00,0,0.00,0,0,False,
MSFT,2025-05-01,864,390,0,0.00,0,0.00,0,0,False,
MSFT,2025-05-02,694,390,0,0.00,0,0.00,0,0,False,
MSFT,2025-05-05,633,390,0,0.00,0,0.00,0,0,False,
MSFT,2025-05-06,630,390,0,0.00,0,0.00,0,0,False,
MSFT,2025-05-07,583,390,0,0.00,0,0.00,0,0,False,
MSFT,2025-05-08,640,390,0,0.00,0,0.00,0,0,False,
MSFT,2025-05-09,548,390,0,0.00,0,0.00,0,0,False,
MSFT,2025-05-12,670,390,0,0.00,0,0.00,0,0,False,
MSFT,2025-05-13,575,390,0,0.00,0,0.00,0,0,False,
MSFT,2025-05-14,610,390,0,0.00,0,0.00,0,0,False,
MSFT,2025-05-15,575,390,0,0.00,0,0.00,0,0,False,
MSFT,2025-05-16,583,390,0,0.00,0,0.00,0,0,False,
MSFT,2025-05-19,575,390,0,0.00,0,0.00,0,0,False,
MSFT,2025-05-20,521,390,0,0.00,0,0.00,0,0,False,
MSFT,2025-05-21,547,390,0,0.00,0,0.00,0,0,False,
MSFT,2025-05-22,542,390,0,0.00,0,0.00,0,0,False,
MSFT,2025-05-23,572,390,0,0.00,0,0.00,0,0,False,
MSFT,2025-05-27,600,390,0,0.00,0,0.00,0,0,False,
MSFT,2025-05-28,624,390,0,0.00,0,0.00,0,0,False,
MSFT,2025-05-29,570,390,0,0.00,0,0.00,0,0,False,
MSFT,2025-05-30,533,390,0,0.00,0,0.00,0,0,False,
MSFT,2025-06-02,514,390,0,0.00,0,0.00,0,0,False,
MSFT,2025-06-03,520,390,0,0.00,0,0.00,0,0,False,
MSFT,2025-06-04,529,390,0,0.00,0,0.00,0,0,False,
MSFT,2025-06-05,561,390,0,0.00,0,0.00,0,0,False,
MSFT,2025-06-06,517,390,0,0.00,0,0.00,0,0,False,
MSFT,2025-06-09,549,390,0,0.00,0,0.00,0,0,False,
MSFT,2025-06-10,513,390,0,0.00,0,0.00,0,0,False,
MSFT,2025-06-11,601,390,0,0.00,0,0.00,0,0,False,
MSFT,2025-06-12,580,390,0,0.00,0,0.00,0,0,False,
MSFT,2025-06-13,618,390,0,0.00,0,0.00,0,0,False,
MSFT,2025-06-16,590,390,0,0.00,0,0.00,0,0,False,
MSFT,2025-06-17,613,390,0,0.00,0,0.00,0,0,False,
MSFT,2025-06-18,538,390,0,0.00,0,0.00,0,0,False,
MSFT,2025-06-20,542,390,0,0.00,0,0.00,0,0,False,
MSFT,2025-06-23,587,390,0,0.00,0,0.00,0,0,False,
MSFT,2025-06-24,550,390,0,0.00,0,0.00,0,0,False,
MSFT,2025-06-25,576,390,0,0.00,0,0.00,0,0,False,
MSFT,2025-06-26,549,390,0,0.00,0,0.00,0,0,False,
MSFT,2025-06-27,557,390,0,0.00,0,0.00,0,0,False,
MSFT,2025-06-30,548,390,0,0.00,0,0.00,0,0,False,
NKE,2025-01-02,493,390,0,0.00,0,0.00,0,0,False,
NKE,2025-01-03,532,390,0,0.00,0,0.00,0,0,False,
NKE,2025-01-06,616,390,0,0.00,0,0.00,0,0,False,
NKE,2025-01-07,557,390,0,0.00,0,0.00,0,0,False,
NKE,2025-01-08,559,390,0,0.00,0,0.00,0,0,False,
NKE,2025-01-10,602,390,0,0.00,0,0.00,0,0,False,
NKE,2025-01-13,549,390,0,0.00,0,0.00,0,0,False,
NKE,2025-01-14,541,390,0,0.00,0,0.00,0,0,False,
NKE,2025-01-15,547,390,0,0.00,0,0.00,0,0,False,
NKE,2025-01-16,530,390,0,0.00,0,0.00,0,0,False,
NKE,2025-01-17,566,390,0,0.00,0,0.00,0,0,False,
NKE,2025-01-21,525,390,0,0.00,0,0.00,0,0,False,
NKE,2025-01-22,528,390,0,0.00,0,0.00,0,0,False,
NKE,2025-01-23,490,390,0,0.00,0,0.00,0,0,False,
NKE,2025-01-24,504,390,0,0.00,0,0.00,0,0,False,
NKE,2025-01-27,557,390,0,0.00,0,0.00,0,0,False,
NKE,2025-01-28,461,390,0,0.00,0,0.00,0,0,False,
NKE,2025-01-29,498,390,0,0.00,0,0.00,0,0,False,
NKE,2025-01-30,490,390,0,0.00,0,0.00,0,0,False,
NKE,2025-01-31,498,390,0,0.00,0,0.00,0,0,False,
NKE,2025-02-03,543,390,0,0.00,0,0.00,0,0,False,
NKE,2025-02-04,520,390,0,0.00,0,0.00,0,0,False,
NKE,2025-02-05,490,390,0,0.00,0,0.00,0,0,False,
NKE,2025-02-06,597,390,0,0.00,0,0.00,0,0,False,
NKE,2025-02-07,706,390,0,0.00,0,0.00,0,0,False,
NKE,2025-02-10,614,390,0,0.00,0,0.00,0,0,False,
NKE,2025-02-11,513,390,0,0.00,0,0.00,0,0,False,
NKE,2025-02-12,527,390,0,0.00,0,0.00,0,0,False,
NKE,2025-02-13,510,390,0,0.00,0,0.00,0,0,False,
NKE,2025-02-14,510,390,0,0.00,0,0.00,0,0,False,
NKE,2025-02-18,586,390,0,0.00,0,0.00,0,0,False,
NKE,2025-02-19,578,390,0,0.00,0,0.00,0,0,False,
NKE,2025-02-20,495,390,0,0.00,0,0.00,0,0,False,
NKE,2025-02-21,505,390,0,0.00,0,0.00,0,0,False,
NKE,2025-02-24,626,390,0,0.00,0,0.00,0,0,False,
NKE,2025-02-25,595,390,0,0.00,0,0.00,0,0,False,
NKE,2025-02-26,544,390,0,0.00,0,0.00,0,0,False,
NKE,2025-02-27,555,390,0,0.00,0,0.00,0,0,False,
NKE,2025-02-28,519,390,0,0.00,0,0.00,0,0,False,
NKE,2025-03-03,485,390,0,0.00,0,0.00,0,0,False,
NKE,2025-03-04,525,390,0,0.00,0,0.00,0,0,False,
NKE,2025-03-05,479,390,0,0.00,0,0.00,0,0,False,
NKE,2025-03-06,471,390,0,0.00,0,0.00,0,0,False,
NKE,2025-03-07,450,390,0,0.00,0,0.00,0,0,False,
NKE,2025-03-10,526,390,0,0.00,0,0.00,0,0,False,
NKE,2025-03-11,470,390,0,0.00,0,0.00,0,0,False,
NKE,2025-03-12,482,390,0,0.00,0,0.00,0,0,False,
NKE,2025-03-13,457,390,0,0.00,0,0.00,0,0,False,
NKE,2025-03-14,555,390,0,0.00,0,0.00,0,0,False,
NKE,2025-03-17,529,390,0,0.00,0,0.00,0,0,False,
NKE,2025-03-18,458,390,0,0.00,0,0.00,0,0,False,
NKE,2025-03-19,525,390,0,0.00,0,0.00,0,0,False,
NKE,2025-03-20,718,390,0,0.00,0,0.00,0,0,False,
NKE,2025-03-21,830,390,0,0.00,0,0.00,0,0,False,
NKE,2025-03-24,679,390,0,0.00,0,0.00,0,0,False,
NKE,2025-03-25,624,390,0,0.00,0,0.00,0,0,False,
NKE,2025-03-26,567,390,0,0.00,0,0.00,0,0,False,
NKE,2025-03-27,534,390,0,0.00,0,0.00,0,0,False,
NKE,2025-03-28,599,390,0,0.00,0,0.00,0,0,False,
NKE,2025-03-31,593,390,0,0.00,0,0.00,0,0,False,
NKE,2025-04-01,516,390,0,0.00,0,0.00,0,0,False,
NKE,2025-04-02,697,390,0,0.00,0,0.00,0,0,False,
NKE,2025-04-03,900,390,0,0.00,0,0.00,0,0,False,
NKE,2025-04-04,857,390,0,0.00,0,0.00,0,0,False,
NKE,2025-04-07,791,390,0,0.00,0,0.00,0,0,False,
NKE,2025-04-08,820,390,0,0.00,0,0.00,0,0,False,
NKE,2025-04-09,802,390,0,0.00,0,0.00,0,0,False,
NKE,2025-04-10,714,390,0,0.00,0,0.00,0,0,False,
NKE,2025-04-11,716,390,0,0.00,0,0.00,0,0,False,
NKE,2025-04-14,634,390,0,0.00,0,0.00,0,0,False,
NKE,2025-04-15,620,390,0,0.00,0,0.00,0,0,False,
NKE,2025-04-16,599,390,0,0.00,0,0.00,0,0,False,
NKE,2025-04-17,603,390,0,0.00,0,0.00,0,0,False,
NKE,2025-04-21,622,390,0,0.00,0,0.00,0,0,False,
NKE,2025-04-22,662,390,0,0.00,0,0.00,0,0,False,
NKE,2025-04-23,683,390,0,0.00,0,0.00,0,0,False,
NKE,2025-04-24,641,390,0,0.00,0,0.00,0,0,False,
NKE,2025-04-25,601,390,0,0.00,0,0.00,0,0,False,
NKE,2025-04-28,533,390,0,0.00,0,0.00,0,0,False,
NKE,2025-04-29,539,390,0,0.00,0,0.00,0,0,False,
NKE,2025-04-30,632,390,0,0.00,0,0.00,0,0,False,
NKE,2025-05-01,536,390,0,0.00,0,0.00,0,0,False,
NKE,2025-05-02,610,390,0,0.00,0,0.00,0,0,False,
NKE,2025-05-05,554,390,0,0.00,0,0.00,0,0,False,
NKE,2025-05-06,620,390,0,0.00,0,0.00,0,0,False,
NKE,2025-05-07,570,390,0,0.00,0,0.00,0,0,False,
NKE,2025-05-08,641,390,0,0.00,0,0.00,0,0,False,
NKE,2025-05-09,563,390,0,0.00,0,0.00,0,0,False,
NKE,2025-05-12,755,390,0,0.00,0,0.00,0,0,False,
NKE,2025-05-13,579,390,0,0.00,0,0.00,0,0,False,
NKE,2025-05-14,577,390,0,0.00,0,0.00,0,0,False,
NKE,2025-05-15,588,390,0,0.00,0,0.00,0,0,False,
NKE,2025-05-16,603,390,0,0.00,0,0.00,0,0,False,
NKE,2025-05-19,537,390,0,0.00,0,0.00,0,0,False,
NKE,2025-05-20,502,390,0,0.00,0,0.00,0,0,False,
NKE,2025-05-21,655,390,0,0.00,0,0.00,0,0,False,
NKE,2025-05-22,607,390,0,0.00,0,0.00,0,0,False,
NKE,2025-05-23,587,390,0,0.00,0,0.00,0,0,False,
NKE,2025-05-27,553,390,0,0.00,0,0.00,0,0,False,
NKE,2025-05-28,562,390,0,0.00,0,0.00,0,0,False,
NKE,2025-05-29,660,390,0,0.00,0,0.00,0,0,False,
NKE,2025-05-30,499,390,0,0.00,0,0.00,0,0,False,
NKE,2025-06-02,506,390,0,0.00,0,0.00,0,0,False,
NKE,2025-06-03,498,390,0,0.00,0,0.00,0,0,False,
NKE,2025-06-04,481,390,0,0.00,0,0.00,0,0,False,
NKE,2025-06-05,604,390,0,0.00,0,0.00,0,0,False,
NKE,2025-06-06,532,390,0,0.00,0,0.00,0,0,False,
NKE,2025-06-09,523,390,0,0.00,0,0.00,0,0,False,
NKE,2025-06-10,504,390,0,0.00,0,0.00,0,0,False,
NKE,2025-06-11,534,390,0,0.00,0,0.00,0,0,False,
NKE,2025-06-12,480,390,0,0.00,0,0.00,0,0,False,
NKE,2025-06-13,560,390,0,0.00,0,0.00,0,0,False,
NKE,2025-06-16,552,390,0,0.00,0,0.00,0,0,False,
NKE,2025-06-17,541,390,0,0.00,0,0.00,0,0,False,
NKE,2025-06-18,537,390,0,0.00,0,0.00,0,0,False,
NKE,2025-06-20,547,390,0,0.00,0,0.00,0,0,False,
NKE,2025-06-23,555,390,0,0.00,0,0.00,0,0,False,
NKE,2025-06-24,558,390,0,0.00,0,0.00,0,0,False,
NKE,2025-06-25,584,390,0,0.00,0,0.00,0,0,False,
NKE,2025-06-26,751,390,0,0.00,0,0.00,0,0,False,
NKE,2025-06-27,845,390,0,0.00,0,0.00,0,0,False,
NKE,2025-06-30,657,390,0,0.00,0,0.00,0,0,False,
NVDA,2025-01-02,896,390,0,0.00,0,0.00,0,0,False,
NVDA,2025-01-03,957,390,0,0.00,0,0.00,0,0,False,
NVDA,2025-01-06,900,390,0,0.00,0,0.00,0,0,False,
NVDA,2025-01-07,960,390,0,0.00,0,0.00,0,0,False,
NVDA,2025-01-08,960,390,0,0.00,0,0.00,0,0,False,
NVDA,2025-01-10,898,390,0,0.00,0,0.00,0,0,False,
NVDA,2025-01-13,900,390,0,0.00,0,0.00,0,0,False,
NVDA,2025-01-14,960,390,0,0.00,0,0.00,0,0,False,
NVDA,2025-01-15,956,390,0,0.00,0,0.00,0,0,False,
NVDA,2025-01-16,960,390,0,0.00,0,0.00,0,0,False,
NVDA,2025-01-17,958,390,0,0.00,0,0.00,0,0,False,
NVDA,2025-01-21,895,390,0,0.00,0,0.00,0,0,False,
NVDA,2025-01-22,960,390,0,0.00,0,0.00,0,0,False,
NVDA,2025-01-23,960,390,0,0.00,0,0.00,0,0,False,
NVDA,2025-01-24,954,390,0,0.00,0,0.00,0,0,False,
NVDA,2025-01-27,900,390,0,0.00,0,0.00,0,0,False,
NVDA,2025-01-28,960,390,0,0.00,0,0.00,0,0,False,
NVDA,2025-01-29,960,390,0,0.00,0,0.00,0,0,False,
NVDA,2025-01-30,960,390,0,0.00,0,0.00,0,0,False,
NVDA,2025-01-31,960,390,0,0.00,0,0.00,0,0,False,
NVDA,2025-02-03,900,390,0,0.00,0,0.00,0,0,False,
NVDA,2025-02-04,959,390,0,0.00,0,0.00,0,0,False,
NVDA,2025-02-05,959,390,0,0.00,0,0.00,0,0,False,
NVDA,2025-02-06,960,390,0,0.00,0,0.00,0,0,False,
NVDA,2025-02-07,959,390,0,0.00,0,0.00,0,0,False,
NVDA,2025-02-10,900,390,0,0.00,0,0.00,0,0,False,
NVDA,2025-02-11,960,390,0,0.00,0,0.00,0,0,False,
NVDA,2025-02-12,958,390,0,0.00,0,0.00,0,0,False,
NVDA,2025-02-13,956,390,0,0.00,0,0.00,0,0,False,
NVDA,2025-02-14,958,390,0,0.00,0,0.00,0,0,False,
NVDA,2025-02-18,899,390,0,0.00,0,0.00,0,0,False,
NVDA,2025-02-19,959,390,0,0.00,0,0.00,0,0,False,
NVDA,2025-02-20,955,390,0,0.00,0,0.00,0,0,False,
NVDA,2025-02-21,949,390,0,0.00,0,0.00,0,0,False,
NVDA,2025-02-24,900,390,0,0.00,0,0.00,0,0,False,
NVDA,2025-02-25,960,390,0,0.00,0,0.00,0,0,False,
NVDA,2025-02-26,960,390,0,0.00,0,0.00,0,0,False,
NVDA,2025-02-27,960,390,0,0.00,0,0.00,0,0,False,
NVDA,2025-02-28,960,390,0,0.00,0,0.00,0,0,False,
NVDA,2025-03-03,900,390,0,0.00,0,0.00,0,0,False,
NVDA,2025-03-04,960,390,0,0.00,0,0.00,0,0,False,
NVDA,2025-03-05,960,390,0,0.00,0,0.00,0,0,False,
NVDA,2025-03-06,960,390,0,0.00,0,0.00,0,0,False,
NVDA,2025-03-07,959,390,0,0.00,0,0.00,0,0,False,
NVDA,2025-03-10,960,390,0,0.00,0,0.00,0,0,False,
NVDA,2025-03-11,960,390,0,0.00,0,0.00,0,0,False,
NVDA,2025-03-12,960,390,0,0.00,0,0.00,0,0,False,
NVDA,2025-03-13,960,390,0,0.00,0,0.00,0,0,False,
NVDA,2025-03-14,960,390,0,0.00,0,0.00,0,0,False,
NVDA,2025-03-17,960,390,0,0.00,0,0.00,0,0,False,
NVDA,2025-03-18,960,390,0,0.00,0,0.00,0,0,False,
NVDA,2025-03-19,959,390,0,0.00,0,0.00,0,0,False,
NVDA,2025-03-20,959,390,0,0.00,0,0.00,0,0,False,
NVDA,2025-03-21,957,390,0,0.00,0,0.00,0,0,False,
NVDA,2025-03-24,960,390,0,0.00,0,0.00,0,0,False,
NVDA,2025-03-25,957,390,0,0.00,0,0.00,0,0,False,
NVDA,2025-03-26,959,390,0,0.00,0,0.00,0,0,False,
NVDA,2025-03-27,960,390,0,0.00,0,0.00,0,0,False,
NVDA,2025-03-28,959,390,0,0.00,0,0.00,0,0,False,
NVDA,2025-03-31,960,390,0,0.00,0,0.00,0,0,False,
NVDA,2025-04-01,960,390,0,0.00,0,0.00,0,0,False,
NVDA,2025-04-02,958,390,0,0.00,0,0.00,0,0,False,
NVDA,2025-04-03,960,390,0,0.00,0,0.00,0,0,False,
NVDA,2025-04-04,960,390,0,0.00,0,0.00,0,0,False,
NVDA,2025-04-07,960,390,0,0.00,0,0.00,0,0,False,
NVDA,2025-04-08,960,390,0,0.00,0,0.00,0,0,False,
NVDA,2025-04-09,960,390,0,0.00,0,0.00,0,0,False,
NVDA,2025-04-10,960,390,0,0.00,0,0.00,0,0,False,
NVDA,2025-04-11,959,390,0,0.00,0,0.00,0,0,False,
NVDA,2025-04-14,960,390,0,0.00,0,0.00,0,0,False,
NVDA,2025-04-15,960,390,0,0.00,0,0.00,0,0,False,
NVDA,2025-04-16,960,390,0,0.00,0,0.00,0,0,False,
NVDA,2025-04-17,960,390,0,0.00,0,0.00,0,0,False,
NVDA,2025-04-21,960,390,0,0.00,0,0.00,0,0,False,
NVDA,2025-04-22,960,390,0,0.00,0,0.00,0,0,False,
NVDA,2025-04-23,959,390,0,0.00,0,0.00,0,0,False,
NVDA,2025-04-24,960,390,0,0.00,0,0.00,0,0,False,
NVDA,2025-04-25,960,390,0,0.00,0,0.00,0,0,False,
NVDA,2025-04-28,960,390,0,0.00,0,0.00,0,0,False,
NVDA,2025-04-29,958,390,0,0.00,0,0.00,0,0,False,
NVDA,2025-04-30,958,390,0,0.00,0,0.00,0,0,False,
NVDA,2025-05-01,960,390,0,0.00,0,0.00,0,0,False,
NVDA,2025-05-02,955,390,0,0.00,0,0.00,0,0,False,
NVDA,2025-05-05,957,390,0,0.00,0,0.00,0,0,False,
NVDA,2025-05-06,958,390,0,0.00,0,0.00,0,0,False,
NVDA,2025-05-07,957,390,0,0.00,0,0.00,0,0,False,
NVDA,2025-05-08,957,390,0,0.00,0,0.00,0,0,False,
NVDA,2025-05-09,949,390,0,0.00,0,0.00,0,0,False,
NVDA,2025-05-12,960,390,0,0.00,0,0.00,0,0,False,
NVDA,2025-05-13,959,390,0,0.00,0,0.00,0,0,False,
NVDA,2025-05-14,960,390,0,0.00,0,0.00,0,0,False,
NVDA,2025-05-15,960,390,0,0.00,0,0.00,0,0,False,
NVDA,2025-05-16,960,390,0,0.00,0,0.00,0,0,False,
NVDA,2025-05-19,959,390,0,0.00,0,0.00,0,0,False,
NVDA,2025-05-20,959,390,0,0.00,0,0.00,0,0,False,
NVDA,2025-05-21,960,390,0,0.00,0,0.00,0,0,False,
NVDA,2025-05-22,959,390,0,0.00,0,0.00,0,0,False,
NVDA,2025-05-23,955,390,0,0.00,0,0.00,0,0,False,
NVDA,2025-05-27,960,390,0,0.00,0,0.00,0,0,False,
NVDA,2025-05-28,960,390,0,0.00,0,0.00,0,0,False,
NVDA,2025-05-29,960,390,0,0.00,0,0.00,0,0,False,
NVDA,2025-05-30,960,390,0,0.00,0,0.00,0,0,False,
NVDA,2025-06-02,959,390,0,0.00,0,0.00,0,0,False,
NVDA,2025-06-03,957,390,0,0.00,0,0.00,0,0,False,
NVDA,2025-06-04,959,390,0,0.00,0,0.00,0,0,False,
NVDA,2025-06-05,959,390,0,0.00,0,0.00,0,0,False,
NVDA,2025-06-06,950,390,0,0.00,0,0.00,0,0,False,
NVDA,2025-06-09,954,390,0,0.00,0,0.00,0,0,False,
NVDA,2025-06-10,957,390,0,0.00,0,0.00,0,0,False,
NVDA,2025-06-11,960,390,0,0.00,0,0.00,0,0,False,
NVDA,2025-06-12,958,390,0,0.00,0,0.00,0,0,False,
NVDA,2025-06-13,955,390,0,0.00,0,0.00,0,0,False,
NVDA,2025-06-16,955,390,0,0.00,0,0.00,0,0,False,
NVDA,2025-06-17,960,390,0,0.00,0,0.00,0,0,False,
NVDA,2025-06-18,957,390,0,0.00,0,0.00,0,0,False,
NVDA,2025-06-20,952,390,0,0.00,0,0.00,0,0,False,
NVDA,2025-06-23,958,390,0,0.00,0,0.00,0,0,False,
NVDA,2025-06-24,957,390,0,0.00,0,0.00,0,0,False,
NVDA,2025-06-25,959,390,0,0.00,0,0.00,0,0,False,
NVDA,2025-06-26,957,390,0,0.00,0,0.00,0,0,False,
NVDA,2025-06-27,954,390,0,0.00,0,0.00,0,0,False,
NVDA,2025-06-30,956,390,0,0.00,0,0.00,0,0,False,
PG,2025-01-02,413,390,0,0.00,0,0.00,0,0,False,
PG,2025-01-03,401,390,0,0.00,0,0.00,0,0,False,
PG,2025-01-06,420,390,0,0.00,0,0.00,0,0,False,
PG,2025-01-07,418,390,0,0.00,0,0.00,0,0,False,
PG,2025-01-08,399,390,1,0.26,0,0.00,0,0,False,
PG,2025-01-10,414,390,0,0.00,0,0.00,0,0,False,
PG,2025-01-13,416,390,0,0.00,0,0.00,0,0,False,
PG,2025-01-14,401,390,0,0.00,0,0.00,0,0,False,
PG,2025-01-15,408,390,1,0.26,0,0.00,0,0,False,
PG,2025-01-16,415,390,0,0.00,0,0.00,0,0,False,
PG,2025-01-17,417,390,0,0.00,0,0.00,0,0,False,
PG,2025-01-21,448,390,0,0.00,0,0.00,0,0,False,
PG,2025-01-22,579,390,0,0.00,0,0.00,0,0,False,
PG,2025-01-23,437,390,0,0.00,0,0.00,0,0,False,
PG,2025-01-24,413,390,0,0.00,0,0.00,0,0,False,
PG,2025-01-27,460,390,0,0.00,0,0.00,0,0,False,
PG,2025-01-28,418,390,0,0.00,0,0.00,0,0,False,
PG,2025-01-29,403,390,0,0.00,0,0.00,0,0,False,
PG,2025-01-30,408,390,1,0.26,0,0.00,0,0,False,
PG,2025-01-31,411,390,0,0.00,0,0.00,0,0,False,
PG,2025-02-03,431,390,0,0.00,0,0.00,0,0,False,
PG,2025-02-04,408,390,0,0.00,0,0.00,0,0,False,
PG,2025-02-05,420,390,0,0.00,0,0.00,0,0,False,
PG,2025-02-06,409,390,0,0.00,0,0.00,0,0,False,
PG,2025-02-07,405,390,0,0.00,0,0.00,0,0,False,
PG,2025-02-10,411,390,0,0.00,0,0.00,0,0,False,
PG,2025-02-11,413,390,0,0.00,0,0.00,0,0,False,
PG,2025-02-12,407,390,0,0.00,0,0.00,0,0,False,
PG,2025-02-13,404,390,0,0.00,0,0.00,0,0,False,
PG,2025-02-14,437,390,0,0.00,0,0.00,0,0,False,
PG,2025-02-18,457,390,0,0.00,0,0.00,0,0,False,
PG,2025-02-19,400,390,1,0.26,0,0.00,0,0,False,
PG,2025-02-20,420,390,0,0.00,0,0.00,0,0,False,
PG,2025-02-21,416,390,0,0.00,0,0.00,0,0,False,
PG,2025-02-24,432,390,0,0.00,0,0.00,0,0,False,
PG,2025-02-25,414,390,0,0.00,0,0.00,0,0,False,
PG,2025-02-26,430,390,0,0.00,0,0.00,0,0,False,
PG,2025-02-27,416,390,0,0.00,0,0.00,0,0,False,
PG,2025-02-28,424,390,0,0.00,0,0.00,0,0,False,
PG,2025-03-03,417,390,0,0.00,0,0.00,0,0,False,
PG,2025-03-04,436,390,0,0.00,0,0.00,0,0,False,
PG,2025-03-05,419,390,0,0.00,0,0.00,0,0,False,
PG,2025-03-06,406,390,0,0.00,0,0.00,0,0,False,
PG,2025-03-07,407,390,0,0.00,0,0.00,0,0,False,
PG,2025-03-10,416,390,0,0.00,0,0.00,0,0,False,
PG,2025-03-11,428,390,0,0.00,0,0.00,0,0,False,
PG,2025-03-12,428,390,0,0.00,0,0.00,0,0,False,
PG,2025-03-13,406,390,0,0.00,0,0.00,0,0,False,
PG,2025-03-14,410,390,0,0.00,0,0.00,0,0,False,
PG,2025-03-17,410,390,0,0.00,0,0.00,0,0,False,
PG,2025-03-18,407,390,1,0.26,0,0.00,0,0,False,
PG,2025-03-19,411,390,0,0.00,0,0.00,0,0,False,
PG,2025-03-20,416,390,0,0.00,0,0.00,0,0,False,
PG,2025-03-21,412,390,0,0.00,0,0.00,0,0,False,
PG,2025-03-24,420,390,0,0.00,0,0.00,0,0,False,
PG,2025-03-25,404,390,0,0.00,0,0.00,0,0,False,
PG,2025-03-26,411,390,0,0.00,0,0.00,0,0,False,
PG,2025-03-27,404,390,0,0.00,0,0.00,0,0,False,
PG,2025-03-28,402,390,0,0.00,0,0.00,0,0,False,
PG,2025-03-31,428,390,0,0.00,0,0.00,0,0,False,
PG,2025-04-01,404,390,0,0.00,0,0.00,0,0,False,
PG,2025-04-02,438,390,0,0.00,0,0.00,0,0,False,
PG,2025-04-03,445,390,0,0.00,0,0.00,0,0,False,
PG,2025-04-04,495,390,0,0.00,0,0.00,0,0,False,
PG,2025-04-07,463,390,0,0.00,0,0.00,0,0,False,
PG,2025-04-08,424,390,0,0.00,0,0.00,0,0,False,
PG,2025-04-09,427,390,0,0.00,0,0.00,0,0,False,
PG,2025-04-10,411,390,0,0.00,0,0.00,0,0,False,
PG,2025-04-11,401,390,0,0.00,0,0.00,0,0,False,
PG,2025-04-14,407,390,0,0.00,0,0.00,0,0,False,
PG,2025-04-15,407,390,0,0.00,0,0.00,0,0,False,
PG,2025-04-16,396,390,0,0.00,0,0.00,0,0,False,
PG,2025-04-17,406,390,1,0.26,0,0.00,0,0,False,
PG,2025-04-21,403,390,0,0.00,0,0.00,0,0,False,
PG,2025-04-22,413,390,1,0.26,0,0.00,0,0,False,
PG,2025-04-23,430,390,0,0.00,0,0.00,0,0,False,
PG,2025-04-24,498,390,0,0.00,0,0.00,0,0,False,
PG,2025-04-25,439,390,0,0.00,0,0.00,0,0,False,
PG,2025-04-28,397,390,0,0.00,0,0.00,0,0,False,
PG,2025-04-29,404,390,0,0.00,0,0.00,0,0,False,
PG,2025-04-30,429,390,0,0.00,0,0.00,0,0,False,
PG,2025-05-01,422,390,0,0.00,0,0.00,0,0,False,
PG,2025-05-02,418,390,0,0.00,0,0.00,0,0,False,
PG,2025-05-05,411,390,0,0.00,0,0.00,0,0,False,
PG,2025-05-06,409,390,0,0.00,0,0.00,0,0,False,
PG,2025-05-07,403,390,0,0.00,0,0.00,0,0,False,
PG,2025-05-08,412,390,0,0.00,0,0.00,0,0,False,
PG,2025-05-09,419,390,0,0.00,0,0.00,0,0,False,
PG,2025-05-12,447,390,0,0.00,0,0.00,0,0,False,
PG,2025-05-13,405,390,0,0.00,0,0.00,0,0,False,
PG,2025-05-14,416,390,0,0.00,0,0.00,0,0,False,
PG,2025-05-15,413,390,0,0.00,0,0.00,0,0,False,
PG,2025-05-16,413,390,0,0.00,0,0.00,0,0,False,
PG,2025-05-19,421,390,0,0.00,0,0.00,0,0,False,
PG,2025-05-20,404,390,0,0.00,0,0.00,0,0,False,
PG,2025-05-21,402,390,0,0.00,0,0.00,0,0,False,
PG,2025-05-22,400,390,0,0.00,0,0.00,0,0,False,
PG,2025-05-23,413,390,0,0.00,0,0.00,0,0,False,
PG,2025-05-27,407,390,0,0.00,0,0.00,0,0,False,
PG,2025-05-28,407,390,0,0.00,0,0.00,0,0,False,
PG,2025-05-29,416,390,0,0.00,0,0.00,0,0,False,
PG,2025-05-30,409,390,1,0.26,0,0.00,0,0,False,
PG,2025-06-02,413,390,0,0.00,0,0.00,0,0,False,
PG,2025-06-03,404,390,0,0.00,0,0.00,0,0,False,
PG,2025-06-04,408,390,0,0.00,0,0.00,0,0,False,
PG,2025-06-05,422,390,0,0.00,0,0.00,0,0,False,
PG,2025-06-06,403,390,0,0.00,0,0.00,0,0,False,
PG,2025-06-09,397,390,0,0.00,0,0.00,0,0,False,
PG,2025-06-10,400,390,0,0.00,0,0.00,0,0,False,
PG,2025-06-11,429,390,0,0.00,0,0.00,0,0,False,
PG,2025-06-12,414,390,0,0.00,0,0.00,0,0,False,
PG,2025-06-13,408,390,0,0.00,0,0.00,0,0,False,
PG,2025-06-16,407,390,0,0.00,0,0.00,0,0,False,
PG,2025-06-17,412,390,0,0.00,0,0.00,0,0,False,
PG,2025-06-18,413,390,0,0.00,0,0.00,0,0,False,
PG,2025-06-20,416,390,0,0.00,0,0.00,0,0,False,
PG,2025-06-23,416,390,0,0.00,0,0.00,0,0,False,
PG,2025-06-24,409,390,0,0.00,0,0.00,0,0,False,
PG,2025-06-25,426,390,0,0.00,0,0.00,0,0,False,
PG,2025-06-26,414,390,0,0.00,0,0.00,0,0,False,
PG,2025-06-27,428,390,0,0.00,0,0.00,0,0,False,
PG,2025-06-30,417,390,0,0.00,0,0.00,0,0,False,
CRM,2025-01-02,432,390,0,0.00,0,0.00,0,0,False,
CRM,2025-01-03,432,390,0,0.00,0,0.00,0,0,False,
CRM,2025-01-06,520,390,0,0.00,0,0.00,0,0,False,
CRM,2025-01-07,438,390,1,0.26,0,0.00,0,0,False,
CRM,2025-01-08,417,390,0,0.00,0,0.00,0,0,False,
CRM,2025-01-10,432,390,0,0.00,0,0.00,0,0,False,
CRM,2025-01-13,427,390,0,0.00,0,0.00,0,0,False,
CRM,2025-01-14,445,390,0,0.00,0,0.00,0,0,False,
CRM,2025-01-15,461,390,0,0.00,0,0.00,0,0,False,
CRM,2025-01-16,431,390,0,0.00,0,0.00,0,0,False,
CRM,2025-01-17,462,390,0,0.00,0,0.00,0,0,False,
CRM,2025-01-21,437,390,0,0.00,0,0.00,0,0,False,
CRM,2025-01-22,452,390,0,0.00,0,0.00,0,0,False,
CRM,2025-01-23,437,390,0,0.00,0,0.00,0,0,False,
CRM,2025-01-24,442,390,0,0.00,0,0.00,0,0,False,
CRM,2025-01-27,545,390,0,0.00,0,0.00,0,0,False,
CRM,2025-01-28,509,390,0,0.00,0,0.00,0,0,False,
CRM,2025-01-29,515,390,0,0.00,0,0.00,0,0,False,
CRM,2025-01-30,520,390,0,0.00,0,0.00,0,0,False,
CRM,2025-01-31,452,390,1,0.26,0,0.00,0,0,False,
CRM,2025-02-03,479,390,0,0.00,0,0.00,0,0,False,
CRM,2025-02-04,452,390,0,0.00,0,0.00,0,0,False,
CRM,2025-02-05,471,390,0,0.00,0,0.00,0,0,False,
CRM,2025-02-06,510,390,0,0.00,0,0.00,0,0,False,
CRM,2025-02-07,459,390,0,0.00,0,0.00,0,0,False,
CRM,2025-02-10,443,390,0,0.00,0,0.00,0,0,False,
CRM,2025-02-11,433,390,0,0.00,0,0.00,0,0,False,
CRM,2025-02-12,444,390,0,0.00,0,0.00,0,0,False,
CRM,2025-02-13,450,390,0,0.00,0,0.00,0,0,False,
CRM,2025-02-14,437,390,0,0.00,0,0.00,0,0,False,
CRM,2025-02-18,458,390,1,0.26,0,0.00,0,0,False,
CRM,2025-02-19,455,390,0,0.00,0,0.00,0,0,False,
CRM,2025-02-20,436,390,0,0.00,0,0.00,0,0,False,
CRM,2025-02-21,457,390,0,0.00,0,0.00,0,0,False,
CRM,2025-02-24,446,390,0,0.00,0,0.00,0,0,False,
CRM,2025-02-25,493,390,1,0.26,0,0.00,0,0,False,
CRM,2025-02-26,667,390,0,0.00,0,0.00,0,0,False,
CRM,2025-02-27,630,390,0,0.00,0,0.00,0,0,False,
CRM,2025-02-28,471,390,0,0.00,0,0.00,0,0,False,
CRM,2025-03-03,468,390,0,0.00,0,0.00,0,0,False,
CRM,2025-03-04,448,390,0,0.00,0,0.00,0,0,False,
CRM,2025-03-05,420,390,0,0.00,0,0.00,0,0,False,
CRM,2025-03-06,442,390,0,0.00,0,0.00,0,0,False,
CRM,2025-03-07,424,390,0,0.00,0,0.00,0,0,False,
CRM,2025-03-10,437,390,0,0.00,0,0.00,0,0,False,
CRM,2025-03-11,424,390,0,0.00,0,0.00,0,0,False,
CRM,2025-03-12,438,390,0,0.00,0,0.00,0,0,False,
CRM,2025-03-13,434,390,0,0.00,0,0.00,0,0,False,
CRM,2025-03-14,433,390,0,0.00,0,0.00,0,0,False,
CRM,2025-03-17,408,390,0,0.00,0,0.00,0,0,False,
CRM,2025-03-18,403,390,0,0.00,0,0.00,0,0,False,
CRM,2025-03-19,403,390,0,0.00,0,0.00,0,0,False,
CRM,2025-03-20,411,390,0,0.00,0,0.00,0,0,False,
CRM,2025-03-21,414,390,0,0.00,0,0.00,0,0,False,
CRM,2025-03-24,434,390,0,0.00,0,0.00,0,0,False,
CRM,2025-03-25,417,390,0,0.00,0,0.00,0,0,False,
CRM,2025-03-26,403,390,0,0.00,0,0.00,0,0,False,
CRM,2025-03-27,401,390,0,0.00,0,0.00,0,0,False,
CRM,2025-03-28,409,390,0,0.00,0,0.00,0,0,False,
CRM,2025-03-31,432,390,0,0.00,0,0.00,0,0,False,
CRM,2025-04-01,414,390,0,0.00,0,0.00,0,0,False,
CRM,2025-04-02,472,390,0,0.00,0,0.00,0,0,False,
CRM,2025-04-03,479,390,0,0.00,0,0.00,0,0,False,
CRM,2025-04-04,510,390,0,0.00,0,0.00,0,0,False,
CRM,2025-04-07,490,390,0,0.00,0,0.00,0,0,False,
CRM,2025-04-08,447,390,0,0.00,0,0.00,0,0,False,
CRM,2025-04-09,455,390,0,0.00,0,0.00,0,0,False,
CRM,2025-04-10,446,390,0,0.00,0,0.00,0,0,False,
CRM,2025-04-11,411,390,0,0.00,0,0.00,0,0,False,
CRM,2025-04-14,435,390,0,0.00,0,0.00,0,0,False,
CRM,2025-04-15,424,390,0,0.00,0,0.00,0,0,False,
CRM,2025-04-16,409,390,0,0.00,0,0.00,0,0,False,
CRM,2025-04-17,437,390,0,0.00,0,0.00,0,0,False,
CRM,2025-04-21,439,390,0,0.00,0,0.00,0,0,False,
CRM,2025-04-22,468,390,0,0.00,0,0.00,0,0,False,
CRM,2025-04-23,472,390,0,0.00,0,0.00,0,0,False,
CRM,2025-04-24,470,390,0,0.00,0,0.00,0,0,False,
CRM,2025-04-25,433,390,0,0.00,0,0.00,0,0,False,
CRM,2025-04-28,422,390,0,0.00,0,0.00,0,0,False,
CRM,2025-04-29,408,390,0,0.00,0,0.00,0,0,False,
CRM,2025-04-30,470,390,0,0.00,0,0.00,0,0,False,
CRM,2025-05-01,434,390,1,0.26,0,0.00,0,0,False,
CRM,2025-05-02,422,390,0,0.00,0,0.00,0,0,False,
CRM,2025-05-05,425,390,0,0.00,0,0.00,0,0,False,
CRM,2025-05-06,418,390,0,0.00,0,0.00,0,0,False,
CRM,2025-05-07,405,390,0,0.00,0,0.00,0,0,False,
CRM,2025-05-08,425,390,0,0.00,0,0.00,0,0,False,
CRM,2025-05-09,410,390,0,0.00,0,0.00,0,0,False,
CRM,2025-05-12,473,390,0,0.00,0,0.00,0,0,False,
CRM,2025-05-13,442,390,0,0.00,0,0.00,0,0,False,
CRM,2025-05-14,445,390,0,0.00,0,0.00,0,0,False,
CRM,2025-05-15,430,390,0,0.00,0,0.00,0,0,False,
CRM,2025-05-16,444,390,2,0.51,0,0.00,0,0,False,
CRM,2025-05-19,429,390,1,0.26,0,0.00,0,0,False,
CRM,2025-05-20,427,390,0,0.00,0,0.00,0,0,False,
CRM,2025-05-21,424,390,0,0.00,0,0.00,0,0,False,
CRM,2025-05-22,419,390,0,0.00,0,0.00,0,0,False,
CRM,2025-05-23,453,390,0,0.00,0,0.00,0,0,False,
CRM,2025-05-27,508,390,0,0.00,0,0.00,0,0,False,
CRM,2025-05-28,696,390,0,0.00,0,0.00,0,0,False,
CRM,2025-05-29,683,390,0,0.00,0,0.00,0,0,False,
CRM,2025-05-30,506,390,0,0.00,0,0.00,0,0,False,
CRM,2025-06-02,471,390,0,0.00,0,0.00,0,0,False,
CRM,2025-06-03,461,390,0,0.00,0,0.00,0,0,False,
CRM,2025-06-04,447,390,0,0.00,0,0.00,0,0,False,
CRM,2025-06-05,474,390,0,0.00,0,0.00,0,0,False,
CRM,2025-06-06,450,390,0,0.00,0,0.00,0,0,False,
CRM,2025-06-09,438,390,0,0.00,0,0.00,0,0,False,
CRM,2025-06-10,430,390,0,0.00,0,0.00,0,0,False,
CRM,2025-06-11,461,390,0,0.00,0,0.00,0,0,False,
CRM,2025-06-12,449,390,0,0.00,0,0.00,0,0,False,
CRM,2025-06-13,469,390,0,0.00,0,0.00,0,0,False,
CRM,2025-06-16,450,390,0,0.00,0,0.00,0,0,False,
CRM,2025-06-17,436,390,0,0.00,0,0.00,0,0,False,
CRM,2025-06-18,432,390,0,0.00,0,0.00,0,0,False,
CRM,2025-06-20,439,390,0,0.00,0,0.00,0,0,False,
CRM,2025-06-23,445,390,0,0.00,0,0.00,0,0,False,
CRM,2025-06-24,441,390,0,0.00,0,0.00,0,0,False,
CRM,2025-06-25,434,390,0,0.00,0,0.00,0,0,False,
CRM,2025-06-26,425,390,0,0.00,0,0.00,0,0,False,
CRM,2025-06-27,450,390,0,0.00,0,0.00,0,0,False,
CRM,2025-06-30,450,390,0,0.00,0,0.00,0,0,False,
SHW,2025-01-02,378,390,14,3.59,0,0.00,0,0,False,
SHW,2025-01-03,365,390,27,6.92,0,0.00,0,0,True,missing_rate_6.92%_exceeds_5.0%
SHW,2025-01-06,383,390,11,2.82,0,0.00,0,0,False,
SHW,2025-01-07,371,390,20,5.13,0,0.00,0,0,True,missing_rate_5.13%_exceeds_5.0%
SHW,2025-01-08,373,390,23,5.90,0,0.00,0,0,True,missing_rate_5.90%_exceeds_5.0%
SHW,2025-01-10,375,390,20,5.13,0,0.00,0,0,True,missing_rate_5.13%_exceeds_5.0%
SHW,2025-01-13,367,390,31,7.95,0,0.00,0,0,True,missing_rate_7.95%_exceeds_5.0%
SHW,2025-01-14,371,390,22,5.64,0,0.00,0,0,True,missing_rate_5.64%_exceeds_5.0%
SHW,2025-01-15,388,390,13,3.33,0,0.00,0,0,False,
SHW,2025-01-16,376,390,17,4.36,0,0.00,0,0,False,
SHW,2025-01-17,386,390,11,2.82,0,0.00,0,0,False,
SHW,2025-01-21,376,390,15,3.85,0,0.00,0,0,False,
SHW,2025-01-22,380,390,12,3.08,0,0.00,0,0,False,
SHW,2025-01-23,343,390,49,12.56,0,0.00,0,0,True,missing_rate_12.56%_exceeds_5.0%
SHW,2025-01-24,371,390,24,6.15,0,0.00,0,0,True,missing_rate_6.15%_exceeds_5.0%
SHW,2025-01-27,369,390,23,5.90,0,0.00,0,0,True,missing_rate_5.90%_exceeds_5.0%
SHW,2025-01-28,369,390,22,5.64,0,0.00,0,0,True,missing_rate_5.64%_exceeds_5.0%
SHW,2025-01-29,384,390,13,3.33,0,0.00,0,0,False,
SHW,2025-01-30,415,390,6,1.54,0,0.00,0,0,False,
SHW,2025-01-31,375,390,20,5.13,0,0.00,0,0,True,missing_rate_5.13%_exceeds_5.0%
SHW,2025-02-03,379,390,17,4.36,0,0.00,0,0,False,
SHW,2025-02-04,368,390,28,7.18,0,0.00,0,0,True,missing_rate_7.18%_exceeds_5.0%
SHW,2025-02-05,382,390,13,3.33,0,0.00,0,0,False,
SHW,2025-02-06,353,390,40,10.26,0,0.00,0,0,True,missing_rate_10.26%_exceeds_5.0%
SHW,2025-02-07,357,390,37,9.49,0,0.00,0,0,True,missing_rate_9.49%_exceeds_5.0%
SHW,2025-02-10,383,390,11,2.82,0,0.00,0,0,False,
SHW,2025-02-11,367,390,27,6.92,0,0.00,0,0,True,missing_rate_6.92%_exceeds_5.0%
SHW,2025-02-12,355,390,37,9.49,0,0.00,0,0,True,missing_rate_9.49%_exceeds_5.0%
SHW,2025-02-13,353,390,41,10.51,0,0.00,0,0,True,missing_rate_10.51%_exceeds_5.0%
SHW,2025-02-14,325,390,71,18.21,0,0.00,0,0,True,missing_rate_18.21%_exceeds_5.0%
SHW,2025-02-18,344,390,54,13.85,0,0.00,0,0,True,missing_rate_13.85%_exceeds_5.0%
SHW,2025-02-19,343,390,48,12.31,0,0.00,0,0,True,missing_rate_12.31%_exceeds_5.0%
SHW,2025-02-20,353,390,41,10.51,0,0.00,0,0,True,missing_rate_10.51%_exceeds_5.0%
SHW,2025-02-21,392,390,5,1.28,0,0.00,0,0,False,
SHW,2025-02-24,393,390,5,1.28,0,0.00,0,0,False,
SHW,2025-02-25,386,390,8,2.05,0,0.00,0,0,False,
SHW,2025-02-26,390,390,6,1.54,0,0.00,0,0,False,
SHW,2025-02-27,376,390,21,5.38,0,0.00,0,0,True,missing_rate_5.38%_exceeds_5.0%
SHW,2025-02-28,397,390,0,0.00,0,0.00,0,0,False,
SHW,2025-03-03,377,390,18,4.62,0,0.00,0,0,False,
SHW,2025-03-04,389,390,5,1.28,0,0.00,0,0,False,
SHW,2025-03-05,368,390,27,6.92,0,0.00,0,0,True,missing_rate_6.92%_exceeds_5.0%
SHW,2025-03-06,385,390,8,2.05,0,0.00,0,0,False,
SHW,2025-03-07,391,390,1,0.26,0,0.00,0,0,False,
SHW,2025-03-10,394,390,3,0.77,0,0.00,0,0,False,
SHW,2025-03-11,393,390,3,0.77,0,0.00,0,0,False,
SHW,2025-03-12,392,390,3,0.77,0,0.00,0,0,False,
SHW,2025-03-13,395,390,1,0.26,0,0.00,0,0,False,
SHW,2025-03-14,396,390,3,0.77,0,0.00,0,0,False,
SHW,2025-03-17,391,390,6,1.54,0,0.00,0,0,False,
SHW,2025-03-18,376,390,18,4.62,0,0.00,0,0,False,
SHW,2025-03-19,375,390,17,4.36,0,0.00,0,0,False,
SHW,2025-03-20,374,390,25,6.41,0,0.00,0,0,True,missing_rate_6.41%_exceeds_5.0%
SHW,2025-03-21,381,390,18,4.62,0,0.00,0,0,False,
SHW,2025-03-24,397,390,4,1.03,0,0.00,0,0,False,
SHW,2025-03-25,360,390,35,8.97,0,0.00,0,0,True,missing_rate_8.97%_exceeds_5.0%
SHW,2025-03-26,373,390,28,7.18,0,0.00,0,0,True,missing_rate_7.18%_exceeds_5.0%
SHW,2025-03-27,381,390,19,4.87,0,0.00,0,0,False,
SHW,2025-03-28,370,390,28,7.18,0,0.00,0,0,True,missing_rate_7.18%_exceeds_5.0%
SHW,2025-03-31,389,390,8,2.05,0,0.00,0,0,False,
SHW,2025-04-01,367,390,31,7.95,0,0.00,0,0,True,missing_rate_7.95%_exceeds_5.0%
SHW,2025-04-02,384,390,27,6.92,0,0.00,0,0,True,missing_rate_6.92%_exceeds_5.0%
SHW,2025-04-03,406,390,3,0.77,0,0.00,0,0,False,
SHW,2025-04-04,408,390,0,0.00,0,0.00,0,0,False,
SHW,2025-04-07,410,390,1,0.26,0,0.00,0,0,False,
SHW,2025-04-08,395,390,1,0.26,0,0.00,0,0,False,
SHW,2025-04-09,393,390,4,1.03,0,0.00,0,0,False,
SHW,2025-04-10,395,390,4,1.03,0,0.00,0,0,False,
SHW,2025-04-11,389,390,7,1.79,0,0.00,0,0,False,
SHW,2025-04-14,380,390,26,6.67,0,0.00,0,0,True,missing_rate_6.67%_exceeds_5.0%
SHW,2025-04-15,370,390,23,5.90,0,0.00,0,0,True,missing_rate_5.90%_exceeds_5.0%
SHW,2025-04-16,356,390,39,10.00,0,0.00,0,0,True,missing_rate_10.00%_exceeds_5.0%
SHW,2025-04-17,392,390,7,1.79,0,0.00,0,0,False,
SHW,2025-04-21,383,390,11,2.82,0,0.00,0,0,False,
SHW,2025-04-22,368,390,30,7.69,0,0.00,0,0,True,missing_rate_7.69%_exceeds_5.0%
SHW,2025-04-23,359,390,42,10.77,0,0.00,0,0,True,missing_rate_10.77%_exceeds_5.0%
SHW,2025-04-24,350,390,43,11.03,0,0.00,0,0,True,missing_rate_11.03%_exceeds_5.0%
SHW,2025-04-25,370,390,22,5.64,0,0.00,0,0,True,missing_rate_5.64%_exceeds_5.0%
SHW,2025-04-28,379,390,12,3.08,0,0.00,0,0,False,
SHW,2025-04-29,398,390,6,1.54,0,0.00,0,0,False,
SHW,2025-04-30,387,390,12,3.08,0,0.00,0,0,False,
SHW,2025-05-01,381,390,11,2.82,0,0.00,0,0,False,
SHW,2025-05-02,363,390,30,7.69,0,0.00,0,0,True,missing_rate_7.69%_exceeds_5.0%
SHW,2025-05-05,367,390,29,7.44,0,0.00,0,0,True,missing_rate_7.44%_exceeds_5.0%
SHW,2025-05-06,364,390,28,7.18,0,0.00,0,0,True,missing_rate_7.18%_exceeds_5.0%
SHW,2025-05-07,340,390,55,14.10,0,0.00,0,0,True,missing_rate_14.10%_exceeds_5.0%
SHW,2025-05-08,359,390,39,10.00,0,0.00,0,0,True,missing_rate_10.00%_exceeds_5.0%
SHW,2025-05-09,338,390,55,14.10,0,0.00,0,0,True,missing_rate_14.10%_exceeds_5.0%
SHW,2025-05-12,373,390,23,5.90,0,0.00,0,0,True,missing_rate_5.90%_exceeds_5.0%
SHW,2025-05-13,365,390,30,7.69,0,0.00,0,0,True,missing_rate_7.69%_exceeds_5.0%
SHW,2025-05-14,336,390,57,14.62,0,0.00,0,0,True,missing_rate_14.62%_exceeds_5.0%
SHW,2025-05-15,375,390,22,5.64,0,0.00,0,0,True,missing_rate_5.64%_exceeds_5.0%
SHW,2025-05-16,330,390,61,15.64,0,0.00,0,0,True,missing_rate_15.64%_exceeds_5.0%
SHW,2025-05-19,357,390,35,8.97,0,0.00,0,0,True,missing_rate_8.97%_exceeds_5.0%
SHW,2025-05-20,339,390,53,13.59,0,0.00,0,0,True,missing_rate_13.59%_exceeds_5.0%
SHW,2025-05-21,361,390,33,8.46,0,0.00,0,0,True,missing_rate_8.46%_exceeds_5.0%
SHW,2025-05-22,346,390,45,11.54,0,0.00,0,0,True,missing_rate_11.54%_exceeds_5.0%
SHW,2025-05-23,323,390,70,17.95,0,0.00,0,0,True,missing_rate_17.95%_exceeds_5.0%
SHW,2025-05-27,360,390,31,7.95,0,0.00,0,0,True,missing_rate_7.95%_exceeds_5.0%
SHW,2025-05-28,329,390,64,16.41,0,0.00,0,0,True,missing_rate_16.41%_exceeds_5.0%
SHW,2025-05-29,336,390,55,14.10,0,0.00,0,0,True,missing_rate_14.10%_exceeds_5.0%
SHW,2025-05-30,375,390,18,4.62,0,0.00,0,0,False,
SHW,2025-06-02,376,390,17,4.36,0,0.00,0,0,False,
SHW,2025-06-03,344,390,47,12.05,0,0.00,0,0,True,missing_rate_12.05%_exceeds_5.0%
SHW,2025-06-04,329,390,63,16.15,0,0.00,0,0,True,missing_rate_16.15%_exceeds_5.0%
SHW,2025-06-05,357,390,35,8.97,0,0.00,0,0,True,missing_rate_8.97%_exceeds_5.0%
SHW,2025-06-06,333,390,61,15.64,0,0.00,0,0,True,missing_rate_15.64%_exceeds_5.0%
SHW,2025-06-09,342,390,50,12.82,0,0.00,0,0,True,missing_rate_12.82%_exceeds_5.0%
SHW,2025-06-10,321,390,71,18.21,0,0.00,0,0,True,missing_rate_18.21%_exceeds_5.0%
SHW,2025-06-11,367,390,27,6.92,0,0.00,0,0,True,missing_rate_6.92%_exceeds_5.0%
SHW,2025-06-12,328,390,63,16.15,0,0.00,0,0,True,missing_rate_16.15%_exceeds_5.0%
SHW,2025-06-13,382,390,15,3.85,0,0.00,0,0,False,
SHW,2025-06-16,365,390,30,7.69,0,0.00,0,0,True,missing_rate_7.69%_exceeds_5.0%
SHW,2025-06-17,366,390,28,7.18,0,0.00,0,0,True,missing_rate_7.18%_exceeds_5.0%
SHW,2025-06-18,372,390,23,5.90,0,0.00,0,0,True,missing_rate_5.90%_exceeds_5.0%
SHW,2025-06-20,367,390,27,6.92,0,0.00,0,0,True,missing_rate_6.92%_exceeds_5.0%
SHW,2025-06-23,377,390,17,4.36,0,0.00,0,0,False,
SHW,2025-06-24,376,390,23,5.90,0,0.00,0,0,True,missing_rate_5.90%_exceeds_5.0%
SHW,2025-06-25,360,390,33,8.46,0,0.00,0,0,True,missing_rate_8.46%_exceeds_5.0%
SHW,2025-06-26,388,390,5,1.28,0,0.00,0,0,False,
SHW,2025-06-27,372,390,22,5.64,0,0.00,0,0,True,missing_rate_5.64%_exceeds_5.0%
SHW,2025-06-30,362,390,29,7.44,0,0.00,0,0,True,missing_rate_7.44%_exceeds_5.0%
TRV,2025-01-02,384,390,10,2.56,0,0.00,0,0,False,
TRV,2025-01-03,377,390,27,6.92,0,0.00,0,0,True,missing_rate_6.92%_exceeds_5.0%
TRV,2025-01-06,376,390,17,4.36,0,0.00,0,0,False,
TRV,2025-01-07,359,390,33,8.46,0,0.00,0,0,True,missing_rate_8.46%_exceeds_5.0%
TRV,2025-01-08,353,390,51,13.08,0,0.00,0,0,True,missing_rate_13.08%_exceeds_5.0%
TRV,2025-01-10,416,390,4,1.03,0,0.00,0,0,False,
TRV,2025-01-13,402,390,7,1.79,0,0.00,0,0,False,
TRV,2025-01-14,380,390,11,2.82,0,0.00,0,0,False,
TRV,2025-01-15,368,390,27,6.92,0,0.00,0,0,True,missing_rate_6.92%_exceeds_5.0%
TRV,2025-01-16,367,390,27,6.92,0,0.00,0,0,True,missing_rate_6.92%_exceeds_5.0%
TRV,2025-01-17,371,390,23,5.90,0,0.00,0,0,True,missing_rate_5.90%_exceeds_5.0%
TRV,2025-01-21,397,390,6,1.54,0,0.00,0,0,False,
TRV,2025-01-22,423,390,12,3.08,0,0.00,0,0,False,
TRV,2025-01-23,377,390,17,4.36,0,0.00,0,0,False,
TRV,2025-01-24,381,390,19,4.87,0,0.00,0,0,False,
TRV,2025-01-27,370,390,24,6.15,0,0.00,0,0,True,missing_rate_6.15%_exceeds_5.0%
TRV,2025-01-28,353,390,38,9.74,0,0.00,0,0,True,missing_rate_9.74%_exceeds_5.0%
TRV,2025-01-29,358,390,34,8.72,0,0.00,0,0,True,missing_rate_8.72%_exceeds_5.0%
TRV,2025-01-30,343,390,51,13.08,0,0.00,0,0,True,missing_rate_13.08%_exceeds_5.0%
TRV,2025-01-31,374,390,19,4.87,0,0.00,0,0,False,
TRV,2025-02-03,371,390,26,6.67,0,0.00,0,0,True,missing_rate_6.67%_exceeds_5.0%
TRV,2025-02-04,337,390,55,14.10,0,0.00,0,0,True,missing_rate_14.10%_exceeds_5.0%
TRV,2025-02-05,297,390,98,25.13,0,0.00,0,0,True,missing_rate_25.13%_exceeds_5.0%
TRV,2025-02-06,326,390,69,17.69,0,0.00,0,0,True,missing_rate_17.69%_exceeds_5.0%
TRV,2025-02-07,329,390,62,15.90,0,0.00,0,0,True,missing_rate_15.90%_exceeds_5.0%
TRV,2025-02-10,339,390,59,15.13,0,0.00,0,0,True,missing_rate_15.13%_exceeds_5.0%
TRV,2025-02-11,370,390,33,8.46,0,0.00,0,0,True,missing_rate_8.46%_exceeds_5.0%
TRV,2025-02-12,385,390,7,1.79,0,0.00,0,0,False,
TRV,2025-02-13,323,390,71,18.21,0,0.00,0,0,True,missing_rate_18.21%_exceeds_5.0%
TRV,2025-02-14,371,390,23,5.90,0,0.00,0,0,True,missing_rate_5.90%_exceeds_5.0%
TRV,2025-02-18,333,390,59,15.13,0,0.00,0,0,True,missing_rate_15.13%_exceeds_5.0%
TRV,2025-02-19,377,390,18,4.62,0,0.00,0,0,False,
TRV,2025-02-20,363,390,32,8.21,0,0.00,0,0,True,missing_rate_8.21%_exceeds_5.0%
TRV,2025-02-21,350,390,46,11.79,0,0.00,0,0,True,missing_rate_11.79%_exceeds_5.0%
TRV,2025-02-24,385,390,12,3.08,0,0.00,0,0,False,
TRV,2025-02-25,385,390,8,2.05,0,0.00,0,0,False,
TRV,2025-02-26,378,390,17,4.36,0,0.00,0,0,False,
TRV,2025-02-27,380,390,18,4.62,0,0.00,0,0,False,
TRV,2025-02-28,381,390,21,5.38,0,0.00,0,0,True,missing_rate_5.38%_exceeds_5.0%
TRV,2025-03-03,377,390,16,4.10,0,0.00,0,0,False,
TRV,2025-03-04,379,390,19,4.87,0,0.00,0,0,False,
TRV,2025-03-05,367,390,26,6.67,0,0.00,0,0,True,missing_rate_6.67%_exceeds_5.0%
TRV,2025-03-06,383,390,9,2.31,0,0.00,0,0,False,
TRV,2025-03-07,372,390,22,5.64,0,0.00,0,0,True,missing_rate_5.64%_exceeds_5.0%
TRV,2025-03-10,387,390,7,1.79,0,0.00,0,0,False,
TRV,2025-03-11,388,390,7,1.79,0,0.00,0,0,False,
TRV,2025-03-12,387,390,9,2.31,0,0.00,0,0,False,
TRV,2025-03-13,368,390,28,7.18,0,0.00,0,0,True,missing_rate_7.18%_exceeds_5.0%
TRV,2025-03-14,387,390,10,2.56,0,0.00,0,0,False,
TRV,2025-03-17,388,390,6,1.54,0,0.00,0,0,False,
TRV,2025-03-18,385,390,10,2.56,0,0.00,0,0,False,
TRV,2025-03-19,383,390,12,3.08,0,0.00,0,0,False,
TRV,2025-03-20,370,390,24,6.15,0,0.00,0,0,True,missing_rate_6.15%_exceeds_5.0%
TRV,2025-03-21,380,390,16,4.10,0,0.00,0,0,False,
TRV,2025-03-24,348,390,46,11.79,0,0.00,0,0,True,missing_rate_11.79%_exceeds_5.0%
TRV,2025-03-25,356,390,38,9.74,0,0.00,0,0,True,missing_rate_9.74%_exceeds_5.0%
TRV,2025-03-26,340,390,52,13.33,0,0.00,0,0,True,missing_rate_13.33%_exceeds_5.0%
TRV,2025-03-27,343,390,53,13.59,0,0.00,0,0,True,missing_rate_13.59%_exceeds_5.0%
TRV,2025-03-28,373,390,19,4.87,0,0.00,0,0,False,
TRV,2025-03-31,385,390,27,6.92,0,0.00,0,0,True,missing_rate_6.92%_exceeds_5.0%
TRV,2025-04-01,360,390,35,8.97,0,0.00,0,0,True,missing_rate_8.97%_exceeds_5.0%
TRV,2025-04-02,378,390,23,5.90,0,0.00,0,0,True,missing_rate_5.90%_exceeds_5.0%
TRV,2025-04-03,388,390,7,1.79,0,0.00,0,0,False,
TRV,2025-04-04,396,390,5,1.28,0,0.00,0,0,False,
TRV,2025-04-07,406,390,5,1.28,0,0.00,0,0,False,
TRV,2025-04-08,386,390,5,1.28,0,0.00,0,0,False,
TRV,2025-04-09,394,390,9,2.31,0,0.00,0,0,False,
TRV,2025-04-10,391,390,9,2.31,0,0.00,0,0,False,
TRV,2025-04-11,375,390,20,5.13,0,0.00,0,0,True,missing_rate_5.13%_exceeds_5.0%
TRV,2025-04-14,356,390,41,10.51,0,0.00,0,0,True,missing_rate_10.51%_exceeds_5.0%
TRV,2025-04-15,359,390,37,9.49,0,0.00,0,0,True,missing_rate_9.49%_exceeds_5.0%
TRV,2025-04-16,405,390,10,2.56,0,0.00,0,0,False,
TRV,2025-04-17,384,390,16,4.10,0,0.00,0,0,False,
TRV,2025-04-21,378,390,16,4.10,0,0.00,0,0,False,
TRV,2025-04-22,389,390,12,3.08,0,0.00,0,0,False,
TRV,2025-04-23,371,390,27,6.92,0,0.00,0,0,True,missing_rate_6.92%_exceeds_5.0%
TRV,2025-04-24,374,390,18,4.62,0,0.00,0,0,False,
TRV,2025-04-25,343,390,54,13.85,0,0.00,0,0,True,missing_rate_13.85%_exceeds_5.0%
TRV,2025-04-28,341,390,52,13.33,0,0.00,0,0,True,missing_rate_13.33%_exceeds_5.0%
TRV,2025-04-29,337,390,57,14.62,0,0.00,0,0,True,missing_rate_14.62%_exceeds_5.0%
TRV,2025-04-30,342,390,53,13.59,0,0.00,0,0,True,missing_rate_13.59%_exceeds_5.0%
TRV,2025-05-01,330,390,63,16.15,0,0.00,0,0,True,missing_rate_16.15%_exceeds_5.0%
TRV,2025-05-02,362,390,33,8.46,0,0.00,0,0,True,missing_rate_8.46%_exceeds_5.0%
TRV,2025-05-05,361,390,33,8.46,0,0.00,0,0,True,missing_rate_8.46%_exceeds_5.0%
TRV,2025-05-06,340,390,53,13.59,0,0.00,0,0,True,missing_rate_13.59%_exceeds_5.0%
TRV,2025-05-07,329,390,65,16.67,0,0.00,0,0,True,missing_rate_16.67%_exceeds_5.0%
TRV,2025-05-08,357,390,36,9.23,0,0.00,0,0,True,missing_rate_9.23%_exceeds_5.0%
TRV,2025-05-09,326,390,67,17.18,0,0.00,0,0,True,missing_rate_17.18%_exceeds_5.0%
TRV,2025-05-12,348,390,47,12.05,0,0.00,0,0,True,missing_rate_12.05%_exceeds_5.0%
TRV,2025-05-13,374,390,18,4.62,0,0.00,0,0,False,
TRV,2025-05-14,315,390,78,20.00,0,0.00,0,0,True,missing_rate_20.00%_exceeds_5.0%
TRV,2025-05-15,337,390,57,14.62,0,0.00,0,0,True,missing_rate_14.62%_exceeds_5.0%
TRV,2025-05-16,315,390,78,20.00,0,0.00,0,0,True,missing_rate_20.00%_exceeds_5.0%
TRV,2025-05-19,311,390,80,20.51,0,0.00,0,0,True,missing_rate_20.51%_exceeds_5.0%
TRV,2025-05-20,325,390,68,17.44,0,0.00,0,0,True,missing_rate_17.44%_exceeds_5.0%
TRV,2025-05-21,320,390,72,18.46,0,0.00,0,0,True,missing_rate_18.46%_exceeds_5.0%
TRV,2025-05-22,335,390,57,14.62,0,0.00,0,0,True,missing_rate_14.62%_exceeds_5.0%
TRV,2025-05-23,314,390,78,20.00,0,0.00,0,0,True,missing_rate_20.00%_exceeds_5.0%
TRV,2025-05-27,354,390,37,9.49,0,0.00,0,0,True,missing_rate_9.49%_exceeds_5.0%
TRV,2025-05-28,359,390,34,8.72,0,0.00,0,0,True,missing_rate_8.72%_exceeds_5.0%
TRV,2025-05-29,347,390,51,13.08,0,0.00,0,0,True,missing_rate_13.08%_exceeds_5.0%
TRV,2025-05-30,369,390,27,6.92,0,0.00,0,0,True,missing_rate_6.92%_exceeds_5.0%
TRV,2025-06-02,353,390,39,10.00,0,0.00,0,0,True,missing_rate_10.00%_exceeds_5.0%
TRV,2025-06-03,337,390,54,13.85,0,0.00,0,0,True,missing_rate_13.85%_exceeds_5.0%
TRV,2025-06-04,316,390,78,20.00,0,0.00,0,0,True,missing_rate_20.00%_exceeds_5.0%
TRV,2025-06-05,300,390,92,23.59,0,0.00,0,0,True,missing_rate_23.59%_exceeds_5.0%
TRV,2025-06-06,319,390,73,18.72,0,0.00,0,0,True,missing_rate_18.72%_exceeds_5.0%
TRV,2025-06-09,345,390,47,12.05,0,0.00,0,0,True,missing_rate_12.05%_exceeds_5.0%
TRV,2025-06-10,345,390,47,12.05,0,0.00,0,0,True,missing_rate_12.05%_exceeds_5.0%
TRV,2025-06-11,343,390,49,12.56,0,0.00,0,0,True,missing_rate_12.56%_exceeds_5.0%
TRV,2025-06-12,354,390,43,11.03,0,0.00,0,0,True,missing_rate_11.03%_exceeds_5.0%
TRV,2025-06-13,346,390,45,11.54,0,0.00,0,0,True,missing_rate_11.54%_exceeds_5.0%
TRV,2025-06-16,329,390,62,15.90,0,0.00,0,0,True,missing_rate_15.90%_exceeds_5.0%
TRV,2025-06-17,360,390,32,8.21,0,0.00,0,0,True,missing_rate_8.21%_exceeds_5.0%
TRV,2025-06-18,366,390,25,6.41,0,0.00,0,0,True,missing_rate_6.41%_exceeds_5.0%
TRV,2025-06-20,366,390,27,6.92,0,0.00,0,0,True,missing_rate_6.92%_exceeds_5.0%
TRV,2025-06-23,353,390,40,10.26,0,0.00,0,0,True,missing_rate_10.26%_exceeds_5.0%
TRV,2025-06-24,345,390,47,12.05,0,0.00,0,0,True,missing_rate_12.05%_exceeds_5.0%
TRV,2025-06-25,325,390,66,16.92,0,0.00,0,0,True,missing_rate_16.92%_exceeds_5.0%
TRV,2025-06-26,354,390,38,9.74,0,0.00,0,0,True,missing_rate_9.74%_exceeds_5.0%
TRV,2025-06-27,353,390,40,10.26,0,0.00,0,0,True,missing_rate_10.26%_exceeds_5.0%
TRV,2025-06-30,306,390,86,22.05,0,0.00,0,0,True,missing_rate_22.05%_exceeds_5.0%
UNH,2025-01-02,411,390,0,0.00,0,0.00,0,0,False,
UNH,2025-01-03,409,390,0,0.00,0,0.00,0,0,False,
UNH,2025-01-06,410,390,0,0.00,0,0.00,0,0,False,
UNH,2025-01-07,406,390,0,0.00,0,0.00,0,0,False,
UNH,2025-01-08,398,390,2,0.51,0,0.00,0,0,False,
UNH,2025-01-10,456,390,0,0.00,0,0.00,0,0,False,
UNH,2025-01-13,460,390,0,0.00,0,0.00,0,0,False,
UNH,2025-01-14,403,390,0,0.00,0,0.00,0,0,False,
UNH,2025-01-15,434,390,1,0.26,0,0.00,0,0,False,
UNH,2025-01-16,565,390,0,0.00,0,0.00,0,0,False,
UNH,2025-01-17,446,390,0,0.00,0,0.00,0,0,False,
UNH,2025-01-21,412,390,0,0.00,0,0.00,0,0,False,
UNH,2025-01-22,402,390,0,0.00,0,0.00,0,0,False,
UNH,2025-01-23,438,390,0,0.00,0,0.00,0,0,False,
UNH,2025-01-24,399,390,0,0.00,0,0.00,0,0,False,
UNH,2025-01-27,425,390,0,0.00,0,0.00,0,0,False,
UNH,2025-01-28,404,390,0,0.00,0,0.00,0,0,False,
UNH,2025-01-29,394,390,3,0.77,0,0.00,0,0,False,
UNH,2025-01-30,410,390,0,0.00,0,0.00,0,0,False,
UNH,2025-01-31,402,390,0,0.00,0,0.00,0,0,False,
UNH,2025-02-03,411,390,0,0.00,0,0.00,0,0,False,
UNH,2025-02-04,404,390,1,0.26,0,0.00,0,0,False,
UNH,2025-02-05,477,390,0,0.00,0,0.00,0,0,False,
UNH,2025-02-06,410,390,0,0.00,0,0.00,0,0,False,
UNH,2025-02-07,413,390,0,0.00,0,0.00,0,0,False,
UNH,2025-02-10,405,390,0,0.00,0,0.00,0,0,False,
UNH,2025-02-11,402,390,3,0.77,0,0.00,0,0,False,
UNH,2025-02-12,407,390,1,0.26,0,0.00,0,0,False,
UNH,2025-02-13,407,390,0,0.00,0,0.00,0,0,False,
UNH,2025-02-14,404,390,2,0.51,0,0.00,0,0,False,
UNH,2025-02-18,432,390,0,0.00,0,0.00,0,0,False,
UNH,2025-02-19,420,390,0,0.00,0,0.00,0,0,False,
UNH,2025-02-20,400,390,0,0.00,0,0.00,0,0,False,
UNH,2025-02-21,603,390,0,0.00,0,0.00,0,0,False,
UNH,2025-02-24,461,390,0,0.00,0,0.00,0,0,False,
UNH,2025-02-25,420,390,0,0.00,0,0.00,0,0,False,
UNH,2025-02-26,427,390,0,0.00,0,0.00,0,0,False,
UNH,2025-02-27,419,390,0,0.00,0,0.00,0,0,False,
UNH,2025-02-28,421,390,0,0.00,0,0.00,0,0,False,
UNH,2025-03-03,414,390,0,0.00,0,0.00,0,0,False,
UNH,2025-03-04,410,390,0,0.00,0,0.00,0,0,False,
UNH,2025-03-05,405,390,1,0.26,0,0.00,0,0,False,
UNH,2025-03-06,408,390,0,0.00,0,0.00,0,0,False,
UNH,2025-03-07,408,390,0,0.00,0,0.00,0,0,False,
UNH,2025-03-10,426,390,0,0.00,0,0.00,0,0,False,
UNH,2025-03-11,400,390,0,0.00,0,0.00,0,0,False,
UNH,2025-03-12,395,390,0,0.00,0,0.00,0,0,False,
UNH,2025-03-13,396,390,1,0.26,0,0.00,0,0,False,
UNH,2025-03-14,398,390,0,0.00,0,0.00,0,0,False,
UNH,2025-03-17,396,390,0,0.00,0,0.00,0,0,False,
UNH,2025-03-18,400,390,4,1.03,0,0.00,0,0,False,
UNH,2025-03-19,399,390,2,0.51,0,0.00,0,0,False,
UNH,2025-03-20,398,390,1,0.26,0,0.00,0,0,False,
UNH,2025-03-21,415,390,1,0.26,0,0.00,0,0,False,
UNH,2025-03-24,408,390,0,0.00,0,0.00,0,0,False,
UNH,2025-03-25,392,390,1,0.26,0,0.00,0,0,False,
UNH,2025-03-26,399,390,2,0.51,0,0.00,0,0,False,
UNH,2025-03-27,392,390,5,1.28,0,0.00,0,0,False,
UNH,2025-03-28,393,390,7,1.79,0,0.00,0,0,False,
UNH,2025-03-31,408,390,0,0.00,0,0.00,0,0,False,
UNH,2025-04-01,402,390,0,0.00,0,0.00,0,0,False,
UNH,2025-04-02,425,390,1,0.26,0,0.00,0,0,False,
UNH,2025-04-03,419,390,0,0.00,0,0.00,0,0,False,
UNH,2025-04-04,448,390,0,0.00,0,0.00,0,0,False,
UNH,2025-04-07,507,390,0,0.00,0,0.00,0,0,False,
UNH,2025-04-08,492,390,0,0.00,0,0.00,0,0,False,
UNH,2025-04-09,416,390,0,0.00,0,0.00,0,0,False,
UNH,2025-04-10,416,390,0,0.00,0,0.00,0,0,False,
UNH,2025-04-11,406,390,0,0.00,0,0.00,0,0,False,
UNH,2025-04-14,415,390,0,0.00,0,0.00,0,0,False,
UNH,2025-04-15,416,390,0,0.00,0,0.00,0,0,False,
UNH,2025-04-16,407,390,0,0.00,0,0.00,0,0,False,
UNH,2025-04-17,727,390,0,0.00,0,0.00,0,0,False,
UNH,2025-04-21,531,390,0,0.00,0,0.00,0,0,False,
UNH,2025-04-22,550,390,0,0.00,0,0.00,0,0,False,
UNH,2025-04-23,504,390,0,0.00,0,0.00,0,0,False,
UNH,2025-04-24,492,390,0,0.00,0,0.00,0,0,False,
UNH,2025-04-25,473,390,0,0.00,0,0.00,0,0,False,
UNH,2025-04-28,444,390,0,0.00,0,0.00,0,0,False,
UNH,2025-04-29,507,390,0,0.00,0,0.00,0,0,False,
UNH,2025-04-30,518,390,0,0.00,0,0.00,0,0,False,
UNH,2025-05-01,543,390,0,0.00,0,0.00,0,0,False,
UNH,2025-05-02,515,390,0,0.00,0,0.00,0,0,False,
UNH,2025-05-05,459,390,0,0.00,0,0.00,0,0,False,
UNH,2025-05-06,492,390,0,0.00,0,0.00,0,0,False,
UNH,2025-05-07,471,390,0,0.00,0,0.00,0,0,False,
UNH,2025-05-08,519,390,0,0.00,0,0.00,0,0,False,
UNH,2025-05-09,485,390,0,0.00,0,0.00,0,0,False,
UNH,2025-05-12,599,390,0,0.00,0,0.00,0,0,False,
UNH,2025-05-13,818,390,0,0.00,0,0.00,0,0,False,
UNH,2025-05-14,871,390,0,0.00,0,0.00,0,0,False,
UNH,2025-05-15,927,390,0,0.00,0,0.00,0,0,False,
UNH,2025-05-16,940,390,0,0.00,0,0.00,0,0,False,
UNH,2025-05-19,941,390,0,0.00,0,0.00,0,0,False,
UNH,2025-05-20,929,390,0,0.00,0,0.00,0,0,False,
UNH,2025-05-21,919,390,0,0.00,0,0.00,0,0,False,
UNH,2025-05-22,878,390,0,0.00,0,0.00,0,0,False,
UNH,2025-05-23,793,390,0,0.00,0,0.00,0,0,False,
UNH,2025-05-27,792,390,0,0.00,0,0.00,0,0,False,
UNH,2025-05-28,759,390,0,0.00,0,0.00,0,0,False,
UNH,2025-05-29,661,390,0,0.00,0,0.00,0,0,False,
UNH,2025-05-30,638,390,0,0.00,0,0.00,0,0,False,
UNH,2025-06-02,691,390,0,0.00,0,0.00,0,0,False,
UNH,2025-06-03,666,390,0,0.00,0,0.00,0,0,False,
UNH,2025-06-04,661,390,0,0.00,0,0.00,0,0,False,
UNH,2025-06-05,717,390,0,0.00,0,0.00,0,0,False,
UNH,2025-06-06,629,390,0,0.00,0,0.00,0,0,False,
UNH,2025-06-09,650,390,0,0.00,0,0.00,0,0,False,
UNH,2025-06-10,591,390,0,0.00,0,0.00,0,0,False,
UNH,2025-06-11,660,390,0,0.00,0,0.00,0,0,False,
UNH,2025-06-12,629,390,0,0.00,0,0.00,0,0,False,
UNH,2025-06-13,655,390,0,0.00,0,0.00,0,0,False,
UNH,2025-06-16,645,390,0,0.00,0,0.00,0,0,False,
UNH,2025-06-17,577,390,0,0.00,0,0.00,0,0,False,
UNH,2025-06-18,602,390,0,0.00,0,0.00,0,0,False,
UNH,2025-06-20,628,390,0,0.00,0,0.00,0,0,False,
UNH,2025-06-23,632,390,0,0.00,0,0.00,0,0,False,
UNH,2025-06-24,593,390,0,0.00,0,0.00,0,0,False,
UNH,2025-06-25,527,390,0,0.00,0,0.00,0,0,False,
UNH,2025-06-26,585,390,0,0.00,0,0.00,0,0,False,
UNH,2025-06-27,562,390,0,0.00,0,0.00,0,0,False,
UNH,2025-06-30,570,390,0,0.00,0,0.00,0,0,False,
VZ,2025-01-02,516,390,0,0.00,0,0.00,0,0,False,
VZ,2025-01-03,483,390,0,0.00,0,0.00,0,0,False,
VZ,2025-01-06,563,390,0,0.00,0,0.00,0,0,False,
VZ,2025-01-07,575,390,0,0.00,0,0.00,0,0,False,
VZ,2025-01-08,564,390,0,0.00,0,0.00,0,0,False,
VZ,2025-01-10,603,390,0,0.00,0,0.00,0,0,False,
VZ,2025-01-13,508,390,0,0.00,0,0.00,0,0,False,
VZ,2025-01-14,505,390,0,0.00,0,0.00,0,0,False,
VZ,2025-01-15,509,390,0,0.00,0,0.00,0,0,False,
VZ,2025-01-16,482,390,0,0.00,0,0.00,0,0,False,
VZ,2025-01-17,481,390,0,0.00,0,0.00,0,0,False,
VZ,2025-01-21,517,390,0,0.00,0,0.00,0,0,False,
VZ,2025-01-22,502,390,0,0.00,0,0.00,0,0,False,
VZ,2025-01-23,557,390,0,0.00,0,0.00,0,0,False,
VZ,2025-01-24,657,390,0,0.00,0,0.00,0,0,False,
VZ,2025-01-27,636,390,0,0.00,0,0.00,0,0,False,
VZ,2025-01-28,502,390,0,0.00,0,0.00,0,0,False,
VZ,2025-01-29,508,390,0,0.00,0,0.00,0,0,False,
VZ,2025-01-30,498,390,0,0.00,0,0.00,0,0,False,
VZ,2025-01-31,512,390,0,0.00,0,0.00,0,0,False,
VZ,2025-02-03,545,390,0,0.00,0,0.00,0,0,False,
VZ,2025-02-04,492,390,0,0.00,0,0.00,0,0,False,
VZ,2025-02-05,468,390,0,0.00,0,0.00,0,0,False,
VZ,2025-02-06,480,390,0,0.00,0,0.00,0,0,False,
VZ,2025-02-07,473,390,0,0.00,0,0.00,0,0,False,
VZ,2025-02-10,502,390,0,0.00,0,0.00,0,0,False,
VZ,2025-02-11,470,390,0,0.00,0,0.00,0,0,False,
VZ,2025-02-12,480,390,0,0.00,0,0.00,0,0,False,
VZ,2025-02-13,460,390,0,0.00,0,0.00,0,0,False,
VZ,2025-02-14,460,390,0,0.00,0,0.00,0,0,False,
VZ,2025-02-18,504,390,0,0.00,0,0.00,0,0,False,
VZ,2025-02-19,462,390,0,0.00,0,0.00,0,0,False,
VZ,2025-02-20,454,390,0,0.00,0,0.00,0,0,False,
VZ,2025-02-21,499,390,0,0.00,0,0.00,0,0,False,
VZ,2025-02-24,486,390,0,0.00,0,0.00,0,0,False,
VZ,2025-02-25,494,390,0,0.00,0,0.00,0,0,False,
VZ,2025-02-26,511,390,0,0.00,0,0.00,0,0,False,
VZ,2025-02-27,552,390,0,0.00,0,0.00,0,0,False,
VZ,2025-02-28,505,390,0,0.00,0,0.00,0,0,False,
VZ,2025-03-03,514,390,0,0.00,0,0.00,0,0,False,
VZ,2025-03-04,550,390,0,0.00,0,0.00,0,0,False,
VZ,2025-03-05,487,390,0,0.00,0,0.00,0,0,False,
VZ,2025-03-06,520,390,0,0.00,0,0.00,0,0,False,
VZ,2025-03-07,522,390,0,0.00,0,0.00,0,0,False,
VZ,2025-03-10,580,390,0,0.00,0,0.00,0,0,False,
VZ,2025-03-11,588,390,0,0.00,0,0.00,0,0,False,
VZ,2025-03-12,553,390,0,0.00,0,0.00,0,0,False,
VZ,2025-03-13,488,390,0,0.00,0,0.00,0,0,False,
VZ,2025-03-14,481,390,0,0.00,0,0.00,0,0,False,
VZ,2025-03-17,457,390,0,0.00,0,0.00,0,0,False,
VZ,2025-03-18,475,390,0,0.00,0,0.00,0,0,False,
VZ,2025-03-19,457,390,0,0.00,0,0.00,0,0,False,
VZ,2025-03-20,456,390,0,0.00,0,0.00,0,0,False,
VZ,2025-03-21,489,390,0,0.00,0,0.00,0,0,False,
VZ,2025-03-24,518,390,0,0.00,0,0.00,0,0,False,
VZ,2025-03-25,440,390,0,0.00,0,0.00,0,0,False,
VZ,2025-03-26,468,390,0,0.00,0,0.00,0,0,False,
VZ,2025-03-27,442,390,0,0.00,0,0.00,0,0,False,
VZ,2025-03-28,456,390,0,0.00,0,0.00,0,0,False,
VZ,2025-03-31,514,390,0,0.00,0,0.00,0,0,False,
VZ,2025-04-01,469,390,0,0.00,0,0.00,0,0,False,
VZ,2025-04-02,528,390,0,0.00,0,0.00,0,0,False,
VZ,2025-04-03,561,390,0,0.00,0,0.00,0,0,False,
VZ,2025-04-04,633,390,0,0.00,0,0.00,0,0,False,
VZ,2025-04-07,622,390,0,0.00,0,0.00,0,0,False,
VZ,2025-04-08,565,390,0,0.00,0,0.00,0,0,False,
VZ,2025-04-09,616,390,0,0.00,0,0.00,0,0,False,
VZ,2025-04-10,542,390,0,0.00,0,0.00,0,0,False,
VZ,2025-04-11,517,390,0,0.00,0,0.00,0,0,False,
VZ,2025-04-14,487,390,0,0.00,0,0.00,0,0,False,
VZ,2025-04-15,462,390,0,0.00,0,0.00,0,0,False,
VZ,2025-04-16,458,390,0,0.00,0,0.00,0,0,False,
VZ,2025-04-17,455,390,0,0.00,0,0.00,0,0,False,
VZ,2025-04-21,504,390,0,0.00,0,0.00,0,0,False,
VZ,2025-04-22,610,390,0,0.00,0,0.00,0,0,False,
VZ,2025-04-23,546,390,0,0.00,0,0.00,0,0,False,
VZ,2025-04-24,478,390,0,0.00,0,0.00,0,0,False,
VZ,2025-04-25,490,390,0,0.00,0,0.00,0,0,False,
VZ,2025-04-28,466,390,0,0.00,0,0.00,0,0,False,
VZ,2025-04-29,453,390,0,0.00,0,0.00,0,0,False,
VZ,2025-04-30,509,390,0,0.00,0,0.00,0,0,False,
VZ,2025-05-01,492,390,0,0.00,0,0.00,0,0,False,
VZ,2025-05-02,464,390,0,0.00,0,0.00,0,0,False,
VZ,2025-05-05,448,390,0,0.00,0,0.00,0,0,False,
VZ,2025-05-06,439,390,0,0.00,0,0.00,0,0,False,
VZ,2025-05-07,434,390,0,0.00,0,0.00,0,0,False,
VZ,2025-05-08,464,390,0,0.00,0,0.00,0,0,False,
VZ,2025-05-09,434,390,0,0.00,0,0.00,0,0,False,
VZ,2025-05-12,546,390,0,0.00,0,0.00,0,0,False,
VZ,2025-05-13,478,390,0,0.00,0,0.00,0,0,False,
VZ,2025-05-14,499,390,0,0.00,0,0.00,0,0,False,
VZ,2025-05-15,479,390,0,0.00,0,0.00,0,0,False,
VZ,2025-05-16,481,390,0,0.00,0,0.00,0,0,False,
VZ,2025-05-19,511,390,0,0.00,0,0.00,0,0,False,
VZ,2025-05-20,440,390,0,0.00,0,0.00,0,0,False,
VZ,2025-05-21,436,390,0,0.00,0,0.00,0,0,False,
VZ,2025-05-22,456,390,0,0.00,0,0.00,0,0,False,
VZ,2025-05-23,483,390,0,0.00,0,0.00,0,0,False,
VZ,2025-05-27,465,390,0,0.00,0,0.00,0,0,False,
VZ,2025-05-28,464,390,0,0.00,0,0.00,0,0,False,
VZ,2025-05-29,478,390,0,0.00,0,0.00,0,0,False,
VZ,2025-05-30,449,390,0,0.00,0,0.00,0,0,False,
VZ,2025-06-02,453,390,0,0.00,0,0.00,0,0,False,
VZ,2025-06-03,448,390,0,0.00,0,0.00,0,0,False,
VZ,2025-06-04,473,390,0,0.00,0,0.00,0,0,False,
VZ,2025-06-05,464,390,0,0.00,0,0.00,0,0,False,
VZ,2025-06-06,470,390,0,0.00,0,0.00,0,0,False,
VZ,2025-06-09,446,390,0,0.00,0,0.00,0,0,False,
VZ,2025-06-10,441,390,0,0.00,0,0.00,0,0,False,
VZ,2025-06-11,454,390,0,0.00,0,0.00,0,0,False,
VZ,2025-06-12,500,390,0,0.00,0,0.00,0,0,False,
VZ,2025-06-13,484,390,0,0.00,0,0.00,0,0,False,
VZ,2025-06-16,528,390,0,0.00,0,0.00,0,0,False,
VZ,2025-06-17,519,390,0,0.00,0,0.00,0,0,False,
VZ,2025-06-18,469,390,0,0.00,0,0.00,0,0,False,
VZ,2025-06-20,477,390,0,0.00,0,0.00,0,0,False,
VZ,2025-06-23,485,390,0,0.00,0,0.00,0,0,False,
VZ,2025-06-24,473,390,0,0.00,0,0.00,0,0,False,
VZ,2025-06-25,487,390,0,0.00,0,0.00,0,0,False,
VZ,2025-06-26,462,390,0,0.00,0,0.00,0,0,False,
VZ,2025-06-27,469,390,0,0.00,0,0.00,0,0,False,
VZ,2025-06-30,510,390,0,0.00,0,0.00,0,0,False,
V,2025-01-02,403,390,0,0.00,0,0.00,0,0,False,
V,2025-01-03,401,390,0,0.00,0,0.00,0,0,False,
V,2025-01-06,406,390,0,0.00,0,0.00,0,0,False,
V,2025-01-07,400,390,0,0.00,0,0.00,0,0,False,
V,2025-01-08,402,390,0,0.00,0,0.00,0,0,False,
V,2025-01-10,399,390,0,0.00,0,0.00,0,0,False,
V,2025-01-13,405,390,0,0.00,0,0.00,0,0,False,
V,2025-01-14,411,390,0,0.00,0,0.00,0,0,False,
V,2025-01-15,425,390,0,0.00,0,0.00,0,0,False,
V,2025-01-16,399,390,0,0.00,0,0.00,0,0,False,
V,2025-01-17,413,390,1,0.26,0,0.00,0,0,False,
V,2025-01-21,405,390,0,0.00,0,0.00,0,0,False,
V,2025-01-22,401,390,0,0.00,0,0.00,0,0,False,
V,2025-01-23,402,390,0,0.00,0,0.00,0,0,False,
V,2025-01-24,404,390,0,0.00,0,0.00,0,0,False,
V,2025-01-27,434,390,0,0.00,0,0.00,0,0,False,
V,2025-01-28,413,390,0,0.00,0,0.00,0,0,False,
V,2025-01-29,412,390,1,0.26,0,0.00,0,0,False,
V,2025-01-30,540,390,0,0.00,0,0.00,0,0,False,
V,2025-01-31,464,390,0,0.00,0,0.00,0,0,False,
V,2025-02-03,445,390,0,0.00,0,0.00,0,0,False,
V,2025-02-04,406,390,0,0.00,0,0.00,0,0,False,
V,2025-02-05,409,390,0,0.00,0,0.00,0,0,False,
V,2025-02-06,407,390,0,0.00,0,0.00,0,0,False,
V,2025-02-07,414,390,0,0.00,0,0.00,0,0,False,
V,2025-02-10,409,390,0,0.00,0,0.00,0,0,False,
V,2025-02-11,410,390,0,0.00,0,0.00,0,0,False,
V,2025-02-12,412,390,0,0.00,0,0.00,0,0,False,
V,2025-02-13,408,390,0,0.00,0,0.00,0,0,False,
V,2025-02-14,397,390,1,0.26,0,0.00,0,0,False,
V,2025-02-18,415,390,0,0.00,0,0.00,0,0,False,
V,2025-02-19,406,390,0,0.00,0,0.00,0,0,False,
V,2025-02-20,403,390,0,0.00,0,0.00,0,0,False,
V,2025-02-21,404,390,0,0.00,0,0.00,0,0,False,
V,2025-02-24,415,390,0,0.00,0,0.00,0,0,False,
V,2025-02-25,406,390,0,0.00,0,0.00,0,0,False,
V,2025-02-26,411,390,0,0.00,0,0.00,0,0,False,
V,2025-02-27,404,390,0,0.00,0,0.00,0,0,False,
V,2025-02-28,444,390,0,0.00,0,0.00,0,0,False,
V,2025-03-03,423,390,0,0.00,0,0.00,0,0,False,
V,2025-03-04,427,390,0,0.00,0,0.00,0,0,False,
V,2025-03-05,418,390,0,0.00,0,0.00,0,0,False,
V,2025-03-06,418,390,0,0.00,0,0.00,0,0,False,
V,2025-03-07,422,390,0,0.00,0,0.00,0,0,False,
V,2025-03-10,428,390,0,0.00,0,0.00,0,0,False,
V,2025-03-11,417,390,0,0.00,0,0.00,0,0,False,
V,2025-03-12,406,390,0,0.00,0,0.00,0,0,False,
V,2025-03-13,408,390,0,0.00,0,0.00,0,0,False,
V,2025-03-14,414,390,0,0.00,0,0.00,0,0,False,
V,2025-03-17,404,390,0,0.00,0,0.00,0,0,False,
V,2025-03-18,406,390,0,0.00,0,0.00,0,0,False,
V,2025-03-19,402,390,0,0.00,0,0.00,0,0,False,
V,2025-03-20,396,390,0,0.00,0,0.00,0,0,False,
V,2025-03-21,416,390,0,0.00,0,0.00,0,0,False,
V,2025-03-24,409,390,0,0.00,0,0.00,0,0,False,
V,2025-03-25,402,390,1,0.26,0,0.00,0,0,False,
V,2025-03-26,398,390,0,0.00,0,0.00,0,0,False,
V,2025-03-27,401,390,0,0.00,0,0.00,0,0,False,
V,2025-03-28,403,390,0,0.00,0,0.00,0,0,False,
V,2025-03-31,413,390,0,0.00,0,0.00,0,0,False,
V,2025-04-01,415,390,0,0.00,0,0.00,0,0,False,
V,2025-04-02,447,390,0,0.00,0,0.00,0,0,False,
V,2025-04-03,441,390,0,0.00,0,0.00,0,0,False,
V,2025-04-04,501,390,0,0.00,0,0.00,0,0,False,
V,2025-04-07,494,390,0,0.00,0,0.00,0,0,False,
V,2025-04-08,434,390,0,0.00,0,0.00,0,0,False,
V,2025-04-09,439,390,0,0.00,0,0.00,0,0,False,
V,2025-04-10,433,390,0,0.00,0,0.00,0,0,False,
V,2025-04-11,403,390,0,0.00,0,0.00,0,0,False,
V,2025-04-14,414,390,0,0.00,0,0.00,0,0,False,
V,2025-04-15,409,390,0,0.00,0,0.00,0,0,False,
V,2025-04-16,414,390,0,0.00,0,0.00,0,0,False,
V,2025-04-17,421,390,0,0.00,0,0.00,0,0,False,
V,2025-04-21,403,390,0,0.00,0,0.00,0,0,False,
V,2025-04-22,417,390,1,0.26,0,0.00,0,0,False,
V,2025-04-23,411,390,0,0.00,0,0.00,0,0,False,
V,2025-04-24,405,390,0,0.00,0,0.00,0,0,False,
V,2025-04-25,409,390,0,0.00,0,0.00,0,0,False,
V,2025-04-28,414,390,0,0.00,0,0.00,0,0,False,
V,2025-04-29,519,390,0,0.00,0,0.00,0,0,False,
V,2025-04-30,476,390,0,0.00,0,0.00,0,0,False,
V,2025-05-01,414,390,0,0.00,0,0.00,0,0,False,
V,2025-05-02,416,390,0,0.00,0,0.00,0,0,False,
V,2025-05-05,406,390,0,0.00,0,0.00,0,0,False,
V,2025-05-06,407,390,1,0.26,0,0.00,0,0,False,
V,2025-05-07,407,390,0,0.00,0,0.00,0,0,False,
V,2025-05-08,409,390,0,0.00,0,0.00,0,0,False,
V,2025-05-09,402,390,1,0.26,0,0.00,0,0,False,
V,2025-05-12,440,390,0,0.00,0,0.00,0,0,False,
V,2025-05-13,411,390,0,0.00,0,0.00,0,0,False,
V,2025-05-14,401,390,0,0.00,0,0.00,0,0,False,
V,2025-05-15,406,390,0,0.00,0,0.00,0,0,False,
V,2025-05-16,426,390,0,0.00,0,0.00,0,0,False,
V,2025-05-19,405,390,1,0.26,0,0.00,0,0,False,
V,2025-05-20,401,390,0,0.00,0,0.00,0,0,False,
V,2025-05-21,406,390,0,0.00,0,0.00,0,0,False,
V,2025-05-22,401,390,0,0.00,0,0.00,0,0,False,
V,2025-05-23,415,390,0,0.00,0,0.00,0,0,False,
V,2025-05-27,401,390,0,0.00,0,0.00,0,0,False,
V,2025-05-28,404,390,1,0.26,0,0.00,0,0,False,
V,2025-05-29,409,390,0,0.00,0,0.00,0,0,False,
V,2025-05-30,407,390,0,0.00,0,0.00,0,0,False,
V,2025-06-02,405,390,2,0.51,0,0.00,0,0,False,
V,2025-06-03,398,390,0,0.00,0,0.00,0,0,False,
V,2025-06-04,403,390,1,0.26,0,0.00,0,0,False,
V,2025-06-05,437,390,0,0.00,0,0.00,0,0,False,
V,2025-06-06,399,390,1,0.26,0,0.00,0,0,False,
V,2025-06-09,406,390,0,0.00,0,0.00,0,0,False,
V,2025-06-10,404,390,0,0.00,0,0.00,0,0,False,
V,2025-06-11,407,390,0,0.00,0,0.00,0,0,False,
V,2025-06-12,401,390,1,0.26,0,0.00,0,0,False,
V,2025-06-13,490,390,0,0.00,0,0.00,0,0,False,
V,2025-06-16,443,390,0,0.00,0,0.00,0,0,False,
V,2025-06-17,414,390,0,0.00,0,0.00,0,0,False,
V,2025-06-18,463,390,0,0.00,0,0.00,0,0,False,
V,2025-06-20,469,390,0,0.00,0,0.00,0,0,False,
V,2025-06-23,453,390,0,0.00,0,0.00,0,0,False,
V,2025-06-24,472,390,0,0.00,0,0.00,0,0,False,
V,2025-06-25,452,390,0,0.00,0,0.00,0,0,False,
V,2025-06-26,433,390,0,0.00,0,0.00,0,0,False,
V,2025-06-27,421,390,0,0.00,0,0.00,0,0,False,
V,2025-06-30,431,390,0,0.00,0,0.00,0,0,False,
WMT,2025-01-02,494,390,0,0.00,0,0.00,0,0,False,
WMT,2025-01-03,465,390,0,0.00,0,0.00,0,0,False,
WMT,2025-01-06,525,390,0,0.00,0,0.00,0,0,False,
WMT,2025-01-07,471,390,0,0.00,0,0.00,0,0,False,
WMT,2025-01-08,485,390,0,0.00,0,0.00,0,0,False,
WMT,2025-01-10,518,390,0,0.00,0,0.00,0,0,False,
WMT,2025-01-13,497,390,0,0.00,0,0.00,0,0,False,
WMT,2025-01-14,480,390,0,0.00,0,0.00,0,0,False,
WMT,2025-01-15,490,390,0,0.00,0,0.00,0,0,False,
WMT,2025-01-16,483,390,0,0.00,0,0.00,0,0,False,
WMT,2025-01-17,491,390,0,0.00,0,0.00,0,0,False,
WMT,2025-01-21,485,390,0,0.00,0,0.00,0,0,False,
WMT,2025-01-22,498,390,0,0.00,0,0.00,0,0,False,
WMT,2025-01-23,476,390,0,0.00,0,0.00,0,0,False,
WMT,2025-01-24,473,390,0,0.00,0,0.00,0,0,False,
WMT,2025-01-27,607,390,0,0.00,0,0.00,0,0,False,
WMT,2025-01-28,531,390,0,0.00,0,0.00,0,0,False,
WMT,2025-01-29,485,390,0,0.00,0,0.00,0,0,False,
WMT,2025-01-30,502,390,0,0.00,0,0.00,0,0,False,
WMT,2025-01-31,530,390,0,0.00,0,0.00,0,0,False,
WMT,2025-02-03,614,390,0,0.00,0,0.00,0,0,False,
WMT,2025-02-04,517,390,0,0.00,0,0.00,0,0,False,
WMT,2025-02-05,512,390,0,0.00,0,0.00,0,0,False,
WMT,2025-02-06,571,390,0,0.00,0,0.00,0,0,False,
WMT,2025-02-07,521,390,0,0.00,0,0.00,0,0,False,
WMT,2025-02-10,539,390,0,0.00,0,0.00,0,0,False,
WMT,2025-02-11,497,390,0,0.00,0,0.00,0,0,False,
WMT,2025-02-12,511,390,0,0.00,0,0.00,0,0,False,
WMT,2025-02-13,534,390,0,0.00,0,0.00,0,0,False,
WMT,2025-02-14,548,390,0,0.00,0,0.00,0,0,False,
WMT,2025-02-18,602,390,0,0.00,0,0.00,0,0,False,
WMT,2025-02-19,710,390,0,0.00,0,0.00,0,0,False,
WMT,2025-02-20,838,390,0,0.00,0,0.00,0,0,False,
WMT,2025-02-21,712,390,0,0.00,0,0.00,0,0,False,
WMT,2025-02-24,613,390,0,0.00,0,0.00,0,0,False,
WMT,2025-02-25,627,390,0,0.00,0,0.00,0,0,False,
WMT,2025-02-26,633,390,0,0.00,0,0.00,0,0,False,
WMT,2025-02-27,582,390,0,0.00,0,0.00,0,0,False,
WMT,2025-02-28,552,390,0,0.00,0,0.00,0,0,False,
WMT,2025-03-03,533,390,0,0.00,0,0.00,0,0,False,
WMT,2025-03-04,665,390,0,0.00,0,0.00,0,0,False,
WMT,2025-03-05,545,390,0,0.00,0,0.00,0,0,False,
WMT,2025-03-06,572,390,0,0.00,0,0.00,0,0,False,
WMT,2025-03-07,558,390,0,0.00,0,0.00,0,0,False,
WMT,2025-03-10,659,390,0,0.00,0,0.00,0,0,False,
WMT,2025-03-11,555,390,0,0.00,0,0.00,0,0,False,
WMT,2025-03-12,621,390,0,0.00,0,0.00,0,0,False,
WMT,2025-03-13,565,390,0,0.00,0,0.00,0,0,False,
WMT,2025-03-14,561,390,0,0.00,0,0.00,0,0,False,
WMT,2025-03-17,548,390,0,0.00,0,0.00,0,0,False,
WMT,2025-03-18,498,390,0,0.00,0,0.00,0,0,False,
WMT,2025-03-19,508,390,0,0.00,0,0.00,0,0,False,
WMT,2025-03-20,482,390,0,0.00,0,0.00,0,0,False,
WMT,2025-03-21,495,390,0,0.00,0,0.00,0,0,False,
WMT,2025-03-24,541,390,0,0.00,0,0.00,0,0,False,
WMT,2025-03-25,646,390,0,0.00,0,0.00,0,0,False,
WMT,2025-03-26,555,390,0,0.00,0,0.00,0,0,False,
WMT,2025-03-27,489,390,0,0.00,0,0.00,0,0,False,
WMT,2025-03-28,493,390,0,0.00,0,0.00,0,0,False,
WMT,2025-03-31,558,390,0,0.00,0,0.00,0,0,False,
WMT,2025-04-01,498,390,0,0.00,0,0.00,0,0,False,
WMT,2025-04-02,685,390,0,0.00,0,0.00,0,0,False,
WMT,2025-04-03,701,390,0,0.00,0,0.00,0,0,False,
WMT,2025-04-04,659,390,0,0.00,0,0.00,0,0,False,
WMT,2025-04-07,690,390,0,0.00,0,0.00,0,0,False,
WMT,2025-04-08,638,390,0,0.00,0,0.00,0,0,False,
WMT,2025-04-09,657,390,0,0.00,0,0.00,0,0,False,
WMT,2025-04-10,590,390,0,0.00,0,0.00,0,0,False,
WMT,2025-04-11,554,390,0,0.00,0,0.00,0,0,False,
WMT,2025-04-14,547,390,0,0.00,0,0.00,0,0,False,
WMT,2025-04-15,515,390,0,0.00,0,0.00,0,0,False,
WMT,2025-04-16,507,390,0,0.00,0,0.00,0,0,False,
WMT,2025-04-17,509,390,0,0.00,0,0.00,0,0,False,
WMT,2025-04-21,490,390,0,0.00,0,0.00,0,0,False,
WMT,2025-04-22,536,390,0,0.00,0,0.00,0,0,False,
WMT,2025-04-23,575,390,0,0.00,0,0.00,0,0,False,
WMT,2025-04-24,474,390,0,0.00,0,0.00,0,0,False,
WMT,2025-04-25,481,390,0,0.00,0,0.00,0,0,False,
WMT,2025-04-28,457,390,0,0.00,0,0.00,0,0,False,
WMT,2025-04-29,457,390,0,0.00,0,0.00,0,0,False,
WMT,2025-04-30,543,390,0,0.00,0,0.00,0,0,False,
WMT,2025-05-01,523,390,0,0.00,0,0.00,0,0,False,
WMT,2025-05-02,515,390,0,0.00,0,0.00,0,0,False,
WMT,2025-05-05,472,390,0,0.00,0,0.00,0,0,False,
WMT,2025-05-06,474,390,0,0.00,0,0.00,0,0,False,
WMT,2025-05-07,468,390,0,0.00,0,0.00,0,0,False,
WMT,2025-05-08,507,390,0,0.00,0,0.00,0,0,False,
WMT,2025-05-09,499,390,0,0.00,0,0.00,0,0,False,
WMT,2025-05-12,713,390,0,0.00,0,0.00,0,0,False,
WMT,2025-05-13,609,390,0,0.00,0,0.00,0,0,False,
WMT,2025-05-14,684,390,0,0.00,0,0.00,0,0,False,
WMT,2025-05-15,728,390,0,0.00,0,0.00,0,0,False,
WMT,2025-05-16,613,390,0,0.00,0,0.00,0,0,False,
WMT,2025-05-19,629,390,0,0.00,0,0.00,0,0,False,
WMT,2025-05-20,467,390,0,0.00,0,0.00,0,0,False,
WMT,2025-05-21,533,390,0,0.00,0,0.00,0,0,False,
WMT,2025-05-22,483,390,0,0.00,0,0.00,0,0,False,
WMT,2025-05-23,498,390,0,0.00,0,0.00,0,0,False,
WMT,2025-05-27,482,390,0,0.00,0,0.00,0,0,False,
WMT,2025-05-28,500,390,0,0.00,0,0.00,0,0,False,
WMT,2025-05-29,560,390,0,0.00,0,0.00,0,0,False,
WMT,2025-05-30,478,390,0,0.00,0,0.00,0,0,False,
WMT,2025-06-02,514,390,0,0.00,0,0.00,0,0,False,
WMT,2025-06-03,465,390,0,0.00,0,0.00,0,0,False,
WMT,2025-06-04,481,390,0,0.00,0,0.00,0,0,False,
WMT,2025-06-05,485,390,0,0.00,0,0.00,0,0,False,
WMT,2025-06-06,503,390,0,0.00,0,0.00,0,0,False,
WMT,2025-06-09,511,390,0,0.00,0,0.00,0,0,False,
WMT,2025-06-10,481,390,0,0.00,0,0.00,0,0,False,
WMT,2025-06-11,537,390,0,0.00,0,0.00,0,0,False,
WMT,2025-06-12,518,390,0,0.00,0,0.00,0,0,False,
WMT,2025-06-13,501,390,0,0.00,0,0.00,0,0,False,
WMT,2025-06-16,499,390,0,0.00,0,0.00,0,0,False,
WMT,2025-06-17,500,390,0,0.00,0,0.00,0,0,False,
WMT,2025-06-18,497,390,0,0.00,0,0.00,0,0,False,
WMT,2025-06-20,499,390,0,0.00,0,0.00,0,0,False,
WMT,2025-06-23,512,390,0,0.00,0,0.00,0,0,False,
WMT,2025-06-24,495,390,0,0.00,0,0.00,0,0,False,
WMT,2025-06-25,472,390,0,0.00,0,0.00,0,0,False,
WMT,2025-06-26,491,390,0,0.00,0,0.00,0,0,False,
WMT,2025-06-27,482,390,0,0.00,0,0.00,0,0,False,
WMT,2025-06-30,476,390,0,0.00,0,0.00,0,0,False,
